duplicate_group,sha256,size_bytes,file_count,paths
1,007db36a3788f750ce3871d65a87fb6ea7e1a2282702f60d55b4a0d5f5ea92d5,3244,4,cleanup_20260506_final_code_artifact_cleanup/prior_reviewer_artifact_snapshot/experiments/run_significance_tests.py;cleanup_20260506_final_code_artifact_cleanup/root_before_cleanup/experiments/run_significance_tests.py;cleanup_20260506_final_code_artifact_cleanup/root_before_cleanup/submission_package/neurips2026_reviewer_artifact_anonymous/experiments/run_significance_tests.py;rag-hallucination-detection_main/experiments/run_significance_tests.py
2,00ca62077ea6b8da21cca76516376252d54e4fa5d8ff4aa0e07f656886c78d09,23596,3,cleanup_20260506_final_code_artifact_cleanup/prior_reviewer_artifact_snapshot/results/multimodel/llama3_squad_chunk256_k5_strict.csv;cleanup_20260506_final_code_artifact_cleanup/root_before_cleanup/results/multimodel/llama3_squad_chunk256_k5_strict.csv;cleanup_20260506_final_code_artifact_cleanup/root_before_cleanup/submission_package/neurips2026_reviewer_artifact_anonymous/results/multimodel/llama3_squad_chunk256_k5_strict.csv
3,00fd0e5747f2139e4283ecbe47491acffa40d84df4fede13840e40364d26ac61,13034,2,moved_from_repo/release/context_coherence_bench_v1/adversarial/control.jsonl;moved_from_repo/release/context_coherence_bench_v2/adversarial/control.jsonl
4,014b0675672a3649f502c4784edbbdbd14dc8955ff3f8094952b221ac1015f7a,938,3,moved_from_repo/papers/paper_longform/figures/embedding_clusters.tex;moved_from_repo/papers/paper_neurips/figures/embedding_clusters.tex;moved_from_repo/papers/ragpaper/figures/embedding_clusters.tex
5,01ba4719c80b6fe911b091a7c05124b64eeece964e09c058ef8f9805daca546b,1,3,cleanup_20260506_final_code_artifact_cleanup/prior_reviewer_artifact_snapshot/results/human_disagreement_expansion/analysis_summary.csv;cleanup_20260506_final_code_artifact_cleanup/root_before_cleanup/results/human_disagreement_expansion/analysis_summary.csv;cleanup_20260506_final_code_artifact_cleanup/root_before_cleanup/submission_package/neurips2026_reviewer_artifact_anonymous/results/human_disagreement_expansion/analysis_summary.csv
6,0336e1ad206d4204d47782db0b7a4c74e6ca91c9e18c68e4e03d262020b7986d,4895,4,cleanup_20260506_final_code_artifact_cleanup/prior_reviewer_artifact_snapshot/src/groq_llm.py;cleanup_20260506_final_code_artifact_cleanup/root_before_cleanup/src/groq_llm.py;cleanup_20260506_final_code_artifact_cleanup/root_before_cleanup/submission_package/neurips2026_reviewer_artifact_anonymous/src/groq_llm.py;rag-hallucination-detection_main/src/groq_llm.py
7,044e084cb3f45632cab801ab157585b3b19dd6b89da5b8713bb0ad5ab1b4b135,485,3,cleanup_20260506_final_code_artifact_cleanup/prior_reviewer_artifact_snapshot/results/subchunk_sensitivity/paradox_by_sub.csv;cleanup_20260506_final_code_artifact_cleanup/root_before_cleanup/results/subchunk_sensitivity/paradox_by_sub.csv;cleanup_20260506_final_code_artifact_cleanup/root_before_cleanup/submission_package/neurips2026_reviewer_artifact_anonymous/results/subchunk_sensitivity/paradox_by_sub.csv
8,0482a8cbb119cae9d3ec21753987987da1d9d51f1533f73ba49f97175d153f13,103,3,cleanup_20260506_final_code_artifact_cleanup/prior_reviewer_artifact_snapshot/results/ablation_chunk256_k5_cot_scores.csv;cleanup_20260506_final_code_artifact_cleanup/root_before_cleanup/results/ablation_chunk256_k5_cot_scores.csv;cleanup_20260506_final_code_artifact_cleanup/root_before_cleanup/submission_package/neurips2026_reviewer_artifact_anonymous/results/ablation_chunk256_k5_cot_scores.csv
9,0505d39bd12f88fb0768d95519c839dec5a169a651c58700f637968c561f413d,81172,3,cleanup_20260506_final_code_artifact_cleanup/prior_reviewer_artifact_snapshot/results/hcpc_v2/logs/squad_hcpc_v2_logs.csv;cleanup_20260506_final_code_artifact_cleanup/root_before_cleanup/results/hcpc_v2/logs/squad_hcpc_v2_logs.csv;cleanup_20260506_final_code_artifact_cleanup/root_before_cleanup/submission_package/neurips2026_reviewer_artifact_anonymous/results/hcpc_v2/logs/squad_hcpc_v2_logs.csv
10,057d2b08ab697432e586409f798b10ac5375d2f5c6bbf15ba98ce8e4d6a1d4aa,664,4,cleanup_20260506_final_code_artifact_cleanup/prior_reviewer_artifact_snapshot/results/revision/fix_02/paired_contrasts_gpu1.csv;cleanup_20260506_final_code_artifact_cleanup/root_before_cleanup/results/revision/fix_02/paired_contrasts_gpu1.csv;cleanup_20260506_final_code_artifact_cleanup/root_before_cleanup/submission_package/neurips2026_reviewer_artifact_anonymous/results/revision/fix_02/paired_contrasts_gpu1.csv;rag-hallucination-detection_main/results/revision/fix_02/paired_contrasts_gpu1.csv
11,065cbd113f3f692afb2ca70d57dd10752f603cabe24a899e825aa63362d837db,14121,2,moved_from_repo/papers/paper_longform/figures/retrieval_comparison.pdf;moved_from_repo/papers/ragpaper/figures/retrieval_comparison.pdf
12,0665c29f40f5ebe0f942e21960dcacb3299f3cf6630882404abc136ae110b9ae,19228,3,moved_from_repo/papers/paper_longform/figures/headline_frontier.pdf;moved_from_repo/papers/paper_neurips/figures/headline_frontier.pdf;moved_from_repo/papers/ragpaper/figures/headline_frontier.pdf
13,06bf73c8b5ec9cf4850754c909969bd280ae024419ff44636a0b9942dfe6addd,5072,4,cleanup_20260506_final_code_artifact_cleanup/prior_reviewer_artifact_snapshot/experiments/run_latency_analysis.py;cleanup_20260506_final_code_artifact_cleanup/root_before_cleanup/experiments/run_latency_analysis.py;cleanup_20260506_final_code_artifact_cleanup/root_before_cleanup/submission_package/neurips2026_reviewer_artifact_anonymous/experiments/run_latency_analysis.py;rag-hallucination-detection_main/experiments/run_latency_analysis.py
14,072a2d5cae37b0c20e5766d7b8996b23c300665ddfe21b5891f4321e597eebe1,13325,4,cleanup_20260506_final_code_artifact_cleanup/prior_reviewer_artifact_snapshot/experiments/run_longform_eval.py;cleanup_20260506_final_code_artifact_cleanup/root_before_cleanup/experiments/run_longform_eval.py;cleanup_20260506_final_code_artifact_cleanup/root_before_cleanup/submission_package/neurips2026_reviewer_artifact_anonymous/experiments/run_longform_eval.py;rag-hallucination-detection_main/experiments/run_longform_eval.py
15,082a48e1a251d8553761eecd02f52e7a6d2ccbcc443fc6d2d2561b78e06d024b,10162,4,cleanup_20260506_final_code_artifact_cleanup/prior_reviewer_artifact_snapshot/scripts/select_human_disagreement_cases.py;cleanup_20260506_final_code_artifact_cleanup/root_before_cleanup/scripts/select_human_disagreement_cases.py;cleanup_20260506_final_code_artifact_cleanup/root_before_cleanup/submission_package/neurips2026_reviewer_artifact_anonymous/scripts/select_human_disagreement_cases.py;rag-hallucination-detection_main/scripts/select_human_disagreement_cases.py
16,08f8b5551a5beeba3d63a997d4a7ce24c12d5c53c5973d5ac423006d64c569a2,22728,3,cleanup_20260506_final_code_artifact_cleanup/prior_reviewer_artifact_snapshot/results/multimodel/llama3_squad_chunk1024_k5_cot.csv;cleanup_20260506_final_code_artifact_cleanup/root_before_cleanup/results/multimodel/llama3_squad_chunk1024_k5_cot.csv;cleanup_20260506_final_code_artifact_cleanup/root_before_cleanup/submission_package/neurips2026_reviewer_artifact_anonymous/results/multimodel/llama3_squad_chunk1024_k5_cot.csv
17,096325936cef5c015aac1717b4ac03528aed50c29d62f6a78c0e7a76e6d70e0e,24899,3,cleanup_20260506_final_code_artifact_cleanup/prior_reviewer_artifact_snapshot/results/reranker/mistral_squad_chunk256_baseline.csv;cleanup_20260506_final_code_artifact_cleanup/root_before_cleanup/results/reranker/mistral_squad_chunk256_baseline.csv;cleanup_20260506_final_code_artifact_cleanup/root_before_cleanup/submission_package/neurips2026_reviewer_artifact_anonymous/results/reranker/mistral_squad_chunk256_baseline.csv
18,09ae6f79a6d468f1b326ffb25b46e5f1077156fca3c1b85924e554aa6914bc42,1480,3,cleanup_20260506_final_code_artifact_cleanup/prior_reviewer_artifact_snapshot/results/crossencoder_sensitivity/summary.csv;cleanup_20260506_final_code_artifact_cleanup/root_before_cleanup/results/crossencoder_sensitivity/summary.csv;cleanup_20260506_final_code_artifact_cleanup/root_before_cleanup/submission_package/neurips2026_reviewer_artifact_anonymous/results/crossencoder_sensitivity/summary.csv
19,09c38b320c1a96b72e9486df71e75c7e654274dff0f01be483b06b6a73cb3d0f,6262,2,moved_from_repo/papers/paper_longform/sections/robustness.tex;moved_from_repo/papers/ragpaper/sections/robustness.tex
20,0b2fcced4f74323bca1049e6e5ea95f52ef9f881d8bafcdb319f51e91315610f,355,2,moved_from_repo/papers/paper_longform/figures/ccs_hallucination.tex;moved_from_repo/papers/ragpaper/figures/ccs_hallucination.tex
21,0b94bf3e06e882bf91cf3a200d8279b1eaf2b31ef32da71276b9f20fa1074c17,2053,2,moved_from_repo/papers/paper_longform/figures/overview.tex;moved_from_repo/papers/ragpaper/figures/overview.tex
22,0bf4332d967baae58fc804cdb14d23da0c518461f310fc3d9a6d40cce88c92fa,3738,4,cleanup_20260506_final_code_artifact_cleanup/prior_reviewer_artifact_snapshot/experiments/run_zeroshot_baseline.py;cleanup_20260506_final_code_artifact_cleanup/root_before_cleanup/experiments/run_zeroshot_baseline.py;cleanup_20260506_final_code_artifact_cleanup/root_before_cleanup/submission_package/neurips2026_reviewer_artifact_anonymous/experiments/run_zeroshot_baseline.py;rag-hallucination-detection_main/experiments/run_zeroshot_baseline.py
23,0e153d7c0f3f85f489fd07b89a9c5c1d56e874230913a925275be55f572a2900,11844,4,cleanup_20260506_final_code_artifact_cleanup/prior_reviewer_artifact_snapshot/experiments/fix_13_retriever_sanity.py;cleanup_20260506_final_code_artifact_cleanup/root_before_cleanup/experiments/fix_13_retriever_sanity.py;cleanup_20260506_final_code_artifact_cleanup/root_before_cleanup/submission_package/neurips2026_reviewer_artifact_anonymous/experiments/fix_13_retriever_sanity.py;rag-hallucination-detection_main/experiments/fix_13_retriever_sanity.py
24,0e5ace593444895e919677875ce455ddde5b58de49f0a1f75b0fc72af9b3b68a,21885,3,cleanup_20260506_final_code_artifact_cleanup/prior_reviewer_artifact_snapshot/results/multimodel/mistral_squad_chunk1024_k5_cot.csv;cleanup_20260506_final_code_artifact_cleanup/root_before_cleanup/results/multimodel/mistral_squad_chunk1024_k5_cot.csv;cleanup_20260506_final_code_artifact_cleanup/root_before_cleanup/submission_package/neurips2026_reviewer_artifact_anonymous/results/multimodel/mistral_squad_chunk1024_k5_cot.csv
25,0ede072fc91644194af32f209c504be1f019a7e0b96eeefd58dfc9cac03853cf,104646,4,cleanup_20260506_final_code_artifact_cleanup/prior_reviewer_artifact_snapshot/results/deployment_figure/latency_vs_faith.png;cleanup_20260506_final_code_artifact_cleanup/root_before_cleanup/results/deployment_figure/latency_vs_faith.png;cleanup_20260506_final_code_artifact_cleanup/root_before_cleanup/submission_package/neurips2026_reviewer_artifact_anonymous/results/deployment_figure/latency_vs_faith.png;moved_from_repo/artifacts/generated/space_deploy_snapshot/results/deployment_figure/latency_vs_faith.png
26,0ede46b5b56e71ad29912e0c5c04e86d8904e5aa6fda199c8ffb1053a37b2df0,6844,4,cleanup_20260506_final_code_artifact_cleanup/prior_reviewer_artifact_snapshot/results/multi_retriever/summary.md;cleanup_20260506_final_code_artifact_cleanup/root_before_cleanup/results/multi_retriever/summary.md;cleanup_20260506_final_code_artifact_cleanup/root_before_cleanup/submission_package/neurips2026_reviewer_artifact_anonymous/results/multi_retriever/summary.md;rag-hallucination-detection_main/results/multi_retriever/summary.md
27,0f00167b135d53f12790c2fd5b5e0c184cfb113d10df7f52fbd087d39c5a5d1a,2845,3,cleanup_20260506_final_code_artifact_cleanup/prior_reviewer_artifact_snapshot/results/noise_injection/summary.md;cleanup_20260506_final_code_artifact_cleanup/root_before_cleanup/results/noise_injection/summary.md;cleanup_20260506_final_code_artifact_cleanup/root_before_cleanup/submission_package/neurips2026_reviewer_artifact_anonymous/results/noise_injection/summary.md
28,0fb1b3ad01172ba53769241f589e86236cebd8a203dd3ce81aa40a11df519aef,545,4,cleanup_20260506_final_code_artifact_cleanup/prior_reviewer_artifact_snapshot/results/revision/fix_02/headline_table.csv;cleanup_20260506_final_code_artifact_cleanup/root_before_cleanup/results/revision/fix_02/headline_table.csv;cleanup_20260506_final_code_artifact_cleanup/root_before_cleanup/submission_package/neurips2026_reviewer_artifact_anonymous/results/revision/fix_02/headline_table.csv;rag-hallucination-detection_main/results/revision/fix_02/headline_table.csv
29,0fcbb9989e0eaecedf45f3bc4e034365543665751c7499cc5fc31facecd4ff11,77241,3,cleanup_20260506_final_code_artifact_cleanup/prior_reviewer_artifact_snapshot/results/hybrid/logs/squad_baseline_logs.json;cleanup_20260506_final_code_artifact_cleanup/root_before_cleanup/results/hybrid/logs/squad_baseline_logs.json;cleanup_20260506_final_code_artifact_cleanup/root_before_cleanup/submission_package/neurips2026_reviewer_artifact_anonymous/results/hybrid/logs/squad_baseline_logs.json
30,100bed354100214d1e81b73ae94131ca688127e9d8a386bb2ba5793170fdd8b6,3401,4,cleanup_20260506_final_code_artifact_cleanup/prior_reviewer_artifact_snapshot/experiments/fix_09_partial_correlations.py;cleanup_20260506_final_code_artifact_cleanup/root_before_cleanup/experiments/fix_09_partial_correlations.py;cleanup_20260506_final_code_artifact_cleanup/root_before_cleanup/submission_package/neurips2026_reviewer_artifact_anonymous/experiments/fix_09_partial_correlations.py;rag-hallucination-detection_main/experiments/fix_09_partial_correlations.py
31,100dbf531533d82d0faecc0a08edeb8e8399e62bcf4dabad1e15f0adc65b5984,741,4,cleanup_20260506_final_code_artifact_cleanup/prior_reviewer_artifact_snapshot/results/revision/fix_03/human_eval_verification.md;cleanup_20260506_final_code_artifact_cleanup/root_before_cleanup/results/revision/fix_03/human_eval_verification.md;cleanup_20260506_final_code_artifact_cleanup/root_before_cleanup/submission_package/neurips2026_reviewer_artifact_anonymous/results/revision/fix_03/human_eval_verification.md;rag-hallucination-detection_main/results/revision/fix_03/human_eval_verification.md
32,10a6dc8d069f7a52acbc867122f1bb8638f17a00b69b0b67dd91ff1891594a86,7284,3,cleanup_20260506_final_code_artifact_cleanup/prior_reviewer_artifact_snapshot/results/ablation_chunk256_k3_cot.csv;cleanup_20260506_final_code_artifact_cleanup/root_before_cleanup/results/ablation_chunk256_k3_cot.csv;cleanup_20260506_final_code_artifact_cleanup/root_before_cleanup/submission_package/neurips2026_reviewer_artifact_anonymous/results/ablation_chunk256_k3_cot.csv
33,116fe18940336be8e6e8493fff223e174b043d2aef9be8dfb8ba4cec7919f64b,13358,4,cleanup_20260506_final_code_artifact_cleanup/prior_reviewer_artifact_snapshot/src/mechanistic.py;cleanup_20260506_final_code_artifact_cleanup/root_before_cleanup/src/mechanistic.py;cleanup_20260506_final_code_artifact_cleanup/root_before_cleanup/submission_package/neurips2026_reviewer_artifact_anonymous/src/mechanistic.py;rag-hallucination-detection_main/src/mechanistic.py
34,11a693caaef0376720392657f3c1c2e160ddf865076ed74faf1444d389b01708,2433,2,moved_from_repo/release/context_coherence_bench_v1/leaderboard.yaml;moved_from_repo/release/context_coherence_bench_v2/leaderboard.yaml
35,11a882f95fe6565c8fbd53456737481d0a4a1c5a732e179bc7f36ffd907330ff,6372,2,moved_from_repo/papers/paper_longform/sections/mechanistic.tex;moved_from_repo/papers/ragpaper/sections/mechanistic.tex
36,125041484b3c1da5c59b36edcfc366626568ba4e9b4d18107ac0b87b595b8a4b,11108,2,moved_from_repo/artifacts/generated/space_deploy_snapshot/app.py;moved_from_repo/space/app.py
37,1250e432dfa9f5d980707463c6b591dce7761e24e90652c34c74e1f12ce24de8,2644,4,cleanup_20260506_final_code_artifact_cleanup/prior_reviewer_artifact_snapshot/results/revision/fix_02/summary_gpu1.md;cleanup_20260506_final_code_artifact_cleanup/root_before_cleanup/results/revision/fix_02/summary_gpu1.md;cleanup_20260506_final_code_artifact_cleanup/root_before_cleanup/submission_package/neurips2026_reviewer_artifact_anonymous/results/revision/fix_02/summary_gpu1.md;rag-hallucination-detection_main/results/revision/fix_02/summary_gpu1.md
38,12ddd7ceaf8ae5736757afaa062612b003465f21f53e59dd7b2a0998149bc054,5059,2,moved_from_repo/papers/paper_longform/sections/method.tex;moved_from_repo/papers/ragpaper/sections/method.tex
39,134b8ace5c32b8399fce32b7fd009e258938efb164141b6ea59eb7f8d1d825a3,12215,2,moved_from_repo/papers/paper_longform/figures/threshold_plateau.pdf;moved_from_repo/papers/ragpaper/figures/threshold_plateau.pdf
40,1380c8a522c79c5a805657d343f60366a21d21f8414ab72b782604d8d3f75af5,3314,3,cleanup_20260506_final_code_artifact_cleanup/prior_reviewer_artifact_snapshot/results/stats/significance_tests.json;cleanup_20260506_final_code_artifact_cleanup/root_before_cleanup/results/stats/significance_tests.json;cleanup_20260506_final_code_artifact_cleanup/root_before_cleanup/submission_package/neurips2026_reviewer_artifact_anonymous/results/stats/significance_tests.json
41,13a0259b2392131146e6b2da465b40374c36037312c62e1277a5eff1362809e4,7960,3,cleanup_20260506_final_code_artifact_cleanup/prior_reviewer_artifact_snapshot/results/all_results_summary.md;cleanup_20260506_final_code_artifact_cleanup/root_before_cleanup/results/all_results_summary.md;cleanup_20260506_final_code_artifact_cleanup/root_before_cleanup/submission_package/neurips2026_reviewer_artifact_anonymous/results/all_results_summary.md
42,141b74ce67a10b2390c4e82d383b7a2adec4120286583e346bebe8a79a217884,111702,2,moved_from_repo/Controlled_RAG___Saket/figures/teaser_effect_sizes.png;rag-hallucination-detection_main/Controlled_RAG___Saket/figures/teaser_effect_sizes.png
43,150bd33308436925280dd6c9d379ccc3b5fc4058b0ece8f009fbc1ae1882e74c,274150,3,cleanup_20260506_final_code_artifact_cleanup/prior_reviewer_artifact_snapshot/results/pubmedqa/ablation_chunk1024_k5_strict.csv;cleanup_20260506_final_code_artifact_cleanup/root_before_cleanup/results/pubmedqa/ablation_chunk1024_k5_strict.csv;cleanup_20260506_final_code_artifact_cleanup/root_before_cleanup/submission_package/neurips2026_reviewer_artifact_anonymous/results/pubmedqa/ablation_chunk1024_k5_strict.csv
44,1547da2da275bb680242f83764f414c63a5bb6767ad00e18ef1fb4f671a98503,106,3,cleanup_20260506_final_code_artifact_cleanup/prior_reviewer_artifact_snapshot/results/ablation_chunk256_k3_cot_scores.csv;cleanup_20260506_final_code_artifact_cleanup/root_before_cleanup/results/ablation_chunk256_k3_cot_scores.csv;cleanup_20260506_final_code_artifact_cleanup/root_before_cleanup/submission_package/neurips2026_reviewer_artifact_anonymous/results/ablation_chunk256_k3_cot_scores.csv
45,15ccdb24eaca661f28704cf360c27642e85989efc2d0f18efae12e2208b1543f,155,4,cleanup_20260506_final_code_artifact_cleanup/prior_reviewer_artifact_snapshot/results/revision/fix_11/raptor_indexing_costs.csv;cleanup_20260506_final_code_artifact_cleanup/root_before_cleanup/results/revision/fix_11/raptor_indexing_costs.csv;cleanup_20260506_final_code_artifact_cleanup/root_before_cleanup/submission_package/neurips2026_reviewer_artifact_anonymous/results/revision/fix_11/raptor_indexing_costs.csv;rag-hallucination-detection_main/results/revision/fix_11/raptor_indexing_costs.csv
46,164698db94fd59f0600e6ca99fb5476d7a47d59ff68152ca81fcd3e00e0e49ff,18541,2,moved_from_repo/papers/paper_longform/sections/appendix.tex;moved_from_repo/papers/ragpaper/sections/appendix.tex
47,16b4afbb4a71e88343e0a46444314ebbbf5a86ccb4fbbfb6626b763a9c79ae14,5170,3,cleanup_20260506_final_code_artifact_cleanup/prior_reviewer_artifact_snapshot/results/ablation_chunk512_k3_strict.csv;cleanup_20260506_final_code_artifact_cleanup/root_before_cleanup/results/ablation_chunk512_k3_strict.csv;cleanup_20260506_final_code_artifact_cleanup/root_before_cleanup/submission_package/neurips2026_reviewer_artifact_anonymous/results/ablation_chunk512_k3_strict.csv
48,1829afb91b29268fab6b36fca44e4526cbc7de9bae9efea2baacf24a8cfc9400,382,3,cleanup_20260506_final_code_artifact_cleanup/prior_reviewer_artifact_snapshot/results/coherence_heatmap/example_metadata.json;cleanup_20260506_final_code_artifact_cleanup/root_before_cleanup/results/coherence_heatmap/example_metadata.json;cleanup_20260506_final_code_artifact_cleanup/root_before_cleanup/submission_package/neurips2026_reviewer_artifact_anonymous/results/coherence_heatmap/example_metadata.json
49,186b7457f92aa9a58adbbaab84aa2967e2a33421f476651f8dd63006cf06d873,12792,4,cleanup_20260506_final_code_artifact_cleanup/prior_reviewer_artifact_snapshot/experiments/run_coherence_analysis.py;cleanup_20260506_final_code_artifact_cleanup/root_before_cleanup/experiments/run_coherence_analysis.py;cleanup_20260506_final_code_artifact_cleanup/root_before_cleanup/submission_package/neurips2026_reviewer_artifact_anonymous/experiments/run_coherence_analysis.py;rag-hallucination-detection_main/experiments/run_coherence_analysis.py
50,1903a05ac3d6673c3c6e09e7978f6ac70e8a894069c033c21ac17377250d1dbd,36951,3,cleanup_20260506_final_code_artifact_cleanup/prior_reviewer_artifact_snapshot/results/reranker/llama3_pubmedqa_chunk512_reranked.csv;cleanup_20260506_final_code_artifact_cleanup/root_before_cleanup/results/reranker/llama3_pubmedqa_chunk512_reranked.csv;cleanup_20260506_final_code_artifact_cleanup/root_before_cleanup/submission_package/neurips2026_reviewer_artifact_anonymous/results/reranker/llama3_pubmedqa_chunk512_reranked.csv
51,19340ca047f0fdd0ec9079a29df96242962c730131a1da50f94670d40b01cf1b,13220,4,cleanup_20260506_final_code_artifact_cleanup/prior_reviewer_artifact_snapshot/experiments/run_ccs_alternatives.py;cleanup_20260506_final_code_artifact_cleanup/root_before_cleanup/experiments/run_ccs_alternatives.py;cleanup_20260506_final_code_artifact_cleanup/root_before_cleanup/submission_package/neurips2026_reviewer_artifact_anonymous/experiments/run_ccs_alternatives.py;rag-hallucination-detection_main/experiments/run_ccs_alternatives.py
52,196695492b3eef49f9fe03d304f5c40b947286e33de9f0e00899342c662f5d82,880,3,cleanup_20260506_final_code_artifact_cleanup/prior_reviewer_artifact_snapshot/results/frontier_scale/summary.csv;cleanup_20260506_final_code_artifact_cleanup/root_before_cleanup/results/frontier_scale/summary.csv;cleanup_20260506_final_code_artifact_cleanup/root_before_cleanup/submission_package/neurips2026_reviewer_artifact_anonymous/results/frontier_scale/summary.csv
53,19bdc96f24221eb6a014d988e103b381833d4a480b67bacba0ea8ca2f518e58a,1418,3,cleanup_20260506_final_code_artifact_cleanup/prior_reviewer_artifact_snapshot/results/hybrid/summary.json;cleanup_20260506_final_code_artifact_cleanup/root_before_cleanup/results/hybrid/summary.json;cleanup_20260506_final_code_artifact_cleanup/root_before_cleanup/submission_package/neurips2026_reviewer_artifact_anonymous/results/hybrid/summary.json
54,1a785eec045d6e29d6d5596f774c5e3c405b75daed0347352f360e2b5f92fdd4,251,2,moved_from_repo/artifacts/generated/space_deploy_snapshot/requirements.txt;moved_from_repo/space/requirements.txt
55,1b1cac0f9b8ea83bd5c0b7c48c3be43b6b282b4f72a0e1a6c83424bc2fccad56,3460,2,moved_from_repo/papers/paper_longform/figures/qualitative_cases.tex;moved_from_repo/papers/ragpaper/figures/qualitative_cases.tex
56,1b603a2c57f4858b9385b4b9f0d949c4c42e38fee17827e26631160a58bd0f13,46366,3,cleanup_20260506_final_code_artifact_cleanup/prior_reviewer_artifact_snapshot/results/multimodel/mistral_pubmedqa_chunk1024_k5_cot.csv;cleanup_20260506_final_code_artifact_cleanup/root_before_cleanup/results/multimodel/mistral_pubmedqa_chunk1024_k5_cot.csv;cleanup_20260506_final_code_artifact_cleanup/root_before_cleanup/submission_package/neurips2026_reviewer_artifact_anonymous/results/multimodel/mistral_pubmedqa_chunk1024_k5_cot.csv
57,1c3aaf2005b5b8d40fcb6fb50fd95956eb7a314b4bba0cfa98750e35166ba2f9,21959,3,cleanup_20260506_final_code_artifact_cleanup/prior_reviewer_artifact_snapshot/results/reranker/mistral_squad_chunk512_baseline.csv;cleanup_20260506_final_code_artifact_cleanup/root_before_cleanup/results/reranker/mistral_squad_chunk512_baseline.csv;cleanup_20260506_final_code_artifact_cleanup/root_before_cleanup/submission_package/neurips2026_reviewer_artifact_anonymous/results/reranker/mistral_squad_chunk512_baseline.csv
58,1d450022f82792fdc0aa2157359775a28828fb674420748eae3adc8596afc828,205,3,cleanup_20260506_final_code_artifact_cleanup/prior_reviewer_artifact_snapshot/results/confidence_calibration/quintile_table.csv;cleanup_20260506_final_code_artifact_cleanup/root_before_cleanup/results/confidence_calibration/quintile_table.csv;cleanup_20260506_final_code_artifact_cleanup/root_before_cleanup/submission_package/neurips2026_reviewer_artifact_anonymous/results/confidence_calibration/quintile_table.csv
59,1de763df84f67de8d163dc94d4e9f4d198b888010d91552bc5966ff56b56e69b,5673,4,cleanup_20260506_final_code_artifact_cleanup/prior_reviewer_artifact_snapshot/src/ablation.py;cleanup_20260506_final_code_artifact_cleanup/root_before_cleanup/src/ablation.py;cleanup_20260506_final_code_artifact_cleanup/root_before_cleanup/submission_package/neurips2026_reviewer_artifact_anonymous/src/ablation.py;rag-hallucination-detection_main/src/ablation.py
60,1def6db4c5e5c51e96ef4c3c59579ff81b801a3abd0daf92ad08c72d8a145853,3319,4,cleanup_20260506_final_code_artifact_cleanup/prior_reviewer_artifact_snapshot/src/vectara_hem_scorer.py;cleanup_20260506_final_code_artifact_cleanup/root_before_cleanup/src/vectara_hem_scorer.py;cleanup_20260506_final_code_artifact_cleanup/root_before_cleanup/submission_package/neurips2026_reviewer_artifact_anonymous/src/vectara_hem_scorer.py;rag-hallucination-detection_main/src/vectara_hem_scorer.py
61,1e043e319a224e938756467eac801cf694d4db2c9c324f236a388df43d61baec,244,3,cleanup_20260506_final_code_artifact_cleanup/prior_reviewer_artifact_snapshot/results/human_disagreement_expansion/analysis_summary.md;cleanup_20260506_final_code_artifact_cleanup/root_before_cleanup/results/human_disagreement_expansion/analysis_summary.md;cleanup_20260506_final_code_artifact_cleanup/root_before_cleanup/submission_package/neurips2026_reviewer_artifact_anonymous/results/human_disagreement_expansion/analysis_summary.md
62,1f728680b02a147650a3b1536103cb9f10178573b28d6484a3df55be0dbce98c,36785,3,cleanup_20260506_final_code_artifact_cleanup/prior_reviewer_artifact_snapshot/results/multimodel/llama3_pubmedqa_chunk256_k3_cot.csv;cleanup_20260506_final_code_artifact_cleanup/root_before_cleanup/results/multimodel/llama3_pubmedqa_chunk256_k3_cot.csv;cleanup_20260506_final_code_artifact_cleanup/root_before_cleanup/submission_package/neurips2026_reviewer_artifact_anonymous/results/multimodel/llama3_pubmedqa_chunk256_k3_cot.csv
63,1f813c54741b6d97034006f8886006aabba39588b7611ebb5c35a00160338a63,7684,3,cleanup_20260506_final_code_artifact_cleanup/prior_reviewer_artifact_snapshot/results/adaptive/squad_fixed_512.csv;cleanup_20260506_final_code_artifact_cleanup/root_before_cleanup/results/adaptive/squad_fixed_512.csv;cleanup_20260506_final_code_artifact_cleanup/root_before_cleanup/submission_package/neurips2026_reviewer_artifact_anonymous/results/adaptive/squad_fixed_512.csv
64,1f81dad2aa0ee33b19a0e1d5a37d285e21adfef4318afac44682ba952a8583cd,594,4,cleanup_20260506_final_code_artifact_cleanup/prior_reviewer_artifact_snapshot/results/revision/context_conditioned_nli/n99_alignment_summary.csv;cleanup_20260506_final_code_artifact_cleanup/root_before_cleanup/results/revision/context_conditioned_nli/n99_alignment_summary.csv;cleanup_20260506_final_code_artifact_cleanup/root_before_cleanup/submission_package/neurips2026_reviewer_artifact_anonymous/results/revision/context_conditioned_nli/n99_alignment_summary.csv;rag-hallucination-detection_main/results/revision/context_conditioned_nli/n99_alignment_summary.csv
65,1fea29dc1d76c928efdcc9995c769581028f658fa4647bae01fb88e57870b224,38721,3,cleanup_20260506_final_code_artifact_cleanup/prior_reviewer_artifact_snapshot/results/multimodel/llama3_pubmedqa_chunk256_k5_strict.csv;cleanup_20260506_final_code_artifact_cleanup/root_before_cleanup/results/multimodel/llama3_pubmedqa_chunk256_k5_strict.csv;cleanup_20260506_final_code_artifact_cleanup/root_before_cleanup/submission_package/neurips2026_reviewer_artifact_anonymous/results/multimodel/llama3_pubmedqa_chunk256_k5_strict.csv
66,20010f2e839baa49ca2045e564ec45d4759466f3a980e6a71dbef072eb0f4a43,101102,3,cleanup_20260506_final_code_artifact_cleanup/prior_reviewer_artifact_snapshot/results/pubmedqa/ablation_chunk256_k5_strict.csv;cleanup_20260506_final_code_artifact_cleanup/root_before_cleanup/results/pubmedqa/ablation_chunk256_k5_strict.csv;cleanup_20260506_final_code_artifact_cleanup/root_before_cleanup/submission_package/neurips2026_reviewer_artifact_anonymous/results/pubmedqa/ablation_chunk256_k5_strict.csv
67,20abee130659119221410090c91f80e63d4fabeb4ee3dcbd278b3108a80ad649,156850,5,cleanup_20260506_final_code_artifact_cleanup/prior_reviewer_artifact_snapshot/human_eval_final/n99_calibration/human_eval_n99_with_context.csv;cleanup_20260506_final_code_artifact_cleanup/root_before_cleanup/data/revision/fix_03/human_eval_n99_with_context.csv;cleanup_20260506_final_code_artifact_cleanup/root_before_cleanup/human_eval/n99_calibration/human_eval_n99_with_context.csv;cleanup_20260506_final_code_artifact_cleanup/root_before_cleanup/submission_package/neurips2026_reviewer_artifact_anonymous/human_eval_final/n99_calibration/human_eval_n99_with_context.csv;rag-hallucination-detection_main/human_eval_final/n99_calibration/human_eval_n99_with_context.csv
68,2172eb8eac18b166dc86fa95f412ac07e68633339bb74fbff47f903f65616548,106,3,cleanup_20260506_final_code_artifact_cleanup/prior_reviewer_artifact_snapshot/results/ablation_chunk256_k3_strict_scores.csv;cleanup_20260506_final_code_artifact_cleanup/root_before_cleanup/results/ablation_chunk256_k3_strict_scores.csv;cleanup_20260506_final_code_artifact_cleanup/root_before_cleanup/submission_package/neurips2026_reviewer_artifact_anonymous/results/ablation_chunk256_k3_strict_scores.csv
69,219fb8251c37e83a3d4c6bd42a9a40edf809cb7a466a3c7ffc0cdd6e437d9f86,1113,2,moved_from_repo/papers/paper_longform/figures/retrieval_and_tradeoff.tex;moved_from_repo/papers/ragpaper/figures/retrieval_and_tradeoff.tex
70,21f1934b883f3632b1cd9065573327052c7096bd8a69fa9b868d238abdca4448,809,3,cleanup_20260506_final_code_artifact_cleanup/prior_reviewer_artifact_snapshot/results/hcpc_v2/metrics.csv;cleanup_20260506_final_code_artifact_cleanup/root_before_cleanup/results/hcpc_v2/metrics.csv;cleanup_20260506_final_code_artifact_cleanup/root_before_cleanup/submission_package/neurips2026_reviewer_artifact_anonymous/results/hcpc_v2/metrics.csv
71,21f9d0c97c80c964ffc4ae42916df5a09898e862e332bddcd0779f1161fe1962,60148,4,cleanup_20260506_final_code_artifact_cleanup/prior_reviewer_artifact_snapshot/data/revision/fix_06/per_query_compact.csv;cleanup_20260506_final_code_artifact_cleanup/root_before_cleanup/data/revision/fix_06/per_query_compact.csv;cleanup_20260506_final_code_artifact_cleanup/root_before_cleanup/submission_package/neurips2026_reviewer_artifact_anonymous/data/revision/fix_06/per_query_compact.csv;rag-hallucination-detection_main/data/revision/fix_06/per_query_compact.csv
72,222829b0d0a3714330b090390dcc01787493408666adf07361c3f649b2f52178,29082,4,cleanup_20260506_final_code_artifact_cleanup/prior_reviewer_artifact_snapshot/scripts/generate_consolidated_results.py;cleanup_20260506_final_code_artifact_cleanup/root_before_cleanup/scripts/generate_consolidated_results.py;cleanup_20260506_final_code_artifact_cleanup/root_before_cleanup/submission_package/neurips2026_reviewer_artifact_anonymous/scripts/generate_consolidated_results.py;rag-hallucination-detection_main/scripts/generate_consolidated_results.py
73,22d549e83b9da226b4387c9c323774bfa1dbd43fa75bf962dc2c133e8af35ff5,4309,4,cleanup_20260506_final_code_artifact_cleanup/prior_reviewer_artifact_snapshot/experiments/fix_07_together_70b_reproduction.py;cleanup_20260506_final_code_artifact_cleanup/root_before_cleanup/experiments/fix_07_together_70b_reproduction.py;cleanup_20260506_final_code_artifact_cleanup/root_before_cleanup/submission_package/neurips2026_reviewer_artifact_anonymous/experiments/fix_07_together_70b_reproduction.py;rag-hallucination-detection_main/experiments/fix_07_together_70b_reproduction.py
74,237649fe07cd0bf810b2294ef1f6968eaa9db9d7a5a88c940dd34f49e292dca8,912,4,cleanup_20260506_final_code_artifact_cleanup/prior_reviewer_artifact_snapshot/results/revision/fix_06/h2h_summary_with_ci.csv;cleanup_20260506_final_code_artifact_cleanup/root_before_cleanup/results/revision/fix_06/h2h_summary_with_ci.csv;cleanup_20260506_final_code_artifact_cleanup/root_before_cleanup/submission_package/neurips2026_reviewer_artifact_anonymous/results/revision/fix_06/h2h_summary_with_ci.csv;rag-hallucination-detection_main/results/revision/fix_06/h2h_summary_with_ci.csv
75,2441e8783b51bcfb5a3700b00e504bfc8f4e5b720d9a0573341c62a60f694496,34846,2,moved_from_repo/papers/paper_longform/sections/analysis.tex;moved_from_repo/papers/ragpaper/sections/analysis.tex
76,2454083c0148ffef1e14fc1fb83485e0d9fb4ff3974a116c940371b09cf9e7b8,1597,8,cleanup_20260506_final_code_artifact_cleanup/prior_reviewer_artifact_snapshot/human_eval_final/n99_calibration/bootstrap_correlation_cis.csv;cleanup_20260506_final_code_artifact_cleanup/prior_reviewer_artifact_snapshot/results/revision/fix_03/bootstrap_correlation_cis.csv;cleanup_20260506_final_code_artifact_cleanup/root_before_cleanup/human_eval/n99_calibration/bootstrap_correlation_cis.csv;cleanup_20260506_final_code_artifact_cleanup/root_before_cleanup/results/revision/fix_03/bootstrap_correlation_cis.csv;cleanup_20260506_final_code_artifact_cleanup/root_before_cleanup/submission_package/neurips2026_reviewer_artifact_anonymous/human_eval_final/n99_calibration/bootstrap_correlation_cis.csv;cleanup_20260506_final_code_artifact_cleanup/root_before_cleanup/submission_package/neurips2026_reviewer_artifact_anonymous/results/revision/fix_03/bootstrap_correlation_cis.csv;rag-hallucination-detection_main/human_eval_final/n99_calibration/bootstrap_correlation_cis.csv;rag-hallucination-detection_main/results/revision/fix_03/bootstrap_correlation_cis.csv
77,24eef0f691ac10a41837e604a73f884bf24d61caa6b881b7a5c7618bbe28f871,110,3,cleanup_20260506_final_code_artifact_cleanup/prior_reviewer_artifact_snapshot/results/ablation_chunk1024_k5_strict_scores.csv;cleanup_20260506_final_code_artifact_cleanup/root_before_cleanup/results/ablation_chunk1024_k5_strict_scores.csv;cleanup_20260506_final_code_artifact_cleanup/root_before_cleanup/submission_package/neurips2026_reviewer_artifact_anonymous/results/ablation_chunk1024_k5_strict_scores.csv
78,26f5fe136f1f98646d00643ab62d01776ef04dd103fea6df2b0b4532b780fff3,4911,4,cleanup_20260506_final_code_artifact_cleanup/prior_reviewer_artifact_snapshot/scripts/compute_standardized_scorer_fragility.py;cleanup_20260506_final_code_artifact_cleanup/root_before_cleanup/scripts/compute_standardized_scorer_fragility.py;cleanup_20260506_final_code_artifact_cleanup/root_before_cleanup/submission_package/neurips2026_reviewer_artifact_anonymous/scripts/compute_standardized_scorer_fragility.py;rag-hallucination-detection_main/scripts/compute_standardized_scorer_fragility.py
79,281325f72d916d0b6be7aee723a523eafc6dfe879179dffc878df0bd1fcf72c8,7463,4,cleanup_20260506_final_code_artifact_cleanup/prior_reviewer_artifact_snapshot/src/failure_logger.py;cleanup_20260506_final_code_artifact_cleanup/root_before_cleanup/src/failure_logger.py;cleanup_20260506_final_code_artifact_cleanup/root_before_cleanup/submission_package/neurips2026_reviewer_artifact_anonymous/src/failure_logger.py;rag-hallucination-detection_main/src/failure_logger.py
80,286140d064c277f6f58eb16aa609c771d5652593176f93841b203b6cb0529a00,546,4,cleanup_20260506_final_code_artifact_cleanup/prior_reviewer_artifact_snapshot/results/revision/fix_05/noise_summary.csv;cleanup_20260506_final_code_artifact_cleanup/root_before_cleanup/results/revision/fix_05/noise_summary.csv;cleanup_20260506_final_code_artifact_cleanup/root_before_cleanup/submission_package/neurips2026_reviewer_artifact_anonymous/results/revision/fix_05/noise_summary.csv;rag-hallucination-detection_main/results/revision/fix_05/noise_summary.csv
81,28d330a71c5b8956328c61b6ced0a0c8d597cb78160efd8ad7ce0b7c6f65fa64,60826,3,cleanup_20260506_final_code_artifact_cleanup/prior_reviewer_artifact_snapshot/results/human_eval/samples.jsonl;cleanup_20260506_final_code_artifact_cleanup/root_before_cleanup/results/human_eval/samples.jsonl;cleanup_20260506_final_code_artifact_cleanup/root_before_cleanup/submission_package/neurips2026_reviewer_artifact_anonymous/results/human_eval/samples.jsonl
82,28fa0d855e54cbc3bc583fc75c2e614094df764c6ce493c8997f3d71ad413053,18502,4,cleanup_20260506_final_code_artifact_cleanup/prior_reviewer_artifact_snapshot/experiments/run_hcpc_ablation.py;cleanup_20260506_final_code_artifact_cleanup/root_before_cleanup/experiments/run_hcpc_ablation.py;cleanup_20260506_final_code_artifact_cleanup/root_before_cleanup/submission_package/neurips2026_reviewer_artifact_anonymous/experiments/run_hcpc_ablation.py;rag-hallucination-detection_main/experiments/run_hcpc_ablation.py
83,294c4a498fbdf3c2f9b88755276d87a69e9f2ece4486fbc0a73e490d6704c772,6212,4,cleanup_20260506_final_code_artifact_cleanup/prior_reviewer_artifact_snapshot/results/revision/fix_13/retriever_sanity_report.md;cleanup_20260506_final_code_artifact_cleanup/root_before_cleanup/results/revision/fix_13/retriever_sanity_report.md;cleanup_20260506_final_code_artifact_cleanup/root_before_cleanup/submission_package/neurips2026_reviewer_artifact_anonymous/results/revision/fix_13/retriever_sanity_report.md;rag-hallucination-detection_main/results/revision/fix_13/retriever_sanity_report.md
84,29cf4abdc69d78d9e2dceb665010be5a95f7d06bcd319fff513d850833118a10,159944,4,cleanup_20260506_final_code_artifact_cleanup/prior_reviewer_artifact_snapshot/human_eval_final/n100_disagreement/human_eval_rater1.csv;cleanup_20260506_final_code_artifact_cleanup/root_before_cleanup/human_eval/n100_disagreement/human_eval_rater1.csv;cleanup_20260506_final_code_artifact_cleanup/root_before_cleanup/submission_package/neurips2026_reviewer_artifact_anonymous/human_eval_final/n100_disagreement/human_eval_rater1.csv;rag-hallucination-detection_main/human_eval_final/n100_disagreement/human_eval_rater1.csv
85,29ed6cb55d1fbd0155efc974475e0838e4905b5a5e0959c7a2d5ed34fc322df4,964,3,cleanup_20260506_final_code_artifact_cleanup/prior_reviewer_artifact_snapshot/results/subchunk_sensitivity/summary.csv;cleanup_20260506_final_code_artifact_cleanup/root_before_cleanup/results/subchunk_sensitivity/summary.csv;cleanup_20260506_final_code_artifact_cleanup/root_before_cleanup/submission_package/neurips2026_reviewer_artifact_anonymous/results/subchunk_sensitivity/summary.csv
86,2a19da96e64d13dbf359b050eb6a6d98210f649738196e823b31a51cff46464d,2463,3,deleted_from_head/papers/paper_neurips/sections/abstract.tex;moved_from_repo/papers/paper_longform/sections/abstract.tex;moved_from_repo/papers/ragpaper/sections/abstract.tex
87,2a414afe9b4dc047030fdb1d0e462d845435a8a65fda2741288badfee1fc158b,2581,3,cleanup_20260506_final_code_artifact_cleanup/prior_reviewer_artifact_snapshot/results/coherence_analysis/summary.md;cleanup_20260506_final_code_artifact_cleanup/root_before_cleanup/results/coherence_analysis/summary.md;cleanup_20260506_final_code_artifact_cleanup/root_before_cleanup/submission_package/neurips2026_reviewer_artifact_anonymous/results/coherence_analysis/summary.md
88,2a4452f71a8e3967fd88fb4281c5c3c3aa7774d5ae5236609b4b36d6876181be,22250,3,cleanup_20260506_final_code_artifact_cleanup/prior_reviewer_artifact_snapshot/results/multimodel/llama3_squad_chunk256_k3_strict.csv;cleanup_20260506_final_code_artifact_cleanup/root_before_cleanup/results/multimodel/llama3_squad_chunk256_k3_strict.csv;cleanup_20260506_final_code_artifact_cleanup/root_before_cleanup/submission_package/neurips2026_reviewer_artifact_anonymous/results/multimodel/llama3_squad_chunk256_k3_strict.csv
89,2a685e2d4effda4ccec59a3b8156ffedd8a68c0795cc06f99e7e8d6bd365cf92,40688,3,cleanup_20260506_final_code_artifact_cleanup/prior_reviewer_artifact_snapshot/results/multimodel/mistral_pubmedqa_chunk256_k5_strict.csv;cleanup_20260506_final_code_artifact_cleanup/root_before_cleanup/results/multimodel/mistral_pubmedqa_chunk256_k5_strict.csv;cleanup_20260506_final_code_artifact_cleanup/root_before_cleanup/submission_package/neurips2026_reviewer_artifact_anonymous/results/multimodel/mistral_pubmedqa_chunk256_k5_strict.csv
90,2ba7b32942f8f07a037d31efe616fc72d36d7eb415505dac321b80d9e93ad8ec,1974,3,cleanup_20260506_final_code_artifact_cleanup/prior_reviewer_artifact_snapshot/results/ablation_summary.json;cleanup_20260506_final_code_artifact_cleanup/root_before_cleanup/results/ablation_summary.json;cleanup_20260506_final_code_artifact_cleanup/root_before_cleanup/submission_package/neurips2026_reviewer_artifact_anonymous/results/ablation_summary.json
91,2c5065a75f4b7b569dc0eb1058d47295da780cc2db940b8e13cbee44bcfdc392,3689,3,cleanup_20260506_final_code_artifact_cleanup/prior_reviewer_artifact_snapshot/results/frontier_scale/summary.md;cleanup_20260506_final_code_artifact_cleanup/root_before_cleanup/results/frontier_scale/summary.md;cleanup_20260506_final_code_artifact_cleanup/root_before_cleanup/submission_package/neurips2026_reviewer_artifact_anonymous/results/frontier_scale/summary.md
92,2c63b6873bce5e3ac6bf4d0c103e5a747b50e738c21e7c1283f1b2a6f0971745,315,3,cleanup_20260506_final_code_artifact_cleanup/prior_reviewer_artifact_snapshot/results/crossencoder_sensitivity/completed_tuples.json;cleanup_20260506_final_code_artifact_cleanup/root_before_cleanup/results/crossencoder_sensitivity/completed_tuples.json;cleanup_20260506_final_code_artifact_cleanup/root_before_cleanup/submission_package/neurips2026_reviewer_artifact_anonymous/results/crossencoder_sensitivity/completed_tuples.json
93,2d34402bf83325db69022caacb49faa4ef59d9cb6618a3317f6d13156af7a9d3,11002,2,moved_from_repo/Controlled_RAG___Saket/ref.bib;moved_from_repo/papers/paper_neurips/references.bib
94,2de02b8b45da18f9b5a54d4d326564feb348ed680c70f0f4e524bd1b2e030044,39241,3,cleanup_20260506_final_code_artifact_cleanup/prior_reviewer_artifact_snapshot/results/reranker/llama3_pubmedqa_chunk512_baseline.csv;cleanup_20260506_final_code_artifact_cleanup/root_before_cleanup/results/reranker/llama3_pubmedqa_chunk512_baseline.csv;cleanup_20260506_final_code_artifact_cleanup/root_before_cleanup/submission_package/neurips2026_reviewer_artifact_anonymous/results/reranker/llama3_pubmedqa_chunk512_baseline.csv
95,2e23adfb2d250185f2658caae9b1364b1ad4337411da8ba177de6a4b69eac397,4433,3,cleanup_20260506_final_code_artifact_cleanup/prior_reviewer_artifact_snapshot/results/ablation_chunk1024_k5_cot.csv;cleanup_20260506_final_code_artifact_cleanup/root_before_cleanup/results/ablation_chunk1024_k5_cot.csv;cleanup_20260506_final_code_artifact_cleanup/root_before_cleanup/submission_package/neurips2026_reviewer_artifact_anonymous/results/ablation_chunk1024_k5_cot.csv
96,2f3b9d73b05d623e82e25a6de023e11c787b12f4f5d33ac0dd7a6dd9b2251025,1054,2,moved_from_repo/papers/paper_longform/figures/ccs_and_proxy.tex;moved_from_repo/papers/ragpaper/figures/ccs_and_proxy.tex
97,2f3c7e3e655ab66b13cd92e6340d934f2d95f7c4279d95c68a92f86f3b39e447,189,3,cleanup_20260506_final_code_artifact_cleanup/prior_reviewer_artifact_snapshot/results/ccs_calibration/quintile_table.csv;cleanup_20260506_final_code_artifact_cleanup/root_before_cleanup/results/ccs_calibration/quintile_table.csv;cleanup_20260506_final_code_artifact_cleanup/root_before_cleanup/submission_package/neurips2026_reviewer_artifact_anonymous/results/ccs_calibration/quintile_table.csv
98,2fb44599bccea8be738788e9102509e4588e9c65f0dd4eda4cd0a6e8ce68fcf9,10557,4,cleanup_20260506_final_code_artifact_cleanup/prior_reviewer_artifact_snapshot/experiments/run_topk_sensitivity.py;cleanup_20260506_final_code_artifact_cleanup/root_before_cleanup/experiments/run_topk_sensitivity.py;cleanup_20260506_final_code_artifact_cleanup/root_before_cleanup/submission_package/neurips2026_reviewer_artifact_anonymous/experiments/run_topk_sensitivity.py;rag-hallucination-detection_main/experiments/run_topk_sensitivity.py
99,2ff8676a538924e4bb343f07d8227c9485c864e41ebc5095d186d813cd45d631,283,4,cleanup_20260506_final_code_artifact_cleanup/prior_reviewer_artifact_snapshot/scripts/check_progress.py;cleanup_20260506_final_code_artifact_cleanup/root_before_cleanup/scripts/check_progress.py;cleanup_20260506_final_code_artifact_cleanup/root_before_cleanup/submission_package/neurips2026_reviewer_artifact_anonymous/scripts/check_progress.py;rag-hallucination-detection_main/scripts/check_progress.py
100,307bb760ddc8307f2adf118253ec6c4b55cf1e1f4fb8fa3e22f6180cfd8743ca,2924,2,cleanup_20260506_final_code_artifact_cleanup/prior_reviewer_artifact_snapshot/SOURCE_TRACE.md;cleanup_20260506_final_code_artifact_cleanup/root_before_cleanup/submission_package/neurips2026_reviewer_artifact_anonymous/SOURCE_TRACE.md
101,30d041d1f70d2b3a43d7b00fcced2a1a2717ffcb58609072327ffcaec1e158af,2564,5,cleanup_20260506_final_code_artifact_cleanup/prior_reviewer_artifact_snapshot/data/adversarial/README.md;cleanup_20260506_final_code_artifact_cleanup/root_before_cleanup/data/adversarial/README.md;cleanup_20260506_final_code_artifact_cleanup/root_before_cleanup/submission_package/neurips2026_reviewer_artifact_anonymous/data/adversarial/README.md;moved_from_repo/release/context_coherence_bench_v1/adversarial/README.md;rag-hallucination-detection_main/data/adversarial/README.md
102,317abc78ad76d258950c4db09c5cf1c18f258c4ddd278a3a1a6d700023650c3f,1568,3,cleanup_20260506_final_code_artifact_cleanup/prior_reviewer_artifact_snapshot/results/headtohead/summary.md;cleanup_20260506_final_code_artifact_cleanup/root_before_cleanup/results/headtohead/summary.md;cleanup_20260506_final_code_artifact_cleanup/root_before_cleanup/submission_package/neurips2026_reviewer_artifact_anonymous/results/headtohead/summary.md
103,31fac4aff5b268b2afdbd46b45beb22eaf3f09586a364376ea5cc0063e12ee16,2357,3,cleanup_20260506_final_code_artifact_cleanup/prior_reviewer_artifact_snapshot/results/paper_tables/table_2_multidataset.md;cleanup_20260506_final_code_artifact_cleanup/root_before_cleanup/results/paper_tables/table_2_multidataset.md;cleanup_20260506_final_code_artifact_cleanup/root_before_cleanup/submission_package/neurips2026_reviewer_artifact_anonymous/results/paper_tables/table_2_multidataset.md
104,32f115522b3e2615565a0aaf9de7930096ac715eef1581ecca70cbdd7871249c,96,3,cleanup_20260506_final_code_artifact_cleanup/prior_reviewer_artifact_snapshot/results/paper_tables/table_6_frontier.md;cleanup_20260506_final_code_artifact_cleanup/root_before_cleanup/results/paper_tables/table_6_frontier.md;cleanup_20260506_final_code_artifact_cleanup/root_before_cleanup/submission_package/neurips2026_reviewer_artifact_anonymous/results/paper_tables/table_6_frontier.md
105,33935c3174147557b3a873672e469c6dc5814897aced8413cbf79e5f142aed58,44490,3,cleanup_20260506_final_code_artifact_cleanup/prior_reviewer_artifact_snapshot/results/multimodel/mistral_pubmedqa_chunk1024_k3_strict.csv;cleanup_20260506_final_code_artifact_cleanup/root_before_cleanup/results/multimodel/mistral_pubmedqa_chunk1024_k3_strict.csv;cleanup_20260506_final_code_artifact_cleanup/root_before_cleanup/submission_package/neurips2026_reviewer_artifact_anonymous/results/multimodel/mistral_pubmedqa_chunk1024_k3_strict.csv
106,3467621b02339049b49d306c2ebe86220411482e7db06a1c2864125b6dacacdb,2935,3,cleanup_20260506_final_code_artifact_cleanup/prior_reviewer_artifact_snapshot/results/all_results_summary.csv;cleanup_20260506_final_code_artifact_cleanup/root_before_cleanup/results/all_results_summary.csv;cleanup_20260506_final_code_artifact_cleanup/root_before_cleanup/submission_package/neurips2026_reviewer_artifact_anonymous/results/all_results_summary.csv
107,352968933ac409eb6c6048f706cbd385d8a2d40920ba5f14301262185a9345c4,1778,2,cleanup_20260506_final_code_artifact_cleanup/prior_reviewer_artifact_snapshot/README.md;cleanup_20260506_final_code_artifact_cleanup/root_before_cleanup/submission_package/neurips2026_reviewer_artifact_anonymous/README.md
108,35a6601337f88e75f4858690daac5762f63697084d0141ed19ddff4652790b76,5157,2,moved_from_repo/papers/paper_longform/sections/paradox.tex;moved_from_repo/papers/ragpaper/sections/paradox.tex
109,35f77fc9a17d2425074ee47990a09add58c1e87d39fec48032aa111dbaee4005,1039,7,cleanup_20260506_final_code_artifact_cleanup/prior_reviewer_artifact_snapshot/results/revision/fix_15/longform_stress_summary.csv;cleanup_20260506_final_code_artifact_cleanup/prior_reviewer_artifact_snapshot/source_tables/longform_stress_summary.csv;cleanup_20260506_final_code_artifact_cleanup/root_before_cleanup/results/revision/fix_15/longform_stress_summary.csv;cleanup_20260506_final_code_artifact_cleanup/root_before_cleanup/submission_package/neurips2026_reviewer_artifact_anonymous/results/revision/fix_15/longform_stress_summary.csv;cleanup_20260506_final_code_artifact_cleanup/root_before_cleanup/submission_package/neurips2026_reviewer_artifact_anonymous/source_tables/longform_stress_summary.csv;rag-hallucination-detection_main/results/revision/fix_15/longform_stress_summary.csv;rag-hallucination-detection_main/source_tables/longform_stress_summary.csv
110,36d47ec924e63d797826e08a7bc2bc8dee1afe30ca0ab2ba50452acded948455,702,3,cleanup_20260506_final_code_artifact_cleanup/prior_reviewer_artifact_snapshot/results/longform/summary.csv;cleanup_20260506_final_code_artifact_cleanup/root_before_cleanup/results/longform/summary.csv;cleanup_20260506_final_code_artifact_cleanup/root_before_cleanup/submission_package/neurips2026_reviewer_artifact_anonymous/results/longform/summary.csv
111,370e1707b61cd3d66f0189c9de397379e21db233953cae16ed2adc8569a570a5,7322,4,cleanup_20260506_final_code_artifact_cleanup/prior_reviewer_artifact_snapshot/src/longform_metrics.py;cleanup_20260506_final_code_artifact_cleanup/root_before_cleanup/src/longform_metrics.py;cleanup_20260506_final_code_artifact_cleanup/root_before_cleanup/submission_package/neurips2026_reviewer_artifact_anonymous/src/longform_metrics.py;rag-hallucination-detection_main/src/longform_metrics.py
112,37987536bebdeb1c3695c6cc49ea0c3f00672d43a34184e1e389d45ac0b12705,14588,4,cleanup_20260506_final_code_artifact_cleanup/prior_reviewer_artifact_snapshot/src/raptor_retriever.py;cleanup_20260506_final_code_artifact_cleanup/root_before_cleanup/src/raptor_retriever.py;cleanup_20260506_final_code_artifact_cleanup/root_before_cleanup/submission_package/neurips2026_reviewer_artifact_anonymous/src/raptor_retriever.py;rag-hallucination-detection_main/src/raptor_retriever.py
113,380f20fd0a114fd6d127a4b7fa365a15a564c06dad7a8a14d8ac8893fdd3b770,16340,2,moved_from_repo/Controlled_RAG___Saket/figures/teaser_metric_agreement.pdf;rag-hallucination-detection_main/Controlled_RAG___Saket/figures/teaser_metric_agreement.pdf
114,38d0d84278268e00f8b5113a0d1388cd09a54588000b613f30931ab04de73855,104,3,cleanup_20260506_final_code_artifact_cleanup/prior_reviewer_artifact_snapshot/results/ablation_chunk1024_k3_cot_scores.csv;cleanup_20260506_final_code_artifact_cleanup/root_before_cleanup/results/ablation_chunk1024_k3_cot_scores.csv;cleanup_20260506_final_code_artifact_cleanup/root_before_cleanup/submission_package/neurips2026_reviewer_artifact_anonymous/results/ablation_chunk1024_k3_cot_scores.csv
115,392496ce51162469b39988bc5998ac65603a41cdd1217e56a699a7d5e8e646b1,8869,4,cleanup_20260506_final_code_artifact_cleanup/prior_reviewer_artifact_snapshot/experiments/fix_06_baseline_h2h_pareto.py;cleanup_20260506_final_code_artifact_cleanup/root_before_cleanup/experiments/fix_06_baseline_h2h_pareto.py;cleanup_20260506_final_code_artifact_cleanup/root_before_cleanup/submission_package/neurips2026_reviewer_artifact_anonymous/experiments/fix_06_baseline_h2h_pareto.py;rag-hallucination-detection_main/experiments/fix_06_baseline_h2h_pareto.py
116,3978803f57bced73f27291b4624e75558fe1e504c3517d49ad13eb3095b34bea,843,3,cleanup_20260506_final_code_artifact_cleanup/prior_reviewer_artifact_snapshot/results/prompt_ablation/paradox_by_prompt.csv;cleanup_20260506_final_code_artifact_cleanup/root_before_cleanup/results/prompt_ablation/paradox_by_prompt.csv;cleanup_20260506_final_code_artifact_cleanup/root_before_cleanup/submission_package/neurips2026_reviewer_artifact_anonymous/results/prompt_ablation/paradox_by_prompt.csv
117,39c0715ca0a3f81e3eb98e4ef4bad1f89ac65f329678d79073912a6f4d7bcc9a,13909,4,cleanup_20260506_final_code_artifact_cleanup/prior_reviewer_artifact_snapshot/experiments/run_multiseed_variance.py;cleanup_20260506_final_code_artifact_cleanup/root_before_cleanup/experiments/run_multiseed_variance.py;cleanup_20260506_final_code_artifact_cleanup/root_before_cleanup/submission_package/neurips2026_reviewer_artifact_anonymous/experiments/run_multiseed_variance.py;rag-hallucination-detection_main/experiments/run_multiseed_variance.py
118,3a053e6ac7e26ceda30a21b04d261c33dea0a1c01b25bd90113022ee2a83cebb,11692,4,cleanup_20260506_final_code_artifact_cleanup/prior_reviewer_artifact_snapshot/experiments/run_noise_injection_ablation.py;cleanup_20260506_final_code_artifact_cleanup/root_before_cleanup/experiments/run_noise_injection_ablation.py;cleanup_20260506_final_code_artifact_cleanup/root_before_cleanup/submission_package/neurips2026_reviewer_artifact_anonymous/experiments/run_noise_injection_ablation.py;rag-hallucination-detection_main/experiments/run_noise_injection_ablation.py
119,3a5773e593db3925b34c97d68cc6bd1837328bea6070dfccaf6e366f7e8166b7,103,3,cleanup_20260506_final_code_artifact_cleanup/prior_reviewer_artifact_snapshot/results/ablation_chunk512_k3_cot_scores.csv;cleanup_20260506_final_code_artifact_cleanup/root_before_cleanup/results/ablation_chunk512_k3_cot_scores.csv;cleanup_20260506_final_code_artifact_cleanup/root_before_cleanup/submission_package/neurips2026_reviewer_artifact_anonymous/results/ablation_chunk512_k3_cot_scores.csv
120,3b1fe8bea946bcc9d09873815fd8aa46d794b7e3129812baefbf0e10b8e2fd64,2589,4,cleanup_20260506_final_code_artifact_cleanup/prior_reviewer_artifact_snapshot/experiments/run_pubmedqa_ablation.py;cleanup_20260506_final_code_artifact_cleanup/root_before_cleanup/experiments/run_pubmedqa_ablation.py;cleanup_20260506_final_code_artifact_cleanup/root_before_cleanup/submission_package/neurips2026_reviewer_artifact_anonymous/experiments/run_pubmedqa_ablation.py;rag-hallucination-detection_main/experiments/run_pubmedqa_ablation.py
121,3b2765a5f78951a318117941bfb7d912f5d83ee85c1673c95824ba57cc0b58ba,106,3,cleanup_20260506_final_code_artifact_cleanup/prior_reviewer_artifact_snapshot/results/ablation_chunk512_k5_cot_scores.csv;cleanup_20260506_final_code_artifact_cleanup/root_before_cleanup/results/ablation_chunk512_k5_cot_scores.csv;cleanup_20260506_final_code_artifact_cleanup/root_before_cleanup/submission_package/neurips2026_reviewer_artifact_anonymous/results/ablation_chunk512_k5_cot_scores.csv
122,3b3f40d25f05b3b31097946616d24af6d36c109335c9124d6bb8088e5459e0b5,37936,3,cleanup_20260506_final_code_artifact_cleanup/prior_reviewer_artifact_snapshot/results/multimodel/mistral_pubmedqa_chunk256_k5_cot.csv;cleanup_20260506_final_code_artifact_cleanup/root_before_cleanup/results/multimodel/mistral_pubmedqa_chunk256_k5_cot.csv;cleanup_20260506_final_code_artifact_cleanup/root_before_cleanup/submission_package/neurips2026_reviewer_artifact_anonymous/results/multimodel/mistral_pubmedqa_chunk256_k5_cot.csv
123,3b844b6cecfc99ac0974991d1d45600d1c722b0af86212ea5f6a8895e17f5070,9792,4,cleanup_20260506_final_code_artifact_cleanup/prior_reviewer_artifact_snapshot/experiments/run_raptor_ablation.py;cleanup_20260506_final_code_artifact_cleanup/root_before_cleanup/experiments/run_raptor_ablation.py;cleanup_20260506_final_code_artifact_cleanup/root_before_cleanup/submission_package/neurips2026_reviewer_artifact_anonymous/experiments/run_raptor_ablation.py;rag-hallucination-detection_main/experiments/run_raptor_ablation.py
124,3b8fa9ee440edbd16f0f95d0a5e7fb9dac7c7f5b5e88081a8839dbc2016b091d,8984,4,cleanup_20260506_final_code_artifact_cleanup/prior_reviewer_artifact_snapshot/experiments/run_quantization_sensitivity.py;cleanup_20260506_final_code_artifact_cleanup/root_before_cleanup/experiments/run_quantization_sensitivity.py;cleanup_20260506_final_code_artifact_cleanup/root_before_cleanup/submission_package/neurips2026_reviewer_artifact_anonymous/experiments/run_quantization_sensitivity.py;rag-hallucination-detection_main/experiments/run_quantization_sensitivity.py
125,3c195666d369848ca935ce14cee1563b03bd03614e4b7cd5375dd59baed51f85,1502,4,cleanup_20260506_final_code_artifact_cleanup/prior_reviewer_artifact_snapshot/results/revision/fix_02/paired_contrasts.csv;cleanup_20260506_final_code_artifact_cleanup/root_before_cleanup/results/revision/fix_02/paired_contrasts.csv;cleanup_20260506_final_code_artifact_cleanup/root_before_cleanup/submission_package/neurips2026_reviewer_artifact_anonymous/results/revision/fix_02/paired_contrasts.csv;rag-hallucination-detection_main/results/revision/fix_02/paired_contrasts.csv
126,3d41d04856c2e01d7aa7fff84fa2e0368ff57c7d6c1b7969fd566fc7e0077e11,39118,3,cleanup_20260506_final_code_artifact_cleanup/prior_reviewer_artifact_snapshot/results/reranker/mistral_pubmedqa_chunk256_baseline.csv;cleanup_20260506_final_code_artifact_cleanup/root_before_cleanup/results/reranker/mistral_pubmedqa_chunk256_baseline.csv;cleanup_20260506_final_code_artifact_cleanup/root_before_cleanup/submission_package/neurips2026_reviewer_artifact_anonymous/results/reranker/mistral_pubmedqa_chunk256_baseline.csv
127,3d895d2046e0c50f821d28dd4d07f0b555e2e199490cdfaf3305aeb9d5e22eb6,9358,4,cleanup_20260506_final_code_artifact_cleanup/prior_reviewer_artifact_snapshot/experiments/fix_03_multimetric_faithfulness.py;cleanup_20260506_final_code_artifact_cleanup/root_before_cleanup/experiments/fix_03_multimetric_faithfulness.py;cleanup_20260506_final_code_artifact_cleanup/root_before_cleanup/submission_package/neurips2026_reviewer_artifact_anonymous/experiments/fix_03_multimetric_faithfulness.py;rag-hallucination-detection_main/experiments/fix_03_multimetric_faithfulness.py
128,3e37224a8ba9ac932b0196a60e1bae1db8f3b653898d7fda4e294f94cc53bc51,40632,3,cleanup_20260506_final_code_artifact_cleanup/prior_reviewer_artifact_snapshot/results/hybrid/logs/pubmedqa_hcpc_refinements.json;cleanup_20260506_final_code_artifact_cleanup/root_before_cleanup/results/hybrid/logs/pubmedqa_hcpc_refinements.json;cleanup_20260506_final_code_artifact_cleanup/root_before_cleanup/submission_package/neurips2026_reviewer_artifact_anonymous/results/hybrid/logs/pubmedqa_hcpc_refinements.json
129,3e54deb2e24a31c54ff7a0d94431b4a971001540cc92a940045a99628d0fc1e7,334,2,moved_from_repo/release/context_coherence_bench_v1/LICENSE;moved_from_repo/release/context_coherence_bench_v2/LICENSE
130,3ffda5f65adf13890b1366652857f9bc168302aa4ec3482c3d87e65f0cd9785b,25551,4,cleanup_20260506_final_code_artifact_cleanup/prior_reviewer_artifact_snapshot/src/dataset_loaders.py;cleanup_20260506_final_code_artifact_cleanup/root_before_cleanup/src/dataset_loaders.py;cleanup_20260506_final_code_artifact_cleanup/root_before_cleanup/submission_package/neurips2026_reviewer_artifact_anonymous/src/dataset_loaders.py;rag-hallucination-detection_main/src/dataset_loaders.py
131,401d67247e809ceb46ea8674a669c377a3b13d08e1db0d25cf4298bde3359b5f,15811,2,moved_from_repo/papers/paper_longform/references.bib;moved_from_repo/papers/ragpaper/references.bib
132,409bef862e1a2e444fa4b5ce3c661b48bb8b6bccb84c65c773a0085b7ab6ed36,2199,4,cleanup_20260506_final_code_artifact_cleanup/prior_reviewer_artifact_snapshot/experiments/run_qualitative_analysis.py;cleanup_20260506_final_code_artifact_cleanup/root_before_cleanup/experiments/run_qualitative_analysis.py;cleanup_20260506_final_code_artifact_cleanup/root_before_cleanup/submission_package/neurips2026_reviewer_artifact_anonymous/experiments/run_qualitative_analysis.py;rag-hallucination-detection_main/experiments/run_qualitative_analysis.py
133,40aca5084c5d5cadfd6aa0eac1bb229c1cab2c0ca1f8d904dbc3a8018098da78,12223,4,cleanup_20260506_final_code_artifact_cleanup/prior_reviewer_artifact_snapshot/src/adaptive_chunker.py;cleanup_20260506_final_code_artifact_cleanup/root_before_cleanup/src/adaptive_chunker.py;cleanup_20260506_final_code_artifact_cleanup/root_before_cleanup/submission_package/neurips2026_reviewer_artifact_anonymous/src/adaptive_chunker.py;rag-hallucination-detection_main/src/adaptive_chunker.py
134,41489efadf6613d988f88f8b79a7c3b2a55638df088538cf8a6d8aa34c3a8633,3994,4,cleanup_20260506_final_code_artifact_cleanup/prior_reviewer_artifact_snapshot/results/revision/fix_02/summary.md;cleanup_20260506_final_code_artifact_cleanup/root_before_cleanup/results/revision/fix_02/summary.md;cleanup_20260506_final_code_artifact_cleanup/root_before_cleanup/submission_package/neurips2026_reviewer_artifact_anonymous/results/revision/fix_02/summary.md;rag-hallucination-detection_main/results/revision/fix_02/summary.md
135,417164c3fa2004bde764eac93b38e644af7c679747947ba66c0b90a966b660ce,4524,3,cleanup_20260506_final_code_artifact_cleanup/prior_reviewer_artifact_snapshot/results/ablation_chunk1024_k3_strict.csv;cleanup_20260506_final_code_artifact_cleanup/root_before_cleanup/results/ablation_chunk1024_k3_strict.csv;cleanup_20260506_final_code_artifact_cleanup/root_before_cleanup/submission_package/neurips2026_reviewer_artifact_anonymous/results/ablation_chunk1024_k3_strict.csv
136,41df52b1156990f614118b4c2f17fcfae8313efebdb915a64ec2ec2fdbb2e843,104,8,cleanup_20260506_final_code_artifact_cleanup/prior_reviewer_artifact_snapshot/human_eval_final/n99_calibration/human_eval_label_distribution.csv;cleanup_20260506_final_code_artifact_cleanup/prior_reviewer_artifact_snapshot/results/revision/fix_03/human_eval_label_distribution.csv;cleanup_20260506_final_code_artifact_cleanup/root_before_cleanup/human_eval/n99_calibration/human_eval_label_distribution.csv;cleanup_20260506_final_code_artifact_cleanup/root_before_cleanup/results/revision/fix_03/human_eval_label_distribution.csv;cleanup_20260506_final_code_artifact_cleanup/root_before_cleanup/submission_package/neurips2026_reviewer_artifact_anonymous/human_eval_final/n99_calibration/human_eval_label_distribution.csv;cleanup_20260506_final_code_artifact_cleanup/root_before_cleanup/submission_package/neurips2026_reviewer_artifact_anonymous/results/revision/fix_03/human_eval_label_distribution.csv;rag-hallucination-detection_main/human_eval_final/n99_calibration/human_eval_label_distribution.csv;rag-hallucination-detection_main/results/revision/fix_03/human_eval_label_distribution.csv
137,42288cb3e36bd817690d0ad56e0aa9db46bbf1840a80bc8520e6b07d708e480a,853,3,cleanup_20260506_final_code_artifact_cleanup/prior_reviewer_artifact_snapshot/results/hcpc_v2/summary.md;cleanup_20260506_final_code_artifact_cleanup/root_before_cleanup/results/hcpc_v2/summary.md;cleanup_20260506_final_code_artifact_cleanup/root_before_cleanup/submission_package/neurips2026_reviewer_artifact_anonymous/results/hcpc_v2/summary.md
138,431614b4254219619141078ea252f1f71adaf7ee7cb4486636ab0487b31f88db,2953,4,cleanup_20260506_final_code_artifact_cleanup/prior_reviewer_artifact_snapshot/experiments/revision_utils.py;cleanup_20260506_final_code_artifact_cleanup/root_before_cleanup/experiments/revision_utils.py;cleanup_20260506_final_code_artifact_cleanup/root_before_cleanup/submission_package/neurips2026_reviewer_artifact_anonymous/experiments/revision_utils.py;rag-hallucination-detection_main/experiments/revision_utils.py
139,4323efb10cd31d0289ffc80b851e401c0c731ad71272f5bfd6af4252b8ecbf3b,10854,4,cleanup_20260506_final_code_artifact_cleanup/prior_reviewer_artifact_snapshot/experiments/run_mechanistic_analysis.py;cleanup_20260506_final_code_artifact_cleanup/root_before_cleanup/experiments/run_mechanistic_analysis.py;cleanup_20260506_final_code_artifact_cleanup/root_before_cleanup/submission_package/neurips2026_reviewer_artifact_anonymous/experiments/run_mechanistic_analysis.py;rag-hallucination-detection_main/experiments/run_mechanistic_analysis.py
140,434a49429de0a6788a376745bae5df5f01e1f03bb4a6b69dcff97ed61420323f,413,2,cleanup_20260506_final_code_artifact_cleanup/prior_reviewer_artifact_snapshot/requirements-full.txt;cleanup_20260506_final_code_artifact_cleanup/root_before_cleanup/submission_package/neurips2026_reviewer_artifact_anonymous/requirements-full.txt
141,436fb6fdc31fa89498634954b5a6feb50dc254b412b47465c89fd5049a159b7d,22293,3,cleanup_20260506_final_code_artifact_cleanup/prior_reviewer_artifact_snapshot/results/multimodel/llama3_squad_chunk1024_k5_strict.csv;cleanup_20260506_final_code_artifact_cleanup/root_before_cleanup/results/multimodel/llama3_squad_chunk1024_k5_strict.csv;cleanup_20260506_final_code_artifact_cleanup/root_before_cleanup/submission_package/neurips2026_reviewer_artifact_anonymous/results/multimodel/llama3_squad_chunk1024_k5_strict.csv
142,443933634f14a7b1d2383ff97b9cc67898c99d84b498fe4e773386ffea3eafd8,165465,4,cleanup_20260506_final_code_artifact_cleanup/prior_reviewer_artifact_snapshot/human_eval_final/n100_disagreement/annotation_batch_disagreement_PREANNOTATION.csv;cleanup_20260506_final_code_artifact_cleanup/root_before_cleanup/human_eval/n100_disagreement/annotation_batch_disagreement_PREANNOTATION.csv;cleanup_20260506_final_code_artifact_cleanup/root_before_cleanup/submission_package/neurips2026_reviewer_artifact_anonymous/human_eval_final/n100_disagreement/annotation_batch_disagreement_PREANNOTATION.csv;rag-hallucination-detection_main/human_eval_final/n100_disagreement/annotation_batch_disagreement_PREANNOTATION.csv
143,44ad32fa752595a1c6c3602485dc9023e824f8c7874da85662870f125a38686c,25905,4,cleanup_20260506_final_code_artifact_cleanup/prior_reviewer_artifact_snapshot/experiments/run_hcpc_v2_ablation.py;cleanup_20260506_final_code_artifact_cleanup/root_before_cleanup/experiments/run_hcpc_v2_ablation.py;cleanup_20260506_final_code_artifact_cleanup/root_before_cleanup/submission_package/neurips2026_reviewer_artifact_anonymous/experiments/run_hcpc_v2_ablation.py;rag-hallucination-detection_main/experiments/run_hcpc_v2_ablation.py
144,44c4250e160d6539263315f7a9aa39f9d98172aa839aef88da6a4d6d6bbd6da4,39378,3,cleanup_20260506_final_code_artifact_cleanup/prior_reviewer_artifact_snapshot/results/multimodel/mistral_pubmedqa_chunk256_k3_strict.csv;cleanup_20260506_final_code_artifact_cleanup/root_before_cleanup/results/multimodel/mistral_pubmedqa_chunk256_k3_strict.csv;cleanup_20260506_final_code_artifact_cleanup/root_before_cleanup/submission_package/neurips2026_reviewer_artifact_anonymous/results/multimodel/mistral_pubmedqa_chunk256_k3_strict.csv
145,45086d4246d06a81c6e8e14a23029292639dc25d6024a964c4e12a3cd04af6c9,21020,3,cleanup_20260506_final_code_artifact_cleanup/prior_reviewer_artifact_snapshot/results/reranker/llama3_squad_chunk1024_baseline.csv;cleanup_20260506_final_code_artifact_cleanup/root_before_cleanup/results/reranker/llama3_squad_chunk1024_baseline.csv;cleanup_20260506_final_code_artifact_cleanup/root_before_cleanup/submission_package/neurips2026_reviewer_artifact_anonymous/results/reranker/llama3_squad_chunk1024_baseline.csv
146,456a31331369d7a1164699a3a698aecd086dbcc16cab81afed9a955b7a8e5460,403,2,moved_from_repo/papers/paper_longform/figures/retrieval_comparison.tex;moved_from_repo/papers/ragpaper/figures/retrieval_comparison.tex
147,457d07937a7053d466ae6448211023b86cd475bc74d424a4b57c6170d84cfe33,2899,4,cleanup_20260506_final_code_artifact_cleanup/prior_reviewer_artifact_snapshot/scripts/generate_validation_sample.py;cleanup_20260506_final_code_artifact_cleanup/root_before_cleanup/scripts/generate_validation_sample.py;cleanup_20260506_final_code_artifact_cleanup/root_before_cleanup/submission_package/neurips2026_reviewer_artifact_anonymous/scripts/generate_validation_sample.py;rag-hallucination-detection_main/scripts/generate_validation_sample.py
148,45866e304ab55807dd2ae71115e875a3c81c9076d005b01e455d7171ee288120,9844,3,cleanup_20260506_final_code_artifact_cleanup/prior_reviewer_artifact_snapshot/results/eval_results.csv;cleanup_20260506_final_code_artifact_cleanup/root_before_cleanup/results/eval_results.csv;cleanup_20260506_final_code_artifact_cleanup/root_before_cleanup/submission_package/neurips2026_reviewer_artifact_anonymous/results/eval_results.csv
149,4595fdacbdb85e61fbbb66bbaae0ae9c680c8965d20a98554b37eeada6b6ac79,10743,4,cleanup_20260506_final_code_artifact_cleanup/prior_reviewer_artifact_snapshot/scripts/run_context_conditioned_nli_scoring.py;cleanup_20260506_final_code_artifact_cleanup/root_before_cleanup/scripts/run_context_conditioned_nli_scoring.py;cleanup_20260506_final_code_artifact_cleanup/root_before_cleanup/submission_package/neurips2026_reviewer_artifact_anonymous/scripts/run_context_conditioned_nli_scoring.py;rag-hallucination-detection_main/scripts/run_context_conditioned_nli_scoring.py
150,45b2b9d3820ac39611e463603c0a5574d8e2712eef4f3e09d861deddab132f98,1646,3,cleanup_20260506_final_code_artifact_cleanup/prior_reviewer_artifact_snapshot/results/human_eval/sampling_report.md;cleanup_20260506_final_code_artifact_cleanup/root_before_cleanup/results/human_eval/sampling_report.md;cleanup_20260506_final_code_artifact_cleanup/root_before_cleanup/submission_package/neurips2026_reviewer_artifact_anonymous/results/human_eval/sampling_report.md
151,466bff9203c8095c3faa83c511b8e1f7904c117fb77d7c56c07694ecc78baed5,128179,3,cleanup_20260506_final_code_artifact_cleanup/prior_reviewer_artifact_snapshot/results/hybrid/logs/pubmedqa_baseline_logs.json;cleanup_20260506_final_code_artifact_cleanup/root_before_cleanup/results/hybrid/logs/pubmedqa_baseline_logs.json;cleanup_20260506_final_code_artifact_cleanup/root_before_cleanup/submission_package/neurips2026_reviewer_artifact_anonymous/results/hybrid/logs/pubmedqa_baseline_logs.json
152,47012e15347ad80d4d15661ed7561525eb684c3110e3dc2399c1db8966159441,6027,4,cleanup_20260506_final_code_artifact_cleanup/prior_reviewer_artifact_snapshot/experiments/fix_11_raptor_full_table.py;cleanup_20260506_final_code_artifact_cleanup/root_before_cleanup/experiments/fix_11_raptor_full_table.py;cleanup_20260506_final_code_artifact_cleanup/root_before_cleanup/submission_package/neurips2026_reviewer_artifact_anonymous/experiments/fix_11_raptor_full_table.py;rag-hallucination-detection_main/experiments/fix_11_raptor_full_table.py
153,480e7b6e01f6f5be4fc5024f03096524df2170d64c3c825550503581451b4c77,5698,4,cleanup_20260506_final_code_artifact_cleanup/prior_reviewer_artifact_snapshot/scripts/repair_multidataset_rows.py;cleanup_20260506_final_code_artifact_cleanup/root_before_cleanup/scripts/repair_multidataset_rows.py;cleanup_20260506_final_code_artifact_cleanup/root_before_cleanup/submission_package/neurips2026_reviewer_artifact_anonymous/scripts/repair_multidataset_rows.py;rag-hallucination-detection_main/scripts/repair_multidataset_rows.py
154,487802a0f33daec6bb33ab6010cc9b11f9e671d80e6a45a4f18d79c37a20c86a,7786,4,cleanup_20260506_final_code_artifact_cleanup/prior_reviewer_artifact_snapshot/src/reranker.py;cleanup_20260506_final_code_artifact_cleanup/root_before_cleanup/src/reranker.py;cleanup_20260506_final_code_artifact_cleanup/root_before_cleanup/submission_package/neurips2026_reviewer_artifact_anonymous/src/reranker.py;rag-hallucination-detection_main/src/reranker.py
155,48d0ff114e980c5b46297abbf9fb0b30be2762d10e04b62304359b0f494e0bea,10879,3,cleanup_20260506_final_code_artifact_cleanup/prior_reviewer_artifact_snapshot/results/hcpc_v2/squad_hcpc_v1.csv;cleanup_20260506_final_code_artifact_cleanup/root_before_cleanup/results/hcpc_v2/squad_hcpc_v1.csv;cleanup_20260506_final_code_artifact_cleanup/root_before_cleanup/submission_package/neurips2026_reviewer_artifact_anonymous/results/hcpc_v2/squad_hcpc_v1.csv
156,4a4ff4f3fb0a28ef5408a83c4339bbf615232289c9c6ed77bc5ba2323beae8b9,428,3,cleanup_20260506_final_code_artifact_cleanup/prior_reviewer_artifact_snapshot/results/prompt_ablation/completed_tuples.json;cleanup_20260506_final_code_artifact_cleanup/root_before_cleanup/results/prompt_ablation/completed_tuples.json;cleanup_20260506_final_code_artifact_cleanup/root_before_cleanup/submission_package/neurips2026_reviewer_artifact_anonymous/results/prompt_ablation/completed_tuples.json
157,4a5b120838f223a76ab6426d144c9cc29ac9f28a20cfd1afe420b2caea29a781,806,3,moved_from_repo/papers/paper_longform/figures/disentanglement.tex;moved_from_repo/papers/paper_neurips/figures/disentanglement.tex;moved_from_repo/papers/ragpaper/figures/disentanglement.tex
158,4a5bfff31655c885472fa5d9974e47634058dec49c793e6344b37349bf9bb24a,30296,3,cleanup_20260506_final_code_artifact_cleanup/prior_reviewer_artifact_snapshot/results/hcpc_v2/pubmedqa_hcpc_v2.csv;cleanup_20260506_final_code_artifact_cleanup/root_before_cleanup/results/hcpc_v2/pubmedqa_hcpc_v2.csv;cleanup_20260506_final_code_artifact_cleanup/root_before_cleanup/submission_package/neurips2026_reviewer_artifact_anonymous/results/hcpc_v2/pubmedqa_hcpc_v2.csv
159,4a93c6cf159aec04183757dfc3d4664d17ebd28537495c13baf5d9df65a8e961,69313,3,cleanup_20260506_final_code_artifact_cleanup/prior_reviewer_artifact_snapshot/results/pubmedqa/ablation_chunk256_k3_strict.csv;cleanup_20260506_final_code_artifact_cleanup/root_before_cleanup/results/pubmedqa/ablation_chunk256_k3_strict.csv;cleanup_20260506_final_code_artifact_cleanup/root_before_cleanup/submission_package/neurips2026_reviewer_artifact_anonymous/results/pubmedqa/ablation_chunk256_k3_strict.csv
160,4b1cceed8118acce7258de72ab603108f0090b24cd418d10cdfdbde8779610d4,57,3,cleanup_20260506_final_code_artifact_cleanup/prior_reviewer_artifact_snapshot/results/longform/completed_tuples.json;cleanup_20260506_final_code_artifact_cleanup/root_before_cleanup/results/longform/completed_tuples.json;cleanup_20260506_final_code_artifact_cleanup/root_before_cleanup/submission_package/neurips2026_reviewer_artifact_anonymous/results/longform/completed_tuples.json
161,4b6d7e5450f06e93eff7c873b4c047dfd90bd782dd6e9bd506ada4d60d075c06,467,3,cleanup_20260506_final_code_artifact_cleanup/prior_reviewer_artifact_snapshot/results/human_disagreement_expansion/missing_human_labels_report.md;cleanup_20260506_final_code_artifact_cleanup/root_before_cleanup/results/human_disagreement_expansion/missing_human_labels_report.md;cleanup_20260506_final_code_artifact_cleanup/root_before_cleanup/submission_package/neurips2026_reviewer_artifact_anonymous/results/human_disagreement_expansion/missing_human_labels_report.md
162,4cdca7fdf3ca3f971a2f364ba59043342e3e8945963ac3e3ad32625e45bfbc4f,8116,3,cleanup_20260506_final_code_artifact_cleanup/prior_reviewer_artifact_snapshot/results/prompt_ablation/summary.md;cleanup_20260506_final_code_artifact_cleanup/root_before_cleanup/results/prompt_ablation/summary.md;cleanup_20260506_final_code_artifact_cleanup/root_before_cleanup/submission_package/neurips2026_reviewer_artifact_anonymous/results/prompt_ablation/summary.md
163,4d6c92ceb48b854cfdcbc14f8dd34a5d24f4d9f43abe80e82b0d028f663c181b,435,3,cleanup_20260506_final_code_artifact_cleanup/prior_reviewer_artifact_snapshot/results/revision/fix_09/summary.md;cleanup_20260506_final_code_artifact_cleanup/root_before_cleanup/results/revision/fix_09/summary.md;cleanup_20260506_final_code_artifact_cleanup/root_before_cleanup/submission_package/neurips2026_reviewer_artifact_anonymous/results/revision/fix_09/summary.md
164,4dcd47bc55d269928621bd5ff1f1a3f531334ee49259d11fc19ccb103d6fd982,238,4,cleanup_20260506_final_code_artifact_cleanup/prior_reviewer_artifact_snapshot/human_eval_final/n100_disagreement/human_disagreement_auroc_auprc.csv;cleanup_20260506_final_code_artifact_cleanup/root_before_cleanup/human_eval/n100_disagreement/human_disagreement_auroc_auprc.csv;cleanup_20260506_final_code_artifact_cleanup/root_before_cleanup/submission_package/neurips2026_reviewer_artifact_anonymous/human_eval_final/n100_disagreement/human_disagreement_auroc_auprc.csv;rag-hallucination-detection_main/human_eval_final/n100_disagreement/human_disagreement_auroc_auprc.csv
165,4dd212a79d1fddd9db6bf3a8b28f97e8509d9baac4d720c6be79b4c51daadc14,7056,3,cleanup_20260506_final_code_artifact_cleanup/prior_reviewer_artifact_snapshot/results/ablation_chunk256_k3_strict.csv;cleanup_20260506_final_code_artifact_cleanup/root_before_cleanup/results/ablation_chunk256_k3_strict.csv;cleanup_20260506_final_code_artifact_cleanup/root_before_cleanup/submission_package/neurips2026_reviewer_artifact_anonymous/results/ablation_chunk256_k3_strict.csv
166,4dd95bbc285609deccafb39b5642d0c85007d3560b901b2608c03eb411866470,432,3,cleanup_20260506_final_code_artifact_cleanup/prior_reviewer_artifact_snapshot/results/frontier_scale/paradox_by_scale.csv;cleanup_20260506_final_code_artifact_cleanup/root_before_cleanup/results/frontier_scale/paradox_by_scale.csv;cleanup_20260506_final_code_artifact_cleanup/root_before_cleanup/submission_package/neurips2026_reviewer_artifact_anonymous/results/frontier_scale/paradox_by_scale.csv
167,4dda196c658bfb2a8d9e4ee88cae1e78d2a1b3401f367d3bd2c970dc1b07a262,475,3,cleanup_20260506_final_code_artifact_cleanup/prior_reviewer_artifact_snapshot/results/raptor/raptor_vs_hcpc.csv;cleanup_20260506_final_code_artifact_cleanup/root_before_cleanup/results/raptor/raptor_vs_hcpc.csv;cleanup_20260506_final_code_artifact_cleanup/root_before_cleanup/submission_package/neurips2026_reviewer_artifact_anonymous/results/raptor/raptor_vs_hcpc.csv
168,4e6c7132d39f116ec5a2c331e4f6444a69461652bad8cc65528855b0611e3a57,646,3,cleanup_20260506_final_code_artifact_cleanup/prior_reviewer_artifact_snapshot/results/reranker/summary.csv;cleanup_20260506_final_code_artifact_cleanup/root_before_cleanup/results/reranker/summary.csv;cleanup_20260506_final_code_artifact_cleanup/root_before_cleanup/submission_package/neurips2026_reviewer_artifact_anonymous/results/reranker/summary.csv
169,4eb98e89f31f85b5f84904c4bd5a386c7169f423597208b84c1c54c1702ea3f0,75503,3,cleanup_20260506_final_code_artifact_cleanup/prior_reviewer_artifact_snapshot/results/hcpc_v2/logs/squad_hcpc_v1_logs.csv;cleanup_20260506_final_code_artifact_cleanup/root_before_cleanup/results/hcpc_v2/logs/squad_hcpc_v1_logs.csv;cleanup_20260506_final_code_artifact_cleanup/root_before_cleanup/submission_package/neurips2026_reviewer_artifact_anonymous/results/hcpc_v2/logs/squad_hcpc_v1_logs.csv
170,4edae29143b0d1a23dd7686597489a240a32f81110b38104e93ea5b3728ca0c1,1055,2,moved_from_repo/papers/paper_longform/figures/dataset_and_zeroshot.tex;moved_from_repo/papers/ragpaper/figures/dataset_and_zeroshot.tex
171,4f3f7f010dee338768bd934e732fed64980bb667fe09dce9fc076c5c838f23c8,13141,2,moved_from_repo/papers/paper_longform/figures/refinement_tradeoff.pdf;moved_from_repo/papers/ragpaper/figures/refinement_tradeoff.pdf
172,505215a2d3f0b363b1c7f5dc61d4de054120fdeddf6e501a4cb810aa476a9495,83488,3,cleanup_20260506_final_code_artifact_cleanup/prior_reviewer_artifact_snapshot/results/hcpc_v2/logs/squad_baseline_logs.json;cleanup_20260506_final_code_artifact_cleanup/root_before_cleanup/results/hcpc_v2/logs/squad_baseline_logs.json;cleanup_20260506_final_code_artifact_cleanup/root_before_cleanup/submission_package/neurips2026_reviewer_artifact_anonymous/results/hcpc_v2/logs/squad_baseline_logs.json
173,50ba47ea936c337c953b9ff493cd2b471bc8d34fa118e8bb0dfd12710123f5db,136,4,cleanup_20260506_final_code_artifact_cleanup/prior_reviewer_artifact_snapshot/results/revision/fix_01/matched_ccs_threshold_rates.csv;cleanup_20260506_final_code_artifact_cleanup/root_before_cleanup/results/revision/fix_01/matched_ccs_threshold_rates.csv;cleanup_20260506_final_code_artifact_cleanup/root_before_cleanup/submission_package/neurips2026_reviewer_artifact_anonymous/results/revision/fix_01/matched_ccs_threshold_rates.csv;rag-hallucination-detection_main/results/revision/fix_01/matched_ccs_threshold_rates.csv
174,50c7cf3a6be99dbca8e0afb96081c68f03c4cbf44934033ae2846eee2ea5480c,10969,3,cleanup_20260506_final_code_artifact_cleanup/prior_reviewer_artifact_snapshot/results/adaptive/squad_fixed_256.csv;cleanup_20260506_final_code_artifact_cleanup/root_before_cleanup/results/adaptive/squad_fixed_256.csv;cleanup_20260506_final_code_artifact_cleanup/root_before_cleanup/submission_package/neurips2026_reviewer_artifact_anonymous/results/adaptive/squad_fixed_256.csv
175,5111e21a26f4b14a671e14b2fce1856982d961c83a8b1fb335deb47392537e7c,42604,3,cleanup_20260506_final_code_artifact_cleanup/prior_reviewer_artifact_snapshot/results/multimodel/llama3_pubmedqa_chunk1024_k3_strict.csv;cleanup_20260506_final_code_artifact_cleanup/root_before_cleanup/results/multimodel/llama3_pubmedqa_chunk1024_k3_strict.csv;cleanup_20260506_final_code_artifact_cleanup/root_before_cleanup/submission_package/neurips2026_reviewer_artifact_anonymous/results/multimodel/llama3_pubmedqa_chunk1024_k3_strict.csv
176,5116f9b2ab2598dd839fad835425cd3cc9f3141cf8abe2191b3fde4273ca7d41,139396,3,cleanup_20260506_final_code_artifact_cleanup/prior_reviewer_artifact_snapshot/results/hybrid/logs/pubmedqa_hcpc_logs.json;cleanup_20260506_final_code_artifact_cleanup/root_before_cleanup/results/hybrid/logs/pubmedqa_hcpc_logs.json;cleanup_20260506_final_code_artifact_cleanup/root_before_cleanup/submission_package/neurips2026_reviewer_artifact_anonymous/results/hybrid/logs/pubmedqa_hcpc_logs.json
177,5153f64d26df90e97623cb2435d96ba60f8b7e3835320d791a2cb4fac172b73a,2710,4,cleanup_20260506_final_code_artifact_cleanup/prior_reviewer_artifact_snapshot/results/revision/fix_01/summary.md;cleanup_20260506_final_code_artifact_cleanup/root_before_cleanup/results/revision/fix_01/summary.md;cleanup_20260506_final_code_artifact_cleanup/root_before_cleanup/submission_package/neurips2026_reviewer_artifact_anonymous/results/revision/fix_01/summary.md;rag-hallucination-detection_main/results/revision/fix_01/summary.md
178,5219fe954ee3f87c29c92c7f1b34574dd1dceb33a07596ae808e38238383fa5c,138262,3,cleanup_20260506_final_code_artifact_cleanup/prior_reviewer_artifact_snapshot/results/hcpc_v2/logs/pubmedqa_hcpc_v1_logs.json;cleanup_20260506_final_code_artifact_cleanup/root_before_cleanup/results/hcpc_v2/logs/pubmedqa_hcpc_v1_logs.json;cleanup_20260506_final_code_artifact_cleanup/root_before_cleanup/submission_package/neurips2026_reviewer_artifact_anonymous/results/hcpc_v2/logs/pubmedqa_hcpc_v1_logs.json
179,52b3195d43e8b4e7fcb7bb6b2eedf12a4786ada3e05344d3e55f0f0945da85e0,370,3,cleanup_20260506_final_code_artifact_cleanup/prior_reviewer_artifact_snapshot/results/multiseed/variance_summary.csv;cleanup_20260506_final_code_artifact_cleanup/root_before_cleanup/results/multiseed/variance_summary.csv;cleanup_20260506_final_code_artifact_cleanup/root_before_cleanup/submission_package/neurips2026_reviewer_artifact_anonymous/results/multiseed/variance_summary.csv
180,52fd4668fc4f843f4aa8222acae8e02d3d4afb8d452df30e9027339599d53150,2112,3,cleanup_20260506_final_code_artifact_cleanup/prior_reviewer_artifact_snapshot/results/multimodel/summary.csv;cleanup_20260506_final_code_artifact_cleanup/root_before_cleanup/results/multimodel/summary.csv;cleanup_20260506_final_code_artifact_cleanup/root_before_cleanup/submission_package/neurips2026_reviewer_artifact_anonymous/results/multimodel/summary.csv
181,53d5bf99c52d4f3f6ec7d47cb2c2d7c2dcd17f19642364d266b44f0fbc348c81,27867,3,cleanup_20260506_final_code_artifact_cleanup/prior_reviewer_artifact_snapshot/results/adaptive/pubmedqa_fixed_512.csv;cleanup_20260506_final_code_artifact_cleanup/root_before_cleanup/results/adaptive/pubmedqa_fixed_512.csv;cleanup_20260506_final_code_artifact_cleanup/root_before_cleanup/submission_package/neurips2026_reviewer_artifact_anonymous/results/adaptive/pubmedqa_fixed_512.csv
182,5405b3484ba6e0fd5bf102bcc2dd9e4a53b1cbe4d7761d8d7adb591c96ee2955,160846,4,cleanup_20260506_final_code_artifact_cleanup/prior_reviewer_artifact_snapshot/results/revision/context_conditioned_nli/n99_with_ctx_scores.csv;cleanup_20260506_final_code_artifact_cleanup/root_before_cleanup/results/revision/context_conditioned_nli/n99_with_ctx_scores.csv;cleanup_20260506_final_code_artifact_cleanup/root_before_cleanup/submission_package/neurips2026_reviewer_artifact_anonymous/results/revision/context_conditioned_nli/n99_with_ctx_scores.csv;rag-hallucination-detection_main/results/revision/context_conditioned_nli/n99_with_ctx_scores.csv
183,540a29fc9ad998bf6b3fc03c504ed706f2126fbbc30571321bdaefccda05085e,157064,6,cleanup_20260506_final_code_artifact_cleanup/prior_reviewer_artifact_snapshot/results/human_disagreement_expansion/human_eval_rater1.csv;cleanup_20260506_final_code_artifact_cleanup/prior_reviewer_artifact_snapshot/results/human_disagreement_expansion/human_eval_rater2.csv;cleanup_20260506_final_code_artifact_cleanup/root_before_cleanup/results/human_disagreement_expansion/human_eval_rater1.csv;cleanup_20260506_final_code_artifact_cleanup/root_before_cleanup/results/human_disagreement_expansion/human_eval_rater2.csv;cleanup_20260506_final_code_artifact_cleanup/root_before_cleanup/submission_package/neurips2026_reviewer_artifact_anonymous/results/human_disagreement_expansion/human_eval_rater1.csv;cleanup_20260506_final_code_artifact_cleanup/root_before_cleanup/submission_package/neurips2026_reviewer_artifact_anonymous/results/human_disagreement_expansion/human_eval_rater2.csv
184,540b09488dc78949ca1cdbb1b819e3d88320c6fede8b096be6dffb891b666756,9879,3,cleanup_20260506_final_code_artifact_cleanup/prior_reviewer_artifact_snapshot/results/summary.md;cleanup_20260506_final_code_artifact_cleanup/root_before_cleanup/results/summary.md;cleanup_20260506_final_code_artifact_cleanup/root_before_cleanup/submission_package/neurips2026_reviewer_artifact_anonymous/results/summary.md
185,549d55fabc09beab0cf27a3f4aef890ca9ca7167ce2c1bedfa5ae73cd353d801,349,4,cleanup_20260506_final_code_artifact_cleanup/prior_reviewer_artifact_snapshot/results/revision/fix_14/second_generator_correlations.csv;cleanup_20260506_final_code_artifact_cleanup/root_before_cleanup/results/revision/fix_14/second_generator_correlations.csv;cleanup_20260506_final_code_artifact_cleanup/root_before_cleanup/submission_package/neurips2026_reviewer_artifact_anonymous/results/revision/fix_14/second_generator_correlations.csv;rag-hallucination-detection_main/results/revision/fix_14/second_generator_correlations.csv
186,54b8ee05b005f991fa204dd167bd1dd7f4e947f64060863d70944776220e02da,12221,2,moved_from_repo/Controlled_RAG___Saket/checklist.tex;rag-hallucination-detection_main/Controlled_RAG___Saket/checklist.tex
187,5547a16e0995b323f700925a523efd306296301e38f81ba99d52888710c6d701,373,3,cleanup_20260506_final_code_artifact_cleanup/prior_reviewer_artifact_snapshot/results/rag_vs_zeroshot/table_2x2.csv;cleanup_20260506_final_code_artifact_cleanup/root_before_cleanup/results/rag_vs_zeroshot/table_2x2.csv;cleanup_20260506_final_code_artifact_cleanup/root_before_cleanup/submission_package/neurips2026_reviewer_artifact_anonymous/results/rag_vs_zeroshot/table_2x2.csv
188,557689d9f01a9eed03ddaef9592f62decf56077a7f2713384275e0df67299fb1,22764,3,cleanup_20260506_final_code_artifact_cleanup/prior_reviewer_artifact_snapshot/results/multimodel/mistral_squad_chunk512_k5_cot.csv;cleanup_20260506_final_code_artifact_cleanup/root_before_cleanup/results/multimodel/mistral_squad_chunk512_k5_cot.csv;cleanup_20260506_final_code_artifact_cleanup/root_before_cleanup/submission_package/neurips2026_reviewer_artifact_anonymous/results/multimodel/mistral_squad_chunk512_k5_cot.csv
189,559141c84345da89c361a3421180bb184cc10248496a40d9db42a402ca41a9d6,21574,3,cleanup_20260506_final_code_artifact_cleanup/prior_reviewer_artifact_snapshot/results/multimodel/mistral_squad_chunk512_k5_strict.csv;cleanup_20260506_final_code_artifact_cleanup/root_before_cleanup/results/multimodel/mistral_squad_chunk512_k5_strict.csv;cleanup_20260506_final_code_artifact_cleanup/root_before_cleanup/submission_package/neurips2026_reviewer_artifact_anonymous/results/multimodel/mistral_squad_chunk512_k5_strict.csv
190,5599ce2b97f20561a4174ed7d97ff40b8139887f9278210f74be0543cdcbc413,8745,4,cleanup_20260506_final_code_artifact_cleanup/prior_reviewer_artifact_snapshot/experiments/run_temperature_sensitivity.py;cleanup_20260506_final_code_artifact_cleanup/root_before_cleanup/experiments/run_temperature_sensitivity.py;cleanup_20260506_final_code_artifact_cleanup/root_before_cleanup/submission_package/neurips2026_reviewer_artifact_anonymous/experiments/run_temperature_sensitivity.py;rag-hallucination-detection_main/experiments/run_temperature_sensitivity.py
191,5623954b92637152398e0415a32279ca8cd904d7bc6d4e36483749e792a66df8,21705,3,cleanup_20260506_final_code_artifact_cleanup/prior_reviewer_artifact_snapshot/results/reranker/llama3_squad_chunk512_baseline.csv;cleanup_20260506_final_code_artifact_cleanup/root_before_cleanup/results/reranker/llama3_squad_chunk512_baseline.csv;cleanup_20260506_final_code_artifact_cleanup/root_before_cleanup/submission_package/neurips2026_reviewer_artifact_anonymous/results/reranker/llama3_squad_chunk512_baseline.csv
192,56994b715cbad5fc6b58df1415e4c18bc7e94a30eb7fa1607fd00c8695707d92,2992,2,cleanup_20260506_final_code_artifact_cleanup/prior_reviewer_artifact_snapshot/artifact_manifest.md;cleanup_20260506_final_code_artifact_cleanup/root_before_cleanup/submission_package/neurips2026_reviewer_artifact_anonymous/artifact_manifest.md
193,56a300c9e203dd5a4dfb206add1afa4c32026366405100b1439fde27b2caa96d,3847,3,cleanup_20260506_final_code_artifact_cleanup/prior_reviewer_artifact_snapshot/results/quantization_sensitivity/summary.md;cleanup_20260506_final_code_artifact_cleanup/root_before_cleanup/results/quantization_sensitivity/summary.md;cleanup_20260506_final_code_artifact_cleanup/root_before_cleanup/submission_package/neurips2026_reviewer_artifact_anonymous/results/quantization_sensitivity/summary.md
194,572ce40b888df1624156b800c73955c92b8e157e1ea931f2e74db8cea4f2317b,4961,4,cleanup_20260506_final_code_artifact_cleanup/prior_reviewer_artifact_snapshot/experiments/analyze_human_eval.py;cleanup_20260506_final_code_artifact_cleanup/root_before_cleanup/experiments/analyze_human_eval.py;cleanup_20260506_final_code_artifact_cleanup/root_before_cleanup/submission_package/neurips2026_reviewer_artifact_anonymous/experiments/analyze_human_eval.py;rag-hallucination-detection_main/experiments/analyze_human_eval.py
195,574b069fe93c67b961ce492d251a0fd34ea7d9a5fe0b8029d09bdfbbd570e5cd,13443,2,moved_from_repo/papers/paper_longform/figures/ccs_hallucination.pdf;moved_from_repo/papers/ragpaper/figures/ccs_hallucination.pdf
196,57563c80f21a8c7506cf28882228ac2bad26433d50b185389e6c28fcdf00b1d0,108647,3,cleanup_20260506_final_code_artifact_cleanup/prior_reviewer_artifact_snapshot/results/hcpc_v2/logs/pubmedqa_baseline_logs.csv;cleanup_20260506_final_code_artifact_cleanup/root_before_cleanup/results/hcpc_v2/logs/pubmedqa_baseline_logs.csv;cleanup_20260506_final_code_artifact_cleanup/root_before_cleanup/submission_package/neurips2026_reviewer_artifact_anonymous/results/hcpc_v2/logs/pubmedqa_baseline_logs.csv
197,57d4e57d1cb71954fef3e6f54ad6a29e0977a7ef0592c05805947a0ee81d8963,43498,3,cleanup_20260506_final_code_artifact_cleanup/prior_reviewer_artifact_snapshot/results/multimodel/mistral_pubmedqa_chunk512_k5_strict.csv;cleanup_20260506_final_code_artifact_cleanup/root_before_cleanup/results/multimodel/mistral_pubmedqa_chunk512_k5_strict.csv;cleanup_20260506_final_code_artifact_cleanup/root_before_cleanup/submission_package/neurips2026_reviewer_artifact_anonymous/results/multimodel/mistral_pubmedqa_chunk512_k5_strict.csv
198,598ad95a7abe2cba348b2c8176b863cd5d8359c8744d0c9754bc6c4cb79cd44f,407,3,cleanup_20260506_final_code_artifact_cleanup/prior_reviewer_artifact_snapshot/results/ablation_summary.csv;cleanup_20260506_final_code_artifact_cleanup/root_before_cleanup/results/ablation_summary.csv;cleanup_20260506_final_code_artifact_cleanup/root_before_cleanup/submission_package/neurips2026_reviewer_artifact_anonymous/results/ablation_summary.csv
199,59f46eec51218280c81d2946b858befe0587ff732a724e30600999f178d98d90,11840,2,moved_from_repo/papers/paper_longform/figures/zeroshot_comparison.pdf;moved_from_repo/papers/ragpaper/figures/zeroshot_comparison.pdf
200,5afc83d1c2467bc5d1cfe4ba77ff0c6f600d6e944d99ae1c79b9f8e905f532c9,3392,4,cleanup_20260506_final_code_artifact_cleanup/prior_reviewer_artifact_snapshot/src/evaluator.py;cleanup_20260506_final_code_artifact_cleanup/root_before_cleanup/src/evaluator.py;cleanup_20260506_final_code_artifact_cleanup/root_before_cleanup/submission_package/neurips2026_reviewer_artifact_anonymous/src/evaluator.py;rag-hallucination-detection_main/src/evaluator.py
201,5b8a5e1bc3be3a4938ff46158e24d1946c1fc00e0cd832cddc57185f1b73694e,134,3,cleanup_20260506_final_code_artifact_cleanup/prior_reviewer_artifact_snapshot/results/frontier_scale/completed_tuples.json;cleanup_20260506_final_code_artifact_cleanup/root_before_cleanup/results/frontier_scale/completed_tuples.json;cleanup_20260506_final_code_artifact_cleanup/root_before_cleanup/submission_package/neurips2026_reviewer_artifact_anonymous/results/frontier_scale/completed_tuples.json
202,5bfb5b370313952bd9fc438b1a3c71545abcd6aef252c376ed70bd78d86cff39,6539,3,cleanup_20260506_final_code_artifact_cleanup/prior_reviewer_artifact_snapshot/results/mechanistic/per_pair.csv;cleanup_20260506_final_code_artifact_cleanup/root_before_cleanup/results/mechanistic/per_pair.csv;cleanup_20260506_final_code_artifact_cleanup/root_before_cleanup/submission_package/neurips2026_reviewer_artifact_anonymous/results/mechanistic/per_pair.csv
203,5c1f5864efe724a56b0cfb1581952025967bae04726c3125d9bf6bb4f6622cc8,70105,3,cleanup_20260506_final_code_artifact_cleanup/prior_reviewer_artifact_snapshot/results/pubmedqa/ablation_chunk256_k3_cot.csv;cleanup_20260506_final_code_artifact_cleanup/root_before_cleanup/results/pubmedqa/ablation_chunk256_k3_cot.csv;cleanup_20260506_final_code_artifact_cleanup/root_before_cleanup/submission_package/neurips2026_reviewer_artifact_anonymous/results/pubmedqa/ablation_chunk256_k3_cot.csv
204,5d3a329634f3d4b56c9dc96c58a6d0eb7e98b9a9726d7dacffbd6118a8c43c5c,1789,4,cleanup_20260506_final_code_artifact_cleanup/prior_reviewer_artifact_snapshot/human_eval_final/n100_disagreement/human_disagreement_bootstrap_cis.csv;cleanup_20260506_final_code_artifact_cleanup/root_before_cleanup/human_eval/n100_disagreement/human_disagreement_bootstrap_cis.csv;cleanup_20260506_final_code_artifact_cleanup/root_before_cleanup/submission_package/neurips2026_reviewer_artifact_anonymous/human_eval_final/n100_disagreement/human_disagreement_bootstrap_cis.csv;rag-hallucination-detection_main/human_eval_final/n100_disagreement/human_disagreement_bootstrap_cis.csv
205,5d4e2cd15ee652181af4727d9c2eb3d9c4556da41a6f541af28f398b6c6f7b00,16371,4,cleanup_20260506_final_code_artifact_cleanup/prior_reviewer_artifact_snapshot/experiments/run_adaptive_chunking_ablation.py;cleanup_20260506_final_code_artifact_cleanup/root_before_cleanup/experiments/run_adaptive_chunking_ablation.py;cleanup_20260506_final_code_artifact_cleanup/root_before_cleanup/submission_package/neurips2026_reviewer_artifact_anonymous/experiments/run_adaptive_chunking_ablation.py;rag-hallucination-detection_main/experiments/run_adaptive_chunking_ablation.py
206,5e2bd42806c042c93be513c94a68f39757c5f655abe88eb620950c560fad9a74,8876,4,cleanup_20260506_final_code_artifact_cleanup/prior_reviewer_artifact_snapshot/src/crag_retriever.py;cleanup_20260506_final_code_artifact_cleanup/root_before_cleanup/src/crag_retriever.py;cleanup_20260506_final_code_artifact_cleanup/root_before_cleanup/submission_package/neurips2026_reviewer_artifact_anonymous/src/crag_retriever.py;rag-hallucination-detection_main/src/crag_retriever.py
207,5e40c50caffc6d679a0a6895ff452ed8e3147c9b9b5aa9a99bfaadd385f747f2,7661,3,cleanup_20260506_final_code_artifact_cleanup/prior_reviewer_artifact_snapshot/results/adaptive/squad_fixed_1024.csv;cleanup_20260506_final_code_artifact_cleanup/root_before_cleanup/results/adaptive/squad_fixed_1024.csv;cleanup_20260506_final_code_artifact_cleanup/root_before_cleanup/submission_package/neurips2026_reviewer_artifact_anonymous/results/adaptive/squad_fixed_1024.csv
208,5ed90e7d62ad2c05e38c130c4b5ab0d7177dc9ceb142e33e81ec31df9a907325,332,4,cleanup_20260506_final_code_artifact_cleanup/prior_reviewer_artifact_snapshot/results/revision/fix_04/generalization_flags.csv;cleanup_20260506_final_code_artifact_cleanup/root_before_cleanup/results/revision/fix_04/generalization_flags.csv;cleanup_20260506_final_code_artifact_cleanup/root_before_cleanup/submission_package/neurips2026_reviewer_artifact_anonymous/results/revision/fix_04/generalization_flags.csv;rag-hallucination-detection_main/results/revision/fix_04/generalization_flags.csv
209,5fde216f5d664f00a3f1814ffece5b70ad2b58b139f48c69cf45b0fbd297ec70,6329,3,cleanup_20260506_final_code_artifact_cleanup/prior_reviewer_artifact_snapshot/results/ablation_chunk256_k5_cot.csv;cleanup_20260506_final_code_artifact_cleanup/root_before_cleanup/results/ablation_chunk256_k5_cot.csv;cleanup_20260506_final_code_artifact_cleanup/root_before_cleanup/submission_package/neurips2026_reviewer_artifact_anonymous/results/ablation_chunk256_k5_cot.csv
210,607d976183ce89b94d2b7c1cf22c639e85d58c66c9aeb618b69d0b37c0a33098,537,4,cleanup_20260506_final_code_artifact_cleanup/prior_reviewer_artifact_snapshot/results/revision/fix_02/headline_table_gpu0.csv;cleanup_20260506_final_code_artifact_cleanup/root_before_cleanup/results/revision/fix_02/headline_table_gpu0.csv;cleanup_20260506_final_code_artifact_cleanup/root_before_cleanup/submission_package/neurips2026_reviewer_artifact_anonymous/results/revision/fix_02/headline_table_gpu0.csv;rag-hallucination-detection_main/results/revision/fix_02/headline_table_gpu0.csv
211,60a9184bad43b2fd4d78cff440f25efb77fe72eebc01541595c99813b63def51,14322,3,cleanup_20260506_final_code_artifact_cleanup/prior_reviewer_artifact_snapshot/scripts/analyze_human_disagreement_labels.py;cleanup_20260506_final_code_artifact_cleanup/root_before_cleanup/scripts/analyze_human_disagreement_labels.py;cleanup_20260506_final_code_artifact_cleanup/root_before_cleanup/submission_package/neurips2026_reviewer_artifact_anonymous/scripts/analyze_human_disagreement_labels.py
212,60f59d26b2f67233f16c29c5eed3e666eb74a804d358f779a4b1040bd21049e5,159734,4,cleanup_20260506_final_code_artifact_cleanup/prior_reviewer_artifact_snapshot/human_eval_final/n100_disagreement/human_eval_rater2.csv;cleanup_20260506_final_code_artifact_cleanup/root_before_cleanup/human_eval/n100_disagreement/human_eval_rater2.csv;cleanup_20260506_final_code_artifact_cleanup/root_before_cleanup/submission_package/neurips2026_reviewer_artifact_anonymous/human_eval_final/n100_disagreement/human_eval_rater2.csv;rag-hallucination-detection_main/human_eval_final/n100_disagreement/human_eval_rater2.csv
213,6182ec80bd0d57ae8ec1184e79265319b0a2873a05ce9040abb6af49d8d25cd3,5038,2,moved_from_repo/papers/paper_longform/sections/benchmark.tex;moved_from_repo/papers/ragpaper/sections/benchmark.tex
214,61d96a0c43bce1ba0bd68db18e0ea231f7611a4b277f634cce2b74b2643ca541,5643,2,moved_from_repo/Controlled_RAG___Saket/neurips_2026.tex;rag-hallucination-detection_main/Controlled_RAG___Saket/neurips_2026.tex
215,625cb386d70c05d027c2f7137a66870aaeae59cb61ff2089648d1e3c24b69fa4,37811,4,cleanup_20260506_final_code_artifact_cleanup/prior_reviewer_artifact_snapshot/experiments/fix_01_causal_matched_pairs.py;cleanup_20260506_final_code_artifact_cleanup/root_before_cleanup/experiments/fix_01_causal_matched_pairs.py;cleanup_20260506_final_code_artifact_cleanup/root_before_cleanup/submission_package/neurips2026_reviewer_artifact_anonymous/experiments/fix_01_causal_matched_pairs.py;rag-hallucination-detection_main/experiments/fix_01_causal_matched_pairs.py
216,628a1e91d51ce5010e3a419af23220c438746ba640afbccdb1ab2fdb901fa8d6,106,3,cleanup_20260506_final_code_artifact_cleanup/prior_reviewer_artifact_snapshot/results/ablation_chunk512_k3_strict_scores.csv;cleanup_20260506_final_code_artifact_cleanup/root_before_cleanup/results/ablation_chunk512_k3_strict_scores.csv;cleanup_20260506_final_code_artifact_cleanup/root_before_cleanup/submission_package/neurips2026_reviewer_artifact_anonymous/results/ablation_chunk512_k3_strict_scores.csv
217,62933fb2249f3828e04f188556fc4b915d0a468f627489ab75036ae6e2ec016b,917,4,cleanup_20260506_final_code_artifact_cleanup/prior_reviewer_artifact_snapshot/results/revision/fix_11/summary.md;cleanup_20260506_final_code_artifact_cleanup/root_before_cleanup/results/revision/fix_11/summary.md;cleanup_20260506_final_code_artifact_cleanup/root_before_cleanup/submission_package/neurips2026_reviewer_artifact_anonymous/results/revision/fix_11/summary.md;rag-hallucination-detection_main/results/revision/fix_11/summary.md
218,62b87a6172ef3d5eff34af7fd5d90e7d532d7685dcfd8a2bd18235d305fc5ad5,9943,3,cleanup_20260506_final_code_artifact_cleanup/prior_reviewer_artifact_snapshot/results/hcpc_v2/squad_hcpc_v2.csv;cleanup_20260506_final_code_artifact_cleanup/root_before_cleanup/results/hcpc_v2/squad_hcpc_v2.csv;cleanup_20260506_final_code_artifact_cleanup/root_before_cleanup/submission_package/neurips2026_reviewer_artifact_anonymous/results/hcpc_v2/squad_hcpc_v2.csv
219,636afc1d68ceca32ea36a500da1c65aa261ef7d199336f50f040568d620c047d,398,4,cleanup_20260506_final_code_artifact_cleanup/prior_reviewer_artifact_snapshot/human_eval_final/n99_calibration/human_eval_verification.csv;cleanup_20260506_final_code_artifact_cleanup/root_before_cleanup/human_eval/n99_calibration/human_eval_verification.csv;cleanup_20260506_final_code_artifact_cleanup/root_before_cleanup/submission_package/neurips2026_reviewer_artifact_anonymous/human_eval_final/n99_calibration/human_eval_verification.csv;rag-hallucination-detection_main/human_eval_final/n99_calibration/human_eval_verification.csv
220,6383a846bcb024a04af2dbf4262d0b10b06f6ae131cc6e2f75bd3f169a26822f,13996,4,cleanup_20260506_final_code_artifact_cleanup/prior_reviewer_artifact_snapshot/experiments/run_multi_retriever_ablation.py;cleanup_20260506_final_code_artifact_cleanup/root_before_cleanup/experiments/run_multi_retriever_ablation.py;cleanup_20260506_final_code_artifact_cleanup/root_before_cleanup/submission_package/neurips2026_reviewer_artifact_anonymous/experiments/run_multi_retriever_ablation.py;rag-hallucination-detection_main/experiments/run_multi_retriever_ablation.py
221,63a5adb9debd1ce3d479011763acdf87af94667bda995386ea4dac0e362a647e,20493,3,cleanup_20260506_final_code_artifact_cleanup/prior_reviewer_artifact_snapshot/results/reranker/llama3_squad_chunk1024_reranked.csv;cleanup_20260506_final_code_artifact_cleanup/root_before_cleanup/results/reranker/llama3_squad_chunk1024_reranked.csv;cleanup_20260506_final_code_artifact_cleanup/root_before_cleanup/submission_package/neurips2026_reviewer_artifact_anonymous/results/reranker/llama3_squad_chunk1024_reranked.csv
222,63b29b6729e65485699e949c3c76464fcf7373e26204f230c1b4f7b54dfd13c3,363,2,moved_from_repo/papers/paper_longform/figures/threshold_plateau.tex;moved_from_repo/papers/ragpaper/figures/threshold_plateau.tex
223,642df44f74524436232d67abb1de6371e050f1ed8308a9c6f104db93239c4865,23622,4,cleanup_20260506_final_code_artifact_cleanup/prior_reviewer_artifact_snapshot/src/hcpc_v2_retriever.py;cleanup_20260506_final_code_artifact_cleanup/root_before_cleanup/src/hcpc_v2_retriever.py;cleanup_20260506_final_code_artifact_cleanup/root_before_cleanup/submission_package/neurips2026_reviewer_artifact_anonymous/src/hcpc_v2_retriever.py;rag-hallucination-detection_main/src/hcpc_v2_retriever.py
224,644ee92416c76bc16bd62a4ed14778b22ff06d1d4165063e184dcf66fed292eb,7289,3,cleanup_20260506_final_code_artifact_cleanup/prior_reviewer_artifact_snapshot/results/adaptive/squad_semantic_loose.csv;cleanup_20260506_final_code_artifact_cleanup/root_before_cleanup/results/adaptive/squad_semantic_loose.csv;cleanup_20260506_final_code_artifact_cleanup/root_before_cleanup/submission_package/neurips2026_reviewer_artifact_anonymous/results/adaptive/squad_semantic_loose.csv
225,651196aa54f71f2e144c6ebe58d89cac6d404698872babd3b51de2a58fc5b5f8,7432,4,cleanup_20260506_final_code_artifact_cleanup/prior_reviewer_artifact_snapshot/experiments/run_crossencoder_sensitivity.py;cleanup_20260506_final_code_artifact_cleanup/root_before_cleanup/experiments/run_crossencoder_sensitivity.py;cleanup_20260506_final_code_artifact_cleanup/root_before_cleanup/submission_package/neurips2026_reviewer_artifact_anonymous/experiments/run_crossencoder_sensitivity.py;rag-hallucination-detection_main/experiments/run_crossencoder_sensitivity.py
226,654e01a6bf1bdb439b567fcc76b82492326d31a8abd33873d78c9b93509d9d77,22121,3,cleanup_20260506_final_code_artifact_cleanup/prior_reviewer_artifact_snapshot/results/multimodel/llama3_squad_chunk256_k3_cot.csv;cleanup_20260506_final_code_artifact_cleanup/root_before_cleanup/results/multimodel/llama3_squad_chunk256_k3_cot.csv;cleanup_20260506_final_code_artifact_cleanup/root_before_cleanup/submission_package/neurips2026_reviewer_artifact_anonymous/results/multimodel/llama3_squad_chunk256_k3_cot.csv
227,65ae56c7da0ff49de510c9e681149f38a3a93de1351b66d6ca27aa15aa0e35a3,127,3,cleanup_20260506_final_code_artifact_cleanup/prior_reviewer_artifact_snapshot/results/mech_classifier/cv_results.csv;cleanup_20260506_final_code_artifact_cleanup/root_before_cleanup/results/mech_classifier/cv_results.csv;cleanup_20260506_final_code_artifact_cleanup/root_before_cleanup/submission_package/neurips2026_reviewer_artifact_anonymous/results/mech_classifier/cv_results.csv
228,65e144c0cc5903ce872f53068c0a8c691b90fcfcff4e37844212869806b3b9f9,435,3,cleanup_20260506_final_code_artifact_cleanup/prior_reviewer_artifact_snapshot/results/temperature_sensitivity/paradox_by_temp.csv;cleanup_20260506_final_code_artifact_cleanup/root_before_cleanup/results/temperature_sensitivity/paradox_by_temp.csv;cleanup_20260506_final_code_artifact_cleanup/root_before_cleanup/submission_package/neurips2026_reviewer_artifact_anonymous/results/temperature_sensitivity/paradox_by_temp.csv
229,65f015fb33a6377a8668f0fb0972e184c6bb2811daa06960b58b8ee66c8b1e11,181,3,cleanup_20260506_final_code_artifact_cleanup/prior_reviewer_artifact_snapshot/results/zeroshot/summary.csv;cleanup_20260506_final_code_artifact_cleanup/root_before_cleanup/results/zeroshot/summary.csv;cleanup_20260506_final_code_artifact_cleanup/root_before_cleanup/submission_package/neurips2026_reviewer_artifact_anonymous/results/zeroshot/summary.csv
230,65f6ec688c9a96a18afb1fa693131c69cedf02c407ddcd10928fe0bc23a99c42,176698,3,cleanup_20260506_final_code_artifact_cleanup/prior_reviewer_artifact_snapshot/results/qualitative/chunk_comparison.csv;cleanup_20260506_final_code_artifact_cleanup/root_before_cleanup/results/qualitative/chunk_comparison.csv;cleanup_20260506_final_code_artifact_cleanup/root_before_cleanup/submission_package/neurips2026_reviewer_artifact_anonymous/results/qualitative/chunk_comparison.csv
231,65fddd06be628e652c2c99e3e9b4b89c5fde1b1f8c74585e2c0e9a9b1670a0f0,157321,3,cleanup_20260506_final_code_artifact_cleanup/prior_reviewer_artifact_snapshot/results/human_disagreement_expansion/human_eval_adjudication_template.csv;cleanup_20260506_final_code_artifact_cleanup/root_before_cleanup/results/human_disagreement_expansion/human_eval_adjudication_template.csv;cleanup_20260506_final_code_artifact_cleanup/root_before_cleanup/submission_package/neurips2026_reviewer_artifact_anonymous/results/human_disagreement_expansion/human_eval_adjudication_template.csv
232,660426fe98899045789e51072b696b8f599098662118d65949aac7e5fc457be7,100877,3,cleanup_20260506_final_code_artifact_cleanup/prior_reviewer_artifact_snapshot/results/pubmedqa/ablation_chunk256_k5_cot.csv;cleanup_20260506_final_code_artifact_cleanup/root_before_cleanup/results/pubmedqa/ablation_chunk256_k5_cot.csv;cleanup_20260506_final_code_artifact_cleanup/root_before_cleanup/submission_package/neurips2026_reviewer_artifact_anonymous/results/pubmedqa/ablation_chunk256_k5_cot.csv
233,66071f53c43b107f7ec5898fe580dca96c36ebfe6df935d58b9930d9eee7d99c,938,4,cleanup_20260506_final_code_artifact_cleanup/prior_reviewer_artifact_snapshot/results/revision/context_conditioned_nli/contrasts_n600.csv;cleanup_20260506_final_code_artifact_cleanup/root_before_cleanup/results/revision/context_conditioned_nli/contrasts_n600.csv;cleanup_20260506_final_code_artifact_cleanup/root_before_cleanup/submission_package/neurips2026_reviewer_artifact_anonymous/results/revision/context_conditioned_nli/contrasts_n600.csv;rag-hallucination-detection_main/results/revision/context_conditioned_nli/contrasts_n600.csv
234,66193f33dc1edf72edb14d04c9af98c07d73d0e3586f2af80750dc3ed218c41b,514,3,cleanup_20260506_final_code_artifact_cleanup/prior_reviewer_artifact_snapshot/results/crossencoder_sensitivity/paradox_by_ce.csv;cleanup_20260506_final_code_artifact_cleanup/root_before_cleanup/results/crossencoder_sensitivity/paradox_by_ce.csv;cleanup_20260506_final_code_artifact_cleanup/root_before_cleanup/submission_package/neurips2026_reviewer_artifact_anonymous/results/crossencoder_sensitivity/paradox_by_ce.csv
235,664f4e949727363a8496d502f0de6eb06d5a4142c2747af082d3eba9a561a500,5141,3,cleanup_20260506_final_code_artifact_cleanup/prior_reviewer_artifact_snapshot/results/ablation_chunk512_k3_cot.csv;cleanup_20260506_final_code_artifact_cleanup/root_before_cleanup/results/ablation_chunk512_k3_cot.csv;cleanup_20260506_final_code_artifact_cleanup/root_before_cleanup/submission_package/neurips2026_reviewer_artifact_anonymous/results/ablation_chunk512_k3_cot.csv
236,66a360d64c77036378df38de264d6eb62176768bfd5e4ceefc4a5e3e7d057c60,9547,3,cleanup_20260506_final_code_artifact_cleanup/prior_reviewer_artifact_snapshot/results/hybrid/squad_hcpc.csv;cleanup_20260506_final_code_artifact_cleanup/root_before_cleanup/results/hybrid/squad_hcpc.csv;cleanup_20260506_final_code_artifact_cleanup/root_before_cleanup/submission_package/neurips2026_reviewer_artifact_anonymous/results/hybrid/squad_hcpc.csv
237,66efcd3f2a4eb1539e947a3460bcad04c93488f327839da6b13d61af411de9da,573,3,cleanup_20260506_final_code_artifact_cleanup/prior_reviewer_artifact_snapshot/results/topk_sensitivity/paradox_by_k.csv;cleanup_20260506_final_code_artifact_cleanup/root_before_cleanup/results/topk_sensitivity/paradox_by_k.csv;cleanup_20260506_final_code_artifact_cleanup/root_before_cleanup/submission_package/neurips2026_reviewer_artifact_anonymous/results/topk_sensitivity/paradox_by_k.csv
238,66fe6a0b486612243d1ea9750f096a2b9d135f5fd5b951078bda4fae6d974c7e,4710,3,cleanup_20260506_final_code_artifact_cleanup/prior_reviewer_artifact_snapshot/results/rag_vs_zeroshot/summary.md;cleanup_20260506_final_code_artifact_cleanup/root_before_cleanup/results/rag_vs_zeroshot/summary.md;cleanup_20260506_final_code_artifact_cleanup/root_before_cleanup/submission_package/neurips2026_reviewer_artifact_anonymous/results/rag_vs_zeroshot/summary.md
239,67dffa2bbeb0a64dfd9baac5bc721fa5159c13e47b0329c4784a157c18d055ed,1952,3,cleanup_20260506_final_code_artifact_cleanup/prior_reviewer_artifact_snapshot/results/human_disagreement_expansion/human_eval_codebook.md;cleanup_20260506_final_code_artifact_cleanup/root_before_cleanup/results/human_disagreement_expansion/human_eval_codebook.md;cleanup_20260506_final_code_artifact_cleanup/root_before_cleanup/submission_package/neurips2026_reviewer_artifact_anonymous/results/human_disagreement_expansion/human_eval_codebook.md
240,67ecd3137f41f9379dbc3b019e09842fe596d7bea927cfddbaa19140a0da82a9,45381,3,cleanup_20260506_final_code_artifact_cleanup/prior_reviewer_artifact_snapshot/results/multimodel/mistral_pubmedqa_chunk1024_k3_cot.csv;cleanup_20260506_final_code_artifact_cleanup/root_before_cleanup/results/multimodel/mistral_pubmedqa_chunk1024_k3_cot.csv;cleanup_20260506_final_code_artifact_cleanup/root_before_cleanup/submission_package/neurips2026_reviewer_artifact_anonymous/results/multimodel/mistral_pubmedqa_chunk1024_k3_cot.csv
241,6867bbac08550c0af3e46a517b47b92a1de0dc565cba32459038b708711c984d,212,7,cleanup_20260506_final_code_artifact_cleanup/prior_reviewer_artifact_snapshot/human_eval_final/n100_disagreement/scorer_score_summary.csv;cleanup_20260506_final_code_artifact_cleanup/prior_reviewer_artifact_snapshot/results/human_disagreement_expansion/scorer_score_summary.csv;cleanup_20260506_final_code_artifact_cleanup/root_before_cleanup/human_eval/n100_disagreement/scorer_score_summary.csv;cleanup_20260506_final_code_artifact_cleanup/root_before_cleanup/results/human_disagreement_expansion/scorer_score_summary.csv;cleanup_20260506_final_code_artifact_cleanup/root_before_cleanup/submission_package/neurips2026_reviewer_artifact_anonymous/human_eval_final/n100_disagreement/scorer_score_summary.csv;cleanup_20260506_final_code_artifact_cleanup/root_before_cleanup/submission_package/neurips2026_reviewer_artifact_anonymous/results/human_disagreement_expansion/scorer_score_summary.csv;rag-hallucination-detection_main/human_eval_final/n100_disagreement/scorer_score_summary.csv
242,691c1a0c25dedb7827517689a9806e0fa32c45e0f6a482735f3bfb43f5e7ffc7,8584,4,cleanup_20260506_final_code_artifact_cleanup/prior_reviewer_artifact_snapshot/scripts/build_results_summary.py;cleanup_20260506_final_code_artifact_cleanup/root_before_cleanup/scripts/build_results_summary.py;cleanup_20260506_final_code_artifact_cleanup/root_before_cleanup/submission_package/neurips2026_reviewer_artifact_anonymous/scripts/build_results_summary.py;rag-hallucination-detection_main/scripts/build_results_summary.py
243,69a5f43c221f8745d979108c3f14f1f11cdb1ba28b0d285d24858e8882f15c85,794,3,cleanup_20260506_final_code_artifact_cleanup/prior_reviewer_artifact_snapshot/results/disentanglement/quartile_table.csv;cleanup_20260506_final_code_artifact_cleanup/root_before_cleanup/results/disentanglement/quartile_table.csv;cleanup_20260506_final_code_artifact_cleanup/root_before_cleanup/submission_package/neurips2026_reviewer_artifact_anonymous/results/disentanglement/quartile_table.csv
244,6a7676f47d87b64e353a4058d37cef977619c806d2748e76807d7d6672e7c07f,21842,3,cleanup_20260506_final_code_artifact_cleanup/prior_reviewer_artifact_snapshot/results/multimodel/llama3_squad_chunk512_k5_cot.csv;cleanup_20260506_final_code_artifact_cleanup/root_before_cleanup/results/multimodel/llama3_squad_chunk512_k5_cot.csv;cleanup_20260506_final_code_artifact_cleanup/root_before_cleanup/submission_package/neurips2026_reviewer_artifact_anonymous/results/multimodel/llama3_squad_chunk512_k5_cot.csv
245,6ad4f33c8caad81df4c9af02914a8a1231dc456eda5e010d1e3dcae04806b276,40643,3,cleanup_20260506_final_code_artifact_cleanup/prior_reviewer_artifact_snapshot/results/multimodel/llama3_pubmedqa_chunk1024_k3_cot.csv;cleanup_20260506_final_code_artifact_cleanup/root_before_cleanup/results/multimodel/llama3_pubmedqa_chunk1024_k3_cot.csv;cleanup_20260506_final_code_artifact_cleanup/root_before_cleanup/submission_package/neurips2026_reviewer_artifact_anonymous/results/multimodel/llama3_pubmedqa_chunk1024_k3_cot.csv
246,6b21987bfa0118ac0c909f38af39f4eaa3d31cc7aee9f324acce76d24440e4e1,2025,3,cleanup_20260506_final_code_artifact_cleanup/prior_reviewer_artifact_snapshot/results/topk_sensitivity/summary.csv;cleanup_20260506_final_code_artifact_cleanup/root_before_cleanup/results/topk_sensitivity/summary.csv;cleanup_20260506_final_code_artifact_cleanup/root_before_cleanup/submission_package/neurips2026_reviewer_artifact_anonymous/results/topk_sensitivity/summary.csv
247,6b59ae5f7f83d1b85971dab0f6dad866defa61fd53573b805d41db250e767a93,329,3,cleanup_20260506_final_code_artifact_cleanup/prior_reviewer_artifact_snapshot/results/stats/summary.csv;cleanup_20260506_final_code_artifact_cleanup/root_before_cleanup/results/stats/summary.csv;cleanup_20260506_final_code_artifact_cleanup/root_before_cleanup/submission_package/neurips2026_reviewer_artifact_anonymous/results/stats/summary.csv
248,6b819d975c7fe94a9d2c9a3a1781e6dba72276d8d7f9e62271e95d0f4d985aa5,27626,3,cleanup_20260506_final_code_artifact_cleanup/prior_reviewer_artifact_snapshot/results/adaptive/pubmedqa_dynamic.csv;cleanup_20260506_final_code_artifact_cleanup/root_before_cleanup/results/adaptive/pubmedqa_dynamic.csv;cleanup_20260506_final_code_artifact_cleanup/root_before_cleanup/submission_package/neurips2026_reviewer_artifact_anonymous/results/adaptive/pubmedqa_dynamic.csv
249,6b938c9d66d24ec5ef632c05be7b85bf64cc73e16bace59bab3d3e4817bc30cd,37309,3,cleanup_20260506_final_code_artifact_cleanup/prior_reviewer_artifact_snapshot/results/multimodel/mistral_pubmedqa_chunk256_k3_cot.csv;cleanup_20260506_final_code_artifact_cleanup/root_before_cleanup/results/multimodel/mistral_pubmedqa_chunk256_k3_cot.csv;cleanup_20260506_final_code_artifact_cleanup/root_before_cleanup/submission_package/neurips2026_reviewer_artifact_anonymous/results/multimodel/mistral_pubmedqa_chunk256_k3_cot.csv
250,6b9e33bac7d1e4a13c7a130759747eed89dc13b350c609119ffed5196a02d29b,482,3,cleanup_20260506_final_code_artifact_cleanup/prior_reviewer_artifact_snapshot/results/hybrid/summary.csv;cleanup_20260506_final_code_artifact_cleanup/root_before_cleanup/results/hybrid/summary.csv;cleanup_20260506_final_code_artifact_cleanup/root_before_cleanup/submission_package/neurips2026_reviewer_artifact_anonymous/results/hybrid/summary.csv
251,6bacbfbf6fd02477d22d79b46560dea1a95cd2a8061bbb47df101b47a6cf8e0a,656,3,cleanup_20260506_final_code_artifact_cleanup/prior_reviewer_artifact_snapshot/results/mechanistic/summary.md;cleanup_20260506_final_code_artifact_cleanup/root_before_cleanup/results/mechanistic/summary.md;cleanup_20260506_final_code_artifact_cleanup/root_before_cleanup/submission_package/neurips2026_reviewer_artifact_anonymous/results/mechanistic/summary.md
252,6c5057247c3224bebcacab99c7e8d4cec915b69124af7b9ac09acf3812226778,28288,3,cleanup_20260506_final_code_artifact_cleanup/prior_reviewer_artifact_snapshot/results/hcpc_v2/pubmedqa_baseline.csv;cleanup_20260506_final_code_artifact_cleanup/root_before_cleanup/results/hcpc_v2/pubmedqa_baseline.csv;cleanup_20260506_final_code_artifact_cleanup/root_before_cleanup/submission_package/neurips2026_reviewer_artifact_anonymous/results/hcpc_v2/pubmedqa_baseline.csv
253,6c7d456219875d76341ac924c0e44d92592c59f3ac51f422d1667748542c1963,107695,3,cleanup_20260506_final_code_artifact_cleanup/prior_reviewer_artifact_snapshot/results/hcpc_v2/logs/squad_hcpc_v1_logs.json;cleanup_20260506_final_code_artifact_cleanup/root_before_cleanup/results/hcpc_v2/logs/squad_hcpc_v1_logs.json;cleanup_20260506_final_code_artifact_cleanup/root_before_cleanup/submission_package/neurips2026_reviewer_artifact_anonymous/results/hcpc_v2/logs/squad_hcpc_v1_logs.json
254,6c9f36a3d5b8db5fb5ee536bdfd37328fb310b20361f699eab9314e1628eb8ac,21963,3,cleanup_20260506_final_code_artifact_cleanup/prior_reviewer_artifact_snapshot/results/reranker/mistral_squad_chunk1024_reranked.csv;cleanup_20260506_final_code_artifact_cleanup/root_before_cleanup/results/reranker/mistral_squad_chunk1024_reranked.csv;cleanup_20260506_final_code_artifact_cleanup/root_before_cleanup/submission_package/neurips2026_reviewer_artifact_anonymous/results/reranker/mistral_squad_chunk1024_reranked.csv
255,6d2a1a8ab8051a375a0916d8a11dcee38663992d7e0a0e26452a6658d7a28ed2,1646,3,cleanup_20260506_final_code_artifact_cleanup/prior_reviewer_artifact_snapshot/results/mech_classifier/summary.md;cleanup_20260506_final_code_artifact_cleanup/root_before_cleanup/results/mech_classifier/summary.md;cleanup_20260506_final_code_artifact_cleanup/root_before_cleanup/submission_package/neurips2026_reviewer_artifact_anonymous/results/mech_classifier/summary.md
256,6d64efbd3b99058500c7172d5657844ba6517af43eb3a5c0d5734aa9f2ce5171,26014,3,cleanup_20260506_final_code_artifact_cleanup/prior_reviewer_artifact_snapshot/results/multimodel/mistral_squad_chunk256_k3_strict.csv;cleanup_20260506_final_code_artifact_cleanup/root_before_cleanup/results/multimodel/mistral_squad_chunk256_k3_strict.csv;cleanup_20260506_final_code_artifact_cleanup/root_before_cleanup/submission_package/neurips2026_reviewer_artifact_anonymous/results/multimodel/mistral_squad_chunk256_k3_strict.csv
257,6dd7d1721e9ae8764d6ac3fd4b1dc0559f6485898184a8814817280ab4c630ea,26823,3,cleanup_20260506_final_code_artifact_cleanup/prior_reviewer_artifact_snapshot/results/hybrid/pubmedqa_hcpc.csv;cleanup_20260506_final_code_artifact_cleanup/root_before_cleanup/results/hybrid/pubmedqa_hcpc.csv;cleanup_20260506_final_code_artifact_cleanup/root_before_cleanup/submission_package/neurips2026_reviewer_artifact_anonymous/results/hybrid/pubmedqa_hcpc.csv
258,6e21a850d08cf99142d059145c3d05f97e7c8661d8d1babac7413a00efd0f9ed,4133,2,cleanup_20260506_final_code_artifact_cleanup/prior_reviewer_artifact_snapshot/CLAIMS_AUDIT.md;cleanup_20260506_final_code_artifact_cleanup/root_before_cleanup/submission_package/neurips2026_reviewer_artifact_anonymous/CLAIMS_AUDIT.md
259,6e4cfc89ce174e2587d8d15bf0354d88a4d4f1113fbdf1d79cd1b0683ea05915,13431,4,cleanup_20260506_final_code_artifact_cleanup/prior_reviewer_artifact_snapshot/experiments/run_frontier_scale.py;cleanup_20260506_final_code_artifact_cleanup/root_before_cleanup/experiments/run_frontier_scale.py;cleanup_20260506_final_code_artifact_cleanup/root_before_cleanup/submission_package/neurips2026_reviewer_artifact_anonymous/experiments/run_frontier_scale.py;rag-hallucination-detection_main/experiments/run_frontier_scale.py
260,6e6bc68654fa1ba104eb0f3d8b5d46d64732667a033f883a66b39e49689cd75e,38149,3,cleanup_20260506_final_code_artifact_cleanup/prior_reviewer_artifact_snapshot/results/reranker/llama3_pubmedqa_chunk256_baseline.csv;cleanup_20260506_final_code_artifact_cleanup/root_before_cleanup/results/reranker/llama3_pubmedqa_chunk256_baseline.csv;cleanup_20260506_final_code_artifact_cleanup/root_before_cleanup/submission_package/neurips2026_reviewer_artifact_anonymous/results/reranker/llama3_pubmedqa_chunk256_baseline.csv
261,6e9f7d448f69d5786039b5e48437f6a1249b9fd9b286908e6bfe3b0135b62fa1,220,4,cleanup_20260506_final_code_artifact_cleanup/prior_reviewer_artifact_snapshot/results/revision/fix_03/human_eval_verification.csv;cleanup_20260506_final_code_artifact_cleanup/root_before_cleanup/results/revision/fix_03/human_eval_verification.csv;cleanup_20260506_final_code_artifact_cleanup/root_before_cleanup/submission_package/neurips2026_reviewer_artifact_anonymous/results/revision/fix_03/human_eval_verification.csv;rag-hallucination-detection_main/results/revision/fix_03/human_eval_verification.csv
262,6eb1d877d190efb93fd556bb2386d7c48688081fcbe51f25a071a5b3726b991e,353,4,cleanup_20260506_final_code_artifact_cleanup/prior_reviewer_artifact_snapshot/results/revision/fix_04/tau_transfer_matrix.csv;cleanup_20260506_final_code_artifact_cleanup/root_before_cleanup/results/revision/fix_04/tau_transfer_matrix.csv;cleanup_20260506_final_code_artifact_cleanup/root_before_cleanup/submission_package/neurips2026_reviewer_artifact_anonymous/results/revision/fix_04/tau_transfer_matrix.csv;rag-hallucination-detection_main/results/revision/fix_04/tau_transfer_matrix.csv
263,6ed28fe91dbc6743a5ef9c39e0f83be599b1ea434fbe1cf7cc5a49d31751c9b4,9355,4,cleanup_20260506_final_code_artifact_cleanup/prior_reviewer_artifact_snapshot/experiments/run_confidence_calibration.py;cleanup_20260506_final_code_artifact_cleanup/root_before_cleanup/experiments/run_confidence_calibration.py;cleanup_20260506_final_code_artifact_cleanup/root_before_cleanup/submission_package/neurips2026_reviewer_artifact_anonymous/experiments/run_confidence_calibration.py;rag-hallucination-detection_main/experiments/run_confidence_calibration.py
264,6ed98e71c6c3768dbfea3d7e364f19f726e7f09352e929dd4ede2474d05c72e0,318,4,cleanup_20260506_final_code_artifact_cleanup/prior_reviewer_artifact_snapshot/results/revision/fix_03/metric_correlations.csv;cleanup_20260506_final_code_artifact_cleanup/root_before_cleanup/results/revision/fix_03/metric_correlations.csv;cleanup_20260506_final_code_artifact_cleanup/root_before_cleanup/submission_package/neurips2026_reviewer_artifact_anonymous/results/revision/fix_03/metric_correlations.csv;rag-hallucination-detection_main/results/revision/fix_03/metric_correlations.csv
265,6f14dc0a352d3693e35bd4bdf8f34b2c2c7784dc64ce086bdfcb9803ec673ade,74632,3,cleanup_20260506_final_code_artifact_cleanup/prior_reviewer_artifact_snapshot/results/hybrid/logs/squad_hcpc_logs.csv;cleanup_20260506_final_code_artifact_cleanup/root_before_cleanup/results/hybrid/logs/squad_hcpc_logs.csv;cleanup_20260506_final_code_artifact_cleanup/root_before_cleanup/submission_package/neurips2026_reviewer_artifact_anonymous/results/hybrid/logs/squad_hcpc_logs.csv
266,6f808491031d27256c0e5d7fd0c4577dd3df555c14c3667985720a280ffa65c3,183,4,cleanup_20260506_final_code_artifact_cleanup/prior_reviewer_artifact_snapshot/results/revision/fix_03/table1_multimetric.csv;cleanup_20260506_final_code_artifact_cleanup/root_before_cleanup/results/revision/fix_03/table1_multimetric.csv;cleanup_20260506_final_code_artifact_cleanup/root_before_cleanup/submission_package/neurips2026_reviewer_artifact_anonymous/results/revision/fix_03/table1_multimetric.csv;rag-hallucination-detection_main/results/revision/fix_03/table1_multimetric.csv
267,6fbba71fb99877c33ce3b88ee744960f3db8627f1b28ee6b1e39c740b2d1cf50,28513,3,cleanup_20260506_final_code_artifact_cleanup/prior_reviewer_artifact_snapshot/results/hybrid/pubmedqa_baseline.csv;cleanup_20260506_final_code_artifact_cleanup/root_before_cleanup/results/hybrid/pubmedqa_baseline.csv;cleanup_20260506_final_code_artifact_cleanup/root_before_cleanup/submission_package/neurips2026_reviewer_artifact_anonymous/results/hybrid/pubmedqa_baseline.csv
268,6fe86414a91b324103dc720f1b239a69b958a207293b8386aa4712f4c6133a4f,8500,3,cleanup_20260506_final_code_artifact_cleanup/prior_reviewer_artifact_snapshot/results/hcpc_v2/squad_baseline.csv;cleanup_20260506_final_code_artifact_cleanup/root_before_cleanup/results/hcpc_v2/squad_baseline.csv;cleanup_20260506_final_code_artifact_cleanup/root_before_cleanup/submission_package/neurips2026_reviewer_artifact_anonymous/results/hcpc_v2/squad_baseline.csv
269,70057fa52fd77b3e38de5c858da2485e3a719e2678e5efeebd15f0e72b069b21,1282,4,cleanup_20260506_final_code_artifact_cleanup/prior_reviewer_artifact_snapshot/results/revision/fix_04/tau_summary.csv;cleanup_20260506_final_code_artifact_cleanup/root_before_cleanup/results/revision/fix_04/tau_summary.csv;cleanup_20260506_final_code_artifact_cleanup/root_before_cleanup/submission_package/neurips2026_reviewer_artifact_anonymous/results/revision/fix_04/tau_summary.csv;rag-hallucination-detection_main/results/revision/fix_04/tau_summary.csv
270,703d4c44a6c0522e2b31f919d7bd7bb17914a0bee0fb9c23eb5fc8cca90e4c6a,1276,3,cleanup_20260506_final_code_artifact_cleanup/prior_reviewer_artifact_snapshot/source_tables/span_control_summary.csv;cleanup_20260506_final_code_artifact_cleanup/root_before_cleanup/submission_package/neurips2026_reviewer_artifact_anonymous/source_tables/span_control_summary.csv;rag-hallucination-detection_main/source_tables/span_control_summary.csv
271,7046d1aec621bcc2436d706af7fd3b535f65d2b0ff6e04591f7afad312f6ae30,562,4,cleanup_20260506_final_code_artifact_cleanup/prior_reviewer_artifact_snapshot/results/revision/fix_01/paired_wilcoxon.csv;cleanup_20260506_final_code_artifact_cleanup/root_before_cleanup/results/revision/fix_01/paired_wilcoxon.csv;cleanup_20260506_final_code_artifact_cleanup/root_before_cleanup/submission_package/neurips2026_reviewer_artifact_anonymous/results/revision/fix_01/paired_wilcoxon.csv;rag-hallucination-detection_main/results/revision/fix_01/paired_wilcoxon.csv
272,70c8a2686e623db60afad54d1c818c587774c48340876be2335b2a62b037b820,16081,4,cleanup_20260506_final_code_artifact_cleanup/prior_reviewer_artifact_snapshot/experiments/run_synthetic_causal.py;cleanup_20260506_final_code_artifact_cleanup/root_before_cleanup/experiments/run_synthetic_causal.py;cleanup_20260506_final_code_artifact_cleanup/root_before_cleanup/submission_package/neurips2026_reviewer_artifact_anonymous/experiments/run_synthetic_causal.py;rag-hallucination-detection_main/experiments/run_synthetic_causal.py
273,70ec535d074d284cb5127e4cf47f45a7dc59d2c741a9fa60a42ccb9b2fbb0406,104,4,cleanup_20260506_final_code_artifact_cleanup/prior_reviewer_artifact_snapshot/human_eval_final/n100_disagreement/human_disagreement_agreement.csv;cleanup_20260506_final_code_artifact_cleanup/root_before_cleanup/human_eval/n100_disagreement/human_disagreement_agreement.csv;cleanup_20260506_final_code_artifact_cleanup/root_before_cleanup/submission_package/neurips2026_reviewer_artifact_anonymous/human_eval_final/n100_disagreement/human_disagreement_agreement.csv;rag-hallucination-detection_main/human_eval_final/n100_disagreement/human_disagreement_agreement.csv
274,710fe30efb365ceb0b0151188f59cc0fe4906d126c6a0a77269f5f4193e85b93,1089,3,cleanup_20260506_final_code_artifact_cleanup/prior_reviewer_artifact_snapshot/results/temperature_sensitivity/summary.md;cleanup_20260506_final_code_artifact_cleanup/root_before_cleanup/results/temperature_sensitivity/summary.md;cleanup_20260506_final_code_artifact_cleanup/root_before_cleanup/submission_package/neurips2026_reviewer_artifact_anonymous/results/temperature_sensitivity/summary.md
275,71f6b3800f2cf1f821b41a490b5df42f957ff695a9147590f7dfe6a2a547f1d4,5128,4,cleanup_20260506_final_code_artifact_cleanup/prior_reviewer_artifact_snapshot/scripts/verify_human_eval.py;cleanup_20260506_final_code_artifact_cleanup/root_before_cleanup/scripts/verify_human_eval.py;cleanup_20260506_final_code_artifact_cleanup/root_before_cleanup/submission_package/neurips2026_reviewer_artifact_anonymous/scripts/verify_human_eval.py;rag-hallucination-detection_main/scripts/verify_human_eval.py
276,724bd0c412b9d97e76a50f8910996b61b6eaa93e20dfdfb27d6272bd63b69858,221,7,cleanup_20260506_final_code_artifact_cleanup/prior_reviewer_artifact_snapshot/human_eval_final/n100_disagreement/batch_composition.csv;cleanup_20260506_final_code_artifact_cleanup/prior_reviewer_artifact_snapshot/results/human_disagreement_expansion/batch_composition.csv;cleanup_20260506_final_code_artifact_cleanup/root_before_cleanup/human_eval/n100_disagreement/batch_composition.csv;cleanup_20260506_final_code_artifact_cleanup/root_before_cleanup/results/human_disagreement_expansion/batch_composition.csv;cleanup_20260506_final_code_artifact_cleanup/root_before_cleanup/submission_package/neurips2026_reviewer_artifact_anonymous/human_eval_final/n100_disagreement/batch_composition.csv;cleanup_20260506_final_code_artifact_cleanup/root_before_cleanup/submission_package/neurips2026_reviewer_artifact_anonymous/results/human_disagreement_expansion/batch_composition.csv;rag-hallucination-detection_main/human_eval_final/n100_disagreement/batch_composition.csv
277,72786f617da7f7ac633d8db57305becdceb42dfaec508643db7049a99d608bff,2283,3,cleanup_20260506_final_code_artifact_cleanup/prior_reviewer_artifact_snapshot/results/paper_tables/table_9_gap2_prompt.md;cleanup_20260506_final_code_artifact_cleanup/root_before_cleanup/results/paper_tables/table_9_gap2_prompt.md;cleanup_20260506_final_code_artifact_cleanup/root_before_cleanup/submission_package/neurips2026_reviewer_artifact_anonymous/results/paper_tables/table_9_gap2_prompt.md
278,72cdf9a63c4bfc4d142d42bcbd1306881f6ee629558cb9e0d18022c9a6c3ad30,123694,3,cleanup_20260506_final_code_artifact_cleanup/prior_reviewer_artifact_snapshot/results/hcpc_v2/logs/pubmedqa_hcpc_v2_logs.csv;cleanup_20260506_final_code_artifact_cleanup/root_before_cleanup/results/hcpc_v2/logs/pubmedqa_hcpc_v2_logs.csv;cleanup_20260506_final_code_artifact_cleanup/root_before_cleanup/submission_package/neurips2026_reviewer_artifact_anonymous/results/hcpc_v2/logs/pubmedqa_hcpc_v2_logs.csv
279,73479ce818c1e9bedfd716861985b7f11e239fdbafba1a706a76631bda3e1278,24360,3,cleanup_20260506_final_code_artifact_cleanup/prior_reviewer_artifact_snapshot/results/multimodel/mistral_squad_chunk256_k5_cot.csv;cleanup_20260506_final_code_artifact_cleanup/root_before_cleanup/results/multimodel/mistral_squad_chunk256_k5_cot.csv;cleanup_20260506_final_code_artifact_cleanup/root_before_cleanup/submission_package/neurips2026_reviewer_artifact_anonymous/results/multimodel/mistral_squad_chunk256_k5_cot.csv
280,7357ca50e43a12225157e42bab002f86e64fde1adde5f52d21c6ed2c643b812a,6639,4,cleanup_20260506_final_code_artifact_cleanup/prior_reviewer_artifact_snapshot/experiments/run_reranker_ablation.py;cleanup_20260506_final_code_artifact_cleanup/root_before_cleanup/experiments/run_reranker_ablation.py;cleanup_20260506_final_code_artifact_cleanup/root_before_cleanup/submission_package/neurips2026_reviewer_artifact_anonymous/experiments/run_reranker_ablation.py;rag-hallucination-detection_main/experiments/run_reranker_ablation.py
281,73f1109f5aa6206fbf07a6b9e2575218f6400f5018bb4279b3c8d4ef8019098a,5505,3,deleted_from_head/papers/paper_neurips/sections/introduction.tex;moved_from_repo/papers/paper_longform/sections/introduction.tex;moved_from_repo/papers/ragpaper/sections/introduction.tex
282,73fd04d643154d57612f907f7a9427f06809b1d32ea9583d2810011d67ae3b30,1258,3,cleanup_20260506_final_code_artifact_cleanup/prior_reviewer_artifact_snapshot/results/paper_tables/table_1_headtohead.md;cleanup_20260506_final_code_artifact_cleanup/root_before_cleanup/results/paper_tables/table_1_headtohead.md;cleanup_20260506_final_code_artifact_cleanup/root_before_cleanup/submission_package/neurips2026_reviewer_artifact_anonymous/results/paper_tables/table_1_headtohead.md
283,74613d75939d8a3d9953155269f236378974288b41d83de908f9301702180f8a,126977,3,cleanup_20260506_final_code_artifact_cleanup/prior_reviewer_artifact_snapshot/results/mechanistic/top_k_attributions.jsonl;cleanup_20260506_final_code_artifact_cleanup/root_before_cleanup/results/mechanistic/top_k_attributions.jsonl;cleanup_20260506_final_code_artifact_cleanup/root_before_cleanup/submission_package/neurips2026_reviewer_artifact_anonymous/results/mechanistic/top_k_attributions.jsonl
284,747d6bc93323cb57b11c1b8c28b0aa19f5da4ead77e9b8037ff25649beed8548,27968,3,cleanup_20260506_final_code_artifact_cleanup/prior_reviewer_artifact_snapshot/results/adaptive/pubmedqa_fixed_1024.csv;cleanup_20260506_final_code_artifact_cleanup/root_before_cleanup/results/adaptive/pubmedqa_fixed_1024.csv;cleanup_20260506_final_code_artifact_cleanup/root_before_cleanup/submission_package/neurips2026_reviewer_artifact_anonymous/results/adaptive/pubmedqa_fixed_1024.csv
285,74836fb00d57aaac8bdc4260f30e1ed1237207ba98527c7a5fb2e59ee73aafd7,14406,4,cleanup_20260506_final_code_artifact_cleanup/prior_reviewer_artifact_snapshot/experiments/fix_12_answer_span_diagnostic.py;cleanup_20260506_final_code_artifact_cleanup/root_before_cleanup/experiments/fix_12_answer_span_diagnostic.py;cleanup_20260506_final_code_artifact_cleanup/root_before_cleanup/submission_package/neurips2026_reviewer_artifact_anonymous/experiments/fix_12_answer_span_diagnostic.py;rag-hallucination-detection_main/experiments/fix_12_answer_span_diagnostic.py
286,77105195471c496ecd44ebde8ff8b883ad21e03b7be7e46fedfbc126eb10b33d,1022,3,cleanup_20260506_final_code_artifact_cleanup/prior_reviewer_artifact_snapshot/results/paper_tables/table_10_gap3_zeroshot.md;cleanup_20260506_final_code_artifact_cleanup/root_before_cleanup/results/paper_tables/table_10_gap3_zeroshot.md;cleanup_20260506_final_code_artifact_cleanup/root_before_cleanup/submission_package/neurips2026_reviewer_artifact_anonymous/results/paper_tables/table_10_gap3_zeroshot.md
287,77523bd981431d7b47c8ec8f7539eb160be16f9f99cbf82f5e3c392173d54a61,110553,3,cleanup_20260506_final_code_artifact_cleanup/prior_reviewer_artifact_snapshot/results/hybrid/logs/pubmedqa_baseline_logs.csv;cleanup_20260506_final_code_artifact_cleanup/root_before_cleanup/results/hybrid/logs/pubmedqa_baseline_logs.csv;cleanup_20260506_final_code_artifact_cleanup/root_before_cleanup/submission_package/neurips2026_reviewer_artifact_anonymous/results/hybrid/logs/pubmedqa_baseline_logs.csv
288,7786864adb934df583b4cb19163b4fd03dae3c4c53b314086cfb5123c0a19bcb,369,2,moved_from_repo/papers/paper_longform/figures/dataset_comparison.tex;moved_from_repo/papers/ragpaper/figures/dataset_comparison.tex
289,7a12e561363385e9dfeeab326368731c030ed4b374e7f5897ac819159d2884c5,400,13,moved_from_repo/chroma_db/073d268e-e62e-4ff1-ac32-10d3864c08d8/length.bin;moved_from_repo/chroma_db/0c9b0d42-ee9c-4a93-8201-3e2cdba0c056/length.bin;moved_from_repo/chroma_db/506c2fe5-a79e-4c05-8bce-c8996ee20cab/length.bin;moved_from_repo/chroma_db/65d9d432-8088-4961-8b15-9b246ec79aa8/length.bin;moved_from_repo/chroma_db/6efcfac1-c013-4660-b6f4-5b81c534be04/length.bin;moved_from_repo/chroma_db/9aea734d-5241-4f0d-abe9-7d20d6ba9e35/length.bin;moved_from_repo/chroma_db/bf7c970e-db93-4295-a786-f3af1b517827/length.bin;moved_from_repo/chroma_db/ce9d103a-a315-4cab-b188-1eee44980b52/length.bin;moved_from_repo/chroma_db/d713953a-7168-4fd9-82d1-b455d160db7c/length.bin;moved_from_repo/chroma_db/db9f450d-29cb-4042-81f7-c4455d439a99/length.bin;moved_from_repo/chroma_db/e3b0aa00-ebeb-45af-a445-231c704bd956/length.bin;moved_from_repo/chroma_db/f4645668-4afa-4235-b44a-4cdc6bb04c4a/length.bin;moved_from_repo/chroma_db/faa1d722-a24d-4d02-bb81-d45645c5be2e/length.bin
290,7a2e1864e48261c19a95a70534a0248f3e5ebce0e70e56b187020a95df6acd8b,107,3,cleanup_20260506_final_code_artifact_cleanup/prior_reviewer_artifact_snapshot/results/ablation_chunk1024_k5_cot_scores.csv;cleanup_20260506_final_code_artifact_cleanup/root_before_cleanup/results/ablation_chunk1024_k5_cot_scores.csv;cleanup_20260506_final_code_artifact_cleanup/root_before_cleanup/submission_package/neurips2026_reviewer_artifact_anonymous/results/ablation_chunk1024_k5_cot_scores.csv
291,7a3aa939592b2d7cbe7ab912734db444b0d78d0776cb1a9ba4fc319f3d367851,1451,3,cleanup_20260506_final_code_artifact_cleanup/prior_reviewer_artifact_snapshot/results/paper_tables/table_5_longform.md;cleanup_20260506_final_code_artifact_cleanup/root_before_cleanup/results/paper_tables/table_5_longform.md;cleanup_20260506_final_code_artifact_cleanup/root_before_cleanup/submission_package/neurips2026_reviewer_artifact_anonymous/results/paper_tables/table_5_longform.md
292,7a8ceb15fa4b91a3611200b225f6819873903be5b0aba8ebe49df0fdd3904579,982,4,cleanup_20260506_final_code_artifact_cleanup/prior_reviewer_artifact_snapshot/results/revision/fix_03/summary.md;cleanup_20260506_final_code_artifact_cleanup/root_before_cleanup/results/revision/fix_03/summary.md;cleanup_20260506_final_code_artifact_cleanup/root_before_cleanup/submission_package/neurips2026_reviewer_artifact_anonymous/results/revision/fix_03/summary.md;rag-hallucination-detection_main/results/revision/fix_03/summary.md
293,7b349089f985189b99127e733b26e900c558686125a2b2e65b1defc465c2ced4,6127,2,moved_from_repo/papers/paper_longform/sections/adversarial.tex;moved_from_repo/papers/ragpaper/sections/adversarial.tex
294,7bcaa0e9f9612608b0a0a69eb868ecf6d1a3dd0eea6df7df26cb223caa350d37,7295,4,cleanup_20260506_final_code_artifact_cleanup/prior_reviewer_artifact_snapshot/results/revision/fix_12/span_control_report.md;cleanup_20260506_final_code_artifact_cleanup/root_before_cleanup/results/revision/fix_12/span_control_report.md;cleanup_20260506_final_code_artifact_cleanup/root_before_cleanup/submission_package/neurips2026_reviewer_artifact_anonymous/results/revision/fix_12/span_control_report.md;rag-hallucination-detection_main/results/revision/fix_12/span_control_report.md
295,7e6499be72bea4fb706efb93186b09c723ddc377083f29fb000a2f41af99a374,1640,4,cleanup_20260506_final_code_artifact_cleanup/prior_reviewer_artifact_snapshot/results/revision/fix_05/summary.md;cleanup_20260506_final_code_artifact_cleanup/root_before_cleanup/results/revision/fix_05/summary.md;cleanup_20260506_final_code_artifact_cleanup/root_before_cleanup/submission_package/neurips2026_reviewer_artifact_anonymous/results/revision/fix_05/summary.md;rag-hallucination-detection_main/results/revision/fix_05/summary.md
296,7fd506c3a7c6a65bc4aebe429aa2ad513e6ab06419fd99a6e18a47f8c0c408e0,6971,3,cleanup_20260506_final_code_artifact_cleanup/prior_reviewer_artifact_snapshot/results/hybrid/squad_baseline.csv;cleanup_20260506_final_code_artifact_cleanup/root_before_cleanup/results/hybrid/squad_baseline.csv;cleanup_20260506_final_code_artifact_cleanup/root_before_cleanup/submission_package/neurips2026_reviewer_artifact_anonymous/results/hybrid/squad_baseline.csv
297,802491413cb8a8ab8c465356099de7ade603a97b1df7dda6782dc87fb75d4996,1636,3,cleanup_20260506_final_code_artifact_cleanup/prior_reviewer_artifact_snapshot/results/multiseed/variance_summary.md;cleanup_20260506_final_code_artifact_cleanup/root_before_cleanup/results/multiseed/variance_summary.md;cleanup_20260506_final_code_artifact_cleanup/root_before_cleanup/submission_package/neurips2026_reviewer_artifact_anonymous/results/multiseed/variance_summary.md
298,80728bcacc28415491c07f7fbb26a1437221088a1fddd8afb5c61e1e5da1707f,1619,4,cleanup_20260506_final_code_artifact_cleanup/prior_reviewer_artifact_snapshot/results/revision/fix_03/standardized_scorer_fragility.csv;cleanup_20260506_final_code_artifact_cleanup/root_before_cleanup/results/revision/fix_03/standardized_scorer_fragility.csv;cleanup_20260506_final_code_artifact_cleanup/root_before_cleanup/submission_package/neurips2026_reviewer_artifact_anonymous/results/revision/fix_03/standardized_scorer_fragility.csv;rag-hallucination-detection_main/results/revision/fix_03/standardized_scorer_fragility.csv
299,80c7067a485fcf9d693585a68b3ce6e525be325766f509c49194a9913183c300,1457,3,cleanup_20260506_final_code_artifact_cleanup/prior_reviewer_artifact_snapshot/results/adaptive/adaptive_vs_fixed_comparison.csv;cleanup_20260506_final_code_artifact_cleanup/root_before_cleanup/results/adaptive/adaptive_vs_fixed_comparison.csv;cleanup_20260506_final_code_artifact_cleanup/root_before_cleanup/submission_package/neurips2026_reviewer_artifact_anonymous/results/adaptive/adaptive_vs_fixed_comparison.csv
300,8107c2f763f24a3a74ec33c65b2c5157aa5cf7447e623f2213e4fc80aa2dfb3d,20574,3,cleanup_20260506_final_code_artifact_cleanup/prior_reviewer_artifact_snapshot/results/reranker/llama3_squad_chunk256_reranked.csv;cleanup_20260506_final_code_artifact_cleanup/root_before_cleanup/results/reranker/llama3_squad_chunk256_reranked.csv;cleanup_20260506_final_code_artifact_cleanup/root_before_cleanup/submission_package/neurips2026_reviewer_artifact_anonymous/results/reranker/llama3_squad_chunk256_reranked.csv
301,81483a9a8c1747b41e82966a99d724788615333a07d989c0f4b360d0d71f590c,991,4,cleanup_20260506_final_code_artifact_cleanup/prior_reviewer_artifact_snapshot/human_eval_final/n100_disagreement/human_disagreement_correlations.csv;cleanup_20260506_final_code_artifact_cleanup/root_before_cleanup/human_eval/n100_disagreement/human_disagreement_correlations.csv;cleanup_20260506_final_code_artifact_cleanup/root_before_cleanup/submission_package/neurips2026_reviewer_artifact_anonymous/human_eval_final/n100_disagreement/human_disagreement_correlations.csv;rag-hallucination-detection_main/human_eval_final/n100_disagreement/human_disagreement_correlations.csv
302,819a0867ae596c499fb4d03c1432af0d98ce35401aa3b0a59ab9f3e8c7e5a2a5,7598,4,cleanup_20260506_final_code_artifact_cleanup/prior_reviewer_artifact_snapshot/src/embedders.py;cleanup_20260506_final_code_artifact_cleanup/root_before_cleanup/src/embedders.py;cleanup_20260506_final_code_artifact_cleanup/root_before_cleanup/submission_package/neurips2026_reviewer_artifact_anonymous/src/embedders.py;rag-hallucination-detection_main/src/embedders.py
303,8225a4ee7d913a67c4b00b4f3b046b4349db3ff6a73c8efe260f47319874dfef,1133,3,cleanup_20260506_final_code_artifact_cleanup/prior_reviewer_artifact_snapshot/results/quantization_sensitivity/summary.csv;cleanup_20260506_final_code_artifact_cleanup/root_before_cleanup/results/quantization_sensitivity/summary.csv;cleanup_20260506_final_code_artifact_cleanup/root_before_cleanup/submission_package/neurips2026_reviewer_artifact_anonymous/results/quantization_sensitivity/summary.csv
304,8277258e6a9871bdb78738efe0dcba9b75174c15d57af9d1fe12de0660e5fe86,680,4,cleanup_20260506_final_code_artifact_cleanup/prior_reviewer_artifact_snapshot/human_eval_final/n100_disagreement/missing_human_labels_report.md;cleanup_20260506_final_code_artifact_cleanup/root_before_cleanup/human_eval/n100_disagreement/missing_human_labels_report.md;cleanup_20260506_final_code_artifact_cleanup/root_before_cleanup/submission_package/neurips2026_reviewer_artifact_anonymous/human_eval_final/n100_disagreement/missing_human_labels_report.md;rag-hallucination-detection_main/human_eval_final/n100_disagreement/missing_human_labels_report.md
305,834fd9dca6089eab3b54ae7fc5b3f77c06cf748308005a30ebe78dcdcebae8e1,1268,3,cleanup_20260506_final_code_artifact_cleanup/prior_reviewer_artifact_snapshot/results/paper_tables/table_4_raptor.md;cleanup_20260506_final_code_artifact_cleanup/root_before_cleanup/results/paper_tables/table_4_raptor.md;cleanup_20260506_final_code_artifact_cleanup/root_before_cleanup/submission_package/neurips2026_reviewer_artifact_anonymous/results/paper_tables/table_4_raptor.md
306,83ac395bdce120c3b8def310e410191fb2969942d6796dd57dc48dd3dc5643b8,171192,4,cleanup_20260506_final_code_artifact_cleanup/prior_reviewer_artifact_snapshot/human_eval_final/n100_disagreement/annotation_batch_disagreement_100.csv;cleanup_20260506_final_code_artifact_cleanup/root_before_cleanup/human_eval/n100_disagreement/annotation_batch_disagreement_100.csv;cleanup_20260506_final_code_artifact_cleanup/root_before_cleanup/submission_package/neurips2026_reviewer_artifact_anonymous/human_eval_final/n100_disagreement/annotation_batch_disagreement_100.csv;rag-hallucination-detection_main/human_eval_final/n100_disagreement/annotation_batch_disagreement_100.csv
307,8415133bf3429536230a65e48df5b985bf9aa6b0a6a89ae8d99a21d637aa4a21,378,3,cleanup_20260506_final_code_artifact_cleanup/prior_reviewer_artifact_snapshot/results/temperature_sensitivity/completed_tuples.json;cleanup_20260506_final_code_artifact_cleanup/root_before_cleanup/results/temperature_sensitivity/completed_tuples.json;cleanup_20260506_final_code_artifact_cleanup/root_before_cleanup/submission_package/neurips2026_reviewer_artifact_anonymous/results/temperature_sensitivity/completed_tuples.json
308,84e487a3dfc21b28f6d55a412a65e36bcbaad58106a90cf37302406df8b012b7,167,3,cleanup_20260506_final_code_artifact_cleanup/prior_reviewer_artifact_snapshot/results/rag_vs_zeroshot/paradox_vs_strength.csv;cleanup_20260506_final_code_artifact_cleanup/root_before_cleanup/results/rag_vs_zeroshot/paradox_vs_strength.csv;cleanup_20260506_final_code_artifact_cleanup/root_before_cleanup/submission_package/neurips2026_reviewer_artifact_anonymous/results/rag_vs_zeroshot/paradox_vs_strength.csv
309,8650891c5826bb8bc9a59b7cfa7e86b2eec384709e93d0d286ed34f4c3affa8d,2007,4,cleanup_20260506_final_code_artifact_cleanup/prior_reviewer_artifact_snapshot/results/revision/fix_14/second_generator_report.md;cleanup_20260506_final_code_artifact_cleanup/root_before_cleanup/results/revision/fix_14/second_generator_report.md;cleanup_20260506_final_code_artifact_cleanup/root_before_cleanup/submission_package/neurips2026_reviewer_artifact_anonymous/results/revision/fix_14/second_generator_report.md;rag-hallucination-detection_main/results/revision/fix_14/second_generator_report.md
310,8670976d7335bd50d7eb92c09d39884bae4492d7fce9cb60ef25a053bc59a65a,15246,4,cleanup_20260506_final_code_artifact_cleanup/prior_reviewer_artifact_snapshot/src/hcpc_retriever.py;cleanup_20260506_final_code_artifact_cleanup/root_before_cleanup/src/hcpc_retriever.py;cleanup_20260506_final_code_artifact_cleanup/root_before_cleanup/submission_package/neurips2026_reviewer_artifact_anonymous/src/hcpc_retriever.py;rag-hallucination-detection_main/src/hcpc_retriever.py
311,868c3d038f3d19d09d459bb0b611105d0d6a176f6c4716fa583657dc1d3d6b73,125966,3,cleanup_20260506_final_code_artifact_cleanup/prior_reviewer_artifact_snapshot/results/hcpc_v2/logs/pubmedqa_baseline_logs.json;cleanup_20260506_final_code_artifact_cleanup/root_before_cleanup/results/hcpc_v2/logs/pubmedqa_baseline_logs.json;cleanup_20260506_final_code_artifact_cleanup/root_before_cleanup/submission_package/neurips2026_reviewer_artifact_anonymous/results/hcpc_v2/logs/pubmedqa_baseline_logs.json
312,86d9f421cb61f378f6c57850fe75eab2683a51a894e55a4b24715afcd7bf1582,12730,4,cleanup_20260506_final_code_artifact_cleanup/prior_reviewer_artifact_snapshot/experiments/fix_14_second_generator_metric_fragility.py;cleanup_20260506_final_code_artifact_cleanup/root_before_cleanup/experiments/fix_14_second_generator_metric_fragility.py;cleanup_20260506_final_code_artifact_cleanup/root_before_cleanup/submission_package/neurips2026_reviewer_artifact_anonymous/experiments/fix_14_second_generator_metric_fragility.py;rag-hallucination-detection_main/experiments/fix_14_second_generator_metric_fragility.py
313,871e88a71153ad814f600c9ebbb37e1defdf2ef6efb735b4a862f33bd333b8af,2430,4,cleanup_20260506_final_code_artifact_cleanup/prior_reviewer_artifact_snapshot/data/benchmark/README.md;cleanup_20260506_final_code_artifact_cleanup/root_before_cleanup/data/benchmark/README.md;cleanup_20260506_final_code_artifact_cleanup/root_before_cleanup/submission_package/neurips2026_reviewer_artifact_anonymous/data/benchmark/README.md;rag-hallucination-detection_main/data/benchmark/README.md
314,872b89ca3896769e82c8addc819b2d11c869458927ecb4f816dbda4b0317b4f4,165619,5,cleanup_20260506_final_code_artifact_cleanup/prior_reviewer_artifact_snapshot/human_eval_final/n99_calibration/human_eval_adjudicated.csv;cleanup_20260506_final_code_artifact_cleanup/root_before_cleanup/data/revision/fix_03/human_eval_adjudicated.csv;cleanup_20260506_final_code_artifact_cleanup/root_before_cleanup/human_eval/n99_calibration/human_eval_adjudicated.csv;cleanup_20260506_final_code_artifact_cleanup/root_before_cleanup/submission_package/neurips2026_reviewer_artifact_anonymous/human_eval_final/n99_calibration/human_eval_adjudicated.csv;rag-hallucination-detection_main/human_eval_final/n99_calibration/human_eval_adjudicated.csv
315,8774a1e48db1e09b86a255f6b077fc91ca669d94761c57d5a3b925ad4d22d5b1,1695,3,cleanup_20260506_final_code_artifact_cleanup/prior_reviewer_artifact_snapshot/results/threshold_sensitivity/best_configs.csv;cleanup_20260506_final_code_artifact_cleanup/root_before_cleanup/results/threshold_sensitivity/best_configs.csv;cleanup_20260506_final_code_artifact_cleanup/root_before_cleanup/submission_package/neurips2026_reviewer_artifact_anonymous/results/threshold_sensitivity/best_configs.csv
316,8798737952b5661acf3a82a6f3fa01eb7179cf26c1f96c80f19c2ca2f73876d4,168664,3,cleanup_20260506_final_code_artifact_cleanup/prior_reviewer_artifact_snapshot/results/pubmedqa/ablation_chunk512_k5_cot.csv;cleanup_20260506_final_code_artifact_cleanup/root_before_cleanup/results/pubmedqa/ablation_chunk512_k5_cot.csv;cleanup_20260506_final_code_artifact_cleanup/root_before_cleanup/submission_package/neurips2026_reviewer_artifact_anonymous/results/pubmedqa/ablation_chunk512_k5_cot.csv
317,87a4493d5775642a13149feb0ff427b829b004034ed9dfd0f48442255b89a6ee,278,4,cleanup_20260506_final_code_artifact_cleanup/prior_reviewer_artifact_snapshot/results/revision/fix_01/match_diagnostics.csv;cleanup_20260506_final_code_artifact_cleanup/root_before_cleanup/results/revision/fix_01/match_diagnostics.csv;cleanup_20260506_final_code_artifact_cleanup/root_before_cleanup/submission_package/neurips2026_reviewer_artifact_anonymous/results/revision/fix_01/match_diagnostics.csv;rag-hallucination-detection_main/results/revision/fix_01/match_diagnostics.csv
318,8917d3c0820b13125b55bb9f5396875e7314509c77c65a4586f596318b6e0ece,1133447,2,moved_from_repo/Controlled_RAG___Saket/figures/controlledrag_overview.png;rag-hallucination-detection_main/Controlled_RAG___Saket/figures/controlledrag_overview.png
319,8964bb340afce0924c195f40d6cb03324e331db9d1c57a874ac913bfe5a809ef,177311,3,cleanup_20260506_final_code_artifact_cleanup/prior_reviewer_artifact_snapshot/results/pubmedqa/ablation_chunk1024_k3_cot.csv;cleanup_20260506_final_code_artifact_cleanup/root_before_cleanup/results/pubmedqa/ablation_chunk1024_k3_cot.csv;cleanup_20260506_final_code_artifact_cleanup/root_before_cleanup/submission_package/neurips2026_reviewer_artifact_anonymous/results/pubmedqa/ablation_chunk1024_k3_cot.csv
320,896a65f8d6ea78ef4c324a8eaa840af875ff7e0376585a9acd0747dbdce6f853,399,2,moved_from_repo/papers/paper_longform/figures/paradox_plot.tex;moved_from_repo/papers/ragpaper/figures/paradox_plot.tex
321,8a26a5a32fe5c1f0c05bca8b25dc4e426640bf784afbc624f527fd7ae41e90e4,23947,3,cleanup_20260506_final_code_artifact_cleanup/prior_reviewer_artifact_snapshot/results/reranker/mistral_squad_chunk256_reranked.csv;cleanup_20260506_final_code_artifact_cleanup/root_before_cleanup/results/reranker/mistral_squad_chunk256_reranked.csv;cleanup_20260506_final_code_artifact_cleanup/root_before_cleanup/submission_package/neurips2026_reviewer_artifact_anonymous/results/reranker/mistral_squad_chunk256_reranked.csv
322,8a2b780e686c59c8ac01f6c8f6c95332bd162f9d6123684dcedb27e8b039b48d,1367,2,moved_from_repo/papers/paper_longform/figures/study_design.tex;moved_from_repo/papers/ragpaper/figures/study_design.tex
323,8a89eeef7e54cc1669f482939a25481f2e11eae9fbd7aa0cca9f861d1cd4fc14,877,3,moved_from_repo/papers/paper_longform/figures/coherence_heatmap.tex;moved_from_repo/papers/paper_neurips/figures/coherence_heatmap.tex;moved_from_repo/papers/ragpaper/figures/coherence_heatmap.tex
324,8b23c033de7132a5ea71d716c9eeff090d622b3fe3a30c1d7d6f258d267adcad,103860,3,cleanup_20260506_final_code_artifact_cleanup/prior_reviewer_artifact_snapshot/results/hcpc_v2/logs/squad_hcpc_v2_logs.json;cleanup_20260506_final_code_artifact_cleanup/root_before_cleanup/results/hcpc_v2/logs/squad_hcpc_v2_logs.json;cleanup_20260506_final_code_artifact_cleanup/root_before_cleanup/submission_package/neurips2026_reviewer_artifact_anonymous/results/hcpc_v2/logs/squad_hcpc_v2_logs.json
325,8b5b37f0552d401e75fb881478e2744550c566a13e03503523f950c57d49dd3c,4982,3,cleanup_20260506_final_code_artifact_cleanup/prior_reviewer_artifact_snapshot/results/ablation_chunk512_k5_cot.csv;cleanup_20260506_final_code_artifact_cleanup/root_before_cleanup/results/ablation_chunk512_k5_cot.csv;cleanup_20260506_final_code_artifact_cleanup/root_before_cleanup/submission_package/neurips2026_reviewer_artifact_anonymous/results/ablation_chunk512_k5_cot.csv
326,8bc3c21f148d66f797ac8afef21334077a5aaa6abeacd686f7df630646f074f8,153,3,cleanup_20260506_final_code_artifact_cleanup/prior_reviewer_artifact_snapshot/results/quantization_sensitivity/completed_tuples.json;cleanup_20260506_final_code_artifact_cleanup/root_before_cleanup/results/quantization_sensitivity/completed_tuples.json;cleanup_20260506_final_code_artifact_cleanup/root_before_cleanup/submission_package/neurips2026_reviewer_artifact_anonymous/results/quantization_sensitivity/completed_tuples.json
327,8c45fa960aba193c7b83b924a36f5b725128da0177c71e901ec8489afaadeb19,109630,3,cleanup_20260506_final_code_artifact_cleanup/prior_reviewer_artifact_snapshot/results/hcpc_v2/logs/pubmedqa_hcpc_v1_logs.csv;cleanup_20260506_final_code_artifact_cleanup/root_before_cleanup/results/hcpc_v2/logs/pubmedqa_hcpc_v1_logs.csv;cleanup_20260506_final_code_artifact_cleanup/root_before_cleanup/submission_package/neurips2026_reviewer_artifact_anonymous/results/hcpc_v2/logs/pubmedqa_hcpc_v1_logs.csv
328,8cdfd9143e6275140370226e5bc2fcc3cd2e2d36e317c350db5f0431352d33cf,4910,4,cleanup_20260506_final_code_artifact_cleanup/prior_reviewer_artifact_snapshot/experiments/fix_15_longform_stress.py;cleanup_20260506_final_code_artifact_cleanup/root_before_cleanup/experiments/fix_15_longform_stress.py;cleanup_20260506_final_code_artifact_cleanup/root_before_cleanup/submission_package/neurips2026_reviewer_artifact_anonymous/experiments/fix_15_longform_stress.py;rag-hallucination-detection_main/experiments/fix_15_longform_stress.py
329,8cfba397b31568af14f01c2a9d4da2897ee9d4dc337abef8baf10d5d2b2227e9,62,3,cleanup_20260506_final_code_artifact_cleanup/prior_reviewer_artifact_snapshot/requirements.txt;cleanup_20260506_final_code_artifact_cleanup/root_before_cleanup/submission_package/neurips2026_reviewer_artifact_anonymous/requirements.txt;rag-hallucination-detection_main/requirements.txt
330,8d9dbadaa06c1b95c81549194f63b422623fe22d88d65ab2e2b3b4259e9bee53,11364,2,moved_from_repo/papers/paper_longform/figures/proxy_alignment.pdf;moved_from_repo/papers/ragpaper/figures/proxy_alignment.pdf
331,8f109b054d8b3b04a8131ac90e93be6841687495a3b52a944cf7015a343475bc,44055,3,cleanup_20260506_final_code_artifact_cleanup/prior_reviewer_artifact_snapshot/results/multimodel/llama3_pubmedqa_chunk1024_k5_cot.csv;cleanup_20260506_final_code_artifact_cleanup/root_before_cleanup/results/multimodel/llama3_pubmedqa_chunk1024_k5_cot.csv;cleanup_20260506_final_code_artifact_cleanup/root_before_cleanup/submission_package/neurips2026_reviewer_artifact_anonymous/results/multimodel/llama3_pubmedqa_chunk1024_k5_cot.csv
332,8f59d6cf0d4f31e188af82c0c38cba654b647c0645fc5326289e5d4e7e3778c9,6447,3,cleanup_20260506_final_code_artifact_cleanup/prior_reviewer_artifact_snapshot/results/ablation_chunk256_k5_strict.csv;cleanup_20260506_final_code_artifact_cleanup/root_before_cleanup/results/ablation_chunk256_k5_strict.csv;cleanup_20260506_final_code_artifact_cleanup/root_before_cleanup/submission_package/neurips2026_reviewer_artifact_anonymous/results/ablation_chunk256_k5_strict.csv
333,8f93695c4448c6b3e94cd82ee2ae4b4eed75f89434a37df83afcab483e4ca31d,22044,3,cleanup_20260506_final_code_artifact_cleanup/prior_reviewer_artifact_snapshot/results/reranker/llama3_squad_chunk256_baseline.csv;cleanup_20260506_final_code_artifact_cleanup/root_before_cleanup/results/reranker/llama3_squad_chunk256_baseline.csv;cleanup_20260506_final_code_artifact_cleanup/root_before_cleanup/submission_package/neurips2026_reviewer_artifact_anonymous/results/reranker/llama3_squad_chunk256_baseline.csv
334,91338d32c3b1ae74452ac8cc2484dc6934481a016a6dae87072e6ef9cc918a2f,383,3,cleanup_20260506_final_code_artifact_cleanup/prior_reviewer_artifact_snapshot/results/paper_tables/table_11_mech_classifier.md;cleanup_20260506_final_code_artifact_cleanup/root_before_cleanup/results/paper_tables/table_11_mech_classifier.md;cleanup_20260506_final_code_artifact_cleanup/root_before_cleanup/submission_package/neurips2026_reviewer_artifact_anonymous/results/paper_tables/table_11_mech_classifier.md
335,91468c400735b6014bd13d95be930ecd04e38f44964512b0ca7543cb1d07ac45,2692,3,cleanup_20260506_final_code_artifact_cleanup/prior_reviewer_artifact_snapshot/results/human_disagreement_expansion/README.md;cleanup_20260506_final_code_artifact_cleanup/root_before_cleanup/results/human_disagreement_expansion/README.md;cleanup_20260506_final_code_artifact_cleanup/root_before_cleanup/submission_package/neurips2026_reviewer_artifact_anonymous/results/human_disagreement_expansion/README.md
336,920fff3992401e6332e9947000489b286c83a916cd54754bec3dcdb32179bd6d,5053,3,cleanup_20260506_final_code_artifact_cleanup/prior_reviewer_artifact_snapshot/results/ablation_chunk512_k5_strict.csv;cleanup_20260506_final_code_artifact_cleanup/root_before_cleanup/results/ablation_chunk512_k5_strict.csv;cleanup_20260506_final_code_artifact_cleanup/root_before_cleanup/submission_package/neurips2026_reviewer_artifact_anonymous/results/ablation_chunk512_k5_strict.csv
337,926b67ee1e6a90b1733cdda04e71f98f953e6b92c92f11643d9bdabc64d438e7,148049,3,cleanup_20260506_final_code_artifact_cleanup/prior_reviewer_artifact_snapshot/results/hcpc_v2/logs/pubmedqa_hcpc_v2_logs.json;cleanup_20260506_final_code_artifact_cleanup/root_before_cleanup/results/hcpc_v2/logs/pubmedqa_hcpc_v2_logs.json;cleanup_20260506_final_code_artifact_cleanup/root_before_cleanup/submission_package/neurips2026_reviewer_artifact_anonymous/results/hcpc_v2/logs/pubmedqa_hcpc_v2_logs.json
338,9330d866c5ad01280510d8a6ecc34d2c47d78d7b1f8d45ec9c18d237e4863c7e,17445,3,moved_from_repo/Controlled_RAG___Saket/figures/slice_dependent_ranking.pdf;moved_from_repo/papers/paper_neurips/figures/slice_dependent_ranking.pdf;rag-hallucination-detection_main/Controlled_RAG___Saket/figures/slice_dependent_ranking.pdf
339,936814084204edb17fda40477ba6cd70a1cd49f63e2f4782440ff1a3936bd60a,3823,4,cleanup_20260506_final_code_artifact_cleanup/prior_reviewer_artifact_snapshot/tests/test_ccs.py;cleanup_20260506_final_code_artifact_cleanup/root_before_cleanup/submission_package/neurips2026_reviewer_artifact_anonymous/tests/test_ccs.py;cleanup_20260506_final_code_artifact_cleanup/root_before_cleanup/tests/test_ccs.py;rag-hallucination-detection_main/tests/test_ccs.py
340,937b78e9f1ea693d085a2ba6eb9333c2a1d5a822087711740569f8bd7a5882a8,27173,3,cleanup_20260506_final_code_artifact_cleanup/prior_reviewer_artifact_snapshot/results/adaptive/pubmedqa_semantic_tight.csv;cleanup_20260506_final_code_artifact_cleanup/root_before_cleanup/results/adaptive/pubmedqa_semantic_tight.csv;cleanup_20260506_final_code_artifact_cleanup/root_before_cleanup/submission_package/neurips2026_reviewer_artifact_anonymous/results/adaptive/pubmedqa_semantic_tight.csv
341,94f28324a7f60fb6705074e76759c1664e28e4e13a9de5476b2bd471b35ebfa4,12874,4,cleanup_20260506_final_code_artifact_cleanup/prior_reviewer_artifact_snapshot/experiments/fix_02_scaled_headline_n500.py;cleanup_20260506_final_code_artifact_cleanup/root_before_cleanup/experiments/fix_02_scaled_headline_n500.py;cleanup_20260506_final_code_artifact_cleanup/root_before_cleanup/submission_package/neurips2026_reviewer_artifact_anonymous/experiments/fix_02_scaled_headline_n500.py;rag-hallucination-detection_main/experiments/fix_02_scaled_headline_n500.py
342,9553b2d457661062b287227e6872026db3859cfe4a77dec7e056d1ff7ed3500c,2191,4,cleanup_20260506_final_code_artifact_cleanup/prior_reviewer_artifact_snapshot/src/together_llm.py;cleanup_20260506_final_code_artifact_cleanup/root_before_cleanup/src/together_llm.py;cleanup_20260506_final_code_artifact_cleanup/root_before_cleanup/submission_package/neurips2026_reviewer_artifact_anonymous/src/together_llm.py;rag-hallucination-detection_main/src/together_llm.py
343,9571334a1743d6046226753049f2503a3387ba72e1fc2ba903a68973a426984b,226,4,cleanup_20260506_final_code_artifact_cleanup/prior_reviewer_artifact_snapshot/human_eval_final/n100_disagreement/human_disagreement_summary.csv;cleanup_20260506_final_code_artifact_cleanup/root_before_cleanup/human_eval/n100_disagreement/human_disagreement_summary.csv;cleanup_20260506_final_code_artifact_cleanup/root_before_cleanup/submission_package/neurips2026_reviewer_artifact_anonymous/human_eval_final/n100_disagreement/human_disagreement_summary.csv;rag-hallucination-detection_main/human_eval_final/n100_disagreement/human_disagreement_summary.csv
344,95a186d93b81c17cc54c9d6b2ef44d3b4f7937a71eff5b028e1f40b361c390a0,3784,3,deleted_from_head/papers/paper_neurips/sections/background.tex;moved_from_repo/papers/paper_longform/sections/background.tex;moved_from_repo/papers/ragpaper/sections/background.tex
345,95ad4871fdddef6809719d63371fb7ec28f361f98a5b6ddfe7707a4a42ac6633,45086,3,cleanup_20260506_final_code_artifact_cleanup/prior_reviewer_artifact_snapshot/results/multimodel/mistral_pubmedqa_chunk512_k3_strict.csv;cleanup_20260506_final_code_artifact_cleanup/root_before_cleanup/results/multimodel/mistral_pubmedqa_chunk512_k3_strict.csv;cleanup_20260506_final_code_artifact_cleanup/root_before_cleanup/submission_package/neurips2026_reviewer_artifact_anonymous/results/multimodel/mistral_pubmedqa_chunk512_k3_strict.csv
346,95f8242f1e35fa5f88d3c7dbfef52bda780872a91d5abd407c09523e980863a3,38162,3,cleanup_20260506_final_code_artifact_cleanup/prior_reviewer_artifact_snapshot/results/multimodel/llama3_pubmedqa_chunk256_k3_strict.csv;cleanup_20260506_final_code_artifact_cleanup/root_before_cleanup/results/multimodel/llama3_pubmedqa_chunk256_k3_strict.csv;cleanup_20260506_final_code_artifact_cleanup/root_before_cleanup/submission_package/neurips2026_reviewer_artifact_anonymous/results/multimodel/llama3_pubmedqa_chunk256_k3_strict.csv
347,97348edca5229faafdcdcdbadde63203d27ca6026f08b1af1f8a352d56018e27,1840,3,cleanup_20260506_final_code_artifact_cleanup/prior_reviewer_artifact_snapshot/results/deployment_figure/deployment_table.md;cleanup_20260506_final_code_artifact_cleanup/root_before_cleanup/results/deployment_figure/deployment_table.md;cleanup_20260506_final_code_artifact_cleanup/root_before_cleanup/submission_package/neurips2026_reviewer_artifact_anonymous/results/deployment_figure/deployment_table.md
348,98cb1310a685314a9601e035e19ab3d5188401fb39815eb79703872dc2c2f23f,61614,3,cleanup_20260506_final_code_artifact_cleanup/prior_reviewer_artifact_snapshot/results/hybrid/logs/squad_baseline_logs.csv;cleanup_20260506_final_code_artifact_cleanup/root_before_cleanup/results/hybrid/logs/squad_baseline_logs.csv;cleanup_20260506_final_code_artifact_cleanup/root_before_cleanup/submission_package/neurips2026_reviewer_artifact_anonymous/results/hybrid/logs/squad_baseline_logs.csv
349,99c8c627f7c34a04418e6bb4c7c604f495d64652d4c51902cc8677fce387065a,2394,3,cleanup_20260506_final_code_artifact_cleanup/prior_reviewer_artifact_snapshot/results/hcpc_v2/metrics.json;cleanup_20260506_final_code_artifact_cleanup/root_before_cleanup/results/hcpc_v2/metrics.json;cleanup_20260506_final_code_artifact_cleanup/root_before_cleanup/submission_package/neurips2026_reviewer_artifact_anonymous/results/hcpc_v2/metrics.json
350,99e1b5a7dd967822439c1f104ab2b567b02a79d3a4abdebe41b8c8f831db9a2d,6374,3,cleanup_20260506_final_code_artifact_cleanup/prior_reviewer_artifact_snapshot/results/topk_sensitivity/summary.md;cleanup_20260506_final_code_artifact_cleanup/root_before_cleanup/results/topk_sensitivity/summary.md;cleanup_20260506_final_code_artifact_cleanup/root_before_cleanup/submission_package/neurips2026_reviewer_artifact_anonymous/results/topk_sensitivity/summary.md
351,9a1b98a7ef75e196ef10fed887fab13ab89d61f60504566657c04c1d76febe58,3467,3,cleanup_20260506_final_code_artifact_cleanup/prior_reviewer_artifact_snapshot/results/raptor/summary.md;cleanup_20260506_final_code_artifact_cleanup/root_before_cleanup/results/raptor/summary.md;cleanup_20260506_final_code_artifact_cleanup/root_before_cleanup/submission_package/neurips2026_reviewer_artifact_anonymous/results/raptor/summary.md
352,9a36049575867b6ffe78ab9f65b96ccf50ba913822f7b86a16f0fc2e50b31b8c,43673,3,cleanup_20260506_final_code_artifact_cleanup/prior_reviewer_artifact_snapshot/results/multimodel/mistral_pubmedqa_chunk512_k5_cot.csv;cleanup_20260506_final_code_artifact_cleanup/root_before_cleanup/results/multimodel/mistral_pubmedqa_chunk512_k5_cot.csv;cleanup_20260506_final_code_artifact_cleanup/root_before_cleanup/submission_package/neurips2026_reviewer_artifact_anonymous/results/multimodel/mistral_pubmedqa_chunk512_k5_cot.csv
353,9a6b5013ff760273aafd820319f2404bb83567e99a2749fc31cc9c4d9936afac,3995,4,cleanup_20260506_final_code_artifact_cleanup/prior_reviewer_artifact_snapshot/src/adversarial_cases.py;cleanup_20260506_final_code_artifact_cleanup/root_before_cleanup/src/adversarial_cases.py;cleanup_20260506_final_code_artifact_cleanup/root_before_cleanup/submission_package/neurips2026_reviewer_artifact_anonymous/src/adversarial_cases.py;rag-hallucination-detection_main/src/adversarial_cases.py
354,9ac57b39d033d9afb0ddbb1a810f6b8934dafba7a43049826a1bb4743616b413,9759,4,cleanup_20260506_final_code_artifact_cleanup/prior_reviewer_artifact_snapshot/experiments/run_headtohead_comparison.py;cleanup_20260506_final_code_artifact_cleanup/root_before_cleanup/experiments/run_headtohead_comparison.py;cleanup_20260506_final_code_artifact_cleanup/root_before_cleanup/submission_package/neurips2026_reviewer_artifact_anonymous/experiments/run_headtohead_comparison.py;rag-hallucination-detection_main/experiments/run_headtohead_comparison.py
355,9b01142a6d88603bc0452d1d4a21c59c18d3a9b58eec174797e10d34c3f3e2e3,86,3,cleanup_20260506_final_code_artifact_cleanup/prior_reviewer_artifact_snapshot/results/noise_injection/completed_tuples.json;cleanup_20260506_final_code_artifact_cleanup/root_before_cleanup/results/noise_injection/completed_tuples.json;cleanup_20260506_final_code_artifact_cleanup/root_before_cleanup/submission_package/neurips2026_reviewer_artifact_anonymous/results/noise_injection/completed_tuples.json
356,9b81933237c92491435db037e2eb474789026bca94c7fec60b42a474367fed80,230,4,cleanup_20260506_final_code_artifact_cleanup/prior_reviewer_artifact_snapshot/results/multi_retriever/completed_tuples.json;cleanup_20260506_final_code_artifact_cleanup/root_before_cleanup/results/multi_retriever/completed_tuples.json;cleanup_20260506_final_code_artifact_cleanup/root_before_cleanup/submission_package/neurips2026_reviewer_artifact_anonymous/results/multi_retriever/completed_tuples.json;rag-hallucination-detection_main/results/multi_retriever/completed_tuples.json
357,9bc8f47e63f53a095696de3dee0e2096a47ac1e6844153e3b03d67883451a4a3,13337,2,moved_from_repo/Controlled_RAG___Saket/neurips_2026.sty;rag-hallucination-detection_main/Controlled_RAG___Saket/neurips_2026.sty
358,9cbcad5669b0df4934da6658de448d55430951e0abd86f1914369b0d54bfaf0d,34321,3,cleanup_20260506_final_code_artifact_cleanup/prior_reviewer_artifact_snapshot/results/embedding_clusters/projection_table.csv;cleanup_20260506_final_code_artifact_cleanup/root_before_cleanup/results/embedding_clusters/projection_table.csv;cleanup_20260506_final_code_artifact_cleanup/root_before_cleanup/submission_package/neurips2026_reviewer_artifact_anonymous/results/embedding_clusters/projection_table.csv
359,9cd425dfc1ee6638dfd7973c89bef3d150c9b871337e927679909d737c88b8ca,8316,4,cleanup_20260506_final_code_artifact_cleanup/prior_reviewer_artifact_snapshot/experiments/fix_05_coherence_preserving_noise.py;cleanup_20260506_final_code_artifact_cleanup/root_before_cleanup/experiments/fix_05_coherence_preserving_noise.py;cleanup_20260506_final_code_artifact_cleanup/root_before_cleanup/submission_package/neurips2026_reviewer_artifact_anonymous/experiments/fix_05_coherence_preserving_noise.py;rag-hallucination-detection_main/experiments/fix_05_coherence_preserving_noise.py
360,9cf11e12b6fdaa9cdb6d32b9c7a4cd00ac56c3bc558dbcb7882200fffef6040f,1457,3,cleanup_20260506_final_code_artifact_cleanup/prior_reviewer_artifact_snapshot/results/adaptive/summary.csv;cleanup_20260506_final_code_artifact_cleanup/root_before_cleanup/results/adaptive/summary.csv;cleanup_20260506_final_code_artifact_cleanup/root_before_cleanup/submission_package/neurips2026_reviewer_artifact_anonymous/results/adaptive/summary.csv
361,9cf7341e7f6672a85de23bf9ccd6ad75c538702dfeb6dc6aa09fa74fe973666a,3055,3,deleted_from_head/papers/paper_neurips/sections/setup.tex;moved_from_repo/papers/paper_longform/sections/setup.tex;moved_from_repo/papers/ragpaper/sections/setup.tex
362,9d4a9f47fb6781a1aeca8c84921c3fabf9f11733ca843cb541e3f9ef5a90bea6,3359,4,cleanup_20260506_final_code_artifact_cleanup/prior_reviewer_artifact_snapshot/src/retrieval_metrics.py;cleanup_20260506_final_code_artifact_cleanup/root_before_cleanup/src/retrieval_metrics.py;cleanup_20260506_final_code_artifact_cleanup/root_before_cleanup/submission_package/neurips2026_reviewer_artifact_anonymous/src/retrieval_metrics.py;rag-hallucination-detection_main/src/retrieval_metrics.py
363,9d794b9b2df0089e621a05d14f624ee73ec2e432b99c423781922e4acf866ea1,7972,4,cleanup_20260506_final_code_artifact_cleanup/prior_reviewer_artifact_snapshot/src/rag_pipeline.py;cleanup_20260506_final_code_artifact_cleanup/root_before_cleanup/src/rag_pipeline.py;cleanup_20260506_final_code_artifact_cleanup/root_before_cleanup/submission_package/neurips2026_reviewer_artifact_anonymous/src/rag_pipeline.py;rag-hallucination-detection_main/src/rag_pipeline.py
364,9dc7aa44995e74f5bfa5582497d5f9dd4024a080697642996f6c5a09c650e819,7856,3,cleanup_20260506_final_code_artifact_cleanup/prior_reviewer_artifact_snapshot/results/adaptive/squad_dynamic.csv;cleanup_20260506_final_code_artifact_cleanup/root_before_cleanup/results/adaptive/squad_dynamic.csv;cleanup_20260506_final_code_artifact_cleanup/root_before_cleanup/submission_package/neurips2026_reviewer_artifact_anonymous/results/adaptive/squad_dynamic.csv
365,9dfb5d5dbfe9aead02544a22dacdd2acdc03ad1ce0d2f78e7b54eae38cf3f1fc,26666,3,cleanup_20260506_final_code_artifact_cleanup/prior_reviewer_artifact_snapshot/results/mechanistic/retrieved_mass_by_layer.csv;cleanup_20260506_final_code_artifact_cleanup/root_before_cleanup/results/mechanistic/retrieved_mass_by_layer.csv;cleanup_20260506_final_code_artifact_cleanup/root_before_cleanup/submission_package/neurips2026_reviewer_artifact_anonymous/results/mechanistic/retrieved_mass_by_layer.csv
366,9dffbec6d982429c04bc770e1556a37486f2000444b8688bf6ad78aa16d53906,19209,3,moved_from_repo/papers/paper_longform/figures/disentanglement.pdf;moved_from_repo/papers/paper_neurips/figures/disentanglement.pdf;moved_from_repo/papers/ragpaper/figures/disentanglement.pdf
367,9ea264c751535f20abab2874ebc93917eb5a674ddb0c16943dd16132fbc9265f,881,4,cleanup_20260506_final_code_artifact_cleanup/prior_reviewer_artifact_snapshot/results/deployment_figure/pareto_summary.csv;cleanup_20260506_final_code_artifact_cleanup/root_before_cleanup/results/deployment_figure/pareto_summary.csv;cleanup_20260506_final_code_artifact_cleanup/root_before_cleanup/submission_package/neurips2026_reviewer_artifact_anonymous/results/deployment_figure/pareto_summary.csv;moved_from_repo/artifacts/generated/space_deploy_snapshot/results/deployment_figure/pareto_summary.csv
368,9f08d59e7eef71d05adb8fd271a246d753f03f300cf7430be92df8de8cf9d9ab,2511775,2,cleanup_20260506_final_code_artifact_cleanup/root_before_cleanup/data/revision/fix_02/per_query_gpu0.csv;cleanup_20260506_final_code_artifact_cleanup/root_before_cleanup/data/revision/fix_02/squad_seed43_partial_gpu0.csv
369,9fc343b221b5bf652e4117025d596589fa44921766b60f05ea9c22a3cee3c02d,37257,3,cleanup_20260506_final_code_artifact_cleanup/prior_reviewer_artifact_snapshot/results/multimodel/llama3_pubmedqa_chunk512_k3_cot.csv;cleanup_20260506_final_code_artifact_cleanup/root_before_cleanup/results/multimodel/llama3_pubmedqa_chunk512_k3_cot.csv;cleanup_20260506_final_code_artifact_cleanup/root_before_cleanup/submission_package/neurips2026_reviewer_artifact_anonymous/results/multimodel/llama3_pubmedqa_chunk512_k3_cot.csv
370,a0d2213d3a93d741c9ad761d6c41ecd5ede3f877e5c9a7d60638d0d33ec6166d,370,4,cleanup_20260506_final_code_artifact_cleanup/prior_reviewer_artifact_snapshot/results/revision/fix_12/span_control_summary.csv;cleanup_20260506_final_code_artifact_cleanup/root_before_cleanup/results/revision/fix_12/span_control_summary.csv;cleanup_20260506_final_code_artifact_cleanup/root_before_cleanup/submission_package/neurips2026_reviewer_artifact_anonymous/results/revision/fix_12/span_control_summary.csv;rag-hallucination-detection_main/results/revision/fix_12/span_control_summary.csv
371,a0e81c3b22454233bc12d0762f06dcca48261a75231cf87c79b75e69a6c00150,100,13,moved_from_repo/chroma_db/073d268e-e62e-4ff1-ac32-10d3864c08d8/header.bin;moved_from_repo/chroma_db/0c9b0d42-ee9c-4a93-8201-3e2cdba0c056/header.bin;moved_from_repo/chroma_db/506c2fe5-a79e-4c05-8bce-c8996ee20cab/header.bin;moved_from_repo/chroma_db/65d9d432-8088-4961-8b15-9b246ec79aa8/header.bin;moved_from_repo/chroma_db/6efcfac1-c013-4660-b6f4-5b81c534be04/header.bin;moved_from_repo/chroma_db/9aea734d-5241-4f0d-abe9-7d20d6ba9e35/header.bin;moved_from_repo/chroma_db/bf7c970e-db93-4295-a786-f3af1b517827/header.bin;moved_from_repo/chroma_db/ce9d103a-a315-4cab-b188-1eee44980b52/header.bin;moved_from_repo/chroma_db/d713953a-7168-4fd9-82d1-b455d160db7c/header.bin;moved_from_repo/chroma_db/db9f450d-29cb-4042-81f7-c4455d439a99/header.bin;moved_from_repo/chroma_db/e3b0aa00-ebeb-45af-a445-231c704bd956/header.bin;moved_from_repo/chroma_db/f4645668-4afa-4235-b44a-4cdc6bb04c4a/header.bin;moved_from_repo/chroma_db/faa1d722-a24d-4d02-bb81-d45645c5be2e/header.bin
372,a1219d74073bd89e0f9b4a8b3db9451145ea5e1bbdc01aee41e1f8357e881cd5,9201,4,cleanup_20260506_final_code_artifact_cleanup/prior_reviewer_artifact_snapshot/experiments/run_crag_baseline.py;cleanup_20260506_final_code_artifact_cleanup/root_before_cleanup/experiments/run_crag_baseline.py;cleanup_20260506_final_code_artifact_cleanup/root_before_cleanup/submission_package/neurips2026_reviewer_artifact_anonymous/experiments/run_crag_baseline.py;rag-hallucination-detection_main/experiments/run_crag_baseline.py
373,a287cd078fd2cf2928b42884b3c278cccea4e79d319ce3b83ee669fbef626cb9,21606,3,cleanup_20260506_final_code_artifact_cleanup/prior_reviewer_artifact_snapshot/results/reranker/llama3_squad_chunk512_reranked.csv;cleanup_20260506_final_code_artifact_cleanup/root_before_cleanup/results/reranker/llama3_squad_chunk512_reranked.csv;cleanup_20260506_final_code_artifact_cleanup/root_before_cleanup/submission_package/neurips2026_reviewer_artifact_anonymous/results/reranker/llama3_squad_chunk512_reranked.csv
374,a33c8b17d28ea35b464c8db2273e23cee421e17bd10d3c6af73ffc0744487c9c,37331,3,cleanup_20260506_final_code_artifact_cleanup/prior_reviewer_artifact_snapshot/results/reranker/mistral_pubmedqa_chunk256_reranked.csv;cleanup_20260506_final_code_artifact_cleanup/root_before_cleanup/results/reranker/mistral_pubmedqa_chunk256_reranked.csv;cleanup_20260506_final_code_artifact_cleanup/root_before_cleanup/submission_package/neurips2026_reviewer_artifact_anonymous/results/reranker/mistral_pubmedqa_chunk256_reranked.csv
375,a37fec61e0c18630de6447255119b1b3aa0d6a64bc72e4a45390be236c955cff,523,3,cleanup_20260506_final_code_artifact_cleanup/prior_reviewer_artifact_snapshot/results/pubmedqa/ablation_summary.csv;cleanup_20260506_final_code_artifact_cleanup/root_before_cleanup/results/pubmedqa/ablation_summary.csv;cleanup_20260506_final_code_artifact_cleanup/root_before_cleanup/submission_package/neurips2026_reviewer_artifact_anonymous/results/pubmedqa/ablation_summary.csv
376,a3a1e62b92556ef89ed499ba4783a28838c7a757cb7ae3306595384c16011965,24393,3,cleanup_20260506_final_code_artifact_cleanup/prior_reviewer_artifact_snapshot/results/multimodel/mistral_squad_chunk512_k3_cot.csv;cleanup_20260506_final_code_artifact_cleanup/root_before_cleanup/results/multimodel/mistral_squad_chunk512_k3_cot.csv;cleanup_20260506_final_code_artifact_cleanup/root_before_cleanup/submission_package/neurips2026_reviewer_artifact_anonymous/results/multimodel/mistral_squad_chunk512_k3_cot.csv
377,a3d2102c71bfde36987a9d55bed96a0bff80a343e98c0e6f74e67750983d3186,106595,3,cleanup_20260506_final_code_artifact_cleanup/prior_reviewer_artifact_snapshot/results/hybrid/logs/squad_hcpc_logs.json;cleanup_20260506_final_code_artifact_cleanup/root_before_cleanup/results/hybrid/logs/squad_hcpc_logs.json;cleanup_20260506_final_code_artifact_cleanup/root_before_cleanup/submission_package/neurips2026_reviewer_artifact_anonymous/results/hybrid/logs/squad_hcpc_logs.json
378,a437cbcfd90df5699aec42c3bd8be97b4429280c5888fcf788ceee4b36975bfd,7671,3,cleanup_20260506_final_code_artifact_cleanup/prior_reviewer_artifact_snapshot/results/adaptive/squad_semantic_tight.csv;cleanup_20260506_final_code_artifact_cleanup/root_before_cleanup/results/adaptive/squad_semantic_tight.csv;cleanup_20260506_final_code_artifact_cleanup/root_before_cleanup/submission_package/neurips2026_reviewer_artifact_anonymous/results/adaptive/squad_semantic_tight.csv
379,a59d87918340e9a4fbe2254964ac39fd02f6c526dc07dfab9dcbcb5afc6d6221,37823,3,cleanup_20260506_final_code_artifact_cleanup/prior_reviewer_artifact_snapshot/results/multimodel/llama3_pubmedqa_chunk256_k5_cot.csv;cleanup_20260506_final_code_artifact_cleanup/root_before_cleanup/results/multimodel/llama3_pubmedqa_chunk256_k5_cot.csv;cleanup_20260506_final_code_artifact_cleanup/root_before_cleanup/submission_package/neurips2026_reviewer_artifact_anonymous/results/multimodel/llama3_pubmedqa_chunk256_k5_cot.csv
380,a5d9dd4cd12fdddfbe931d702a7f2d92bfd48d065c81134a7b636d427340e842,22147,3,cleanup_20260506_final_code_artifact_cleanup/prior_reviewer_artifact_snapshot/results/multimodel/llama3_squad_chunk256_k5_cot.csv;cleanup_20260506_final_code_artifact_cleanup/root_before_cleanup/results/multimodel/llama3_squad_chunk256_k5_cot.csv;cleanup_20260506_final_code_artifact_cleanup/root_before_cleanup/submission_package/neurips2026_reviewer_artifact_anonymous/results/multimodel/llama3_squad_chunk256_k5_cot.csv
381,a66413ffe0c882e387ccac418d0adbc1098c3d5c7cbd5f9169bf531cc9ec92e8,168,3,cleanup_20260506_final_code_artifact_cleanup/prior_reviewer_artifact_snapshot/results/confidence_calibration/correlations.csv;cleanup_20260506_final_code_artifact_cleanup/root_before_cleanup/results/confidence_calibration/correlations.csv;cleanup_20260506_final_code_artifact_cleanup/root_before_cleanup/submission_package/neurips2026_reviewer_artifact_anonymous/results/confidence_calibration/correlations.csv
382,a68692ebd5e7b419590f0ae27c0b6859ab0f331c6033e8086ff248bd46f2e041,36211,3,cleanup_20260506_final_code_artifact_cleanup/prior_reviewer_artifact_snapshot/results/zeroshot/llama3_squad.csv;cleanup_20260506_final_code_artifact_cleanup/root_before_cleanup/results/zeroshot/llama3_squad.csv;cleanup_20260506_final_code_artifact_cleanup/root_before_cleanup/submission_package/neurips2026_reviewer_artifact_anonymous/results/zeroshot/llama3_squad.csv
383,a7118cc7323c9e3614bdfc80569b33b7b28904bfccec5046d54133abc0d9e9c3,8969,4,cleanup_20260506_final_code_artifact_cleanup/prior_reviewer_artifact_snapshot/experiments/fix_04_tau_generalization.py;cleanup_20260506_final_code_artifact_cleanup/root_before_cleanup/experiments/fix_04_tau_generalization.py;cleanup_20260506_final_code_artifact_cleanup/root_before_cleanup/submission_package/neurips2026_reviewer_artifact_anonymous/experiments/fix_04_tau_generalization.py;rag-hallucination-detection_main/experiments/fix_04_tau_generalization.py
384,a71f25e1ef09d258f412bb6c5158070c7a7f5e83177cb1287f484ef7255695b8,486,3,cleanup_20260506_final_code_artifact_cleanup/prior_reviewer_artifact_snapshot/results/latency/latency_summary.csv;cleanup_20260506_final_code_artifact_cleanup/root_before_cleanup/results/latency/latency_summary.csv;cleanup_20260506_final_code_artifact_cleanup/root_before_cleanup/submission_package/neurips2026_reviewer_artifact_anonymous/results/latency/latency_summary.csv
385,a74403cfe722557ef2b1825452abf658f49486e52fce24de0a742b5e811010cb,988,3,cleanup_20260506_final_code_artifact_cleanup/prior_reviewer_artifact_snapshot/results/paper_tables/table_7_variance.md;cleanup_20260506_final_code_artifact_cleanup/root_before_cleanup/results/paper_tables/table_7_variance.md;cleanup_20260506_final_code_artifact_cleanup/root_before_cleanup/submission_package/neurips2026_reviewer_artifact_anonymous/results/paper_tables/table_7_variance.md
386,a79841a1b07c1630680a539309eb48742d5bf4077514dd55b0b56b0a63978bb8,2479,4,cleanup_20260506_final_code_artifact_cleanup/prior_reviewer_artifact_snapshot/results/revision/fix_12/span_control_models.csv;cleanup_20260506_final_code_artifact_cleanup/root_before_cleanup/results/revision/fix_12/span_control_models.csv;cleanup_20260506_final_code_artifact_cleanup/root_before_cleanup/submission_package/neurips2026_reviewer_artifact_anonymous/results/revision/fix_12/span_control_models.csv;rag-hallucination-detection_main/results/revision/fix_12/span_control_models.csv
387,a7fa5930aaac4d5e4f69b32efe8f79140bfe9c91540bc762e8501edf951a7eb0,160,4,cleanup_20260506_final_code_artifact_cleanup/prior_reviewer_artifact_snapshot/results/revision/fix_01/matched_ccs_faithfulness_quantiles.csv;cleanup_20260506_final_code_artifact_cleanup/root_before_cleanup/results/revision/fix_01/matched_ccs_faithfulness_quantiles.csv;cleanup_20260506_final_code_artifact_cleanup/root_before_cleanup/submission_package/neurips2026_reviewer_artifact_anonymous/results/revision/fix_01/matched_ccs_faithfulness_quantiles.csv;rag-hallucination-detection_main/results/revision/fix_01/matched_ccs_faithfulness_quantiles.csv
388,a8119d9f27f96b952d8a01cd992f599d38c90c2669b93ee966bbf9b99e67f6df,16366,7,cleanup_20260506_final_code_artifact_cleanup/prior_reviewer_artifact_snapshot/data/adversarial/contradict.jsonl;cleanup_20260506_final_code_artifact_cleanup/root_before_cleanup/data/adversarial/contradict.jsonl;cleanup_20260506_final_code_artifact_cleanup/root_before_cleanup/submission_package/neurips2026_reviewer_artifact_anonymous/data/adversarial/contradict.jsonl;moved_from_repo/artifacts/generated/hf_dataset_staging_snapshot/adversarial/contradict.jsonl;moved_from_repo/release/context_coherence_bench_v1/adversarial/contradict.jsonl;moved_from_repo/release/context_coherence_bench_v2/adversarial/contradict.jsonl;rag-hallucination-detection_main/data/adversarial/contradict.jsonl
389,a9846c00991baf2138d2f7f7d185f303cf1b1d545804b759cd2b13ad336c87ad,21904,3,cleanup_20260506_final_code_artifact_cleanup/prior_reviewer_artifact_snapshot/results/multimodel/mistral_squad_chunk1024_k3_strict.csv;cleanup_20260506_final_code_artifact_cleanup/root_before_cleanup/results/multimodel/mistral_squad_chunk1024_k3_strict.csv;cleanup_20260506_final_code_artifact_cleanup/root_before_cleanup/submission_package/neurips2026_reviewer_artifact_anonymous/results/multimodel/mistral_squad_chunk1024_k3_strict.csv
390,a9c40eba6796ae5d2def21624f0275d992fa21cc6ff3553d73e5cb06a711e11a,50157,3,cleanup_20260506_final_code_artifact_cleanup/prior_reviewer_artifact_snapshot/results/hybrid/logs/squad_hcpc_refinements.json;cleanup_20260506_final_code_artifact_cleanup/root_before_cleanup/results/hybrid/logs/squad_hcpc_refinements.json;cleanup_20260506_final_code_artifact_cleanup/root_before_cleanup/submission_package/neurips2026_reviewer_artifact_anonymous/results/hybrid/logs/squad_hcpc_refinements.json
391,abda0b4477dfa10b70d0f14107ea66f9dd27357bf23c4a1adef74b717d315c33,35649,3,cleanup_20260506_final_code_artifact_cleanup/prior_reviewer_artifact_snapshot/results/reranker/llama3_pubmedqa_chunk256_reranked.csv;cleanup_20260506_final_code_artifact_cleanup/root_before_cleanup/results/reranker/llama3_pubmedqa_chunk256_reranked.csv;cleanup_20260506_final_code_artifact_cleanup/root_before_cleanup/submission_package/neurips2026_reviewer_artifact_anonymous/results/reranker/llama3_pubmedqa_chunk256_reranked.csv
392,abdf94e13c8c6430f7760350542c0c31dbaa69507f5f3f6b34cdfda3a10b5e75,45355,5,cleanup_20260506_final_code_artifact_cleanup/prior_reviewer_artifact_snapshot/data/adversarial/disjoint.jsonl;cleanup_20260506_final_code_artifact_cleanup/root_before_cleanup/data/adversarial/disjoint.jsonl;cleanup_20260506_final_code_artifact_cleanup/root_before_cleanup/submission_package/neurips2026_reviewer_artifact_anonymous/data/adversarial/disjoint.jsonl;moved_from_repo/artifacts/generated/hf_dataset_staging_snapshot/adversarial/disjoint.jsonl;rag-hallucination-detection_main/data/adversarial/disjoint.jsonl
393,abf1c788151a392c14373c3b75107287fc47741b75bb4377bb26e935bbc0bbfe,1399,3,cleanup_20260506_final_code_artifact_cleanup/prior_reviewer_artifact_snapshot/results/coherence_analysis/correlations.csv;cleanup_20260506_final_code_artifact_cleanup/root_before_cleanup/results/coherence_analysis/correlations.csv;cleanup_20260506_final_code_artifact_cleanup/root_before_cleanup/submission_package/neurips2026_reviewer_artifact_anonymous/results/coherence_analysis/correlations.csv
394,ac0951b36dfb81f7ca7f66a8045f92bb2667fb160c8f251269b2e2e4bf39c125,811,3,cleanup_20260506_final_code_artifact_cleanup/prior_reviewer_artifact_snapshot/results/raptor/summary.csv;cleanup_20260506_final_code_artifact_cleanup/root_before_cleanup/results/raptor/summary.csv;cleanup_20260506_final_code_artifact_cleanup/root_before_cleanup/submission_package/neurips2026_reviewer_artifact_anonymous/results/raptor/summary.csv
395,ac113d86aa79834059263eaf56872183b37583702673b9487c335844eace8eed,378,2,moved_from_repo/papers/paper_longform/figures/refinement_tradeoff.tex;moved_from_repo/papers/ragpaper/figures/refinement_tradeoff.tex
396,ac4b71d871b926c84611801d359f10a7698030cd97ff1a7784fb23272827b438,15030,3,cleanup_20260506_final_code_artifact_cleanup/prior_reviewer_artifact_snapshot/results/hcpc_v2/logs/pubmedqa_hcpc_v2_diagnostics.json;cleanup_20260506_final_code_artifact_cleanup/root_before_cleanup/results/hcpc_v2/logs/pubmedqa_hcpc_v2_diagnostics.json;cleanup_20260506_final_code_artifact_cleanup/root_before_cleanup/submission_package/neurips2026_reviewer_artifact_anonymous/results/hcpc_v2/logs/pubmedqa_hcpc_v2_diagnostics.json
397,ad6256215e93c56c830229fc549d70c5427e3c5f2e556569798353a02d76f19e,528,3,cleanup_20260506_final_code_artifact_cleanup/prior_reviewer_artifact_snapshot/results/longform/paradox_longform.csv;cleanup_20260506_final_code_artifact_cleanup/root_before_cleanup/results/longform/paradox_longform.csv;cleanup_20260506_final_code_artifact_cleanup/root_before_cleanup/submission_package/neurips2026_reviewer_artifact_anonymous/results/longform/paradox_longform.csv
398,ad7358e6956232d0021feaaffed393af3d81a0cd80bb41d1e7d512ff9c43b066,619,3,cleanup_20260506_final_code_artifact_cleanup/prior_reviewer_artifact_snapshot/results/noise_injection/summary.csv;cleanup_20260506_final_code_artifact_cleanup/root_before_cleanup/results/noise_injection/summary.csv;cleanup_20260506_final_code_artifact_cleanup/root_before_cleanup/submission_package/neurips2026_reviewer_artifact_anonymous/results/noise_injection/summary.csv
399,ae1b5abcd76479218ba4f500135e421db1e150a966c1d61f5fd30903a02e58d4,21872,3,cleanup_20260506_final_code_artifact_cleanup/prior_reviewer_artifact_snapshot/results/reranker/mistral_squad_chunk512_reranked.csv;cleanup_20260506_final_code_artifact_cleanup/root_before_cleanup/results/reranker/mistral_squad_chunk512_reranked.csv;cleanup_20260506_final_code_artifact_cleanup/root_before_cleanup/submission_package/neurips2026_reviewer_artifact_anonymous/results/reranker/mistral_squad_chunk512_reranked.csv
400,aec843617b91d37676c9f8db399fcd0c4d453a8dd7ea4b014335c54b1e1d77ba,28383,3,cleanup_20260506_final_code_artifact_cleanup/prior_reviewer_artifact_snapshot/results/multimodel/mistral_squad_chunk256_k3_cot.csv;cleanup_20260506_final_code_artifact_cleanup/root_before_cleanup/results/multimodel/mistral_squad_chunk256_k3_cot.csv;cleanup_20260506_final_code_artifact_cleanup/root_before_cleanup/submission_package/neurips2026_reviewer_artifact_anonymous/results/multimodel/mistral_squad_chunk256_k3_cot.csv
401,af2fbf3e584f94f53b3a5bb65553b39f2e806f79a6e1ffe9cad4918b5cfbb1a0,23192,3,cleanup_20260506_final_code_artifact_cleanup/prior_reviewer_artifact_snapshot/results/multimodel/llama3_squad_chunk512_k3_cot.csv;cleanup_20260506_final_code_artifact_cleanup/root_before_cleanup/results/multimodel/llama3_squad_chunk512_k3_cot.csv;cleanup_20260506_final_code_artifact_cleanup/root_before_cleanup/submission_package/neurips2026_reviewer_artifact_anonymous/results/multimodel/llama3_squad_chunk512_k3_cot.csv
402,af81cb4ed3edf32291b69b053961f126c3d7d112568d0935d61f8ccb4c76e75f,161544,3,cleanup_20260506_final_code_artifact_cleanup/prior_reviewer_artifact_snapshot/results/human_disagreement_expansion/annotation_batch_disagreement_100.backup_before_non_eval_fixes.csv;cleanup_20260506_final_code_artifact_cleanup/root_before_cleanup/results/human_disagreement_expansion/annotation_batch_disagreement_100.backup_before_non_eval_fixes.csv;cleanup_20260506_final_code_artifact_cleanup/root_before_cleanup/submission_package/neurips2026_reviewer_artifact_anonymous/results/human_disagreement_expansion/annotation_batch_disagreement_100.backup_before_non_eval_fixes.csv
403,af8576356ae7dd7a10a9354745eb90dc77ee61433bc8b4cfa63d9cdac28b4c5f,22901,3,cleanup_20260506_final_code_artifact_cleanup/prior_reviewer_artifact_snapshot/results/multimodel/mistral_squad_chunk256_k5_strict.csv;cleanup_20260506_final_code_artifact_cleanup/root_before_cleanup/results/multimodel/mistral_squad_chunk256_k5_strict.csv;cleanup_20260506_final_code_artifact_cleanup/root_before_cleanup/submission_package/neurips2026_reviewer_artifact_anonymous/results/multimodel/mistral_squad_chunk256_k5_strict.csv
404,b037208992d8ab8b7dd8e2273e74a14585c72db9ea00d05d9897b73767475885,763,3,cleanup_20260506_final_code_artifact_cleanup/prior_reviewer_artifact_snapshot/results/reranker/summary.md;cleanup_20260506_final_code_artifact_cleanup/root_before_cleanup/results/reranker/summary.md;cleanup_20260506_final_code_artifact_cleanup/root_before_cleanup/submission_package/neurips2026_reviewer_artifact_anonymous/results/reranker/summary.md
405,b070ae51466a8868d5f2c5ae5d1ebb2c55867b0a1f21b0c81e009727781098a8,45162,3,cleanup_20260506_final_code_artifact_cleanup/prior_reviewer_artifact_snapshot/results/reranker/mistral_pubmedqa_chunk1024_reranked.csv;cleanup_20260506_final_code_artifact_cleanup/root_before_cleanup/results/reranker/mistral_pubmedqa_chunk1024_reranked.csv;cleanup_20260506_final_code_artifact_cleanup/root_before_cleanup/submission_package/neurips2026_reviewer_artifact_anonymous/results/reranker/mistral_pubmedqa_chunk1024_reranked.csv
406,b0e187ec1e11a6070e51229ac6af0575d32f2707a04f970b11070360bbf1abcf,4705,3,cleanup_20260506_final_code_artifact_cleanup/prior_reviewer_artifact_snapshot/results/ablation_chunk1024_k3_cot.csv;cleanup_20260506_final_code_artifact_cleanup/root_before_cleanup/results/ablation_chunk1024_k3_cot.csv;cleanup_20260506_final_code_artifact_cleanup/root_before_cleanup/submission_package/neurips2026_reviewer_artifact_anonymous/results/ablation_chunk1024_k3_cot.csv
407,b1119f2ebbe76f9d9fca18efc3d9f26198c9ccc65062242f731f400e6f9c220d,10152,4,cleanup_20260506_final_code_artifact_cleanup/prior_reviewer_artifact_snapshot/experiments/run_multidataset_validation.py;cleanup_20260506_final_code_artifact_cleanup/root_before_cleanup/experiments/run_multidataset_validation.py;cleanup_20260506_final_code_artifact_cleanup/root_before_cleanup/submission_package/neurips2026_reviewer_artifact_anonymous/experiments/run_multidataset_validation.py;rag-hallucination-detection_main/experiments/run_multidataset_validation.py
408,b17138960a9c1be97bbdc12f79230f71b5b1e0fa82c57f0ef9c02fc9ef9ca2da,1014,4,cleanup_20260506_final_code_artifact_cleanup/prior_reviewer_artifact_snapshot/src/pubmedqa_loader.py;cleanup_20260506_final_code_artifact_cleanup/root_before_cleanup/src/pubmedqa_loader.py;cleanup_20260506_final_code_artifact_cleanup/root_before_cleanup/submission_package/neurips2026_reviewer_artifact_anonymous/src/pubmedqa_loader.py;rag-hallucination-detection_main/src/pubmedqa_loader.py
409,b18a8df290cf7f1759d50a32d5bcc97a64440763ea50eafc76a213651d746a22,1167,2,moved_from_repo/artifacts/generated/space_deploy_snapshot/README.md;moved_from_repo/space/README.md
410,b284bf977db87beae40f2368e865e224e7374d17d5121d08bae3f554b41757b0,500,3,cleanup_20260506_final_code_artifact_cleanup/prior_reviewer_artifact_snapshot/results/coherence_analysis/condition_summary.csv;cleanup_20260506_final_code_artifact_cleanup/root_before_cleanup/results/coherence_analysis/condition_summary.csv;cleanup_20260506_final_code_artifact_cleanup/root_before_cleanup/submission_package/neurips2026_reviewer_artifact_anonymous/results/coherence_analysis/condition_summary.csv
411,b292e258204ea32b996f4f46e9f1bbf88bd6fd0d22b6f539c236c4dfa0aca26f,109,3,cleanup_20260506_final_code_artifact_cleanup/prior_reviewer_artifact_snapshot/results/ablation_chunk512_k5_strict_scores.csv;cleanup_20260506_final_code_artifact_cleanup/root_before_cleanup/results/ablation_chunk512_k5_strict_scores.csv;cleanup_20260506_final_code_artifact_cleanup/root_before_cleanup/submission_package/neurips2026_reviewer_artifact_anonymous/results/ablation_chunk512_k5_strict_scores.csv
412,b29c9867d3cb8a21e12106b760323348b140103cf9902562d54b0a4c72854f16,13685,4,cleanup_20260506_final_code_artifact_cleanup/prior_reviewer_artifact_snapshot/src/coherence_metrics.py;cleanup_20260506_final_code_artifact_cleanup/root_before_cleanup/src/coherence_metrics.py;cleanup_20260506_final_code_artifact_cleanup/root_before_cleanup/submission_package/neurips2026_reviewer_artifact_anonymous/src/coherence_metrics.py;rag-hallucination-detection_main/src/coherence_metrics.py
413,b2eda0aa93475278084f9828856d2418ad91409b0c192d5e12a3a350e7664708,4554,3,cleanup_20260506_final_code_artifact_cleanup/prior_reviewer_artifact_snapshot/results/ablation_chunk1024_k5_strict.csv;cleanup_20260506_final_code_artifact_cleanup/root_before_cleanup/results/ablation_chunk1024_k5_strict.csv;cleanup_20260506_final_code_artifact_cleanup/root_before_cleanup/submission_package/neurips2026_reviewer_artifact_anonymous/results/ablation_chunk1024_k5_strict.csv
414,b4f3c2ede0f2a19081f76437b2b39b378377298a79f2b9fe19f688320803e34d,3976,3,cleanup_20260506_final_code_artifact_cleanup/prior_reviewer_artifact_snapshot/results/subchunk_sensitivity/summary.md;cleanup_20260506_final_code_artifact_cleanup/root_before_cleanup/results/subchunk_sensitivity/summary.md;cleanup_20260506_final_code_artifact_cleanup/root_before_cleanup/submission_package/neurips2026_reviewer_artifact_anonymous/results/subchunk_sensitivity/summary.md
415,b5945c2d9ff4583d4c990744ec0b8d275e7453966848db282b976560cd6ce4a7,43520,3,cleanup_20260506_final_code_artifact_cleanup/prior_reviewer_artifact_snapshot/results/multimodel/llama3_pubmedqa_chunk1024_k5_strict.csv;cleanup_20260506_final_code_artifact_cleanup/root_before_cleanup/results/multimodel/llama3_pubmedqa_chunk1024_k5_strict.csv;cleanup_20260506_final_code_artifact_cleanup/root_before_cleanup/submission_package/neurips2026_reviewer_artifact_anonymous/results/multimodel/llama3_pubmedqa_chunk1024_k5_strict.csv
416,b59d60e518abeab761d7ed9c3b4a0b300d74df164282b43ae422884fddf13cc5,1657,2,moved_from_repo/papers/paper_longform/figures/pipeline.tex;moved_from_repo/papers/ragpaper/figures/pipeline.tex
417,b5e22200ea3f82ba67107519c9ad1d451736254223dbeef1f54096f7b7e68110,272,3,cleanup_20260506_final_code_artifact_cleanup/prior_reviewer_artifact_snapshot/results/noise_injection/coherence_vs_noise.csv;cleanup_20260506_final_code_artifact_cleanup/root_before_cleanup/results/noise_injection/coherence_vs_noise.csv;cleanup_20260506_final_code_artifact_cleanup/root_before_cleanup/submission_package/neurips2026_reviewer_artifact_anonymous/results/noise_injection/coherence_vs_noise.csv
418,b5fe07070de0ba8ee347f153bf143d450c4cb16dae30611da2382cc5e5933d03,954,4,cleanup_20260506_final_code_artifact_cleanup/prior_reviewer_artifact_snapshot/scripts/compute_nli_human_correlation.py;cleanup_20260506_final_code_artifact_cleanup/root_before_cleanup/scripts/compute_nli_human_correlation.py;cleanup_20260506_final_code_artifact_cleanup/root_before_cleanup/submission_package/neurips2026_reviewer_artifact_anonymous/scripts/compute_nli_human_correlation.py;rag-hallucination-detection_main/scripts/compute_nli_human_correlation.py
419,b622728f57cced383b67ecae37cdeabcf2e2b6fb32653ee20a05d4a425a11212,16567,3,moved_from_repo/papers/paper_longform/figures/coherence_heatmap.pdf;moved_from_repo/papers/paper_neurips/figures/coherence_heatmap.pdf;moved_from_repo/papers/ragpaper/figures/coherence_heatmap.pdf
420,b6370970ca0048a941403c989b56cb89866ef4b8a2f643f411d1697f1815a01d,44791,3,cleanup_20260506_final_code_artifact_cleanup/prior_reviewer_artifact_snapshot/results/reranker/mistral_pubmedqa_chunk1024_baseline.csv;cleanup_20260506_final_code_artifact_cleanup/root_before_cleanup/results/reranker/mistral_pubmedqa_chunk1024_baseline.csv;cleanup_20260506_final_code_artifact_cleanup/root_before_cleanup/submission_package/neurips2026_reviewer_artifact_anonymous/results/reranker/mistral_pubmedqa_chunk1024_baseline.csv
421,b67c451b232d0ff624bbdf7f18584df7535fdfe5b8e87da07f34781e6de73385,408,3,cleanup_20260506_final_code_artifact_cleanup/prior_reviewer_artifact_snapshot/results/quantization_sensitivity/paradox_by_quant.csv;cleanup_20260506_final_code_artifact_cleanup/root_before_cleanup/results/quantization_sensitivity/paradox_by_quant.csv;cleanup_20260506_final_code_artifact_cleanup/root_before_cleanup/submission_package/neurips2026_reviewer_artifact_anonymous/results/quantization_sensitivity/paradox_by_quant.csv
422,b6f8d3280cd8104a46654ca09c59cbbc6d78bfefec102557beffe5ecd9b588c8,615,4,cleanup_20260506_final_code_artifact_cleanup/prior_reviewer_artifact_snapshot/results/revision/fix_06/h2h_summary.csv;cleanup_20260506_final_code_artifact_cleanup/root_before_cleanup/results/revision/fix_06/h2h_summary.csv;cleanup_20260506_final_code_artifact_cleanup/root_before_cleanup/submission_package/neurips2026_reviewer_artifact_anonymous/results/revision/fix_06/h2h_summary.csv;rag-hallucination-detection_main/results/revision/fix_06/h2h_summary.csv
423,b74b3bdfbf4a2d6855eba395f31805e0154a51315353fddac37d6d284ef6dbba,3028361,2,cleanup_20260506_final_code_artifact_cleanup/root_before_cleanup/data/revision/fix_05/per_query.csv;cleanup_20260506_final_code_artifact_cleanup/root_before_cleanup/data/revision/fix_05/per_query_partial.csv
424,b79ebd58bf422568244555edf0b059eb9f44baa2b2c2c4a5f663d90b6e773b5e,1883,3,cleanup_20260506_final_code_artifact_cleanup/prior_reviewer_artifact_snapshot/results/paper_tables/table_12_deployment.md;cleanup_20260506_final_code_artifact_cleanup/root_before_cleanup/results/paper_tables/table_12_deployment.md;cleanup_20260506_final_code_artifact_cleanup/root_before_cleanup/submission_package/neurips2026_reviewer_artifact_anonymous/results/paper_tables/table_12_deployment.md
425,b7ba178f3101a3274f72e487e3d26074d41efb3e6e022ca68e3efcc53df8aabf,845,3,moved_from_repo/papers/paper_longform/figures/topk_table.tex;moved_from_repo/papers/paper_neurips/figures/topk_table.tex;moved_from_repo/papers/ragpaper/figures/topk_table.tex
426,b7e3fbe364da023d326b49a6f4921678e192a7caad99911d7f8b654efb8da417,2048,3,cleanup_20260506_final_code_artifact_cleanup/prior_reviewer_artifact_snapshot/results/paper_tables/table_3_multi_retriever.md;cleanup_20260506_final_code_artifact_cleanup/root_before_cleanup/results/paper_tables/table_3_multi_retriever.md;cleanup_20260506_final_code_artifact_cleanup/root_before_cleanup/submission_package/neurips2026_reviewer_artifact_anonymous/results/paper_tables/table_3_multi_retriever.md
427,b873300bdc1ed7c834da6c392ce244da45657fc2a61528884478d5a30fbfc126,18937,3,moved_from_repo/papers/paper_longform/figures/embedding_clusters.pdf;moved_from_repo/papers/paper_neurips/figures/embedding_clusters.pdf;moved_from_repo/papers/ragpaper/figures/embedding_clusters.pdf
428,b88f05af0f0e7908631c31e1a43397502b8b8fbb83260601163ccf1ce891c759,3584,3,cleanup_20260506_final_code_artifact_cleanup/prior_reviewer_artifact_snapshot/results/threshold_sensitivity/summary.md;cleanup_20260506_final_code_artifact_cleanup/root_before_cleanup/results/threshold_sensitivity/summary.md;cleanup_20260506_final_code_artifact_cleanup/root_before_cleanup/submission_package/neurips2026_reviewer_artifact_anonymous/results/threshold_sensitivity/summary.md
429,b8d608fe19e2b9bb69f873c3765541f4c68ae45ec9bd7e5a0dc91f94eacc6d8b,20740,3,cleanup_20260506_final_code_artifact_cleanup/prior_reviewer_artifact_snapshot/results/human_validation/validation_sheet.xlsx;cleanup_20260506_final_code_artifact_cleanup/root_before_cleanup/results/human_validation/validation_sheet.xlsx;cleanup_20260506_final_code_artifact_cleanup/root_before_cleanup/submission_package/neurips2026_reviewer_artifact_anonymous/results/human_validation/validation_sheet.xlsx
430,b8d94f46f624fd72904c14414971323b1b1bc069e3e495da751a4c7d8cae68b4,1829,3,deleted_from_head/papers/paper_neurips/sections/conclusion.tex;moved_from_repo/papers/paper_longform/sections/conclusion.tex;moved_from_repo/papers/ragpaper/sections/conclusion.tex
431,b8f53335bd955b57e124dbe214303a7079ae93e8aacac5344b21db087b242e64,1674,7,cleanup_20260506_final_code_artifact_cleanup/prior_reviewer_artifact_snapshot/results/revision/fix_13/retriever_sanity_summary.csv;cleanup_20260506_final_code_artifact_cleanup/prior_reviewer_artifact_snapshot/source_tables/retriever_sanity_summary.csv;cleanup_20260506_final_code_artifact_cleanup/root_before_cleanup/results/revision/fix_13/retriever_sanity_summary.csv;cleanup_20260506_final_code_artifact_cleanup/root_before_cleanup/submission_package/neurips2026_reviewer_artifact_anonymous/results/revision/fix_13/retriever_sanity_summary.csv;cleanup_20260506_final_code_artifact_cleanup/root_before_cleanup/submission_package/neurips2026_reviewer_artifact_anonymous/source_tables/retriever_sanity_summary.csv;rag-hallucination-detection_main/results/revision/fix_13/retriever_sanity_summary.csv;rag-hallucination-detection_main/source_tables/retriever_sanity_summary.csv
432,b9e98c5976dc1738b10e64a2f1084ac7549969a78d09da2260dfe1e52d7cd643,2540,3,cleanup_20260506_final_code_artifact_cleanup/prior_reviewer_artifact_snapshot/results/multidataset/summary.csv;cleanup_20260506_final_code_artifact_cleanup/root_before_cleanup/results/multidataset/summary.csv;cleanup_20260506_final_code_artifact_cleanup/root_before_cleanup/submission_package/neurips2026_reviewer_artifact_anonymous/results/multidataset/summary.csv
433,baf30e8f6c0a30fb69d8d6c16dcec720554fcb587b691c80d8f6826de5e2226c,359,2,moved_from_repo/papers/paper_longform/figures/zeroshot_comparison.tex;moved_from_repo/papers/ragpaper/figures/zeroshot_comparison.tex
434,bb9239e933860ced5d12eb74e9dfd3c18561bdcd14caa6c6fff70edeed4fcc20,2012,4,cleanup_20260506_final_code_artifact_cleanup/prior_reviewer_artifact_snapshot/scripts/compute_matched_ccs_distribution.py;cleanup_20260506_final_code_artifact_cleanup/root_before_cleanup/scripts/compute_matched_ccs_distribution.py;cleanup_20260506_final_code_artifact_cleanup/root_before_cleanup/submission_package/neurips2026_reviewer_artifact_anonymous/scripts/compute_matched_ccs_distribution.py;rag-hallucination-detection_main/scripts/compute_matched_ccs_distribution.py
435,bbef250bd283be0c56b596414b3cdb7da8e12b7af964cb7bf9145115b614321e,335,4,cleanup_20260506_final_code_artifact_cleanup/prior_reviewer_artifact_snapshot/results/revision/fix_11/raptor_full_table.csv;cleanup_20260506_final_code_artifact_cleanup/root_before_cleanup/results/revision/fix_11/raptor_full_table.csv;cleanup_20260506_final_code_artifact_cleanup/root_before_cleanup/submission_package/neurips2026_reviewer_artifact_anonymous/results/revision/fix_11/raptor_full_table.csv;rag-hallucination-detection_main/results/revision/fix_11/raptor_full_table.csv
436,bcb5ea80b63c18cb0b8cb315a8fa17850781090c8f3a1c32ce1cc723b60566fa,28998,3,cleanup_20260506_final_code_artifact_cleanup/prior_reviewer_artifact_snapshot/results/adaptive/pubmedqa_semantic_loose.csv;cleanup_20260506_final_code_artifact_cleanup/root_before_cleanup/results/adaptive/pubmedqa_semantic_loose.csv;cleanup_20260506_final_code_artifact_cleanup/root_before_cleanup/submission_package/neurips2026_reviewer_artifact_anonymous/results/adaptive/pubmedqa_semantic_loose.csv
437,bd47fba6023e3b7408ff6399dc542f3a22a42c12fb9e43220644296a21e4d651,378,2,moved_from_repo/papers/paper_longform/figures/proxy_alignment.tex;moved_from_repo/papers/ragpaper/figures/proxy_alignment.tex
438,bda98747badc382e76982f8aa7b62ad938510d8333ea366a5a3a8a06ee3096de,4313,3,cleanup_20260506_final_code_artifact_cleanup/prior_reviewer_artifact_snapshot/results/longform/summary.md;cleanup_20260506_final_code_artifact_cleanup/root_before_cleanup/results/longform/summary.md;cleanup_20260506_final_code_artifact_cleanup/root_before_cleanup/submission_package/neurips2026_reviewer_artifact_anonymous/results/longform/summary.md
439,bdacdfffa1a95abad241e4bebe859dcebfa68397e0853b08b1dbd2cac985f8e2,170,3,cleanup_20260506_final_code_artifact_cleanup/prior_reviewer_artifact_snapshot/results/revision/fix_09/partial_correlations.csv;cleanup_20260506_final_code_artifact_cleanup/root_before_cleanup/results/revision/fix_09/partial_correlations.csv;cleanup_20260506_final_code_artifact_cleanup/root_before_cleanup/submission_package/neurips2026_reviewer_artifact_anonymous/results/revision/fix_09/partial_correlations.csv
440,bdba47db5e80b2e510150e0e739dc85f364d11b0b3e5ac289b20ba7526542f9d,353,4,cleanup_20260506_final_code_artifact_cleanup/prior_reviewer_artifact_snapshot/human_eval_final/n100_disagreement/human_disagreement_label_distribution.csv;cleanup_20260506_final_code_artifact_cleanup/root_before_cleanup/human_eval/n100_disagreement/human_disagreement_label_distribution.csv;cleanup_20260506_final_code_artifact_cleanup/root_before_cleanup/submission_package/neurips2026_reviewer_artifact_anonymous/human_eval_final/n100_disagreement/human_disagreement_label_distribution.csv;rag-hallucination-detection_main/human_eval_final/n100_disagreement/human_disagreement_label_distribution.csv
441,bedaa3281dafb0b33b04937b6c80ed5dd504b01e772430fd57851d38035b1fa5,16027,2,cleanup_20260506_final_code_artifact_cleanup/root_before_cleanup/results/revision/fix_06/pareto_faithfulness_latency.pdf;moved_from_repo/papers/ragpaper/figures/fix_06_pareto_faith_latency.pdf
442,bee5f5db3af3920e2e4f6d28b71a9a27b7327cb5342a5d5e02c8a603f5b43726,4682,4,cleanup_20260506_final_code_artifact_cleanup/prior_reviewer_artifact_snapshot/src/mmr_retriever.py;cleanup_20260506_final_code_artifact_cleanup/root_before_cleanup/src/mmr_retriever.py;cleanup_20260506_final_code_artifact_cleanup/root_before_cleanup/submission_package/neurips2026_reviewer_artifact_anonymous/src/mmr_retriever.py;rag-hallucination-detection_main/src/mmr_retriever.py
443,bfdb548f9768dad31cbddeb9a9e40858fdc1e39ec0ebd3eb76009f0649d269b7,2693,3,cleanup_20260506_final_code_artifact_cleanup/prior_reviewer_artifact_snapshot/results/mech_classifier/feature_importance.csv;cleanup_20260506_final_code_artifact_cleanup/root_before_cleanup/results/mech_classifier/feature_importance.csv;cleanup_20260506_final_code_artifact_cleanup/root_before_cleanup/submission_package/neurips2026_reviewer_artifact_anonymous/results/mech_classifier/feature_importance.csv
444,c044fe76555d47d1e226cb0d37f7eb5a1b5ee3f1ac43aa29745f398d70f2d39e,40190,3,cleanup_20260506_final_code_artifact_cleanup/prior_reviewer_artifact_snapshot/results/reranker/llama3_pubmedqa_chunk1024_reranked.csv;cleanup_20260506_final_code_artifact_cleanup/root_before_cleanup/results/reranker/llama3_pubmedqa_chunk1024_reranked.csv;cleanup_20260506_final_code_artifact_cleanup/root_before_cleanup/submission_package/neurips2026_reviewer_artifact_anonymous/results/reranker/llama3_pubmedqa_chunk1024_reranked.csv
445,c0542f59ccf3f65d8969a54b616a30839e9df6c5a6fbb3a443ad3635b9759ab4,21661,3,cleanup_20260506_final_code_artifact_cleanup/prior_reviewer_artifact_snapshot/results/multimodel/llama3_squad_chunk1024_k3_cot.csv;cleanup_20260506_final_code_artifact_cleanup/root_before_cleanup/results/multimodel/llama3_squad_chunk1024_k3_cot.csv;cleanup_20260506_final_code_artifact_cleanup/root_before_cleanup/submission_package/neurips2026_reviewer_artifact_anonymous/results/multimodel/llama3_squad_chunk1024_k3_cot.csv
446,c06d20cd5feb35c997ad060a2abfa93ba59fdf87b582d3de8810de365b1b0692,162628,3,cleanup_20260506_final_code_artifact_cleanup/prior_reviewer_artifact_snapshot/results/human_disagreement_expansion/annotation_batch_disagreement_100.csv;cleanup_20260506_final_code_artifact_cleanup/root_before_cleanup/results/human_disagreement_expansion/annotation_batch_disagreement_100.csv;cleanup_20260506_final_code_artifact_cleanup/root_before_cleanup/submission_package/neurips2026_reviewer_artifact_anonymous/results/human_disagreement_expansion/annotation_batch_disagreement_100.csv
447,c0b237dac2a2958d70d076d1a2fc944fc8c05077e73b1fb6f2b7fe02cec005bc,22830,3,cleanup_20260506_final_code_artifact_cleanup/prior_reviewer_artifact_snapshot/results/multimodel/llama3_squad_chunk512_k3_strict.csv;cleanup_20260506_final_code_artifact_cleanup/root_before_cleanup/results/multimodel/llama3_squad_chunk512_k3_strict.csv;cleanup_20260506_final_code_artifact_cleanup/root_before_cleanup/submission_package/neurips2026_reviewer_artifact_anonymous/results/multimodel/llama3_squad_chunk512_k3_strict.csv
448,c10e773692bea1608e5ebdc1191404915949a2982d04e13494caa8a7a3ae7345,886,5,cleanup_20260506_final_code_artifact_cleanup/prior_reviewer_artifact_snapshot/results/multi_retriever/paradox_by_embedder.csv;cleanup_20260506_final_code_artifact_cleanup/root_before_cleanup/data/revision/fix_13/scaled_paradox_input_copy.csv;cleanup_20260506_final_code_artifact_cleanup/root_before_cleanup/results/multi_retriever/paradox_by_embedder.csv;cleanup_20260506_final_code_artifact_cleanup/root_before_cleanup/submission_package/neurips2026_reviewer_artifact_anonymous/results/multi_retriever/paradox_by_embedder.csv;rag-hallucination-detection_main/results/multi_retriever/paradox_by_embedder.csv
449,c14c1515866017d3a7bca6a2638a10e4bfadfdbb5f0e0295e3e695759d00278a,316,3,cleanup_20260506_final_code_artifact_cleanup/prior_reviewer_artifact_snapshot/results/latency/cost_projection.csv;cleanup_20260506_final_code_artifact_cleanup/root_before_cleanup/results/latency/cost_projection.csv;cleanup_20260506_final_code_artifact_cleanup/root_before_cleanup/submission_package/neurips2026_reviewer_artifact_anonymous/results/latency/cost_projection.csv
450,c1f3c64e333b996fcc0d534425eb67cbc63ae644517389078f2514f814148003,57006,5,cleanup_20260506_final_code_artifact_cleanup/prior_reviewer_artifact_snapshot/data/adversarial/drift.jsonl;cleanup_20260506_final_code_artifact_cleanup/root_before_cleanup/data/adversarial/drift.jsonl;cleanup_20260506_final_code_artifact_cleanup/root_before_cleanup/submission_package/neurips2026_reviewer_artifact_anonymous/data/adversarial/drift.jsonl;moved_from_repo/artifacts/generated/hf_dataset_staging_snapshot/adversarial/drift.jsonl;rag-hallucination-detection_main/data/adversarial/drift.jsonl
451,c1fd549cc14c21760de00c2a173fb132512be412da5831ca2a0ff028e79eb2c4,1552,4,cleanup_20260506_final_code_artifact_cleanup/prior_reviewer_artifact_snapshot/scripts/prepare_human_disagreement_eval.py;cleanup_20260506_final_code_artifact_cleanup/root_before_cleanup/scripts/prepare_human_disagreement_eval.py;cleanup_20260506_final_code_artifact_cleanup/root_before_cleanup/submission_package/neurips2026_reviewer_artifact_anonymous/scripts/prepare_human_disagreement_eval.py;rag-hallucination-detection_main/scripts/prepare_human_disagreement_eval.py
452,c2c797078541212c06e41af9d1899f21a39c0647718f063e60c9c8bb22c2419e,1536,3,moved_from_repo/papers/paper_longform/figures/qualitative_paradox.tex;moved_from_repo/papers/paper_neurips/figures/qualitative_paradox.tex;moved_from_repo/papers/ragpaper/figures/qualitative_paradox.tex
453,c35665d994873dc067359b05c48b2ba3303e85393ee38a051d2765e16d57f0d2,22705,3,cleanup_20260506_final_code_artifact_cleanup/prior_reviewer_artifact_snapshot/results/multimodel/mistral_squad_chunk512_k3_strict.csv;cleanup_20260506_final_code_artifact_cleanup/root_before_cleanup/results/multimodel/mistral_squad_chunk512_k3_strict.csv;cleanup_20260506_final_code_artifact_cleanup/root_before_cleanup/submission_package/neurips2026_reviewer_artifact_anonymous/results/multimodel/mistral_squad_chunk512_k3_strict.csv
454,c5b0cec4ed51026750abac28ec6e03fb479aa13a49af813b1e2fc8bd41b645e2,4470,2,moved_from_repo/papers/paper_longform/sections/human_validation.tex;moved_from_repo/papers/ragpaper/sections/human_validation.tex
455,c5debd30877f3e5fc3d550b714f263adb1fbf95a87ca10ba0865c15886d31eec,85886,2,moved_from_repo/Controlled_RAG___Saket/figures/teaser_metric_agreement.png;rag-hallucination-detection_main/Controlled_RAG___Saket/figures/teaser_metric_agreement.png
456,c681484124646c5d3c885fa5c6e0315292d6de5d8a01cd08557986d4f066a997,2519,3,cleanup_20260506_final_code_artifact_cleanup/prior_reviewer_artifact_snapshot/results/prompt_ablation/summary.csv;cleanup_20260506_final_code_artifact_cleanup/root_before_cleanup/results/prompt_ablation/summary.csv;cleanup_20260506_final_code_artifact_cleanup/root_before_cleanup/submission_package/neurips2026_reviewer_artifact_anonymous/results/prompt_ablation/summary.csv
457,c686b598514a4027f91d85370230a03b0dff8c28842f6186fa4b0dbff2d48b88,110,3,cleanup_20260506_final_code_artifact_cleanup/prior_reviewer_artifact_snapshot/results/ablation_chunk1024_k3_strict_scores.csv;cleanup_20260506_final_code_artifact_cleanup/root_before_cleanup/results/ablation_chunk1024_k3_strict_scores.csv;cleanup_20260506_final_code_artifact_cleanup/root_before_cleanup/submission_package/neurips2026_reviewer_artifact_anonymous/results/ablation_chunk1024_k3_strict_scores.csv
458,c6886e3d1a175986bf65cfb3f8f7c26ac7c939756c9e816b1b5a170e6b8d3ff1,40499,3,cleanup_20260506_final_code_artifact_cleanup/prior_reviewer_artifact_snapshot/results/reranker/mistral_pubmedqa_chunk512_reranked.csv;cleanup_20260506_final_code_artifact_cleanup/root_before_cleanup/results/reranker/mistral_pubmedqa_chunk512_reranked.csv;cleanup_20260506_final_code_artifact_cleanup/root_before_cleanup/submission_package/neurips2026_reviewer_artifact_anonymous/results/reranker/mistral_pubmedqa_chunk512_reranked.csv
459,c6d7233325ce510bf1caf63b626f80c16e2f8eeaa0792ce85fe2cc9e2fe470d3,6523,4,cleanup_20260506_final_code_artifact_cleanup/prior_reviewer_artifact_snapshot/src/ccs_gate_retriever.py;cleanup_20260506_final_code_artifact_cleanup/root_before_cleanup/src/ccs_gate_retriever.py;cleanup_20260506_final_code_artifact_cleanup/root_before_cleanup/submission_package/neurips2026_reviewer_artifact_anonymous/src/ccs_gate_retriever.py;rag-hallucination-detection_main/src/ccs_gate_retriever.py
460,c6e2d3576f8243a769f12294de3c4b167baf4dcf584760aa21152e0ebbeba01e,948,3,moved_from_repo/papers/paper_longform/figures/headline_frontier.tex;moved_from_repo/papers/paper_neurips/figures/headline_frontier.tex;moved_from_repo/papers/ragpaper/figures/headline_frontier.tex
461,c8d604608ddb9656f8448a5b3d0bc5645ebd369569f64b4eae06fd828d6242f2,43868,3,cleanup_20260506_final_code_artifact_cleanup/prior_reviewer_artifact_snapshot/results/multimodel/mistral_pubmedqa_chunk1024_k5_strict.csv;cleanup_20260506_final_code_artifact_cleanup/root_before_cleanup/results/multimodel/mistral_pubmedqa_chunk1024_k5_strict.csv;cleanup_20260506_final_code_artifact_cleanup/root_before_cleanup/submission_package/neurips2026_reviewer_artifact_anonymous/results/multimodel/mistral_pubmedqa_chunk1024_k5_strict.csv
462,ca29d8ad73f0bbcb05cf85f5ca87b2a292478bbd34796cb8f0c86b4039bf6f7a,22056,3,cleanup_20260506_final_code_artifact_cleanup/prior_reviewer_artifact_snapshot/results/multimodel/llama3_squad_chunk1024_k3_strict.csv;cleanup_20260506_final_code_artifact_cleanup/root_before_cleanup/results/multimodel/llama3_squad_chunk1024_k3_strict.csv;cleanup_20260506_final_code_artifact_cleanup/root_before_cleanup/submission_package/neurips2026_reviewer_artifact_anonymous/results/multimodel/llama3_squad_chunk1024_k3_strict.csv
463,ca628a0ad538bf38257e118d3a6ce7ed466e00a2ed6d004d950f8db463fe530b,1148,3,cleanup_20260506_final_code_artifact_cleanup/prior_reviewer_artifact_snapshot/results/temperature_sensitivity/summary.csv;cleanup_20260506_final_code_artifact_cleanup/root_before_cleanup/results/temperature_sensitivity/summary.csv;cleanup_20260506_final_code_artifact_cleanup/root_before_cleanup/submission_package/neurips2026_reviewer_artifact_anonymous/results/temperature_sensitivity/summary.csv
464,cb8f993269d76dc4f155e4f202b49673643325f4fe09e4bcc02015466e52c101,44517,3,cleanup_20260506_final_code_artifact_cleanup/prior_reviewer_artifact_snapshot/results/zeroshot/mistral_squad.csv;cleanup_20260506_final_code_artifact_cleanup/root_before_cleanup/results/zeroshot/mistral_squad.csv;cleanup_20260506_final_code_artifact_cleanup/root_before_cleanup/submission_package/neurips2026_reviewer_artifact_anonymous/results/zeroshot/mistral_squad.csv
465,cbbe64eb2c06851dfd1446052c696f613424527a7aca56295a6be09c781d20eb,14599,3,moved_from_repo/Controlled_RAG___Saket/figures/metric_fragility_forest.pdf;moved_from_repo/papers/paper_neurips/figures/metric_fragility_forest.pdf;rag-hallucination-detection_main/Controlled_RAG___Saket/figures/metric_fragility_forest.pdf
466,cd57821b890efc7b95aeb1e5470212aee4383a1b52545a15d6fc59e30c68213e,3461,2,cleanup_20260506_final_code_artifact_cleanup/prior_reviewer_artifact_snapshot/README_REPRODUCE.md;cleanup_20260506_final_code_artifact_cleanup/root_before_cleanup/submission_package/neurips2026_reviewer_artifact_anonymous/README_REPRODUCE.md
467,cd62c9ccab41319fa2ac668ca47c272360713d2f780a6fca2bb0c6e91e3fe5f0,133,4,cleanup_20260506_final_code_artifact_cleanup/prior_reviewer_artifact_snapshot/results/revision/fix_01/bootstrap_ci.csv;cleanup_20260506_final_code_artifact_cleanup/root_before_cleanup/results/revision/fix_01/bootstrap_ci.csv;cleanup_20260506_final_code_artifact_cleanup/root_before_cleanup/submission_package/neurips2026_reviewer_artifact_anonymous/results/revision/fix_01/bootstrap_ci.csv;rag-hallucination-detection_main/results/revision/fix_01/bootstrap_ci.csv
468,cdee820e97afe2077d981d45817a8d79431cdf128e6b8d095e3a952fad8c92e1,374,7,cleanup_20260506_final_code_artifact_cleanup/prior_reviewer_artifact_snapshot/results/revision/fix_14/second_generator_metrics.csv;cleanup_20260506_final_code_artifact_cleanup/prior_reviewer_artifact_snapshot/source_tables/second_generator_metrics.csv;cleanup_20260506_final_code_artifact_cleanup/root_before_cleanup/results/revision/fix_14/second_generator_metrics.csv;cleanup_20260506_final_code_artifact_cleanup/root_before_cleanup/submission_package/neurips2026_reviewer_artifact_anonymous/results/revision/fix_14/second_generator_metrics.csv;cleanup_20260506_final_code_artifact_cleanup/root_before_cleanup/submission_package/neurips2026_reviewer_artifact_anonymous/source_tables/second_generator_metrics.csv;rag-hallucination-detection_main/results/revision/fix_14/second_generator_metrics.csv;rag-hallucination-detection_main/source_tables/second_generator_metrics.csv
469,cdf006156ad988946f7b2a74d424eb7d8eb9d3a2b1d9b35a15ca15db9436fbcc,7943,3,cleanup_20260506_final_code_artifact_cleanup/prior_reviewer_artifact_snapshot/results/results.csv;cleanup_20260506_final_code_artifact_cleanup/root_before_cleanup/results/results.csv;cleanup_20260506_final_code_artifact_cleanup/root_before_cleanup/submission_package/neurips2026_reviewer_artifact_anonymous/results/results.csv
470,ce4d43dbc0bbd50a0d5c416a6609a4fe2faf8385fd5ca4f7595d84fb70e8a08b,113791,3,cleanup_20260506_final_code_artifact_cleanup/prior_reviewer_artifact_snapshot/results/pubmedqa/ablation_chunk512_k3_strict.csv;cleanup_20260506_final_code_artifact_cleanup/root_before_cleanup/results/pubmedqa/ablation_chunk512_k3_strict.csv;cleanup_20260506_final_code_artifact_cleanup/root_before_cleanup/submission_package/neurips2026_reviewer_artifact_anonymous/results/pubmedqa/ablation_chunk512_k3_strict.csv
471,d06df1bb1409162f08f29256b2f26cf771ae74c5fffb12f638e11a0f470624b6,274157,3,cleanup_20260506_final_code_artifact_cleanup/prior_reviewer_artifact_snapshot/results/pubmedqa/ablation_chunk1024_k5_cot.csv;cleanup_20260506_final_code_artifact_cleanup/root_before_cleanup/results/pubmedqa/ablation_chunk1024_k5_cot.csv;cleanup_20260506_final_code_artifact_cleanup/root_before_cleanup/submission_package/neurips2026_reviewer_artifact_anonymous/results/pubmedqa/ablation_chunk1024_k5_cot.csv
472,d26a1bb7df396a29382ac675cba977a2ec527a541fb7d5749b7a3f850dc3f8b7,18263,4,cleanup_20260506_final_code_artifact_cleanup/prior_reviewer_artifact_snapshot/experiments/run_reranker_experiment.py;cleanup_20260506_final_code_artifact_cleanup/root_before_cleanup/experiments/run_reranker_experiment.py;cleanup_20260506_final_code_artifact_cleanup/root_before_cleanup/submission_package/neurips2026_reviewer_artifact_anonymous/experiments/run_reranker_experiment.py;rag-hallucination-detection_main/experiments/run_reranker_experiment.py
473,d29717892cc4a72a4f4a78fbf7cb8d58dd24cd38bc1c3c5a0efcfe6dff6a30a1,106,3,cleanup_20260506_final_code_artifact_cleanup/prior_reviewer_artifact_snapshot/results/ablation_chunk256_k5_strict_scores.csv;cleanup_20260506_final_code_artifact_cleanup/root_before_cleanup/results/ablation_chunk256_k5_strict_scores.csv;cleanup_20260506_final_code_artifact_cleanup/root_before_cleanup/submission_package/neurips2026_reviewer_artifact_anonymous/results/ablation_chunk256_k5_strict_scores.csv
474,d2974f4c3bd5e1488f2bb19f70cc8d29b68c67f4c70daf1f6703851d49b3221c,178560,3,cleanup_20260506_final_code_artifact_cleanup/prior_reviewer_artifact_snapshot/results/pubmedqa/ablation_chunk1024_k3_strict.csv;cleanup_20260506_final_code_artifact_cleanup/root_before_cleanup/results/pubmedqa/ablation_chunk1024_k3_strict.csv;cleanup_20260506_final_code_artifact_cleanup/root_before_cleanup/submission_package/neurips2026_reviewer_artifact_anonymous/results/pubmedqa/ablation_chunk1024_k3_strict.csv
475,d38ca300e20a3d117d962013d6fb37628711e1a28159fddb104d8edb9e4b678d,10229,3,cleanup_20260506_final_code_artifact_cleanup/prior_reviewer_artifact_snapshot/results/multimodel/summary.json;cleanup_20260506_final_code_artifact_cleanup/root_before_cleanup/results/multimodel/summary.json;cleanup_20260506_final_code_artifact_cleanup/root_before_cleanup/submission_package/neurips2026_reviewer_artifact_anonymous/results/multimodel/summary.json
476,d5e5a9d1ee8872d4ecc784c2347887db6d3cdd5b2474361511c1f9678af9bc0e,7309,4,cleanup_20260506_final_code_artifact_cleanup/prior_reviewer_artifact_snapshot/scripts/build_benchmark_v2.py;cleanup_20260506_final_code_artifact_cleanup/root_before_cleanup/scripts/build_benchmark_v2.py;cleanup_20260506_final_code_artifact_cleanup/root_before_cleanup/submission_package/neurips2026_reviewer_artifact_anonymous/scripts/build_benchmark_v2.py;rag-hallucination-detection_main/scripts/build_benchmark_v2.py
477,d5f7dfdb5482a835a71b6391df51518bf5d14c010ec850e9a01322158309e0a7,76060,3,cleanup_20260506_final_code_artifact_cleanup/prior_reviewer_artifact_snapshot/results/zeroshot/mistral_pubmedqa.csv;cleanup_20260506_final_code_artifact_cleanup/root_before_cleanup/results/zeroshot/mistral_pubmedqa.csv;cleanup_20260506_final_code_artifact_cleanup/root_before_cleanup/submission_package/neurips2026_reviewer_artifact_anonymous/results/zeroshot/mistral_pubmedqa.csv
478,d658766a7328ec54536b543d8f51e5d64b7481a9a72e548afd37c6b060618deb,709,3,cleanup_20260506_final_code_artifact_cleanup/prior_reviewer_artifact_snapshot/results/paper_tables/table_8_gap1_noise.md;cleanup_20260506_final_code_artifact_cleanup/root_before_cleanup/results/paper_tables/table_8_gap1_noise.md;cleanup_20260506_final_code_artifact_cleanup/root_before_cleanup/submission_package/neurips2026_reviewer_artifact_anonymous/results/paper_tables/table_8_gap1_noise.md
479,d749efa3619cad5ddfd23bad57ba2e27a0fdf2539d27fc63e0cbd317ff334200,41117,3,cleanup_20260506_final_code_artifact_cleanup/prior_reviewer_artifact_snapshot/results/multimodel/mistral_pubmedqa_chunk512_k3_cot.csv;cleanup_20260506_final_code_artifact_cleanup/root_before_cleanup/results/multimodel/mistral_pubmedqa_chunk512_k3_cot.csv;cleanup_20260506_final_code_artifact_cleanup/root_before_cleanup/submission_package/neurips2026_reviewer_artifact_anonymous/results/multimodel/mistral_pubmedqa_chunk512_k3_cot.csv
480,d78440cb337b4c20a4198be93a999b778720f7ec64141e0c787c3e3f1bdaeb17,1686,3,cleanup_20260506_final_code_artifact_cleanup/prior_reviewer_artifact_snapshot/results/human_disagreement_expansion/human_eval_instructions.md;cleanup_20260506_final_code_artifact_cleanup/root_before_cleanup/results/human_disagreement_expansion/human_eval_instructions.md;cleanup_20260506_final_code_artifact_cleanup/root_before_cleanup/submission_package/neurips2026_reviewer_artifact_anonymous/results/human_disagreement_expansion/human_eval_instructions.md
481,d7a894f84ef620297d53030c5c373432c50bdfdcb52e4743d766c8106e75bb25,236,8,cleanup_20260506_final_code_artifact_cleanup/prior_reviewer_artifact_snapshot/human_eval_final/n99_calibration/human_eval_correlations.csv;cleanup_20260506_final_code_artifact_cleanup/prior_reviewer_artifact_snapshot/results/revision/fix_03/human_eval_correlations.csv;cleanup_20260506_final_code_artifact_cleanup/root_before_cleanup/human_eval/n99_calibration/human_eval_correlations.csv;cleanup_20260506_final_code_artifact_cleanup/root_before_cleanup/results/revision/fix_03/human_eval_correlations.csv;cleanup_20260506_final_code_artifact_cleanup/root_before_cleanup/submission_package/neurips2026_reviewer_artifact_anonymous/human_eval_final/n99_calibration/human_eval_correlations.csv;cleanup_20260506_final_code_artifact_cleanup/root_before_cleanup/submission_package/neurips2026_reviewer_artifact_anonymous/results/revision/fix_03/human_eval_correlations.csv;rag-hallucination-detection_main/human_eval_final/n99_calibration/human_eval_correlations.csv;rag-hallucination-detection_main/results/revision/fix_03/human_eval_correlations.csv
482,d8e0f7c8537300e45ad9d27d75ac66899794a6e45b492a0c87e442b0afc5f725,3956,4,cleanup_20260506_final_code_artifact_cleanup/prior_reviewer_artifact_snapshot/results/revision/fix_04/summary.md;cleanup_20260506_final_code_artifact_cleanup/root_before_cleanup/results/revision/fix_04/summary.md;cleanup_20260506_final_code_artifact_cleanup/root_before_cleanup/submission_package/neurips2026_reviewer_artifact_anonymous/results/revision/fix_04/summary.md;rag-hallucination-detection_main/results/revision/fix_04/summary.md
483,d987236db80fa67285cfe40e442a4cfbfc5e05fbb074e5505f4b46b3a3132d0f,41893,3,cleanup_20260506_final_code_artifact_cleanup/prior_reviewer_artifact_snapshot/results/reranker/llama3_pubmedqa_chunk1024_baseline.csv;cleanup_20260506_final_code_artifact_cleanup/root_before_cleanup/results/reranker/llama3_pubmedqa_chunk1024_baseline.csv;cleanup_20260506_final_code_artifact_cleanup/root_before_cleanup/submission_package/neurips2026_reviewer_artifact_anonymous/results/reranker/llama3_pubmedqa_chunk1024_baseline.csv
484,d987346e8819492b459e80444df9507af7a888996ac7c42919086d568cfa4cd1,2298,3,cleanup_20260506_final_code_artifact_cleanup/prior_reviewer_artifact_snapshot/results/pubmedqa/ablation_summary.json;cleanup_20260506_final_code_artifact_cleanup/root_before_cleanup/results/pubmedqa/ablation_summary.json;cleanup_20260506_final_code_artifact_cleanup/root_before_cleanup/submission_package/neurips2026_reviewer_artifact_anonymous/results/pubmedqa/ablation_summary.json
485,db4ffc9cc343951fa8be55f13a1c047c1d212bae5475a96fbc08d7f18a6d70ce,167,8,cleanup_20260506_final_code_artifact_cleanup/prior_reviewer_artifact_snapshot/human_eval_final/n99_calibration/human_eval_summary.csv;cleanup_20260506_final_code_artifact_cleanup/prior_reviewer_artifact_snapshot/results/revision/fix_03/human_eval_summary.csv;cleanup_20260506_final_code_artifact_cleanup/root_before_cleanup/human_eval/n99_calibration/human_eval_summary.csv;cleanup_20260506_final_code_artifact_cleanup/root_before_cleanup/results/revision/fix_03/human_eval_summary.csv;cleanup_20260506_final_code_artifact_cleanup/root_before_cleanup/submission_package/neurips2026_reviewer_artifact_anonymous/human_eval_final/n99_calibration/human_eval_summary.csv;cleanup_20260506_final_code_artifact_cleanup/root_before_cleanup/submission_package/neurips2026_reviewer_artifact_anonymous/results/revision/fix_03/human_eval_summary.csv;rag-hallucination-detection_main/human_eval_final/n99_calibration/human_eval_summary.csv;rag-hallucination-detection_main/results/revision/fix_03/human_eval_summary.csv
486,db6534f07242c93954010a220b234bb69ba163c5a2e41890e6736cd766b3d24d,3428,3,cleanup_20260506_final_code_artifact_cleanup/prior_reviewer_artifact_snapshot/results/threshold_sensitivity/sweep_results.csv;cleanup_20260506_final_code_artifact_cleanup/root_before_cleanup/results/threshold_sensitivity/sweep_results.csv;cleanup_20260506_final_code_artifact_cleanup/root_before_cleanup/submission_package/neurips2026_reviewer_artifact_anonymous/results/threshold_sensitivity/sweep_results.csv
487,db95c1a627d4e95fc9671470cd7200895a29d5f3a270b1b556ca427c43ed8472,716,2,moved_from_repo/papers/paper_longform/figures/ccs_calibration.tex;moved_from_repo/papers/ragpaper/figures/ccs_calibration.tex
488,dbf81954093d616d0fca503a677748efb673c52417aa061d4f0a15100b40101d,8796,2,moved_from_repo/papers/paper_longform/sections/theory.tex;moved_from_repo/papers/ragpaper/sections/theory.tex
489,dc25c18e7a11dc56425ce7bbe65354c89830c39423448f89ef883450c0578b83,4257,4,cleanup_20260506_final_code_artifact_cleanup/prior_reviewer_artifact_snapshot/results/revision/fix_15/longform_stress_report.md;cleanup_20260506_final_code_artifact_cleanup/root_before_cleanup/results/revision/fix_15/longform_stress_report.md;cleanup_20260506_final_code_artifact_cleanup/root_before_cleanup/submission_package/neurips2026_reviewer_artifact_anonymous/results/revision/fix_15/longform_stress_report.md;rag-hallucination-detection_main/results/revision/fix_15/longform_stress_report.md
490,dcc01b0971c6dbe0c2ebf75ea1346717bde374006c5180684425409317d0dc9a,11062,4,cleanup_20260506_final_code_artifact_cleanup/prior_reviewer_artifact_snapshot/experiments/train_mech_classifier.py;cleanup_20260506_final_code_artifact_cleanup/root_before_cleanup/experiments/train_mech_classifier.py;cleanup_20260506_final_code_artifact_cleanup/root_before_cleanup/submission_package/neurips2026_reviewer_artifact_anonymous/experiments/train_mech_classifier.py;rag-hallucination-detection_main/experiments/train_mech_classifier.py
491,dce521722ad0856f0a8f2b0ddb6fdce2937cbeea1f02ab53309abe4f299c533b,107672,3,cleanup_20260506_final_code_artifact_cleanup/prior_reviewer_artifact_snapshot/results/zeroshot/llama3_pubmedqa.csv;cleanup_20260506_final_code_artifact_cleanup/root_before_cleanup/results/zeroshot/llama3_pubmedqa.csv;cleanup_20260506_final_code_artifact_cleanup/root_before_cleanup/submission_package/neurips2026_reviewer_artifact_anonymous/results/zeroshot/llama3_pubmedqa.csv
492,dd4045b2e82f0bac1858f2e1c7e6ec51b65a4408166aafb8e2226ec73c8588a8,2769,4,cleanup_20260506_final_code_artifact_cleanup/prior_reviewer_artifact_snapshot/src/generators.py;cleanup_20260506_final_code_artifact_cleanup/root_before_cleanup/src/generators.py;cleanup_20260506_final_code_artifact_cleanup/root_before_cleanup/submission_package/neurips2026_reviewer_artifact_anonymous/src/generators.py;rag-hallucination-detection_main/src/generators.py
493,ddaf0fa612ecbd8c4928ee5ec08dc241070df74e73359e229201b79ea2d261db,10862,4,cleanup_20260506_final_code_artifact_cleanup/prior_reviewer_artifact_snapshot/experiments/run_scaled_headline.py;cleanup_20260506_final_code_artifact_cleanup/root_before_cleanup/experiments/run_scaled_headline.py;cleanup_20260506_final_code_artifact_cleanup/root_before_cleanup/submission_package/neurips2026_reviewer_artifact_anonymous/experiments/run_scaled_headline.py;rag-hallucination-detection_main/experiments/run_scaled_headline.py
494,de3454cf7ad885eb11bb284dfea35ca0f980a2bf79205305f8307a4da928da2d,1049,3,cleanup_20260506_final_code_artifact_cleanup/prior_reviewer_artifact_snapshot/results/crossencoder_sensitivity/summary.md;cleanup_20260506_final_code_artifact_cleanup/root_before_cleanup/results/crossencoder_sensitivity/summary.md;cleanup_20260506_final_code_artifact_cleanup/root_before_cleanup/submission_package/neurips2026_reviewer_artifact_anonymous/results/crossencoder_sensitivity/summary.md
495,de72dac188a68d2ed87536928875571cb117854fd94825c303c2cdc24dd8280f,211,4,cleanup_20260506_final_code_artifact_cleanup/prior_reviewer_artifact_snapshot/results/revision/fix_05/slope_response.csv;cleanup_20260506_final_code_artifact_cleanup/root_before_cleanup/results/revision/fix_05/slope_response.csv;cleanup_20260506_final_code_artifact_cleanup/root_before_cleanup/submission_package/neurips2026_reviewer_artifact_anonymous/results/revision/fix_05/slope_response.csv;rag-hallucination-detection_main/results/revision/fix_05/slope_response.csv
496,deeb0dc7092e2ba646b18badc0ae5b984463bec49c5c7b6d962445fe68d754dd,35782,5,cleanup_20260506_final_code_artifact_cleanup/prior_reviewer_artifact_snapshot/data/adversarial/control.jsonl;cleanup_20260506_final_code_artifact_cleanup/root_before_cleanup/data/adversarial/control.jsonl;cleanup_20260506_final_code_artifact_cleanup/root_before_cleanup/submission_package/neurips2026_reviewer_artifact_anonymous/data/adversarial/control.jsonl;moved_from_repo/artifacts/generated/hf_dataset_staging_snapshot/adversarial/control.jsonl;rag-hallucination-detection_main/data/adversarial/control.jsonl
497,df07af1c997928e9853cea08049b7bedc88720c89cb0fc63c698ef3d4d236388,15737,3,cleanup_20260506_final_code_artifact_cleanup/prior_reviewer_artifact_snapshot/results/paper_tables/ALL_TABLES.md;cleanup_20260506_final_code_artifact_cleanup/root_before_cleanup/results/paper_tables/ALL_TABLES.md;cleanup_20260506_final_code_artifact_cleanup/root_before_cleanup/submission_package/neurips2026_reviewer_artifact_anonymous/results/paper_tables/ALL_TABLES.md
498,dfaade1896541343d5e6b6b57175f831313fda51a9e36e2ebb9cb8002c3c451a,236947,3,cleanup_20260506_final_code_artifact_cleanup/prior_reviewer_artifact_snapshot/results/headtohead/diagnostics.jsonl;cleanup_20260506_final_code_artifact_cleanup/root_before_cleanup/results/headtohead/diagnostics.jsonl;cleanup_20260506_final_code_artifact_cleanup/root_before_cleanup/submission_package/neurips2026_reviewer_artifact_anonymous/results/headtohead/diagnostics.jsonl
499,e107b485ec36e784d54de453c4d725b49d0744eb1fe7bb593b02357a26688296,42615,3,cleanup_20260506_final_code_artifact_cleanup/prior_reviewer_artifact_snapshot/results/multimodel/llama3_pubmedqa_chunk512_k5_strict.csv;cleanup_20260506_final_code_artifact_cleanup/root_before_cleanup/results/multimodel/llama3_pubmedqa_chunk512_k5_strict.csv;cleanup_20260506_final_code_artifact_cleanup/root_before_cleanup/submission_package/neurips2026_reviewer_artifact_anonymous/results/multimodel/llama3_pubmedqa_chunk512_k5_strict.csv
500,e11d8aa649c9b914254653e557c369cb87896c85a7ff1160c84422d22fc816a3,40136,3,cleanup_20260506_final_code_artifact_cleanup/prior_reviewer_artifact_snapshot/results/multimodel/llama3_pubmedqa_chunk512_k3_strict.csv;cleanup_20260506_final_code_artifact_cleanup/root_before_cleanup/results/multimodel/llama3_pubmedqa_chunk512_k3_strict.csv;cleanup_20260506_final_code_artifact_cleanup/root_before_cleanup/submission_package/neurips2026_reviewer_artifact_anonymous/results/multimodel/llama3_pubmedqa_chunk512_k3_strict.csv
501,e1247f7738f90a98af0a486c3aed79991d9049f91372bf34f84b63d15165c619,2202,2,moved_from_repo/papers/paper_longform/figures/architecture.tex;moved_from_repo/papers/ragpaper/figures/architecture.tex
502,e1819094b9df19de5e216b47642afeb22b6f373514e12f5f570a3974705b3ef5,4103,3,cleanup_20260506_final_code_artifact_cleanup/prior_reviewer_artifact_snapshot/results/multidataset/summary.md;cleanup_20260506_final_code_artifact_cleanup/root_before_cleanup/results/multidataset/summary.md;cleanup_20260506_final_code_artifact_cleanup/root_before_cleanup/submission_package/neurips2026_reviewer_artifact_anonymous/results/multidataset/summary.md
503,e1a4dfe0617e542690f23409b4eae922dec6ba8dfa94a6d3fa96762acec23ad5,26602,3,cleanup_20260506_final_code_artifact_cleanup/prior_reviewer_artifact_snapshot/results/hcpc_v2/pubmedqa_hcpc_v1.csv;cleanup_20260506_final_code_artifact_cleanup/root_before_cleanup/results/hcpc_v2/pubmedqa_hcpc_v1.csv;cleanup_20260506_final_code_artifact_cleanup/root_before_cleanup/submission_package/neurips2026_reviewer_artifact_anonymous/results/hcpc_v2/pubmedqa_hcpc_v1.csv
504,e1c3e2f23723d2185e4da81f6c5fa10af1beeced157589115b8ebe02fd75059d,13409,2,moved_from_repo/release/context_coherence_bench_v1/adversarial/drift.jsonl;moved_from_repo/release/context_coherence_bench_v2/adversarial/drift.jsonl
505,e1de3850836ef3f1d176e8cc987a896eec8be7ad77fd10c7832386f5b9696a78,12384,2,moved_from_repo/papers/paper_longform/figures/paradox_plot.pdf;moved_from_repo/papers/ragpaper/figures/paradox_plot.pdf
506,e26a9acf0d8375cf6bb0a2bdaa98afc2ce267f212bfcd4fd4d9acf5169682f7f,4162,2,moved_from_repo/papers/paper_longform/main.tex;moved_from_repo/papers/ragpaper/main.tex
507,e3040994caab434ee3619d544e90ff0bd135855c0be31e6cf79fb857eded6150,7879,4,cleanup_20260506_final_code_artifact_cleanup/prior_reviewer_artifact_snapshot/experiments/build_human_eval_samples.py;cleanup_20260506_final_code_artifact_cleanup/root_before_cleanup/experiments/build_human_eval_samples.py;cleanup_20260506_final_code_artifact_cleanup/root_before_cleanup/submission_package/neurips2026_reviewer_artifact_anonymous/experiments/build_human_eval_samples.py;rag-hallucination-detection_main/experiments/build_human_eval_samples.py
508,e38644ff25376cb4025d20c41ecd784b60d68ecc34ee2b80428a79a0310e3e83,180,4,cleanup_20260506_final_code_artifact_cleanup/prior_reviewer_artifact_snapshot/results/revision/fix_01/construction_summary.csv;cleanup_20260506_final_code_artifact_cleanup/root_before_cleanup/results/revision/fix_01/construction_summary.csv;cleanup_20260506_final_code_artifact_cleanup/root_before_cleanup/submission_package/neurips2026_reviewer_artifact_anonymous/results/revision/fix_01/construction_summary.csv;rag-hallucination-detection_main/results/revision/fix_01/construction_summary.csv
509,e3b0c44298fc1c149afbf4c8996fb92427ae41e4649b934ca495991b7852b855,0,17,cleanup_20260506_final_code_artifact_cleanup/prior_reviewer_artifact_snapshot/src/__init__.py;cleanup_20260506_final_code_artifact_cleanup/root_before_cleanup/src/__init__.py;cleanup_20260506_final_code_artifact_cleanup/root_before_cleanup/submission_package/neurips2026_reviewer_artifact_anonymous/src/__init__.py;moved_from_repo/chroma_db/073d268e-e62e-4ff1-ac32-10d3864c08d8/link_lists.bin;moved_from_repo/chroma_db/0c9b0d42-ee9c-4a93-8201-3e2cdba0c056/link_lists.bin;moved_from_repo/chroma_db/506c2fe5-a79e-4c05-8bce-c8996ee20cab/link_lists.bin;moved_from_repo/chroma_db/65d9d432-8088-4961-8b15-9b246ec79aa8/link_lists.bin;moved_from_repo/chroma_db/6efcfac1-c013-4660-b6f4-5b81c534be04/link_lists.bin;moved_from_repo/chroma_db/9aea734d-5241-4f0d-abe9-7d20d6ba9e35/link_lists.bin;moved_from_repo/chroma_db/bf7c970e-db93-4295-a786-f3af1b517827/link_lists.bin;moved_from_repo/chroma_db/ce9d103a-a315-4cab-b188-1eee44980b52/link_lists.bin;moved_from_repo/chroma_db/d713953a-7168-4fd9-82d1-b455d160db7c/link_lists.bin;moved_from_repo/chroma_db/db9f450d-29cb-4042-81f7-c4455d439a99/link_lists.bin;moved_from_repo/chroma_db/e3b0aa00-ebeb-45af-a445-231c704bd956/link_lists.bin;moved_from_repo/chroma_db/f4645668-4afa-4235-b44a-4cdc6bb04c4a/link_lists.bin;moved_from_repo/chroma_db/faa1d722-a24d-4d02-bb81-d45645c5be2e/link_lists.bin;rag-hallucination-detection_main/src/__init__.py
510,e3c7fd3401399013bd78956f11f5b6d9c53cadaef2f9411443b294cd9132a8f8,524,3,cleanup_20260506_final_code_artifact_cleanup/prior_reviewer_artifact_snapshot/results/multidataset/completed_tuples.json;cleanup_20260506_final_code_artifact_cleanup/root_before_cleanup/results/multidataset/completed_tuples.json;cleanup_20260506_final_code_artifact_cleanup/root_before_cleanup/submission_package/neurips2026_reviewer_artifact_anonymous/results/multidataset/completed_tuples.json
511,e3f8ea01549ce373a4b6816231a7180fefbdbc6c71d7d1fd2332c985a509c5da,9300,4,cleanup_20260506_final_code_artifact_cleanup/prior_reviewer_artifact_snapshot/experiments/analyze_prolific_results.py;cleanup_20260506_final_code_artifact_cleanup/root_before_cleanup/experiments/analyze_prolific_results.py;cleanup_20260506_final_code_artifact_cleanup/root_before_cleanup/submission_package/neurips2026_reviewer_artifact_anonymous/experiments/analyze_prolific_results.py;rag-hallucination-detection_main/experiments/analyze_prolific_results.py
512,e48ba3e5c3692742852a6214b996719c98f990f836fe16b2ec42a7843a739af6,974,3,cleanup_20260506_final_code_artifact_cleanup/prior_reviewer_artifact_snapshot/results/rag_vs_zeroshot/per_cell_detail.csv;cleanup_20260506_final_code_artifact_cleanup/root_before_cleanup/results/rag_vs_zeroshot/per_cell_detail.csv;cleanup_20260506_final_code_artifact_cleanup/root_before_cleanup/submission_package/neurips2026_reviewer_artifact_anonymous/results/rag_vs_zeroshot/per_cell_detail.csv
513,e837cce7d74fe103101995746412528b403444ffce9afcade248e7f1d1592e2f,1500,2,moved_from_repo/papers/paper_longform/figures/failure_case.tex;moved_from_repo/papers/ragpaper/figures/failure_case.tex
514,e85e33508ebc5263ceef61cab3d27cb2ecf712454e55ddfdb1f00fa3a154135e,539,4,cleanup_20260506_final_code_artifact_cleanup/prior_reviewer_artifact_snapshot/results/revision/fix_02/headline_table_gpu1.csv;cleanup_20260506_final_code_artifact_cleanup/root_before_cleanup/results/revision/fix_02/headline_table_gpu1.csv;cleanup_20260506_final_code_artifact_cleanup/root_before_cleanup/submission_package/neurips2026_reviewer_artifact_anonymous/results/revision/fix_02/headline_table_gpu1.csv;rag-hallucination-detection_main/results/revision/fix_02/headline_table_gpu1.csv
515,e8610f77f30ab1010c3d5a682cf1cda57e6896c8dc48adf1a1fa33250b36a5fc,237,3,cleanup_20260506_final_code_artifact_cleanup/prior_reviewer_artifact_snapshot/results/qualitative/example_metadata.json;cleanup_20260506_final_code_artifact_cleanup/root_before_cleanup/results/qualitative/example_metadata.json;cleanup_20260506_final_code_artifact_cleanup/root_before_cleanup/submission_package/neurips2026_reviewer_artifact_anonymous/results/qualitative/example_metadata.json
516,e96fa814857fc817532f41c438e0f66788c6442aec2999370c91929529e17a9a,9915,4,cleanup_20260506_final_code_artifact_cleanup/prior_reviewer_artifact_snapshot/experiments/run_subchunk_sensitivity.py;cleanup_20260506_final_code_artifact_cleanup/root_before_cleanup/experiments/run_subchunk_sensitivity.py;cleanup_20260506_final_code_artifact_cleanup/root_before_cleanup/submission_package/neurips2026_reviewer_artifact_anonymous/experiments/run_subchunk_sensitivity.py;rag-hallucination-detection_main/experiments/run_subchunk_sensitivity.py
517,ea09154bb7adfad2123380df543f43df9f38f35a764c95a60d1d9a8ef2964dc1,4503,4,cleanup_20260506_final_code_artifact_cleanup/prior_reviewer_artifact_snapshot/experiments/run_threshold_sensitivity.py;cleanup_20260506_final_code_artifact_cleanup/root_before_cleanup/experiments/run_threshold_sensitivity.py;cleanup_20260506_final_code_artifact_cleanup/root_before_cleanup/submission_package/neurips2026_reviewer_artifact_anonymous/experiments/run_threshold_sensitivity.py;rag-hallucination-detection_main/experiments/run_threshold_sensitivity.py
518,ea914fad2b5cf05a2ec641e139d021b0f1263e455b149fed48a0e057645c15e7,15028,4,cleanup_20260506_final_code_artifact_cleanup/prior_reviewer_artifact_snapshot/experiments/generate_adversarial_cases.py;cleanup_20260506_final_code_artifact_cleanup/root_before_cleanup/experiments/generate_adversarial_cases.py;cleanup_20260506_final_code_artifact_cleanup/root_before_cleanup/submission_package/neurips2026_reviewer_artifact_anonymous/experiments/generate_adversarial_cases.py;rag-hallucination-detection_main/experiments/generate_adversarial_cases.py
519,ea9ac6972cb4666769a17755f17c5727f676f11a742e9553bf3a21119ab54394,167600,4,moved_from_repo/chroma_db/0c9b0d42-ee9c-4a93-8201-3e2cdba0c056/data_level0.bin;moved_from_repo/chroma_db/6efcfac1-c013-4660-b6f4-5b81c534be04/data_level0.bin;moved_from_repo/chroma_db/9aea734d-5241-4f0d-abe9-7d20d6ba9e35/data_level0.bin;moved_from_repo/chroma_db/f4645668-4afa-4235-b44a-4cdc6bb04c4a/data_level0.bin
520,eafc34ae6ca91e5babe9075c4050f6f8dd140d7b6e5c52bea16760f7fbcf9b64,64740,2,cleanup_20260506_final_code_artifact_cleanup/root_before_cleanup/data/revision/fix_15/longform_stress_per_query.csv;cleanup_20260506_final_code_artifact_cleanup/root_before_cleanup/results/longform/per_query.csv
521,ebea626f7f697c1ac1785a9d96b50b64e3ca0e1692472d958e383070b47c40c1,163,3,cleanup_20260506_final_code_artifact_cleanup/prior_reviewer_artifact_snapshot/results/multiseed/paradox_variance.csv;cleanup_20260506_final_code_artifact_cleanup/root_before_cleanup/results/multiseed/paradox_variance.csv;cleanup_20260506_final_code_artifact_cleanup/root_before_cleanup/submission_package/neurips2026_reviewer_artifact_anonymous/results/multiseed/paradox_variance.csv
522,ec4e192d20d8cd1268e4fdf217f4ec94dd0375e8a92bc796af3bc7bedd48836e,12180,2,moved_from_repo/papers/paper_longform/figures/dataset_comparison.pdf;moved_from_repo/papers/ragpaper/figures/dataset_comparison.pdf
523,ec764d1386be2ba23bd0f0af081369ec7bfedb20978c80eb6ada8942a17dab69,11949,4,cleanup_20260506_final_code_artifact_cleanup/prior_reviewer_artifact_snapshot/experiments/run_adversarial_coherence.py;cleanup_20260506_final_code_artifact_cleanup/root_before_cleanup/experiments/run_adversarial_coherence.py;cleanup_20260506_final_code_artifact_cleanup/root_before_cleanup/submission_package/neurips2026_reviewer_artifact_anonymous/experiments/run_adversarial_coherence.py;rag-hallucination-detection_main/experiments/run_adversarial_coherence.py
524,ec840cfcf3a364a6b1ccf2ddd5c1e030d304f07530331850b7a43e609d8e36db,1533,4,cleanup_20260506_final_code_artifact_cleanup/prior_reviewer_artifact_snapshot/results/revision/fix_06/summary.md;cleanup_20260506_final_code_artifact_cleanup/root_before_cleanup/results/revision/fix_06/summary.md;cleanup_20260506_final_code_artifact_cleanup/root_before_cleanup/submission_package/neurips2026_reviewer_artifact_anonymous/results/revision/fix_06/summary.md;rag-hallucination-detection_main/results/revision/fix_06/summary.md
525,ecf3ac645bfcd056e298e549fe95748083870e8a5048ecc94e43fc0414232d8d,5641,4,cleanup_20260506_final_code_artifact_cleanup/prior_reviewer_artifact_snapshot/experiments/run_multimodel_ablation.py;cleanup_20260506_final_code_artifact_cleanup/root_before_cleanup/experiments/run_multimodel_ablation.py;cleanup_20260506_final_code_artifact_cleanup/root_before_cleanup/submission_package/neurips2026_reviewer_artifact_anonymous/experiments/run_multimodel_ablation.py;rag-hallucination-detection_main/experiments/run_multimodel_ablation.py
526,ed1a717f9fc93baa1a6c9fff74e59a690016e12dc717a1edef392da09dcca690,22436,3,cleanup_20260506_final_code_artifact_cleanup/prior_reviewer_artifact_snapshot/results/multimodel/llama3_squad_chunk512_k5_strict.csv;cleanup_20260506_final_code_artifact_cleanup/root_before_cleanup/results/multimodel/llama3_squad_chunk512_k5_strict.csv;cleanup_20260506_final_code_artifact_cleanup/root_before_cleanup/submission_package/neurips2026_reviewer_artifact_anonymous/results/multimodel/llama3_squad_chunk512_k5_strict.csv
527,ed3dc6453f17b6be2b320a2ed5bb93fc6372fcb7e186209b867ec3f6aa3686ed,4007,3,deleted_from_head/papers/paper_neurips/sections/discussion.tex;moved_from_repo/papers/paper_longform/sections/discussion.tex;moved_from_repo/papers/ragpaper/sections/discussion.tex
528,ed46bd7d2e4471f0d80fd608d236124cce5e4c0c0292e9ef5de60e4ff7ca96b6,15372,2,moved_from_repo/Controlled_RAG___Saket/figures/teaser_effect_sizes.pdf;rag-hallucination-detection_main/Controlled_RAG___Saket/figures/teaser_effect_sizes.pdf
529,ed4a8ec52cceb9ad7ef99f5997dc7b5f537ba24edb15ca0671bb19a133f6671c,39201,3,cleanup_20260506_final_code_artifact_cleanup/prior_reviewer_artifact_snapshot/results/multimodel/llama3_pubmedqa_chunk512_k5_cot.csv;cleanup_20260506_final_code_artifact_cleanup/root_before_cleanup/results/multimodel/llama3_pubmedqa_chunk512_k5_cot.csv;cleanup_20260506_final_code_artifact_cleanup/root_before_cleanup/submission_package/neurips2026_reviewer_artifact_anonymous/results/multimodel/llama3_pubmedqa_chunk512_k5_cot.csv
530,ed7075531170ebbd337bbeceb3e9abd37db2de1d3df9e97bf0b0151c6cf775a0,3122,4,cleanup_20260506_final_code_artifact_cleanup/prior_reviewer_artifact_snapshot/src/ragas_scorer.py;cleanup_20260506_final_code_artifact_cleanup/root_before_cleanup/src/ragas_scorer.py;cleanup_20260506_final_code_artifact_cleanup/root_before_cleanup/submission_package/neurips2026_reviewer_artifact_anonymous/src/ragas_scorer.py;rag-hallucination-detection_main/src/ragas_scorer.py
531,ee25150970c23c1e4ad036ccdb3d787f8c00e3aa6902efacc646cbc5ed354680,602,4,cleanup_20260506_final_code_artifact_cleanup/prior_reviewer_artifact_snapshot/results/revision/context_conditioned_nli/n99_alignment_spearmans.csv;cleanup_20260506_final_code_artifact_cleanup/root_before_cleanup/results/revision/context_conditioned_nli/n99_alignment_spearmans.csv;cleanup_20260506_final_code_artifact_cleanup/root_before_cleanup/submission_package/neurips2026_reviewer_artifact_anonymous/results/revision/context_conditioned_nli/n99_alignment_spearmans.csv;rag-hallucination-detection_main/results/revision/context_conditioned_nli/n99_alignment_spearmans.csv
532,ee34a4a397ffbc9fd20081362b07f31f8676f4725129d4532a3b639c424c2a6b,184,3,cleanup_20260506_final_code_artifact_cleanup/prior_reviewer_artifact_snapshot/results/topk_sensitivity/completed_tuples.json;cleanup_20260506_final_code_artifact_cleanup/root_before_cleanup/results/topk_sensitivity/completed_tuples.json;cleanup_20260506_final_code_artifact_cleanup/root_before_cleanup/submission_package/neurips2026_reviewer_artifact_anonymous/results/topk_sensitivity/completed_tuples.json
533,ef33f068551f17afd6c4a8e3820ecc83f4724a53950b1498e1aeebd596b6abce,5091,3,cleanup_20260506_final_code_artifact_cleanup/prior_reviewer_artifact_snapshot/results/adaptive/summary.json;cleanup_20260506_final_code_artifact_cleanup/root_before_cleanup/results/adaptive/summary.json;cleanup_20260506_final_code_artifact_cleanup/root_before_cleanup/submission_package/neurips2026_reviewer_artifact_anonymous/results/adaptive/summary.json
534,ef43b2bb56e99bd2bf220ebf4b3b4e3bc7ae3c54674132f2b7a187b5fa0cd3c1,209,3,cleanup_20260506_final_code_artifact_cleanup/prior_reviewer_artifact_snapshot/results/subchunk_sensitivity/completed_tuples.json;cleanup_20260506_final_code_artifact_cleanup/root_before_cleanup/results/subchunk_sensitivity/completed_tuples.json;cleanup_20260506_final_code_artifact_cleanup/root_before_cleanup/submission_package/neurips2026_reviewer_artifact_anonymous/results/subchunk_sensitivity/completed_tuples.json
535,ef7fa5e9098bfb0567faada4fa07284c5647c38f0aab668ead87428a5c103cbf,3334,4,cleanup_20260506_final_code_artifact_cleanup/prior_reviewer_artifact_snapshot/scripts/compute_cost_headtohead_cis.py;cleanup_20260506_final_code_artifact_cleanup/root_before_cleanup/scripts/compute_cost_headtohead_cis.py;cleanup_20260506_final_code_artifact_cleanup/root_before_cleanup/submission_package/neurips2026_reviewer_artifact_anonymous/scripts/compute_cost_headtohead_cis.py;rag-hallucination-detection_main/scripts/compute_cost_headtohead_cis.py
536,f046d7646c68fb50084781ad8cee962991b45b9f292714a50d2f4570d5c07859,13965462,2,cleanup_20260506_final_code_artifact_cleanup/root_before_cleanup/data/revision/fix_03/per_query.csv;cleanup_20260506_final_code_artifact_cleanup/root_before_cleanup/data/revision/fix_03/per_query_partial.csv
537,f05e01633f55e1729f48847f9e38a192c477bd67fa0ca8ca251ac4e188e3106e,540,3,cleanup_20260506_final_code_artifact_cleanup/prior_reviewer_artifact_snapshot/results/reranker/metrics.csv;cleanup_20260506_final_code_artifact_cleanup/root_before_cleanup/results/reranker/metrics.csv;cleanup_20260506_final_code_artifact_cleanup/root_before_cleanup/submission_package/neurips2026_reviewer_artifact_anonymous/results/reranker/metrics.csv
538,f0649df1f1a875ea439d17ec6abb3399baa3fc00e0dedae31371f26fd3ea9590,595,5,cleanup_20260506_final_code_artifact_cleanup/prior_reviewer_artifact_snapshot/results/multidataset/coherence_paradox.csv;cleanup_20260506_final_code_artifact_cleanup/root_before_cleanup/results/multidataset/coherence_paradox.csv;cleanup_20260506_final_code_artifact_cleanup/root_before_cleanup/submission_package/neurips2026_reviewer_artifact_anonymous/results/multidataset/coherence_paradox.csv;moved_from_repo/artifacts/generated/space_deploy_snapshot/results/multidataset/coherence_paradox.csv;moved_from_repo/release/context_coherence_bench_v2/coherence_paradox/coherence_paradox.csv
539,f0d797dc4cf3398696c57d1640daaa4bee85ba4651f262d2044d47d0f8869d8b,166371,8,cleanup_20260506_final_code_artifact_cleanup/prior_reviewer_artifact_snapshot/human_eval_final/n100_disagreement/human_eval_adjudicated.csv;cleanup_20260506_final_code_artifact_cleanup/prior_reviewer_artifact_snapshot/human_eval_final/n100_disagreement/human_eval_adjudication_template.csv;cleanup_20260506_final_code_artifact_cleanup/root_before_cleanup/human_eval/n100_disagreement/human_eval_adjudicated.csv;cleanup_20260506_final_code_artifact_cleanup/root_before_cleanup/human_eval/n100_disagreement/human_eval_adjudication_template.csv;cleanup_20260506_final_code_artifact_cleanup/root_before_cleanup/submission_package/neurips2026_reviewer_artifact_anonymous/human_eval_final/n100_disagreement/human_eval_adjudicated.csv;cleanup_20260506_final_code_artifact_cleanup/root_before_cleanup/submission_package/neurips2026_reviewer_artifact_anonymous/human_eval_final/n100_disagreement/human_eval_adjudication_template.csv;rag-hallucination-detection_main/human_eval_final/n100_disagreement/human_eval_adjudicated.csv;rag-hallucination-detection_main/human_eval_final/n100_disagreement/human_eval_adjudication_template.csv
540,f1593f2dd7f4440e09cceae446dba8a82bc2c0f3a1fb6544c014c208fb021727,141,3,cleanup_20260506_final_code_artifact_cleanup/prior_reviewer_artifact_snapshot/results/qualitative/worst_hallucinations.csv;cleanup_20260506_final_code_artifact_cleanup/root_before_cleanup/results/qualitative/worst_hallucinations.csv;cleanup_20260506_final_code_artifact_cleanup/root_before_cleanup/submission_package/neurips2026_reviewer_artifact_anonymous/results/qualitative/worst_hallucinations.csv
541,f23680f1f44a7e6fe791622e83338562d5e82a61dec610b24845dbe608bafdea,4758,2,moved_from_repo/papers/paper_longform/sections/multidataset.tex;moved_from_repo/papers/ragpaper/sections/multidataset.tex
542,f29e352e4b02b1181450e860e284d6b560ba42e043df90eda374caa40c28ee5f,3808,4,cleanup_20260506_final_code_artifact_cleanup/prior_reviewer_artifact_snapshot/src/hallucination_detector.py;cleanup_20260506_final_code_artifact_cleanup/root_before_cleanup/src/hallucination_detector.py;cleanup_20260506_final_code_artifact_cleanup/root_before_cleanup/submission_package/neurips2026_reviewer_artifact_anonymous/src/hallucination_detector.py;rag-hallucination-detection_main/src/hallucination_detector.py
543,f2d33fabfe7f8e4376784a5a7b0a69c5a68093761d30a0e1c70b03c281e605a5,1390,3,cleanup_20260506_final_code_artifact_cleanup/prior_reviewer_artifact_snapshot/results/confidence_calibration/summary.md;cleanup_20260506_final_code_artifact_cleanup/root_before_cleanup/results/confidence_calibration/summary.md;cleanup_20260506_final_code_artifact_cleanup/root_before_cleanup/submission_package/neurips2026_reviewer_artifact_anonymous/results/confidence_calibration/summary.md
544,f2e7f269e1e881f37fc97597d492d3d57d1e960cbc0dcaa487d9cb83260013b1,20092,2,moved_from_repo/papers/paper_longform/figures/ccs_calibration.pdf;moved_from_repo/papers/ragpaper/figures/ccs_calibration.pdf
545,f3094eee555d401b40c6dc6776e12928a53403e0a26f37534270b14705ddab01,23361,3,cleanup_20260506_final_code_artifact_cleanup/prior_reviewer_artifact_snapshot/results/adaptive/pubmedqa_fixed_256.csv;cleanup_20260506_final_code_artifact_cleanup/root_before_cleanup/results/adaptive/pubmedqa_fixed_256.csv;cleanup_20260506_final_code_artifact_cleanup/root_before_cleanup/submission_package/neurips2026_reviewer_artifact_anonymous/results/adaptive/pubmedqa_fixed_256.csv
546,f3f802ce7357bb5a3a5fe1b51e197b207bc24280366f296f16ea09dd87ddd265,220,3,cleanup_20260506_final_code_artifact_cleanup/prior_reviewer_artifact_snapshot/run_all_analysis.sh;cleanup_20260506_final_code_artifact_cleanup/root_before_cleanup/submission_package/neurips2026_reviewer_artifact_anonymous/run_all_analysis.sh;rag-hallucination-detection_main/run_all_analysis.sh
547,f432a6ec306dbb824e6218864cba9fa5ba6b42ee9d5ea2b565298ead4f16a0b5,220,3,cleanup_20260506_final_code_artifact_cleanup/prior_reviewer_artifact_snapshot/results/paper_tables/missing.md;cleanup_20260506_final_code_artifact_cleanup/root_before_cleanup/results/paper_tables/missing.md;cleanup_20260506_final_code_artifact_cleanup/root_before_cleanup/submission_package/neurips2026_reviewer_artifact_anonymous/results/paper_tables/missing.md
548,f439d37b47ad9846958aea8810eee1d2092251af31ba73be6308945fa0326a92,44550,3,cleanup_20260506_final_code_artifact_cleanup/prior_reviewer_artifact_snapshot/results/human_eval/samples.csv;cleanup_20260506_final_code_artifact_cleanup/root_before_cleanup/results/human_eval/samples.csv;cleanup_20260506_final_code_artifact_cleanup/root_before_cleanup/submission_package/neurips2026_reviewer_artifact_anonymous/results/human_eval/samples.csv
549,f522d9ddbcd04e776f3aadb1f9424ad2617282c02e95b9b1487af6cd3ae63088,681,4,cleanup_20260506_final_code_artifact_cleanup/prior_reviewer_artifact_snapshot/results/headtohead/summary.csv;cleanup_20260506_final_code_artifact_cleanup/root_before_cleanup/results/headtohead/summary.csv;cleanup_20260506_final_code_artifact_cleanup/root_before_cleanup/submission_package/neurips2026_reviewer_artifact_anonymous/results/headtohead/summary.csv;moved_from_repo/artifacts/generated/space_deploy_snapshot/results/headtohead/summary.csv
550,f5553d8f2fb0d30202c5564976f673dbd7ce66eb209c534181296d228c8e94d4,22839,3,cleanup_20260506_final_code_artifact_cleanup/prior_reviewer_artifact_snapshot/results/multimodel/mistral_squad_chunk1024_k3_cot.csv;cleanup_20260506_final_code_artifact_cleanup/root_before_cleanup/results/multimodel/mistral_squad_chunk1024_k3_cot.csv;cleanup_20260506_final_code_artifact_cleanup/root_before_cleanup/submission_package/neurips2026_reviewer_artifact_anonymous/results/multimodel/mistral_squad_chunk1024_k3_cot.csv
551,f581f4e134c017462dce7d817f6425ab269d57f759164c02efd54f29d9a4cc0f,1569,4,cleanup_20260506_final_code_artifact_cleanup/prior_reviewer_artifact_snapshot/results/multi_retriever/summary.csv;cleanup_20260506_final_code_artifact_cleanup/root_before_cleanup/results/multi_retriever/summary.csv;cleanup_20260506_final_code_artifact_cleanup/root_before_cleanup/submission_package/neurips2026_reviewer_artifact_anonymous/results/multi_retriever/summary.csv;rag-hallucination-detection_main/results/multi_retriever/summary.csv
552,f612493fd70f24998421e3d26cbfb6786d740ff6c4da5ab4c656a6ef6281b271,5808,2,moved_from_repo/papers/paper_longform/sections/headtohead.tex;moved_from_repo/papers/ragpaper/sections/headtohead.tex
553,f669430f06653733489c5bc75815af5fe3439473aed94c77df7bee08a15bb362,16211,3,cleanup_20260506_final_code_artifact_cleanup/prior_reviewer_artifact_snapshot/results/mech_classifier/features.csv;cleanup_20260506_final_code_artifact_cleanup/root_before_cleanup/results/mech_classifier/features.csv;cleanup_20260506_final_code_artifact_cleanup/root_before_cleanup/submission_package/neurips2026_reviewer_artifact_anonymous/results/mech_classifier/features.csv
554,f69e5ad3f2588e31e50a7c75b51fa97d5dba9acf4977980d10c0c8641b4cb296,2530,3,cleanup_20260506_final_code_artifact_cleanup/prior_reviewer_artifact_snapshot/results/reranker/summary.json;cleanup_20260506_final_code_artifact_cleanup/root_before_cleanup/results/reranker/summary.json;cleanup_20260506_final_code_artifact_cleanup/root_before_cleanup/submission_package/neurips2026_reviewer_artifact_anonymous/results/reranker/summary.json
555,f6f099da12ddb49b9ce638ef0492cd58c5c1ee5cec04391a5ea3dbf9194cf6a0,8689,4,cleanup_20260506_final_code_artifact_cleanup/prior_reviewer_artifact_snapshot/experiments/run_mmr_baseline.py;cleanup_20260506_final_code_artifact_cleanup/root_before_cleanup/experiments/run_mmr_baseline.py;cleanup_20260506_final_code_artifact_cleanup/root_before_cleanup/submission_package/neurips2026_reviewer_artifact_anonymous/experiments/run_mmr_baseline.py;rag-hallucination-detection_main/experiments/run_mmr_baseline.py
556,f718e5d8904f717ad1d01557e0ce119f7dc0845dbb5cfc7028123602045ca268,113325,3,cleanup_20260506_final_code_artifact_cleanup/prior_reviewer_artifact_snapshot/results/pubmedqa/ablation_chunk512_k3_cot.csv;cleanup_20260506_final_code_artifact_cleanup/root_before_cleanup/results/pubmedqa/ablation_chunk512_k3_cot.csv;cleanup_20260506_final_code_artifact_cleanup/root_before_cleanup/submission_package/neurips2026_reviewer_artifact_anonymous/results/pubmedqa/ablation_chunk512_k3_cot.csv
557,f7748c7c2e295b93aacaacccd6aed9284e681cf0b35f5092d7eb50627624775f,108650,3,cleanup_20260506_final_code_artifact_cleanup/prior_reviewer_artifact_snapshot/results/hybrid/logs/pubmedqa_hcpc_logs.csv;cleanup_20260506_final_code_artifact_cleanup/root_before_cleanup/results/hybrid/logs/pubmedqa_hcpc_logs.csv;cleanup_20260506_final_code_artifact_cleanup/root_before_cleanup/submission_package/neurips2026_reviewer_artifact_anonymous/results/hybrid/logs/pubmedqa_hcpc_logs.csv
558,f8150480bcb99b1b1622ca2deb9e03adc560d444ef49af2f2bdb4909f2b68733,22658,3,cleanup_20260506_final_code_artifact_cleanup/prior_reviewer_artifact_snapshot/results/multimodel/mistral_squad_chunk1024_k5_strict.csv;cleanup_20260506_final_code_artifact_cleanup/root_before_cleanup/results/multimodel/mistral_squad_chunk1024_k5_strict.csv;cleanup_20260506_final_code_artifact_cleanup/root_before_cleanup/submission_package/neurips2026_reviewer_artifact_anonymous/results/multimodel/mistral_squad_chunk1024_k5_strict.csv
559,f88812ca64f3efe0cbbe09aef62efb334759d11a51714d4e0566a9128c39f34d,14962,3,cleanup_20260506_final_code_artifact_cleanup/prior_reviewer_artifact_snapshot/results/hcpc_v2/logs/squad_hcpc_v2_diagnostics.json;cleanup_20260506_final_code_artifact_cleanup/root_before_cleanup/results/hcpc_v2/logs/squad_hcpc_v2_diagnostics.json;cleanup_20260506_final_code_artifact_cleanup/root_before_cleanup/submission_package/neurips2026_reviewer_artifact_anonymous/results/hcpc_v2/logs/squad_hcpc_v2_diagnostics.json
560,f8a2d7ba20ba8b5b23565d9252534fc17c6a031e3a6f50fd11070c586e545fec,15454,4,cleanup_20260506_final_code_artifact_cleanup/prior_reviewer_artifact_snapshot/experiments/run_prompt_template_ablation.py;cleanup_20260506_final_code_artifact_cleanup/root_before_cleanup/experiments/run_prompt_template_ablation.py;cleanup_20260506_final_code_artifact_cleanup/root_before_cleanup/submission_package/neurips2026_reviewer_artifact_anonymous/experiments/run_prompt_template_ablation.py;rag-hallucination-detection_main/experiments/run_prompt_template_ablation.py
561,f8e595287e8a52cdb3ba24c787283a9aea4232c513c2b62c6db9f58d33593366,3016,3,cleanup_20260506_final_code_artifact_cleanup/prior_reviewer_artifact_snapshot/controlledrag_reporting_checklist.md;cleanup_20260506_final_code_artifact_cleanup/root_before_cleanup/submission_package/neurips2026_reviewer_artifact_anonymous/controlledrag_reporting_checklist.md;rag-hallucination-detection_main/controlledrag_reporting_checklist.md
562,f950a12c794c6e15f7b5ecb8182241513f6c2aa156e7c1517097c3b1239d692c,1522,4,cleanup_20260506_final_code_artifact_cleanup/prior_reviewer_artifact_snapshot/tests/conftest.py;cleanup_20260506_final_code_artifact_cleanup/root_before_cleanup/submission_package/neurips2026_reviewer_artifact_anonymous/tests/conftest.py;cleanup_20260506_final_code_artifact_cleanup/root_before_cleanup/tests/conftest.py;rag-hallucination-detection_main/tests/conftest.py
563,fab6a4c5b7163854efdcf29d4ec5037a1f6e3125ecf8b0d2cee7dc4778907c99,1407,4,cleanup_20260506_final_code_artifact_cleanup/prior_reviewer_artifact_snapshot/src/data_loader.py;cleanup_20260506_final_code_artifact_cleanup/root_before_cleanup/src/data_loader.py;cleanup_20260506_final_code_artifact_cleanup/root_before_cleanup/submission_package/neurips2026_reviewer_artifact_anonymous/src/data_loader.py;rag-hallucination-detection_main/src/data_loader.py
564,fb51eb203d27aa99c1adc4a9448f5c0a79aceef1790c3facf014458153e54d7d,29947,4,cleanup_20260506_final_code_artifact_cleanup/prior_reviewer_artifact_snapshot/data/adversarial/_rejected.jsonl;cleanup_20260506_final_code_artifact_cleanup/root_before_cleanup/data/adversarial/_rejected.jsonl;cleanup_20260506_final_code_artifact_cleanup/root_before_cleanup/submission_package/neurips2026_reviewer_artifact_anonymous/data/adversarial/_rejected.jsonl;rag-hallucination-detection_main/data/adversarial/_rejected.jsonl
565,fbd78a6bbea8057f15c8ba0e726cdb0a20a9b3881c517aa9c54bbbc2b55bd35f,2194,4,cleanup_20260506_final_code_artifact_cleanup/prior_reviewer_artifact_snapshot/results/revision/fix_02/summary_gpu0.md;cleanup_20260506_final_code_artifact_cleanup/root_before_cleanup/results/revision/fix_02/summary_gpu0.md;cleanup_20260506_final_code_artifact_cleanup/root_before_cleanup/submission_package/neurips2026_reviewer_artifact_anonymous/results/revision/fix_02/summary_gpu0.md;rag-hallucination-detection_main/results/revision/fix_02/summary_gpu0.md
566,fbfd7677d2f93e499e824f616a7cc8f7227a59516e6619123fe059ffdf087d5c,167779,3,cleanup_20260506_final_code_artifact_cleanup/prior_reviewer_artifact_snapshot/results/pubmedqa/ablation_chunk512_k5_strict.csv;cleanup_20260506_final_code_artifact_cleanup/root_before_cleanup/results/pubmedqa/ablation_chunk512_k5_strict.csv;cleanup_20260506_final_code_artifact_cleanup/root_before_cleanup/submission_package/neurips2026_reviewer_artifact_anonymous/results/pubmedqa/ablation_chunk512_k5_strict.csv
567,fc205b6b792a53f013d7acd7bad3f57584967d32f0c325d4fbe693065919c9d2,1267,3,cleanup_20260506_final_code_artifact_cleanup/prior_reviewer_artifact_snapshot/results/revision/fix_03/disagreement_alignment_n100.csv;cleanup_20260506_final_code_artifact_cleanup/root_before_cleanup/results/revision/fix_03/disagreement_alignment_n100.csv;cleanup_20260506_final_code_artifact_cleanup/root_before_cleanup/submission_package/neurips2026_reviewer_artifact_anonymous/results/revision/fix_03/disagreement_alignment_n100.csv
568,fcd87d9df1f14f67b6af52911bdac3fd79c86f64047f8922daebf6aa3a14c8b4,44587,3,cleanup_20260506_final_code_artifact_cleanup/prior_reviewer_artifact_snapshot/results/reranker/mistral_pubmedqa_chunk512_baseline.csv;cleanup_20260506_final_code_artifact_cleanup/root_before_cleanup/results/reranker/mistral_pubmedqa_chunk512_baseline.csv;cleanup_20260506_final_code_artifact_cleanup/root_before_cleanup/submission_package/neurips2026_reviewer_artifact_anonymous/results/reranker/mistral_pubmedqa_chunk512_baseline.csv
569,fdcbefde9f27600cb59fffd11b53eaa4f960f89fcd176ea3f5b84cc3c284bb2b,379,4,cleanup_20260506_final_code_artifact_cleanup/prior_reviewer_artifact_snapshot/results/revision/fix_02/paired_contrasts_gpu0.csv;cleanup_20260506_final_code_artifact_cleanup/root_before_cleanup/results/revision/fix_02/paired_contrasts_gpu0.csv;cleanup_20260506_final_code_artifact_cleanup/root_before_cleanup/submission_package/neurips2026_reviewer_artifact_anonymous/results/revision/fix_02/paired_contrasts_gpu0.csv;rag-hallucination-detection_main/results/revision/fix_02/paired_contrasts_gpu0.csv
570,fdd88b2852c622cdea94ed69b6c0e4dd7db530312c85daec292b8d899185805b,26667,3,cleanup_20260506_final_code_artifact_cleanup/prior_reviewer_artifact_snapshot/results/mechanistic/entropy_by_layer.csv;cleanup_20260506_final_code_artifact_cleanup/root_before_cleanup/results/mechanistic/entropy_by_layer.csv;cleanup_20260506_final_code_artifact_cleanup/root_before_cleanup/submission_package/neurips2026_reviewer_artifact_anonymous/results/mechanistic/entropy_by_layer.csv
571,ff8cc53c6aa56e86925bad48e9a73d316286a9e854e98c2108ab582dabe3d2d4,67623,3,cleanup_20260506_final_code_artifact_cleanup/prior_reviewer_artifact_snapshot/results/hcpc_v2/logs/squad_baseline_logs.csv;cleanup_20260506_final_code_artifact_cleanup/root_before_cleanup/results/hcpc_v2/logs/squad_baseline_logs.csv;cleanup_20260506_final_code_artifact_cleanup/root_before_cleanup/submission_package/neurips2026_reviewer_artifact_anonymous/results/hcpc_v2/logs/squad_baseline_logs.csv
572,fffbf93b6ed4e23ef8482cacc7e0969ccc326844edc4009999dd6ec2384bb8ac,21893,3,cleanup_20260506_final_code_artifact_cleanup/prior_reviewer_artifact_snapshot/results/reranker/mistral_squad_chunk1024_baseline.csv;cleanup_20260506_final_code_artifact_cleanup/root_before_cleanup/results/reranker/mistral_squad_chunk1024_baseline.csv;cleanup_20260506_final_code_artifact_cleanup/root_before_cleanup/submission_package/neurips2026_reviewer_artifact_anonymous/results/reranker/mistral_squad_chunk1024_baseline.csv
