logical_relative_path,snapshot_count,distinct_hashes,versions
controlledrag_reporting_checklist.md,3,1,cleanup_prior_reviewer_snapshot:f8e595287e8a:3016:cleanup_20260506_final_code_artifact_cleanup/prior_reviewer_artifact_snapshot/controlledrag_reporting_checklist.md;cleanup_nested_reviewer_artifact:f8e595287e8a:3016:cleanup_20260506_final_code_artifact_cleanup/root_before_cleanup/submission_package/neurips2026_reviewer_artifact_anonymous/controlledrag_reporting_checklist.md;submitted_git_worktree:f8e595287e8a:3016:rag-hallucination-detection_main/controlledrag_reporting_checklist.md
data/adversarial/README.md,4,1,cleanup_prior_reviewer_snapshot:30d041d1f70d:2564:cleanup_20260506_final_code_artifact_cleanup/prior_reviewer_artifact_snapshot/data/adversarial/README.md;cleanup_root_before:30d041d1f70d:2564:cleanup_20260506_final_code_artifact_cleanup/root_before_cleanup/data/adversarial/README.md;cleanup_nested_reviewer_artifact:30d041d1f70d:2564:cleanup_20260506_final_code_artifact_cleanup/root_before_cleanup/submission_package/neurips2026_reviewer_artifact_anonymous/data/adversarial/README.md;submitted_git_worktree:30d041d1f70d:2564:rag-hallucination-detection_main/data/adversarial/README.md
data/adversarial/_rejected.jsonl,4,1,cleanup_prior_reviewer_snapshot:fb51eb203d27:29947:cleanup_20260506_final_code_artifact_cleanup/prior_reviewer_artifact_snapshot/data/adversarial/_rejected.jsonl;cleanup_root_before:fb51eb203d27:29947:cleanup_20260506_final_code_artifact_cleanup/root_before_cleanup/data/adversarial/_rejected.jsonl;cleanup_nested_reviewer_artifact:fb51eb203d27:29947:cleanup_20260506_final_code_artifact_cleanup/root_before_cleanup/submission_package/neurips2026_reviewer_artifact_anonymous/data/adversarial/_rejected.jsonl;submitted_git_worktree:fb51eb203d27:29947:rag-hallucination-detection_main/data/adversarial/_rejected.jsonl
data/adversarial/contradict.jsonl,4,1,cleanup_prior_reviewer_snapshot:a8119d9f27f9:16366:cleanup_20260506_final_code_artifact_cleanup/prior_reviewer_artifact_snapshot/data/adversarial/contradict.jsonl;cleanup_root_before:a8119d9f27f9:16366:cleanup_20260506_final_code_artifact_cleanup/root_before_cleanup/data/adversarial/contradict.jsonl;cleanup_nested_reviewer_artifact:a8119d9f27f9:16366:cleanup_20260506_final_code_artifact_cleanup/root_before_cleanup/submission_package/neurips2026_reviewer_artifact_anonymous/data/adversarial/contradict.jsonl;submitted_git_worktree:a8119d9f27f9:16366:rag-hallucination-detection_main/data/adversarial/contradict.jsonl
data/adversarial/control.jsonl,4,1,cleanup_prior_reviewer_snapshot:deeb0dc7092e:35782:cleanup_20260506_final_code_artifact_cleanup/prior_reviewer_artifact_snapshot/data/adversarial/control.jsonl;cleanup_root_before:deeb0dc7092e:35782:cleanup_20260506_final_code_artifact_cleanup/root_before_cleanup/data/adversarial/control.jsonl;cleanup_nested_reviewer_artifact:deeb0dc7092e:35782:cleanup_20260506_final_code_artifact_cleanup/root_before_cleanup/submission_package/neurips2026_reviewer_artifact_anonymous/data/adversarial/control.jsonl;submitted_git_worktree:deeb0dc7092e:35782:rag-hallucination-detection_main/data/adversarial/control.jsonl
data/adversarial/disjoint.jsonl,4,1,cleanup_prior_reviewer_snapshot:abdf94e13c8c:45355:cleanup_20260506_final_code_artifact_cleanup/prior_reviewer_artifact_snapshot/data/adversarial/disjoint.jsonl;cleanup_root_before:abdf94e13c8c:45355:cleanup_20260506_final_code_artifact_cleanup/root_before_cleanup/data/adversarial/disjoint.jsonl;cleanup_nested_reviewer_artifact:abdf94e13c8c:45355:cleanup_20260506_final_code_artifact_cleanup/root_before_cleanup/submission_package/neurips2026_reviewer_artifact_anonymous/data/adversarial/disjoint.jsonl;submitted_git_worktree:abdf94e13c8c:45355:rag-hallucination-detection_main/data/adversarial/disjoint.jsonl
data/adversarial/drift.jsonl,4,1,cleanup_prior_reviewer_snapshot:c1f3c64e333b:57006:cleanup_20260506_final_code_artifact_cleanup/prior_reviewer_artifact_snapshot/data/adversarial/drift.jsonl;cleanup_root_before:c1f3c64e333b:57006:cleanup_20260506_final_code_artifact_cleanup/root_before_cleanup/data/adversarial/drift.jsonl;cleanup_nested_reviewer_artifact:c1f3c64e333b:57006:cleanup_20260506_final_code_artifact_cleanup/root_before_cleanup/submission_package/neurips2026_reviewer_artifact_anonymous/data/adversarial/drift.jsonl;submitted_git_worktree:c1f3c64e333b:57006:rag-hallucination-detection_main/data/adversarial/drift.jsonl
data/benchmark/README.md,4,1,cleanup_prior_reviewer_snapshot:871e88a71153:2430:cleanup_20260506_final_code_artifact_cleanup/prior_reviewer_artifact_snapshot/data/benchmark/README.md;cleanup_root_before:871e88a71153:2430:cleanup_20260506_final_code_artifact_cleanup/root_before_cleanup/data/benchmark/README.md;cleanup_nested_reviewer_artifact:871e88a71153:2430:cleanup_20260506_final_code_artifact_cleanup/root_before_cleanup/submission_package/neurips2026_reviewer_artifact_anonymous/data/benchmark/README.md;submitted_git_worktree:871e88a71153:2430:rag-hallucination-detection_main/data/benchmark/README.md
data/revision/fix_06/per_query_compact.csv,4,1,cleanup_prior_reviewer_snapshot:21f9d0c97c80:60148:cleanup_20260506_final_code_artifact_cleanup/prior_reviewer_artifact_snapshot/data/revision/fix_06/per_query_compact.csv;cleanup_root_before:21f9d0c97c80:60148:cleanup_20260506_final_code_artifact_cleanup/root_before_cleanup/data/revision/fix_06/per_query_compact.csv;cleanup_nested_reviewer_artifact:21f9d0c97c80:60148:cleanup_20260506_final_code_artifact_cleanup/root_before_cleanup/submission_package/neurips2026_reviewer_artifact_anonymous/data/revision/fix_06/per_query_compact.csv;submitted_git_worktree:21f9d0c97c80:60148:rag-hallucination-detection_main/data/revision/fix_06/per_query_compact.csv
experiments/analyze_human_eval.py,4,1,cleanup_prior_reviewer_snapshot:572ce40b888d:4961:cleanup_20260506_final_code_artifact_cleanup/prior_reviewer_artifact_snapshot/experiments/analyze_human_eval.py;cleanup_root_before:572ce40b888d:4961:cleanup_20260506_final_code_artifact_cleanup/root_before_cleanup/experiments/analyze_human_eval.py;cleanup_nested_reviewer_artifact:572ce40b888d:4961:cleanup_20260506_final_code_artifact_cleanup/root_before_cleanup/submission_package/neurips2026_reviewer_artifact_anonymous/experiments/analyze_human_eval.py;submitted_git_worktree:572ce40b888d:4961:rag-hallucination-detection_main/experiments/analyze_human_eval.py
experiments/analyze_prolific_results.py,4,1,cleanup_prior_reviewer_snapshot:e3f8ea01549c:9300:cleanup_20260506_final_code_artifact_cleanup/prior_reviewer_artifact_snapshot/experiments/analyze_prolific_results.py;cleanup_root_before:e3f8ea01549c:9300:cleanup_20260506_final_code_artifact_cleanup/root_before_cleanup/experiments/analyze_prolific_results.py;cleanup_nested_reviewer_artifact:e3f8ea01549c:9300:cleanup_20260506_final_code_artifact_cleanup/root_before_cleanup/submission_package/neurips2026_reviewer_artifact_anonymous/experiments/analyze_prolific_results.py;submitted_git_worktree:e3f8ea01549c:9300:rag-hallucination-detection_main/experiments/analyze_prolific_results.py
experiments/build_human_eval_samples.py,4,1,cleanup_prior_reviewer_snapshot:e3040994caab:7879:cleanup_20260506_final_code_artifact_cleanup/prior_reviewer_artifact_snapshot/experiments/build_human_eval_samples.py;cleanup_root_before:e3040994caab:7879:cleanup_20260506_final_code_artifact_cleanup/root_before_cleanup/experiments/build_human_eval_samples.py;cleanup_nested_reviewer_artifact:e3040994caab:7879:cleanup_20260506_final_code_artifact_cleanup/root_before_cleanup/submission_package/neurips2026_reviewer_artifact_anonymous/experiments/build_human_eval_samples.py;submitted_git_worktree:e3040994caab:7879:rag-hallucination-detection_main/experiments/build_human_eval_samples.py
experiments/fix_01_causal_matched_pairs.py,4,1,cleanup_prior_reviewer_snapshot:625cb386d70c:37811:cleanup_20260506_final_code_artifact_cleanup/prior_reviewer_artifact_snapshot/experiments/fix_01_causal_matched_pairs.py;cleanup_root_before:625cb386d70c:37811:cleanup_20260506_final_code_artifact_cleanup/root_before_cleanup/experiments/fix_01_causal_matched_pairs.py;cleanup_nested_reviewer_artifact:625cb386d70c:37811:cleanup_20260506_final_code_artifact_cleanup/root_before_cleanup/submission_package/neurips2026_reviewer_artifact_anonymous/experiments/fix_01_causal_matched_pairs.py;submitted_git_worktree:625cb386d70c:37811:rag-hallucination-detection_main/experiments/fix_01_causal_matched_pairs.py
experiments/fix_02_scaled_headline_n500.py,4,1,cleanup_prior_reviewer_snapshot:94f28324a7f6:12874:cleanup_20260506_final_code_artifact_cleanup/prior_reviewer_artifact_snapshot/experiments/fix_02_scaled_headline_n500.py;cleanup_root_before:94f28324a7f6:12874:cleanup_20260506_final_code_artifact_cleanup/root_before_cleanup/experiments/fix_02_scaled_headline_n500.py;cleanup_nested_reviewer_artifact:94f28324a7f6:12874:cleanup_20260506_final_code_artifact_cleanup/root_before_cleanup/submission_package/neurips2026_reviewer_artifact_anonymous/experiments/fix_02_scaled_headline_n500.py;submitted_git_worktree:94f28324a7f6:12874:rag-hallucination-detection_main/experiments/fix_02_scaled_headline_n500.py
experiments/fix_03_multimetric_faithfulness.py,4,1,cleanup_prior_reviewer_snapshot:3d895d2046e0:9358:cleanup_20260506_final_code_artifact_cleanup/prior_reviewer_artifact_snapshot/experiments/fix_03_multimetric_faithfulness.py;cleanup_root_before:3d895d2046e0:9358:cleanup_20260506_final_code_artifact_cleanup/root_before_cleanup/experiments/fix_03_multimetric_faithfulness.py;cleanup_nested_reviewer_artifact:3d895d2046e0:9358:cleanup_20260506_final_code_artifact_cleanup/root_before_cleanup/submission_package/neurips2026_reviewer_artifact_anonymous/experiments/fix_03_multimetric_faithfulness.py;submitted_git_worktree:3d895d2046e0:9358:rag-hallucination-detection_main/experiments/fix_03_multimetric_faithfulness.py
experiments/fix_04_tau_generalization.py,4,1,cleanup_prior_reviewer_snapshot:a7118cc7323c:8969:cleanup_20260506_final_code_artifact_cleanup/prior_reviewer_artifact_snapshot/experiments/fix_04_tau_generalization.py;cleanup_root_before:a7118cc7323c:8969:cleanup_20260506_final_code_artifact_cleanup/root_before_cleanup/experiments/fix_04_tau_generalization.py;cleanup_nested_reviewer_artifact:a7118cc7323c:8969:cleanup_20260506_final_code_artifact_cleanup/root_before_cleanup/submission_package/neurips2026_reviewer_artifact_anonymous/experiments/fix_04_tau_generalization.py;submitted_git_worktree:a7118cc7323c:8969:rag-hallucination-detection_main/experiments/fix_04_tau_generalization.py
experiments/fix_05_coherence_preserving_noise.py,4,1,cleanup_prior_reviewer_snapshot:9cd425dfc1ee:8316:cleanup_20260506_final_code_artifact_cleanup/prior_reviewer_artifact_snapshot/experiments/fix_05_coherence_preserving_noise.py;cleanup_root_before:9cd425dfc1ee:8316:cleanup_20260506_final_code_artifact_cleanup/root_before_cleanup/experiments/fix_05_coherence_preserving_noise.py;cleanup_nested_reviewer_artifact:9cd425dfc1ee:8316:cleanup_20260506_final_code_artifact_cleanup/root_before_cleanup/submission_package/neurips2026_reviewer_artifact_anonymous/experiments/fix_05_coherence_preserving_noise.py;submitted_git_worktree:9cd425dfc1ee:8316:rag-hallucination-detection_main/experiments/fix_05_coherence_preserving_noise.py
experiments/fix_06_baseline_h2h_pareto.py,4,1,cleanup_prior_reviewer_snapshot:392496ce5116:8869:cleanup_20260506_final_code_artifact_cleanup/prior_reviewer_artifact_snapshot/experiments/fix_06_baseline_h2h_pareto.py;cleanup_root_before:392496ce5116:8869:cleanup_20260506_final_code_artifact_cleanup/root_before_cleanup/experiments/fix_06_baseline_h2h_pareto.py;cleanup_nested_reviewer_artifact:392496ce5116:8869:cleanup_20260506_final_code_artifact_cleanup/root_before_cleanup/submission_package/neurips2026_reviewer_artifact_anonymous/experiments/fix_06_baseline_h2h_pareto.py;submitted_git_worktree:392496ce5116:8869:rag-hallucination-detection_main/experiments/fix_06_baseline_h2h_pareto.py
experiments/fix_07_together_70b_reproduction.py,4,1,cleanup_prior_reviewer_snapshot:22d549e83b9d:4309:cleanup_20260506_final_code_artifact_cleanup/prior_reviewer_artifact_snapshot/experiments/fix_07_together_70b_reproduction.py;cleanup_root_before:22d549e83b9d:4309:cleanup_20260506_final_code_artifact_cleanup/root_before_cleanup/experiments/fix_07_together_70b_reproduction.py;cleanup_nested_reviewer_artifact:22d549e83b9d:4309:cleanup_20260506_final_code_artifact_cleanup/root_before_cleanup/submission_package/neurips2026_reviewer_artifact_anonymous/experiments/fix_07_together_70b_reproduction.py;submitted_git_worktree:22d549e83b9d:4309:rag-hallucination-detection_main/experiments/fix_07_together_70b_reproduction.py
experiments/fix_09_partial_correlations.py,4,1,cleanup_prior_reviewer_snapshot:100bed354100:3401:cleanup_20260506_final_code_artifact_cleanup/prior_reviewer_artifact_snapshot/experiments/fix_09_partial_correlations.py;cleanup_root_before:100bed354100:3401:cleanup_20260506_final_code_artifact_cleanup/root_before_cleanup/experiments/fix_09_partial_correlations.py;cleanup_nested_reviewer_artifact:100bed354100:3401:cleanup_20260506_final_code_artifact_cleanup/root_before_cleanup/submission_package/neurips2026_reviewer_artifact_anonymous/experiments/fix_09_partial_correlations.py;submitted_git_worktree:100bed354100:3401:rag-hallucination-detection_main/experiments/fix_09_partial_correlations.py
experiments/fix_11_raptor_full_table.py,4,1,cleanup_prior_reviewer_snapshot:47012e15347a:6027:cleanup_20260506_final_code_artifact_cleanup/prior_reviewer_artifact_snapshot/experiments/fix_11_raptor_full_table.py;cleanup_root_before:47012e15347a:6027:cleanup_20260506_final_code_artifact_cleanup/root_before_cleanup/experiments/fix_11_raptor_full_table.py;cleanup_nested_reviewer_artifact:47012e15347a:6027:cleanup_20260506_final_code_artifact_cleanup/root_before_cleanup/submission_package/neurips2026_reviewer_artifact_anonymous/experiments/fix_11_raptor_full_table.py;submitted_git_worktree:47012e15347a:6027:rag-hallucination-detection_main/experiments/fix_11_raptor_full_table.py
experiments/fix_12_answer_span_diagnostic.py,4,1,cleanup_prior_reviewer_snapshot:74836fb00d57:14406:cleanup_20260506_final_code_artifact_cleanup/prior_reviewer_artifact_snapshot/experiments/fix_12_answer_span_diagnostic.py;cleanup_root_before:74836fb00d57:14406:cleanup_20260506_final_code_artifact_cleanup/root_before_cleanup/experiments/fix_12_answer_span_diagnostic.py;cleanup_nested_reviewer_artifact:74836fb00d57:14406:cleanup_20260506_final_code_artifact_cleanup/root_before_cleanup/submission_package/neurips2026_reviewer_artifact_anonymous/experiments/fix_12_answer_span_diagnostic.py;submitted_git_worktree:74836fb00d57:14406:rag-hallucination-detection_main/experiments/fix_12_answer_span_diagnostic.py
experiments/fix_13_retriever_sanity.py,4,1,cleanup_prior_reviewer_snapshot:0e153d7c0f3f:11844:cleanup_20260506_final_code_artifact_cleanup/prior_reviewer_artifact_snapshot/experiments/fix_13_retriever_sanity.py;cleanup_root_before:0e153d7c0f3f:11844:cleanup_20260506_final_code_artifact_cleanup/root_before_cleanup/experiments/fix_13_retriever_sanity.py;cleanup_nested_reviewer_artifact:0e153d7c0f3f:11844:cleanup_20260506_final_code_artifact_cleanup/root_before_cleanup/submission_package/neurips2026_reviewer_artifact_anonymous/experiments/fix_13_retriever_sanity.py;submitted_git_worktree:0e153d7c0f3f:11844:rag-hallucination-detection_main/experiments/fix_13_retriever_sanity.py
experiments/fix_14_second_generator_metric_fragility.py,4,1,cleanup_prior_reviewer_snapshot:86d9f421cb61:12730:cleanup_20260506_final_code_artifact_cleanup/prior_reviewer_artifact_snapshot/experiments/fix_14_second_generator_metric_fragility.py;cleanup_root_before:86d9f421cb61:12730:cleanup_20260506_final_code_artifact_cleanup/root_before_cleanup/experiments/fix_14_second_generator_metric_fragility.py;cleanup_nested_reviewer_artifact:86d9f421cb61:12730:cleanup_20260506_final_code_artifact_cleanup/root_before_cleanup/submission_package/neurips2026_reviewer_artifact_anonymous/experiments/fix_14_second_generator_metric_fragility.py;submitted_git_worktree:86d9f421cb61:12730:rag-hallucination-detection_main/experiments/fix_14_second_generator_metric_fragility.py
experiments/fix_15_longform_stress.py,4,1,cleanup_prior_reviewer_snapshot:8cdfd9143e62:4910:cleanup_20260506_final_code_artifact_cleanup/prior_reviewer_artifact_snapshot/experiments/fix_15_longform_stress.py;cleanup_root_before:8cdfd9143e62:4910:cleanup_20260506_final_code_artifact_cleanup/root_before_cleanup/experiments/fix_15_longform_stress.py;cleanup_nested_reviewer_artifact:8cdfd9143e62:4910:cleanup_20260506_final_code_artifact_cleanup/root_before_cleanup/submission_package/neurips2026_reviewer_artifact_anonymous/experiments/fix_15_longform_stress.py;submitted_git_worktree:8cdfd9143e62:4910:rag-hallucination-detection_main/experiments/fix_15_longform_stress.py
experiments/generate_adversarial_cases.py,4,1,cleanup_prior_reviewer_snapshot:ea914fad2b5c:15028:cleanup_20260506_final_code_artifact_cleanup/prior_reviewer_artifact_snapshot/experiments/generate_adversarial_cases.py;cleanup_root_before:ea914fad2b5c:15028:cleanup_20260506_final_code_artifact_cleanup/root_before_cleanup/experiments/generate_adversarial_cases.py;cleanup_nested_reviewer_artifact:ea914fad2b5c:15028:cleanup_20260506_final_code_artifact_cleanup/root_before_cleanup/submission_package/neurips2026_reviewer_artifact_anonymous/experiments/generate_adversarial_cases.py;submitted_git_worktree:ea914fad2b5c:15028:rag-hallucination-detection_main/experiments/generate_adversarial_cases.py
experiments/revision_utils.py,4,1,cleanup_prior_reviewer_snapshot:431614b42542:2953:cleanup_20260506_final_code_artifact_cleanup/prior_reviewer_artifact_snapshot/experiments/revision_utils.py;cleanup_root_before:431614b42542:2953:cleanup_20260506_final_code_artifact_cleanup/root_before_cleanup/experiments/revision_utils.py;cleanup_nested_reviewer_artifact:431614b42542:2953:cleanup_20260506_final_code_artifact_cleanup/root_before_cleanup/submission_package/neurips2026_reviewer_artifact_anonymous/experiments/revision_utils.py;submitted_git_worktree:431614b42542:2953:rag-hallucination-detection_main/experiments/revision_utils.py
experiments/run_adaptive_chunking_ablation.py,4,1,cleanup_prior_reviewer_snapshot:5d4e2cd15ee6:16371:cleanup_20260506_final_code_artifact_cleanup/prior_reviewer_artifact_snapshot/experiments/run_adaptive_chunking_ablation.py;cleanup_root_before:5d4e2cd15ee6:16371:cleanup_20260506_final_code_artifact_cleanup/root_before_cleanup/experiments/run_adaptive_chunking_ablation.py;cleanup_nested_reviewer_artifact:5d4e2cd15ee6:16371:cleanup_20260506_final_code_artifact_cleanup/root_before_cleanup/submission_package/neurips2026_reviewer_artifact_anonymous/experiments/run_adaptive_chunking_ablation.py;submitted_git_worktree:5d4e2cd15ee6:16371:rag-hallucination-detection_main/experiments/run_adaptive_chunking_ablation.py
experiments/run_adversarial_coherence.py,4,1,cleanup_prior_reviewer_snapshot:ec764d1386be:11949:cleanup_20260506_final_code_artifact_cleanup/prior_reviewer_artifact_snapshot/experiments/run_adversarial_coherence.py;cleanup_root_before:ec764d1386be:11949:cleanup_20260506_final_code_artifact_cleanup/root_before_cleanup/experiments/run_adversarial_coherence.py;cleanup_nested_reviewer_artifact:ec764d1386be:11949:cleanup_20260506_final_code_artifact_cleanup/root_before_cleanup/submission_package/neurips2026_reviewer_artifact_anonymous/experiments/run_adversarial_coherence.py;submitted_git_worktree:ec764d1386be:11949:rag-hallucination-detection_main/experiments/run_adversarial_coherence.py
experiments/run_ccs_alternatives.py,4,1,cleanup_prior_reviewer_snapshot:19340ca047f0:13220:cleanup_20260506_final_code_artifact_cleanup/prior_reviewer_artifact_snapshot/experiments/run_ccs_alternatives.py;cleanup_root_before:19340ca047f0:13220:cleanup_20260506_final_code_artifact_cleanup/root_before_cleanup/experiments/run_ccs_alternatives.py;cleanup_nested_reviewer_artifact:19340ca047f0:13220:cleanup_20260506_final_code_artifact_cleanup/root_before_cleanup/submission_package/neurips2026_reviewer_artifact_anonymous/experiments/run_ccs_alternatives.py;submitted_git_worktree:19340ca047f0:13220:rag-hallucination-detection_main/experiments/run_ccs_alternatives.py
experiments/run_coherence_analysis.py,4,1,cleanup_prior_reviewer_snapshot:186b7457f92a:12792:cleanup_20260506_final_code_artifact_cleanup/prior_reviewer_artifact_snapshot/experiments/run_coherence_analysis.py;cleanup_root_before:186b7457f92a:12792:cleanup_20260506_final_code_artifact_cleanup/root_before_cleanup/experiments/run_coherence_analysis.py;cleanup_nested_reviewer_artifact:186b7457f92a:12792:cleanup_20260506_final_code_artifact_cleanup/root_before_cleanup/submission_package/neurips2026_reviewer_artifact_anonymous/experiments/run_coherence_analysis.py;submitted_git_worktree:186b7457f92a:12792:rag-hallucination-detection_main/experiments/run_coherence_analysis.py
experiments/run_confidence_calibration.py,4,1,cleanup_prior_reviewer_snapshot:6ed28fe91dbc:9355:cleanup_20260506_final_code_artifact_cleanup/prior_reviewer_artifact_snapshot/experiments/run_confidence_calibration.py;cleanup_root_before:6ed28fe91dbc:9355:cleanup_20260506_final_code_artifact_cleanup/root_before_cleanup/experiments/run_confidence_calibration.py;cleanup_nested_reviewer_artifact:6ed28fe91dbc:9355:cleanup_20260506_final_code_artifact_cleanup/root_before_cleanup/submission_package/neurips2026_reviewer_artifact_anonymous/experiments/run_confidence_calibration.py;submitted_git_worktree:6ed28fe91dbc:9355:rag-hallucination-detection_main/experiments/run_confidence_calibration.py
experiments/run_crag_baseline.py,4,1,cleanup_prior_reviewer_snapshot:a1219d74073b:9201:cleanup_20260506_final_code_artifact_cleanup/prior_reviewer_artifact_snapshot/experiments/run_crag_baseline.py;cleanup_root_before:a1219d74073b:9201:cleanup_20260506_final_code_artifact_cleanup/root_before_cleanup/experiments/run_crag_baseline.py;cleanup_nested_reviewer_artifact:a1219d74073b:9201:cleanup_20260506_final_code_artifact_cleanup/root_before_cleanup/submission_package/neurips2026_reviewer_artifact_anonymous/experiments/run_crag_baseline.py;submitted_git_worktree:a1219d74073b:9201:rag-hallucination-detection_main/experiments/run_crag_baseline.py
experiments/run_crossencoder_sensitivity.py,4,1,cleanup_prior_reviewer_snapshot:651196aa54f7:7432:cleanup_20260506_final_code_artifact_cleanup/prior_reviewer_artifact_snapshot/experiments/run_crossencoder_sensitivity.py;cleanup_root_before:651196aa54f7:7432:cleanup_20260506_final_code_artifact_cleanup/root_before_cleanup/experiments/run_crossencoder_sensitivity.py;cleanup_nested_reviewer_artifact:651196aa54f7:7432:cleanup_20260506_final_code_artifact_cleanup/root_before_cleanup/submission_package/neurips2026_reviewer_artifact_anonymous/experiments/run_crossencoder_sensitivity.py;submitted_git_worktree:651196aa54f7:7432:rag-hallucination-detection_main/experiments/run_crossencoder_sensitivity.py
experiments/run_frontier_scale.py,4,1,cleanup_prior_reviewer_snapshot:6e4cfc89ce17:13431:cleanup_20260506_final_code_artifact_cleanup/prior_reviewer_artifact_snapshot/experiments/run_frontier_scale.py;cleanup_root_before:6e4cfc89ce17:13431:cleanup_20260506_final_code_artifact_cleanup/root_before_cleanup/experiments/run_frontier_scale.py;cleanup_nested_reviewer_artifact:6e4cfc89ce17:13431:cleanup_20260506_final_code_artifact_cleanup/root_before_cleanup/submission_package/neurips2026_reviewer_artifact_anonymous/experiments/run_frontier_scale.py;submitted_git_worktree:6e4cfc89ce17:13431:rag-hallucination-detection_main/experiments/run_frontier_scale.py
experiments/run_hcpc_ablation.py,4,1,cleanup_prior_reviewer_snapshot:28fa0d855e54:18502:cleanup_20260506_final_code_artifact_cleanup/prior_reviewer_artifact_snapshot/experiments/run_hcpc_ablation.py;cleanup_root_before:28fa0d855e54:18502:cleanup_20260506_final_code_artifact_cleanup/root_before_cleanup/experiments/run_hcpc_ablation.py;cleanup_nested_reviewer_artifact:28fa0d855e54:18502:cleanup_20260506_final_code_artifact_cleanup/root_before_cleanup/submission_package/neurips2026_reviewer_artifact_anonymous/experiments/run_hcpc_ablation.py;submitted_git_worktree:28fa0d855e54:18502:rag-hallucination-detection_main/experiments/run_hcpc_ablation.py
experiments/run_hcpc_v2_ablation.py,4,1,cleanup_prior_reviewer_snapshot:44ad32fa7525:25905:cleanup_20260506_final_code_artifact_cleanup/prior_reviewer_artifact_snapshot/experiments/run_hcpc_v2_ablation.py;cleanup_root_before:44ad32fa7525:25905:cleanup_20260506_final_code_artifact_cleanup/root_before_cleanup/experiments/run_hcpc_v2_ablation.py;cleanup_nested_reviewer_artifact:44ad32fa7525:25905:cleanup_20260506_final_code_artifact_cleanup/root_before_cleanup/submission_package/neurips2026_reviewer_artifact_anonymous/experiments/run_hcpc_v2_ablation.py;submitted_git_worktree:44ad32fa7525:25905:rag-hallucination-detection_main/experiments/run_hcpc_v2_ablation.py
experiments/run_headtohead_comparison.py,4,1,cleanup_prior_reviewer_snapshot:9ac57b39d033:9759:cleanup_20260506_final_code_artifact_cleanup/prior_reviewer_artifact_snapshot/experiments/run_headtohead_comparison.py;cleanup_root_before:9ac57b39d033:9759:cleanup_20260506_final_code_artifact_cleanup/root_before_cleanup/experiments/run_headtohead_comparison.py;cleanup_nested_reviewer_artifact:9ac57b39d033:9759:cleanup_20260506_final_code_artifact_cleanup/root_before_cleanup/submission_package/neurips2026_reviewer_artifact_anonymous/experiments/run_headtohead_comparison.py;submitted_git_worktree:9ac57b39d033:9759:rag-hallucination-detection_main/experiments/run_headtohead_comparison.py
experiments/run_latency_analysis.py,4,1,cleanup_prior_reviewer_snapshot:06bf73c8b5ec:5072:cleanup_20260506_final_code_artifact_cleanup/prior_reviewer_artifact_snapshot/experiments/run_latency_analysis.py;cleanup_root_before:06bf73c8b5ec:5072:cleanup_20260506_final_code_artifact_cleanup/root_before_cleanup/experiments/run_latency_analysis.py;cleanup_nested_reviewer_artifact:06bf73c8b5ec:5072:cleanup_20260506_final_code_artifact_cleanup/root_before_cleanup/submission_package/neurips2026_reviewer_artifact_anonymous/experiments/run_latency_analysis.py;submitted_git_worktree:06bf73c8b5ec:5072:rag-hallucination-detection_main/experiments/run_latency_analysis.py
experiments/run_longform_eval.py,4,1,cleanup_prior_reviewer_snapshot:072a2d5cae37:13325:cleanup_20260506_final_code_artifact_cleanup/prior_reviewer_artifact_snapshot/experiments/run_longform_eval.py;cleanup_root_before:072a2d5cae37:13325:cleanup_20260506_final_code_artifact_cleanup/root_before_cleanup/experiments/run_longform_eval.py;cleanup_nested_reviewer_artifact:072a2d5cae37:13325:cleanup_20260506_final_code_artifact_cleanup/root_before_cleanup/submission_package/neurips2026_reviewer_artifact_anonymous/experiments/run_longform_eval.py;submitted_git_worktree:072a2d5cae37:13325:rag-hallucination-detection_main/experiments/run_longform_eval.py
experiments/run_mechanistic_analysis.py,4,1,cleanup_prior_reviewer_snapshot:4323efb10cd3:10854:cleanup_20260506_final_code_artifact_cleanup/prior_reviewer_artifact_snapshot/experiments/run_mechanistic_analysis.py;cleanup_root_before:4323efb10cd3:10854:cleanup_20260506_final_code_artifact_cleanup/root_before_cleanup/experiments/run_mechanistic_analysis.py;cleanup_nested_reviewer_artifact:4323efb10cd3:10854:cleanup_20260506_final_code_artifact_cleanup/root_before_cleanup/submission_package/neurips2026_reviewer_artifact_anonymous/experiments/run_mechanistic_analysis.py;submitted_git_worktree:4323efb10cd3:10854:rag-hallucination-detection_main/experiments/run_mechanistic_analysis.py
experiments/run_mmr_baseline.py,4,1,cleanup_prior_reviewer_snapshot:f6f099da12dd:8689:cleanup_20260506_final_code_artifact_cleanup/prior_reviewer_artifact_snapshot/experiments/run_mmr_baseline.py;cleanup_root_before:f6f099da12dd:8689:cleanup_20260506_final_code_artifact_cleanup/root_before_cleanup/experiments/run_mmr_baseline.py;cleanup_nested_reviewer_artifact:f6f099da12dd:8689:cleanup_20260506_final_code_artifact_cleanup/root_before_cleanup/submission_package/neurips2026_reviewer_artifact_anonymous/experiments/run_mmr_baseline.py;submitted_git_worktree:f6f099da12dd:8689:rag-hallucination-detection_main/experiments/run_mmr_baseline.py
experiments/run_multi_retriever_ablation.py,4,1,cleanup_prior_reviewer_snapshot:6383a846bcb0:13996:cleanup_20260506_final_code_artifact_cleanup/prior_reviewer_artifact_snapshot/experiments/run_multi_retriever_ablation.py;cleanup_root_before:6383a846bcb0:13996:cleanup_20260506_final_code_artifact_cleanup/root_before_cleanup/experiments/run_multi_retriever_ablation.py;cleanup_nested_reviewer_artifact:6383a846bcb0:13996:cleanup_20260506_final_code_artifact_cleanup/root_before_cleanup/submission_package/neurips2026_reviewer_artifact_anonymous/experiments/run_multi_retriever_ablation.py;submitted_git_worktree:6383a846bcb0:13996:rag-hallucination-detection_main/experiments/run_multi_retriever_ablation.py
experiments/run_multidataset_validation.py,4,1,cleanup_prior_reviewer_snapshot:b1119f2ebbe7:10152:cleanup_20260506_final_code_artifact_cleanup/prior_reviewer_artifact_snapshot/experiments/run_multidataset_validation.py;cleanup_root_before:b1119f2ebbe7:10152:cleanup_20260506_final_code_artifact_cleanup/root_before_cleanup/experiments/run_multidataset_validation.py;cleanup_nested_reviewer_artifact:b1119f2ebbe7:10152:cleanup_20260506_final_code_artifact_cleanup/root_before_cleanup/submission_package/neurips2026_reviewer_artifact_anonymous/experiments/run_multidataset_validation.py;submitted_git_worktree:b1119f2ebbe7:10152:rag-hallucination-detection_main/experiments/run_multidataset_validation.py
experiments/run_multimodel_ablation.py,4,1,cleanup_prior_reviewer_snapshot:ecf3ac645bfc:5641:cleanup_20260506_final_code_artifact_cleanup/prior_reviewer_artifact_snapshot/experiments/run_multimodel_ablation.py;cleanup_root_before:ecf3ac645bfc:5641:cleanup_20260506_final_code_artifact_cleanup/root_before_cleanup/experiments/run_multimodel_ablation.py;cleanup_nested_reviewer_artifact:ecf3ac645bfc:5641:cleanup_20260506_final_code_artifact_cleanup/root_before_cleanup/submission_package/neurips2026_reviewer_artifact_anonymous/experiments/run_multimodel_ablation.py;submitted_git_worktree:ecf3ac645bfc:5641:rag-hallucination-detection_main/experiments/run_multimodel_ablation.py
experiments/run_multiseed_variance.py,4,1,cleanup_prior_reviewer_snapshot:39c0715ca0a3:13909:cleanup_20260506_final_code_artifact_cleanup/prior_reviewer_artifact_snapshot/experiments/run_multiseed_variance.py;cleanup_root_before:39c0715ca0a3:13909:cleanup_20260506_final_code_artifact_cleanup/root_before_cleanup/experiments/run_multiseed_variance.py;cleanup_nested_reviewer_artifact:39c0715ca0a3:13909:cleanup_20260506_final_code_artifact_cleanup/root_before_cleanup/submission_package/neurips2026_reviewer_artifact_anonymous/experiments/run_multiseed_variance.py;submitted_git_worktree:39c0715ca0a3:13909:rag-hallucination-detection_main/experiments/run_multiseed_variance.py
experiments/run_noise_injection_ablation.py,4,1,cleanup_prior_reviewer_snapshot:3a053e6ac7e2:11692:cleanup_20260506_final_code_artifact_cleanup/prior_reviewer_artifact_snapshot/experiments/run_noise_injection_ablation.py;cleanup_root_before:3a053e6ac7e2:11692:cleanup_20260506_final_code_artifact_cleanup/root_before_cleanup/experiments/run_noise_injection_ablation.py;cleanup_nested_reviewer_artifact:3a053e6ac7e2:11692:cleanup_20260506_final_code_artifact_cleanup/root_before_cleanup/submission_package/neurips2026_reviewer_artifact_anonymous/experiments/run_noise_injection_ablation.py;submitted_git_worktree:3a053e6ac7e2:11692:rag-hallucination-detection_main/experiments/run_noise_injection_ablation.py
experiments/run_prompt_template_ablation.py,4,1,cleanup_prior_reviewer_snapshot:f8a2d7ba20ba:15454:cleanup_20260506_final_code_artifact_cleanup/prior_reviewer_artifact_snapshot/experiments/run_prompt_template_ablation.py;cleanup_root_before:f8a2d7ba20ba:15454:cleanup_20260506_final_code_artifact_cleanup/root_before_cleanup/experiments/run_prompt_template_ablation.py;cleanup_nested_reviewer_artifact:f8a2d7ba20ba:15454:cleanup_20260506_final_code_artifact_cleanup/root_before_cleanup/submission_package/neurips2026_reviewer_artifact_anonymous/experiments/run_prompt_template_ablation.py;submitted_git_worktree:f8a2d7ba20ba:15454:rag-hallucination-detection_main/experiments/run_prompt_template_ablation.py
experiments/run_pubmedqa_ablation.py,4,1,cleanup_prior_reviewer_snapshot:3b1fe8bea946:2589:cleanup_20260506_final_code_artifact_cleanup/prior_reviewer_artifact_snapshot/experiments/run_pubmedqa_ablation.py;cleanup_root_before:3b1fe8bea946:2589:cleanup_20260506_final_code_artifact_cleanup/root_before_cleanup/experiments/run_pubmedqa_ablation.py;cleanup_nested_reviewer_artifact:3b1fe8bea946:2589:cleanup_20260506_final_code_artifact_cleanup/root_before_cleanup/submission_package/neurips2026_reviewer_artifact_anonymous/experiments/run_pubmedqa_ablation.py;submitted_git_worktree:3b1fe8bea946:2589:rag-hallucination-detection_main/experiments/run_pubmedqa_ablation.py
experiments/run_qualitative_analysis.py,4,1,cleanup_prior_reviewer_snapshot:409bef862e1a:2199:cleanup_20260506_final_code_artifact_cleanup/prior_reviewer_artifact_snapshot/experiments/run_qualitative_analysis.py;cleanup_root_before:409bef862e1a:2199:cleanup_20260506_final_code_artifact_cleanup/root_before_cleanup/experiments/run_qualitative_analysis.py;cleanup_nested_reviewer_artifact:409bef862e1a:2199:cleanup_20260506_final_code_artifact_cleanup/root_before_cleanup/submission_package/neurips2026_reviewer_artifact_anonymous/experiments/run_qualitative_analysis.py;submitted_git_worktree:409bef862e1a:2199:rag-hallucination-detection_main/experiments/run_qualitative_analysis.py
experiments/run_quantization_sensitivity.py,4,1,cleanup_prior_reviewer_snapshot:3b8fa9ee440e:8984:cleanup_20260506_final_code_artifact_cleanup/prior_reviewer_artifact_snapshot/experiments/run_quantization_sensitivity.py;cleanup_root_before:3b8fa9ee440e:8984:cleanup_20260506_final_code_artifact_cleanup/root_before_cleanup/experiments/run_quantization_sensitivity.py;cleanup_nested_reviewer_artifact:3b8fa9ee440e:8984:cleanup_20260506_final_code_artifact_cleanup/root_before_cleanup/submission_package/neurips2026_reviewer_artifact_anonymous/experiments/run_quantization_sensitivity.py;submitted_git_worktree:3b8fa9ee440e:8984:rag-hallucination-detection_main/experiments/run_quantization_sensitivity.py
experiments/run_raptor_ablation.py,4,1,cleanup_prior_reviewer_snapshot:3b844b6cecfc:9792:cleanup_20260506_final_code_artifact_cleanup/prior_reviewer_artifact_snapshot/experiments/run_raptor_ablation.py;cleanup_root_before:3b844b6cecfc:9792:cleanup_20260506_final_code_artifact_cleanup/root_before_cleanup/experiments/run_raptor_ablation.py;cleanup_nested_reviewer_artifact:3b844b6cecfc:9792:cleanup_20260506_final_code_artifact_cleanup/root_before_cleanup/submission_package/neurips2026_reviewer_artifact_anonymous/experiments/run_raptor_ablation.py;submitted_git_worktree:3b844b6cecfc:9792:rag-hallucination-detection_main/experiments/run_raptor_ablation.py
experiments/run_reranker_ablation.py,4,1,cleanup_prior_reviewer_snapshot:7357ca50e43a:6639:cleanup_20260506_final_code_artifact_cleanup/prior_reviewer_artifact_snapshot/experiments/run_reranker_ablation.py;cleanup_root_before:7357ca50e43a:6639:cleanup_20260506_final_code_artifact_cleanup/root_before_cleanup/experiments/run_reranker_ablation.py;cleanup_nested_reviewer_artifact:7357ca50e43a:6639:cleanup_20260506_final_code_artifact_cleanup/root_before_cleanup/submission_package/neurips2026_reviewer_artifact_anonymous/experiments/run_reranker_ablation.py;submitted_git_worktree:7357ca50e43a:6639:rag-hallucination-detection_main/experiments/run_reranker_ablation.py
experiments/run_reranker_experiment.py,4,1,cleanup_prior_reviewer_snapshot:d26a1bb7df39:18263:cleanup_20260506_final_code_artifact_cleanup/prior_reviewer_artifact_snapshot/experiments/run_reranker_experiment.py;cleanup_root_before:d26a1bb7df39:18263:cleanup_20260506_final_code_artifact_cleanup/root_before_cleanup/experiments/run_reranker_experiment.py;cleanup_nested_reviewer_artifact:d26a1bb7df39:18263:cleanup_20260506_final_code_artifact_cleanup/root_before_cleanup/submission_package/neurips2026_reviewer_artifact_anonymous/experiments/run_reranker_experiment.py;submitted_git_worktree:d26a1bb7df39:18263:rag-hallucination-detection_main/experiments/run_reranker_experiment.py
experiments/run_scaled_headline.py,4,1,cleanup_prior_reviewer_snapshot:ddaf0fa612ec:10862:cleanup_20260506_final_code_artifact_cleanup/prior_reviewer_artifact_snapshot/experiments/run_scaled_headline.py;cleanup_root_before:ddaf0fa612ec:10862:cleanup_20260506_final_code_artifact_cleanup/root_before_cleanup/experiments/run_scaled_headline.py;cleanup_nested_reviewer_artifact:ddaf0fa612ec:10862:cleanup_20260506_final_code_artifact_cleanup/root_before_cleanup/submission_package/neurips2026_reviewer_artifact_anonymous/experiments/run_scaled_headline.py;submitted_git_worktree:ddaf0fa612ec:10862:rag-hallucination-detection_main/experiments/run_scaled_headline.py
experiments/run_significance_tests.py,4,1,cleanup_prior_reviewer_snapshot:007db36a3788:3244:cleanup_20260506_final_code_artifact_cleanup/prior_reviewer_artifact_snapshot/experiments/run_significance_tests.py;cleanup_root_before:007db36a3788:3244:cleanup_20260506_final_code_artifact_cleanup/root_before_cleanup/experiments/run_significance_tests.py;cleanup_nested_reviewer_artifact:007db36a3788:3244:cleanup_20260506_final_code_artifact_cleanup/root_before_cleanup/submission_package/neurips2026_reviewer_artifact_anonymous/experiments/run_significance_tests.py;submitted_git_worktree:007db36a3788:3244:rag-hallucination-detection_main/experiments/run_significance_tests.py
experiments/run_subchunk_sensitivity.py,4,1,cleanup_prior_reviewer_snapshot:e96fa814857f:9915:cleanup_20260506_final_code_artifact_cleanup/prior_reviewer_artifact_snapshot/experiments/run_subchunk_sensitivity.py;cleanup_root_before:e96fa814857f:9915:cleanup_20260506_final_code_artifact_cleanup/root_before_cleanup/experiments/run_subchunk_sensitivity.py;cleanup_nested_reviewer_artifact:e96fa814857f:9915:cleanup_20260506_final_code_artifact_cleanup/root_before_cleanup/submission_package/neurips2026_reviewer_artifact_anonymous/experiments/run_subchunk_sensitivity.py;submitted_git_worktree:e96fa814857f:9915:rag-hallucination-detection_main/experiments/run_subchunk_sensitivity.py
experiments/run_synthetic_causal.py,4,1,cleanup_prior_reviewer_snapshot:70c8a2686e62:16081:cleanup_20260506_final_code_artifact_cleanup/prior_reviewer_artifact_snapshot/experiments/run_synthetic_causal.py;cleanup_root_before:70c8a2686e62:16081:cleanup_20260506_final_code_artifact_cleanup/root_before_cleanup/experiments/run_synthetic_causal.py;cleanup_nested_reviewer_artifact:70c8a2686e62:16081:cleanup_20260506_final_code_artifact_cleanup/root_before_cleanup/submission_package/neurips2026_reviewer_artifact_anonymous/experiments/run_synthetic_causal.py;submitted_git_worktree:70c8a2686e62:16081:rag-hallucination-detection_main/experiments/run_synthetic_causal.py
experiments/run_temperature_sensitivity.py,4,1,cleanup_prior_reviewer_snapshot:5599ce2b97f2:8745:cleanup_20260506_final_code_artifact_cleanup/prior_reviewer_artifact_snapshot/experiments/run_temperature_sensitivity.py;cleanup_root_before:5599ce2b97f2:8745:cleanup_20260506_final_code_artifact_cleanup/root_before_cleanup/experiments/run_temperature_sensitivity.py;cleanup_nested_reviewer_artifact:5599ce2b97f2:8745:cleanup_20260506_final_code_artifact_cleanup/root_before_cleanup/submission_package/neurips2026_reviewer_artifact_anonymous/experiments/run_temperature_sensitivity.py;submitted_git_worktree:5599ce2b97f2:8745:rag-hallucination-detection_main/experiments/run_temperature_sensitivity.py
experiments/run_threshold_sensitivity.py,4,1,cleanup_prior_reviewer_snapshot:ea09154bb7ad:4503:cleanup_20260506_final_code_artifact_cleanup/prior_reviewer_artifact_snapshot/experiments/run_threshold_sensitivity.py;cleanup_root_before:ea09154bb7ad:4503:cleanup_20260506_final_code_artifact_cleanup/root_before_cleanup/experiments/run_threshold_sensitivity.py;cleanup_nested_reviewer_artifact:ea09154bb7ad:4503:cleanup_20260506_final_code_artifact_cleanup/root_before_cleanup/submission_package/neurips2026_reviewer_artifact_anonymous/experiments/run_threshold_sensitivity.py;submitted_git_worktree:ea09154bb7ad:4503:rag-hallucination-detection_main/experiments/run_threshold_sensitivity.py
experiments/run_topk_sensitivity.py,4,1,cleanup_prior_reviewer_snapshot:2fb44599bcce:10557:cleanup_20260506_final_code_artifact_cleanup/prior_reviewer_artifact_snapshot/experiments/run_topk_sensitivity.py;cleanup_root_before:2fb44599bcce:10557:cleanup_20260506_final_code_artifact_cleanup/root_before_cleanup/experiments/run_topk_sensitivity.py;cleanup_nested_reviewer_artifact:2fb44599bcce:10557:cleanup_20260506_final_code_artifact_cleanup/root_before_cleanup/submission_package/neurips2026_reviewer_artifact_anonymous/experiments/run_topk_sensitivity.py;submitted_git_worktree:2fb44599bcce:10557:rag-hallucination-detection_main/experiments/run_topk_sensitivity.py
experiments/run_zeroshot_baseline.py,4,1,cleanup_prior_reviewer_snapshot:0bf4332d967b:3738:cleanup_20260506_final_code_artifact_cleanup/prior_reviewer_artifact_snapshot/experiments/run_zeroshot_baseline.py;cleanup_root_before:0bf4332d967b:3738:cleanup_20260506_final_code_artifact_cleanup/root_before_cleanup/experiments/run_zeroshot_baseline.py;cleanup_nested_reviewer_artifact:0bf4332d967b:3738:cleanup_20260506_final_code_artifact_cleanup/root_before_cleanup/submission_package/neurips2026_reviewer_artifact_anonymous/experiments/run_zeroshot_baseline.py;submitted_git_worktree:0bf4332d967b:3738:rag-hallucination-detection_main/experiments/run_zeroshot_baseline.py
experiments/train_mech_classifier.py,4,1,cleanup_prior_reviewer_snapshot:dcc01b0971c6:11062:cleanup_20260506_final_code_artifact_cleanup/prior_reviewer_artifact_snapshot/experiments/train_mech_classifier.py;cleanup_root_before:dcc01b0971c6:11062:cleanup_20260506_final_code_artifact_cleanup/root_before_cleanup/experiments/train_mech_classifier.py;cleanup_nested_reviewer_artifact:dcc01b0971c6:11062:cleanup_20260506_final_code_artifact_cleanup/root_before_cleanup/submission_package/neurips2026_reviewer_artifact_anonymous/experiments/train_mech_classifier.py;submitted_git_worktree:dcc01b0971c6:11062:rag-hallucination-detection_main/experiments/train_mech_classifier.py
human_eval_final/n100_disagreement/annotation_batch_disagreement_100.csv,3,1,cleanup_prior_reviewer_snapshot:83ac395bdce1:171192:cleanup_20260506_final_code_artifact_cleanup/prior_reviewer_artifact_snapshot/human_eval_final/n100_disagreement/annotation_batch_disagreement_100.csv;cleanup_nested_reviewer_artifact:83ac395bdce1:171192:cleanup_20260506_final_code_artifact_cleanup/root_before_cleanup/submission_package/neurips2026_reviewer_artifact_anonymous/human_eval_final/n100_disagreement/annotation_batch_disagreement_100.csv;submitted_git_worktree:83ac395bdce1:171192:rag-hallucination-detection_main/human_eval_final/n100_disagreement/annotation_batch_disagreement_100.csv
human_eval_final/n100_disagreement/annotation_batch_disagreement_PREANNOTATION.csv,3,1,cleanup_prior_reviewer_snapshot:443933634f14:165465:cleanup_20260506_final_code_artifact_cleanup/prior_reviewer_artifact_snapshot/human_eval_final/n100_disagreement/annotation_batch_disagreement_PREANNOTATION.csv;cleanup_nested_reviewer_artifact:443933634f14:165465:cleanup_20260506_final_code_artifact_cleanup/root_before_cleanup/submission_package/neurips2026_reviewer_artifact_anonymous/human_eval_final/n100_disagreement/annotation_batch_disagreement_PREANNOTATION.csv;submitted_git_worktree:443933634f14:165465:rag-hallucination-detection_main/human_eval_final/n100_disagreement/annotation_batch_disagreement_PREANNOTATION.csv
human_eval_final/n100_disagreement/batch_composition.csv,3,1,cleanup_prior_reviewer_snapshot:724bd0c412b9:221:cleanup_20260506_final_code_artifact_cleanup/prior_reviewer_artifact_snapshot/human_eval_final/n100_disagreement/batch_composition.csv;cleanup_nested_reviewer_artifact:724bd0c412b9:221:cleanup_20260506_final_code_artifact_cleanup/root_before_cleanup/submission_package/neurips2026_reviewer_artifact_anonymous/human_eval_final/n100_disagreement/batch_composition.csv;submitted_git_worktree:724bd0c412b9:221:rag-hallucination-detection_main/human_eval_final/n100_disagreement/batch_composition.csv
human_eval_final/n100_disagreement/human_disagreement_agreement.csv,3,1,cleanup_prior_reviewer_snapshot:70ec535d074d:104:cleanup_20260506_final_code_artifact_cleanup/prior_reviewer_artifact_snapshot/human_eval_final/n100_disagreement/human_disagreement_agreement.csv;cleanup_nested_reviewer_artifact:70ec535d074d:104:cleanup_20260506_final_code_artifact_cleanup/root_before_cleanup/submission_package/neurips2026_reviewer_artifact_anonymous/human_eval_final/n100_disagreement/human_disagreement_agreement.csv;submitted_git_worktree:70ec535d074d:104:rag-hallucination-detection_main/human_eval_final/n100_disagreement/human_disagreement_agreement.csv
human_eval_final/n100_disagreement/human_disagreement_auroc_auprc.csv,3,1,cleanup_prior_reviewer_snapshot:4dcd47bc55d2:238:cleanup_20260506_final_code_artifact_cleanup/prior_reviewer_artifact_snapshot/human_eval_final/n100_disagreement/human_disagreement_auroc_auprc.csv;cleanup_nested_reviewer_artifact:4dcd47bc55d2:238:cleanup_20260506_final_code_artifact_cleanup/root_before_cleanup/submission_package/neurips2026_reviewer_artifact_anonymous/human_eval_final/n100_disagreement/human_disagreement_auroc_auprc.csv;submitted_git_worktree:4dcd47bc55d2:238:rag-hallucination-detection_main/human_eval_final/n100_disagreement/human_disagreement_auroc_auprc.csv
human_eval_final/n100_disagreement/human_disagreement_bootstrap_cis.csv,3,1,cleanup_prior_reviewer_snapshot:5d3a329634f3:1789:cleanup_20260506_final_code_artifact_cleanup/prior_reviewer_artifact_snapshot/human_eval_final/n100_disagreement/human_disagreement_bootstrap_cis.csv;cleanup_nested_reviewer_artifact:5d3a329634f3:1789:cleanup_20260506_final_code_artifact_cleanup/root_before_cleanup/submission_package/neurips2026_reviewer_artifact_anonymous/human_eval_final/n100_disagreement/human_disagreement_bootstrap_cis.csv;submitted_git_worktree:5d3a329634f3:1789:rag-hallucination-detection_main/human_eval_final/n100_disagreement/human_disagreement_bootstrap_cis.csv
human_eval_final/n100_disagreement/human_disagreement_correlations.csv,3,1,cleanup_prior_reviewer_snapshot:81483a9a8c17:991:cleanup_20260506_final_code_artifact_cleanup/prior_reviewer_artifact_snapshot/human_eval_final/n100_disagreement/human_disagreement_correlations.csv;cleanup_nested_reviewer_artifact:81483a9a8c17:991:cleanup_20260506_final_code_artifact_cleanup/root_before_cleanup/submission_package/neurips2026_reviewer_artifact_anonymous/human_eval_final/n100_disagreement/human_disagreement_correlations.csv;submitted_git_worktree:81483a9a8c17:991:rag-hallucination-detection_main/human_eval_final/n100_disagreement/human_disagreement_correlations.csv
human_eval_final/n100_disagreement/human_disagreement_label_distribution.csv,3,1,cleanup_prior_reviewer_snapshot:bdba47db5e80:353:cleanup_20260506_final_code_artifact_cleanup/prior_reviewer_artifact_snapshot/human_eval_final/n100_disagreement/human_disagreement_label_distribution.csv;cleanup_nested_reviewer_artifact:bdba47db5e80:353:cleanup_20260506_final_code_artifact_cleanup/root_before_cleanup/submission_package/neurips2026_reviewer_artifact_anonymous/human_eval_final/n100_disagreement/human_disagreement_label_distribution.csv;submitted_git_worktree:bdba47db5e80:353:rag-hallucination-detection_main/human_eval_final/n100_disagreement/human_disagreement_label_distribution.csv
human_eval_final/n100_disagreement/human_disagreement_summary.csv,3,1,cleanup_prior_reviewer_snapshot:9571334a1743:226:cleanup_20260506_final_code_artifact_cleanup/prior_reviewer_artifact_snapshot/human_eval_final/n100_disagreement/human_disagreement_summary.csv;cleanup_nested_reviewer_artifact:9571334a1743:226:cleanup_20260506_final_code_artifact_cleanup/root_before_cleanup/submission_package/neurips2026_reviewer_artifact_anonymous/human_eval_final/n100_disagreement/human_disagreement_summary.csv;submitted_git_worktree:9571334a1743:226:rag-hallucination-detection_main/human_eval_final/n100_disagreement/human_disagreement_summary.csv
human_eval_final/n100_disagreement/human_eval_adjudicated.csv,3,1,cleanup_prior_reviewer_snapshot:f0d797dc4cf3:166371:cleanup_20260506_final_code_artifact_cleanup/prior_reviewer_artifact_snapshot/human_eval_final/n100_disagreement/human_eval_adjudicated.csv;cleanup_nested_reviewer_artifact:f0d797dc4cf3:166371:cleanup_20260506_final_code_artifact_cleanup/root_before_cleanup/submission_package/neurips2026_reviewer_artifact_anonymous/human_eval_final/n100_disagreement/human_eval_adjudicated.csv;submitted_git_worktree:f0d797dc4cf3:166371:rag-hallucination-detection_main/human_eval_final/n100_disagreement/human_eval_adjudicated.csv
human_eval_final/n100_disagreement/human_eval_adjudication_template.csv,3,1,cleanup_prior_reviewer_snapshot:f0d797dc4cf3:166371:cleanup_20260506_final_code_artifact_cleanup/prior_reviewer_artifact_snapshot/human_eval_final/n100_disagreement/human_eval_adjudication_template.csv;cleanup_nested_reviewer_artifact:f0d797dc4cf3:166371:cleanup_20260506_final_code_artifact_cleanup/root_before_cleanup/submission_package/neurips2026_reviewer_artifact_anonymous/human_eval_final/n100_disagreement/human_eval_adjudication_template.csv;submitted_git_worktree:f0d797dc4cf3:166371:rag-hallucination-detection_main/human_eval_final/n100_disagreement/human_eval_adjudication_template.csv
human_eval_final/n100_disagreement/human_eval_rater1.csv,3,1,cleanup_prior_reviewer_snapshot:29cf4abdc69d:159944:cleanup_20260506_final_code_artifact_cleanup/prior_reviewer_artifact_snapshot/human_eval_final/n100_disagreement/human_eval_rater1.csv;cleanup_nested_reviewer_artifact:29cf4abdc69d:159944:cleanup_20260506_final_code_artifact_cleanup/root_before_cleanup/submission_package/neurips2026_reviewer_artifact_anonymous/human_eval_final/n100_disagreement/human_eval_rater1.csv;submitted_git_worktree:29cf4abdc69d:159944:rag-hallucination-detection_main/human_eval_final/n100_disagreement/human_eval_rater1.csv
human_eval_final/n100_disagreement/human_eval_rater2.csv,3,1,cleanup_prior_reviewer_snapshot:60f59d26b2f6:159734:cleanup_20260506_final_code_artifact_cleanup/prior_reviewer_artifact_snapshot/human_eval_final/n100_disagreement/human_eval_rater2.csv;cleanup_nested_reviewer_artifact:60f59d26b2f6:159734:cleanup_20260506_final_code_artifact_cleanup/root_before_cleanup/submission_package/neurips2026_reviewer_artifact_anonymous/human_eval_final/n100_disagreement/human_eval_rater2.csv;submitted_git_worktree:60f59d26b2f6:159734:rag-hallucination-detection_main/human_eval_final/n100_disagreement/human_eval_rater2.csv
human_eval_final/n100_disagreement/missing_human_labels_report.md,3,1,cleanup_prior_reviewer_snapshot:8277258e6a98:680:cleanup_20260506_final_code_artifact_cleanup/prior_reviewer_artifact_snapshot/human_eval_final/n100_disagreement/missing_human_labels_report.md;cleanup_nested_reviewer_artifact:8277258e6a98:680:cleanup_20260506_final_code_artifact_cleanup/root_before_cleanup/submission_package/neurips2026_reviewer_artifact_anonymous/human_eval_final/n100_disagreement/missing_human_labels_report.md;submitted_git_worktree:8277258e6a98:680:rag-hallucination-detection_main/human_eval_final/n100_disagreement/missing_human_labels_report.md
human_eval_final/n100_disagreement/scorer_score_summary.csv,3,1,cleanup_prior_reviewer_snapshot:6867bbac0855:212:cleanup_20260506_final_code_artifact_cleanup/prior_reviewer_artifact_snapshot/human_eval_final/n100_disagreement/scorer_score_summary.csv;cleanup_nested_reviewer_artifact:6867bbac0855:212:cleanup_20260506_final_code_artifact_cleanup/root_before_cleanup/submission_package/neurips2026_reviewer_artifact_anonymous/human_eval_final/n100_disagreement/scorer_score_summary.csv;submitted_git_worktree:6867bbac0855:212:rag-hallucination-detection_main/human_eval_final/n100_disagreement/scorer_score_summary.csv
human_eval_final/n99_calibration/bootstrap_correlation_cis.csv,3,1,cleanup_prior_reviewer_snapshot:2454083c0148:1597:cleanup_20260506_final_code_artifact_cleanup/prior_reviewer_artifact_snapshot/human_eval_final/n99_calibration/bootstrap_correlation_cis.csv;cleanup_nested_reviewer_artifact:2454083c0148:1597:cleanup_20260506_final_code_artifact_cleanup/root_before_cleanup/submission_package/neurips2026_reviewer_artifact_anonymous/human_eval_final/n99_calibration/bootstrap_correlation_cis.csv;submitted_git_worktree:2454083c0148:1597:rag-hallucination-detection_main/human_eval_final/n99_calibration/bootstrap_correlation_cis.csv
human_eval_final/n99_calibration/human_eval_adjudicated.csv,3,1,cleanup_prior_reviewer_snapshot:872b89ca3896:165619:cleanup_20260506_final_code_artifact_cleanup/prior_reviewer_artifact_snapshot/human_eval_final/n99_calibration/human_eval_adjudicated.csv;cleanup_nested_reviewer_artifact:872b89ca3896:165619:cleanup_20260506_final_code_artifact_cleanup/root_before_cleanup/submission_package/neurips2026_reviewer_artifact_anonymous/human_eval_final/n99_calibration/human_eval_adjudicated.csv;submitted_git_worktree:872b89ca3896:165619:rag-hallucination-detection_main/human_eval_final/n99_calibration/human_eval_adjudicated.csv
human_eval_final/n99_calibration/human_eval_correlations.csv,3,1,cleanup_prior_reviewer_snapshot:d7a894f84ef6:236:cleanup_20260506_final_code_artifact_cleanup/prior_reviewer_artifact_snapshot/human_eval_final/n99_calibration/human_eval_correlations.csv;cleanup_nested_reviewer_artifact:d7a894f84ef6:236:cleanup_20260506_final_code_artifact_cleanup/root_before_cleanup/submission_package/neurips2026_reviewer_artifact_anonymous/human_eval_final/n99_calibration/human_eval_correlations.csv;submitted_git_worktree:d7a894f84ef6:236:rag-hallucination-detection_main/human_eval_final/n99_calibration/human_eval_correlations.csv
human_eval_final/n99_calibration/human_eval_label_distribution.csv,3,1,cleanup_prior_reviewer_snapshot:41df52b11569:104:cleanup_20260506_final_code_artifact_cleanup/prior_reviewer_artifact_snapshot/human_eval_final/n99_calibration/human_eval_label_distribution.csv;cleanup_nested_reviewer_artifact:41df52b11569:104:cleanup_20260506_final_code_artifact_cleanup/root_before_cleanup/submission_package/neurips2026_reviewer_artifact_anonymous/human_eval_final/n99_calibration/human_eval_label_distribution.csv;submitted_git_worktree:41df52b11569:104:rag-hallucination-detection_main/human_eval_final/n99_calibration/human_eval_label_distribution.csv
human_eval_final/n99_calibration/human_eval_n99_with_context.csv,3,1,cleanup_prior_reviewer_snapshot:20abee130659:156850:cleanup_20260506_final_code_artifact_cleanup/prior_reviewer_artifact_snapshot/human_eval_final/n99_calibration/human_eval_n99_with_context.csv;cleanup_nested_reviewer_artifact:20abee130659:156850:cleanup_20260506_final_code_artifact_cleanup/root_before_cleanup/submission_package/neurips2026_reviewer_artifact_anonymous/human_eval_final/n99_calibration/human_eval_n99_with_context.csv;submitted_git_worktree:20abee130659:156850:rag-hallucination-detection_main/human_eval_final/n99_calibration/human_eval_n99_with_context.csv
human_eval_final/n99_calibration/human_eval_summary.csv,3,1,cleanup_prior_reviewer_snapshot:db4ffc9cc343:167:cleanup_20260506_final_code_artifact_cleanup/prior_reviewer_artifact_snapshot/human_eval_final/n99_calibration/human_eval_summary.csv;cleanup_nested_reviewer_artifact:db4ffc9cc343:167:cleanup_20260506_final_code_artifact_cleanup/root_before_cleanup/submission_package/neurips2026_reviewer_artifact_anonymous/human_eval_final/n99_calibration/human_eval_summary.csv;submitted_git_worktree:db4ffc9cc343:167:rag-hallucination-detection_main/human_eval_final/n99_calibration/human_eval_summary.csv
human_eval_final/n99_calibration/human_eval_verification.csv,3,1,cleanup_prior_reviewer_snapshot:636afc1d68ce:398:cleanup_20260506_final_code_artifact_cleanup/prior_reviewer_artifact_snapshot/human_eval_final/n99_calibration/human_eval_verification.csv;cleanup_nested_reviewer_artifact:636afc1d68ce:398:cleanup_20260506_final_code_artifact_cleanup/root_before_cleanup/submission_package/neurips2026_reviewer_artifact_anonymous/human_eval_final/n99_calibration/human_eval_verification.csv;submitted_git_worktree:636afc1d68ce:398:rag-hallucination-detection_main/human_eval_final/n99_calibration/human_eval_verification.csv
requirements.txt,3,1,cleanup_prior_reviewer_snapshot:8cfba397b315:62:cleanup_20260506_final_code_artifact_cleanup/prior_reviewer_artifact_snapshot/requirements.txt;cleanup_nested_reviewer_artifact:8cfba397b315:62:cleanup_20260506_final_code_artifact_cleanup/root_before_cleanup/submission_package/neurips2026_reviewer_artifact_anonymous/requirements.txt;submitted_git_worktree:8cfba397b315:62:rag-hallucination-detection_main/requirements.txt
results/ablation_chunk1024_k3_cot.csv,3,1,cleanup_prior_reviewer_snapshot:b0e187ec1e11:4705:cleanup_20260506_final_code_artifact_cleanup/prior_reviewer_artifact_snapshot/results/ablation_chunk1024_k3_cot.csv;cleanup_root_before:b0e187ec1e11:4705:cleanup_20260506_final_code_artifact_cleanup/root_before_cleanup/results/ablation_chunk1024_k3_cot.csv;cleanup_nested_reviewer_artifact:b0e187ec1e11:4705:cleanup_20260506_final_code_artifact_cleanup/root_before_cleanup/submission_package/neurips2026_reviewer_artifact_anonymous/results/ablation_chunk1024_k3_cot.csv
results/ablation_chunk1024_k3_cot_scores.csv,3,1,cleanup_prior_reviewer_snapshot:38d0d8427826:104:cleanup_20260506_final_code_artifact_cleanup/prior_reviewer_artifact_snapshot/results/ablation_chunk1024_k3_cot_scores.csv;cleanup_root_before:38d0d8427826:104:cleanup_20260506_final_code_artifact_cleanup/root_before_cleanup/results/ablation_chunk1024_k3_cot_scores.csv;cleanup_nested_reviewer_artifact:38d0d8427826:104:cleanup_20260506_final_code_artifact_cleanup/root_before_cleanup/submission_package/neurips2026_reviewer_artifact_anonymous/results/ablation_chunk1024_k3_cot_scores.csv
results/ablation_chunk1024_k3_strict.csv,3,1,cleanup_prior_reviewer_snapshot:417164c3fa20:4524:cleanup_20260506_final_code_artifact_cleanup/prior_reviewer_artifact_snapshot/results/ablation_chunk1024_k3_strict.csv;cleanup_root_before:417164c3fa20:4524:cleanup_20260506_final_code_artifact_cleanup/root_before_cleanup/results/ablation_chunk1024_k3_strict.csv;cleanup_nested_reviewer_artifact:417164c3fa20:4524:cleanup_20260506_final_code_artifact_cleanup/root_before_cleanup/submission_package/neurips2026_reviewer_artifact_anonymous/results/ablation_chunk1024_k3_strict.csv
results/ablation_chunk1024_k3_strict_scores.csv,3,1,cleanup_prior_reviewer_snapshot:c686b598514a:110:cleanup_20260506_final_code_artifact_cleanup/prior_reviewer_artifact_snapshot/results/ablation_chunk1024_k3_strict_scores.csv;cleanup_root_before:c686b598514a:110:cleanup_20260506_final_code_artifact_cleanup/root_before_cleanup/results/ablation_chunk1024_k3_strict_scores.csv;cleanup_nested_reviewer_artifact:c686b598514a:110:cleanup_20260506_final_code_artifact_cleanup/root_before_cleanup/submission_package/neurips2026_reviewer_artifact_anonymous/results/ablation_chunk1024_k3_strict_scores.csv
results/ablation_chunk1024_k5_cot.csv,3,1,cleanup_prior_reviewer_snapshot:2e23adfb2d25:4433:cleanup_20260506_final_code_artifact_cleanup/prior_reviewer_artifact_snapshot/results/ablation_chunk1024_k5_cot.csv;cleanup_root_before:2e23adfb2d25:4433:cleanup_20260506_final_code_artifact_cleanup/root_before_cleanup/results/ablation_chunk1024_k5_cot.csv;cleanup_nested_reviewer_artifact:2e23adfb2d25:4433:cleanup_20260506_final_code_artifact_cleanup/root_before_cleanup/submission_package/neurips2026_reviewer_artifact_anonymous/results/ablation_chunk1024_k5_cot.csv
results/ablation_chunk1024_k5_cot_scores.csv,3,1,cleanup_prior_reviewer_snapshot:7a2e1864e482:107:cleanup_20260506_final_code_artifact_cleanup/prior_reviewer_artifact_snapshot/results/ablation_chunk1024_k5_cot_scores.csv;cleanup_root_before:7a2e1864e482:107:cleanup_20260506_final_code_artifact_cleanup/root_before_cleanup/results/ablation_chunk1024_k5_cot_scores.csv;cleanup_nested_reviewer_artifact:7a2e1864e482:107:cleanup_20260506_final_code_artifact_cleanup/root_before_cleanup/submission_package/neurips2026_reviewer_artifact_anonymous/results/ablation_chunk1024_k5_cot_scores.csv
results/ablation_chunk1024_k5_strict.csv,3,1,cleanup_prior_reviewer_snapshot:b2eda0aa9347:4554:cleanup_20260506_final_code_artifact_cleanup/prior_reviewer_artifact_snapshot/results/ablation_chunk1024_k5_strict.csv;cleanup_root_before:b2eda0aa9347:4554:cleanup_20260506_final_code_artifact_cleanup/root_before_cleanup/results/ablation_chunk1024_k5_strict.csv;cleanup_nested_reviewer_artifact:b2eda0aa9347:4554:cleanup_20260506_final_code_artifact_cleanup/root_before_cleanup/submission_package/neurips2026_reviewer_artifact_anonymous/results/ablation_chunk1024_k5_strict.csv
results/ablation_chunk1024_k5_strict_scores.csv,3,1,cleanup_prior_reviewer_snapshot:24eef0f691ac:110:cleanup_20260506_final_code_artifact_cleanup/prior_reviewer_artifact_snapshot/results/ablation_chunk1024_k5_strict_scores.csv;cleanup_root_before:24eef0f691ac:110:cleanup_20260506_final_code_artifact_cleanup/root_before_cleanup/results/ablation_chunk1024_k5_strict_scores.csv;cleanup_nested_reviewer_artifact:24eef0f691ac:110:cleanup_20260506_final_code_artifact_cleanup/root_before_cleanup/submission_package/neurips2026_reviewer_artifact_anonymous/results/ablation_chunk1024_k5_strict_scores.csv
results/ablation_chunk256_k3_cot.csv,3,1,cleanup_prior_reviewer_snapshot:10a6dc8d069f:7284:cleanup_20260506_final_code_artifact_cleanup/prior_reviewer_artifact_snapshot/results/ablation_chunk256_k3_cot.csv;cleanup_root_before:10a6dc8d069f:7284:cleanup_20260506_final_code_artifact_cleanup/root_before_cleanup/results/ablation_chunk256_k3_cot.csv;cleanup_nested_reviewer_artifact:10a6dc8d069f:7284:cleanup_20260506_final_code_artifact_cleanup/root_before_cleanup/submission_package/neurips2026_reviewer_artifact_anonymous/results/ablation_chunk256_k3_cot.csv
results/ablation_chunk256_k3_cot_scores.csv,3,1,cleanup_prior_reviewer_snapshot:1547da2da275:106:cleanup_20260506_final_code_artifact_cleanup/prior_reviewer_artifact_snapshot/results/ablation_chunk256_k3_cot_scores.csv;cleanup_root_before:1547da2da275:106:cleanup_20260506_final_code_artifact_cleanup/root_before_cleanup/results/ablation_chunk256_k3_cot_scores.csv;cleanup_nested_reviewer_artifact:1547da2da275:106:cleanup_20260506_final_code_artifact_cleanup/root_before_cleanup/submission_package/neurips2026_reviewer_artifact_anonymous/results/ablation_chunk256_k3_cot_scores.csv
results/ablation_chunk256_k3_strict.csv,3,1,cleanup_prior_reviewer_snapshot:4dd212a79d1f:7056:cleanup_20260506_final_code_artifact_cleanup/prior_reviewer_artifact_snapshot/results/ablation_chunk256_k3_strict.csv;cleanup_root_before:4dd212a79d1f:7056:cleanup_20260506_final_code_artifact_cleanup/root_before_cleanup/results/ablation_chunk256_k3_strict.csv;cleanup_nested_reviewer_artifact:4dd212a79d1f:7056:cleanup_20260506_final_code_artifact_cleanup/root_before_cleanup/submission_package/neurips2026_reviewer_artifact_anonymous/results/ablation_chunk256_k3_strict.csv
results/ablation_chunk256_k3_strict_scores.csv,3,1,cleanup_prior_reviewer_snapshot:2172eb8eac18:106:cleanup_20260506_final_code_artifact_cleanup/prior_reviewer_artifact_snapshot/results/ablation_chunk256_k3_strict_scores.csv;cleanup_root_before:2172eb8eac18:106:cleanup_20260506_final_code_artifact_cleanup/root_before_cleanup/results/ablation_chunk256_k3_strict_scores.csv;cleanup_nested_reviewer_artifact:2172eb8eac18:106:cleanup_20260506_final_code_artifact_cleanup/root_before_cleanup/submission_package/neurips2026_reviewer_artifact_anonymous/results/ablation_chunk256_k3_strict_scores.csv
results/ablation_chunk256_k5_cot.csv,3,1,cleanup_prior_reviewer_snapshot:5fde216f5d66:6329:cleanup_20260506_final_code_artifact_cleanup/prior_reviewer_artifact_snapshot/results/ablation_chunk256_k5_cot.csv;cleanup_root_before:5fde216f5d66:6329:cleanup_20260506_final_code_artifact_cleanup/root_before_cleanup/results/ablation_chunk256_k5_cot.csv;cleanup_nested_reviewer_artifact:5fde216f5d66:6329:cleanup_20260506_final_code_artifact_cleanup/root_before_cleanup/submission_package/neurips2026_reviewer_artifact_anonymous/results/ablation_chunk256_k5_cot.csv
results/ablation_chunk256_k5_cot_scores.csv,3,1,cleanup_prior_reviewer_snapshot:0482a8cbb119:103:cleanup_20260506_final_code_artifact_cleanup/prior_reviewer_artifact_snapshot/results/ablation_chunk256_k5_cot_scores.csv;cleanup_root_before:0482a8cbb119:103:cleanup_20260506_final_code_artifact_cleanup/root_before_cleanup/results/ablation_chunk256_k5_cot_scores.csv;cleanup_nested_reviewer_artifact:0482a8cbb119:103:cleanup_20260506_final_code_artifact_cleanup/root_before_cleanup/submission_package/neurips2026_reviewer_artifact_anonymous/results/ablation_chunk256_k5_cot_scores.csv
results/ablation_chunk256_k5_strict.csv,3,1,cleanup_prior_reviewer_snapshot:8f59d6cf0d4f:6447:cleanup_20260506_final_code_artifact_cleanup/prior_reviewer_artifact_snapshot/results/ablation_chunk256_k5_strict.csv;cleanup_root_before:8f59d6cf0d4f:6447:cleanup_20260506_final_code_artifact_cleanup/root_before_cleanup/results/ablation_chunk256_k5_strict.csv;cleanup_nested_reviewer_artifact:8f59d6cf0d4f:6447:cleanup_20260506_final_code_artifact_cleanup/root_before_cleanup/submission_package/neurips2026_reviewer_artifact_anonymous/results/ablation_chunk256_k5_strict.csv
results/ablation_chunk256_k5_strict_scores.csv,3,1,cleanup_prior_reviewer_snapshot:d29717892cc4:106:cleanup_20260506_final_code_artifact_cleanup/prior_reviewer_artifact_snapshot/results/ablation_chunk256_k5_strict_scores.csv;cleanup_root_before:d29717892cc4:106:cleanup_20260506_final_code_artifact_cleanup/root_before_cleanup/results/ablation_chunk256_k5_strict_scores.csv;cleanup_nested_reviewer_artifact:d29717892cc4:106:cleanup_20260506_final_code_artifact_cleanup/root_before_cleanup/submission_package/neurips2026_reviewer_artifact_anonymous/results/ablation_chunk256_k5_strict_scores.csv
results/ablation_chunk512_k3_cot.csv,3,1,cleanup_prior_reviewer_snapshot:664f4e949727:5141:cleanup_20260506_final_code_artifact_cleanup/prior_reviewer_artifact_snapshot/results/ablation_chunk512_k3_cot.csv;cleanup_root_before:664f4e949727:5141:cleanup_20260506_final_code_artifact_cleanup/root_before_cleanup/results/ablation_chunk512_k3_cot.csv;cleanup_nested_reviewer_artifact:664f4e949727:5141:cleanup_20260506_final_code_artifact_cleanup/root_before_cleanup/submission_package/neurips2026_reviewer_artifact_anonymous/results/ablation_chunk512_k3_cot.csv
results/ablation_chunk512_k3_cot_scores.csv,3,1,cleanup_prior_reviewer_snapshot:3a5773e593db:103:cleanup_20260506_final_code_artifact_cleanup/prior_reviewer_artifact_snapshot/results/ablation_chunk512_k3_cot_scores.csv;cleanup_root_before:3a5773e593db:103:cleanup_20260506_final_code_artifact_cleanup/root_before_cleanup/results/ablation_chunk512_k3_cot_scores.csv;cleanup_nested_reviewer_artifact:3a5773e593db:103:cleanup_20260506_final_code_artifact_cleanup/root_before_cleanup/submission_package/neurips2026_reviewer_artifact_anonymous/results/ablation_chunk512_k3_cot_scores.csv
results/ablation_chunk512_k3_strict.csv,3,1,cleanup_prior_reviewer_snapshot:16b4afbb4a71:5170:cleanup_20260506_final_code_artifact_cleanup/prior_reviewer_artifact_snapshot/results/ablation_chunk512_k3_strict.csv;cleanup_root_before:16b4afbb4a71:5170:cleanup_20260506_final_code_artifact_cleanup/root_before_cleanup/results/ablation_chunk512_k3_strict.csv;cleanup_nested_reviewer_artifact:16b4afbb4a71:5170:cleanup_20260506_final_code_artifact_cleanup/root_before_cleanup/submission_package/neurips2026_reviewer_artifact_anonymous/results/ablation_chunk512_k3_strict.csv
results/ablation_chunk512_k3_strict_scores.csv,3,1,cleanup_prior_reviewer_snapshot:628a1e91d51c:106:cleanup_20260506_final_code_artifact_cleanup/prior_reviewer_artifact_snapshot/results/ablation_chunk512_k3_strict_scores.csv;cleanup_root_before:628a1e91d51c:106:cleanup_20260506_final_code_artifact_cleanup/root_before_cleanup/results/ablation_chunk512_k3_strict_scores.csv;cleanup_nested_reviewer_artifact:628a1e91d51c:106:cleanup_20260506_final_code_artifact_cleanup/root_before_cleanup/submission_package/neurips2026_reviewer_artifact_anonymous/results/ablation_chunk512_k3_strict_scores.csv
results/ablation_chunk512_k5_cot.csv,3,1,cleanup_prior_reviewer_snapshot:8b5b37f0552d:4982:cleanup_20260506_final_code_artifact_cleanup/prior_reviewer_artifact_snapshot/results/ablation_chunk512_k5_cot.csv;cleanup_root_before:8b5b37f0552d:4982:cleanup_20260506_final_code_artifact_cleanup/root_before_cleanup/results/ablation_chunk512_k5_cot.csv;cleanup_nested_reviewer_artifact:8b5b37f0552d:4982:cleanup_20260506_final_code_artifact_cleanup/root_before_cleanup/submission_package/neurips2026_reviewer_artifact_anonymous/results/ablation_chunk512_k5_cot.csv
results/ablation_chunk512_k5_cot_scores.csv,3,1,cleanup_prior_reviewer_snapshot:3b2765a5f789:106:cleanup_20260506_final_code_artifact_cleanup/prior_reviewer_artifact_snapshot/results/ablation_chunk512_k5_cot_scores.csv;cleanup_root_before:3b2765a5f789:106:cleanup_20260506_final_code_artifact_cleanup/root_before_cleanup/results/ablation_chunk512_k5_cot_scores.csv;cleanup_nested_reviewer_artifact:3b2765a5f789:106:cleanup_20260506_final_code_artifact_cleanup/root_before_cleanup/submission_package/neurips2026_reviewer_artifact_anonymous/results/ablation_chunk512_k5_cot_scores.csv
results/ablation_chunk512_k5_strict.csv,3,1,cleanup_prior_reviewer_snapshot:920fff399240:5053:cleanup_20260506_final_code_artifact_cleanup/prior_reviewer_artifact_snapshot/results/ablation_chunk512_k5_strict.csv;cleanup_root_before:920fff399240:5053:cleanup_20260506_final_code_artifact_cleanup/root_before_cleanup/results/ablation_chunk512_k5_strict.csv;cleanup_nested_reviewer_artifact:920fff399240:5053:cleanup_20260506_final_code_artifact_cleanup/root_before_cleanup/submission_package/neurips2026_reviewer_artifact_anonymous/results/ablation_chunk512_k5_strict.csv
results/ablation_chunk512_k5_strict_scores.csv,3,1,cleanup_prior_reviewer_snapshot:b292e258204e:109:cleanup_20260506_final_code_artifact_cleanup/prior_reviewer_artifact_snapshot/results/ablation_chunk512_k5_strict_scores.csv;cleanup_root_before:b292e258204e:109:cleanup_20260506_final_code_artifact_cleanup/root_before_cleanup/results/ablation_chunk512_k5_strict_scores.csv;cleanup_nested_reviewer_artifact:b292e258204e:109:cleanup_20260506_final_code_artifact_cleanup/root_before_cleanup/submission_package/neurips2026_reviewer_artifact_anonymous/results/ablation_chunk512_k5_strict_scores.csv
results/ablation_summary.csv,3,1,cleanup_prior_reviewer_snapshot:598ad95a7abe:407:cleanup_20260506_final_code_artifact_cleanup/prior_reviewer_artifact_snapshot/results/ablation_summary.csv;cleanup_root_before:598ad95a7abe:407:cleanup_20260506_final_code_artifact_cleanup/root_before_cleanup/results/ablation_summary.csv;cleanup_nested_reviewer_artifact:598ad95a7abe:407:cleanup_20260506_final_code_artifact_cleanup/root_before_cleanup/submission_package/neurips2026_reviewer_artifact_anonymous/results/ablation_summary.csv
results/ablation_summary.json,3,1,cleanup_prior_reviewer_snapshot:2ba7b32942f8:1974:cleanup_20260506_final_code_artifact_cleanup/prior_reviewer_artifact_snapshot/results/ablation_summary.json;cleanup_root_before:2ba7b32942f8:1974:cleanup_20260506_final_code_artifact_cleanup/root_before_cleanup/results/ablation_summary.json;cleanup_nested_reviewer_artifact:2ba7b32942f8:1974:cleanup_20260506_final_code_artifact_cleanup/root_before_cleanup/submission_package/neurips2026_reviewer_artifact_anonymous/results/ablation_summary.json
results/adaptive/adaptive_vs_fixed_comparison.csv,3,1,cleanup_prior_reviewer_snapshot:80c7067a485f:1457:cleanup_20260506_final_code_artifact_cleanup/prior_reviewer_artifact_snapshot/results/adaptive/adaptive_vs_fixed_comparison.csv;cleanup_root_before:80c7067a485f:1457:cleanup_20260506_final_code_artifact_cleanup/root_before_cleanup/results/adaptive/adaptive_vs_fixed_comparison.csv;cleanup_nested_reviewer_artifact:80c7067a485f:1457:cleanup_20260506_final_code_artifact_cleanup/root_before_cleanup/submission_package/neurips2026_reviewer_artifact_anonymous/results/adaptive/adaptive_vs_fixed_comparison.csv
results/adaptive/pubmedqa_dynamic.csv,3,1,cleanup_prior_reviewer_snapshot:6b819d975c7f:27626:cleanup_20260506_final_code_artifact_cleanup/prior_reviewer_artifact_snapshot/results/adaptive/pubmedqa_dynamic.csv;cleanup_root_before:6b819d975c7f:27626:cleanup_20260506_final_code_artifact_cleanup/root_before_cleanup/results/adaptive/pubmedqa_dynamic.csv;cleanup_nested_reviewer_artifact:6b819d975c7f:27626:cleanup_20260506_final_code_artifact_cleanup/root_before_cleanup/submission_package/neurips2026_reviewer_artifact_anonymous/results/adaptive/pubmedqa_dynamic.csv
results/adaptive/pubmedqa_fixed_1024.csv,3,1,cleanup_prior_reviewer_snapshot:747d6bc93323:27968:cleanup_20260506_final_code_artifact_cleanup/prior_reviewer_artifact_snapshot/results/adaptive/pubmedqa_fixed_1024.csv;cleanup_root_before:747d6bc93323:27968:cleanup_20260506_final_code_artifact_cleanup/root_before_cleanup/results/adaptive/pubmedqa_fixed_1024.csv;cleanup_nested_reviewer_artifact:747d6bc93323:27968:cleanup_20260506_final_code_artifact_cleanup/root_before_cleanup/submission_package/neurips2026_reviewer_artifact_anonymous/results/adaptive/pubmedqa_fixed_1024.csv
results/adaptive/pubmedqa_fixed_256.csv,3,1,cleanup_prior_reviewer_snapshot:f3094eee555d:23361:cleanup_20260506_final_code_artifact_cleanup/prior_reviewer_artifact_snapshot/results/adaptive/pubmedqa_fixed_256.csv;cleanup_root_before:f3094eee555d:23361:cleanup_20260506_final_code_artifact_cleanup/root_before_cleanup/results/adaptive/pubmedqa_fixed_256.csv;cleanup_nested_reviewer_artifact:f3094eee555d:23361:cleanup_20260506_final_code_artifact_cleanup/root_before_cleanup/submission_package/neurips2026_reviewer_artifact_anonymous/results/adaptive/pubmedqa_fixed_256.csv
results/adaptive/pubmedqa_fixed_512.csv,3,1,cleanup_prior_reviewer_snapshot:53d5bf99c52d:27867:cleanup_20260506_final_code_artifact_cleanup/prior_reviewer_artifact_snapshot/results/adaptive/pubmedqa_fixed_512.csv;cleanup_root_before:53d5bf99c52d:27867:cleanup_20260506_final_code_artifact_cleanup/root_before_cleanup/results/adaptive/pubmedqa_fixed_512.csv;cleanup_nested_reviewer_artifact:53d5bf99c52d:27867:cleanup_20260506_final_code_artifact_cleanup/root_before_cleanup/submission_package/neurips2026_reviewer_artifact_anonymous/results/adaptive/pubmedqa_fixed_512.csv
results/adaptive/pubmedqa_semantic_loose.csv,3,1,cleanup_prior_reviewer_snapshot:bcb5ea80b63c:28998:cleanup_20260506_final_code_artifact_cleanup/prior_reviewer_artifact_snapshot/results/adaptive/pubmedqa_semantic_loose.csv;cleanup_root_before:bcb5ea80b63c:28998:cleanup_20260506_final_code_artifact_cleanup/root_before_cleanup/results/adaptive/pubmedqa_semantic_loose.csv;cleanup_nested_reviewer_artifact:bcb5ea80b63c:28998:cleanup_20260506_final_code_artifact_cleanup/root_before_cleanup/submission_package/neurips2026_reviewer_artifact_anonymous/results/adaptive/pubmedqa_semantic_loose.csv
results/adaptive/pubmedqa_semantic_tight.csv,3,1,cleanup_prior_reviewer_snapshot:937b78e9f1ea:27173:cleanup_20260506_final_code_artifact_cleanup/prior_reviewer_artifact_snapshot/results/adaptive/pubmedqa_semantic_tight.csv;cleanup_root_before:937b78e9f1ea:27173:cleanup_20260506_final_code_artifact_cleanup/root_before_cleanup/results/adaptive/pubmedqa_semantic_tight.csv;cleanup_nested_reviewer_artifact:937b78e9f1ea:27173:cleanup_20260506_final_code_artifact_cleanup/root_before_cleanup/submission_package/neurips2026_reviewer_artifact_anonymous/results/adaptive/pubmedqa_semantic_tight.csv
results/adaptive/squad_dynamic.csv,3,1,cleanup_prior_reviewer_snapshot:9dc7aa44995e:7856:cleanup_20260506_final_code_artifact_cleanup/prior_reviewer_artifact_snapshot/results/adaptive/squad_dynamic.csv;cleanup_root_before:9dc7aa44995e:7856:cleanup_20260506_final_code_artifact_cleanup/root_before_cleanup/results/adaptive/squad_dynamic.csv;cleanup_nested_reviewer_artifact:9dc7aa44995e:7856:cleanup_20260506_final_code_artifact_cleanup/root_before_cleanup/submission_package/neurips2026_reviewer_artifact_anonymous/results/adaptive/squad_dynamic.csv
results/adaptive/squad_fixed_1024.csv,3,1,cleanup_prior_reviewer_snapshot:5e40c50caffc:7661:cleanup_20260506_final_code_artifact_cleanup/prior_reviewer_artifact_snapshot/results/adaptive/squad_fixed_1024.csv;cleanup_root_before:5e40c50caffc:7661:cleanup_20260506_final_code_artifact_cleanup/root_before_cleanup/results/adaptive/squad_fixed_1024.csv;cleanup_nested_reviewer_artifact:5e40c50caffc:7661:cleanup_20260506_final_code_artifact_cleanup/root_before_cleanup/submission_package/neurips2026_reviewer_artifact_anonymous/results/adaptive/squad_fixed_1024.csv
results/adaptive/squad_fixed_256.csv,3,1,cleanup_prior_reviewer_snapshot:50c7cf3a6be9:10969:cleanup_20260506_final_code_artifact_cleanup/prior_reviewer_artifact_snapshot/results/adaptive/squad_fixed_256.csv;cleanup_root_before:50c7cf3a6be9:10969:cleanup_20260506_final_code_artifact_cleanup/root_before_cleanup/results/adaptive/squad_fixed_256.csv;cleanup_nested_reviewer_artifact:50c7cf3a6be9:10969:cleanup_20260506_final_code_artifact_cleanup/root_before_cleanup/submission_package/neurips2026_reviewer_artifact_anonymous/results/adaptive/squad_fixed_256.csv
results/adaptive/squad_fixed_512.csv,3,1,cleanup_prior_reviewer_snapshot:1f813c54741b:7684:cleanup_20260506_final_code_artifact_cleanup/prior_reviewer_artifact_snapshot/results/adaptive/squad_fixed_512.csv;cleanup_root_before:1f813c54741b:7684:cleanup_20260506_final_code_artifact_cleanup/root_before_cleanup/results/adaptive/squad_fixed_512.csv;cleanup_nested_reviewer_artifact:1f813c54741b:7684:cleanup_20260506_final_code_artifact_cleanup/root_before_cleanup/submission_package/neurips2026_reviewer_artifact_anonymous/results/adaptive/squad_fixed_512.csv
results/adaptive/squad_semantic_loose.csv,3,1,cleanup_prior_reviewer_snapshot:644ee92416c7:7289:cleanup_20260506_final_code_artifact_cleanup/prior_reviewer_artifact_snapshot/results/adaptive/squad_semantic_loose.csv;cleanup_root_before:644ee92416c7:7289:cleanup_20260506_final_code_artifact_cleanup/root_before_cleanup/results/adaptive/squad_semantic_loose.csv;cleanup_nested_reviewer_artifact:644ee92416c7:7289:cleanup_20260506_final_code_artifact_cleanup/root_before_cleanup/submission_package/neurips2026_reviewer_artifact_anonymous/results/adaptive/squad_semantic_loose.csv
results/adaptive/squad_semantic_tight.csv,3,1,cleanup_prior_reviewer_snapshot:a437cbcfd90d:7671:cleanup_20260506_final_code_artifact_cleanup/prior_reviewer_artifact_snapshot/results/adaptive/squad_semantic_tight.csv;cleanup_root_before:a437cbcfd90d:7671:cleanup_20260506_final_code_artifact_cleanup/root_before_cleanup/results/adaptive/squad_semantic_tight.csv;cleanup_nested_reviewer_artifact:a437cbcfd90d:7671:cleanup_20260506_final_code_artifact_cleanup/root_before_cleanup/submission_package/neurips2026_reviewer_artifact_anonymous/results/adaptive/squad_semantic_tight.csv
results/adaptive/summary.csv,3,1,cleanup_prior_reviewer_snapshot:9cf11e12b6fd:1457:cleanup_20260506_final_code_artifact_cleanup/prior_reviewer_artifact_snapshot/results/adaptive/summary.csv;cleanup_root_before:9cf11e12b6fd:1457:cleanup_20260506_final_code_artifact_cleanup/root_before_cleanup/results/adaptive/summary.csv;cleanup_nested_reviewer_artifact:9cf11e12b6fd:1457:cleanup_20260506_final_code_artifact_cleanup/root_before_cleanup/submission_package/neurips2026_reviewer_artifact_anonymous/results/adaptive/summary.csv
results/adaptive/summary.json,3,1,cleanup_prior_reviewer_snapshot:ef33f068551f:5091:cleanup_20260506_final_code_artifact_cleanup/prior_reviewer_artifact_snapshot/results/adaptive/summary.json;cleanup_root_before:ef33f068551f:5091:cleanup_20260506_final_code_artifact_cleanup/root_before_cleanup/results/adaptive/summary.json;cleanup_nested_reviewer_artifact:ef33f068551f:5091:cleanup_20260506_final_code_artifact_cleanup/root_before_cleanup/submission_package/neurips2026_reviewer_artifact_anonymous/results/adaptive/summary.json
results/all_results_summary.csv,3,1,cleanup_prior_reviewer_snapshot:3467621b0233:2935:cleanup_20260506_final_code_artifact_cleanup/prior_reviewer_artifact_snapshot/results/all_results_summary.csv;cleanup_root_before:3467621b0233:2935:cleanup_20260506_final_code_artifact_cleanup/root_before_cleanup/results/all_results_summary.csv;cleanup_nested_reviewer_artifact:3467621b0233:2935:cleanup_20260506_final_code_artifact_cleanup/root_before_cleanup/submission_package/neurips2026_reviewer_artifact_anonymous/results/all_results_summary.csv
results/all_results_summary.md,3,1,cleanup_prior_reviewer_snapshot:13a0259b2392:7960:cleanup_20260506_final_code_artifact_cleanup/prior_reviewer_artifact_snapshot/results/all_results_summary.md;cleanup_root_before:13a0259b2392:7960:cleanup_20260506_final_code_artifact_cleanup/root_before_cleanup/results/all_results_summary.md;cleanup_nested_reviewer_artifact:13a0259b2392:7960:cleanup_20260506_final_code_artifact_cleanup/root_before_cleanup/submission_package/neurips2026_reviewer_artifact_anonymous/results/all_results_summary.md
results/ccs_calibration/quintile_table.csv,3,1,cleanup_prior_reviewer_snapshot:2f3c7e3e655a:189:cleanup_20260506_final_code_artifact_cleanup/prior_reviewer_artifact_snapshot/results/ccs_calibration/quintile_table.csv;cleanup_root_before:2f3c7e3e655a:189:cleanup_20260506_final_code_artifact_cleanup/root_before_cleanup/results/ccs_calibration/quintile_table.csv;cleanup_nested_reviewer_artifact:2f3c7e3e655a:189:cleanup_20260506_final_code_artifact_cleanup/root_before_cleanup/submission_package/neurips2026_reviewer_artifact_anonymous/results/ccs_calibration/quintile_table.csv
results/coherence_analysis/condition_summary.csv,3,1,cleanup_prior_reviewer_snapshot:b284bf977db8:500:cleanup_20260506_final_code_artifact_cleanup/prior_reviewer_artifact_snapshot/results/coherence_analysis/condition_summary.csv;cleanup_root_before:b284bf977db8:500:cleanup_20260506_final_code_artifact_cleanup/root_before_cleanup/results/coherence_analysis/condition_summary.csv;cleanup_nested_reviewer_artifact:b284bf977db8:500:cleanup_20260506_final_code_artifact_cleanup/root_before_cleanup/submission_package/neurips2026_reviewer_artifact_anonymous/results/coherence_analysis/condition_summary.csv
results/coherence_analysis/correlations.csv,3,1,cleanup_prior_reviewer_snapshot:abf1c788151a:1399:cleanup_20260506_final_code_artifact_cleanup/prior_reviewer_artifact_snapshot/results/coherence_analysis/correlations.csv;cleanup_root_before:abf1c788151a:1399:cleanup_20260506_final_code_artifact_cleanup/root_before_cleanup/results/coherence_analysis/correlations.csv;cleanup_nested_reviewer_artifact:abf1c788151a:1399:cleanup_20260506_final_code_artifact_cleanup/root_before_cleanup/submission_package/neurips2026_reviewer_artifact_anonymous/results/coherence_analysis/correlations.csv
results/coherence_analysis/summary.md,3,1,cleanup_prior_reviewer_snapshot:2a414afe9b4d:2581:cleanup_20260506_final_code_artifact_cleanup/prior_reviewer_artifact_snapshot/results/coherence_analysis/summary.md;cleanup_root_before:2a414afe9b4d:2581:cleanup_20260506_final_code_artifact_cleanup/root_before_cleanup/results/coherence_analysis/summary.md;cleanup_nested_reviewer_artifact:2a414afe9b4d:2581:cleanup_20260506_final_code_artifact_cleanup/root_before_cleanup/submission_package/neurips2026_reviewer_artifact_anonymous/results/coherence_analysis/summary.md
results/coherence_heatmap/example_metadata.json,3,1,cleanup_prior_reviewer_snapshot:1829afb91b29:382:cleanup_20260506_final_code_artifact_cleanup/prior_reviewer_artifact_snapshot/results/coherence_heatmap/example_metadata.json;cleanup_root_before:1829afb91b29:382:cleanup_20260506_final_code_artifact_cleanup/root_before_cleanup/results/coherence_heatmap/example_metadata.json;cleanup_nested_reviewer_artifact:1829afb91b29:382:cleanup_20260506_final_code_artifact_cleanup/root_before_cleanup/submission_package/neurips2026_reviewer_artifact_anonymous/results/coherence_heatmap/example_metadata.json
results/confidence_calibration/correlations.csv,3,1,cleanup_prior_reviewer_snapshot:a66413ffe0c8:168:cleanup_20260506_final_code_artifact_cleanup/prior_reviewer_artifact_snapshot/results/confidence_calibration/correlations.csv;cleanup_root_before:a66413ffe0c8:168:cleanup_20260506_final_code_artifact_cleanup/root_before_cleanup/results/confidence_calibration/correlations.csv;cleanup_nested_reviewer_artifact:a66413ffe0c8:168:cleanup_20260506_final_code_artifact_cleanup/root_before_cleanup/submission_package/neurips2026_reviewer_artifact_anonymous/results/confidence_calibration/correlations.csv
results/confidence_calibration/quintile_table.csv,3,1,cleanup_prior_reviewer_snapshot:1d450022f827:205:cleanup_20260506_final_code_artifact_cleanup/prior_reviewer_artifact_snapshot/results/confidence_calibration/quintile_table.csv;cleanup_root_before:1d450022f827:205:cleanup_20260506_final_code_artifact_cleanup/root_before_cleanup/results/confidence_calibration/quintile_table.csv;cleanup_nested_reviewer_artifact:1d450022f827:205:cleanup_20260506_final_code_artifact_cleanup/root_before_cleanup/submission_package/neurips2026_reviewer_artifact_anonymous/results/confidence_calibration/quintile_table.csv
results/confidence_calibration/summary.md,3,1,cleanup_prior_reviewer_snapshot:f2d33fabfe7f:1390:cleanup_20260506_final_code_artifact_cleanup/prior_reviewer_artifact_snapshot/results/confidence_calibration/summary.md;cleanup_root_before:f2d33fabfe7f:1390:cleanup_20260506_final_code_artifact_cleanup/root_before_cleanup/results/confidence_calibration/summary.md;cleanup_nested_reviewer_artifact:f2d33fabfe7f:1390:cleanup_20260506_final_code_artifact_cleanup/root_before_cleanup/submission_package/neurips2026_reviewer_artifact_anonymous/results/confidence_calibration/summary.md
results/crossencoder_sensitivity/completed_tuples.json,3,1,cleanup_prior_reviewer_snapshot:2c63b6873bce:315:cleanup_20260506_final_code_artifact_cleanup/prior_reviewer_artifact_snapshot/results/crossencoder_sensitivity/completed_tuples.json;cleanup_root_before:2c63b6873bce:315:cleanup_20260506_final_code_artifact_cleanup/root_before_cleanup/results/crossencoder_sensitivity/completed_tuples.json;cleanup_nested_reviewer_artifact:2c63b6873bce:315:cleanup_20260506_final_code_artifact_cleanup/root_before_cleanup/submission_package/neurips2026_reviewer_artifact_anonymous/results/crossencoder_sensitivity/completed_tuples.json
results/crossencoder_sensitivity/paradox_by_ce.csv,3,1,cleanup_prior_reviewer_snapshot:66193f33dc1e:514:cleanup_20260506_final_code_artifact_cleanup/prior_reviewer_artifact_snapshot/results/crossencoder_sensitivity/paradox_by_ce.csv;cleanup_root_before:66193f33dc1e:514:cleanup_20260506_final_code_artifact_cleanup/root_before_cleanup/results/crossencoder_sensitivity/paradox_by_ce.csv;cleanup_nested_reviewer_artifact:66193f33dc1e:514:cleanup_20260506_final_code_artifact_cleanup/root_before_cleanup/submission_package/neurips2026_reviewer_artifact_anonymous/results/crossencoder_sensitivity/paradox_by_ce.csv
results/crossencoder_sensitivity/summary.csv,3,1,cleanup_prior_reviewer_snapshot:09ae6f79a6d4:1480:cleanup_20260506_final_code_artifact_cleanup/prior_reviewer_artifact_snapshot/results/crossencoder_sensitivity/summary.csv;cleanup_root_before:09ae6f79a6d4:1480:cleanup_20260506_final_code_artifact_cleanup/root_before_cleanup/results/crossencoder_sensitivity/summary.csv;cleanup_nested_reviewer_artifact:09ae6f79a6d4:1480:cleanup_20260506_final_code_artifact_cleanup/root_before_cleanup/submission_package/neurips2026_reviewer_artifact_anonymous/results/crossencoder_sensitivity/summary.csv
results/crossencoder_sensitivity/summary.md,3,1,cleanup_prior_reviewer_snapshot:de3454cf7ad8:1049:cleanup_20260506_final_code_artifact_cleanup/prior_reviewer_artifact_snapshot/results/crossencoder_sensitivity/summary.md;cleanup_root_before:de3454cf7ad8:1049:cleanup_20260506_final_code_artifact_cleanup/root_before_cleanup/results/crossencoder_sensitivity/summary.md;cleanup_nested_reviewer_artifact:de3454cf7ad8:1049:cleanup_20260506_final_code_artifact_cleanup/root_before_cleanup/submission_package/neurips2026_reviewer_artifact_anonymous/results/crossencoder_sensitivity/summary.md
results/deployment_figure/deployment_table.md,3,1,cleanup_prior_reviewer_snapshot:97348edca522:1840:cleanup_20260506_final_code_artifact_cleanup/prior_reviewer_artifact_snapshot/results/deployment_figure/deployment_table.md;cleanup_root_before:97348edca522:1840:cleanup_20260506_final_code_artifact_cleanup/root_before_cleanup/results/deployment_figure/deployment_table.md;cleanup_nested_reviewer_artifact:97348edca522:1840:cleanup_20260506_final_code_artifact_cleanup/root_before_cleanup/submission_package/neurips2026_reviewer_artifact_anonymous/results/deployment_figure/deployment_table.md
results/deployment_figure/latency_vs_faith.png,3,1,cleanup_prior_reviewer_snapshot:0ede072fc916:104646:cleanup_20260506_final_code_artifact_cleanup/prior_reviewer_artifact_snapshot/results/deployment_figure/latency_vs_faith.png;cleanup_root_before:0ede072fc916:104646:cleanup_20260506_final_code_artifact_cleanup/root_before_cleanup/results/deployment_figure/latency_vs_faith.png;cleanup_nested_reviewer_artifact:0ede072fc916:104646:cleanup_20260506_final_code_artifact_cleanup/root_before_cleanup/submission_package/neurips2026_reviewer_artifact_anonymous/results/deployment_figure/latency_vs_faith.png
results/deployment_figure/pareto_summary.csv,3,1,cleanup_prior_reviewer_snapshot:9ea264c75153:881:cleanup_20260506_final_code_artifact_cleanup/prior_reviewer_artifact_snapshot/results/deployment_figure/pareto_summary.csv;cleanup_root_before:9ea264c75153:881:cleanup_20260506_final_code_artifact_cleanup/root_before_cleanup/results/deployment_figure/pareto_summary.csv;cleanup_nested_reviewer_artifact:9ea264c75153:881:cleanup_20260506_final_code_artifact_cleanup/root_before_cleanup/submission_package/neurips2026_reviewer_artifact_anonymous/results/deployment_figure/pareto_summary.csv
results/disentanglement/quartile_table.csv,3,1,cleanup_prior_reviewer_snapshot:69a5f43c221f:794:cleanup_20260506_final_code_artifact_cleanup/prior_reviewer_artifact_snapshot/results/disentanglement/quartile_table.csv;cleanup_root_before:69a5f43c221f:794:cleanup_20260506_final_code_artifact_cleanup/root_before_cleanup/results/disentanglement/quartile_table.csv;cleanup_nested_reviewer_artifact:69a5f43c221f:794:cleanup_20260506_final_code_artifact_cleanup/root_before_cleanup/submission_package/neurips2026_reviewer_artifact_anonymous/results/disentanglement/quartile_table.csv
results/embedding_clusters/projection_table.csv,3,1,cleanup_prior_reviewer_snapshot:9cbcad5669b0:34321:cleanup_20260506_final_code_artifact_cleanup/prior_reviewer_artifact_snapshot/results/embedding_clusters/projection_table.csv;cleanup_root_before:9cbcad5669b0:34321:cleanup_20260506_final_code_artifact_cleanup/root_before_cleanup/results/embedding_clusters/projection_table.csv;cleanup_nested_reviewer_artifact:9cbcad5669b0:34321:cleanup_20260506_final_code_artifact_cleanup/root_before_cleanup/submission_package/neurips2026_reviewer_artifact_anonymous/results/embedding_clusters/projection_table.csv
results/eval_results.csv,3,1,cleanup_prior_reviewer_snapshot:45866e304ab5:9844:cleanup_20260506_final_code_artifact_cleanup/prior_reviewer_artifact_snapshot/results/eval_results.csv;cleanup_root_before:45866e304ab5:9844:cleanup_20260506_final_code_artifact_cleanup/root_before_cleanup/results/eval_results.csv;cleanup_nested_reviewer_artifact:45866e304ab5:9844:cleanup_20260506_final_code_artifact_cleanup/root_before_cleanup/submission_package/neurips2026_reviewer_artifact_anonymous/results/eval_results.csv
results/frontier_scale/completed_tuples.json,3,1,cleanup_prior_reviewer_snapshot:5b8a5e1bc3be:134:cleanup_20260506_final_code_artifact_cleanup/prior_reviewer_artifact_snapshot/results/frontier_scale/completed_tuples.json;cleanup_root_before:5b8a5e1bc3be:134:cleanup_20260506_final_code_artifact_cleanup/root_before_cleanup/results/frontier_scale/completed_tuples.json;cleanup_nested_reviewer_artifact:5b8a5e1bc3be:134:cleanup_20260506_final_code_artifact_cleanup/root_before_cleanup/submission_package/neurips2026_reviewer_artifact_anonymous/results/frontier_scale/completed_tuples.json
results/frontier_scale/paradox_by_scale.csv,3,1,cleanup_prior_reviewer_snapshot:4dd95bbc2856:432:cleanup_20260506_final_code_artifact_cleanup/prior_reviewer_artifact_snapshot/results/frontier_scale/paradox_by_scale.csv;cleanup_root_before:4dd95bbc2856:432:cleanup_20260506_final_code_artifact_cleanup/root_before_cleanup/results/frontier_scale/paradox_by_scale.csv;cleanup_nested_reviewer_artifact:4dd95bbc2856:432:cleanup_20260506_final_code_artifact_cleanup/root_before_cleanup/submission_package/neurips2026_reviewer_artifact_anonymous/results/frontier_scale/paradox_by_scale.csv
results/frontier_scale/summary.csv,3,1,cleanup_prior_reviewer_snapshot:196695492b3e:880:cleanup_20260506_final_code_artifact_cleanup/prior_reviewer_artifact_snapshot/results/frontier_scale/summary.csv;cleanup_root_before:196695492b3e:880:cleanup_20260506_final_code_artifact_cleanup/root_before_cleanup/results/frontier_scale/summary.csv;cleanup_nested_reviewer_artifact:196695492b3e:880:cleanup_20260506_final_code_artifact_cleanup/root_before_cleanup/submission_package/neurips2026_reviewer_artifact_anonymous/results/frontier_scale/summary.csv
results/frontier_scale/summary.md,3,1,cleanup_prior_reviewer_snapshot:2c5065a75f4b:3689:cleanup_20260506_final_code_artifact_cleanup/prior_reviewer_artifact_snapshot/results/frontier_scale/summary.md;cleanup_root_before:2c5065a75f4b:3689:cleanup_20260506_final_code_artifact_cleanup/root_before_cleanup/results/frontier_scale/summary.md;cleanup_nested_reviewer_artifact:2c5065a75f4b:3689:cleanup_20260506_final_code_artifact_cleanup/root_before_cleanup/submission_package/neurips2026_reviewer_artifact_anonymous/results/frontier_scale/summary.md
results/hcpc_v2/logs/pubmedqa_baseline_logs.csv,3,1,cleanup_prior_reviewer_snapshot:57563c80f21a:108647:cleanup_20260506_final_code_artifact_cleanup/prior_reviewer_artifact_snapshot/results/hcpc_v2/logs/pubmedqa_baseline_logs.csv;cleanup_root_before:57563c80f21a:108647:cleanup_20260506_final_code_artifact_cleanup/root_before_cleanup/results/hcpc_v2/logs/pubmedqa_baseline_logs.csv;cleanup_nested_reviewer_artifact:57563c80f21a:108647:cleanup_20260506_final_code_artifact_cleanup/root_before_cleanup/submission_package/neurips2026_reviewer_artifact_anonymous/results/hcpc_v2/logs/pubmedqa_baseline_logs.csv
results/hcpc_v2/logs/pubmedqa_baseline_logs.json,3,1,cleanup_prior_reviewer_snapshot:868c3d038f3d:125966:cleanup_20260506_final_code_artifact_cleanup/prior_reviewer_artifact_snapshot/results/hcpc_v2/logs/pubmedqa_baseline_logs.json;cleanup_root_before:868c3d038f3d:125966:cleanup_20260506_final_code_artifact_cleanup/root_before_cleanup/results/hcpc_v2/logs/pubmedqa_baseline_logs.json;cleanup_nested_reviewer_artifact:868c3d038f3d:125966:cleanup_20260506_final_code_artifact_cleanup/root_before_cleanup/submission_package/neurips2026_reviewer_artifact_anonymous/results/hcpc_v2/logs/pubmedqa_baseline_logs.json
results/hcpc_v2/logs/pubmedqa_hcpc_v1_logs.csv,3,1,cleanup_prior_reviewer_snapshot:8c45fa960aba:109630:cleanup_20260506_final_code_artifact_cleanup/prior_reviewer_artifact_snapshot/results/hcpc_v2/logs/pubmedqa_hcpc_v1_logs.csv;cleanup_root_before:8c45fa960aba:109630:cleanup_20260506_final_code_artifact_cleanup/root_before_cleanup/results/hcpc_v2/logs/pubmedqa_hcpc_v1_logs.csv;cleanup_nested_reviewer_artifact:8c45fa960aba:109630:cleanup_20260506_final_code_artifact_cleanup/root_before_cleanup/submission_package/neurips2026_reviewer_artifact_anonymous/results/hcpc_v2/logs/pubmedqa_hcpc_v1_logs.csv
results/hcpc_v2/logs/pubmedqa_hcpc_v1_logs.json,3,1,cleanup_prior_reviewer_snapshot:5219fe954ee3:138262:cleanup_20260506_final_code_artifact_cleanup/prior_reviewer_artifact_snapshot/results/hcpc_v2/logs/pubmedqa_hcpc_v1_logs.json;cleanup_root_before:5219fe954ee3:138262:cleanup_20260506_final_code_artifact_cleanup/root_before_cleanup/results/hcpc_v2/logs/pubmedqa_hcpc_v1_logs.json;cleanup_nested_reviewer_artifact:5219fe954ee3:138262:cleanup_20260506_final_code_artifact_cleanup/root_before_cleanup/submission_package/neurips2026_reviewer_artifact_anonymous/results/hcpc_v2/logs/pubmedqa_hcpc_v1_logs.json
results/hcpc_v2/logs/pubmedqa_hcpc_v2_diagnostics.json,3,1,cleanup_prior_reviewer_snapshot:ac4b71d871b9:15030:cleanup_20260506_final_code_artifact_cleanup/prior_reviewer_artifact_snapshot/results/hcpc_v2/logs/pubmedqa_hcpc_v2_diagnostics.json;cleanup_root_before:ac4b71d871b9:15030:cleanup_20260506_final_code_artifact_cleanup/root_before_cleanup/results/hcpc_v2/logs/pubmedqa_hcpc_v2_diagnostics.json;cleanup_nested_reviewer_artifact:ac4b71d871b9:15030:cleanup_20260506_final_code_artifact_cleanup/root_before_cleanup/submission_package/neurips2026_reviewer_artifact_anonymous/results/hcpc_v2/logs/pubmedqa_hcpc_v2_diagnostics.json
results/hcpc_v2/logs/pubmedqa_hcpc_v2_logs.csv,3,1,cleanup_prior_reviewer_snapshot:72cdf9a63c4b:123694:cleanup_20260506_final_code_artifact_cleanup/prior_reviewer_artifact_snapshot/results/hcpc_v2/logs/pubmedqa_hcpc_v2_logs.csv;cleanup_root_before:72cdf9a63c4b:123694:cleanup_20260506_final_code_artifact_cleanup/root_before_cleanup/results/hcpc_v2/logs/pubmedqa_hcpc_v2_logs.csv;cleanup_nested_reviewer_artifact:72cdf9a63c4b:123694:cleanup_20260506_final_code_artifact_cleanup/root_before_cleanup/submission_package/neurips2026_reviewer_artifact_anonymous/results/hcpc_v2/logs/pubmedqa_hcpc_v2_logs.csv
results/hcpc_v2/logs/pubmedqa_hcpc_v2_logs.json,3,1,cleanup_prior_reviewer_snapshot:926b67ee1e6a:148049:cleanup_20260506_final_code_artifact_cleanup/prior_reviewer_artifact_snapshot/results/hcpc_v2/logs/pubmedqa_hcpc_v2_logs.json;cleanup_root_before:926b67ee1e6a:148049:cleanup_20260506_final_code_artifact_cleanup/root_before_cleanup/results/hcpc_v2/logs/pubmedqa_hcpc_v2_logs.json;cleanup_nested_reviewer_artifact:926b67ee1e6a:148049:cleanup_20260506_final_code_artifact_cleanup/root_before_cleanup/submission_package/neurips2026_reviewer_artifact_anonymous/results/hcpc_v2/logs/pubmedqa_hcpc_v2_logs.json
results/hcpc_v2/logs/squad_baseline_logs.csv,3,1,cleanup_prior_reviewer_snapshot:ff8cc53c6aa5:67623:cleanup_20260506_final_code_artifact_cleanup/prior_reviewer_artifact_snapshot/results/hcpc_v2/logs/squad_baseline_logs.csv;cleanup_root_before:ff8cc53c6aa5:67623:cleanup_20260506_final_code_artifact_cleanup/root_before_cleanup/results/hcpc_v2/logs/squad_baseline_logs.csv;cleanup_nested_reviewer_artifact:ff8cc53c6aa5:67623:cleanup_20260506_final_code_artifact_cleanup/root_before_cleanup/submission_package/neurips2026_reviewer_artifact_anonymous/results/hcpc_v2/logs/squad_baseline_logs.csv
results/hcpc_v2/logs/squad_baseline_logs.json,3,1,cleanup_prior_reviewer_snapshot:505215a2d3f0:83488:cleanup_20260506_final_code_artifact_cleanup/prior_reviewer_artifact_snapshot/results/hcpc_v2/logs/squad_baseline_logs.json;cleanup_root_before:505215a2d3f0:83488:cleanup_20260506_final_code_artifact_cleanup/root_before_cleanup/results/hcpc_v2/logs/squad_baseline_logs.json;cleanup_nested_reviewer_artifact:505215a2d3f0:83488:cleanup_20260506_final_code_artifact_cleanup/root_before_cleanup/submission_package/neurips2026_reviewer_artifact_anonymous/results/hcpc_v2/logs/squad_baseline_logs.json
results/hcpc_v2/logs/squad_hcpc_v1_logs.csv,3,1,cleanup_prior_reviewer_snapshot:4eb98e89f31f:75503:cleanup_20260506_final_code_artifact_cleanup/prior_reviewer_artifact_snapshot/results/hcpc_v2/logs/squad_hcpc_v1_logs.csv;cleanup_root_before:4eb98e89f31f:75503:cleanup_20260506_final_code_artifact_cleanup/root_before_cleanup/results/hcpc_v2/logs/squad_hcpc_v1_logs.csv;cleanup_nested_reviewer_artifact:4eb98e89f31f:75503:cleanup_20260506_final_code_artifact_cleanup/root_before_cleanup/submission_package/neurips2026_reviewer_artifact_anonymous/results/hcpc_v2/logs/squad_hcpc_v1_logs.csv
results/hcpc_v2/logs/squad_hcpc_v1_logs.json,3,1,cleanup_prior_reviewer_snapshot:6c7d45621987:107695:cleanup_20260506_final_code_artifact_cleanup/prior_reviewer_artifact_snapshot/results/hcpc_v2/logs/squad_hcpc_v1_logs.json;cleanup_root_before:6c7d45621987:107695:cleanup_20260506_final_code_artifact_cleanup/root_before_cleanup/results/hcpc_v2/logs/squad_hcpc_v1_logs.json;cleanup_nested_reviewer_artifact:6c7d45621987:107695:cleanup_20260506_final_code_artifact_cleanup/root_before_cleanup/submission_package/neurips2026_reviewer_artifact_anonymous/results/hcpc_v2/logs/squad_hcpc_v1_logs.json
results/hcpc_v2/logs/squad_hcpc_v2_diagnostics.json,3,1,cleanup_prior_reviewer_snapshot:f88812ca64f3:14962:cleanup_20260506_final_code_artifact_cleanup/prior_reviewer_artifact_snapshot/results/hcpc_v2/logs/squad_hcpc_v2_diagnostics.json;cleanup_root_before:f88812ca64f3:14962:cleanup_20260506_final_code_artifact_cleanup/root_before_cleanup/results/hcpc_v2/logs/squad_hcpc_v2_diagnostics.json;cleanup_nested_reviewer_artifact:f88812ca64f3:14962:cleanup_20260506_final_code_artifact_cleanup/root_before_cleanup/submission_package/neurips2026_reviewer_artifact_anonymous/results/hcpc_v2/logs/squad_hcpc_v2_diagnostics.json
results/hcpc_v2/logs/squad_hcpc_v2_logs.csv,3,1,cleanup_prior_reviewer_snapshot:0505d39bd12f:81172:cleanup_20260506_final_code_artifact_cleanup/prior_reviewer_artifact_snapshot/results/hcpc_v2/logs/squad_hcpc_v2_logs.csv;cleanup_root_before:0505d39bd12f:81172:cleanup_20260506_final_code_artifact_cleanup/root_before_cleanup/results/hcpc_v2/logs/squad_hcpc_v2_logs.csv;cleanup_nested_reviewer_artifact:0505d39bd12f:81172:cleanup_20260506_final_code_artifact_cleanup/root_before_cleanup/submission_package/neurips2026_reviewer_artifact_anonymous/results/hcpc_v2/logs/squad_hcpc_v2_logs.csv
results/hcpc_v2/logs/squad_hcpc_v2_logs.json,3,1,cleanup_prior_reviewer_snapshot:8b23c033de71:103860:cleanup_20260506_final_code_artifact_cleanup/prior_reviewer_artifact_snapshot/results/hcpc_v2/logs/squad_hcpc_v2_logs.json;cleanup_root_before:8b23c033de71:103860:cleanup_20260506_final_code_artifact_cleanup/root_before_cleanup/results/hcpc_v2/logs/squad_hcpc_v2_logs.json;cleanup_nested_reviewer_artifact:8b23c033de71:103860:cleanup_20260506_final_code_artifact_cleanup/root_before_cleanup/submission_package/neurips2026_reviewer_artifact_anonymous/results/hcpc_v2/logs/squad_hcpc_v2_logs.json
results/hcpc_v2/metrics.csv,3,1,cleanup_prior_reviewer_snapshot:21f1934b883f:809:cleanup_20260506_final_code_artifact_cleanup/prior_reviewer_artifact_snapshot/results/hcpc_v2/metrics.csv;cleanup_root_before:21f1934b883f:809:cleanup_20260506_final_code_artifact_cleanup/root_before_cleanup/results/hcpc_v2/metrics.csv;cleanup_nested_reviewer_artifact:21f1934b883f:809:cleanup_20260506_final_code_artifact_cleanup/root_before_cleanup/submission_package/neurips2026_reviewer_artifact_anonymous/results/hcpc_v2/metrics.csv
results/hcpc_v2/metrics.json,3,1,cleanup_prior_reviewer_snapshot:99c8c627f7c3:2394:cleanup_20260506_final_code_artifact_cleanup/prior_reviewer_artifact_snapshot/results/hcpc_v2/metrics.json;cleanup_root_before:99c8c627f7c3:2394:cleanup_20260506_final_code_artifact_cleanup/root_before_cleanup/results/hcpc_v2/metrics.json;cleanup_nested_reviewer_artifact:99c8c627f7c3:2394:cleanup_20260506_final_code_artifact_cleanup/root_before_cleanup/submission_package/neurips2026_reviewer_artifact_anonymous/results/hcpc_v2/metrics.json
results/hcpc_v2/pubmedqa_baseline.csv,3,1,cleanup_prior_reviewer_snapshot:6c5057247c32:28288:cleanup_20260506_final_code_artifact_cleanup/prior_reviewer_artifact_snapshot/results/hcpc_v2/pubmedqa_baseline.csv;cleanup_root_before:6c5057247c32:28288:cleanup_20260506_final_code_artifact_cleanup/root_before_cleanup/results/hcpc_v2/pubmedqa_baseline.csv;cleanup_nested_reviewer_artifact:6c5057247c32:28288:cleanup_20260506_final_code_artifact_cleanup/root_before_cleanup/submission_package/neurips2026_reviewer_artifact_anonymous/results/hcpc_v2/pubmedqa_baseline.csv
results/hcpc_v2/pubmedqa_hcpc_v1.csv,3,1,cleanup_prior_reviewer_snapshot:e1a4dfe0617e:26602:cleanup_20260506_final_code_artifact_cleanup/prior_reviewer_artifact_snapshot/results/hcpc_v2/pubmedqa_hcpc_v1.csv;cleanup_root_before:e1a4dfe0617e:26602:cleanup_20260506_final_code_artifact_cleanup/root_before_cleanup/results/hcpc_v2/pubmedqa_hcpc_v1.csv;cleanup_nested_reviewer_artifact:e1a4dfe0617e:26602:cleanup_20260506_final_code_artifact_cleanup/root_before_cleanup/submission_package/neurips2026_reviewer_artifact_anonymous/results/hcpc_v2/pubmedqa_hcpc_v1.csv
results/hcpc_v2/pubmedqa_hcpc_v2.csv,3,1,cleanup_prior_reviewer_snapshot:4a5bfff31655:30296:cleanup_20260506_final_code_artifact_cleanup/prior_reviewer_artifact_snapshot/results/hcpc_v2/pubmedqa_hcpc_v2.csv;cleanup_root_before:4a5bfff31655:30296:cleanup_20260506_final_code_artifact_cleanup/root_before_cleanup/results/hcpc_v2/pubmedqa_hcpc_v2.csv;cleanup_nested_reviewer_artifact:4a5bfff31655:30296:cleanup_20260506_final_code_artifact_cleanup/root_before_cleanup/submission_package/neurips2026_reviewer_artifact_anonymous/results/hcpc_v2/pubmedqa_hcpc_v2.csv
results/hcpc_v2/squad_baseline.csv,3,1,cleanup_prior_reviewer_snapshot:6fe86414a91b:8500:cleanup_20260506_final_code_artifact_cleanup/prior_reviewer_artifact_snapshot/results/hcpc_v2/squad_baseline.csv;cleanup_root_before:6fe86414a91b:8500:cleanup_20260506_final_code_artifact_cleanup/root_before_cleanup/results/hcpc_v2/squad_baseline.csv;cleanup_nested_reviewer_artifact:6fe86414a91b:8500:cleanup_20260506_final_code_artifact_cleanup/root_before_cleanup/submission_package/neurips2026_reviewer_artifact_anonymous/results/hcpc_v2/squad_baseline.csv
results/hcpc_v2/squad_hcpc_v1.csv,3,1,cleanup_prior_reviewer_snapshot:48d0ff114e98:10879:cleanup_20260506_final_code_artifact_cleanup/prior_reviewer_artifact_snapshot/results/hcpc_v2/squad_hcpc_v1.csv;cleanup_root_before:48d0ff114e98:10879:cleanup_20260506_final_code_artifact_cleanup/root_before_cleanup/results/hcpc_v2/squad_hcpc_v1.csv;cleanup_nested_reviewer_artifact:48d0ff114e98:10879:cleanup_20260506_final_code_artifact_cleanup/root_before_cleanup/submission_package/neurips2026_reviewer_artifact_anonymous/results/hcpc_v2/squad_hcpc_v1.csv
results/hcpc_v2/squad_hcpc_v2.csv,3,1,cleanup_prior_reviewer_snapshot:62b87a6172ef:9943:cleanup_20260506_final_code_artifact_cleanup/prior_reviewer_artifact_snapshot/results/hcpc_v2/squad_hcpc_v2.csv;cleanup_root_before:62b87a6172ef:9943:cleanup_20260506_final_code_artifact_cleanup/root_before_cleanup/results/hcpc_v2/squad_hcpc_v2.csv;cleanup_nested_reviewer_artifact:62b87a6172ef:9943:cleanup_20260506_final_code_artifact_cleanup/root_before_cleanup/submission_package/neurips2026_reviewer_artifact_anonymous/results/hcpc_v2/squad_hcpc_v2.csv
results/hcpc_v2/summary.md,3,1,cleanup_prior_reviewer_snapshot:42288cb3e36b:853:cleanup_20260506_final_code_artifact_cleanup/prior_reviewer_artifact_snapshot/results/hcpc_v2/summary.md;cleanup_root_before:42288cb3e36b:853:cleanup_20260506_final_code_artifact_cleanup/root_before_cleanup/results/hcpc_v2/summary.md;cleanup_nested_reviewer_artifact:42288cb3e36b:853:cleanup_20260506_final_code_artifact_cleanup/root_before_cleanup/submission_package/neurips2026_reviewer_artifact_anonymous/results/hcpc_v2/summary.md
results/headtohead/diagnostics.jsonl,3,1,cleanup_prior_reviewer_snapshot:dfaade189654:236947:cleanup_20260506_final_code_artifact_cleanup/prior_reviewer_artifact_snapshot/results/headtohead/diagnostics.jsonl;cleanup_root_before:dfaade189654:236947:cleanup_20260506_final_code_artifact_cleanup/root_before_cleanup/results/headtohead/diagnostics.jsonl;cleanup_nested_reviewer_artifact:dfaade189654:236947:cleanup_20260506_final_code_artifact_cleanup/root_before_cleanup/submission_package/neurips2026_reviewer_artifact_anonymous/results/headtohead/diagnostics.jsonl
results/headtohead/summary.csv,3,1,cleanup_prior_reviewer_snapshot:f522d9ddbcd0:681:cleanup_20260506_final_code_artifact_cleanup/prior_reviewer_artifact_snapshot/results/headtohead/summary.csv;cleanup_root_before:f522d9ddbcd0:681:cleanup_20260506_final_code_artifact_cleanup/root_before_cleanup/results/headtohead/summary.csv;cleanup_nested_reviewer_artifact:f522d9ddbcd0:681:cleanup_20260506_final_code_artifact_cleanup/root_before_cleanup/submission_package/neurips2026_reviewer_artifact_anonymous/results/headtohead/summary.csv
results/headtohead/summary.md,3,1,cleanup_prior_reviewer_snapshot:317abc78ad76:1568:cleanup_20260506_final_code_artifact_cleanup/prior_reviewer_artifact_snapshot/results/headtohead/summary.md;cleanup_root_before:317abc78ad76:1568:cleanup_20260506_final_code_artifact_cleanup/root_before_cleanup/results/headtohead/summary.md;cleanup_nested_reviewer_artifact:317abc78ad76:1568:cleanup_20260506_final_code_artifact_cleanup/root_before_cleanup/submission_package/neurips2026_reviewer_artifact_anonymous/results/headtohead/summary.md
results/human_disagreement_expansion/README.md,3,1,cleanup_prior_reviewer_snapshot:91468c400735:2692:cleanup_20260506_final_code_artifact_cleanup/prior_reviewer_artifact_snapshot/results/human_disagreement_expansion/README.md;cleanup_root_before:91468c400735:2692:cleanup_20260506_final_code_artifact_cleanup/root_before_cleanup/results/human_disagreement_expansion/README.md;cleanup_nested_reviewer_artifact:91468c400735:2692:cleanup_20260506_final_code_artifact_cleanup/root_before_cleanup/submission_package/neurips2026_reviewer_artifact_anonymous/results/human_disagreement_expansion/README.md
results/human_disagreement_expansion/analysis_summary.csv,3,1,cleanup_prior_reviewer_snapshot:01ba4719c80b:1:cleanup_20260506_final_code_artifact_cleanup/prior_reviewer_artifact_snapshot/results/human_disagreement_expansion/analysis_summary.csv;cleanup_root_before:01ba4719c80b:1:cleanup_20260506_final_code_artifact_cleanup/root_before_cleanup/results/human_disagreement_expansion/analysis_summary.csv;cleanup_nested_reviewer_artifact:01ba4719c80b:1:cleanup_20260506_final_code_artifact_cleanup/root_before_cleanup/submission_package/neurips2026_reviewer_artifact_anonymous/results/human_disagreement_expansion/analysis_summary.csv
results/human_disagreement_expansion/analysis_summary.md,3,1,cleanup_prior_reviewer_snapshot:1e043e319a22:244:cleanup_20260506_final_code_artifact_cleanup/prior_reviewer_artifact_snapshot/results/human_disagreement_expansion/analysis_summary.md;cleanup_root_before:1e043e319a22:244:cleanup_20260506_final_code_artifact_cleanup/root_before_cleanup/results/human_disagreement_expansion/analysis_summary.md;cleanup_nested_reviewer_artifact:1e043e319a22:244:cleanup_20260506_final_code_artifact_cleanup/root_before_cleanup/submission_package/neurips2026_reviewer_artifact_anonymous/results/human_disagreement_expansion/analysis_summary.md
results/human_disagreement_expansion/annotation_batch_disagreement_100.backup_before_non_eval_fixes.csv,3,1,cleanup_prior_reviewer_snapshot:af81cb4ed3ed:161544:cleanup_20260506_final_code_artifact_cleanup/prior_reviewer_artifact_snapshot/results/human_disagreement_expansion/annotation_batch_disagreement_100.backup_before_non_eval_fixes.csv;cleanup_root_before:af81cb4ed3ed:161544:cleanup_20260506_final_code_artifact_cleanup/root_before_cleanup/results/human_disagreement_expansion/annotation_batch_disagreement_100.backup_before_non_eval_fixes.csv;cleanup_nested_reviewer_artifact:af81cb4ed3ed:161544:cleanup_20260506_final_code_artifact_cleanup/root_before_cleanup/submission_package/neurips2026_reviewer_artifact_anonymous/results/human_disagreement_expansion/annotation_batch_disagreement_100.backup_before_non_eval_fixes.csv
results/human_disagreement_expansion/annotation_batch_disagreement_100.csv,3,1,cleanup_prior_reviewer_snapshot:c06d20cd5feb:162628:cleanup_20260506_final_code_artifact_cleanup/prior_reviewer_artifact_snapshot/results/human_disagreement_expansion/annotation_batch_disagreement_100.csv;cleanup_root_before:c06d20cd5feb:162628:cleanup_20260506_final_code_artifact_cleanup/root_before_cleanup/results/human_disagreement_expansion/annotation_batch_disagreement_100.csv;cleanup_nested_reviewer_artifact:c06d20cd5feb:162628:cleanup_20260506_final_code_artifact_cleanup/root_before_cleanup/submission_package/neurips2026_reviewer_artifact_anonymous/results/human_disagreement_expansion/annotation_batch_disagreement_100.csv
results/human_disagreement_expansion/batch_composition.csv,3,1,cleanup_prior_reviewer_snapshot:724bd0c412b9:221:cleanup_20260506_final_code_artifact_cleanup/prior_reviewer_artifact_snapshot/results/human_disagreement_expansion/batch_composition.csv;cleanup_root_before:724bd0c412b9:221:cleanup_20260506_final_code_artifact_cleanup/root_before_cleanup/results/human_disagreement_expansion/batch_composition.csv;cleanup_nested_reviewer_artifact:724bd0c412b9:221:cleanup_20260506_final_code_artifact_cleanup/root_before_cleanup/submission_package/neurips2026_reviewer_artifact_anonymous/results/human_disagreement_expansion/batch_composition.csv
results/human_disagreement_expansion/human_eval_adjudication_template.csv,3,1,cleanup_prior_reviewer_snapshot:65fddd06be62:157321:cleanup_20260506_final_code_artifact_cleanup/prior_reviewer_artifact_snapshot/results/human_disagreement_expansion/human_eval_adjudication_template.csv;cleanup_root_before:65fddd06be62:157321:cleanup_20260506_final_code_artifact_cleanup/root_before_cleanup/results/human_disagreement_expansion/human_eval_adjudication_template.csv;cleanup_nested_reviewer_artifact:65fddd06be62:157321:cleanup_20260506_final_code_artifact_cleanup/root_before_cleanup/submission_package/neurips2026_reviewer_artifact_anonymous/results/human_disagreement_expansion/human_eval_adjudication_template.csv
results/human_disagreement_expansion/human_eval_codebook.md,3,1,cleanup_prior_reviewer_snapshot:67dffa2bbeb0:1952:cleanup_20260506_final_code_artifact_cleanup/prior_reviewer_artifact_snapshot/results/human_disagreement_expansion/human_eval_codebook.md;cleanup_root_before:67dffa2bbeb0:1952:cleanup_20260506_final_code_artifact_cleanup/root_before_cleanup/results/human_disagreement_expansion/human_eval_codebook.md;cleanup_nested_reviewer_artifact:67dffa2bbeb0:1952:cleanup_20260506_final_code_artifact_cleanup/root_before_cleanup/submission_package/neurips2026_reviewer_artifact_anonymous/results/human_disagreement_expansion/human_eval_codebook.md
results/human_disagreement_expansion/human_eval_instructions.md,3,1,cleanup_prior_reviewer_snapshot:d78440cb337b:1686:cleanup_20260506_final_code_artifact_cleanup/prior_reviewer_artifact_snapshot/results/human_disagreement_expansion/human_eval_instructions.md;cleanup_root_before:d78440cb337b:1686:cleanup_20260506_final_code_artifact_cleanup/root_before_cleanup/results/human_disagreement_expansion/human_eval_instructions.md;cleanup_nested_reviewer_artifact:d78440cb337b:1686:cleanup_20260506_final_code_artifact_cleanup/root_before_cleanup/submission_package/neurips2026_reviewer_artifact_anonymous/results/human_disagreement_expansion/human_eval_instructions.md
results/human_disagreement_expansion/human_eval_rater1.csv,3,1,cleanup_prior_reviewer_snapshot:540a29fc9ad9:157064:cleanup_20260506_final_code_artifact_cleanup/prior_reviewer_artifact_snapshot/results/human_disagreement_expansion/human_eval_rater1.csv;cleanup_root_before:540a29fc9ad9:157064:cleanup_20260506_final_code_artifact_cleanup/root_before_cleanup/results/human_disagreement_expansion/human_eval_rater1.csv;cleanup_nested_reviewer_artifact:540a29fc9ad9:157064:cleanup_20260506_final_code_artifact_cleanup/root_before_cleanup/submission_package/neurips2026_reviewer_artifact_anonymous/results/human_disagreement_expansion/human_eval_rater1.csv
results/human_disagreement_expansion/human_eval_rater2.csv,3,1,cleanup_prior_reviewer_snapshot:540a29fc9ad9:157064:cleanup_20260506_final_code_artifact_cleanup/prior_reviewer_artifact_snapshot/results/human_disagreement_expansion/human_eval_rater2.csv;cleanup_root_before:540a29fc9ad9:157064:cleanup_20260506_final_code_artifact_cleanup/root_before_cleanup/results/human_disagreement_expansion/human_eval_rater2.csv;cleanup_nested_reviewer_artifact:540a29fc9ad9:157064:cleanup_20260506_final_code_artifact_cleanup/root_before_cleanup/submission_package/neurips2026_reviewer_artifact_anonymous/results/human_disagreement_expansion/human_eval_rater2.csv
results/human_disagreement_expansion/missing_human_labels_report.md,3,1,cleanup_prior_reviewer_snapshot:4b6d7e5450f0:467:cleanup_20260506_final_code_artifact_cleanup/prior_reviewer_artifact_snapshot/results/human_disagreement_expansion/missing_human_labels_report.md;cleanup_root_before:4b6d7e5450f0:467:cleanup_20260506_final_code_artifact_cleanup/root_before_cleanup/results/human_disagreement_expansion/missing_human_labels_report.md;cleanup_nested_reviewer_artifact:4b6d7e5450f0:467:cleanup_20260506_final_code_artifact_cleanup/root_before_cleanup/submission_package/neurips2026_reviewer_artifact_anonymous/results/human_disagreement_expansion/missing_human_labels_report.md
results/human_disagreement_expansion/scorer_score_summary.csv,3,1,cleanup_prior_reviewer_snapshot:6867bbac0855:212:cleanup_20260506_final_code_artifact_cleanup/prior_reviewer_artifact_snapshot/results/human_disagreement_expansion/scorer_score_summary.csv;cleanup_root_before:6867bbac0855:212:cleanup_20260506_final_code_artifact_cleanup/root_before_cleanup/results/human_disagreement_expansion/scorer_score_summary.csv;cleanup_nested_reviewer_artifact:6867bbac0855:212:cleanup_20260506_final_code_artifact_cleanup/root_before_cleanup/submission_package/neurips2026_reviewer_artifact_anonymous/results/human_disagreement_expansion/scorer_score_summary.csv
results/human_eval/samples.csv,3,1,cleanup_prior_reviewer_snapshot:f439d37b47ad:44550:cleanup_20260506_final_code_artifact_cleanup/prior_reviewer_artifact_snapshot/results/human_eval/samples.csv;cleanup_root_before:f439d37b47ad:44550:cleanup_20260506_final_code_artifact_cleanup/root_before_cleanup/results/human_eval/samples.csv;cleanup_nested_reviewer_artifact:f439d37b47ad:44550:cleanup_20260506_final_code_artifact_cleanup/root_before_cleanup/submission_package/neurips2026_reviewer_artifact_anonymous/results/human_eval/samples.csv
results/human_eval/samples.jsonl,3,1,cleanup_prior_reviewer_snapshot:28d330a71c5b:60826:cleanup_20260506_final_code_artifact_cleanup/prior_reviewer_artifact_snapshot/results/human_eval/samples.jsonl;cleanup_root_before:28d330a71c5b:60826:cleanup_20260506_final_code_artifact_cleanup/root_before_cleanup/results/human_eval/samples.jsonl;cleanup_nested_reviewer_artifact:28d330a71c5b:60826:cleanup_20260506_final_code_artifact_cleanup/root_before_cleanup/submission_package/neurips2026_reviewer_artifact_anonymous/results/human_eval/samples.jsonl
results/human_eval/sampling_report.md,3,1,cleanup_prior_reviewer_snapshot:45b2b9d3820a:1646:cleanup_20260506_final_code_artifact_cleanup/prior_reviewer_artifact_snapshot/results/human_eval/sampling_report.md;cleanup_root_before:45b2b9d3820a:1646:cleanup_20260506_final_code_artifact_cleanup/root_before_cleanup/results/human_eval/sampling_report.md;cleanup_nested_reviewer_artifact:45b2b9d3820a:1646:cleanup_20260506_final_code_artifact_cleanup/root_before_cleanup/submission_package/neurips2026_reviewer_artifact_anonymous/results/human_eval/sampling_report.md
results/human_validation/validation_sheet.xlsx,3,1,cleanup_prior_reviewer_snapshot:b8d608fe19e2:20740:cleanup_20260506_final_code_artifact_cleanup/prior_reviewer_artifact_snapshot/results/human_validation/validation_sheet.xlsx;cleanup_root_before:b8d608fe19e2:20740:cleanup_20260506_final_code_artifact_cleanup/root_before_cleanup/results/human_validation/validation_sheet.xlsx;cleanup_nested_reviewer_artifact:b8d608fe19e2:20740:cleanup_20260506_final_code_artifact_cleanup/root_before_cleanup/submission_package/neurips2026_reviewer_artifact_anonymous/results/human_validation/validation_sheet.xlsx
results/hybrid/logs/pubmedqa_baseline_logs.csv,3,1,cleanup_prior_reviewer_snapshot:77523bd98143:110553:cleanup_20260506_final_code_artifact_cleanup/prior_reviewer_artifact_snapshot/results/hybrid/logs/pubmedqa_baseline_logs.csv;cleanup_root_before:77523bd98143:110553:cleanup_20260506_final_code_artifact_cleanup/root_before_cleanup/results/hybrid/logs/pubmedqa_baseline_logs.csv;cleanup_nested_reviewer_artifact:77523bd98143:110553:cleanup_20260506_final_code_artifact_cleanup/root_before_cleanup/submission_package/neurips2026_reviewer_artifact_anonymous/results/hybrid/logs/pubmedqa_baseline_logs.csv
results/hybrid/logs/pubmedqa_baseline_logs.json,3,1,cleanup_prior_reviewer_snapshot:466bff9203c8:128179:cleanup_20260506_final_code_artifact_cleanup/prior_reviewer_artifact_snapshot/results/hybrid/logs/pubmedqa_baseline_logs.json;cleanup_root_before:466bff9203c8:128179:cleanup_20260506_final_code_artifact_cleanup/root_before_cleanup/results/hybrid/logs/pubmedqa_baseline_logs.json;cleanup_nested_reviewer_artifact:466bff9203c8:128179:cleanup_20260506_final_code_artifact_cleanup/root_before_cleanup/submission_package/neurips2026_reviewer_artifact_anonymous/results/hybrid/logs/pubmedqa_baseline_logs.json
results/hybrid/logs/pubmedqa_hcpc_logs.csv,3,1,cleanup_prior_reviewer_snapshot:f7748c7c2e29:108650:cleanup_20260506_final_code_artifact_cleanup/prior_reviewer_artifact_snapshot/results/hybrid/logs/pubmedqa_hcpc_logs.csv;cleanup_root_before:f7748c7c2e29:108650:cleanup_20260506_final_code_artifact_cleanup/root_before_cleanup/results/hybrid/logs/pubmedqa_hcpc_logs.csv;cleanup_nested_reviewer_artifact:f7748c7c2e29:108650:cleanup_20260506_final_code_artifact_cleanup/root_before_cleanup/submission_package/neurips2026_reviewer_artifact_anonymous/results/hybrid/logs/pubmedqa_hcpc_logs.csv
results/hybrid/logs/pubmedqa_hcpc_logs.json,3,1,cleanup_prior_reviewer_snapshot:5116f9b2ab25:139396:cleanup_20260506_final_code_artifact_cleanup/prior_reviewer_artifact_snapshot/results/hybrid/logs/pubmedqa_hcpc_logs.json;cleanup_root_before:5116f9b2ab25:139396:cleanup_20260506_final_code_artifact_cleanup/root_before_cleanup/results/hybrid/logs/pubmedqa_hcpc_logs.json;cleanup_nested_reviewer_artifact:5116f9b2ab25:139396:cleanup_20260506_final_code_artifact_cleanup/root_before_cleanup/submission_package/neurips2026_reviewer_artifact_anonymous/results/hybrid/logs/pubmedqa_hcpc_logs.json
results/hybrid/logs/pubmedqa_hcpc_refinements.json,3,1,cleanup_prior_reviewer_snapshot:3e37224a8ba9:40632:cleanup_20260506_final_code_artifact_cleanup/prior_reviewer_artifact_snapshot/results/hybrid/logs/pubmedqa_hcpc_refinements.json;cleanup_root_before:3e37224a8ba9:40632:cleanup_20260506_final_code_artifact_cleanup/root_before_cleanup/results/hybrid/logs/pubmedqa_hcpc_refinements.json;cleanup_nested_reviewer_artifact:3e37224a8ba9:40632:cleanup_20260506_final_code_artifact_cleanup/root_before_cleanup/submission_package/neurips2026_reviewer_artifact_anonymous/results/hybrid/logs/pubmedqa_hcpc_refinements.json
results/hybrid/logs/squad_baseline_logs.csv,3,1,cleanup_prior_reviewer_snapshot:98cb1310a685:61614:cleanup_20260506_final_code_artifact_cleanup/prior_reviewer_artifact_snapshot/results/hybrid/logs/squad_baseline_logs.csv;cleanup_root_before:98cb1310a685:61614:cleanup_20260506_final_code_artifact_cleanup/root_before_cleanup/results/hybrid/logs/squad_baseline_logs.csv;cleanup_nested_reviewer_artifact:98cb1310a685:61614:cleanup_20260506_final_code_artifact_cleanup/root_before_cleanup/submission_package/neurips2026_reviewer_artifact_anonymous/results/hybrid/logs/squad_baseline_logs.csv
results/hybrid/logs/squad_baseline_logs.json,3,1,cleanup_prior_reviewer_snapshot:0fcbb9989e0e:77241:cleanup_20260506_final_code_artifact_cleanup/prior_reviewer_artifact_snapshot/results/hybrid/logs/squad_baseline_logs.json;cleanup_root_before:0fcbb9989e0e:77241:cleanup_20260506_final_code_artifact_cleanup/root_before_cleanup/results/hybrid/logs/squad_baseline_logs.json;cleanup_nested_reviewer_artifact:0fcbb9989e0e:77241:cleanup_20260506_final_code_artifact_cleanup/root_before_cleanup/submission_package/neurips2026_reviewer_artifact_anonymous/results/hybrid/logs/squad_baseline_logs.json
results/hybrid/logs/squad_hcpc_logs.csv,3,1,cleanup_prior_reviewer_snapshot:6f14dc0a352d:74632:cleanup_20260506_final_code_artifact_cleanup/prior_reviewer_artifact_snapshot/results/hybrid/logs/squad_hcpc_logs.csv;cleanup_root_before:6f14dc0a352d:74632:cleanup_20260506_final_code_artifact_cleanup/root_before_cleanup/results/hybrid/logs/squad_hcpc_logs.csv;cleanup_nested_reviewer_artifact:6f14dc0a352d:74632:cleanup_20260506_final_code_artifact_cleanup/root_before_cleanup/submission_package/neurips2026_reviewer_artifact_anonymous/results/hybrid/logs/squad_hcpc_logs.csv
results/hybrid/logs/squad_hcpc_logs.json,3,1,cleanup_prior_reviewer_snapshot:a3d2102c71bf:106595:cleanup_20260506_final_code_artifact_cleanup/prior_reviewer_artifact_snapshot/results/hybrid/logs/squad_hcpc_logs.json;cleanup_root_before:a3d2102c71bf:106595:cleanup_20260506_final_code_artifact_cleanup/root_before_cleanup/results/hybrid/logs/squad_hcpc_logs.json;cleanup_nested_reviewer_artifact:a3d2102c71bf:106595:cleanup_20260506_final_code_artifact_cleanup/root_before_cleanup/submission_package/neurips2026_reviewer_artifact_anonymous/results/hybrid/logs/squad_hcpc_logs.json
results/hybrid/logs/squad_hcpc_refinements.json,3,1,cleanup_prior_reviewer_snapshot:a9c40eba6796:50157:cleanup_20260506_final_code_artifact_cleanup/prior_reviewer_artifact_snapshot/results/hybrid/logs/squad_hcpc_refinements.json;cleanup_root_before:a9c40eba6796:50157:cleanup_20260506_final_code_artifact_cleanup/root_before_cleanup/results/hybrid/logs/squad_hcpc_refinements.json;cleanup_nested_reviewer_artifact:a9c40eba6796:50157:cleanup_20260506_final_code_artifact_cleanup/root_before_cleanup/submission_package/neurips2026_reviewer_artifact_anonymous/results/hybrid/logs/squad_hcpc_refinements.json
results/hybrid/pubmedqa_baseline.csv,3,1,cleanup_prior_reviewer_snapshot:6fbba71fb998:28513:cleanup_20260506_final_code_artifact_cleanup/prior_reviewer_artifact_snapshot/results/hybrid/pubmedqa_baseline.csv;cleanup_root_before:6fbba71fb998:28513:cleanup_20260506_final_code_artifact_cleanup/root_before_cleanup/results/hybrid/pubmedqa_baseline.csv;cleanup_nested_reviewer_artifact:6fbba71fb998:28513:cleanup_20260506_final_code_artifact_cleanup/root_before_cleanup/submission_package/neurips2026_reviewer_artifact_anonymous/results/hybrid/pubmedqa_baseline.csv
results/hybrid/pubmedqa_hcpc.csv,3,1,cleanup_prior_reviewer_snapshot:6dd7d1721e9a:26823:cleanup_20260506_final_code_artifact_cleanup/prior_reviewer_artifact_snapshot/results/hybrid/pubmedqa_hcpc.csv;cleanup_root_before:6dd7d1721e9a:26823:cleanup_20260506_final_code_artifact_cleanup/root_before_cleanup/results/hybrid/pubmedqa_hcpc.csv;cleanup_nested_reviewer_artifact:6dd7d1721e9a:26823:cleanup_20260506_final_code_artifact_cleanup/root_before_cleanup/submission_package/neurips2026_reviewer_artifact_anonymous/results/hybrid/pubmedqa_hcpc.csv
results/hybrid/squad_baseline.csv,3,1,cleanup_prior_reviewer_snapshot:7fd506c3a7c6:6971:cleanup_20260506_final_code_artifact_cleanup/prior_reviewer_artifact_snapshot/results/hybrid/squad_baseline.csv;cleanup_root_before:7fd506c3a7c6:6971:cleanup_20260506_final_code_artifact_cleanup/root_before_cleanup/results/hybrid/squad_baseline.csv;cleanup_nested_reviewer_artifact:7fd506c3a7c6:6971:cleanup_20260506_final_code_artifact_cleanup/root_before_cleanup/submission_package/neurips2026_reviewer_artifact_anonymous/results/hybrid/squad_baseline.csv
results/hybrid/squad_hcpc.csv,3,1,cleanup_prior_reviewer_snapshot:66a360d64c77:9547:cleanup_20260506_final_code_artifact_cleanup/prior_reviewer_artifact_snapshot/results/hybrid/squad_hcpc.csv;cleanup_root_before:66a360d64c77:9547:cleanup_20260506_final_code_artifact_cleanup/root_before_cleanup/results/hybrid/squad_hcpc.csv;cleanup_nested_reviewer_artifact:66a360d64c77:9547:cleanup_20260506_final_code_artifact_cleanup/root_before_cleanup/submission_package/neurips2026_reviewer_artifact_anonymous/results/hybrid/squad_hcpc.csv
results/hybrid/summary.csv,3,1,cleanup_prior_reviewer_snapshot:6b9e33bac7d1:482:cleanup_20260506_final_code_artifact_cleanup/prior_reviewer_artifact_snapshot/results/hybrid/summary.csv;cleanup_root_before:6b9e33bac7d1:482:cleanup_20260506_final_code_artifact_cleanup/root_before_cleanup/results/hybrid/summary.csv;cleanup_nested_reviewer_artifact:6b9e33bac7d1:482:cleanup_20260506_final_code_artifact_cleanup/root_before_cleanup/submission_package/neurips2026_reviewer_artifact_anonymous/results/hybrid/summary.csv
results/hybrid/summary.json,3,1,cleanup_prior_reviewer_snapshot:19bdc96f2422:1418:cleanup_20260506_final_code_artifact_cleanup/prior_reviewer_artifact_snapshot/results/hybrid/summary.json;cleanup_root_before:19bdc96f2422:1418:cleanup_20260506_final_code_artifact_cleanup/root_before_cleanup/results/hybrid/summary.json;cleanup_nested_reviewer_artifact:19bdc96f2422:1418:cleanup_20260506_final_code_artifact_cleanup/root_before_cleanup/submission_package/neurips2026_reviewer_artifact_anonymous/results/hybrid/summary.json
results/latency/cost_projection.csv,3,1,cleanup_prior_reviewer_snapshot:c14c15158660:316:cleanup_20260506_final_code_artifact_cleanup/prior_reviewer_artifact_snapshot/results/latency/cost_projection.csv;cleanup_root_before:c14c15158660:316:cleanup_20260506_final_code_artifact_cleanup/root_before_cleanup/results/latency/cost_projection.csv;cleanup_nested_reviewer_artifact:c14c15158660:316:cleanup_20260506_final_code_artifact_cleanup/root_before_cleanup/submission_package/neurips2026_reviewer_artifact_anonymous/results/latency/cost_projection.csv
results/latency/latency_summary.csv,3,1,cleanup_prior_reviewer_snapshot:a71f25e1ef09:486:cleanup_20260506_final_code_artifact_cleanup/prior_reviewer_artifact_snapshot/results/latency/latency_summary.csv;cleanup_root_before:a71f25e1ef09:486:cleanup_20260506_final_code_artifact_cleanup/root_before_cleanup/results/latency/latency_summary.csv;cleanup_nested_reviewer_artifact:a71f25e1ef09:486:cleanup_20260506_final_code_artifact_cleanup/root_before_cleanup/submission_package/neurips2026_reviewer_artifact_anonymous/results/latency/latency_summary.csv
results/longform/completed_tuples.json,3,1,cleanup_prior_reviewer_snapshot:4b1cceed8118:57:cleanup_20260506_final_code_artifact_cleanup/prior_reviewer_artifact_snapshot/results/longform/completed_tuples.json;cleanup_root_before:4b1cceed8118:57:cleanup_20260506_final_code_artifact_cleanup/root_before_cleanup/results/longform/completed_tuples.json;cleanup_nested_reviewer_artifact:4b1cceed8118:57:cleanup_20260506_final_code_artifact_cleanup/root_before_cleanup/submission_package/neurips2026_reviewer_artifact_anonymous/results/longform/completed_tuples.json
results/longform/paradox_longform.csv,3,1,cleanup_prior_reviewer_snapshot:ad6256215e93:528:cleanup_20260506_final_code_artifact_cleanup/prior_reviewer_artifact_snapshot/results/longform/paradox_longform.csv;cleanup_root_before:ad6256215e93:528:cleanup_20260506_final_code_artifact_cleanup/root_before_cleanup/results/longform/paradox_longform.csv;cleanup_nested_reviewer_artifact:ad6256215e93:528:cleanup_20260506_final_code_artifact_cleanup/root_before_cleanup/submission_package/neurips2026_reviewer_artifact_anonymous/results/longform/paradox_longform.csv
results/longform/summary.csv,3,1,cleanup_prior_reviewer_snapshot:36d47ec924e6:702:cleanup_20260506_final_code_artifact_cleanup/prior_reviewer_artifact_snapshot/results/longform/summary.csv;cleanup_root_before:36d47ec924e6:702:cleanup_20260506_final_code_artifact_cleanup/root_before_cleanup/results/longform/summary.csv;cleanup_nested_reviewer_artifact:36d47ec924e6:702:cleanup_20260506_final_code_artifact_cleanup/root_before_cleanup/submission_package/neurips2026_reviewer_artifact_anonymous/results/longform/summary.csv
results/longform/summary.md,3,1,cleanup_prior_reviewer_snapshot:bda98747badc:4313:cleanup_20260506_final_code_artifact_cleanup/prior_reviewer_artifact_snapshot/results/longform/summary.md;cleanup_root_before:bda98747badc:4313:cleanup_20260506_final_code_artifact_cleanup/root_before_cleanup/results/longform/summary.md;cleanup_nested_reviewer_artifact:bda98747badc:4313:cleanup_20260506_final_code_artifact_cleanup/root_before_cleanup/submission_package/neurips2026_reviewer_artifact_anonymous/results/longform/summary.md
results/mech_classifier/cv_results.csv,3,1,cleanup_prior_reviewer_snapshot:65ae56c7da0f:127:cleanup_20260506_final_code_artifact_cleanup/prior_reviewer_artifact_snapshot/results/mech_classifier/cv_results.csv;cleanup_root_before:65ae56c7da0f:127:cleanup_20260506_final_code_artifact_cleanup/root_before_cleanup/results/mech_classifier/cv_results.csv;cleanup_nested_reviewer_artifact:65ae56c7da0f:127:cleanup_20260506_final_code_artifact_cleanup/root_before_cleanup/submission_package/neurips2026_reviewer_artifact_anonymous/results/mech_classifier/cv_results.csv
results/mech_classifier/feature_importance.csv,3,1,cleanup_prior_reviewer_snapshot:bfdb548f9768:2693:cleanup_20260506_final_code_artifact_cleanup/prior_reviewer_artifact_snapshot/results/mech_classifier/feature_importance.csv;cleanup_root_before:bfdb548f9768:2693:cleanup_20260506_final_code_artifact_cleanup/root_before_cleanup/results/mech_classifier/feature_importance.csv;cleanup_nested_reviewer_artifact:bfdb548f9768:2693:cleanup_20260506_final_code_artifact_cleanup/root_before_cleanup/submission_package/neurips2026_reviewer_artifact_anonymous/results/mech_classifier/feature_importance.csv
results/mech_classifier/features.csv,3,1,cleanup_prior_reviewer_snapshot:f669430f0665:16211:cleanup_20260506_final_code_artifact_cleanup/prior_reviewer_artifact_snapshot/results/mech_classifier/features.csv;cleanup_root_before:f669430f0665:16211:cleanup_20260506_final_code_artifact_cleanup/root_before_cleanup/results/mech_classifier/features.csv;cleanup_nested_reviewer_artifact:f669430f0665:16211:cleanup_20260506_final_code_artifact_cleanup/root_before_cleanup/submission_package/neurips2026_reviewer_artifact_anonymous/results/mech_classifier/features.csv
results/mech_classifier/summary.md,3,1,cleanup_prior_reviewer_snapshot:6d2a1a8ab805:1646:cleanup_20260506_final_code_artifact_cleanup/prior_reviewer_artifact_snapshot/results/mech_classifier/summary.md;cleanup_root_before:6d2a1a8ab805:1646:cleanup_20260506_final_code_artifact_cleanup/root_before_cleanup/results/mech_classifier/summary.md;cleanup_nested_reviewer_artifact:6d2a1a8ab805:1646:cleanup_20260506_final_code_artifact_cleanup/root_before_cleanup/submission_package/neurips2026_reviewer_artifact_anonymous/results/mech_classifier/summary.md
results/mechanistic/entropy_by_layer.csv,3,1,cleanup_prior_reviewer_snapshot:fdd88b2852c6:26667:cleanup_20260506_final_code_artifact_cleanup/prior_reviewer_artifact_snapshot/results/mechanistic/entropy_by_layer.csv;cleanup_root_before:fdd88b2852c6:26667:cleanup_20260506_final_code_artifact_cleanup/root_before_cleanup/results/mechanistic/entropy_by_layer.csv;cleanup_nested_reviewer_artifact:fdd88b2852c6:26667:cleanup_20260506_final_code_artifact_cleanup/root_before_cleanup/submission_package/neurips2026_reviewer_artifact_anonymous/results/mechanistic/entropy_by_layer.csv
results/mechanistic/per_pair.csv,3,1,cleanup_prior_reviewer_snapshot:5bfb5b370313:6539:cleanup_20260506_final_code_artifact_cleanup/prior_reviewer_artifact_snapshot/results/mechanistic/per_pair.csv;cleanup_root_before:5bfb5b370313:6539:cleanup_20260506_final_code_artifact_cleanup/root_before_cleanup/results/mechanistic/per_pair.csv;cleanup_nested_reviewer_artifact:5bfb5b370313:6539:cleanup_20260506_final_code_artifact_cleanup/root_before_cleanup/submission_package/neurips2026_reviewer_artifact_anonymous/results/mechanistic/per_pair.csv
results/mechanistic/retrieved_mass_by_layer.csv,3,1,cleanup_prior_reviewer_snapshot:9dfb5d5dbfe9:26666:cleanup_20260506_final_code_artifact_cleanup/prior_reviewer_artifact_snapshot/results/mechanistic/retrieved_mass_by_layer.csv;cleanup_root_before:9dfb5d5dbfe9:26666:cleanup_20260506_final_code_artifact_cleanup/root_before_cleanup/results/mechanistic/retrieved_mass_by_layer.csv;cleanup_nested_reviewer_artifact:9dfb5d5dbfe9:26666:cleanup_20260506_final_code_artifact_cleanup/root_before_cleanup/submission_package/neurips2026_reviewer_artifact_anonymous/results/mechanistic/retrieved_mass_by_layer.csv
results/mechanistic/summary.md,3,1,cleanup_prior_reviewer_snapshot:6bacbfbf6fd0:656:cleanup_20260506_final_code_artifact_cleanup/prior_reviewer_artifact_snapshot/results/mechanistic/summary.md;cleanup_root_before:6bacbfbf6fd0:656:cleanup_20260506_final_code_artifact_cleanup/root_before_cleanup/results/mechanistic/summary.md;cleanup_nested_reviewer_artifact:6bacbfbf6fd0:656:cleanup_20260506_final_code_artifact_cleanup/root_before_cleanup/submission_package/neurips2026_reviewer_artifact_anonymous/results/mechanistic/summary.md
results/mechanistic/top_k_attributions.jsonl,3,1,cleanup_prior_reviewer_snapshot:74613d75939d:126977:cleanup_20260506_final_code_artifact_cleanup/prior_reviewer_artifact_snapshot/results/mechanistic/top_k_attributions.jsonl;cleanup_root_before:74613d75939d:126977:cleanup_20260506_final_code_artifact_cleanup/root_before_cleanup/results/mechanistic/top_k_attributions.jsonl;cleanup_nested_reviewer_artifact:74613d75939d:126977:cleanup_20260506_final_code_artifact_cleanup/root_before_cleanup/submission_package/neurips2026_reviewer_artifact_anonymous/results/mechanistic/top_k_attributions.jsonl
results/multi_retriever/completed_tuples.json,4,1,cleanup_prior_reviewer_snapshot:9b81933237c9:230:cleanup_20260506_final_code_artifact_cleanup/prior_reviewer_artifact_snapshot/results/multi_retriever/completed_tuples.json;cleanup_root_before:9b81933237c9:230:cleanup_20260506_final_code_artifact_cleanup/root_before_cleanup/results/multi_retriever/completed_tuples.json;cleanup_nested_reviewer_artifact:9b81933237c9:230:cleanup_20260506_final_code_artifact_cleanup/root_before_cleanup/submission_package/neurips2026_reviewer_artifact_anonymous/results/multi_retriever/completed_tuples.json;submitted_git_worktree:9b81933237c9:230:rag-hallucination-detection_main/results/multi_retriever/completed_tuples.json
results/multi_retriever/paradox_by_embedder.csv,4,1,cleanup_prior_reviewer_snapshot:c10e773692be:886:cleanup_20260506_final_code_artifact_cleanup/prior_reviewer_artifact_snapshot/results/multi_retriever/paradox_by_embedder.csv;cleanup_root_before:c10e773692be:886:cleanup_20260506_final_code_artifact_cleanup/root_before_cleanup/results/multi_retriever/paradox_by_embedder.csv;cleanup_nested_reviewer_artifact:c10e773692be:886:cleanup_20260506_final_code_artifact_cleanup/root_before_cleanup/submission_package/neurips2026_reviewer_artifact_anonymous/results/multi_retriever/paradox_by_embedder.csv;submitted_git_worktree:c10e773692be:886:rag-hallucination-detection_main/results/multi_retriever/paradox_by_embedder.csv
results/multi_retriever/summary.csv,4,1,cleanup_prior_reviewer_snapshot:f581f4e134c0:1569:cleanup_20260506_final_code_artifact_cleanup/prior_reviewer_artifact_snapshot/results/multi_retriever/summary.csv;cleanup_root_before:f581f4e134c0:1569:cleanup_20260506_final_code_artifact_cleanup/root_before_cleanup/results/multi_retriever/summary.csv;cleanup_nested_reviewer_artifact:f581f4e134c0:1569:cleanup_20260506_final_code_artifact_cleanup/root_before_cleanup/submission_package/neurips2026_reviewer_artifact_anonymous/results/multi_retriever/summary.csv;submitted_git_worktree:f581f4e134c0:1569:rag-hallucination-detection_main/results/multi_retriever/summary.csv
results/multi_retriever/summary.md,4,1,cleanup_prior_reviewer_snapshot:0ede46b5b56e:6844:cleanup_20260506_final_code_artifact_cleanup/prior_reviewer_artifact_snapshot/results/multi_retriever/summary.md;cleanup_root_before:0ede46b5b56e:6844:cleanup_20260506_final_code_artifact_cleanup/root_before_cleanup/results/multi_retriever/summary.md;cleanup_nested_reviewer_artifact:0ede46b5b56e:6844:cleanup_20260506_final_code_artifact_cleanup/root_before_cleanup/submission_package/neurips2026_reviewer_artifact_anonymous/results/multi_retriever/summary.md;submitted_git_worktree:0ede46b5b56e:6844:rag-hallucination-detection_main/results/multi_retriever/summary.md
results/multidataset/coherence_paradox.csv,3,1,cleanup_prior_reviewer_snapshot:f0649df1f1a8:595:cleanup_20260506_final_code_artifact_cleanup/prior_reviewer_artifact_snapshot/results/multidataset/coherence_paradox.csv;cleanup_root_before:f0649df1f1a8:595:cleanup_20260506_final_code_artifact_cleanup/root_before_cleanup/results/multidataset/coherence_paradox.csv;cleanup_nested_reviewer_artifact:f0649df1f1a8:595:cleanup_20260506_final_code_artifact_cleanup/root_before_cleanup/submission_package/neurips2026_reviewer_artifact_anonymous/results/multidataset/coherence_paradox.csv
results/multidataset/completed_tuples.json,3,1,cleanup_prior_reviewer_snapshot:e3c7fd340139:524:cleanup_20260506_final_code_artifact_cleanup/prior_reviewer_artifact_snapshot/results/multidataset/completed_tuples.json;cleanup_root_before:e3c7fd340139:524:cleanup_20260506_final_code_artifact_cleanup/root_before_cleanup/results/multidataset/completed_tuples.json;cleanup_nested_reviewer_artifact:e3c7fd340139:524:cleanup_20260506_final_code_artifact_cleanup/root_before_cleanup/submission_package/neurips2026_reviewer_artifact_anonymous/results/multidataset/completed_tuples.json
results/multidataset/summary.csv,3,1,cleanup_prior_reviewer_snapshot:b9e98c5976dc:2540:cleanup_20260506_final_code_artifact_cleanup/prior_reviewer_artifact_snapshot/results/multidataset/summary.csv;cleanup_root_before:b9e98c5976dc:2540:cleanup_20260506_final_code_artifact_cleanup/root_before_cleanup/results/multidataset/summary.csv;cleanup_nested_reviewer_artifact:b9e98c5976dc:2540:cleanup_20260506_final_code_artifact_cleanup/root_before_cleanup/submission_package/neurips2026_reviewer_artifact_anonymous/results/multidataset/summary.csv
results/multidataset/summary.md,3,1,cleanup_prior_reviewer_snapshot:e1819094b9df:4103:cleanup_20260506_final_code_artifact_cleanup/prior_reviewer_artifact_snapshot/results/multidataset/summary.md;cleanup_root_before:e1819094b9df:4103:cleanup_20260506_final_code_artifact_cleanup/root_before_cleanup/results/multidataset/summary.md;cleanup_nested_reviewer_artifact:e1819094b9df:4103:cleanup_20260506_final_code_artifact_cleanup/root_before_cleanup/submission_package/neurips2026_reviewer_artifact_anonymous/results/multidataset/summary.md
results/multimodel/llama3_pubmedqa_chunk1024_k3_cot.csv,3,1,cleanup_prior_reviewer_snapshot:6ad4f33c8caa:40643:cleanup_20260506_final_code_artifact_cleanup/prior_reviewer_artifact_snapshot/results/multimodel/llama3_pubmedqa_chunk1024_k3_cot.csv;cleanup_root_before:6ad4f33c8caa:40643:cleanup_20260506_final_code_artifact_cleanup/root_before_cleanup/results/multimodel/llama3_pubmedqa_chunk1024_k3_cot.csv;cleanup_nested_reviewer_artifact:6ad4f33c8caa:40643:cleanup_20260506_final_code_artifact_cleanup/root_before_cleanup/submission_package/neurips2026_reviewer_artifact_anonymous/results/multimodel/llama3_pubmedqa_chunk1024_k3_cot.csv
results/multimodel/llama3_pubmedqa_chunk1024_k3_strict.csv,3,1,cleanup_prior_reviewer_snapshot:5111e21a26f4:42604:cleanup_20260506_final_code_artifact_cleanup/prior_reviewer_artifact_snapshot/results/multimodel/llama3_pubmedqa_chunk1024_k3_strict.csv;cleanup_root_before:5111e21a26f4:42604:cleanup_20260506_final_code_artifact_cleanup/root_before_cleanup/results/multimodel/llama3_pubmedqa_chunk1024_k3_strict.csv;cleanup_nested_reviewer_artifact:5111e21a26f4:42604:cleanup_20260506_final_code_artifact_cleanup/root_before_cleanup/submission_package/neurips2026_reviewer_artifact_anonymous/results/multimodel/llama3_pubmedqa_chunk1024_k3_strict.csv
results/multimodel/llama3_pubmedqa_chunk1024_k5_cot.csv,3,1,cleanup_prior_reviewer_snapshot:8f109b054d8b:44055:cleanup_20260506_final_code_artifact_cleanup/prior_reviewer_artifact_snapshot/results/multimodel/llama3_pubmedqa_chunk1024_k5_cot.csv;cleanup_root_before:8f109b054d8b:44055:cleanup_20260506_final_code_artifact_cleanup/root_before_cleanup/results/multimodel/llama3_pubmedqa_chunk1024_k5_cot.csv;cleanup_nested_reviewer_artifact:8f109b054d8b:44055:cleanup_20260506_final_code_artifact_cleanup/root_before_cleanup/submission_package/neurips2026_reviewer_artifact_anonymous/results/multimodel/llama3_pubmedqa_chunk1024_k5_cot.csv
results/multimodel/llama3_pubmedqa_chunk1024_k5_strict.csv,3,1,cleanup_prior_reviewer_snapshot:b5945c2d9ff4:43520:cleanup_20260506_final_code_artifact_cleanup/prior_reviewer_artifact_snapshot/results/multimodel/llama3_pubmedqa_chunk1024_k5_strict.csv;cleanup_root_before:b5945c2d9ff4:43520:cleanup_20260506_final_code_artifact_cleanup/root_before_cleanup/results/multimodel/llama3_pubmedqa_chunk1024_k5_strict.csv;cleanup_nested_reviewer_artifact:b5945c2d9ff4:43520:cleanup_20260506_final_code_artifact_cleanup/root_before_cleanup/submission_package/neurips2026_reviewer_artifact_anonymous/results/multimodel/llama3_pubmedqa_chunk1024_k5_strict.csv
results/multimodel/llama3_pubmedqa_chunk256_k3_cot.csv,3,1,cleanup_prior_reviewer_snapshot:1f728680b02a:36785:cleanup_20260506_final_code_artifact_cleanup/prior_reviewer_artifact_snapshot/results/multimodel/llama3_pubmedqa_chunk256_k3_cot.csv;cleanup_root_before:1f728680b02a:36785:cleanup_20260506_final_code_artifact_cleanup/root_before_cleanup/results/multimodel/llama3_pubmedqa_chunk256_k3_cot.csv;cleanup_nested_reviewer_artifact:1f728680b02a:36785:cleanup_20260506_final_code_artifact_cleanup/root_before_cleanup/submission_package/neurips2026_reviewer_artifact_anonymous/results/multimodel/llama3_pubmedqa_chunk256_k3_cot.csv
results/multimodel/llama3_pubmedqa_chunk256_k3_strict.csv,3,1,cleanup_prior_reviewer_snapshot:95f8242f1e35:38162:cleanup_20260506_final_code_artifact_cleanup/prior_reviewer_artifact_snapshot/results/multimodel/llama3_pubmedqa_chunk256_k3_strict.csv;cleanup_root_before:95f8242f1e35:38162:cleanup_20260506_final_code_artifact_cleanup/root_before_cleanup/results/multimodel/llama3_pubmedqa_chunk256_k3_strict.csv;cleanup_nested_reviewer_artifact:95f8242f1e35:38162:cleanup_20260506_final_code_artifact_cleanup/root_before_cleanup/submission_package/neurips2026_reviewer_artifact_anonymous/results/multimodel/llama3_pubmedqa_chunk256_k3_strict.csv
results/multimodel/llama3_pubmedqa_chunk256_k5_cot.csv,3,1,cleanup_prior_reviewer_snapshot:a59d87918340:37823:cleanup_20260506_final_code_artifact_cleanup/prior_reviewer_artifact_snapshot/results/multimodel/llama3_pubmedqa_chunk256_k5_cot.csv;cleanup_root_before:a59d87918340:37823:cleanup_20260506_final_code_artifact_cleanup/root_before_cleanup/results/multimodel/llama3_pubmedqa_chunk256_k5_cot.csv;cleanup_nested_reviewer_artifact:a59d87918340:37823:cleanup_20260506_final_code_artifact_cleanup/root_before_cleanup/submission_package/neurips2026_reviewer_artifact_anonymous/results/multimodel/llama3_pubmedqa_chunk256_k5_cot.csv
results/multimodel/llama3_pubmedqa_chunk256_k5_strict.csv,3,1,cleanup_prior_reviewer_snapshot:1fea29dc1d76:38721:cleanup_20260506_final_code_artifact_cleanup/prior_reviewer_artifact_snapshot/results/multimodel/llama3_pubmedqa_chunk256_k5_strict.csv;cleanup_root_before:1fea29dc1d76:38721:cleanup_20260506_final_code_artifact_cleanup/root_before_cleanup/results/multimodel/llama3_pubmedqa_chunk256_k5_strict.csv;cleanup_nested_reviewer_artifact:1fea29dc1d76:38721:cleanup_20260506_final_code_artifact_cleanup/root_before_cleanup/submission_package/neurips2026_reviewer_artifact_anonymous/results/multimodel/llama3_pubmedqa_chunk256_k5_strict.csv
results/multimodel/llama3_pubmedqa_chunk512_k3_cot.csv,3,1,cleanup_prior_reviewer_snapshot:9fc343b221b5:37257:cleanup_20260506_final_code_artifact_cleanup/prior_reviewer_artifact_snapshot/results/multimodel/llama3_pubmedqa_chunk512_k3_cot.csv;cleanup_root_before:9fc343b221b5:37257:cleanup_20260506_final_code_artifact_cleanup/root_before_cleanup/results/multimodel/llama3_pubmedqa_chunk512_k3_cot.csv;cleanup_nested_reviewer_artifact:9fc343b221b5:37257:cleanup_20260506_final_code_artifact_cleanup/root_before_cleanup/submission_package/neurips2026_reviewer_artifact_anonymous/results/multimodel/llama3_pubmedqa_chunk512_k3_cot.csv
results/multimodel/llama3_pubmedqa_chunk512_k3_strict.csv,3,1,cleanup_prior_reviewer_snapshot:e11d8aa649c9:40136:cleanup_20260506_final_code_artifact_cleanup/prior_reviewer_artifact_snapshot/results/multimodel/llama3_pubmedqa_chunk512_k3_strict.csv;cleanup_root_before:e11d8aa649c9:40136:cleanup_20260506_final_code_artifact_cleanup/root_before_cleanup/results/multimodel/llama3_pubmedqa_chunk512_k3_strict.csv;cleanup_nested_reviewer_artifact:e11d8aa649c9:40136:cleanup_20260506_final_code_artifact_cleanup/root_before_cleanup/submission_package/neurips2026_reviewer_artifact_anonymous/results/multimodel/llama3_pubmedqa_chunk512_k3_strict.csv
results/multimodel/llama3_pubmedqa_chunk512_k5_cot.csv,3,1,cleanup_prior_reviewer_snapshot:ed4a8ec52cce:39201:cleanup_20260506_final_code_artifact_cleanup/prior_reviewer_artifact_snapshot/results/multimodel/llama3_pubmedqa_chunk512_k5_cot.csv;cleanup_root_before:ed4a8ec52cce:39201:cleanup_20260506_final_code_artifact_cleanup/root_before_cleanup/results/multimodel/llama3_pubmedqa_chunk512_k5_cot.csv;cleanup_nested_reviewer_artifact:ed4a8ec52cce:39201:cleanup_20260506_final_code_artifact_cleanup/root_before_cleanup/submission_package/neurips2026_reviewer_artifact_anonymous/results/multimodel/llama3_pubmedqa_chunk512_k5_cot.csv
results/multimodel/llama3_pubmedqa_chunk512_k5_strict.csv,3,1,cleanup_prior_reviewer_snapshot:e107b485ec36:42615:cleanup_20260506_final_code_artifact_cleanup/prior_reviewer_artifact_snapshot/results/multimodel/llama3_pubmedqa_chunk512_k5_strict.csv;cleanup_root_before:e107b485ec36:42615:cleanup_20260506_final_code_artifact_cleanup/root_before_cleanup/results/multimodel/llama3_pubmedqa_chunk512_k5_strict.csv;cleanup_nested_reviewer_artifact:e107b485ec36:42615:cleanup_20260506_final_code_artifact_cleanup/root_before_cleanup/submission_package/neurips2026_reviewer_artifact_anonymous/results/multimodel/llama3_pubmedqa_chunk512_k5_strict.csv
results/multimodel/llama3_squad_chunk1024_k3_cot.csv,3,1,cleanup_prior_reviewer_snapshot:c0542f59ccf3:21661:cleanup_20260506_final_code_artifact_cleanup/prior_reviewer_artifact_snapshot/results/multimodel/llama3_squad_chunk1024_k3_cot.csv;cleanup_root_before:c0542f59ccf3:21661:cleanup_20260506_final_code_artifact_cleanup/root_before_cleanup/results/multimodel/llama3_squad_chunk1024_k3_cot.csv;cleanup_nested_reviewer_artifact:c0542f59ccf3:21661:cleanup_20260506_final_code_artifact_cleanup/root_before_cleanup/submission_package/neurips2026_reviewer_artifact_anonymous/results/multimodel/llama3_squad_chunk1024_k3_cot.csv
results/multimodel/llama3_squad_chunk1024_k3_strict.csv,3,1,cleanup_prior_reviewer_snapshot:ca29d8ad73f0:22056:cleanup_20260506_final_code_artifact_cleanup/prior_reviewer_artifact_snapshot/results/multimodel/llama3_squad_chunk1024_k3_strict.csv;cleanup_root_before:ca29d8ad73f0:22056:cleanup_20260506_final_code_artifact_cleanup/root_before_cleanup/results/multimodel/llama3_squad_chunk1024_k3_strict.csv;cleanup_nested_reviewer_artifact:ca29d8ad73f0:22056:cleanup_20260506_final_code_artifact_cleanup/root_before_cleanup/submission_package/neurips2026_reviewer_artifact_anonymous/results/multimodel/llama3_squad_chunk1024_k3_strict.csv
results/multimodel/llama3_squad_chunk1024_k5_cot.csv,3,1,cleanup_prior_reviewer_snapshot:08f8b5551a5b:22728:cleanup_20260506_final_code_artifact_cleanup/prior_reviewer_artifact_snapshot/results/multimodel/llama3_squad_chunk1024_k5_cot.csv;cleanup_root_before:08f8b5551a5b:22728:cleanup_20260506_final_code_artifact_cleanup/root_before_cleanup/results/multimodel/llama3_squad_chunk1024_k5_cot.csv;cleanup_nested_reviewer_artifact:08f8b5551a5b:22728:cleanup_20260506_final_code_artifact_cleanup/root_before_cleanup/submission_package/neurips2026_reviewer_artifact_anonymous/results/multimodel/llama3_squad_chunk1024_k5_cot.csv
results/multimodel/llama3_squad_chunk1024_k5_strict.csv,3,1,cleanup_prior_reviewer_snapshot:436fb6fdc31f:22293:cleanup_20260506_final_code_artifact_cleanup/prior_reviewer_artifact_snapshot/results/multimodel/llama3_squad_chunk1024_k5_strict.csv;cleanup_root_before:436fb6fdc31f:22293:cleanup_20260506_final_code_artifact_cleanup/root_before_cleanup/results/multimodel/llama3_squad_chunk1024_k5_strict.csv;cleanup_nested_reviewer_artifact:436fb6fdc31f:22293:cleanup_20260506_final_code_artifact_cleanup/root_before_cleanup/submission_package/neurips2026_reviewer_artifact_anonymous/results/multimodel/llama3_squad_chunk1024_k5_strict.csv
results/multimodel/llama3_squad_chunk256_k3_cot.csv,3,1,cleanup_prior_reviewer_snapshot:654e01a6bf1b:22121:cleanup_20260506_final_code_artifact_cleanup/prior_reviewer_artifact_snapshot/results/multimodel/llama3_squad_chunk256_k3_cot.csv;cleanup_root_before:654e01a6bf1b:22121:cleanup_20260506_final_code_artifact_cleanup/root_before_cleanup/results/multimodel/llama3_squad_chunk256_k3_cot.csv;cleanup_nested_reviewer_artifact:654e01a6bf1b:22121:cleanup_20260506_final_code_artifact_cleanup/root_before_cleanup/submission_package/neurips2026_reviewer_artifact_anonymous/results/multimodel/llama3_squad_chunk256_k3_cot.csv
results/multimodel/llama3_squad_chunk256_k3_strict.csv,3,1,cleanup_prior_reviewer_snapshot:2a4452f71a8e:22250:cleanup_20260506_final_code_artifact_cleanup/prior_reviewer_artifact_snapshot/results/multimodel/llama3_squad_chunk256_k3_strict.csv;cleanup_root_before:2a4452f71a8e:22250:cleanup_20260506_final_code_artifact_cleanup/root_before_cleanup/results/multimodel/llama3_squad_chunk256_k3_strict.csv;cleanup_nested_reviewer_artifact:2a4452f71a8e:22250:cleanup_20260506_final_code_artifact_cleanup/root_before_cleanup/submission_package/neurips2026_reviewer_artifact_anonymous/results/multimodel/llama3_squad_chunk256_k3_strict.csv
results/multimodel/llama3_squad_chunk256_k5_cot.csv,3,1,cleanup_prior_reviewer_snapshot:a5d9dd4cd12f:22147:cleanup_20260506_final_code_artifact_cleanup/prior_reviewer_artifact_snapshot/results/multimodel/llama3_squad_chunk256_k5_cot.csv;cleanup_root_before:a5d9dd4cd12f:22147:cleanup_20260506_final_code_artifact_cleanup/root_before_cleanup/results/multimodel/llama3_squad_chunk256_k5_cot.csv;cleanup_nested_reviewer_artifact:a5d9dd4cd12f:22147:cleanup_20260506_final_code_artifact_cleanup/root_before_cleanup/submission_package/neurips2026_reviewer_artifact_anonymous/results/multimodel/llama3_squad_chunk256_k5_cot.csv
results/multimodel/llama3_squad_chunk256_k5_strict.csv,3,1,cleanup_prior_reviewer_snapshot:00ca62077ea6:23596:cleanup_20260506_final_code_artifact_cleanup/prior_reviewer_artifact_snapshot/results/multimodel/llama3_squad_chunk256_k5_strict.csv;cleanup_root_before:00ca62077ea6:23596:cleanup_20260506_final_code_artifact_cleanup/root_before_cleanup/results/multimodel/llama3_squad_chunk256_k5_strict.csv;cleanup_nested_reviewer_artifact:00ca62077ea6:23596:cleanup_20260506_final_code_artifact_cleanup/root_before_cleanup/submission_package/neurips2026_reviewer_artifact_anonymous/results/multimodel/llama3_squad_chunk256_k5_strict.csv
results/multimodel/llama3_squad_chunk512_k3_cot.csv,3,1,cleanup_prior_reviewer_snapshot:af2fbf3e584f:23192:cleanup_20260506_final_code_artifact_cleanup/prior_reviewer_artifact_snapshot/results/multimodel/llama3_squad_chunk512_k3_cot.csv;cleanup_root_before:af2fbf3e584f:23192:cleanup_20260506_final_code_artifact_cleanup/root_before_cleanup/results/multimodel/llama3_squad_chunk512_k3_cot.csv;cleanup_nested_reviewer_artifact:af2fbf3e584f:23192:cleanup_20260506_final_code_artifact_cleanup/root_before_cleanup/submission_package/neurips2026_reviewer_artifact_anonymous/results/multimodel/llama3_squad_chunk512_k3_cot.csv
results/multimodel/llama3_squad_chunk512_k3_strict.csv,3,1,cleanup_prior_reviewer_snapshot:c0b237dac2a2:22830:cleanup_20260506_final_code_artifact_cleanup/prior_reviewer_artifact_snapshot/results/multimodel/llama3_squad_chunk512_k3_strict.csv;cleanup_root_before:c0b237dac2a2:22830:cleanup_20260506_final_code_artifact_cleanup/root_before_cleanup/results/multimodel/llama3_squad_chunk512_k3_strict.csv;cleanup_nested_reviewer_artifact:c0b237dac2a2:22830:cleanup_20260506_final_code_artifact_cleanup/root_before_cleanup/submission_package/neurips2026_reviewer_artifact_anonymous/results/multimodel/llama3_squad_chunk512_k3_strict.csv
results/multimodel/llama3_squad_chunk512_k5_cot.csv,3,1,cleanup_prior_reviewer_snapshot:6a7676f47d87:21842:cleanup_20260506_final_code_artifact_cleanup/prior_reviewer_artifact_snapshot/results/multimodel/llama3_squad_chunk512_k5_cot.csv;cleanup_root_before:6a7676f47d87:21842:cleanup_20260506_final_code_artifact_cleanup/root_before_cleanup/results/multimodel/llama3_squad_chunk512_k5_cot.csv;cleanup_nested_reviewer_artifact:6a7676f47d87:21842:cleanup_20260506_final_code_artifact_cleanup/root_before_cleanup/submission_package/neurips2026_reviewer_artifact_anonymous/results/multimodel/llama3_squad_chunk512_k5_cot.csv
results/multimodel/llama3_squad_chunk512_k5_strict.csv,3,1,cleanup_prior_reviewer_snapshot:ed1a717f9fc9:22436:cleanup_20260506_final_code_artifact_cleanup/prior_reviewer_artifact_snapshot/results/multimodel/llama3_squad_chunk512_k5_strict.csv;cleanup_root_before:ed1a717f9fc9:22436:cleanup_20260506_final_code_artifact_cleanup/root_before_cleanup/results/multimodel/llama3_squad_chunk512_k5_strict.csv;cleanup_nested_reviewer_artifact:ed1a717f9fc9:22436:cleanup_20260506_final_code_artifact_cleanup/root_before_cleanup/submission_package/neurips2026_reviewer_artifact_anonymous/results/multimodel/llama3_squad_chunk512_k5_strict.csv
results/multimodel/mistral_pubmedqa_chunk1024_k3_cot.csv,3,1,cleanup_prior_reviewer_snapshot:67ecd3137f41:45381:cleanup_20260506_final_code_artifact_cleanup/prior_reviewer_artifact_snapshot/results/multimodel/mistral_pubmedqa_chunk1024_k3_cot.csv;cleanup_root_before:67ecd3137f41:45381:cleanup_20260506_final_code_artifact_cleanup/root_before_cleanup/results/multimodel/mistral_pubmedqa_chunk1024_k3_cot.csv;cleanup_nested_reviewer_artifact:67ecd3137f41:45381:cleanup_20260506_final_code_artifact_cleanup/root_before_cleanup/submission_package/neurips2026_reviewer_artifact_anonymous/results/multimodel/mistral_pubmedqa_chunk1024_k3_cot.csv
results/multimodel/mistral_pubmedqa_chunk1024_k3_strict.csv,3,1,cleanup_prior_reviewer_snapshot:33935c317414:44490:cleanup_20260506_final_code_artifact_cleanup/prior_reviewer_artifact_snapshot/results/multimodel/mistral_pubmedqa_chunk1024_k3_strict.csv;cleanup_root_before:33935c317414:44490:cleanup_20260506_final_code_artifact_cleanup/root_before_cleanup/results/multimodel/mistral_pubmedqa_chunk1024_k3_strict.csv;cleanup_nested_reviewer_artifact:33935c317414:44490:cleanup_20260506_final_code_artifact_cleanup/root_before_cleanup/submission_package/neurips2026_reviewer_artifact_anonymous/results/multimodel/mistral_pubmedqa_chunk1024_k3_strict.csv
results/multimodel/mistral_pubmedqa_chunk1024_k5_cot.csv,3,1,cleanup_prior_reviewer_snapshot:1b603a2c57f4:46366:cleanup_20260506_final_code_artifact_cleanup/prior_reviewer_artifact_snapshot/results/multimodel/mistral_pubmedqa_chunk1024_k5_cot.csv;cleanup_root_before:1b603a2c57f4:46366:cleanup_20260506_final_code_artifact_cleanup/root_before_cleanup/results/multimodel/mistral_pubmedqa_chunk1024_k5_cot.csv;cleanup_nested_reviewer_artifact:1b603a2c57f4:46366:cleanup_20260506_final_code_artifact_cleanup/root_before_cleanup/submission_package/neurips2026_reviewer_artifact_anonymous/results/multimodel/mistral_pubmedqa_chunk1024_k5_cot.csv
results/multimodel/mistral_pubmedqa_chunk1024_k5_strict.csv,3,1,cleanup_prior_reviewer_snapshot:c8d604608ddb:43868:cleanup_20260506_final_code_artifact_cleanup/prior_reviewer_artifact_snapshot/results/multimodel/mistral_pubmedqa_chunk1024_k5_strict.csv;cleanup_root_before:c8d604608ddb:43868:cleanup_20260506_final_code_artifact_cleanup/root_before_cleanup/results/multimodel/mistral_pubmedqa_chunk1024_k5_strict.csv;cleanup_nested_reviewer_artifact:c8d604608ddb:43868:cleanup_20260506_final_code_artifact_cleanup/root_before_cleanup/submission_package/neurips2026_reviewer_artifact_anonymous/results/multimodel/mistral_pubmedqa_chunk1024_k5_strict.csv
results/multimodel/mistral_pubmedqa_chunk256_k3_cot.csv,3,1,cleanup_prior_reviewer_snapshot:6b938c9d66d2:37309:cleanup_20260506_final_code_artifact_cleanup/prior_reviewer_artifact_snapshot/results/multimodel/mistral_pubmedqa_chunk256_k3_cot.csv;cleanup_root_before:6b938c9d66d2:37309:cleanup_20260506_final_code_artifact_cleanup/root_before_cleanup/results/multimodel/mistral_pubmedqa_chunk256_k3_cot.csv;cleanup_nested_reviewer_artifact:6b938c9d66d2:37309:cleanup_20260506_final_code_artifact_cleanup/root_before_cleanup/submission_package/neurips2026_reviewer_artifact_anonymous/results/multimodel/mistral_pubmedqa_chunk256_k3_cot.csv
results/multimodel/mistral_pubmedqa_chunk256_k3_strict.csv,3,1,cleanup_prior_reviewer_snapshot:44c4250e160d:39378:cleanup_20260506_final_code_artifact_cleanup/prior_reviewer_artifact_snapshot/results/multimodel/mistral_pubmedqa_chunk256_k3_strict.csv;cleanup_root_before:44c4250e160d:39378:cleanup_20260506_final_code_artifact_cleanup/root_before_cleanup/results/multimodel/mistral_pubmedqa_chunk256_k3_strict.csv;cleanup_nested_reviewer_artifact:44c4250e160d:39378:cleanup_20260506_final_code_artifact_cleanup/root_before_cleanup/submission_package/neurips2026_reviewer_artifact_anonymous/results/multimodel/mistral_pubmedqa_chunk256_k3_strict.csv
results/multimodel/mistral_pubmedqa_chunk256_k5_cot.csv,3,1,cleanup_prior_reviewer_snapshot:3b3f40d25f05:37936:cleanup_20260506_final_code_artifact_cleanup/prior_reviewer_artifact_snapshot/results/multimodel/mistral_pubmedqa_chunk256_k5_cot.csv;cleanup_root_before:3b3f40d25f05:37936:cleanup_20260506_final_code_artifact_cleanup/root_before_cleanup/results/multimodel/mistral_pubmedqa_chunk256_k5_cot.csv;cleanup_nested_reviewer_artifact:3b3f40d25f05:37936:cleanup_20260506_final_code_artifact_cleanup/root_before_cleanup/submission_package/neurips2026_reviewer_artifact_anonymous/results/multimodel/mistral_pubmedqa_chunk256_k5_cot.csv
results/multimodel/mistral_pubmedqa_chunk256_k5_strict.csv,3,1,cleanup_prior_reviewer_snapshot:2a685e2d4eff:40688:cleanup_20260506_final_code_artifact_cleanup/prior_reviewer_artifact_snapshot/results/multimodel/mistral_pubmedqa_chunk256_k5_strict.csv;cleanup_root_before:2a685e2d4eff:40688:cleanup_20260506_final_code_artifact_cleanup/root_before_cleanup/results/multimodel/mistral_pubmedqa_chunk256_k5_strict.csv;cleanup_nested_reviewer_artifact:2a685e2d4eff:40688:cleanup_20260506_final_code_artifact_cleanup/root_before_cleanup/submission_package/neurips2026_reviewer_artifact_anonymous/results/multimodel/mistral_pubmedqa_chunk256_k5_strict.csv
results/multimodel/mistral_pubmedqa_chunk512_k3_cot.csv,3,1,cleanup_prior_reviewer_snapshot:d749efa3619c:41117:cleanup_20260506_final_code_artifact_cleanup/prior_reviewer_artifact_snapshot/results/multimodel/mistral_pubmedqa_chunk512_k3_cot.csv;cleanup_root_before:d749efa3619c:41117:cleanup_20260506_final_code_artifact_cleanup/root_before_cleanup/results/multimodel/mistral_pubmedqa_chunk512_k3_cot.csv;cleanup_nested_reviewer_artifact:d749efa3619c:41117:cleanup_20260506_final_code_artifact_cleanup/root_before_cleanup/submission_package/neurips2026_reviewer_artifact_anonymous/results/multimodel/mistral_pubmedqa_chunk512_k3_cot.csv
results/multimodel/mistral_pubmedqa_chunk512_k3_strict.csv,3,1,cleanup_prior_reviewer_snapshot:95ad4871fddd:45086:cleanup_20260506_final_code_artifact_cleanup/prior_reviewer_artifact_snapshot/results/multimodel/mistral_pubmedqa_chunk512_k3_strict.csv;cleanup_root_before:95ad4871fddd:45086:cleanup_20260506_final_code_artifact_cleanup/root_before_cleanup/results/multimodel/mistral_pubmedqa_chunk512_k3_strict.csv;cleanup_nested_reviewer_artifact:95ad4871fddd:45086:cleanup_20260506_final_code_artifact_cleanup/root_before_cleanup/submission_package/neurips2026_reviewer_artifact_anonymous/results/multimodel/mistral_pubmedqa_chunk512_k3_strict.csv
results/multimodel/mistral_pubmedqa_chunk512_k5_cot.csv,3,1,cleanup_prior_reviewer_snapshot:9a3604957586:43673:cleanup_20260506_final_code_artifact_cleanup/prior_reviewer_artifact_snapshot/results/multimodel/mistral_pubmedqa_chunk512_k5_cot.csv;cleanup_root_before:9a3604957586:43673:cleanup_20260506_final_code_artifact_cleanup/root_before_cleanup/results/multimodel/mistral_pubmedqa_chunk512_k5_cot.csv;cleanup_nested_reviewer_artifact:9a3604957586:43673:cleanup_20260506_final_code_artifact_cleanup/root_before_cleanup/submission_package/neurips2026_reviewer_artifact_anonymous/results/multimodel/mistral_pubmedqa_chunk512_k5_cot.csv
results/multimodel/mistral_pubmedqa_chunk512_k5_strict.csv,3,1,cleanup_prior_reviewer_snapshot:57d4e57d1cb7:43498:cleanup_20260506_final_code_artifact_cleanup/prior_reviewer_artifact_snapshot/results/multimodel/mistral_pubmedqa_chunk512_k5_strict.csv;cleanup_root_before:57d4e57d1cb7:43498:cleanup_20260506_final_code_artifact_cleanup/root_before_cleanup/results/multimodel/mistral_pubmedqa_chunk512_k5_strict.csv;cleanup_nested_reviewer_artifact:57d4e57d1cb7:43498:cleanup_20260506_final_code_artifact_cleanup/root_before_cleanup/submission_package/neurips2026_reviewer_artifact_anonymous/results/multimodel/mistral_pubmedqa_chunk512_k5_strict.csv
results/multimodel/mistral_squad_chunk1024_k3_cot.csv,3,1,cleanup_prior_reviewer_snapshot:f5553d8f2fb0:22839:cleanup_20260506_final_code_artifact_cleanup/prior_reviewer_artifact_snapshot/results/multimodel/mistral_squad_chunk1024_k3_cot.csv;cleanup_root_before:f5553d8f2fb0:22839:cleanup_20260506_final_code_artifact_cleanup/root_before_cleanup/results/multimodel/mistral_squad_chunk1024_k3_cot.csv;cleanup_nested_reviewer_artifact:f5553d8f2fb0:22839:cleanup_20260506_final_code_artifact_cleanup/root_before_cleanup/submission_package/neurips2026_reviewer_artifact_anonymous/results/multimodel/mistral_squad_chunk1024_k3_cot.csv
results/multimodel/mistral_squad_chunk1024_k3_strict.csv,3,1,cleanup_prior_reviewer_snapshot:a9846c00991b:21904:cleanup_20260506_final_code_artifact_cleanup/prior_reviewer_artifact_snapshot/results/multimodel/mistral_squad_chunk1024_k3_strict.csv;cleanup_root_before:a9846c00991b:21904:cleanup_20260506_final_code_artifact_cleanup/root_before_cleanup/results/multimodel/mistral_squad_chunk1024_k3_strict.csv;cleanup_nested_reviewer_artifact:a9846c00991b:21904:cleanup_20260506_final_code_artifact_cleanup/root_before_cleanup/submission_package/neurips2026_reviewer_artifact_anonymous/results/multimodel/mistral_squad_chunk1024_k3_strict.csv
results/multimodel/mistral_squad_chunk1024_k5_cot.csv,3,1,cleanup_prior_reviewer_snapshot:0e5ace593444:21885:cleanup_20260506_final_code_artifact_cleanup/prior_reviewer_artifact_snapshot/results/multimodel/mistral_squad_chunk1024_k5_cot.csv;cleanup_root_before:0e5ace593444:21885:cleanup_20260506_final_code_artifact_cleanup/root_before_cleanup/results/multimodel/mistral_squad_chunk1024_k5_cot.csv;cleanup_nested_reviewer_artifact:0e5ace593444:21885:cleanup_20260506_final_code_artifact_cleanup/root_before_cleanup/submission_package/neurips2026_reviewer_artifact_anonymous/results/multimodel/mistral_squad_chunk1024_k5_cot.csv
results/multimodel/mistral_squad_chunk1024_k5_strict.csv,3,1,cleanup_prior_reviewer_snapshot:f8150480bcb9:22658:cleanup_20260506_final_code_artifact_cleanup/prior_reviewer_artifact_snapshot/results/multimodel/mistral_squad_chunk1024_k5_strict.csv;cleanup_root_before:f8150480bcb9:22658:cleanup_20260506_final_code_artifact_cleanup/root_before_cleanup/results/multimodel/mistral_squad_chunk1024_k5_strict.csv;cleanup_nested_reviewer_artifact:f8150480bcb9:22658:cleanup_20260506_final_code_artifact_cleanup/root_before_cleanup/submission_package/neurips2026_reviewer_artifact_anonymous/results/multimodel/mistral_squad_chunk1024_k5_strict.csv
results/multimodel/mistral_squad_chunk256_k3_cot.csv,3,1,cleanup_prior_reviewer_snapshot:aec843617b91:28383:cleanup_20260506_final_code_artifact_cleanup/prior_reviewer_artifact_snapshot/results/multimodel/mistral_squad_chunk256_k3_cot.csv;cleanup_root_before:aec843617b91:28383:cleanup_20260506_final_code_artifact_cleanup/root_before_cleanup/results/multimodel/mistral_squad_chunk256_k3_cot.csv;cleanup_nested_reviewer_artifact:aec843617b91:28383:cleanup_20260506_final_code_artifact_cleanup/root_before_cleanup/submission_package/neurips2026_reviewer_artifact_anonymous/results/multimodel/mistral_squad_chunk256_k3_cot.csv
results/multimodel/mistral_squad_chunk256_k3_strict.csv,3,1,cleanup_prior_reviewer_snapshot:6d64efbd3b99:26014:cleanup_20260506_final_code_artifact_cleanup/prior_reviewer_artifact_snapshot/results/multimodel/mistral_squad_chunk256_k3_strict.csv;cleanup_root_before:6d64efbd3b99:26014:cleanup_20260506_final_code_artifact_cleanup/root_before_cleanup/results/multimodel/mistral_squad_chunk256_k3_strict.csv;cleanup_nested_reviewer_artifact:6d64efbd3b99:26014:cleanup_20260506_final_code_artifact_cleanup/root_before_cleanup/submission_package/neurips2026_reviewer_artifact_anonymous/results/multimodel/mistral_squad_chunk256_k3_strict.csv
results/multimodel/mistral_squad_chunk256_k5_cot.csv,3,1,cleanup_prior_reviewer_snapshot:73479ce818c1:24360:cleanup_20260506_final_code_artifact_cleanup/prior_reviewer_artifact_snapshot/results/multimodel/mistral_squad_chunk256_k5_cot.csv;cleanup_root_before:73479ce818c1:24360:cleanup_20260506_final_code_artifact_cleanup/root_before_cleanup/results/multimodel/mistral_squad_chunk256_k5_cot.csv;cleanup_nested_reviewer_artifact:73479ce818c1:24360:cleanup_20260506_final_code_artifact_cleanup/root_before_cleanup/submission_package/neurips2026_reviewer_artifact_anonymous/results/multimodel/mistral_squad_chunk256_k5_cot.csv
results/multimodel/mistral_squad_chunk256_k5_strict.csv,3,1,cleanup_prior_reviewer_snapshot:af8576356ae7:22901:cleanup_20260506_final_code_artifact_cleanup/prior_reviewer_artifact_snapshot/results/multimodel/mistral_squad_chunk256_k5_strict.csv;cleanup_root_before:af8576356ae7:22901:cleanup_20260506_final_code_artifact_cleanup/root_before_cleanup/results/multimodel/mistral_squad_chunk256_k5_strict.csv;cleanup_nested_reviewer_artifact:af8576356ae7:22901:cleanup_20260506_final_code_artifact_cleanup/root_before_cleanup/submission_package/neurips2026_reviewer_artifact_anonymous/results/multimodel/mistral_squad_chunk256_k5_strict.csv
results/multimodel/mistral_squad_chunk512_k3_cot.csv,3,1,cleanup_prior_reviewer_snapshot:a3a1e62b9255:24393:cleanup_20260506_final_code_artifact_cleanup/prior_reviewer_artifact_snapshot/results/multimodel/mistral_squad_chunk512_k3_cot.csv;cleanup_root_before:a3a1e62b9255:24393:cleanup_20260506_final_code_artifact_cleanup/root_before_cleanup/results/multimodel/mistral_squad_chunk512_k3_cot.csv;cleanup_nested_reviewer_artifact:a3a1e62b9255:24393:cleanup_20260506_final_code_artifact_cleanup/root_before_cleanup/submission_package/neurips2026_reviewer_artifact_anonymous/results/multimodel/mistral_squad_chunk512_k3_cot.csv
results/multimodel/mistral_squad_chunk512_k3_strict.csv,3,1,cleanup_prior_reviewer_snapshot:c35665d99487:22705:cleanup_20260506_final_code_artifact_cleanup/prior_reviewer_artifact_snapshot/results/multimodel/mistral_squad_chunk512_k3_strict.csv;cleanup_root_before:c35665d99487:22705:cleanup_20260506_final_code_artifact_cleanup/root_before_cleanup/results/multimodel/mistral_squad_chunk512_k3_strict.csv;cleanup_nested_reviewer_artifact:c35665d99487:22705:cleanup_20260506_final_code_artifact_cleanup/root_before_cleanup/submission_package/neurips2026_reviewer_artifact_anonymous/results/multimodel/mistral_squad_chunk512_k3_strict.csv
results/multimodel/mistral_squad_chunk512_k5_cot.csv,3,1,cleanup_prior_reviewer_snapshot:557689d9f01a:22764:cleanup_20260506_final_code_artifact_cleanup/prior_reviewer_artifact_snapshot/results/multimodel/mistral_squad_chunk512_k5_cot.csv;cleanup_root_before:557689d9f01a:22764:cleanup_20260506_final_code_artifact_cleanup/root_before_cleanup/results/multimodel/mistral_squad_chunk512_k5_cot.csv;cleanup_nested_reviewer_artifact:557689d9f01a:22764:cleanup_20260506_final_code_artifact_cleanup/root_before_cleanup/submission_package/neurips2026_reviewer_artifact_anonymous/results/multimodel/mistral_squad_chunk512_k5_cot.csv
results/multimodel/mistral_squad_chunk512_k5_strict.csv,3,1,cleanup_prior_reviewer_snapshot:559141c84345:21574:cleanup_20260506_final_code_artifact_cleanup/prior_reviewer_artifact_snapshot/results/multimodel/mistral_squad_chunk512_k5_strict.csv;cleanup_root_before:559141c84345:21574:cleanup_20260506_final_code_artifact_cleanup/root_before_cleanup/results/multimodel/mistral_squad_chunk512_k5_strict.csv;cleanup_nested_reviewer_artifact:559141c84345:21574:cleanup_20260506_final_code_artifact_cleanup/root_before_cleanup/submission_package/neurips2026_reviewer_artifact_anonymous/results/multimodel/mistral_squad_chunk512_k5_strict.csv
results/multimodel/summary.csv,3,1,cleanup_prior_reviewer_snapshot:52fd4668fc4f:2112:cleanup_20260506_final_code_artifact_cleanup/prior_reviewer_artifact_snapshot/results/multimodel/summary.csv;cleanup_root_before:52fd4668fc4f:2112:cleanup_20260506_final_code_artifact_cleanup/root_before_cleanup/results/multimodel/summary.csv;cleanup_nested_reviewer_artifact:52fd4668fc4f:2112:cleanup_20260506_final_code_artifact_cleanup/root_before_cleanup/submission_package/neurips2026_reviewer_artifact_anonymous/results/multimodel/summary.csv
results/multimodel/summary.json,3,1,cleanup_prior_reviewer_snapshot:d38ca300e20a:10229:cleanup_20260506_final_code_artifact_cleanup/prior_reviewer_artifact_snapshot/results/multimodel/summary.json;cleanup_root_before:d38ca300e20a:10229:cleanup_20260506_final_code_artifact_cleanup/root_before_cleanup/results/multimodel/summary.json;cleanup_nested_reviewer_artifact:d38ca300e20a:10229:cleanup_20260506_final_code_artifact_cleanup/root_before_cleanup/submission_package/neurips2026_reviewer_artifact_anonymous/results/multimodel/summary.json
results/multiseed/paradox_variance.csv,3,1,cleanup_prior_reviewer_snapshot:ebea626f7f69:163:cleanup_20260506_final_code_artifact_cleanup/prior_reviewer_artifact_snapshot/results/multiseed/paradox_variance.csv;cleanup_root_before:ebea626f7f69:163:cleanup_20260506_final_code_artifact_cleanup/root_before_cleanup/results/multiseed/paradox_variance.csv;cleanup_nested_reviewer_artifact:ebea626f7f69:163:cleanup_20260506_final_code_artifact_cleanup/root_before_cleanup/submission_package/neurips2026_reviewer_artifact_anonymous/results/multiseed/paradox_variance.csv
results/multiseed/variance_summary.csv,3,1,cleanup_prior_reviewer_snapshot:52b3195d43e8:370:cleanup_20260506_final_code_artifact_cleanup/prior_reviewer_artifact_snapshot/results/multiseed/variance_summary.csv;cleanup_root_before:52b3195d43e8:370:cleanup_20260506_final_code_artifact_cleanup/root_before_cleanup/results/multiseed/variance_summary.csv;cleanup_nested_reviewer_artifact:52b3195d43e8:370:cleanup_20260506_final_code_artifact_cleanup/root_before_cleanup/submission_package/neurips2026_reviewer_artifact_anonymous/results/multiseed/variance_summary.csv
results/multiseed/variance_summary.md,3,1,cleanup_prior_reviewer_snapshot:802491413cb8:1636:cleanup_20260506_final_code_artifact_cleanup/prior_reviewer_artifact_snapshot/results/multiseed/variance_summary.md;cleanup_root_before:802491413cb8:1636:cleanup_20260506_final_code_artifact_cleanup/root_before_cleanup/results/multiseed/variance_summary.md;cleanup_nested_reviewer_artifact:802491413cb8:1636:cleanup_20260506_final_code_artifact_cleanup/root_before_cleanup/submission_package/neurips2026_reviewer_artifact_anonymous/results/multiseed/variance_summary.md
results/noise_injection/coherence_vs_noise.csv,3,1,cleanup_prior_reviewer_snapshot:b5e22200ea3f:272:cleanup_20260506_final_code_artifact_cleanup/prior_reviewer_artifact_snapshot/results/noise_injection/coherence_vs_noise.csv;cleanup_root_before:b5e22200ea3f:272:cleanup_20260506_final_code_artifact_cleanup/root_before_cleanup/results/noise_injection/coherence_vs_noise.csv;cleanup_nested_reviewer_artifact:b5e22200ea3f:272:cleanup_20260506_final_code_artifact_cleanup/root_before_cleanup/submission_package/neurips2026_reviewer_artifact_anonymous/results/noise_injection/coherence_vs_noise.csv
results/noise_injection/completed_tuples.json,3,1,cleanup_prior_reviewer_snapshot:9b01142a6d88:86:cleanup_20260506_final_code_artifact_cleanup/prior_reviewer_artifact_snapshot/results/noise_injection/completed_tuples.json;cleanup_root_before:9b01142a6d88:86:cleanup_20260506_final_code_artifact_cleanup/root_before_cleanup/results/noise_injection/completed_tuples.json;cleanup_nested_reviewer_artifact:9b01142a6d88:86:cleanup_20260506_final_code_artifact_cleanup/root_before_cleanup/submission_package/neurips2026_reviewer_artifact_anonymous/results/noise_injection/completed_tuples.json
results/noise_injection/summary.csv,3,1,cleanup_prior_reviewer_snapshot:ad7358e69562:619:cleanup_20260506_final_code_artifact_cleanup/prior_reviewer_artifact_snapshot/results/noise_injection/summary.csv;cleanup_root_before:ad7358e69562:619:cleanup_20260506_final_code_artifact_cleanup/root_before_cleanup/results/noise_injection/summary.csv;cleanup_nested_reviewer_artifact:ad7358e69562:619:cleanup_20260506_final_code_artifact_cleanup/root_before_cleanup/submission_package/neurips2026_reviewer_artifact_anonymous/results/noise_injection/summary.csv
results/noise_injection/summary.md,3,1,cleanup_prior_reviewer_snapshot:0f00167b135d:2845:cleanup_20260506_final_code_artifact_cleanup/prior_reviewer_artifact_snapshot/results/noise_injection/summary.md;cleanup_root_before:0f00167b135d:2845:cleanup_20260506_final_code_artifact_cleanup/root_before_cleanup/results/noise_injection/summary.md;cleanup_nested_reviewer_artifact:0f00167b135d:2845:cleanup_20260506_final_code_artifact_cleanup/root_before_cleanup/submission_package/neurips2026_reviewer_artifact_anonymous/results/noise_injection/summary.md
results/paper_tables/ALL_TABLES.md,3,1,cleanup_prior_reviewer_snapshot:df07af1c9979:15737:cleanup_20260506_final_code_artifact_cleanup/prior_reviewer_artifact_snapshot/results/paper_tables/ALL_TABLES.md;cleanup_root_before:df07af1c9979:15737:cleanup_20260506_final_code_artifact_cleanup/root_before_cleanup/results/paper_tables/ALL_TABLES.md;cleanup_nested_reviewer_artifact:df07af1c9979:15737:cleanup_20260506_final_code_artifact_cleanup/root_before_cleanup/submission_package/neurips2026_reviewer_artifact_anonymous/results/paper_tables/ALL_TABLES.md
results/paper_tables/missing.md,3,1,cleanup_prior_reviewer_snapshot:f432a6ec306d:220:cleanup_20260506_final_code_artifact_cleanup/prior_reviewer_artifact_snapshot/results/paper_tables/missing.md;cleanup_root_before:f432a6ec306d:220:cleanup_20260506_final_code_artifact_cleanup/root_before_cleanup/results/paper_tables/missing.md;cleanup_nested_reviewer_artifact:f432a6ec306d:220:cleanup_20260506_final_code_artifact_cleanup/root_before_cleanup/submission_package/neurips2026_reviewer_artifact_anonymous/results/paper_tables/missing.md
results/paper_tables/table_10_gap3_zeroshot.md,3,1,cleanup_prior_reviewer_snapshot:77105195471c:1022:cleanup_20260506_final_code_artifact_cleanup/prior_reviewer_artifact_snapshot/results/paper_tables/table_10_gap3_zeroshot.md;cleanup_root_before:77105195471c:1022:cleanup_20260506_final_code_artifact_cleanup/root_before_cleanup/results/paper_tables/table_10_gap3_zeroshot.md;cleanup_nested_reviewer_artifact:77105195471c:1022:cleanup_20260506_final_code_artifact_cleanup/root_before_cleanup/submission_package/neurips2026_reviewer_artifact_anonymous/results/paper_tables/table_10_gap3_zeroshot.md
results/paper_tables/table_11_mech_classifier.md,3,1,cleanup_prior_reviewer_snapshot:91338d32c3b1:383:cleanup_20260506_final_code_artifact_cleanup/prior_reviewer_artifact_snapshot/results/paper_tables/table_11_mech_classifier.md;cleanup_root_before:91338d32c3b1:383:cleanup_20260506_final_code_artifact_cleanup/root_before_cleanup/results/paper_tables/table_11_mech_classifier.md;cleanup_nested_reviewer_artifact:91338d32c3b1:383:cleanup_20260506_final_code_artifact_cleanup/root_before_cleanup/submission_package/neurips2026_reviewer_artifact_anonymous/results/paper_tables/table_11_mech_classifier.md
results/paper_tables/table_12_deployment.md,3,1,cleanup_prior_reviewer_snapshot:b79ebd58bf42:1883:cleanup_20260506_final_code_artifact_cleanup/prior_reviewer_artifact_snapshot/results/paper_tables/table_12_deployment.md;cleanup_root_before:b79ebd58bf42:1883:cleanup_20260506_final_code_artifact_cleanup/root_before_cleanup/results/paper_tables/table_12_deployment.md;cleanup_nested_reviewer_artifact:b79ebd58bf42:1883:cleanup_20260506_final_code_artifact_cleanup/root_before_cleanup/submission_package/neurips2026_reviewer_artifact_anonymous/results/paper_tables/table_12_deployment.md
results/paper_tables/table_1_headtohead.md,3,1,cleanup_prior_reviewer_snapshot:73fd04d64315:1258:cleanup_20260506_final_code_artifact_cleanup/prior_reviewer_artifact_snapshot/results/paper_tables/table_1_headtohead.md;cleanup_root_before:73fd04d64315:1258:cleanup_20260506_final_code_artifact_cleanup/root_before_cleanup/results/paper_tables/table_1_headtohead.md;cleanup_nested_reviewer_artifact:73fd04d64315:1258:cleanup_20260506_final_code_artifact_cleanup/root_before_cleanup/submission_package/neurips2026_reviewer_artifact_anonymous/results/paper_tables/table_1_headtohead.md
results/paper_tables/table_2_multidataset.md,3,1,cleanup_prior_reviewer_snapshot:31fac4aff5b2:2357:cleanup_20260506_final_code_artifact_cleanup/prior_reviewer_artifact_snapshot/results/paper_tables/table_2_multidataset.md;cleanup_root_before:31fac4aff5b2:2357:cleanup_20260506_final_code_artifact_cleanup/root_before_cleanup/results/paper_tables/table_2_multidataset.md;cleanup_nested_reviewer_artifact:31fac4aff5b2:2357:cleanup_20260506_final_code_artifact_cleanup/root_before_cleanup/submission_package/neurips2026_reviewer_artifact_anonymous/results/paper_tables/table_2_multidataset.md
results/paper_tables/table_3_multi_retriever.md,3,1,cleanup_prior_reviewer_snapshot:b7e3fbe364da:2048:cleanup_20260506_final_code_artifact_cleanup/prior_reviewer_artifact_snapshot/results/paper_tables/table_3_multi_retriever.md;cleanup_root_before:b7e3fbe364da:2048:cleanup_20260506_final_code_artifact_cleanup/root_before_cleanup/results/paper_tables/table_3_multi_retriever.md;cleanup_nested_reviewer_artifact:b7e3fbe364da:2048:cleanup_20260506_final_code_artifact_cleanup/root_before_cleanup/submission_package/neurips2026_reviewer_artifact_anonymous/results/paper_tables/table_3_multi_retriever.md
results/paper_tables/table_4_raptor.md,3,1,cleanup_prior_reviewer_snapshot:834fd9dca608:1268:cleanup_20260506_final_code_artifact_cleanup/prior_reviewer_artifact_snapshot/results/paper_tables/table_4_raptor.md;cleanup_root_before:834fd9dca608:1268:cleanup_20260506_final_code_artifact_cleanup/root_before_cleanup/results/paper_tables/table_4_raptor.md;cleanup_nested_reviewer_artifact:834fd9dca608:1268:cleanup_20260506_final_code_artifact_cleanup/root_before_cleanup/submission_package/neurips2026_reviewer_artifact_anonymous/results/paper_tables/table_4_raptor.md
results/paper_tables/table_5_longform.md,3,1,cleanup_prior_reviewer_snapshot:7a3aa939592b:1451:cleanup_20260506_final_code_artifact_cleanup/prior_reviewer_artifact_snapshot/results/paper_tables/table_5_longform.md;cleanup_root_before:7a3aa939592b:1451:cleanup_20260506_final_code_artifact_cleanup/root_before_cleanup/results/paper_tables/table_5_longform.md;cleanup_nested_reviewer_artifact:7a3aa939592b:1451:cleanup_20260506_final_code_artifact_cleanup/root_before_cleanup/submission_package/neurips2026_reviewer_artifact_anonymous/results/paper_tables/table_5_longform.md
results/paper_tables/table_6_frontier.md,3,1,cleanup_prior_reviewer_snapshot:32f115522b3e:96:cleanup_20260506_final_code_artifact_cleanup/prior_reviewer_artifact_snapshot/results/paper_tables/table_6_frontier.md;cleanup_root_before:32f115522b3e:96:cleanup_20260506_final_code_artifact_cleanup/root_before_cleanup/results/paper_tables/table_6_frontier.md;cleanup_nested_reviewer_artifact:32f115522b3e:96:cleanup_20260506_final_code_artifact_cleanup/root_before_cleanup/submission_package/neurips2026_reviewer_artifact_anonymous/results/paper_tables/table_6_frontier.md
results/paper_tables/table_7_variance.md,3,1,cleanup_prior_reviewer_snapshot:a74403cfe722:988:cleanup_20260506_final_code_artifact_cleanup/prior_reviewer_artifact_snapshot/results/paper_tables/table_7_variance.md;cleanup_root_before:a74403cfe722:988:cleanup_20260506_final_code_artifact_cleanup/root_before_cleanup/results/paper_tables/table_7_variance.md;cleanup_nested_reviewer_artifact:a74403cfe722:988:cleanup_20260506_final_code_artifact_cleanup/root_before_cleanup/submission_package/neurips2026_reviewer_artifact_anonymous/results/paper_tables/table_7_variance.md
results/paper_tables/table_8_gap1_noise.md,3,1,cleanup_prior_reviewer_snapshot:d658766a7328:709:cleanup_20260506_final_code_artifact_cleanup/prior_reviewer_artifact_snapshot/results/paper_tables/table_8_gap1_noise.md;cleanup_root_before:d658766a7328:709:cleanup_20260506_final_code_artifact_cleanup/root_before_cleanup/results/paper_tables/table_8_gap1_noise.md;cleanup_nested_reviewer_artifact:d658766a7328:709:cleanup_20260506_final_code_artifact_cleanup/root_before_cleanup/submission_package/neurips2026_reviewer_artifact_anonymous/results/paper_tables/table_8_gap1_noise.md
results/paper_tables/table_9_gap2_prompt.md,3,1,cleanup_prior_reviewer_snapshot:72786f617da7:2283:cleanup_20260506_final_code_artifact_cleanup/prior_reviewer_artifact_snapshot/results/paper_tables/table_9_gap2_prompt.md;cleanup_root_before:72786f617da7:2283:cleanup_20260506_final_code_artifact_cleanup/root_before_cleanup/results/paper_tables/table_9_gap2_prompt.md;cleanup_nested_reviewer_artifact:72786f617da7:2283:cleanup_20260506_final_code_artifact_cleanup/root_before_cleanup/submission_package/neurips2026_reviewer_artifact_anonymous/results/paper_tables/table_9_gap2_prompt.md
results/prompt_ablation/completed_tuples.json,3,1,cleanup_prior_reviewer_snapshot:4a4ff4f3fb0a:428:cleanup_20260506_final_code_artifact_cleanup/prior_reviewer_artifact_snapshot/results/prompt_ablation/completed_tuples.json;cleanup_root_before:4a4ff4f3fb0a:428:cleanup_20260506_final_code_artifact_cleanup/root_before_cleanup/results/prompt_ablation/completed_tuples.json;cleanup_nested_reviewer_artifact:4a4ff4f3fb0a:428:cleanup_20260506_final_code_artifact_cleanup/root_before_cleanup/submission_package/neurips2026_reviewer_artifact_anonymous/results/prompt_ablation/completed_tuples.json
results/prompt_ablation/paradox_by_prompt.csv,3,1,cleanup_prior_reviewer_snapshot:3978803f57bc:843:cleanup_20260506_final_code_artifact_cleanup/prior_reviewer_artifact_snapshot/results/prompt_ablation/paradox_by_prompt.csv;cleanup_root_before:3978803f57bc:843:cleanup_20260506_final_code_artifact_cleanup/root_before_cleanup/results/prompt_ablation/paradox_by_prompt.csv;cleanup_nested_reviewer_artifact:3978803f57bc:843:cleanup_20260506_final_code_artifact_cleanup/root_before_cleanup/submission_package/neurips2026_reviewer_artifact_anonymous/results/prompt_ablation/paradox_by_prompt.csv
results/prompt_ablation/summary.csv,3,1,cleanup_prior_reviewer_snapshot:c68148412464:2519:cleanup_20260506_final_code_artifact_cleanup/prior_reviewer_artifact_snapshot/results/prompt_ablation/summary.csv;cleanup_root_before:c68148412464:2519:cleanup_20260506_final_code_artifact_cleanup/root_before_cleanup/results/prompt_ablation/summary.csv;cleanup_nested_reviewer_artifact:c68148412464:2519:cleanup_20260506_final_code_artifact_cleanup/root_before_cleanup/submission_package/neurips2026_reviewer_artifact_anonymous/results/prompt_ablation/summary.csv
results/prompt_ablation/summary.md,3,1,cleanup_prior_reviewer_snapshot:4cdca7fdf3ca:8116:cleanup_20260506_final_code_artifact_cleanup/prior_reviewer_artifact_snapshot/results/prompt_ablation/summary.md;cleanup_root_before:4cdca7fdf3ca:8116:cleanup_20260506_final_code_artifact_cleanup/root_before_cleanup/results/prompt_ablation/summary.md;cleanup_nested_reviewer_artifact:4cdca7fdf3ca:8116:cleanup_20260506_final_code_artifact_cleanup/root_before_cleanup/submission_package/neurips2026_reviewer_artifact_anonymous/results/prompt_ablation/summary.md
results/pubmedqa/ablation_chunk1024_k3_cot.csv,3,1,cleanup_prior_reviewer_snapshot:8964bb340afc:177311:cleanup_20260506_final_code_artifact_cleanup/prior_reviewer_artifact_snapshot/results/pubmedqa/ablation_chunk1024_k3_cot.csv;cleanup_root_before:8964bb340afc:177311:cleanup_20260506_final_code_artifact_cleanup/root_before_cleanup/results/pubmedqa/ablation_chunk1024_k3_cot.csv;cleanup_nested_reviewer_artifact:8964bb340afc:177311:cleanup_20260506_final_code_artifact_cleanup/root_before_cleanup/submission_package/neurips2026_reviewer_artifact_anonymous/results/pubmedqa/ablation_chunk1024_k3_cot.csv
results/pubmedqa/ablation_chunk1024_k3_strict.csv,3,1,cleanup_prior_reviewer_snapshot:d2974f4c3bd5:178560:cleanup_20260506_final_code_artifact_cleanup/prior_reviewer_artifact_snapshot/results/pubmedqa/ablation_chunk1024_k3_strict.csv;cleanup_root_before:d2974f4c3bd5:178560:cleanup_20260506_final_code_artifact_cleanup/root_before_cleanup/results/pubmedqa/ablation_chunk1024_k3_strict.csv;cleanup_nested_reviewer_artifact:d2974f4c3bd5:178560:cleanup_20260506_final_code_artifact_cleanup/root_before_cleanup/submission_package/neurips2026_reviewer_artifact_anonymous/results/pubmedqa/ablation_chunk1024_k3_strict.csv
results/pubmedqa/ablation_chunk1024_k5_cot.csv,3,1,cleanup_prior_reviewer_snapshot:d06df1bb1409:274157:cleanup_20260506_final_code_artifact_cleanup/prior_reviewer_artifact_snapshot/results/pubmedqa/ablation_chunk1024_k5_cot.csv;cleanup_root_before:d06df1bb1409:274157:cleanup_20260506_final_code_artifact_cleanup/root_before_cleanup/results/pubmedqa/ablation_chunk1024_k5_cot.csv;cleanup_nested_reviewer_artifact:d06df1bb1409:274157:cleanup_20260506_final_code_artifact_cleanup/root_before_cleanup/submission_package/neurips2026_reviewer_artifact_anonymous/results/pubmedqa/ablation_chunk1024_k5_cot.csv
results/pubmedqa/ablation_chunk1024_k5_strict.csv,3,1,cleanup_prior_reviewer_snapshot:150bd3330843:274150:cleanup_20260506_final_code_artifact_cleanup/prior_reviewer_artifact_snapshot/results/pubmedqa/ablation_chunk1024_k5_strict.csv;cleanup_root_before:150bd3330843:274150:cleanup_20260506_final_code_artifact_cleanup/root_before_cleanup/results/pubmedqa/ablation_chunk1024_k5_strict.csv;cleanup_nested_reviewer_artifact:150bd3330843:274150:cleanup_20260506_final_code_artifact_cleanup/root_before_cleanup/submission_package/neurips2026_reviewer_artifact_anonymous/results/pubmedqa/ablation_chunk1024_k5_strict.csv
results/pubmedqa/ablation_chunk256_k3_cot.csv,3,1,cleanup_prior_reviewer_snapshot:5c1f5864efe7:70105:cleanup_20260506_final_code_artifact_cleanup/prior_reviewer_artifact_snapshot/results/pubmedqa/ablation_chunk256_k3_cot.csv;cleanup_root_before:5c1f5864efe7:70105:cleanup_20260506_final_code_artifact_cleanup/root_before_cleanup/results/pubmedqa/ablation_chunk256_k3_cot.csv;cleanup_nested_reviewer_artifact:5c1f5864efe7:70105:cleanup_20260506_final_code_artifact_cleanup/root_before_cleanup/submission_package/neurips2026_reviewer_artifact_anonymous/results/pubmedqa/ablation_chunk256_k3_cot.csv
results/pubmedqa/ablation_chunk256_k3_strict.csv,3,1,cleanup_prior_reviewer_snapshot:4a93c6cf159a:69313:cleanup_20260506_final_code_artifact_cleanup/prior_reviewer_artifact_snapshot/results/pubmedqa/ablation_chunk256_k3_strict.csv;cleanup_root_before:4a93c6cf159a:69313:cleanup_20260506_final_code_artifact_cleanup/root_before_cleanup/results/pubmedqa/ablation_chunk256_k3_strict.csv;cleanup_nested_reviewer_artifact:4a93c6cf159a:69313:cleanup_20260506_final_code_artifact_cleanup/root_before_cleanup/submission_package/neurips2026_reviewer_artifact_anonymous/results/pubmedqa/ablation_chunk256_k3_strict.csv
results/pubmedqa/ablation_chunk256_k5_cot.csv,3,1,cleanup_prior_reviewer_snapshot:660426fe9889:100877:cleanup_20260506_final_code_artifact_cleanup/prior_reviewer_artifact_snapshot/results/pubmedqa/ablation_chunk256_k5_cot.csv;cleanup_root_before:660426fe9889:100877:cleanup_20260506_final_code_artifact_cleanup/root_before_cleanup/results/pubmedqa/ablation_chunk256_k5_cot.csv;cleanup_nested_reviewer_artifact:660426fe9889:100877:cleanup_20260506_final_code_artifact_cleanup/root_before_cleanup/submission_package/neurips2026_reviewer_artifact_anonymous/results/pubmedqa/ablation_chunk256_k5_cot.csv
results/pubmedqa/ablation_chunk256_k5_strict.csv,3,1,cleanup_prior_reviewer_snapshot:20010f2e839b:101102:cleanup_20260506_final_code_artifact_cleanup/prior_reviewer_artifact_snapshot/results/pubmedqa/ablation_chunk256_k5_strict.csv;cleanup_root_before:20010f2e839b:101102:cleanup_20260506_final_code_artifact_cleanup/root_before_cleanup/results/pubmedqa/ablation_chunk256_k5_strict.csv;cleanup_nested_reviewer_artifact:20010f2e839b:101102:cleanup_20260506_final_code_artifact_cleanup/root_before_cleanup/submission_package/neurips2026_reviewer_artifact_anonymous/results/pubmedqa/ablation_chunk256_k5_strict.csv
results/pubmedqa/ablation_chunk512_k3_cot.csv,3,1,cleanup_prior_reviewer_snapshot:f718e5d8904f:113325:cleanup_20260506_final_code_artifact_cleanup/prior_reviewer_artifact_snapshot/results/pubmedqa/ablation_chunk512_k3_cot.csv;cleanup_root_before:f718e5d8904f:113325:cleanup_20260506_final_code_artifact_cleanup/root_before_cleanup/results/pubmedqa/ablation_chunk512_k3_cot.csv;cleanup_nested_reviewer_artifact:f718e5d8904f:113325:cleanup_20260506_final_code_artifact_cleanup/root_before_cleanup/submission_package/neurips2026_reviewer_artifact_anonymous/results/pubmedqa/ablation_chunk512_k3_cot.csv
results/pubmedqa/ablation_chunk512_k3_strict.csv,3,1,cleanup_prior_reviewer_snapshot:ce4d43dbc0bb:113791:cleanup_20260506_final_code_artifact_cleanup/prior_reviewer_artifact_snapshot/results/pubmedqa/ablation_chunk512_k3_strict.csv;cleanup_root_before:ce4d43dbc0bb:113791:cleanup_20260506_final_code_artifact_cleanup/root_before_cleanup/results/pubmedqa/ablation_chunk512_k3_strict.csv;cleanup_nested_reviewer_artifact:ce4d43dbc0bb:113791:cleanup_20260506_final_code_artifact_cleanup/root_before_cleanup/submission_package/neurips2026_reviewer_artifact_anonymous/results/pubmedqa/ablation_chunk512_k3_strict.csv
results/pubmedqa/ablation_chunk512_k5_cot.csv,3,1,cleanup_prior_reviewer_snapshot:8798737952b5:168664:cleanup_20260506_final_code_artifact_cleanup/prior_reviewer_artifact_snapshot/results/pubmedqa/ablation_chunk512_k5_cot.csv;cleanup_root_before:8798737952b5:168664:cleanup_20260506_final_code_artifact_cleanup/root_before_cleanup/results/pubmedqa/ablation_chunk512_k5_cot.csv;cleanup_nested_reviewer_artifact:8798737952b5:168664:cleanup_20260506_final_code_artifact_cleanup/root_before_cleanup/submission_package/neurips2026_reviewer_artifact_anonymous/results/pubmedqa/ablation_chunk512_k5_cot.csv
results/pubmedqa/ablation_chunk512_k5_strict.csv,3,1,cleanup_prior_reviewer_snapshot:fbfd7677d2f9:167779:cleanup_20260506_final_code_artifact_cleanup/prior_reviewer_artifact_snapshot/results/pubmedqa/ablation_chunk512_k5_strict.csv;cleanup_root_before:fbfd7677d2f9:167779:cleanup_20260506_final_code_artifact_cleanup/root_before_cleanup/results/pubmedqa/ablation_chunk512_k5_strict.csv;cleanup_nested_reviewer_artifact:fbfd7677d2f9:167779:cleanup_20260506_final_code_artifact_cleanup/root_before_cleanup/submission_package/neurips2026_reviewer_artifact_anonymous/results/pubmedqa/ablation_chunk512_k5_strict.csv
results/pubmedqa/ablation_summary.csv,3,1,cleanup_prior_reviewer_snapshot:a37fec61e0c1:523:cleanup_20260506_final_code_artifact_cleanup/prior_reviewer_artifact_snapshot/results/pubmedqa/ablation_summary.csv;cleanup_root_before:a37fec61e0c1:523:cleanup_20260506_final_code_artifact_cleanup/root_before_cleanup/results/pubmedqa/ablation_summary.csv;cleanup_nested_reviewer_artifact:a37fec61e0c1:523:cleanup_20260506_final_code_artifact_cleanup/root_before_cleanup/submission_package/neurips2026_reviewer_artifact_anonymous/results/pubmedqa/ablation_summary.csv
results/pubmedqa/ablation_summary.json,3,1,cleanup_prior_reviewer_snapshot:d987346e8819:2298:cleanup_20260506_final_code_artifact_cleanup/prior_reviewer_artifact_snapshot/results/pubmedqa/ablation_summary.json;cleanup_root_before:d987346e8819:2298:cleanup_20260506_final_code_artifact_cleanup/root_before_cleanup/results/pubmedqa/ablation_summary.json;cleanup_nested_reviewer_artifact:d987346e8819:2298:cleanup_20260506_final_code_artifact_cleanup/root_before_cleanup/submission_package/neurips2026_reviewer_artifact_anonymous/results/pubmedqa/ablation_summary.json
results/qualitative/chunk_comparison.csv,3,1,cleanup_prior_reviewer_snapshot:65f6ec688c9a:176698:cleanup_20260506_final_code_artifact_cleanup/prior_reviewer_artifact_snapshot/results/qualitative/chunk_comparison.csv;cleanup_root_before:65f6ec688c9a:176698:cleanup_20260506_final_code_artifact_cleanup/root_before_cleanup/results/qualitative/chunk_comparison.csv;cleanup_nested_reviewer_artifact:65f6ec688c9a:176698:cleanup_20260506_final_code_artifact_cleanup/root_before_cleanup/submission_package/neurips2026_reviewer_artifact_anonymous/results/qualitative/chunk_comparison.csv
results/qualitative/example_metadata.json,3,1,cleanup_prior_reviewer_snapshot:e8610f77f30a:237:cleanup_20260506_final_code_artifact_cleanup/prior_reviewer_artifact_snapshot/results/qualitative/example_metadata.json;cleanup_root_before:e8610f77f30a:237:cleanup_20260506_final_code_artifact_cleanup/root_before_cleanup/results/qualitative/example_metadata.json;cleanup_nested_reviewer_artifact:e8610f77f30a:237:cleanup_20260506_final_code_artifact_cleanup/root_before_cleanup/submission_package/neurips2026_reviewer_artifact_anonymous/results/qualitative/example_metadata.json
results/qualitative/worst_hallucinations.csv,3,1,cleanup_prior_reviewer_snapshot:f1593f2dd7f4:141:cleanup_20260506_final_code_artifact_cleanup/prior_reviewer_artifact_snapshot/results/qualitative/worst_hallucinations.csv;cleanup_root_before:f1593f2dd7f4:141:cleanup_20260506_final_code_artifact_cleanup/root_before_cleanup/results/qualitative/worst_hallucinations.csv;cleanup_nested_reviewer_artifact:f1593f2dd7f4:141:cleanup_20260506_final_code_artifact_cleanup/root_before_cleanup/submission_package/neurips2026_reviewer_artifact_anonymous/results/qualitative/worst_hallucinations.csv
results/quantization_sensitivity/completed_tuples.json,3,1,cleanup_prior_reviewer_snapshot:8bc3c21f148d:153:cleanup_20260506_final_code_artifact_cleanup/prior_reviewer_artifact_snapshot/results/quantization_sensitivity/completed_tuples.json;cleanup_root_before:8bc3c21f148d:153:cleanup_20260506_final_code_artifact_cleanup/root_before_cleanup/results/quantization_sensitivity/completed_tuples.json;cleanup_nested_reviewer_artifact:8bc3c21f148d:153:cleanup_20260506_final_code_artifact_cleanup/root_before_cleanup/submission_package/neurips2026_reviewer_artifact_anonymous/results/quantization_sensitivity/completed_tuples.json
results/quantization_sensitivity/paradox_by_quant.csv,3,1,cleanup_prior_reviewer_snapshot:b67c451b232d:408:cleanup_20260506_final_code_artifact_cleanup/prior_reviewer_artifact_snapshot/results/quantization_sensitivity/paradox_by_quant.csv;cleanup_root_before:b67c451b232d:408:cleanup_20260506_final_code_artifact_cleanup/root_before_cleanup/results/quantization_sensitivity/paradox_by_quant.csv;cleanup_nested_reviewer_artifact:b67c451b232d:408:cleanup_20260506_final_code_artifact_cleanup/root_before_cleanup/submission_package/neurips2026_reviewer_artifact_anonymous/results/quantization_sensitivity/paradox_by_quant.csv
results/quantization_sensitivity/summary.csv,3,1,cleanup_prior_reviewer_snapshot:8225a4ee7d91:1133:cleanup_20260506_final_code_artifact_cleanup/prior_reviewer_artifact_snapshot/results/quantization_sensitivity/summary.csv;cleanup_root_before:8225a4ee7d91:1133:cleanup_20260506_final_code_artifact_cleanup/root_before_cleanup/results/quantization_sensitivity/summary.csv;cleanup_nested_reviewer_artifact:8225a4ee7d91:1133:cleanup_20260506_final_code_artifact_cleanup/root_before_cleanup/submission_package/neurips2026_reviewer_artifact_anonymous/results/quantization_sensitivity/summary.csv
results/quantization_sensitivity/summary.md,3,1,cleanup_prior_reviewer_snapshot:56a300c9e203:3847:cleanup_20260506_final_code_artifact_cleanup/prior_reviewer_artifact_snapshot/results/quantization_sensitivity/summary.md;cleanup_root_before:56a300c9e203:3847:cleanup_20260506_final_code_artifact_cleanup/root_before_cleanup/results/quantization_sensitivity/summary.md;cleanup_nested_reviewer_artifact:56a300c9e203:3847:cleanup_20260506_final_code_artifact_cleanup/root_before_cleanup/submission_package/neurips2026_reviewer_artifact_anonymous/results/quantization_sensitivity/summary.md
results/rag_vs_zeroshot/paradox_vs_strength.csv,3,1,cleanup_prior_reviewer_snapshot:84e487a3dfc2:167:cleanup_20260506_final_code_artifact_cleanup/prior_reviewer_artifact_snapshot/results/rag_vs_zeroshot/paradox_vs_strength.csv;cleanup_root_before:84e487a3dfc2:167:cleanup_20260506_final_code_artifact_cleanup/root_before_cleanup/results/rag_vs_zeroshot/paradox_vs_strength.csv;cleanup_nested_reviewer_artifact:84e487a3dfc2:167:cleanup_20260506_final_code_artifact_cleanup/root_before_cleanup/submission_package/neurips2026_reviewer_artifact_anonymous/results/rag_vs_zeroshot/paradox_vs_strength.csv
results/rag_vs_zeroshot/per_cell_detail.csv,3,1,cleanup_prior_reviewer_snapshot:e48ba3e5c369:974:cleanup_20260506_final_code_artifact_cleanup/prior_reviewer_artifact_snapshot/results/rag_vs_zeroshot/per_cell_detail.csv;cleanup_root_before:e48ba3e5c369:974:cleanup_20260506_final_code_artifact_cleanup/root_before_cleanup/results/rag_vs_zeroshot/per_cell_detail.csv;cleanup_nested_reviewer_artifact:e48ba3e5c369:974:cleanup_20260506_final_code_artifact_cleanup/root_before_cleanup/submission_package/neurips2026_reviewer_artifact_anonymous/results/rag_vs_zeroshot/per_cell_detail.csv
results/rag_vs_zeroshot/summary.md,3,1,cleanup_prior_reviewer_snapshot:66fe6a0b4866:4710:cleanup_20260506_final_code_artifact_cleanup/prior_reviewer_artifact_snapshot/results/rag_vs_zeroshot/summary.md;cleanup_root_before:66fe6a0b4866:4710:cleanup_20260506_final_code_artifact_cleanup/root_before_cleanup/results/rag_vs_zeroshot/summary.md;cleanup_nested_reviewer_artifact:66fe6a0b4866:4710:cleanup_20260506_final_code_artifact_cleanup/root_before_cleanup/submission_package/neurips2026_reviewer_artifact_anonymous/results/rag_vs_zeroshot/summary.md
results/rag_vs_zeroshot/table_2x2.csv,3,1,cleanup_prior_reviewer_snapshot:5547a16e0995:373:cleanup_20260506_final_code_artifact_cleanup/prior_reviewer_artifact_snapshot/results/rag_vs_zeroshot/table_2x2.csv;cleanup_root_before:5547a16e0995:373:cleanup_20260506_final_code_artifact_cleanup/root_before_cleanup/results/rag_vs_zeroshot/table_2x2.csv;cleanup_nested_reviewer_artifact:5547a16e0995:373:cleanup_20260506_final_code_artifact_cleanup/root_before_cleanup/submission_package/neurips2026_reviewer_artifact_anonymous/results/rag_vs_zeroshot/table_2x2.csv
results/raptor/raptor_vs_hcpc.csv,3,1,cleanup_prior_reviewer_snapshot:4dda196c658b:475:cleanup_20260506_final_code_artifact_cleanup/prior_reviewer_artifact_snapshot/results/raptor/raptor_vs_hcpc.csv;cleanup_root_before:4dda196c658b:475:cleanup_20260506_final_code_artifact_cleanup/root_before_cleanup/results/raptor/raptor_vs_hcpc.csv;cleanup_nested_reviewer_artifact:4dda196c658b:475:cleanup_20260506_final_code_artifact_cleanup/root_before_cleanup/submission_package/neurips2026_reviewer_artifact_anonymous/results/raptor/raptor_vs_hcpc.csv
results/raptor/summary.csv,3,1,cleanup_prior_reviewer_snapshot:ac0951b36dfb:811:cleanup_20260506_final_code_artifact_cleanup/prior_reviewer_artifact_snapshot/results/raptor/summary.csv;cleanup_root_before:ac0951b36dfb:811:cleanup_20260506_final_code_artifact_cleanup/root_before_cleanup/results/raptor/summary.csv;cleanup_nested_reviewer_artifact:ac0951b36dfb:811:cleanup_20260506_final_code_artifact_cleanup/root_before_cleanup/submission_package/neurips2026_reviewer_artifact_anonymous/results/raptor/summary.csv
results/raptor/summary.md,3,1,cleanup_prior_reviewer_snapshot:9a1b98a7ef75:3467:cleanup_20260506_final_code_artifact_cleanup/prior_reviewer_artifact_snapshot/results/raptor/summary.md;cleanup_root_before:9a1b98a7ef75:3467:cleanup_20260506_final_code_artifact_cleanup/root_before_cleanup/results/raptor/summary.md;cleanup_nested_reviewer_artifact:9a1b98a7ef75:3467:cleanup_20260506_final_code_artifact_cleanup/root_before_cleanup/submission_package/neurips2026_reviewer_artifact_anonymous/results/raptor/summary.md
results/reranker/llama3_pubmedqa_chunk1024_baseline.csv,3,1,cleanup_prior_reviewer_snapshot:d987236db80f:41893:cleanup_20260506_final_code_artifact_cleanup/prior_reviewer_artifact_snapshot/results/reranker/llama3_pubmedqa_chunk1024_baseline.csv;cleanup_root_before:d987236db80f:41893:cleanup_20260506_final_code_artifact_cleanup/root_before_cleanup/results/reranker/llama3_pubmedqa_chunk1024_baseline.csv;cleanup_nested_reviewer_artifact:d987236db80f:41893:cleanup_20260506_final_code_artifact_cleanup/root_before_cleanup/submission_package/neurips2026_reviewer_artifact_anonymous/results/reranker/llama3_pubmedqa_chunk1024_baseline.csv
results/reranker/llama3_pubmedqa_chunk1024_reranked.csv,3,1,cleanup_prior_reviewer_snapshot:c044fe76555d:40190:cleanup_20260506_final_code_artifact_cleanup/prior_reviewer_artifact_snapshot/results/reranker/llama3_pubmedqa_chunk1024_reranked.csv;cleanup_root_before:c044fe76555d:40190:cleanup_20260506_final_code_artifact_cleanup/root_before_cleanup/results/reranker/llama3_pubmedqa_chunk1024_reranked.csv;cleanup_nested_reviewer_artifact:c044fe76555d:40190:cleanup_20260506_final_code_artifact_cleanup/root_before_cleanup/submission_package/neurips2026_reviewer_artifact_anonymous/results/reranker/llama3_pubmedqa_chunk1024_reranked.csv
results/reranker/llama3_pubmedqa_chunk256_baseline.csv,3,1,cleanup_prior_reviewer_snapshot:6e6bc68654fa:38149:cleanup_20260506_final_code_artifact_cleanup/prior_reviewer_artifact_snapshot/results/reranker/llama3_pubmedqa_chunk256_baseline.csv;cleanup_root_before:6e6bc68654fa:38149:cleanup_20260506_final_code_artifact_cleanup/root_before_cleanup/results/reranker/llama3_pubmedqa_chunk256_baseline.csv;cleanup_nested_reviewer_artifact:6e6bc68654fa:38149:cleanup_20260506_final_code_artifact_cleanup/root_before_cleanup/submission_package/neurips2026_reviewer_artifact_anonymous/results/reranker/llama3_pubmedqa_chunk256_baseline.csv
results/reranker/llama3_pubmedqa_chunk256_reranked.csv,3,1,cleanup_prior_reviewer_snapshot:abda0b4477df:35649:cleanup_20260506_final_code_artifact_cleanup/prior_reviewer_artifact_snapshot/results/reranker/llama3_pubmedqa_chunk256_reranked.csv;cleanup_root_before:abda0b4477df:35649:cleanup_20260506_final_code_artifact_cleanup/root_before_cleanup/results/reranker/llama3_pubmedqa_chunk256_reranked.csv;cleanup_nested_reviewer_artifact:abda0b4477df:35649:cleanup_20260506_final_code_artifact_cleanup/root_before_cleanup/submission_package/neurips2026_reviewer_artifact_anonymous/results/reranker/llama3_pubmedqa_chunk256_reranked.csv
results/reranker/llama3_pubmedqa_chunk512_baseline.csv,3,1,cleanup_prior_reviewer_snapshot:2de02b8b45da:39241:cleanup_20260506_final_code_artifact_cleanup/prior_reviewer_artifact_snapshot/results/reranker/llama3_pubmedqa_chunk512_baseline.csv;cleanup_root_before:2de02b8b45da:39241:cleanup_20260506_final_code_artifact_cleanup/root_before_cleanup/results/reranker/llama3_pubmedqa_chunk512_baseline.csv;cleanup_nested_reviewer_artifact:2de02b8b45da:39241:cleanup_20260506_final_code_artifact_cleanup/root_before_cleanup/submission_package/neurips2026_reviewer_artifact_anonymous/results/reranker/llama3_pubmedqa_chunk512_baseline.csv
results/reranker/llama3_pubmedqa_chunk512_reranked.csv,3,1,cleanup_prior_reviewer_snapshot:1903a05ac3d6:36951:cleanup_20260506_final_code_artifact_cleanup/prior_reviewer_artifact_snapshot/results/reranker/llama3_pubmedqa_chunk512_reranked.csv;cleanup_root_before:1903a05ac3d6:36951:cleanup_20260506_final_code_artifact_cleanup/root_before_cleanup/results/reranker/llama3_pubmedqa_chunk512_reranked.csv;cleanup_nested_reviewer_artifact:1903a05ac3d6:36951:cleanup_20260506_final_code_artifact_cleanup/root_before_cleanup/submission_package/neurips2026_reviewer_artifact_anonymous/results/reranker/llama3_pubmedqa_chunk512_reranked.csv
results/reranker/llama3_squad_chunk1024_baseline.csv,3,1,cleanup_prior_reviewer_snapshot:45086d4246d0:21020:cleanup_20260506_final_code_artifact_cleanup/prior_reviewer_artifact_snapshot/results/reranker/llama3_squad_chunk1024_baseline.csv;cleanup_root_before:45086d4246d0:21020:cleanup_20260506_final_code_artifact_cleanup/root_before_cleanup/results/reranker/llama3_squad_chunk1024_baseline.csv;cleanup_nested_reviewer_artifact:45086d4246d0:21020:cleanup_20260506_final_code_artifact_cleanup/root_before_cleanup/submission_package/neurips2026_reviewer_artifact_anonymous/results/reranker/llama3_squad_chunk1024_baseline.csv
results/reranker/llama3_squad_chunk1024_reranked.csv,3,1,cleanup_prior_reviewer_snapshot:63a5adb9debd:20493:cleanup_20260506_final_code_artifact_cleanup/prior_reviewer_artifact_snapshot/results/reranker/llama3_squad_chunk1024_reranked.csv;cleanup_root_before:63a5adb9debd:20493:cleanup_20260506_final_code_artifact_cleanup/root_before_cleanup/results/reranker/llama3_squad_chunk1024_reranked.csv;cleanup_nested_reviewer_artifact:63a5adb9debd:20493:cleanup_20260506_final_code_artifact_cleanup/root_before_cleanup/submission_package/neurips2026_reviewer_artifact_anonymous/results/reranker/llama3_squad_chunk1024_reranked.csv
results/reranker/llama3_squad_chunk256_baseline.csv,3,1,cleanup_prior_reviewer_snapshot:8f93695c4448:22044:cleanup_20260506_final_code_artifact_cleanup/prior_reviewer_artifact_snapshot/results/reranker/llama3_squad_chunk256_baseline.csv;cleanup_root_before:8f93695c4448:22044:cleanup_20260506_final_code_artifact_cleanup/root_before_cleanup/results/reranker/llama3_squad_chunk256_baseline.csv;cleanup_nested_reviewer_artifact:8f93695c4448:22044:cleanup_20260506_final_code_artifact_cleanup/root_before_cleanup/submission_package/neurips2026_reviewer_artifact_anonymous/results/reranker/llama3_squad_chunk256_baseline.csv
results/reranker/llama3_squad_chunk256_reranked.csv,3,1,cleanup_prior_reviewer_snapshot:8107c2f763f2:20574:cleanup_20260506_final_code_artifact_cleanup/prior_reviewer_artifact_snapshot/results/reranker/llama3_squad_chunk256_reranked.csv;cleanup_root_before:8107c2f763f2:20574:cleanup_20260506_final_code_artifact_cleanup/root_before_cleanup/results/reranker/llama3_squad_chunk256_reranked.csv;cleanup_nested_reviewer_artifact:8107c2f763f2:20574:cleanup_20260506_final_code_artifact_cleanup/root_before_cleanup/submission_package/neurips2026_reviewer_artifact_anonymous/results/reranker/llama3_squad_chunk256_reranked.csv
results/reranker/llama3_squad_chunk512_baseline.csv,3,1,cleanup_prior_reviewer_snapshot:5623954b9263:21705:cleanup_20260506_final_code_artifact_cleanup/prior_reviewer_artifact_snapshot/results/reranker/llama3_squad_chunk512_baseline.csv;cleanup_root_before:5623954b9263:21705:cleanup_20260506_final_code_artifact_cleanup/root_before_cleanup/results/reranker/llama3_squad_chunk512_baseline.csv;cleanup_nested_reviewer_artifact:5623954b9263:21705:cleanup_20260506_final_code_artifact_cleanup/root_before_cleanup/submission_package/neurips2026_reviewer_artifact_anonymous/results/reranker/llama3_squad_chunk512_baseline.csv
results/reranker/llama3_squad_chunk512_reranked.csv,3,1,cleanup_prior_reviewer_snapshot:a287cd078fd2:21606:cleanup_20260506_final_code_artifact_cleanup/prior_reviewer_artifact_snapshot/results/reranker/llama3_squad_chunk512_reranked.csv;cleanup_root_before:a287cd078fd2:21606:cleanup_20260506_final_code_artifact_cleanup/root_before_cleanup/results/reranker/llama3_squad_chunk512_reranked.csv;cleanup_nested_reviewer_artifact:a287cd078fd2:21606:cleanup_20260506_final_code_artifact_cleanup/root_before_cleanup/submission_package/neurips2026_reviewer_artifact_anonymous/results/reranker/llama3_squad_chunk512_reranked.csv
results/reranker/metrics.csv,3,1,cleanup_prior_reviewer_snapshot:f05e01633f55:540:cleanup_20260506_final_code_artifact_cleanup/prior_reviewer_artifact_snapshot/results/reranker/metrics.csv;cleanup_root_before:f05e01633f55:540:cleanup_20260506_final_code_artifact_cleanup/root_before_cleanup/results/reranker/metrics.csv;cleanup_nested_reviewer_artifact:f05e01633f55:540:cleanup_20260506_final_code_artifact_cleanup/root_before_cleanup/submission_package/neurips2026_reviewer_artifact_anonymous/results/reranker/metrics.csv
results/reranker/mistral_pubmedqa_chunk1024_baseline.csv,3,1,cleanup_prior_reviewer_snapshot:b6370970ca00:44791:cleanup_20260506_final_code_artifact_cleanup/prior_reviewer_artifact_snapshot/results/reranker/mistral_pubmedqa_chunk1024_baseline.csv;cleanup_root_before:b6370970ca00:44791:cleanup_20260506_final_code_artifact_cleanup/root_before_cleanup/results/reranker/mistral_pubmedqa_chunk1024_baseline.csv;cleanup_nested_reviewer_artifact:b6370970ca00:44791:cleanup_20260506_final_code_artifact_cleanup/root_before_cleanup/submission_package/neurips2026_reviewer_artifact_anonymous/results/reranker/mistral_pubmedqa_chunk1024_baseline.csv
results/reranker/mistral_pubmedqa_chunk1024_reranked.csv,3,1,cleanup_prior_reviewer_snapshot:b070ae51466a:45162:cleanup_20260506_final_code_artifact_cleanup/prior_reviewer_artifact_snapshot/results/reranker/mistral_pubmedqa_chunk1024_reranked.csv;cleanup_root_before:b070ae51466a:45162:cleanup_20260506_final_code_artifact_cleanup/root_before_cleanup/results/reranker/mistral_pubmedqa_chunk1024_reranked.csv;cleanup_nested_reviewer_artifact:b070ae51466a:45162:cleanup_20260506_final_code_artifact_cleanup/root_before_cleanup/submission_package/neurips2026_reviewer_artifact_anonymous/results/reranker/mistral_pubmedqa_chunk1024_reranked.csv
results/reranker/mistral_pubmedqa_chunk256_baseline.csv,3,1,cleanup_prior_reviewer_snapshot:3d41d04856c2:39118:cleanup_20260506_final_code_artifact_cleanup/prior_reviewer_artifact_snapshot/results/reranker/mistral_pubmedqa_chunk256_baseline.csv;cleanup_root_before:3d41d04856c2:39118:cleanup_20260506_final_code_artifact_cleanup/root_before_cleanup/results/reranker/mistral_pubmedqa_chunk256_baseline.csv;cleanup_nested_reviewer_artifact:3d41d04856c2:39118:cleanup_20260506_final_code_artifact_cleanup/root_before_cleanup/submission_package/neurips2026_reviewer_artifact_anonymous/results/reranker/mistral_pubmedqa_chunk256_baseline.csv
results/reranker/mistral_pubmedqa_chunk256_reranked.csv,3,1,cleanup_prior_reviewer_snapshot:a33c8b17d28e:37331:cleanup_20260506_final_code_artifact_cleanup/prior_reviewer_artifact_snapshot/results/reranker/mistral_pubmedqa_chunk256_reranked.csv;cleanup_root_before:a33c8b17d28e:37331:cleanup_20260506_final_code_artifact_cleanup/root_before_cleanup/results/reranker/mistral_pubmedqa_chunk256_reranked.csv;cleanup_nested_reviewer_artifact:a33c8b17d28e:37331:cleanup_20260506_final_code_artifact_cleanup/root_before_cleanup/submission_package/neurips2026_reviewer_artifact_anonymous/results/reranker/mistral_pubmedqa_chunk256_reranked.csv
results/reranker/mistral_pubmedqa_chunk512_baseline.csv,3,1,cleanup_prior_reviewer_snapshot:fcd87d9df1f1:44587:cleanup_20260506_final_code_artifact_cleanup/prior_reviewer_artifact_snapshot/results/reranker/mistral_pubmedqa_chunk512_baseline.csv;cleanup_root_before:fcd87d9df1f1:44587:cleanup_20260506_final_code_artifact_cleanup/root_before_cleanup/results/reranker/mistral_pubmedqa_chunk512_baseline.csv;cleanup_nested_reviewer_artifact:fcd87d9df1f1:44587:cleanup_20260506_final_code_artifact_cleanup/root_before_cleanup/submission_package/neurips2026_reviewer_artifact_anonymous/results/reranker/mistral_pubmedqa_chunk512_baseline.csv
results/reranker/mistral_pubmedqa_chunk512_reranked.csv,3,1,cleanup_prior_reviewer_snapshot:c6886e3d1a17:40499:cleanup_20260506_final_code_artifact_cleanup/prior_reviewer_artifact_snapshot/results/reranker/mistral_pubmedqa_chunk512_reranked.csv;cleanup_root_before:c6886e3d1a17:40499:cleanup_20260506_final_code_artifact_cleanup/root_before_cleanup/results/reranker/mistral_pubmedqa_chunk512_reranked.csv;cleanup_nested_reviewer_artifact:c6886e3d1a17:40499:cleanup_20260506_final_code_artifact_cleanup/root_before_cleanup/submission_package/neurips2026_reviewer_artifact_anonymous/results/reranker/mistral_pubmedqa_chunk512_reranked.csv
results/reranker/mistral_squad_chunk1024_baseline.csv,3,1,cleanup_prior_reviewer_snapshot:fffbf93b6ed4:21893:cleanup_20260506_final_code_artifact_cleanup/prior_reviewer_artifact_snapshot/results/reranker/mistral_squad_chunk1024_baseline.csv;cleanup_root_before:fffbf93b6ed4:21893:cleanup_20260506_final_code_artifact_cleanup/root_before_cleanup/results/reranker/mistral_squad_chunk1024_baseline.csv;cleanup_nested_reviewer_artifact:fffbf93b6ed4:21893:cleanup_20260506_final_code_artifact_cleanup/root_before_cleanup/submission_package/neurips2026_reviewer_artifact_anonymous/results/reranker/mistral_squad_chunk1024_baseline.csv
results/reranker/mistral_squad_chunk1024_reranked.csv,3,1,cleanup_prior_reviewer_snapshot:6c9f36a3d5b8:21963:cleanup_20260506_final_code_artifact_cleanup/prior_reviewer_artifact_snapshot/results/reranker/mistral_squad_chunk1024_reranked.csv;cleanup_root_before:6c9f36a3d5b8:21963:cleanup_20260506_final_code_artifact_cleanup/root_before_cleanup/results/reranker/mistral_squad_chunk1024_reranked.csv;cleanup_nested_reviewer_artifact:6c9f36a3d5b8:21963:cleanup_20260506_final_code_artifact_cleanup/root_before_cleanup/submission_package/neurips2026_reviewer_artifact_anonymous/results/reranker/mistral_squad_chunk1024_reranked.csv
results/reranker/mistral_squad_chunk256_baseline.csv,3,1,cleanup_prior_reviewer_snapshot:096325936cef:24899:cleanup_20260506_final_code_artifact_cleanup/prior_reviewer_artifact_snapshot/results/reranker/mistral_squad_chunk256_baseline.csv;cleanup_root_before:096325936cef:24899:cleanup_20260506_final_code_artifact_cleanup/root_before_cleanup/results/reranker/mistral_squad_chunk256_baseline.csv;cleanup_nested_reviewer_artifact:096325936cef:24899:cleanup_20260506_final_code_artifact_cleanup/root_before_cleanup/submission_package/neurips2026_reviewer_artifact_anonymous/results/reranker/mistral_squad_chunk256_baseline.csv
results/reranker/mistral_squad_chunk256_reranked.csv,3,1,cleanup_prior_reviewer_snapshot:8a26a5a32fe5:23947:cleanup_20260506_final_code_artifact_cleanup/prior_reviewer_artifact_snapshot/results/reranker/mistral_squad_chunk256_reranked.csv;cleanup_root_before:8a26a5a32fe5:23947:cleanup_20260506_final_code_artifact_cleanup/root_before_cleanup/results/reranker/mistral_squad_chunk256_reranked.csv;cleanup_nested_reviewer_artifact:8a26a5a32fe5:23947:cleanup_20260506_final_code_artifact_cleanup/root_before_cleanup/submission_package/neurips2026_reviewer_artifact_anonymous/results/reranker/mistral_squad_chunk256_reranked.csv
results/reranker/mistral_squad_chunk512_baseline.csv,3,1,cleanup_prior_reviewer_snapshot:1c3aaf2005b5:21959:cleanup_20260506_final_code_artifact_cleanup/prior_reviewer_artifact_snapshot/results/reranker/mistral_squad_chunk512_baseline.csv;cleanup_root_before:1c3aaf2005b5:21959:cleanup_20260506_final_code_artifact_cleanup/root_before_cleanup/results/reranker/mistral_squad_chunk512_baseline.csv;cleanup_nested_reviewer_artifact:1c3aaf2005b5:21959:cleanup_20260506_final_code_artifact_cleanup/root_before_cleanup/submission_package/neurips2026_reviewer_artifact_anonymous/results/reranker/mistral_squad_chunk512_baseline.csv
results/reranker/mistral_squad_chunk512_reranked.csv,3,1,cleanup_prior_reviewer_snapshot:ae1b5abcd764:21872:cleanup_20260506_final_code_artifact_cleanup/prior_reviewer_artifact_snapshot/results/reranker/mistral_squad_chunk512_reranked.csv;cleanup_root_before:ae1b5abcd764:21872:cleanup_20260506_final_code_artifact_cleanup/root_before_cleanup/results/reranker/mistral_squad_chunk512_reranked.csv;cleanup_nested_reviewer_artifact:ae1b5abcd764:21872:cleanup_20260506_final_code_artifact_cleanup/root_before_cleanup/submission_package/neurips2026_reviewer_artifact_anonymous/results/reranker/mistral_squad_chunk512_reranked.csv
results/reranker/summary.csv,3,1,cleanup_prior_reviewer_snapshot:4e6c7132d39f:646:cleanup_20260506_final_code_artifact_cleanup/prior_reviewer_artifact_snapshot/results/reranker/summary.csv;cleanup_root_before:4e6c7132d39f:646:cleanup_20260506_final_code_artifact_cleanup/root_before_cleanup/results/reranker/summary.csv;cleanup_nested_reviewer_artifact:4e6c7132d39f:646:cleanup_20260506_final_code_artifact_cleanup/root_before_cleanup/submission_package/neurips2026_reviewer_artifact_anonymous/results/reranker/summary.csv
results/reranker/summary.json,3,1,cleanup_prior_reviewer_snapshot:f69e5ad3f258:2530:cleanup_20260506_final_code_artifact_cleanup/prior_reviewer_artifact_snapshot/results/reranker/summary.json;cleanup_root_before:f69e5ad3f258:2530:cleanup_20260506_final_code_artifact_cleanup/root_before_cleanup/results/reranker/summary.json;cleanup_nested_reviewer_artifact:f69e5ad3f258:2530:cleanup_20260506_final_code_artifact_cleanup/root_before_cleanup/submission_package/neurips2026_reviewer_artifact_anonymous/results/reranker/summary.json
results/reranker/summary.md,3,1,cleanup_prior_reviewer_snapshot:b037208992d8:763:cleanup_20260506_final_code_artifact_cleanup/prior_reviewer_artifact_snapshot/results/reranker/summary.md;cleanup_root_before:b037208992d8:763:cleanup_20260506_final_code_artifact_cleanup/root_before_cleanup/results/reranker/summary.md;cleanup_nested_reviewer_artifact:b037208992d8:763:cleanup_20260506_final_code_artifact_cleanup/root_before_cleanup/submission_package/neurips2026_reviewer_artifact_anonymous/results/reranker/summary.md
results/results.csv,3,1,cleanup_prior_reviewer_snapshot:cdf006156ad9:7943:cleanup_20260506_final_code_artifact_cleanup/prior_reviewer_artifact_snapshot/results/results.csv;cleanup_root_before:cdf006156ad9:7943:cleanup_20260506_final_code_artifact_cleanup/root_before_cleanup/results/results.csv;cleanup_nested_reviewer_artifact:cdf006156ad9:7943:cleanup_20260506_final_code_artifact_cleanup/root_before_cleanup/submission_package/neurips2026_reviewer_artifact_anonymous/results/results.csv
results/revision/context_conditioned_nli/contrasts_n600.csv,4,1,cleanup_prior_reviewer_snapshot:66071f53c43b:938:cleanup_20260506_final_code_artifact_cleanup/prior_reviewer_artifact_snapshot/results/revision/context_conditioned_nli/contrasts_n600.csv;cleanup_root_before:66071f53c43b:938:cleanup_20260506_final_code_artifact_cleanup/root_before_cleanup/results/revision/context_conditioned_nli/contrasts_n600.csv;cleanup_nested_reviewer_artifact:66071f53c43b:938:cleanup_20260506_final_code_artifact_cleanup/root_before_cleanup/submission_package/neurips2026_reviewer_artifact_anonymous/results/revision/context_conditioned_nli/contrasts_n600.csv;submitted_git_worktree:66071f53c43b:938:rag-hallucination-detection_main/results/revision/context_conditioned_nli/contrasts_n600.csv
results/revision/context_conditioned_nli/n99_alignment_spearmans.csv,4,1,cleanup_prior_reviewer_snapshot:ee25150970c2:602:cleanup_20260506_final_code_artifact_cleanup/prior_reviewer_artifact_snapshot/results/revision/context_conditioned_nli/n99_alignment_spearmans.csv;cleanup_root_before:ee25150970c2:602:cleanup_20260506_final_code_artifact_cleanup/root_before_cleanup/results/revision/context_conditioned_nli/n99_alignment_spearmans.csv;cleanup_nested_reviewer_artifact:ee25150970c2:602:cleanup_20260506_final_code_artifact_cleanup/root_before_cleanup/submission_package/neurips2026_reviewer_artifact_anonymous/results/revision/context_conditioned_nli/n99_alignment_spearmans.csv;submitted_git_worktree:ee25150970c2:602:rag-hallucination-detection_main/results/revision/context_conditioned_nli/n99_alignment_spearmans.csv
results/revision/context_conditioned_nli/n99_alignment_summary.csv,4,1,cleanup_prior_reviewer_snapshot:1f81dad2aa0e:594:cleanup_20260506_final_code_artifact_cleanup/prior_reviewer_artifact_snapshot/results/revision/context_conditioned_nli/n99_alignment_summary.csv;cleanup_root_before:1f81dad2aa0e:594:cleanup_20260506_final_code_artifact_cleanup/root_before_cleanup/results/revision/context_conditioned_nli/n99_alignment_summary.csv;cleanup_nested_reviewer_artifact:1f81dad2aa0e:594:cleanup_20260506_final_code_artifact_cleanup/root_before_cleanup/submission_package/neurips2026_reviewer_artifact_anonymous/results/revision/context_conditioned_nli/n99_alignment_summary.csv;submitted_git_worktree:1f81dad2aa0e:594:rag-hallucination-detection_main/results/revision/context_conditioned_nli/n99_alignment_summary.csv
results/revision/context_conditioned_nli/n99_with_ctx_scores.csv,4,1,cleanup_prior_reviewer_snapshot:5405b3484ba6:160846:cleanup_20260506_final_code_artifact_cleanup/prior_reviewer_artifact_snapshot/results/revision/context_conditioned_nli/n99_with_ctx_scores.csv;cleanup_root_before:5405b3484ba6:160846:cleanup_20260506_final_code_artifact_cleanup/root_before_cleanup/results/revision/context_conditioned_nli/n99_with_ctx_scores.csv;cleanup_nested_reviewer_artifact:5405b3484ba6:160846:cleanup_20260506_final_code_artifact_cleanup/root_before_cleanup/submission_package/neurips2026_reviewer_artifact_anonymous/results/revision/context_conditioned_nli/n99_with_ctx_scores.csv;submitted_git_worktree:5405b3484ba6:160846:rag-hallucination-detection_main/results/revision/context_conditioned_nli/n99_with_ctx_scores.csv
results/revision/fix_01/bootstrap_ci.csv,4,1,cleanup_prior_reviewer_snapshot:cd62c9ccab41:133:cleanup_20260506_final_code_artifact_cleanup/prior_reviewer_artifact_snapshot/results/revision/fix_01/bootstrap_ci.csv;cleanup_root_before:cd62c9ccab41:133:cleanup_20260506_final_code_artifact_cleanup/root_before_cleanup/results/revision/fix_01/bootstrap_ci.csv;cleanup_nested_reviewer_artifact:cd62c9ccab41:133:cleanup_20260506_final_code_artifact_cleanup/root_before_cleanup/submission_package/neurips2026_reviewer_artifact_anonymous/results/revision/fix_01/bootstrap_ci.csv;submitted_git_worktree:cd62c9ccab41:133:rag-hallucination-detection_main/results/revision/fix_01/bootstrap_ci.csv
results/revision/fix_01/construction_summary.csv,4,1,cleanup_prior_reviewer_snapshot:e38644ff2537:180:cleanup_20260506_final_code_artifact_cleanup/prior_reviewer_artifact_snapshot/results/revision/fix_01/construction_summary.csv;cleanup_root_before:e38644ff2537:180:cleanup_20260506_final_code_artifact_cleanup/root_before_cleanup/results/revision/fix_01/construction_summary.csv;cleanup_nested_reviewer_artifact:e38644ff2537:180:cleanup_20260506_final_code_artifact_cleanup/root_before_cleanup/submission_package/neurips2026_reviewer_artifact_anonymous/results/revision/fix_01/construction_summary.csv;submitted_git_worktree:e38644ff2537:180:rag-hallucination-detection_main/results/revision/fix_01/construction_summary.csv
results/revision/fix_01/match_diagnostics.csv,4,1,cleanup_prior_reviewer_snapshot:87a4493d5775:278:cleanup_20260506_final_code_artifact_cleanup/prior_reviewer_artifact_snapshot/results/revision/fix_01/match_diagnostics.csv;cleanup_root_before:87a4493d5775:278:cleanup_20260506_final_code_artifact_cleanup/root_before_cleanup/results/revision/fix_01/match_diagnostics.csv;cleanup_nested_reviewer_artifact:87a4493d5775:278:cleanup_20260506_final_code_artifact_cleanup/root_before_cleanup/submission_package/neurips2026_reviewer_artifact_anonymous/results/revision/fix_01/match_diagnostics.csv;submitted_git_worktree:87a4493d5775:278:rag-hallucination-detection_main/results/revision/fix_01/match_diagnostics.csv
results/revision/fix_01/matched_ccs_faithfulness_quantiles.csv,4,1,cleanup_prior_reviewer_snapshot:a7fa5930aaac:160:cleanup_20260506_final_code_artifact_cleanup/prior_reviewer_artifact_snapshot/results/revision/fix_01/matched_ccs_faithfulness_quantiles.csv;cleanup_root_before:a7fa5930aaac:160:cleanup_20260506_final_code_artifact_cleanup/root_before_cleanup/results/revision/fix_01/matched_ccs_faithfulness_quantiles.csv;cleanup_nested_reviewer_artifact:a7fa5930aaac:160:cleanup_20260506_final_code_artifact_cleanup/root_before_cleanup/submission_package/neurips2026_reviewer_artifact_anonymous/results/revision/fix_01/matched_ccs_faithfulness_quantiles.csv;submitted_git_worktree:a7fa5930aaac:160:rag-hallucination-detection_main/results/revision/fix_01/matched_ccs_faithfulness_quantiles.csv
results/revision/fix_01/matched_ccs_threshold_rates.csv,4,1,cleanup_prior_reviewer_snapshot:50ba47ea936c:136:cleanup_20260506_final_code_artifact_cleanup/prior_reviewer_artifact_snapshot/results/revision/fix_01/matched_ccs_threshold_rates.csv;cleanup_root_before:50ba47ea936c:136:cleanup_20260506_final_code_artifact_cleanup/root_before_cleanup/results/revision/fix_01/matched_ccs_threshold_rates.csv;cleanup_nested_reviewer_artifact:50ba47ea936c:136:cleanup_20260506_final_code_artifact_cleanup/root_before_cleanup/submission_package/neurips2026_reviewer_artifact_anonymous/results/revision/fix_01/matched_ccs_threshold_rates.csv;submitted_git_worktree:50ba47ea936c:136:rag-hallucination-detection_main/results/revision/fix_01/matched_ccs_threshold_rates.csv
results/revision/fix_01/paired_wilcoxon.csv,4,1,cleanup_prior_reviewer_snapshot:7046d1aec621:562:cleanup_20260506_final_code_artifact_cleanup/prior_reviewer_artifact_snapshot/results/revision/fix_01/paired_wilcoxon.csv;cleanup_root_before:7046d1aec621:562:cleanup_20260506_final_code_artifact_cleanup/root_before_cleanup/results/revision/fix_01/paired_wilcoxon.csv;cleanup_nested_reviewer_artifact:7046d1aec621:562:cleanup_20260506_final_code_artifact_cleanup/root_before_cleanup/submission_package/neurips2026_reviewer_artifact_anonymous/results/revision/fix_01/paired_wilcoxon.csv;submitted_git_worktree:7046d1aec621:562:rag-hallucination-detection_main/results/revision/fix_01/paired_wilcoxon.csv
results/revision/fix_01/summary.md,4,1,cleanup_prior_reviewer_snapshot:5153f64d26df:2710:cleanup_20260506_final_code_artifact_cleanup/prior_reviewer_artifact_snapshot/results/revision/fix_01/summary.md;cleanup_root_before:5153f64d26df:2710:cleanup_20260506_final_code_artifact_cleanup/root_before_cleanup/results/revision/fix_01/summary.md;cleanup_nested_reviewer_artifact:5153f64d26df:2710:cleanup_20260506_final_code_artifact_cleanup/root_before_cleanup/submission_package/neurips2026_reviewer_artifact_anonymous/results/revision/fix_01/summary.md;submitted_git_worktree:5153f64d26df:2710:rag-hallucination-detection_main/results/revision/fix_01/summary.md
results/revision/fix_02/headline_table.csv,4,1,cleanup_prior_reviewer_snapshot:0fb1b3ad0117:545:cleanup_20260506_final_code_artifact_cleanup/prior_reviewer_artifact_snapshot/results/revision/fix_02/headline_table.csv;cleanup_root_before:0fb1b3ad0117:545:cleanup_20260506_final_code_artifact_cleanup/root_before_cleanup/results/revision/fix_02/headline_table.csv;cleanup_nested_reviewer_artifact:0fb1b3ad0117:545:cleanup_20260506_final_code_artifact_cleanup/root_before_cleanup/submission_package/neurips2026_reviewer_artifact_anonymous/results/revision/fix_02/headline_table.csv;submitted_git_worktree:0fb1b3ad0117:545:rag-hallucination-detection_main/results/revision/fix_02/headline_table.csv
results/revision/fix_02/headline_table_gpu0.csv,4,1,cleanup_prior_reviewer_snapshot:607d976183ce:537:cleanup_20260506_final_code_artifact_cleanup/prior_reviewer_artifact_snapshot/results/revision/fix_02/headline_table_gpu0.csv;cleanup_root_before:607d976183ce:537:cleanup_20260506_final_code_artifact_cleanup/root_before_cleanup/results/revision/fix_02/headline_table_gpu0.csv;cleanup_nested_reviewer_artifact:607d976183ce:537:cleanup_20260506_final_code_artifact_cleanup/root_before_cleanup/submission_package/neurips2026_reviewer_artifact_anonymous/results/revision/fix_02/headline_table_gpu0.csv;submitted_git_worktree:607d976183ce:537:rag-hallucination-detection_main/results/revision/fix_02/headline_table_gpu0.csv
results/revision/fix_02/headline_table_gpu1.csv,4,1,cleanup_prior_reviewer_snapshot:e85e33508ebc:539:cleanup_20260506_final_code_artifact_cleanup/prior_reviewer_artifact_snapshot/results/revision/fix_02/headline_table_gpu1.csv;cleanup_root_before:e85e33508ebc:539:cleanup_20260506_final_code_artifact_cleanup/root_before_cleanup/results/revision/fix_02/headline_table_gpu1.csv;cleanup_nested_reviewer_artifact:e85e33508ebc:539:cleanup_20260506_final_code_artifact_cleanup/root_before_cleanup/submission_package/neurips2026_reviewer_artifact_anonymous/results/revision/fix_02/headline_table_gpu1.csv;submitted_git_worktree:e85e33508ebc:539:rag-hallucination-detection_main/results/revision/fix_02/headline_table_gpu1.csv
results/revision/fix_02/paired_contrasts.csv,4,1,cleanup_prior_reviewer_snapshot:3c195666d369:1502:cleanup_20260506_final_code_artifact_cleanup/prior_reviewer_artifact_snapshot/results/revision/fix_02/paired_contrasts.csv;cleanup_root_before:3c195666d369:1502:cleanup_20260506_final_code_artifact_cleanup/root_before_cleanup/results/revision/fix_02/paired_contrasts.csv;cleanup_nested_reviewer_artifact:3c195666d369:1502:cleanup_20260506_final_code_artifact_cleanup/root_before_cleanup/submission_package/neurips2026_reviewer_artifact_anonymous/results/revision/fix_02/paired_contrasts.csv;submitted_git_worktree:3c195666d369:1502:rag-hallucination-detection_main/results/revision/fix_02/paired_contrasts.csv
results/revision/fix_02/paired_contrasts_gpu0.csv,4,1,cleanup_prior_reviewer_snapshot:fdcbefde9f27:379:cleanup_20260506_final_code_artifact_cleanup/prior_reviewer_artifact_snapshot/results/revision/fix_02/paired_contrasts_gpu0.csv;cleanup_root_before:fdcbefde9f27:379:cleanup_20260506_final_code_artifact_cleanup/root_before_cleanup/results/revision/fix_02/paired_contrasts_gpu0.csv;cleanup_nested_reviewer_artifact:fdcbefde9f27:379:cleanup_20260506_final_code_artifact_cleanup/root_before_cleanup/submission_package/neurips2026_reviewer_artifact_anonymous/results/revision/fix_02/paired_contrasts_gpu0.csv;submitted_git_worktree:fdcbefde9f27:379:rag-hallucination-detection_main/results/revision/fix_02/paired_contrasts_gpu0.csv
results/revision/fix_02/paired_contrasts_gpu1.csv,4,1,cleanup_prior_reviewer_snapshot:057d2b08ab69:664:cleanup_20260506_final_code_artifact_cleanup/prior_reviewer_artifact_snapshot/results/revision/fix_02/paired_contrasts_gpu1.csv;cleanup_root_before:057d2b08ab69:664:cleanup_20260506_final_code_artifact_cleanup/root_before_cleanup/results/revision/fix_02/paired_contrasts_gpu1.csv;cleanup_nested_reviewer_artifact:057d2b08ab69:664:cleanup_20260506_final_code_artifact_cleanup/root_before_cleanup/submission_package/neurips2026_reviewer_artifact_anonymous/results/revision/fix_02/paired_contrasts_gpu1.csv;submitted_git_worktree:057d2b08ab69:664:rag-hallucination-detection_main/results/revision/fix_02/paired_contrasts_gpu1.csv
results/revision/fix_02/summary.md,4,1,cleanup_prior_reviewer_snapshot:41489efadf66:3994:cleanup_20260506_final_code_artifact_cleanup/prior_reviewer_artifact_snapshot/results/revision/fix_02/summary.md;cleanup_root_before:41489efadf66:3994:cleanup_20260506_final_code_artifact_cleanup/root_before_cleanup/results/revision/fix_02/summary.md;cleanup_nested_reviewer_artifact:41489efadf66:3994:cleanup_20260506_final_code_artifact_cleanup/root_before_cleanup/submission_package/neurips2026_reviewer_artifact_anonymous/results/revision/fix_02/summary.md;submitted_git_worktree:41489efadf66:3994:rag-hallucination-detection_main/results/revision/fix_02/summary.md
results/revision/fix_02/summary_gpu0.md,4,1,cleanup_prior_reviewer_snapshot:fbd78a6bbea8:2194:cleanup_20260506_final_code_artifact_cleanup/prior_reviewer_artifact_snapshot/results/revision/fix_02/summary_gpu0.md;cleanup_root_before:fbd78a6bbea8:2194:cleanup_20260506_final_code_artifact_cleanup/root_before_cleanup/results/revision/fix_02/summary_gpu0.md;cleanup_nested_reviewer_artifact:fbd78a6bbea8:2194:cleanup_20260506_final_code_artifact_cleanup/root_before_cleanup/submission_package/neurips2026_reviewer_artifact_anonymous/results/revision/fix_02/summary_gpu0.md;submitted_git_worktree:fbd78a6bbea8:2194:rag-hallucination-detection_main/results/revision/fix_02/summary_gpu0.md
results/revision/fix_02/summary_gpu1.md,4,1,cleanup_prior_reviewer_snapshot:1250e432dfa9:2644:cleanup_20260506_final_code_artifact_cleanup/prior_reviewer_artifact_snapshot/results/revision/fix_02/summary_gpu1.md;cleanup_root_before:1250e432dfa9:2644:cleanup_20260506_final_code_artifact_cleanup/root_before_cleanup/results/revision/fix_02/summary_gpu1.md;cleanup_nested_reviewer_artifact:1250e432dfa9:2644:cleanup_20260506_final_code_artifact_cleanup/root_before_cleanup/submission_package/neurips2026_reviewer_artifact_anonymous/results/revision/fix_02/summary_gpu1.md;submitted_git_worktree:1250e432dfa9:2644:rag-hallucination-detection_main/results/revision/fix_02/summary_gpu1.md
results/revision/fix_03/bootstrap_correlation_cis.csv,4,1,cleanup_prior_reviewer_snapshot:2454083c0148:1597:cleanup_20260506_final_code_artifact_cleanup/prior_reviewer_artifact_snapshot/results/revision/fix_03/bootstrap_correlation_cis.csv;cleanup_root_before:2454083c0148:1597:cleanup_20260506_final_code_artifact_cleanup/root_before_cleanup/results/revision/fix_03/bootstrap_correlation_cis.csv;cleanup_nested_reviewer_artifact:2454083c0148:1597:cleanup_20260506_final_code_artifact_cleanup/root_before_cleanup/submission_package/neurips2026_reviewer_artifact_anonymous/results/revision/fix_03/bootstrap_correlation_cis.csv;submitted_git_worktree:2454083c0148:1597:rag-hallucination-detection_main/results/revision/fix_03/bootstrap_correlation_cis.csv
results/revision/fix_03/human_eval_correlations.csv,4,1,cleanup_prior_reviewer_snapshot:d7a894f84ef6:236:cleanup_20260506_final_code_artifact_cleanup/prior_reviewer_artifact_snapshot/results/revision/fix_03/human_eval_correlations.csv;cleanup_root_before:d7a894f84ef6:236:cleanup_20260506_final_code_artifact_cleanup/root_before_cleanup/results/revision/fix_03/human_eval_correlations.csv;cleanup_nested_reviewer_artifact:d7a894f84ef6:236:cleanup_20260506_final_code_artifact_cleanup/root_before_cleanup/submission_package/neurips2026_reviewer_artifact_anonymous/results/revision/fix_03/human_eval_correlations.csv;submitted_git_worktree:d7a894f84ef6:236:rag-hallucination-detection_main/results/revision/fix_03/human_eval_correlations.csv
results/revision/fix_03/human_eval_label_distribution.csv,4,1,cleanup_prior_reviewer_snapshot:41df52b11569:104:cleanup_20260506_final_code_artifact_cleanup/prior_reviewer_artifact_snapshot/results/revision/fix_03/human_eval_label_distribution.csv;cleanup_root_before:41df52b11569:104:cleanup_20260506_final_code_artifact_cleanup/root_before_cleanup/results/revision/fix_03/human_eval_label_distribution.csv;cleanup_nested_reviewer_artifact:41df52b11569:104:cleanup_20260506_final_code_artifact_cleanup/root_before_cleanup/submission_package/neurips2026_reviewer_artifact_anonymous/results/revision/fix_03/human_eval_label_distribution.csv;submitted_git_worktree:41df52b11569:104:rag-hallucination-detection_main/results/revision/fix_03/human_eval_label_distribution.csv
results/revision/fix_03/human_eval_summary.csv,4,1,cleanup_prior_reviewer_snapshot:db4ffc9cc343:167:cleanup_20260506_final_code_artifact_cleanup/prior_reviewer_artifact_snapshot/results/revision/fix_03/human_eval_summary.csv;cleanup_root_before:db4ffc9cc343:167:cleanup_20260506_final_code_artifact_cleanup/root_before_cleanup/results/revision/fix_03/human_eval_summary.csv;cleanup_nested_reviewer_artifact:db4ffc9cc343:167:cleanup_20260506_final_code_artifact_cleanup/root_before_cleanup/submission_package/neurips2026_reviewer_artifact_anonymous/results/revision/fix_03/human_eval_summary.csv;submitted_git_worktree:db4ffc9cc343:167:rag-hallucination-detection_main/results/revision/fix_03/human_eval_summary.csv
results/revision/fix_03/human_eval_verification.csv,4,1,cleanup_prior_reviewer_snapshot:6e9f7d448f69:220:cleanup_20260506_final_code_artifact_cleanup/prior_reviewer_artifact_snapshot/results/revision/fix_03/human_eval_verification.csv;cleanup_root_before:6e9f7d448f69:220:cleanup_20260506_final_code_artifact_cleanup/root_before_cleanup/results/revision/fix_03/human_eval_verification.csv;cleanup_nested_reviewer_artifact:6e9f7d448f69:220:cleanup_20260506_final_code_artifact_cleanup/root_before_cleanup/submission_package/neurips2026_reviewer_artifact_anonymous/results/revision/fix_03/human_eval_verification.csv;submitted_git_worktree:6e9f7d448f69:220:rag-hallucination-detection_main/results/revision/fix_03/human_eval_verification.csv
results/revision/fix_03/human_eval_verification.md,4,1,cleanup_prior_reviewer_snapshot:100dbf531533:741:cleanup_20260506_final_code_artifact_cleanup/prior_reviewer_artifact_snapshot/results/revision/fix_03/human_eval_verification.md;cleanup_root_before:100dbf531533:741:cleanup_20260506_final_code_artifact_cleanup/root_before_cleanup/results/revision/fix_03/human_eval_verification.md;cleanup_nested_reviewer_artifact:100dbf531533:741:cleanup_20260506_final_code_artifact_cleanup/root_before_cleanup/submission_package/neurips2026_reviewer_artifact_anonymous/results/revision/fix_03/human_eval_verification.md;submitted_git_worktree:100dbf531533:741:rag-hallucination-detection_main/results/revision/fix_03/human_eval_verification.md
results/revision/fix_03/metric_correlations.csv,4,1,cleanup_prior_reviewer_snapshot:6ed98e71c6c3:318:cleanup_20260506_final_code_artifact_cleanup/prior_reviewer_artifact_snapshot/results/revision/fix_03/metric_correlations.csv;cleanup_root_before:6ed98e71c6c3:318:cleanup_20260506_final_code_artifact_cleanup/root_before_cleanup/results/revision/fix_03/metric_correlations.csv;cleanup_nested_reviewer_artifact:6ed98e71c6c3:318:cleanup_20260506_final_code_artifact_cleanup/root_before_cleanup/submission_package/neurips2026_reviewer_artifact_anonymous/results/revision/fix_03/metric_correlations.csv;submitted_git_worktree:6ed98e71c6c3:318:rag-hallucination-detection_main/results/revision/fix_03/metric_correlations.csv
results/revision/fix_03/standardized_scorer_fragility.csv,4,1,cleanup_prior_reviewer_snapshot:80728bcacc28:1619:cleanup_20260506_final_code_artifact_cleanup/prior_reviewer_artifact_snapshot/results/revision/fix_03/standardized_scorer_fragility.csv;cleanup_root_before:80728bcacc28:1619:cleanup_20260506_final_code_artifact_cleanup/root_before_cleanup/results/revision/fix_03/standardized_scorer_fragility.csv;cleanup_nested_reviewer_artifact:80728bcacc28:1619:cleanup_20260506_final_code_artifact_cleanup/root_before_cleanup/submission_package/neurips2026_reviewer_artifact_anonymous/results/revision/fix_03/standardized_scorer_fragility.csv;submitted_git_worktree:80728bcacc28:1619:rag-hallucination-detection_main/results/revision/fix_03/standardized_scorer_fragility.csv
results/revision/fix_03/summary.md,4,1,cleanup_prior_reviewer_snapshot:7a8ceb15fa4b:982:cleanup_20260506_final_code_artifact_cleanup/prior_reviewer_artifact_snapshot/results/revision/fix_03/summary.md;cleanup_root_before:7a8ceb15fa4b:982:cleanup_20260506_final_code_artifact_cleanup/root_before_cleanup/results/revision/fix_03/summary.md;cleanup_nested_reviewer_artifact:7a8ceb15fa4b:982:cleanup_20260506_final_code_artifact_cleanup/root_before_cleanup/submission_package/neurips2026_reviewer_artifact_anonymous/results/revision/fix_03/summary.md;submitted_git_worktree:7a8ceb15fa4b:982:rag-hallucination-detection_main/results/revision/fix_03/summary.md
results/revision/fix_03/table1_multimetric.csv,4,1,cleanup_prior_reviewer_snapshot:6f808491031d:183:cleanup_20260506_final_code_artifact_cleanup/prior_reviewer_artifact_snapshot/results/revision/fix_03/table1_multimetric.csv;cleanup_root_before:6f808491031d:183:cleanup_20260506_final_code_artifact_cleanup/root_before_cleanup/results/revision/fix_03/table1_multimetric.csv;cleanup_nested_reviewer_artifact:6f808491031d:183:cleanup_20260506_final_code_artifact_cleanup/root_before_cleanup/submission_package/neurips2026_reviewer_artifact_anonymous/results/revision/fix_03/table1_multimetric.csv;submitted_git_worktree:6f808491031d:183:rag-hallucination-detection_main/results/revision/fix_03/table1_multimetric.csv
results/revision/fix_04/generalization_flags.csv,4,1,cleanup_prior_reviewer_snapshot:5ed90e7d62ad:332:cleanup_20260506_final_code_artifact_cleanup/prior_reviewer_artifact_snapshot/results/revision/fix_04/generalization_flags.csv;cleanup_root_before:5ed90e7d62ad:332:cleanup_20260506_final_code_artifact_cleanup/root_before_cleanup/results/revision/fix_04/generalization_flags.csv;cleanup_nested_reviewer_artifact:5ed90e7d62ad:332:cleanup_20260506_final_code_artifact_cleanup/root_before_cleanup/submission_package/neurips2026_reviewer_artifact_anonymous/results/revision/fix_04/generalization_flags.csv;submitted_git_worktree:5ed90e7d62ad:332:rag-hallucination-detection_main/results/revision/fix_04/generalization_flags.csv
results/revision/fix_04/summary.md,4,1,cleanup_prior_reviewer_snapshot:d8e0f7c85373:3956:cleanup_20260506_final_code_artifact_cleanup/prior_reviewer_artifact_snapshot/results/revision/fix_04/summary.md;cleanup_root_before:d8e0f7c85373:3956:cleanup_20260506_final_code_artifact_cleanup/root_before_cleanup/results/revision/fix_04/summary.md;cleanup_nested_reviewer_artifact:d8e0f7c85373:3956:cleanup_20260506_final_code_artifact_cleanup/root_before_cleanup/submission_package/neurips2026_reviewer_artifact_anonymous/results/revision/fix_04/summary.md;submitted_git_worktree:d8e0f7c85373:3956:rag-hallucination-detection_main/results/revision/fix_04/summary.md
results/revision/fix_04/tau_summary.csv,4,1,cleanup_prior_reviewer_snapshot:70057fa52fd7:1282:cleanup_20260506_final_code_artifact_cleanup/prior_reviewer_artifact_snapshot/results/revision/fix_04/tau_summary.csv;cleanup_root_before:70057fa52fd7:1282:cleanup_20260506_final_code_artifact_cleanup/root_before_cleanup/results/revision/fix_04/tau_summary.csv;cleanup_nested_reviewer_artifact:70057fa52fd7:1282:cleanup_20260506_final_code_artifact_cleanup/root_before_cleanup/submission_package/neurips2026_reviewer_artifact_anonymous/results/revision/fix_04/tau_summary.csv;submitted_git_worktree:70057fa52fd7:1282:rag-hallucination-detection_main/results/revision/fix_04/tau_summary.csv
results/revision/fix_04/tau_transfer_matrix.csv,4,1,cleanup_prior_reviewer_snapshot:6eb1d877d190:353:cleanup_20260506_final_code_artifact_cleanup/prior_reviewer_artifact_snapshot/results/revision/fix_04/tau_transfer_matrix.csv;cleanup_root_before:6eb1d877d190:353:cleanup_20260506_final_code_artifact_cleanup/root_before_cleanup/results/revision/fix_04/tau_transfer_matrix.csv;cleanup_nested_reviewer_artifact:6eb1d877d190:353:cleanup_20260506_final_code_artifact_cleanup/root_before_cleanup/submission_package/neurips2026_reviewer_artifact_anonymous/results/revision/fix_04/tau_transfer_matrix.csv;submitted_git_worktree:6eb1d877d190:353:rag-hallucination-detection_main/results/revision/fix_04/tau_transfer_matrix.csv
results/revision/fix_05/noise_summary.csv,4,1,cleanup_prior_reviewer_snapshot:286140d064c2:546:cleanup_20260506_final_code_artifact_cleanup/prior_reviewer_artifact_snapshot/results/revision/fix_05/noise_summary.csv;cleanup_root_before:286140d064c2:546:cleanup_20260506_final_code_artifact_cleanup/root_before_cleanup/results/revision/fix_05/noise_summary.csv;cleanup_nested_reviewer_artifact:286140d064c2:546:cleanup_20260506_final_code_artifact_cleanup/root_before_cleanup/submission_package/neurips2026_reviewer_artifact_anonymous/results/revision/fix_05/noise_summary.csv;submitted_git_worktree:286140d064c2:546:rag-hallucination-detection_main/results/revision/fix_05/noise_summary.csv
results/revision/fix_05/slope_response.csv,4,1,cleanup_prior_reviewer_snapshot:de72dac188a6:211:cleanup_20260506_final_code_artifact_cleanup/prior_reviewer_artifact_snapshot/results/revision/fix_05/slope_response.csv;cleanup_root_before:de72dac188a6:211:cleanup_20260506_final_code_artifact_cleanup/root_before_cleanup/results/revision/fix_05/slope_response.csv;cleanup_nested_reviewer_artifact:de72dac188a6:211:cleanup_20260506_final_code_artifact_cleanup/root_before_cleanup/submission_package/neurips2026_reviewer_artifact_anonymous/results/revision/fix_05/slope_response.csv;submitted_git_worktree:de72dac188a6:211:rag-hallucination-detection_main/results/revision/fix_05/slope_response.csv
results/revision/fix_05/summary.md,4,1,cleanup_prior_reviewer_snapshot:7e6499be72be:1640:cleanup_20260506_final_code_artifact_cleanup/prior_reviewer_artifact_snapshot/results/revision/fix_05/summary.md;cleanup_root_before:7e6499be72be:1640:cleanup_20260506_final_code_artifact_cleanup/root_before_cleanup/results/revision/fix_05/summary.md;cleanup_nested_reviewer_artifact:7e6499be72be:1640:cleanup_20260506_final_code_artifact_cleanup/root_before_cleanup/submission_package/neurips2026_reviewer_artifact_anonymous/results/revision/fix_05/summary.md;submitted_git_worktree:7e6499be72be:1640:rag-hallucination-detection_main/results/revision/fix_05/summary.md
results/revision/fix_06/h2h_summary.csv,4,1,cleanup_prior_reviewer_snapshot:b6f8d3280cd8:615:cleanup_20260506_final_code_artifact_cleanup/prior_reviewer_artifact_snapshot/results/revision/fix_06/h2h_summary.csv;cleanup_root_before:b6f8d3280cd8:615:cleanup_20260506_final_code_artifact_cleanup/root_before_cleanup/results/revision/fix_06/h2h_summary.csv;cleanup_nested_reviewer_artifact:b6f8d3280cd8:615:cleanup_20260506_final_code_artifact_cleanup/root_before_cleanup/submission_package/neurips2026_reviewer_artifact_anonymous/results/revision/fix_06/h2h_summary.csv;submitted_git_worktree:b6f8d3280cd8:615:rag-hallucination-detection_main/results/revision/fix_06/h2h_summary.csv
results/revision/fix_06/h2h_summary_with_ci.csv,4,1,cleanup_prior_reviewer_snapshot:237649fe07cd:912:cleanup_20260506_final_code_artifact_cleanup/prior_reviewer_artifact_snapshot/results/revision/fix_06/h2h_summary_with_ci.csv;cleanup_root_before:237649fe07cd:912:cleanup_20260506_final_code_artifact_cleanup/root_before_cleanup/results/revision/fix_06/h2h_summary_with_ci.csv;cleanup_nested_reviewer_artifact:237649fe07cd:912:cleanup_20260506_final_code_artifact_cleanup/root_before_cleanup/submission_package/neurips2026_reviewer_artifact_anonymous/results/revision/fix_06/h2h_summary_with_ci.csv;submitted_git_worktree:237649fe07cd:912:rag-hallucination-detection_main/results/revision/fix_06/h2h_summary_with_ci.csv
results/revision/fix_06/summary.md,4,1,cleanup_prior_reviewer_snapshot:ec840cfcf3a3:1533:cleanup_20260506_final_code_artifact_cleanup/prior_reviewer_artifact_snapshot/results/revision/fix_06/summary.md;cleanup_root_before:ec840cfcf3a3:1533:cleanup_20260506_final_code_artifact_cleanup/root_before_cleanup/results/revision/fix_06/summary.md;cleanup_nested_reviewer_artifact:ec840cfcf3a3:1533:cleanup_20260506_final_code_artifact_cleanup/root_before_cleanup/submission_package/neurips2026_reviewer_artifact_anonymous/results/revision/fix_06/summary.md;submitted_git_worktree:ec840cfcf3a3:1533:rag-hallucination-detection_main/results/revision/fix_06/summary.md
results/revision/fix_09/partial_correlations.csv,3,1,cleanup_prior_reviewer_snapshot:bdacdfffa1a9:170:cleanup_20260506_final_code_artifact_cleanup/prior_reviewer_artifact_snapshot/results/revision/fix_09/partial_correlations.csv;cleanup_root_before:bdacdfffa1a9:170:cleanup_20260506_final_code_artifact_cleanup/root_before_cleanup/results/revision/fix_09/partial_correlations.csv;cleanup_nested_reviewer_artifact:bdacdfffa1a9:170:cleanup_20260506_final_code_artifact_cleanup/root_before_cleanup/submission_package/neurips2026_reviewer_artifact_anonymous/results/revision/fix_09/partial_correlations.csv
results/revision/fix_09/summary.md,3,1,cleanup_prior_reviewer_snapshot:4d6c92ceb48b:435:cleanup_20260506_final_code_artifact_cleanup/prior_reviewer_artifact_snapshot/results/revision/fix_09/summary.md;cleanup_root_before:4d6c92ceb48b:435:cleanup_20260506_final_code_artifact_cleanup/root_before_cleanup/results/revision/fix_09/summary.md;cleanup_nested_reviewer_artifact:4d6c92ceb48b:435:cleanup_20260506_final_code_artifact_cleanup/root_before_cleanup/submission_package/neurips2026_reviewer_artifact_anonymous/results/revision/fix_09/summary.md
results/revision/fix_11/raptor_full_table.csv,4,1,cleanup_prior_reviewer_snapshot:bbef250bd283:335:cleanup_20260506_final_code_artifact_cleanup/prior_reviewer_artifact_snapshot/results/revision/fix_11/raptor_full_table.csv;cleanup_root_before:bbef250bd283:335:cleanup_20260506_final_code_artifact_cleanup/root_before_cleanup/results/revision/fix_11/raptor_full_table.csv;cleanup_nested_reviewer_artifact:bbef250bd283:335:cleanup_20260506_final_code_artifact_cleanup/root_before_cleanup/submission_package/neurips2026_reviewer_artifact_anonymous/results/revision/fix_11/raptor_full_table.csv;submitted_git_worktree:bbef250bd283:335:rag-hallucination-detection_main/results/revision/fix_11/raptor_full_table.csv
results/revision/fix_11/raptor_indexing_costs.csv,4,1,cleanup_prior_reviewer_snapshot:15ccdb24eaca:155:cleanup_20260506_final_code_artifact_cleanup/prior_reviewer_artifact_snapshot/results/revision/fix_11/raptor_indexing_costs.csv;cleanup_root_before:15ccdb24eaca:155:cleanup_20260506_final_code_artifact_cleanup/root_before_cleanup/results/revision/fix_11/raptor_indexing_costs.csv;cleanup_nested_reviewer_artifact:15ccdb24eaca:155:cleanup_20260506_final_code_artifact_cleanup/root_before_cleanup/submission_package/neurips2026_reviewer_artifact_anonymous/results/revision/fix_11/raptor_indexing_costs.csv;submitted_git_worktree:15ccdb24eaca:155:rag-hallucination-detection_main/results/revision/fix_11/raptor_indexing_costs.csv
results/revision/fix_11/summary.md,4,1,cleanup_prior_reviewer_snapshot:62933fb2249f:917:cleanup_20260506_final_code_artifact_cleanup/prior_reviewer_artifact_snapshot/results/revision/fix_11/summary.md;cleanup_root_before:62933fb2249f:917:cleanup_20260506_final_code_artifact_cleanup/root_before_cleanup/results/revision/fix_11/summary.md;cleanup_nested_reviewer_artifact:62933fb2249f:917:cleanup_20260506_final_code_artifact_cleanup/root_before_cleanup/submission_package/neurips2026_reviewer_artifact_anonymous/results/revision/fix_11/summary.md;submitted_git_worktree:62933fb2249f:917:rag-hallucination-detection_main/results/revision/fix_11/summary.md
results/revision/fix_12/span_control_models.csv,4,1,cleanup_prior_reviewer_snapshot:a79841a1b07c:2479:cleanup_20260506_final_code_artifact_cleanup/prior_reviewer_artifact_snapshot/results/revision/fix_12/span_control_models.csv;cleanup_root_before:a79841a1b07c:2479:cleanup_20260506_final_code_artifact_cleanup/root_before_cleanup/results/revision/fix_12/span_control_models.csv;cleanup_nested_reviewer_artifact:a79841a1b07c:2479:cleanup_20260506_final_code_artifact_cleanup/root_before_cleanup/submission_package/neurips2026_reviewer_artifact_anonymous/results/revision/fix_12/span_control_models.csv;submitted_git_worktree:a79841a1b07c:2479:rag-hallucination-detection_main/results/revision/fix_12/span_control_models.csv
results/revision/fix_12/span_control_report.md,4,1,cleanup_prior_reviewer_snapshot:7bcaa0e9f961:7295:cleanup_20260506_final_code_artifact_cleanup/prior_reviewer_artifact_snapshot/results/revision/fix_12/span_control_report.md;cleanup_root_before:7bcaa0e9f961:7295:cleanup_20260506_final_code_artifact_cleanup/root_before_cleanup/results/revision/fix_12/span_control_report.md;cleanup_nested_reviewer_artifact:7bcaa0e9f961:7295:cleanup_20260506_final_code_artifact_cleanup/root_before_cleanup/submission_package/neurips2026_reviewer_artifact_anonymous/results/revision/fix_12/span_control_report.md;submitted_git_worktree:7bcaa0e9f961:7295:rag-hallucination-detection_main/results/revision/fix_12/span_control_report.md
results/revision/fix_12/span_control_summary.csv,4,1,cleanup_prior_reviewer_snapshot:a0d2213d3a93:370:cleanup_20260506_final_code_artifact_cleanup/prior_reviewer_artifact_snapshot/results/revision/fix_12/span_control_summary.csv;cleanup_root_before:a0d2213d3a93:370:cleanup_20260506_final_code_artifact_cleanup/root_before_cleanup/results/revision/fix_12/span_control_summary.csv;cleanup_nested_reviewer_artifact:a0d2213d3a93:370:cleanup_20260506_final_code_artifact_cleanup/root_before_cleanup/submission_package/neurips2026_reviewer_artifact_anonymous/results/revision/fix_12/span_control_summary.csv;submitted_git_worktree:a0d2213d3a93:370:rag-hallucination-detection_main/results/revision/fix_12/span_control_summary.csv
results/revision/fix_13/retriever_sanity_report.md,4,1,cleanup_prior_reviewer_snapshot:294c4a498fbd:6212:cleanup_20260506_final_code_artifact_cleanup/prior_reviewer_artifact_snapshot/results/revision/fix_13/retriever_sanity_report.md;cleanup_root_before:294c4a498fbd:6212:cleanup_20260506_final_code_artifact_cleanup/root_before_cleanup/results/revision/fix_13/retriever_sanity_report.md;cleanup_nested_reviewer_artifact:294c4a498fbd:6212:cleanup_20260506_final_code_artifact_cleanup/root_before_cleanup/submission_package/neurips2026_reviewer_artifact_anonymous/results/revision/fix_13/retriever_sanity_report.md;submitted_git_worktree:294c4a498fbd:6212:rag-hallucination-detection_main/results/revision/fix_13/retriever_sanity_report.md
results/revision/fix_13/retriever_sanity_summary.csv,4,1,cleanup_prior_reviewer_snapshot:b8f53335bd95:1674:cleanup_20260506_final_code_artifact_cleanup/prior_reviewer_artifact_snapshot/results/revision/fix_13/retriever_sanity_summary.csv;cleanup_root_before:b8f53335bd95:1674:cleanup_20260506_final_code_artifact_cleanup/root_before_cleanup/results/revision/fix_13/retriever_sanity_summary.csv;cleanup_nested_reviewer_artifact:b8f53335bd95:1674:cleanup_20260506_final_code_artifact_cleanup/root_before_cleanup/submission_package/neurips2026_reviewer_artifact_anonymous/results/revision/fix_13/retriever_sanity_summary.csv;submitted_git_worktree:b8f53335bd95:1674:rag-hallucination-detection_main/results/revision/fix_13/retriever_sanity_summary.csv
results/revision/fix_14/second_generator_correlations.csv,4,1,cleanup_prior_reviewer_snapshot:549d55fabc09:349:cleanup_20260506_final_code_artifact_cleanup/prior_reviewer_artifact_snapshot/results/revision/fix_14/second_generator_correlations.csv;cleanup_root_before:549d55fabc09:349:cleanup_20260506_final_code_artifact_cleanup/root_before_cleanup/results/revision/fix_14/second_generator_correlations.csv;cleanup_nested_reviewer_artifact:549d55fabc09:349:cleanup_20260506_final_code_artifact_cleanup/root_before_cleanup/submission_package/neurips2026_reviewer_artifact_anonymous/results/revision/fix_14/second_generator_correlations.csv;submitted_git_worktree:549d55fabc09:349:rag-hallucination-detection_main/results/revision/fix_14/second_generator_correlations.csv
results/revision/fix_14/second_generator_metrics.csv,4,1,cleanup_prior_reviewer_snapshot:cdee820e97af:374:cleanup_20260506_final_code_artifact_cleanup/prior_reviewer_artifact_snapshot/results/revision/fix_14/second_generator_metrics.csv;cleanup_root_before:cdee820e97af:374:cleanup_20260506_final_code_artifact_cleanup/root_before_cleanup/results/revision/fix_14/second_generator_metrics.csv;cleanup_nested_reviewer_artifact:cdee820e97af:374:cleanup_20260506_final_code_artifact_cleanup/root_before_cleanup/submission_package/neurips2026_reviewer_artifact_anonymous/results/revision/fix_14/second_generator_metrics.csv;submitted_git_worktree:cdee820e97af:374:rag-hallucination-detection_main/results/revision/fix_14/second_generator_metrics.csv
results/revision/fix_14/second_generator_report.md,4,1,cleanup_prior_reviewer_snapshot:8650891c5826:2007:cleanup_20260506_final_code_artifact_cleanup/prior_reviewer_artifact_snapshot/results/revision/fix_14/second_generator_report.md;cleanup_root_before:8650891c5826:2007:cleanup_20260506_final_code_artifact_cleanup/root_before_cleanup/results/revision/fix_14/second_generator_report.md;cleanup_nested_reviewer_artifact:8650891c5826:2007:cleanup_20260506_final_code_artifact_cleanup/root_before_cleanup/submission_package/neurips2026_reviewer_artifact_anonymous/results/revision/fix_14/second_generator_report.md;submitted_git_worktree:8650891c5826:2007:rag-hallucination-detection_main/results/revision/fix_14/second_generator_report.md
results/revision/fix_15/longform_stress_report.md,4,1,cleanup_prior_reviewer_snapshot:dc25c18e7a11:4257:cleanup_20260506_final_code_artifact_cleanup/prior_reviewer_artifact_snapshot/results/revision/fix_15/longform_stress_report.md;cleanup_root_before:dc25c18e7a11:4257:cleanup_20260506_final_code_artifact_cleanup/root_before_cleanup/results/revision/fix_15/longform_stress_report.md;cleanup_nested_reviewer_artifact:dc25c18e7a11:4257:cleanup_20260506_final_code_artifact_cleanup/root_before_cleanup/submission_package/neurips2026_reviewer_artifact_anonymous/results/revision/fix_15/longform_stress_report.md;submitted_git_worktree:dc25c18e7a11:4257:rag-hallucination-detection_main/results/revision/fix_15/longform_stress_report.md
results/revision/fix_15/longform_stress_summary.csv,4,1,cleanup_prior_reviewer_snapshot:35f77fc9a17d:1039:cleanup_20260506_final_code_artifact_cleanup/prior_reviewer_artifact_snapshot/results/revision/fix_15/longform_stress_summary.csv;cleanup_root_before:35f77fc9a17d:1039:cleanup_20260506_final_code_artifact_cleanup/root_before_cleanup/results/revision/fix_15/longform_stress_summary.csv;cleanup_nested_reviewer_artifact:35f77fc9a17d:1039:cleanup_20260506_final_code_artifact_cleanup/root_before_cleanup/submission_package/neurips2026_reviewer_artifact_anonymous/results/revision/fix_15/longform_stress_summary.csv;submitted_git_worktree:35f77fc9a17d:1039:rag-hallucination-detection_main/results/revision/fix_15/longform_stress_summary.csv
results/stats/significance_tests.json,3,1,cleanup_prior_reviewer_snapshot:1380c8a522c7:3314:cleanup_20260506_final_code_artifact_cleanup/prior_reviewer_artifact_snapshot/results/stats/significance_tests.json;cleanup_root_before:1380c8a522c7:3314:cleanup_20260506_final_code_artifact_cleanup/root_before_cleanup/results/stats/significance_tests.json;cleanup_nested_reviewer_artifact:1380c8a522c7:3314:cleanup_20260506_final_code_artifact_cleanup/root_before_cleanup/submission_package/neurips2026_reviewer_artifact_anonymous/results/stats/significance_tests.json
results/stats/summary.csv,3,1,cleanup_prior_reviewer_snapshot:6b59ae5f7f83:329:cleanup_20260506_final_code_artifact_cleanup/prior_reviewer_artifact_snapshot/results/stats/summary.csv;cleanup_root_before:6b59ae5f7f83:329:cleanup_20260506_final_code_artifact_cleanup/root_before_cleanup/results/stats/summary.csv;cleanup_nested_reviewer_artifact:6b59ae5f7f83:329:cleanup_20260506_final_code_artifact_cleanup/root_before_cleanup/submission_package/neurips2026_reviewer_artifact_anonymous/results/stats/summary.csv
results/subchunk_sensitivity/completed_tuples.json,3,1,cleanup_prior_reviewer_snapshot:ef43b2bb56e9:209:cleanup_20260506_final_code_artifact_cleanup/prior_reviewer_artifact_snapshot/results/subchunk_sensitivity/completed_tuples.json;cleanup_root_before:ef43b2bb56e9:209:cleanup_20260506_final_code_artifact_cleanup/root_before_cleanup/results/subchunk_sensitivity/completed_tuples.json;cleanup_nested_reviewer_artifact:ef43b2bb56e9:209:cleanup_20260506_final_code_artifact_cleanup/root_before_cleanup/submission_package/neurips2026_reviewer_artifact_anonymous/results/subchunk_sensitivity/completed_tuples.json
results/subchunk_sensitivity/paradox_by_sub.csv,3,1,cleanup_prior_reviewer_snapshot:044e084cb3f4:485:cleanup_20260506_final_code_artifact_cleanup/prior_reviewer_artifact_snapshot/results/subchunk_sensitivity/paradox_by_sub.csv;cleanup_root_before:044e084cb3f4:485:cleanup_20260506_final_code_artifact_cleanup/root_before_cleanup/results/subchunk_sensitivity/paradox_by_sub.csv;cleanup_nested_reviewer_artifact:044e084cb3f4:485:cleanup_20260506_final_code_artifact_cleanup/root_before_cleanup/submission_package/neurips2026_reviewer_artifact_anonymous/results/subchunk_sensitivity/paradox_by_sub.csv
results/subchunk_sensitivity/summary.csv,3,1,cleanup_prior_reviewer_snapshot:29ed6cb55d1f:964:cleanup_20260506_final_code_artifact_cleanup/prior_reviewer_artifact_snapshot/results/subchunk_sensitivity/summary.csv;cleanup_root_before:29ed6cb55d1f:964:cleanup_20260506_final_code_artifact_cleanup/root_before_cleanup/results/subchunk_sensitivity/summary.csv;cleanup_nested_reviewer_artifact:29ed6cb55d1f:964:cleanup_20260506_final_code_artifact_cleanup/root_before_cleanup/submission_package/neurips2026_reviewer_artifact_anonymous/results/subchunk_sensitivity/summary.csv
results/subchunk_sensitivity/summary.md,3,1,cleanup_prior_reviewer_snapshot:b4f3c2ede0f2:3976:cleanup_20260506_final_code_artifact_cleanup/prior_reviewer_artifact_snapshot/results/subchunk_sensitivity/summary.md;cleanup_root_before:b4f3c2ede0f2:3976:cleanup_20260506_final_code_artifact_cleanup/root_before_cleanup/results/subchunk_sensitivity/summary.md;cleanup_nested_reviewer_artifact:b4f3c2ede0f2:3976:cleanup_20260506_final_code_artifact_cleanup/root_before_cleanup/submission_package/neurips2026_reviewer_artifact_anonymous/results/subchunk_sensitivity/summary.md
results/summary.md,3,1,cleanup_prior_reviewer_snapshot:540b09488dc7:9879:cleanup_20260506_final_code_artifact_cleanup/prior_reviewer_artifact_snapshot/results/summary.md;cleanup_root_before:540b09488dc7:9879:cleanup_20260506_final_code_artifact_cleanup/root_before_cleanup/results/summary.md;cleanup_nested_reviewer_artifact:540b09488dc7:9879:cleanup_20260506_final_code_artifact_cleanup/root_before_cleanup/submission_package/neurips2026_reviewer_artifact_anonymous/results/summary.md
results/temperature_sensitivity/completed_tuples.json,3,1,cleanup_prior_reviewer_snapshot:8415133bf342:378:cleanup_20260506_final_code_artifact_cleanup/prior_reviewer_artifact_snapshot/results/temperature_sensitivity/completed_tuples.json;cleanup_root_before:8415133bf342:378:cleanup_20260506_final_code_artifact_cleanup/root_before_cleanup/results/temperature_sensitivity/completed_tuples.json;cleanup_nested_reviewer_artifact:8415133bf342:378:cleanup_20260506_final_code_artifact_cleanup/root_before_cleanup/submission_package/neurips2026_reviewer_artifact_anonymous/results/temperature_sensitivity/completed_tuples.json
results/temperature_sensitivity/paradox_by_temp.csv,3,1,cleanup_prior_reviewer_snapshot:65e144c0cc59:435:cleanup_20260506_final_code_artifact_cleanup/prior_reviewer_artifact_snapshot/results/temperature_sensitivity/paradox_by_temp.csv;cleanup_root_before:65e144c0cc59:435:cleanup_20260506_final_code_artifact_cleanup/root_before_cleanup/results/temperature_sensitivity/paradox_by_temp.csv;cleanup_nested_reviewer_artifact:65e144c0cc59:435:cleanup_20260506_final_code_artifact_cleanup/root_before_cleanup/submission_package/neurips2026_reviewer_artifact_anonymous/results/temperature_sensitivity/paradox_by_temp.csv
results/temperature_sensitivity/summary.csv,3,1,cleanup_prior_reviewer_snapshot:ca628a0ad538:1148:cleanup_20260506_final_code_artifact_cleanup/prior_reviewer_artifact_snapshot/results/temperature_sensitivity/summary.csv;cleanup_root_before:ca628a0ad538:1148:cleanup_20260506_final_code_artifact_cleanup/root_before_cleanup/results/temperature_sensitivity/summary.csv;cleanup_nested_reviewer_artifact:ca628a0ad538:1148:cleanup_20260506_final_code_artifact_cleanup/root_before_cleanup/submission_package/neurips2026_reviewer_artifact_anonymous/results/temperature_sensitivity/summary.csv
results/temperature_sensitivity/summary.md,3,1,cleanup_prior_reviewer_snapshot:710fe30efb36:1089:cleanup_20260506_final_code_artifact_cleanup/prior_reviewer_artifact_snapshot/results/temperature_sensitivity/summary.md;cleanup_root_before:710fe30efb36:1089:cleanup_20260506_final_code_artifact_cleanup/root_before_cleanup/results/temperature_sensitivity/summary.md;cleanup_nested_reviewer_artifact:710fe30efb36:1089:cleanup_20260506_final_code_artifact_cleanup/root_before_cleanup/submission_package/neurips2026_reviewer_artifact_anonymous/results/temperature_sensitivity/summary.md
results/threshold_sensitivity/best_configs.csv,3,1,cleanup_prior_reviewer_snapshot:8774a1e48db1:1695:cleanup_20260506_final_code_artifact_cleanup/prior_reviewer_artifact_snapshot/results/threshold_sensitivity/best_configs.csv;cleanup_root_before:8774a1e48db1:1695:cleanup_20260506_final_code_artifact_cleanup/root_before_cleanup/results/threshold_sensitivity/best_configs.csv;cleanup_nested_reviewer_artifact:8774a1e48db1:1695:cleanup_20260506_final_code_artifact_cleanup/root_before_cleanup/submission_package/neurips2026_reviewer_artifact_anonymous/results/threshold_sensitivity/best_configs.csv
results/threshold_sensitivity/summary.md,3,1,cleanup_prior_reviewer_snapshot:b88f05af0f0e:3584:cleanup_20260506_final_code_artifact_cleanup/prior_reviewer_artifact_snapshot/results/threshold_sensitivity/summary.md;cleanup_root_before:b88f05af0f0e:3584:cleanup_20260506_final_code_artifact_cleanup/root_before_cleanup/results/threshold_sensitivity/summary.md;cleanup_nested_reviewer_artifact:b88f05af0f0e:3584:cleanup_20260506_final_code_artifact_cleanup/root_before_cleanup/submission_package/neurips2026_reviewer_artifact_anonymous/results/threshold_sensitivity/summary.md
results/threshold_sensitivity/sweep_results.csv,3,1,cleanup_prior_reviewer_snapshot:db6534f07242:3428:cleanup_20260506_final_code_artifact_cleanup/prior_reviewer_artifact_snapshot/results/threshold_sensitivity/sweep_results.csv;cleanup_root_before:db6534f07242:3428:cleanup_20260506_final_code_artifact_cleanup/root_before_cleanup/results/threshold_sensitivity/sweep_results.csv;cleanup_nested_reviewer_artifact:db6534f07242:3428:cleanup_20260506_final_code_artifact_cleanup/root_before_cleanup/submission_package/neurips2026_reviewer_artifact_anonymous/results/threshold_sensitivity/sweep_results.csv
results/topk_sensitivity/completed_tuples.json,3,1,cleanup_prior_reviewer_snapshot:ee34a4a397ff:184:cleanup_20260506_final_code_artifact_cleanup/prior_reviewer_artifact_snapshot/results/topk_sensitivity/completed_tuples.json;cleanup_root_before:ee34a4a397ff:184:cleanup_20260506_final_code_artifact_cleanup/root_before_cleanup/results/topk_sensitivity/completed_tuples.json;cleanup_nested_reviewer_artifact:ee34a4a397ff:184:cleanup_20260506_final_code_artifact_cleanup/root_before_cleanup/submission_package/neurips2026_reviewer_artifact_anonymous/results/topk_sensitivity/completed_tuples.json
results/topk_sensitivity/paradox_by_k.csv,3,1,cleanup_prior_reviewer_snapshot:66efcd3f2a4e:573:cleanup_20260506_final_code_artifact_cleanup/prior_reviewer_artifact_snapshot/results/topk_sensitivity/paradox_by_k.csv;cleanup_root_before:66efcd3f2a4e:573:cleanup_20260506_final_code_artifact_cleanup/root_before_cleanup/results/topk_sensitivity/paradox_by_k.csv;cleanup_nested_reviewer_artifact:66efcd3f2a4e:573:cleanup_20260506_final_code_artifact_cleanup/root_before_cleanup/submission_package/neurips2026_reviewer_artifact_anonymous/results/topk_sensitivity/paradox_by_k.csv
results/topk_sensitivity/summary.csv,3,1,cleanup_prior_reviewer_snapshot:6b21987bfa01:2025:cleanup_20260506_final_code_artifact_cleanup/prior_reviewer_artifact_snapshot/results/topk_sensitivity/summary.csv;cleanup_root_before:6b21987bfa01:2025:cleanup_20260506_final_code_artifact_cleanup/root_before_cleanup/results/topk_sensitivity/summary.csv;cleanup_nested_reviewer_artifact:6b21987bfa01:2025:cleanup_20260506_final_code_artifact_cleanup/root_before_cleanup/submission_package/neurips2026_reviewer_artifact_anonymous/results/topk_sensitivity/summary.csv
results/topk_sensitivity/summary.md,3,1,cleanup_prior_reviewer_snapshot:99e1b5a7dd96:6374:cleanup_20260506_final_code_artifact_cleanup/prior_reviewer_artifact_snapshot/results/topk_sensitivity/summary.md;cleanup_root_before:99e1b5a7dd96:6374:cleanup_20260506_final_code_artifact_cleanup/root_before_cleanup/results/topk_sensitivity/summary.md;cleanup_nested_reviewer_artifact:99e1b5a7dd96:6374:cleanup_20260506_final_code_artifact_cleanup/root_before_cleanup/submission_package/neurips2026_reviewer_artifact_anonymous/results/topk_sensitivity/summary.md
results/zeroshot/llama3_pubmedqa.csv,3,1,cleanup_prior_reviewer_snapshot:dce521722ad0:107672:cleanup_20260506_final_code_artifact_cleanup/prior_reviewer_artifact_snapshot/results/zeroshot/llama3_pubmedqa.csv;cleanup_root_before:dce521722ad0:107672:cleanup_20260506_final_code_artifact_cleanup/root_before_cleanup/results/zeroshot/llama3_pubmedqa.csv;cleanup_nested_reviewer_artifact:dce521722ad0:107672:cleanup_20260506_final_code_artifact_cleanup/root_before_cleanup/submission_package/neurips2026_reviewer_artifact_anonymous/results/zeroshot/llama3_pubmedqa.csv
results/zeroshot/llama3_squad.csv,3,1,cleanup_prior_reviewer_snapshot:a68692ebd5e7:36211:cleanup_20260506_final_code_artifact_cleanup/prior_reviewer_artifact_snapshot/results/zeroshot/llama3_squad.csv;cleanup_root_before:a68692ebd5e7:36211:cleanup_20260506_final_code_artifact_cleanup/root_before_cleanup/results/zeroshot/llama3_squad.csv;cleanup_nested_reviewer_artifact:a68692ebd5e7:36211:cleanup_20260506_final_code_artifact_cleanup/root_before_cleanup/submission_package/neurips2026_reviewer_artifact_anonymous/results/zeroshot/llama3_squad.csv
results/zeroshot/mistral_pubmedqa.csv,3,1,cleanup_prior_reviewer_snapshot:d5f7dfdb5482:76060:cleanup_20260506_final_code_artifact_cleanup/prior_reviewer_artifact_snapshot/results/zeroshot/mistral_pubmedqa.csv;cleanup_root_before:d5f7dfdb5482:76060:cleanup_20260506_final_code_artifact_cleanup/root_before_cleanup/results/zeroshot/mistral_pubmedqa.csv;cleanup_nested_reviewer_artifact:d5f7dfdb5482:76060:cleanup_20260506_final_code_artifact_cleanup/root_before_cleanup/submission_package/neurips2026_reviewer_artifact_anonymous/results/zeroshot/mistral_pubmedqa.csv
results/zeroshot/mistral_squad.csv,3,1,cleanup_prior_reviewer_snapshot:cb8f993269d7:44517:cleanup_20260506_final_code_artifact_cleanup/prior_reviewer_artifact_snapshot/results/zeroshot/mistral_squad.csv;cleanup_root_before:cb8f993269d7:44517:cleanup_20260506_final_code_artifact_cleanup/root_before_cleanup/results/zeroshot/mistral_squad.csv;cleanup_nested_reviewer_artifact:cb8f993269d7:44517:cleanup_20260506_final_code_artifact_cleanup/root_before_cleanup/submission_package/neurips2026_reviewer_artifact_anonymous/results/zeroshot/mistral_squad.csv
results/zeroshot/summary.csv,3,1,cleanup_prior_reviewer_snapshot:65f015fb33a6:181:cleanup_20260506_final_code_artifact_cleanup/prior_reviewer_artifact_snapshot/results/zeroshot/summary.csv;cleanup_root_before:65f015fb33a6:181:cleanup_20260506_final_code_artifact_cleanup/root_before_cleanup/results/zeroshot/summary.csv;cleanup_nested_reviewer_artifact:65f015fb33a6:181:cleanup_20260506_final_code_artifact_cleanup/root_before_cleanup/submission_package/neurips2026_reviewer_artifact_anonymous/results/zeroshot/summary.csv
run_all_analysis.sh,3,1,cleanup_prior_reviewer_snapshot:f3f802ce7357:220:cleanup_20260506_final_code_artifact_cleanup/prior_reviewer_artifact_snapshot/run_all_analysis.sh;cleanup_nested_reviewer_artifact:f3f802ce7357:220:cleanup_20260506_final_code_artifact_cleanup/root_before_cleanup/submission_package/neurips2026_reviewer_artifact_anonymous/run_all_analysis.sh;submitted_git_worktree:f3f802ce7357:220:rag-hallucination-detection_main/run_all_analysis.sh
scripts/build_benchmark_v2.py,4,1,cleanup_prior_reviewer_snapshot:d5e5a9d1ee88:7309:cleanup_20260506_final_code_artifact_cleanup/prior_reviewer_artifact_snapshot/scripts/build_benchmark_v2.py;cleanup_root_before:d5e5a9d1ee88:7309:cleanup_20260506_final_code_artifact_cleanup/root_before_cleanup/scripts/build_benchmark_v2.py;cleanup_nested_reviewer_artifact:d5e5a9d1ee88:7309:cleanup_20260506_final_code_artifact_cleanup/root_before_cleanup/submission_package/neurips2026_reviewer_artifact_anonymous/scripts/build_benchmark_v2.py;submitted_git_worktree:d5e5a9d1ee88:7309:rag-hallucination-detection_main/scripts/build_benchmark_v2.py
scripts/build_results_summary.py,4,1,cleanup_prior_reviewer_snapshot:691c1a0c25de:8584:cleanup_20260506_final_code_artifact_cleanup/prior_reviewer_artifact_snapshot/scripts/build_results_summary.py;cleanup_root_before:691c1a0c25de:8584:cleanup_20260506_final_code_artifact_cleanup/root_before_cleanup/scripts/build_results_summary.py;cleanup_nested_reviewer_artifact:691c1a0c25de:8584:cleanup_20260506_final_code_artifact_cleanup/root_before_cleanup/submission_package/neurips2026_reviewer_artifact_anonymous/scripts/build_results_summary.py;submitted_git_worktree:691c1a0c25de:8584:rag-hallucination-detection_main/scripts/build_results_summary.py
scripts/check_progress.py,4,1,cleanup_prior_reviewer_snapshot:2ff8676a5389:283:cleanup_20260506_final_code_artifact_cleanup/prior_reviewer_artifact_snapshot/scripts/check_progress.py;cleanup_root_before:2ff8676a5389:283:cleanup_20260506_final_code_artifact_cleanup/root_before_cleanup/scripts/check_progress.py;cleanup_nested_reviewer_artifact:2ff8676a5389:283:cleanup_20260506_final_code_artifact_cleanup/root_before_cleanup/submission_package/neurips2026_reviewer_artifact_anonymous/scripts/check_progress.py;submitted_git_worktree:2ff8676a5389:283:rag-hallucination-detection_main/scripts/check_progress.py
scripts/compute_cost_headtohead_cis.py,4,1,cleanup_prior_reviewer_snapshot:ef7fa5e9098b:3334:cleanup_20260506_final_code_artifact_cleanup/prior_reviewer_artifact_snapshot/scripts/compute_cost_headtohead_cis.py;cleanup_root_before:ef7fa5e9098b:3334:cleanup_20260506_final_code_artifact_cleanup/root_before_cleanup/scripts/compute_cost_headtohead_cis.py;cleanup_nested_reviewer_artifact:ef7fa5e9098b:3334:cleanup_20260506_final_code_artifact_cleanup/root_before_cleanup/submission_package/neurips2026_reviewer_artifact_anonymous/scripts/compute_cost_headtohead_cis.py;submitted_git_worktree:ef7fa5e9098b:3334:rag-hallucination-detection_main/scripts/compute_cost_headtohead_cis.py
scripts/compute_matched_ccs_distribution.py,4,1,cleanup_prior_reviewer_snapshot:bb9239e93386:2012:cleanup_20260506_final_code_artifact_cleanup/prior_reviewer_artifact_snapshot/scripts/compute_matched_ccs_distribution.py;cleanup_root_before:bb9239e93386:2012:cleanup_20260506_final_code_artifact_cleanup/root_before_cleanup/scripts/compute_matched_ccs_distribution.py;cleanup_nested_reviewer_artifact:bb9239e93386:2012:cleanup_20260506_final_code_artifact_cleanup/root_before_cleanup/submission_package/neurips2026_reviewer_artifact_anonymous/scripts/compute_matched_ccs_distribution.py;submitted_git_worktree:bb9239e93386:2012:rag-hallucination-detection_main/scripts/compute_matched_ccs_distribution.py
scripts/compute_nli_human_correlation.py,4,1,cleanup_prior_reviewer_snapshot:b5fe07070de0:954:cleanup_20260506_final_code_artifact_cleanup/prior_reviewer_artifact_snapshot/scripts/compute_nli_human_correlation.py;cleanup_root_before:b5fe07070de0:954:cleanup_20260506_final_code_artifact_cleanup/root_before_cleanup/scripts/compute_nli_human_correlation.py;cleanup_nested_reviewer_artifact:b5fe07070de0:954:cleanup_20260506_final_code_artifact_cleanup/root_before_cleanup/submission_package/neurips2026_reviewer_artifact_anonymous/scripts/compute_nli_human_correlation.py;submitted_git_worktree:b5fe07070de0:954:rag-hallucination-detection_main/scripts/compute_nli_human_correlation.py
scripts/compute_standardized_scorer_fragility.py,4,1,cleanup_prior_reviewer_snapshot:26f5fe136f1f:4911:cleanup_20260506_final_code_artifact_cleanup/prior_reviewer_artifact_snapshot/scripts/compute_standardized_scorer_fragility.py;cleanup_root_before:26f5fe136f1f:4911:cleanup_20260506_final_code_artifact_cleanup/root_before_cleanup/scripts/compute_standardized_scorer_fragility.py;cleanup_nested_reviewer_artifact:26f5fe136f1f:4911:cleanup_20260506_final_code_artifact_cleanup/root_before_cleanup/submission_package/neurips2026_reviewer_artifact_anonymous/scripts/compute_standardized_scorer_fragility.py;submitted_git_worktree:26f5fe136f1f:4911:rag-hallucination-detection_main/scripts/compute_standardized_scorer_fragility.py
scripts/generate_consolidated_results.py,4,1,cleanup_prior_reviewer_snapshot:222829b0d0a3:29082:cleanup_20260506_final_code_artifact_cleanup/prior_reviewer_artifact_snapshot/scripts/generate_consolidated_results.py;cleanup_root_before:222829b0d0a3:29082:cleanup_20260506_final_code_artifact_cleanup/root_before_cleanup/scripts/generate_consolidated_results.py;cleanup_nested_reviewer_artifact:222829b0d0a3:29082:cleanup_20260506_final_code_artifact_cleanup/root_before_cleanup/submission_package/neurips2026_reviewer_artifact_anonymous/scripts/generate_consolidated_results.py;submitted_git_worktree:222829b0d0a3:29082:rag-hallucination-detection_main/scripts/generate_consolidated_results.py
scripts/generate_validation_sample.py,4,1,cleanup_prior_reviewer_snapshot:457d07937a70:2899:cleanup_20260506_final_code_artifact_cleanup/prior_reviewer_artifact_snapshot/scripts/generate_validation_sample.py;cleanup_root_before:457d07937a70:2899:cleanup_20260506_final_code_artifact_cleanup/root_before_cleanup/scripts/generate_validation_sample.py;cleanup_nested_reviewer_artifact:457d07937a70:2899:cleanup_20260506_final_code_artifact_cleanup/root_before_cleanup/submission_package/neurips2026_reviewer_artifact_anonymous/scripts/generate_validation_sample.py;submitted_git_worktree:457d07937a70:2899:rag-hallucination-detection_main/scripts/generate_validation_sample.py
scripts/prepare_human_disagreement_eval.py,4,1,cleanup_prior_reviewer_snapshot:c1fd549cc14c:1552:cleanup_20260506_final_code_artifact_cleanup/prior_reviewer_artifact_snapshot/scripts/prepare_human_disagreement_eval.py;cleanup_root_before:c1fd549cc14c:1552:cleanup_20260506_final_code_artifact_cleanup/root_before_cleanup/scripts/prepare_human_disagreement_eval.py;cleanup_nested_reviewer_artifact:c1fd549cc14c:1552:cleanup_20260506_final_code_artifact_cleanup/root_before_cleanup/submission_package/neurips2026_reviewer_artifact_anonymous/scripts/prepare_human_disagreement_eval.py;submitted_git_worktree:c1fd549cc14c:1552:rag-hallucination-detection_main/scripts/prepare_human_disagreement_eval.py
scripts/repair_multidataset_rows.py,4,1,cleanup_prior_reviewer_snapshot:480e7b6e01f6:5698:cleanup_20260506_final_code_artifact_cleanup/prior_reviewer_artifact_snapshot/scripts/repair_multidataset_rows.py;cleanup_root_before:480e7b6e01f6:5698:cleanup_20260506_final_code_artifact_cleanup/root_before_cleanup/scripts/repair_multidataset_rows.py;cleanup_nested_reviewer_artifact:480e7b6e01f6:5698:cleanup_20260506_final_code_artifact_cleanup/root_before_cleanup/submission_package/neurips2026_reviewer_artifact_anonymous/scripts/repair_multidataset_rows.py;submitted_git_worktree:480e7b6e01f6:5698:rag-hallucination-detection_main/scripts/repair_multidataset_rows.py
scripts/run_context_conditioned_nli_scoring.py,4,1,cleanup_prior_reviewer_snapshot:4595fdacbdb8:10743:cleanup_20260506_final_code_artifact_cleanup/prior_reviewer_artifact_snapshot/scripts/run_context_conditioned_nli_scoring.py;cleanup_root_before:4595fdacbdb8:10743:cleanup_20260506_final_code_artifact_cleanup/root_before_cleanup/scripts/run_context_conditioned_nli_scoring.py;cleanup_nested_reviewer_artifact:4595fdacbdb8:10743:cleanup_20260506_final_code_artifact_cleanup/root_before_cleanup/submission_package/neurips2026_reviewer_artifact_anonymous/scripts/run_context_conditioned_nli_scoring.py;submitted_git_worktree:4595fdacbdb8:10743:rag-hallucination-detection_main/scripts/run_context_conditioned_nli_scoring.py
scripts/select_human_disagreement_cases.py,4,1,cleanup_prior_reviewer_snapshot:082a48e1a251:10162:cleanup_20260506_final_code_artifact_cleanup/prior_reviewer_artifact_snapshot/scripts/select_human_disagreement_cases.py;cleanup_root_before:082a48e1a251:10162:cleanup_20260506_final_code_artifact_cleanup/root_before_cleanup/scripts/select_human_disagreement_cases.py;cleanup_nested_reviewer_artifact:082a48e1a251:10162:cleanup_20260506_final_code_artifact_cleanup/root_before_cleanup/submission_package/neurips2026_reviewer_artifact_anonymous/scripts/select_human_disagreement_cases.py;submitted_git_worktree:082a48e1a251:10162:rag-hallucination-detection_main/scripts/select_human_disagreement_cases.py
scripts/verify_human_eval.py,4,1,cleanup_prior_reviewer_snapshot:71f6b3800f2c:5128:cleanup_20260506_final_code_artifact_cleanup/prior_reviewer_artifact_snapshot/scripts/verify_human_eval.py;cleanup_root_before:71f6b3800f2c:5128:cleanup_20260506_final_code_artifact_cleanup/root_before_cleanup/scripts/verify_human_eval.py;cleanup_nested_reviewer_artifact:71f6b3800f2c:5128:cleanup_20260506_final_code_artifact_cleanup/root_before_cleanup/submission_package/neurips2026_reviewer_artifact_anonymous/scripts/verify_human_eval.py;submitted_git_worktree:71f6b3800f2c:5128:rag-hallucination-detection_main/scripts/verify_human_eval.py
source_tables/longform_stress_summary.csv,3,1,cleanup_prior_reviewer_snapshot:35f77fc9a17d:1039:cleanup_20260506_final_code_artifact_cleanup/prior_reviewer_artifact_snapshot/source_tables/longform_stress_summary.csv;cleanup_nested_reviewer_artifact:35f77fc9a17d:1039:cleanup_20260506_final_code_artifact_cleanup/root_before_cleanup/submission_package/neurips2026_reviewer_artifact_anonymous/source_tables/longform_stress_summary.csv;submitted_git_worktree:35f77fc9a17d:1039:rag-hallucination-detection_main/source_tables/longform_stress_summary.csv
source_tables/retriever_sanity_summary.csv,3,1,cleanup_prior_reviewer_snapshot:b8f53335bd95:1674:cleanup_20260506_final_code_artifact_cleanup/prior_reviewer_artifact_snapshot/source_tables/retriever_sanity_summary.csv;cleanup_nested_reviewer_artifact:b8f53335bd95:1674:cleanup_20260506_final_code_artifact_cleanup/root_before_cleanup/submission_package/neurips2026_reviewer_artifact_anonymous/source_tables/retriever_sanity_summary.csv;submitted_git_worktree:b8f53335bd95:1674:rag-hallucination-detection_main/source_tables/retriever_sanity_summary.csv
source_tables/second_generator_metrics.csv,3,1,cleanup_prior_reviewer_snapshot:cdee820e97af:374:cleanup_20260506_final_code_artifact_cleanup/prior_reviewer_artifact_snapshot/source_tables/second_generator_metrics.csv;cleanup_nested_reviewer_artifact:cdee820e97af:374:cleanup_20260506_final_code_artifact_cleanup/root_before_cleanup/submission_package/neurips2026_reviewer_artifact_anonymous/source_tables/second_generator_metrics.csv;submitted_git_worktree:cdee820e97af:374:rag-hallucination-detection_main/source_tables/second_generator_metrics.csv
source_tables/span_control_summary.csv,3,1,cleanup_prior_reviewer_snapshot:703d4c44a6c0:1276:cleanup_20260506_final_code_artifact_cleanup/prior_reviewer_artifact_snapshot/source_tables/span_control_summary.csv;cleanup_nested_reviewer_artifact:703d4c44a6c0:1276:cleanup_20260506_final_code_artifact_cleanup/root_before_cleanup/submission_package/neurips2026_reviewer_artifact_anonymous/source_tables/span_control_summary.csv;submitted_git_worktree:703d4c44a6c0:1276:rag-hallucination-detection_main/source_tables/span_control_summary.csv
src/__init__.py,4,1,cleanup_prior_reviewer_snapshot:e3b0c44298fc:0:cleanup_20260506_final_code_artifact_cleanup/prior_reviewer_artifact_snapshot/src/__init__.py;cleanup_root_before:e3b0c44298fc:0:cleanup_20260506_final_code_artifact_cleanup/root_before_cleanup/src/__init__.py;cleanup_nested_reviewer_artifact:e3b0c44298fc:0:cleanup_20260506_final_code_artifact_cleanup/root_before_cleanup/submission_package/neurips2026_reviewer_artifact_anonymous/src/__init__.py;submitted_git_worktree:e3b0c44298fc:0:rag-hallucination-detection_main/src/__init__.py
src/ablation.py,4,1,cleanup_prior_reviewer_snapshot:1de763df84f6:5673:cleanup_20260506_final_code_artifact_cleanup/prior_reviewer_artifact_snapshot/src/ablation.py;cleanup_root_before:1de763df84f6:5673:cleanup_20260506_final_code_artifact_cleanup/root_before_cleanup/src/ablation.py;cleanup_nested_reviewer_artifact:1de763df84f6:5673:cleanup_20260506_final_code_artifact_cleanup/root_before_cleanup/submission_package/neurips2026_reviewer_artifact_anonymous/src/ablation.py;submitted_git_worktree:1de763df84f6:5673:rag-hallucination-detection_main/src/ablation.py
src/adaptive_chunker.py,4,1,cleanup_prior_reviewer_snapshot:40aca5084c5d:12223:cleanup_20260506_final_code_artifact_cleanup/prior_reviewer_artifact_snapshot/src/adaptive_chunker.py;cleanup_root_before:40aca5084c5d:12223:cleanup_20260506_final_code_artifact_cleanup/root_before_cleanup/src/adaptive_chunker.py;cleanup_nested_reviewer_artifact:40aca5084c5d:12223:cleanup_20260506_final_code_artifact_cleanup/root_before_cleanup/submission_package/neurips2026_reviewer_artifact_anonymous/src/adaptive_chunker.py;submitted_git_worktree:40aca5084c5d:12223:rag-hallucination-detection_main/src/adaptive_chunker.py
src/adversarial_cases.py,4,1,cleanup_prior_reviewer_snapshot:9a6b5013ff76:3995:cleanup_20260506_final_code_artifact_cleanup/prior_reviewer_artifact_snapshot/src/adversarial_cases.py;cleanup_root_before:9a6b5013ff76:3995:cleanup_20260506_final_code_artifact_cleanup/root_before_cleanup/src/adversarial_cases.py;cleanup_nested_reviewer_artifact:9a6b5013ff76:3995:cleanup_20260506_final_code_artifact_cleanup/root_before_cleanup/submission_package/neurips2026_reviewer_artifact_anonymous/src/adversarial_cases.py;submitted_git_worktree:9a6b5013ff76:3995:rag-hallucination-detection_main/src/adversarial_cases.py
src/ccs_gate_retriever.py,4,1,cleanup_prior_reviewer_snapshot:c6d7233325ce:6523:cleanup_20260506_final_code_artifact_cleanup/prior_reviewer_artifact_snapshot/src/ccs_gate_retriever.py;cleanup_root_before:c6d7233325ce:6523:cleanup_20260506_final_code_artifact_cleanup/root_before_cleanup/src/ccs_gate_retriever.py;cleanup_nested_reviewer_artifact:c6d7233325ce:6523:cleanup_20260506_final_code_artifact_cleanup/root_before_cleanup/submission_package/neurips2026_reviewer_artifact_anonymous/src/ccs_gate_retriever.py;submitted_git_worktree:c6d7233325ce:6523:rag-hallucination-detection_main/src/ccs_gate_retriever.py
src/coherence_metrics.py,4,1,cleanup_prior_reviewer_snapshot:b29c9867d3cb:13685:cleanup_20260506_final_code_artifact_cleanup/prior_reviewer_artifact_snapshot/src/coherence_metrics.py;cleanup_root_before:b29c9867d3cb:13685:cleanup_20260506_final_code_artifact_cleanup/root_before_cleanup/src/coherence_metrics.py;cleanup_nested_reviewer_artifact:b29c9867d3cb:13685:cleanup_20260506_final_code_artifact_cleanup/root_before_cleanup/submission_package/neurips2026_reviewer_artifact_anonymous/src/coherence_metrics.py;submitted_git_worktree:b29c9867d3cb:13685:rag-hallucination-detection_main/src/coherence_metrics.py
src/crag_retriever.py,4,1,cleanup_prior_reviewer_snapshot:5e2bd42806c0:8876:cleanup_20260506_final_code_artifact_cleanup/prior_reviewer_artifact_snapshot/src/crag_retriever.py;cleanup_root_before:5e2bd42806c0:8876:cleanup_20260506_final_code_artifact_cleanup/root_before_cleanup/src/crag_retriever.py;cleanup_nested_reviewer_artifact:5e2bd42806c0:8876:cleanup_20260506_final_code_artifact_cleanup/root_before_cleanup/submission_package/neurips2026_reviewer_artifact_anonymous/src/crag_retriever.py;submitted_git_worktree:5e2bd42806c0:8876:rag-hallucination-detection_main/src/crag_retriever.py
src/data_loader.py,4,1,cleanup_prior_reviewer_snapshot:fab6a4c5b716:1407:cleanup_20260506_final_code_artifact_cleanup/prior_reviewer_artifact_snapshot/src/data_loader.py;cleanup_root_before:fab6a4c5b716:1407:cleanup_20260506_final_code_artifact_cleanup/root_before_cleanup/src/data_loader.py;cleanup_nested_reviewer_artifact:fab6a4c5b716:1407:cleanup_20260506_final_code_artifact_cleanup/root_before_cleanup/submission_package/neurips2026_reviewer_artifact_anonymous/src/data_loader.py;submitted_git_worktree:fab6a4c5b716:1407:rag-hallucination-detection_main/src/data_loader.py
src/dataset_loaders.py,4,1,cleanup_prior_reviewer_snapshot:3ffda5f65adf:25551:cleanup_20260506_final_code_artifact_cleanup/prior_reviewer_artifact_snapshot/src/dataset_loaders.py;cleanup_root_before:3ffda5f65adf:25551:cleanup_20260506_final_code_artifact_cleanup/root_before_cleanup/src/dataset_loaders.py;cleanup_nested_reviewer_artifact:3ffda5f65adf:25551:cleanup_20260506_final_code_artifact_cleanup/root_before_cleanup/submission_package/neurips2026_reviewer_artifact_anonymous/src/dataset_loaders.py;submitted_git_worktree:3ffda5f65adf:25551:rag-hallucination-detection_main/src/dataset_loaders.py
src/embedders.py,4,1,cleanup_prior_reviewer_snapshot:819a0867ae59:7598:cleanup_20260506_final_code_artifact_cleanup/prior_reviewer_artifact_snapshot/src/embedders.py;cleanup_root_before:819a0867ae59:7598:cleanup_20260506_final_code_artifact_cleanup/root_before_cleanup/src/embedders.py;cleanup_nested_reviewer_artifact:819a0867ae59:7598:cleanup_20260506_final_code_artifact_cleanup/root_before_cleanup/submission_package/neurips2026_reviewer_artifact_anonymous/src/embedders.py;submitted_git_worktree:819a0867ae59:7598:rag-hallucination-detection_main/src/embedders.py
src/evaluator.py,4,1,cleanup_prior_reviewer_snapshot:5afc83d1c246:3392:cleanup_20260506_final_code_artifact_cleanup/prior_reviewer_artifact_snapshot/src/evaluator.py;cleanup_root_before:5afc83d1c246:3392:cleanup_20260506_final_code_artifact_cleanup/root_before_cleanup/src/evaluator.py;cleanup_nested_reviewer_artifact:5afc83d1c246:3392:cleanup_20260506_final_code_artifact_cleanup/root_before_cleanup/submission_package/neurips2026_reviewer_artifact_anonymous/src/evaluator.py;submitted_git_worktree:5afc83d1c246:3392:rag-hallucination-detection_main/src/evaluator.py
src/failure_logger.py,4,1,cleanup_prior_reviewer_snapshot:281325f72d91:7463:cleanup_20260506_final_code_artifact_cleanup/prior_reviewer_artifact_snapshot/src/failure_logger.py;cleanup_root_before:281325f72d91:7463:cleanup_20260506_final_code_artifact_cleanup/root_before_cleanup/src/failure_logger.py;cleanup_nested_reviewer_artifact:281325f72d91:7463:cleanup_20260506_final_code_artifact_cleanup/root_before_cleanup/submission_package/neurips2026_reviewer_artifact_anonymous/src/failure_logger.py;submitted_git_worktree:281325f72d91:7463:rag-hallucination-detection_main/src/failure_logger.py
src/generators.py,4,1,cleanup_prior_reviewer_snapshot:dd4045b2e82f:2769:cleanup_20260506_final_code_artifact_cleanup/prior_reviewer_artifact_snapshot/src/generators.py;cleanup_root_before:dd4045b2e82f:2769:cleanup_20260506_final_code_artifact_cleanup/root_before_cleanup/src/generators.py;cleanup_nested_reviewer_artifact:dd4045b2e82f:2769:cleanup_20260506_final_code_artifact_cleanup/root_before_cleanup/submission_package/neurips2026_reviewer_artifact_anonymous/src/generators.py;submitted_git_worktree:dd4045b2e82f:2769:rag-hallucination-detection_main/src/generators.py
src/groq_llm.py,4,1,cleanup_prior_reviewer_snapshot:0336e1ad206d:4895:cleanup_20260506_final_code_artifact_cleanup/prior_reviewer_artifact_snapshot/src/groq_llm.py;cleanup_root_before:0336e1ad206d:4895:cleanup_20260506_final_code_artifact_cleanup/root_before_cleanup/src/groq_llm.py;cleanup_nested_reviewer_artifact:0336e1ad206d:4895:cleanup_20260506_final_code_artifact_cleanup/root_before_cleanup/submission_package/neurips2026_reviewer_artifact_anonymous/src/groq_llm.py;submitted_git_worktree:0336e1ad206d:4895:rag-hallucination-detection_main/src/groq_llm.py
src/hallucination_detector.py,4,1,cleanup_prior_reviewer_snapshot:f29e352e4b02:3808:cleanup_20260506_final_code_artifact_cleanup/prior_reviewer_artifact_snapshot/src/hallucination_detector.py;cleanup_root_before:f29e352e4b02:3808:cleanup_20260506_final_code_artifact_cleanup/root_before_cleanup/src/hallucination_detector.py;cleanup_nested_reviewer_artifact:f29e352e4b02:3808:cleanup_20260506_final_code_artifact_cleanup/root_before_cleanup/submission_package/neurips2026_reviewer_artifact_anonymous/src/hallucination_detector.py;submitted_git_worktree:f29e352e4b02:3808:rag-hallucination-detection_main/src/hallucination_detector.py
src/hcpc_retriever.py,4,1,cleanup_prior_reviewer_snapshot:8670976d7335:15246:cleanup_20260506_final_code_artifact_cleanup/prior_reviewer_artifact_snapshot/src/hcpc_retriever.py;cleanup_root_before:8670976d7335:15246:cleanup_20260506_final_code_artifact_cleanup/root_before_cleanup/src/hcpc_retriever.py;cleanup_nested_reviewer_artifact:8670976d7335:15246:cleanup_20260506_final_code_artifact_cleanup/root_before_cleanup/submission_package/neurips2026_reviewer_artifact_anonymous/src/hcpc_retriever.py;submitted_git_worktree:8670976d7335:15246:rag-hallucination-detection_main/src/hcpc_retriever.py
src/hcpc_v2_retriever.py,4,1,cleanup_prior_reviewer_snapshot:642df44f7452:23622:cleanup_20260506_final_code_artifact_cleanup/prior_reviewer_artifact_snapshot/src/hcpc_v2_retriever.py;cleanup_root_before:642df44f7452:23622:cleanup_20260506_final_code_artifact_cleanup/root_before_cleanup/src/hcpc_v2_retriever.py;cleanup_nested_reviewer_artifact:642df44f7452:23622:cleanup_20260506_final_code_artifact_cleanup/root_before_cleanup/submission_package/neurips2026_reviewer_artifact_anonymous/src/hcpc_v2_retriever.py;submitted_git_worktree:642df44f7452:23622:rag-hallucination-detection_main/src/hcpc_v2_retriever.py
src/longform_metrics.py,4,1,cleanup_prior_reviewer_snapshot:370e1707b61c:7322:cleanup_20260506_final_code_artifact_cleanup/prior_reviewer_artifact_snapshot/src/longform_metrics.py;cleanup_root_before:370e1707b61c:7322:cleanup_20260506_final_code_artifact_cleanup/root_before_cleanup/src/longform_metrics.py;cleanup_nested_reviewer_artifact:370e1707b61c:7322:cleanup_20260506_final_code_artifact_cleanup/root_before_cleanup/submission_package/neurips2026_reviewer_artifact_anonymous/src/longform_metrics.py;submitted_git_worktree:370e1707b61c:7322:rag-hallucination-detection_main/src/longform_metrics.py
src/mechanistic.py,4,1,cleanup_prior_reviewer_snapshot:116fe1894033:13358:cleanup_20260506_final_code_artifact_cleanup/prior_reviewer_artifact_snapshot/src/mechanistic.py;cleanup_root_before:116fe1894033:13358:cleanup_20260506_final_code_artifact_cleanup/root_before_cleanup/src/mechanistic.py;cleanup_nested_reviewer_artifact:116fe1894033:13358:cleanup_20260506_final_code_artifact_cleanup/root_before_cleanup/submission_package/neurips2026_reviewer_artifact_anonymous/src/mechanistic.py;submitted_git_worktree:116fe1894033:13358:rag-hallucination-detection_main/src/mechanistic.py
src/mmr_retriever.py,4,1,cleanup_prior_reviewer_snapshot:bee5f5db3af3:4682:cleanup_20260506_final_code_artifact_cleanup/prior_reviewer_artifact_snapshot/src/mmr_retriever.py;cleanup_root_before:bee5f5db3af3:4682:cleanup_20260506_final_code_artifact_cleanup/root_before_cleanup/src/mmr_retriever.py;cleanup_nested_reviewer_artifact:bee5f5db3af3:4682:cleanup_20260506_final_code_artifact_cleanup/root_before_cleanup/submission_package/neurips2026_reviewer_artifact_anonymous/src/mmr_retriever.py;submitted_git_worktree:bee5f5db3af3:4682:rag-hallucination-detection_main/src/mmr_retriever.py
src/pubmedqa_loader.py,4,1,cleanup_prior_reviewer_snapshot:b17138960a9c:1014:cleanup_20260506_final_code_artifact_cleanup/prior_reviewer_artifact_snapshot/src/pubmedqa_loader.py;cleanup_root_before:b17138960a9c:1014:cleanup_20260506_final_code_artifact_cleanup/root_before_cleanup/src/pubmedqa_loader.py;cleanup_nested_reviewer_artifact:b17138960a9c:1014:cleanup_20260506_final_code_artifact_cleanup/root_before_cleanup/submission_package/neurips2026_reviewer_artifact_anonymous/src/pubmedqa_loader.py;submitted_git_worktree:b17138960a9c:1014:rag-hallucination-detection_main/src/pubmedqa_loader.py
src/rag_pipeline.py,4,1,cleanup_prior_reviewer_snapshot:9d794b9b2df0:7972:cleanup_20260506_final_code_artifact_cleanup/prior_reviewer_artifact_snapshot/src/rag_pipeline.py;cleanup_root_before:9d794b9b2df0:7972:cleanup_20260506_final_code_artifact_cleanup/root_before_cleanup/src/rag_pipeline.py;cleanup_nested_reviewer_artifact:9d794b9b2df0:7972:cleanup_20260506_final_code_artifact_cleanup/root_before_cleanup/submission_package/neurips2026_reviewer_artifact_anonymous/src/rag_pipeline.py;submitted_git_worktree:9d794b9b2df0:7972:rag-hallucination-detection_main/src/rag_pipeline.py
src/ragas_scorer.py,4,1,cleanup_prior_reviewer_snapshot:ed7075531170:3122:cleanup_20260506_final_code_artifact_cleanup/prior_reviewer_artifact_snapshot/src/ragas_scorer.py;cleanup_root_before:ed7075531170:3122:cleanup_20260506_final_code_artifact_cleanup/root_before_cleanup/src/ragas_scorer.py;cleanup_nested_reviewer_artifact:ed7075531170:3122:cleanup_20260506_final_code_artifact_cleanup/root_before_cleanup/submission_package/neurips2026_reviewer_artifact_anonymous/src/ragas_scorer.py;submitted_git_worktree:ed7075531170:3122:rag-hallucination-detection_main/src/ragas_scorer.py
src/raptor_retriever.py,4,1,cleanup_prior_reviewer_snapshot:37987536bebd:14588:cleanup_20260506_final_code_artifact_cleanup/prior_reviewer_artifact_snapshot/src/raptor_retriever.py;cleanup_root_before:37987536bebd:14588:cleanup_20260506_final_code_artifact_cleanup/root_before_cleanup/src/raptor_retriever.py;cleanup_nested_reviewer_artifact:37987536bebd:14588:cleanup_20260506_final_code_artifact_cleanup/root_before_cleanup/submission_package/neurips2026_reviewer_artifact_anonymous/src/raptor_retriever.py;submitted_git_worktree:37987536bebd:14588:rag-hallucination-detection_main/src/raptor_retriever.py
src/reranker.py,4,1,cleanup_prior_reviewer_snapshot:487802a0f33d:7786:cleanup_20260506_final_code_artifact_cleanup/prior_reviewer_artifact_snapshot/src/reranker.py;cleanup_root_before:487802a0f33d:7786:cleanup_20260506_final_code_artifact_cleanup/root_before_cleanup/src/reranker.py;cleanup_nested_reviewer_artifact:487802a0f33d:7786:cleanup_20260506_final_code_artifact_cleanup/root_before_cleanup/submission_package/neurips2026_reviewer_artifact_anonymous/src/reranker.py;submitted_git_worktree:487802a0f33d:7786:rag-hallucination-detection_main/src/reranker.py
src/retrieval_metrics.py,4,1,cleanup_prior_reviewer_snapshot:9d4a9f47fb67:3359:cleanup_20260506_final_code_artifact_cleanup/prior_reviewer_artifact_snapshot/src/retrieval_metrics.py;cleanup_root_before:9d4a9f47fb67:3359:cleanup_20260506_final_code_artifact_cleanup/root_before_cleanup/src/retrieval_metrics.py;cleanup_nested_reviewer_artifact:9d4a9f47fb67:3359:cleanup_20260506_final_code_artifact_cleanup/root_before_cleanup/submission_package/neurips2026_reviewer_artifact_anonymous/src/retrieval_metrics.py;submitted_git_worktree:9d4a9f47fb67:3359:rag-hallucination-detection_main/src/retrieval_metrics.py
src/together_llm.py,4,1,cleanup_prior_reviewer_snapshot:9553b2d45766:2191:cleanup_20260506_final_code_artifact_cleanup/prior_reviewer_artifact_snapshot/src/together_llm.py;cleanup_root_before:9553b2d45766:2191:cleanup_20260506_final_code_artifact_cleanup/root_before_cleanup/src/together_llm.py;cleanup_nested_reviewer_artifact:9553b2d45766:2191:cleanup_20260506_final_code_artifact_cleanup/root_before_cleanup/submission_package/neurips2026_reviewer_artifact_anonymous/src/together_llm.py;submitted_git_worktree:9553b2d45766:2191:rag-hallucination-detection_main/src/together_llm.py
src/vectara_hem_scorer.py,4,1,cleanup_prior_reviewer_snapshot:1def6db4c5e5:3319:cleanup_20260506_final_code_artifact_cleanup/prior_reviewer_artifact_snapshot/src/vectara_hem_scorer.py;cleanup_root_before:1def6db4c5e5:3319:cleanup_20260506_final_code_artifact_cleanup/root_before_cleanup/src/vectara_hem_scorer.py;cleanup_nested_reviewer_artifact:1def6db4c5e5:3319:cleanup_20260506_final_code_artifact_cleanup/root_before_cleanup/submission_package/neurips2026_reviewer_artifact_anonymous/src/vectara_hem_scorer.py;submitted_git_worktree:1def6db4c5e5:3319:rag-hallucination-detection_main/src/vectara_hem_scorer.py
tests/conftest.py,4,1,cleanup_prior_reviewer_snapshot:f950a12c794c:1522:cleanup_20260506_final_code_artifact_cleanup/prior_reviewer_artifact_snapshot/tests/conftest.py;cleanup_nested_reviewer_artifact:f950a12c794c:1522:cleanup_20260506_final_code_artifact_cleanup/root_before_cleanup/submission_package/neurips2026_reviewer_artifact_anonymous/tests/conftest.py;cleanup_root_before:f950a12c794c:1522:cleanup_20260506_final_code_artifact_cleanup/root_before_cleanup/tests/conftest.py;submitted_git_worktree:f950a12c794c:1522:rag-hallucination-detection_main/tests/conftest.py
tests/test_ccs.py,4,1,cleanup_prior_reviewer_snapshot:936814084204:3823:cleanup_20260506_final_code_artifact_cleanup/prior_reviewer_artifact_snapshot/tests/test_ccs.py;cleanup_nested_reviewer_artifact:936814084204:3823:cleanup_20260506_final_code_artifact_cleanup/root_before_cleanup/submission_package/neurips2026_reviewer_artifact_anonymous/tests/test_ccs.py;cleanup_root_before:936814084204:3823:cleanup_20260506_final_code_artifact_cleanup/root_before_cleanup/tests/test_ccs.py;submitted_git_worktree:936814084204:3823:rag-hallucination-detection_main/tests/test_ccs.py
