source_folder,relative_path,size_bytes,sha256,safe_to_publish,proposed_action,action_reason,secret_findings
cleanup_20260506_final_code_artifact_cleanup,.DS_Store,10244,b3ddcbf274ecd5794787483d37dc205d288e132f34bd72cbba4e2cb2280fc313,no,exclude,operating-system metadata,
cleanup_20260506_final_code_artifact_cleanup,CLEANUP_PLAN.md,4398,15ffb0debe060206354d3ec0db7bb72b3fa2645d6b4042f1179e284725185cb4,yes,include,publication-safe under automated gate,
cleanup_20260506_final_code_artifact_cleanup,prior_reviewer_artifact_snapshot/.DS_Store,8196,ff07b17ddf2db5a1d9ccd4b18392ec62953dfc2df4a3597bc55362c5e7d1a7d7,no,exclude,operating-system metadata,
cleanup_20260506_final_code_artifact_cleanup,prior_reviewer_artifact_snapshot/CLAIMS_AUDIT.md,4133,6e21a850d08cf99142d059145c3d05f97e7c8661d8d1babac7413a00efd0f9ed,yes,include,publication-safe under automated gate,
cleanup_20260506_final_code_artifact_cleanup,prior_reviewer_artifact_snapshot/README.md,1778,352968933ac409eb6c6048f706cbd385d8a2d40920ba5f14301262185a9345c4,yes,include,publication-safe under automated gate,
cleanup_20260506_final_code_artifact_cleanup,prior_reviewer_artifact_snapshot/README_REPRODUCE.md,3461,cd57821b890efc7b95aeb1e5470212aee4383a1b52545a15d6fc59e30c68213e,yes,include,publication-safe under automated gate,
cleanup_20260506_final_code_artifact_cleanup,prior_reviewer_artifact_snapshot/SOURCE_TRACE.md,2924,307bb760ddc8307f2adf118253ec6c4b55cf1e1f4fb8fa3e22f6180cfd8743ca,yes,include,publication-safe under automated gate,
cleanup_20260506_final_code_artifact_cleanup,prior_reviewer_artifact_snapshot/artifact_manifest.md,2992,56994b715cbad5fc6b58df1415e4c18bc7e94a30eb7fa1607fd00c8695707d92,yes,include,publication-safe under automated gate,
cleanup_20260506_final_code_artifact_cleanup,prior_reviewer_artifact_snapshot/controlledrag_reporting_checklist.md,3016,f8e595287e8a52cdb3ba24c787283a9aea4232c513c2b62c6db9f58d33593366,yes,include,publication-safe under automated gate,
cleanup_20260506_final_code_artifact_cleanup,prior_reviewer_artifact_snapshot/data/.DS_Store,6148,a3c333ec5a2e9eab71da97ade3f2e56774d9361a6aaf13ab37393fd1262d73c0,no,exclude,operating-system metadata,
cleanup_20260506_final_code_artifact_cleanup,prior_reviewer_artifact_snapshot/data/adversarial/README.md,2564,30d041d1f70d2b3a43d7b00fcced2a1a2717ffcb58609072327ffcaec1e158af,yes,include,publication-safe under automated gate,
cleanup_20260506_final_code_artifact_cleanup,prior_reviewer_artifact_snapshot/data/adversarial/_rejected.jsonl,29947,fb51eb203d27aa99c1adc4a9448f5c0a79aceef1790c3facf014458153e54d7d,yes,include,publication-safe under automated gate,
cleanup_20260506_final_code_artifact_cleanup,prior_reviewer_artifact_snapshot/data/adversarial/contradict.jsonl,16366,a8119d9f27f96b952d8a01cd992f599d38c90c2669b93ee966bbf9b99e67f6df,yes,include,publication-safe under automated gate,
cleanup_20260506_final_code_artifact_cleanup,prior_reviewer_artifact_snapshot/data/adversarial/control.jsonl,35782,deeb0dc7092e2ba646b18badc0ae5b984463bec49c5c7b6d962445fe68d754dd,yes,include,publication-safe under automated gate,
cleanup_20260506_final_code_artifact_cleanup,prior_reviewer_artifact_snapshot/data/adversarial/disjoint.jsonl,45355,abdf94e13c8c6430f7760350542c0c31dbaa69507f5f3f6b34cdfda3a10b5e75,yes,include,publication-safe under automated gate,
cleanup_20260506_final_code_artifact_cleanup,prior_reviewer_artifact_snapshot/data/adversarial/drift.jsonl,57006,c1f3c64e333b996fcc0d534425eb67cbc63ae644517389078f2514f814148003,yes,include,publication-safe under automated gate,
cleanup_20260506_final_code_artifact_cleanup,prior_reviewer_artifact_snapshot/data/benchmark/README.md,2430,871e88a71153ad814f600c9ebbb37e1defdf2ef6efb735b4a862f33bd333b8af,yes,include,publication-safe under automated gate,
cleanup_20260506_final_code_artifact_cleanup,prior_reviewer_artifact_snapshot/data/revision/fix_06/per_query_compact.csv,60148,21f9d0c97c80c964ffc4ae42916df5a09898e862e332bddcd0779f1161fe1962,yes,include,publication-safe under automated gate,
cleanup_20260506_final_code_artifact_cleanup,prior_reviewer_artifact_snapshot/experiments/analyze_human_eval.py,4961,572ce40b888df1624156b800c73955c92b8e157e1ea931f2e74db8cea4f2317b,yes,include,publication-safe under automated gate,
cleanup_20260506_final_code_artifact_cleanup,prior_reviewer_artifact_snapshot/experiments/analyze_prolific_results.py,9300,e3f8ea01549ce373a4b6816231a7180fefbdbc6c71d7d1fd2332c985a509c5da,yes,include,publication-safe under automated gate,
cleanup_20260506_final_code_artifact_cleanup,prior_reviewer_artifact_snapshot/experiments/build_human_eval_samples.py,7879,e3040994caab434ee3619d544e90ff0bd135855c0be31e6cf79fb857eded6150,yes,include,publication-safe under automated gate,
cleanup_20260506_final_code_artifact_cleanup,prior_reviewer_artifact_snapshot/experiments/fix_01_causal_matched_pairs.py,37811,625cb386d70c05d027c2f7137a66870aaeae59cb61ff2089648d1e3c24b69fa4,yes,include,publication-safe under automated gate,
cleanup_20260506_final_code_artifact_cleanup,prior_reviewer_artifact_snapshot/experiments/fix_02_scaled_headline_n500.py,12874,94f28324a7f60fb6705074e76759c1664e28e4e13a9de5476b2bd471b35ebfa4,yes,include,publication-safe under automated gate,
cleanup_20260506_final_code_artifact_cleanup,prior_reviewer_artifact_snapshot/experiments/fix_03_multimetric_faithfulness.py,9358,3d895d2046e0c50f821d28dd4d07f0b555e2e199490cdfaf3305aeb9d5e22eb6,yes,include,publication-safe under automated gate,
cleanup_20260506_final_code_artifact_cleanup,prior_reviewer_artifact_snapshot/experiments/fix_04_tau_generalization.py,8969,a7118cc7323c9e3614bdfc80569b33b7b28904bfccec5046d54133abc0d9e9c3,yes,include,publication-safe under automated gate,
cleanup_20260506_final_code_artifact_cleanup,prior_reviewer_artifact_snapshot/experiments/fix_05_coherence_preserving_noise.py,8316,9cd425dfc1ee6638dfd7973c89bef3d150c9b871337e927679909d737c88b8ca,yes,include,publication-safe under automated gate,
cleanup_20260506_final_code_artifact_cleanup,prior_reviewer_artifact_snapshot/experiments/fix_06_baseline_h2h_pareto.py,8869,392496ce51162469b39988bc5998ac65603a41cdd1217e56a699a7d5e8e646b1,yes,include,publication-safe under automated gate,
cleanup_20260506_final_code_artifact_cleanup,prior_reviewer_artifact_snapshot/experiments/fix_07_together_70b_reproduction.py,4309,22d549e83b9da226b4387c9c323774bfa1dbd43fa75bf962dc2c133e8af35ff5,yes,include,publication-safe under automated gate,
cleanup_20260506_final_code_artifact_cleanup,prior_reviewer_artifact_snapshot/experiments/fix_09_partial_correlations.py,3401,100bed354100214d1e81b73ae94131ca688127e9d8a386bb2ba5793170fdd8b6,yes,include,publication-safe under automated gate,
cleanup_20260506_final_code_artifact_cleanup,prior_reviewer_artifact_snapshot/experiments/fix_11_raptor_full_table.py,6027,47012e15347ad80d4d15661ed7561525eb684c3110e3dc2399c1db8966159441,yes,include,publication-safe under automated gate,
cleanup_20260506_final_code_artifact_cleanup,prior_reviewer_artifact_snapshot/experiments/fix_12_answer_span_diagnostic.py,14406,74836fb00d57aaac8bdc4260f30e1ed1237207ba98527c7a5fb2e59ee73aafd7,yes,include,publication-safe under automated gate,
cleanup_20260506_final_code_artifact_cleanup,prior_reviewer_artifact_snapshot/experiments/fix_13_retriever_sanity.py,11844,0e153d7c0f3f85f489fd07b89a9c5c1d56e874230913a925275be55f572a2900,yes,include,publication-safe under automated gate,
cleanup_20260506_final_code_artifact_cleanup,prior_reviewer_artifact_snapshot/experiments/fix_14_second_generator_metric_fragility.py,12730,86d9f421cb61f378f6c57850fe75eab2683a51a894e55a4b24715afcd7bf1582,yes,include,publication-safe under automated gate,
cleanup_20260506_final_code_artifact_cleanup,prior_reviewer_artifact_snapshot/experiments/fix_15_longform_stress.py,4910,8cdfd9143e6275140370226e5bc2fcc3cd2e2d36e317c350db5f0431352d33cf,yes,include,publication-safe under automated gate,
cleanup_20260506_final_code_artifact_cleanup,prior_reviewer_artifact_snapshot/experiments/generate_adversarial_cases.py,15028,ea914fad2b5cf05a2ec641e139d021b0f1263e455b149fed48a0e057645c15e7,yes,include,publication-safe under automated gate,
cleanup_20260506_final_code_artifact_cleanup,prior_reviewer_artifact_snapshot/experiments/revision_utils.py,2953,431614b4254219619141078ea252f1f71adaf7ee7cb4486636ab0487b31f88db,yes,include,publication-safe under automated gate,
cleanup_20260506_final_code_artifact_cleanup,prior_reviewer_artifact_snapshot/experiments/run_adaptive_chunking_ablation.py,16371,5d4e2cd15ee652181af4727d9c2eb3d9c4556da41a6f541af28f398b6c6f7b00,yes,include,publication-safe under automated gate,
cleanup_20260506_final_code_artifact_cleanup,prior_reviewer_artifact_snapshot/experiments/run_adversarial_coherence.py,11949,ec764d1386be2ba23bd0f0af081369ec7bfedb20978c80eb6ada8942a17dab69,yes,include,publication-safe under automated gate,
cleanup_20260506_final_code_artifact_cleanup,prior_reviewer_artifact_snapshot/experiments/run_ccs_alternatives.py,13220,19340ca047f0fdd0ec9079a29df96242962c730131a1da50f94670d40b01cf1b,yes,include,publication-safe under automated gate,
cleanup_20260506_final_code_artifact_cleanup,prior_reviewer_artifact_snapshot/experiments/run_coherence_analysis.py,12792,186b7457f92aa9a58adbbaab84aa2967e2a33421f476651f8dd63006cf06d873,yes,include,publication-safe under automated gate,
cleanup_20260506_final_code_artifact_cleanup,prior_reviewer_artifact_snapshot/experiments/run_confidence_calibration.py,9355,6ed28fe91dbc6743a5ef9c39e0f83be599b1ea434fbe1cf7cc5a49d31751c9b4,yes,include,publication-safe under automated gate,
cleanup_20260506_final_code_artifact_cleanup,prior_reviewer_artifact_snapshot/experiments/run_crag_baseline.py,9201,a1219d74073bd89e0f9b4a8b3db9451145ea5e1bbdc01aee41e1f8357e881cd5,yes,include,publication-safe under automated gate,
cleanup_20260506_final_code_artifact_cleanup,prior_reviewer_artifact_snapshot/experiments/run_crossencoder_sensitivity.py,7432,651196aa54f71f2e144c6ebe58d89cac6d404698872babd3b51de2a58fc5b5f8,yes,include,publication-safe under automated gate,
cleanup_20260506_final_code_artifact_cleanup,prior_reviewer_artifact_snapshot/experiments/run_frontier_scale.py,13431,6e4cfc89ce174e2587d8d15bf0354d88a4d4f1113fbdf1d79cd1b0683ea05915,yes,include,publication-safe under automated gate,
cleanup_20260506_final_code_artifact_cleanup,prior_reviewer_artifact_snapshot/experiments/run_hcpc_ablation.py,18502,28fa0d855e54cbc3bc583fc75c2e614094df764c6ce493c8997f3d71ad413053,yes,include,publication-safe under automated gate,
cleanup_20260506_final_code_artifact_cleanup,prior_reviewer_artifact_snapshot/experiments/run_hcpc_v2_ablation.py,25905,44ad32fa752595a1c6c3602485dc9023e824f8c7874da85662870f125a38686c,yes,include,publication-safe under automated gate,
cleanup_20260506_final_code_artifact_cleanup,prior_reviewer_artifact_snapshot/experiments/run_headtohead_comparison.py,9759,9ac57b39d033d9afb0ddbb1a810f6b8934dafba7a43049826a1bb4743616b413,yes,include,publication-safe under automated gate,
cleanup_20260506_final_code_artifact_cleanup,prior_reviewer_artifact_snapshot/experiments/run_latency_analysis.py,5072,06bf73c8b5ec9cf4850754c909969bd280ae024419ff44636a0b9942dfe6addd,yes,include,publication-safe under automated gate,
cleanup_20260506_final_code_artifact_cleanup,prior_reviewer_artifact_snapshot/experiments/run_longform_eval.py,13325,072a2d5cae37b0c20e5766d7b8996b23c300665ddfe21b5891f4321e597eebe1,yes,include,publication-safe under automated gate,
cleanup_20260506_final_code_artifact_cleanup,prior_reviewer_artifact_snapshot/experiments/run_mechanistic_analysis.py,10854,4323efb10cd31d0289ffc80b851e401c0c731ad71272f5bfd6af4252b8ecbf3b,yes,include,publication-safe under automated gate,
cleanup_20260506_final_code_artifact_cleanup,prior_reviewer_artifact_snapshot/experiments/run_mmr_baseline.py,8689,f6f099da12ddb49b9ce638ef0492cd58c5c1ee5cec04391a5ea3dbf9194cf6a0,yes,include,publication-safe under automated gate,
cleanup_20260506_final_code_artifact_cleanup,prior_reviewer_artifact_snapshot/experiments/run_multi_retriever_ablation.py,13996,6383a846bcb024a04af2dbf4262d0b10b06f6ae131cc6e2f75bd3f169a26822f,yes,include,publication-safe under automated gate,
cleanup_20260506_final_code_artifact_cleanup,prior_reviewer_artifact_snapshot/experiments/run_multidataset_validation.py,10152,b1119f2ebbe76f9d9fca18efc3d9f26198c9ccc65062242f731f400e6f9c220d,yes,include,publication-safe under automated gate,
cleanup_20260506_final_code_artifact_cleanup,prior_reviewer_artifact_snapshot/experiments/run_multimodel_ablation.py,5641,ecf3ac645bfcd056e298e549fe95748083870e8a5048ecc94e43fc0414232d8d,yes,include,publication-safe under automated gate,
cleanup_20260506_final_code_artifact_cleanup,prior_reviewer_artifact_snapshot/experiments/run_multiseed_variance.py,13909,39c0715ca0a3f81e3eb98e4ef4bad1f89ac65f329678d79073912a6f4d7bcc9a,yes,include,publication-safe under automated gate,
cleanup_20260506_final_code_artifact_cleanup,prior_reviewer_artifact_snapshot/experiments/run_noise_injection_ablation.py,11692,3a053e6ac7e26ceda30a21b04d261c33dea0a1c01b25bd90113022ee2a83cebb,yes,include,publication-safe under automated gate,
cleanup_20260506_final_code_artifact_cleanup,prior_reviewer_artifact_snapshot/experiments/run_prompt_template_ablation.py,15454,f8a2d7ba20ba8b5b23565d9252534fc17c6a031e3a6f50fd11070c586e545fec,yes,include,publication-safe under automated gate,
cleanup_20260506_final_code_artifact_cleanup,prior_reviewer_artifact_snapshot/experiments/run_pubmedqa_ablation.py,2589,3b1fe8bea946bcc9d09873815fd8aa46d794b7e3129812baefbf0e10b8e2fd64,yes,include,publication-safe under automated gate,
cleanup_20260506_final_code_artifact_cleanup,prior_reviewer_artifact_snapshot/experiments/run_qualitative_analysis.py,2199,409bef862e1a2e444fa4b5ce3c661b48bb8b6bccb84c65c773a0085b7ab6ed36,yes,include,publication-safe under automated gate,
cleanup_20260506_final_code_artifact_cleanup,prior_reviewer_artifact_snapshot/experiments/run_quantization_sensitivity.py,8984,3b8fa9ee440edbd16f0f95d0a5e7fb9dac7c7f5b5e88081a8839dbc2016b091d,yes,include,publication-safe under automated gate,
cleanup_20260506_final_code_artifact_cleanup,prior_reviewer_artifact_snapshot/experiments/run_raptor_ablation.py,9792,3b844b6cecfc99ac0974991d1d45600d1c722b0af86212ea5f6a8895e17f5070,yes,include,publication-safe under automated gate,
cleanup_20260506_final_code_artifact_cleanup,prior_reviewer_artifact_snapshot/experiments/run_reranker_ablation.py,6639,7357ca50e43a12225157e42bab002f86e64fde1adde5f52d21c6ed2c643b812a,yes,include,publication-safe under automated gate,
cleanup_20260506_final_code_artifact_cleanup,prior_reviewer_artifact_snapshot/experiments/run_reranker_experiment.py,18263,d26a1bb7df396a29382ac675cba977a2ec527a541fb7d5749b7a3f850dc3f8b7,yes,include,publication-safe under automated gate,
cleanup_20260506_final_code_artifact_cleanup,prior_reviewer_artifact_snapshot/experiments/run_scaled_headline.py,10862,ddaf0fa612ecbd8c4928ee5ec08dc241070df74e73359e229201b79ea2d261db,yes,include,publication-safe under automated gate,
cleanup_20260506_final_code_artifact_cleanup,prior_reviewer_artifact_snapshot/experiments/run_significance_tests.py,3244,007db36a3788f750ce3871d65a87fb6ea7e1a2282702f60d55b4a0d5f5ea92d5,yes,include,publication-safe under automated gate,
cleanup_20260506_final_code_artifact_cleanup,prior_reviewer_artifact_snapshot/experiments/run_subchunk_sensitivity.py,9915,e96fa814857fc817532f41c438e0f66788c6442aec2999370c91929529e17a9a,yes,include,publication-safe under automated gate,
cleanup_20260506_final_code_artifact_cleanup,prior_reviewer_artifact_snapshot/experiments/run_synthetic_causal.py,16081,70c8a2686e623db60afad54d1c818c587774c48340876be2335b2a62b037b820,yes,include,publication-safe under automated gate,
cleanup_20260506_final_code_artifact_cleanup,prior_reviewer_artifact_snapshot/experiments/run_temperature_sensitivity.py,8745,5599ce2b97f20561a4174ed7d97ff40b8139887f9278210f74be0543cdcbc413,yes,include,publication-safe under automated gate,
cleanup_20260506_final_code_artifact_cleanup,prior_reviewer_artifact_snapshot/experiments/run_threshold_sensitivity.py,4503,ea09154bb7adfad2123380df543f43df9f38f35a764c95a60d1d9a8ef2964dc1,yes,include,publication-safe under automated gate,
cleanup_20260506_final_code_artifact_cleanup,prior_reviewer_artifact_snapshot/experiments/run_topk_sensitivity.py,10557,2fb44599bccea8be738788e9102509e4588e9c65f0dd4eda4cd0a6e8ce68fcf9,yes,include,publication-safe under automated gate,
cleanup_20260506_final_code_artifact_cleanup,prior_reviewer_artifact_snapshot/experiments/run_zeroshot_baseline.py,3738,0bf4332d967baae58fc804cdb14d23da0c518461f310fc3d9a6d40cce88c92fa,yes,include,publication-safe under automated gate,
cleanup_20260506_final_code_artifact_cleanup,prior_reviewer_artifact_snapshot/experiments/train_mech_classifier.py,11062,dcc01b0971c6dbe0c2ebf75ea1346717bde374006c5180684425409317d0dc9a,yes,include,publication-safe under automated gate,
cleanup_20260506_final_code_artifact_cleanup,prior_reviewer_artifact_snapshot/human_eval_final/.DS_Store,6148,4e4fa6ab3dd9f27a17ba82ac5aaa0b8d115d2bb67eda8c50a940fc3cfcda384e,no,exclude,operating-system metadata,
cleanup_20260506_final_code_artifact_cleanup,prior_reviewer_artifact_snapshot/human_eval_final/n100_disagreement/annotation_batch_disagreement_100.csv,171192,83ac395bdce120c3b8def310e410191fb2969942d6796dd57dc48dd3dc5643b8,yes,include,publication-safe under automated gate,
cleanup_20260506_final_code_artifact_cleanup,prior_reviewer_artifact_snapshot/human_eval_final/n100_disagreement/annotation_batch_disagreement_PREANNOTATION.csv,165465,443933634f14a7b1d2383ff97b9cc67898c99d84b498fe4e773386ffea3eafd8,yes,include,publication-safe under automated gate,
cleanup_20260506_final_code_artifact_cleanup,prior_reviewer_artifact_snapshot/human_eval_final/n100_disagreement/batch_composition.csv,221,724bd0c412b9d97e76a50f8910996b61b6eaa93e20dfdfb27d6272bd63b69858,yes,include,publication-safe under automated gate,
cleanup_20260506_final_code_artifact_cleanup,prior_reviewer_artifact_snapshot/human_eval_final/n100_disagreement/human_disagreement_agreement.csv,104,70ec535d074d284cb5127e4cf47f45a7dc59d2c741a9fa60a42ccb9b2fbb0406,yes,include,publication-safe under automated gate,
cleanup_20260506_final_code_artifact_cleanup,prior_reviewer_artifact_snapshot/human_eval_final/n100_disagreement/human_disagreement_auroc_auprc.csv,238,4dcd47bc55d269928621bd5ff1f1a3f531334ee49259d11fc19ccb103d6fd982,yes,include,publication-safe under automated gate,
cleanup_20260506_final_code_artifact_cleanup,prior_reviewer_artifact_snapshot/human_eval_final/n100_disagreement/human_disagreement_bootstrap_cis.csv,1789,5d3a329634f3d4b56c9dc96c58a6d0eb7e98b9a9726d7dacffbd6118a8c43c5c,yes,include,publication-safe under automated gate,
cleanup_20260506_final_code_artifact_cleanup,prior_reviewer_artifact_snapshot/human_eval_final/n100_disagreement/human_disagreement_correlations.csv,991,81483a9a8c1747b41e82966a99d724788615333a07d989c0f4b360d0d71f590c,yes,include,publication-safe under automated gate,
cleanup_20260506_final_code_artifact_cleanup,prior_reviewer_artifact_snapshot/human_eval_final/n100_disagreement/human_disagreement_label_distribution.csv,353,bdba47db5e80b2e510150e0e739dc85f364d11b0b3e5ac289b20ba7526542f9d,yes,include,publication-safe under automated gate,
cleanup_20260506_final_code_artifact_cleanup,prior_reviewer_artifact_snapshot/human_eval_final/n100_disagreement/human_disagreement_summary.csv,226,9571334a1743d6046226753049f2503a3387ba72e1fc2ba903a68973a426984b,yes,include,publication-safe under automated gate,
cleanup_20260506_final_code_artifact_cleanup,prior_reviewer_artifact_snapshot/human_eval_final/n100_disagreement/human_eval_adjudicated.csv,166371,f0d797dc4cf3398696c57d1640daaa4bee85ba4651f262d2044d47d0f8869d8b,yes,include,publication-safe under automated gate,
cleanup_20260506_final_code_artifact_cleanup,prior_reviewer_artifact_snapshot/human_eval_final/n100_disagreement/human_eval_adjudication_template.csv,166371,f0d797dc4cf3398696c57d1640daaa4bee85ba4651f262d2044d47d0f8869d8b,yes,include,publication-safe under automated gate,
cleanup_20260506_final_code_artifact_cleanup,prior_reviewer_artifact_snapshot/human_eval_final/n100_disagreement/human_eval_rater1.csv,159944,29cf4abdc69d78d9e2dceb665010be5a95f7d06bcd319fff513d850833118a10,yes,include,publication-safe under automated gate,
cleanup_20260506_final_code_artifact_cleanup,prior_reviewer_artifact_snapshot/human_eval_final/n100_disagreement/human_eval_rater2.csv,159734,60f59d26b2f67233f16c29c5eed3e666eb74a804d358f779a4b1040bd21049e5,yes,include,publication-safe under automated gate,
cleanup_20260506_final_code_artifact_cleanup,prior_reviewer_artifact_snapshot/human_eval_final/n100_disagreement/missing_human_labels_report.md,680,8277258e6a9871bdb78738efe0dcba9b75174c15d57af9d1fe12de0660e5fe86,yes,include,publication-safe under automated gate,
cleanup_20260506_final_code_artifact_cleanup,prior_reviewer_artifact_snapshot/human_eval_final/n100_disagreement/scorer_score_summary.csv,212,6867bbac08550c0af3e46a517b47b92a1de0dc565cba32459038b708711c984d,yes,include,publication-safe under automated gate,
cleanup_20260506_final_code_artifact_cleanup,prior_reviewer_artifact_snapshot/human_eval_final/n99_calibration/bootstrap_correlation_cis.csv,1597,2454083c0148ffef1e14fc1fb83485e0d9fb4ff3974a116c940371b09cf9e7b8,yes,include,publication-safe under automated gate,
cleanup_20260506_final_code_artifact_cleanup,prior_reviewer_artifact_snapshot/human_eval_final/n99_calibration/human_eval_adjudicated.csv,165619,872b89ca3896769e82c8addc819b2d11c869458927ecb4f816dbda4b0317b4f4,yes,include,publication-safe under automated gate,
cleanup_20260506_final_code_artifact_cleanup,prior_reviewer_artifact_snapshot/human_eval_final/n99_calibration/human_eval_correlations.csv,236,d7a894f84ef620297d53030c5c373432c50bdfdcb52e4743d766c8106e75bb25,yes,include,publication-safe under automated gate,
cleanup_20260506_final_code_artifact_cleanup,prior_reviewer_artifact_snapshot/human_eval_final/n99_calibration/human_eval_label_distribution.csv,104,41df52b1156990f614118b4c2f17fcfae8313efebdb915a64ec2ec2fdbb2e843,yes,include,publication-safe under automated gate,
cleanup_20260506_final_code_artifact_cleanup,prior_reviewer_artifact_snapshot/human_eval_final/n99_calibration/human_eval_n99_with_context.csv,156850,20abee130659119221410090c91f80e63d4fabeb4ee3dcbd278b3108a80ad649,yes,include,publication-safe under automated gate,
cleanup_20260506_final_code_artifact_cleanup,prior_reviewer_artifact_snapshot/human_eval_final/n99_calibration/human_eval_summary.csv,167,db4ffc9cc343951fa8be55f13a1c047c1d212bae5475a96fbc08d7f18a6d70ce,yes,include,publication-safe under automated gate,
cleanup_20260506_final_code_artifact_cleanup,prior_reviewer_artifact_snapshot/human_eval_final/n99_calibration/human_eval_verification.csv,398,636afc1d68ceca32ea36a500da1c65aa261ef7d199336f50f040568d620c047d,yes,include,publication-safe under automated gate,
cleanup_20260506_final_code_artifact_cleanup,prior_reviewer_artifact_snapshot/requirements-full.txt,413,434a49429de0a6788a376745bae5df5f01e1f03bb4a6b69dcff97ed61420323f,yes,include,publication-safe under automated gate,
cleanup_20260506_final_code_artifact_cleanup,prior_reviewer_artifact_snapshot/requirements.txt,62,8cfba397b31568af14f01c2a9d4da2897ee9d4dc337abef8baf10d5d2b2227e9,yes,include,publication-safe under automated gate,
cleanup_20260506_final_code_artifact_cleanup,prior_reviewer_artifact_snapshot/results/.DS_Store,14340,c05baeff90eb9dab906f9745dd857b55891f8aeb9b20fa5304c6babdaff966bd,no,exclude,operating-system metadata,
cleanup_20260506_final_code_artifact_cleanup,prior_reviewer_artifact_snapshot/results/ablation_chunk1024_k3_cot.csv,4705,b0e187ec1e11a6070e51229ac6af0575d32f2707a04f970b11070360bbf1abcf,yes,include,publication-safe under automated gate,
cleanup_20260506_final_code_artifact_cleanup,prior_reviewer_artifact_snapshot/results/ablation_chunk1024_k3_cot_scores.csv,104,38d0d84278268e00f8b5113a0d1388cd09a54588000b613f30931ab04de73855,yes,include,publication-safe under automated gate,
cleanup_20260506_final_code_artifact_cleanup,prior_reviewer_artifact_snapshot/results/ablation_chunk1024_k3_strict.csv,4524,417164c3fa2004bde764eac93b38e644af7c679747947ba66c0b90a966b660ce,yes,include,publication-safe under automated gate,
cleanup_20260506_final_code_artifact_cleanup,prior_reviewer_artifact_snapshot/results/ablation_chunk1024_k3_strict_scores.csv,110,c686b598514a4027f91d85370230a03b0dff8c28842f6186fa4b0dbff2d48b88,yes,include,publication-safe under automated gate,
cleanup_20260506_final_code_artifact_cleanup,prior_reviewer_artifact_snapshot/results/ablation_chunk1024_k5_cot.csv,4433,2e23adfb2d250185f2658caae9b1364b1ad4337411da8ba177de6a4b69eac397,yes,include,publication-safe under automated gate,
cleanup_20260506_final_code_artifact_cleanup,prior_reviewer_artifact_snapshot/results/ablation_chunk1024_k5_cot_scores.csv,107,7a2e1864e48261c19a95a70534a0248f3e5ebce0e70e56b187020a95df6acd8b,yes,include,publication-safe under automated gate,
cleanup_20260506_final_code_artifact_cleanup,prior_reviewer_artifact_snapshot/results/ablation_chunk1024_k5_strict.csv,4554,b2eda0aa93475278084f9828856d2418ad91409b0c192d5e12a3a350e7664708,yes,include,publication-safe under automated gate,
cleanup_20260506_final_code_artifact_cleanup,prior_reviewer_artifact_snapshot/results/ablation_chunk1024_k5_strict_scores.csv,110,24eef0f691ac10a41837e604a73f884bf24d61caa6b881b7a5c7618bbe28f871,yes,include,publication-safe under automated gate,
cleanup_20260506_final_code_artifact_cleanup,prior_reviewer_artifact_snapshot/results/ablation_chunk256_k3_cot.csv,7284,10a6dc8d069f7a52acbc867122f1bb8638f17a00b69b0b67dd91ff1891594a86,yes,include,publication-safe under automated gate,
cleanup_20260506_final_code_artifact_cleanup,prior_reviewer_artifact_snapshot/results/ablation_chunk256_k3_cot_scores.csv,106,1547da2da275bb680242f83764f414c63a5bb6767ad00e18ef1fb4f671a98503,yes,include,publication-safe under automated gate,
cleanup_20260506_final_code_artifact_cleanup,prior_reviewer_artifact_snapshot/results/ablation_chunk256_k3_strict.csv,7056,4dd212a79d1fddd9db6bf3a8b28f97e8509d9baac4d720c6be79b4c51daadc14,yes,include,publication-safe under automated gate,
cleanup_20260506_final_code_artifact_cleanup,prior_reviewer_artifact_snapshot/results/ablation_chunk256_k3_strict_scores.csv,106,2172eb8eac18b166dc86fa95f412ac07e68633339bb74fbff47f903f65616548,yes,include,publication-safe under automated gate,
cleanup_20260506_final_code_artifact_cleanup,prior_reviewer_artifact_snapshot/results/ablation_chunk256_k5_cot.csv,6329,5fde216f5d664f00a3f1814ffece5b70ad2b58b139f48c69cf45b0fbd297ec70,yes,include,publication-safe under automated gate,
cleanup_20260506_final_code_artifact_cleanup,prior_reviewer_artifact_snapshot/results/ablation_chunk256_k5_cot_scores.csv,103,0482a8cbb119cae9d3ec21753987987da1d9d51f1533f73ba49f97175d153f13,yes,include,publication-safe under automated gate,
cleanup_20260506_final_code_artifact_cleanup,prior_reviewer_artifact_snapshot/results/ablation_chunk256_k5_strict.csv,6447,8f59d6cf0d4f31e188af82c0c38cba654b647c0645fc5326289e5d4e7e3778c9,yes,include,publication-safe under automated gate,
cleanup_20260506_final_code_artifact_cleanup,prior_reviewer_artifact_snapshot/results/ablation_chunk256_k5_strict_scores.csv,106,d29717892cc4a72a4f4a78fbf7cb8d58dd24cd38bc1c3c5a0efcfe6dff6a30a1,yes,include,publication-safe under automated gate,
cleanup_20260506_final_code_artifact_cleanup,prior_reviewer_artifact_snapshot/results/ablation_chunk512_k3_cot.csv,5141,664f4e949727363a8496d502f0de6eb06d5a4142c2747af082d3eba9a561a500,yes,include,publication-safe under automated gate,
cleanup_20260506_final_code_artifact_cleanup,prior_reviewer_artifact_snapshot/results/ablation_chunk512_k3_cot_scores.csv,103,3a5773e593db3925b34c97d68cc6bd1837328bea6070dfccaf6e366f7e8166b7,yes,include,publication-safe under automated gate,
cleanup_20260506_final_code_artifact_cleanup,prior_reviewer_artifact_snapshot/results/ablation_chunk512_k3_strict.csv,5170,16b4afbb4a71e88343e0a46444314ebbbf5a86ccb4fbbfb6626b763a9c79ae14,yes,include,publication-safe under automated gate,
cleanup_20260506_final_code_artifact_cleanup,prior_reviewer_artifact_snapshot/results/ablation_chunk512_k3_strict_scores.csv,106,628a1e91d51ce5010e3a419af23220c438746ba640afbccdb1ab2fdb901fa8d6,yes,include,publication-safe under automated gate,
cleanup_20260506_final_code_artifact_cleanup,prior_reviewer_artifact_snapshot/results/ablation_chunk512_k5_cot.csv,4982,8b5b37f0552d401e75fb881478e2744550c566a13e03503523f950c57d49dd3c,yes,include,publication-safe under automated gate,
cleanup_20260506_final_code_artifact_cleanup,prior_reviewer_artifact_snapshot/results/ablation_chunk512_k5_cot_scores.csv,106,3b2765a5f78951a318117941bfb7d912f5d83ee85c1673c95824ba57cc0b58ba,yes,include,publication-safe under automated gate,
cleanup_20260506_final_code_artifact_cleanup,prior_reviewer_artifact_snapshot/results/ablation_chunk512_k5_strict.csv,5053,920fff3992401e6332e9947000489b286c83a916cd54754bec3dcdb32179bd6d,yes,include,publication-safe under automated gate,
cleanup_20260506_final_code_artifact_cleanup,prior_reviewer_artifact_snapshot/results/ablation_chunk512_k5_strict_scores.csv,109,b292e258204ea32b996f4f46e9f1bbf88bd6fd0d22b6f539c236c4dfa0aca26f,yes,include,publication-safe under automated gate,
cleanup_20260506_final_code_artifact_cleanup,prior_reviewer_artifact_snapshot/results/ablation_summary.csv,407,598ad95a7abe2cba348b2c8176b863cd5d8359c8744d0c9754bc6c4cb79cd44f,yes,include,publication-safe under automated gate,
cleanup_20260506_final_code_artifact_cleanup,prior_reviewer_artifact_snapshot/results/ablation_summary.json,1974,2ba7b32942f8f07a037d31efe616fc72d36d7eb415505dac321b80d9e93ad8ec,yes,include,publication-safe under automated gate,
cleanup_20260506_final_code_artifact_cleanup,prior_reviewer_artifact_snapshot/results/adaptive/adaptive_vs_fixed_comparison.csv,1457,80c7067a485fcf9d693585a68b3ce6e525be325766f509c49194a9913183c300,yes,include,publication-safe under automated gate,
cleanup_20260506_final_code_artifact_cleanup,prior_reviewer_artifact_snapshot/results/adaptive/pubmedqa_dynamic.csv,27626,6b819d975c7fe94a9d2c9a3a1781e6dba72276d8d7f9e62271e95d0f4d985aa5,yes,include,publication-safe under automated gate,
cleanup_20260506_final_code_artifact_cleanup,prior_reviewer_artifact_snapshot/results/adaptive/pubmedqa_fixed_1024.csv,27968,747d6bc93323cb57b11c1b8c28b0aa19f5da4ead77e9b8037ff25649beed8548,yes,include,publication-safe under automated gate,
cleanup_20260506_final_code_artifact_cleanup,prior_reviewer_artifact_snapshot/results/adaptive/pubmedqa_fixed_256.csv,23361,f3094eee555d401b40c6dc6776e12928a53403e0a26f37534270b14705ddab01,yes,include,publication-safe under automated gate,
cleanup_20260506_final_code_artifact_cleanup,prior_reviewer_artifact_snapshot/results/adaptive/pubmedqa_fixed_512.csv,27867,53d5bf99c52d4f3f6ec7d47cb2c2d7c2dcd17f19642364d266b44f0fbc348c81,yes,include,publication-safe under automated gate,
cleanup_20260506_final_code_artifact_cleanup,prior_reviewer_artifact_snapshot/results/adaptive/pubmedqa_semantic_loose.csv,28998,bcb5ea80b63c18cb0b8cb315a8fa17850781090c8f3a1c32ce1cc723b60566fa,yes,include,publication-safe under automated gate,
cleanup_20260506_final_code_artifact_cleanup,prior_reviewer_artifact_snapshot/results/adaptive/pubmedqa_semantic_tight.csv,27173,937b78e9f1ea693d085a2ba6eb9333c2a1d5a822087711740569f8bd7a5882a8,yes,include,publication-safe under automated gate,
cleanup_20260506_final_code_artifact_cleanup,prior_reviewer_artifact_snapshot/results/adaptive/squad_dynamic.csv,7856,9dc7aa44995e74f5bfa5582497d5f9dd4024a080697642996f6c5a09c650e819,yes,include,publication-safe under automated gate,
cleanup_20260506_final_code_artifact_cleanup,prior_reviewer_artifact_snapshot/results/adaptive/squad_fixed_1024.csv,7661,5e40c50caffc6d679a0a6895ff452ed8e3147c9b9b5aa9a99bfaadd385f747f2,yes,include,publication-safe under automated gate,
cleanup_20260506_final_code_artifact_cleanup,prior_reviewer_artifact_snapshot/results/adaptive/squad_fixed_256.csv,10969,50c7cf3a6be99dbca8e0afb96081c68f03c4cbf44934033ae2846eee2ea5480c,yes,include,publication-safe under automated gate,
cleanup_20260506_final_code_artifact_cleanup,prior_reviewer_artifact_snapshot/results/adaptive/squad_fixed_512.csv,7684,1f813c54741b6d97034006f8886006aabba39588b7611ebb5c35a00160338a63,yes,include,publication-safe under automated gate,
cleanup_20260506_final_code_artifact_cleanup,prior_reviewer_artifact_snapshot/results/adaptive/squad_semantic_loose.csv,7289,644ee92416c76bc16bd62a4ed14778b22ff06d1d4165063e184dcf66fed292eb,yes,include,publication-safe under automated gate,
cleanup_20260506_final_code_artifact_cleanup,prior_reviewer_artifact_snapshot/results/adaptive/squad_semantic_tight.csv,7671,a437cbcfd90df5699aec42c3bd8be97b4429280c5888fcf788ceee4b36975bfd,yes,include,publication-safe under automated gate,
cleanup_20260506_final_code_artifact_cleanup,prior_reviewer_artifact_snapshot/results/adaptive/summary.csv,1457,9cf11e12b6fdaa9cdb6d32b9c7a4cd00ac56c3bc558dbcb7882200fffef6040f,yes,include,publication-safe under automated gate,
cleanup_20260506_final_code_artifact_cleanup,prior_reviewer_artifact_snapshot/results/adaptive/summary.json,5091,ef33f068551f17afd6c4a8e3820ecc83f4724a53950b1498e1aeebd596b6abce,yes,include,publication-safe under automated gate,
cleanup_20260506_final_code_artifact_cleanup,prior_reviewer_artifact_snapshot/results/all_results_summary.csv,2935,3467621b02339049b49d306c2ebe86220411482e7db06a1c2864125b6dacacdb,yes,include,publication-safe under automated gate,
cleanup_20260506_final_code_artifact_cleanup,prior_reviewer_artifact_snapshot/results/all_results_summary.md,7960,13a0259b2392131146e6b2da465b40374c36037312c62e1277a5eff1362809e4,yes,include,publication-safe under automated gate,
cleanup_20260506_final_code_artifact_cleanup,prior_reviewer_artifact_snapshot/results/ccs_calibration/quintile_table.csv,189,2f3c7e3e655ab66b13cd92e6340d934f2d95f7c4279d95c68a92f86f3b39e447,yes,include,publication-safe under automated gate,
cleanup_20260506_final_code_artifact_cleanup,prior_reviewer_artifact_snapshot/results/coherence_analysis/condition_summary.csv,500,b284bf977db87beae40f2368e865e224e7374d17d5121d08bae3f554b41757b0,yes,include,publication-safe under automated gate,
cleanup_20260506_final_code_artifact_cleanup,prior_reviewer_artifact_snapshot/results/coherence_analysis/correlations.csv,1399,abf1c788151a392c14373c3b75107287fc47741b75bb4377bb26e935bbc0bbfe,yes,include,publication-safe under automated gate,
cleanup_20260506_final_code_artifact_cleanup,prior_reviewer_artifact_snapshot/results/coherence_analysis/summary.md,2581,2a414afe9b4dc047030fdb1d0e462d845435a8a65fda2741288badfee1fc158b,yes,include,publication-safe under automated gate,
cleanup_20260506_final_code_artifact_cleanup,prior_reviewer_artifact_snapshot/results/coherence_heatmap/example_metadata.json,382,1829afb91b29268fab6b36fca44e4526cbc7de9bae9efea2baacf24a8cfc9400,yes,include,publication-safe under automated gate,
cleanup_20260506_final_code_artifact_cleanup,prior_reviewer_artifact_snapshot/results/confidence_calibration/correlations.csv,168,a66413ffe0c882e387ccac418d0adbc1098c3d5c7cbd5f9169bf531cc9ec92e8,yes,include,publication-safe under automated gate,
cleanup_20260506_final_code_artifact_cleanup,prior_reviewer_artifact_snapshot/results/confidence_calibration/quintile_table.csv,205,1d450022f82792fdc0aa2157359775a28828fb674420748eae3adc8596afc828,yes,include,publication-safe under automated gate,
cleanup_20260506_final_code_artifact_cleanup,prior_reviewer_artifact_snapshot/results/confidence_calibration/summary.md,1390,f2d33fabfe7f8e4376784a5a7b0a69c5a68093761d30a0e1c70b03c281e605a5,yes,include,publication-safe under automated gate,
cleanup_20260506_final_code_artifact_cleanup,prior_reviewer_artifact_snapshot/results/crossencoder_sensitivity/completed_tuples.json,315,2c63b6873bce5e3ac6bf4d0c103e5a747b50e738c21e7c1283f1b2a6f0971745,yes,include,publication-safe under automated gate,
cleanup_20260506_final_code_artifact_cleanup,prior_reviewer_artifact_snapshot/results/crossencoder_sensitivity/paradox_by_ce.csv,514,66193f33dc1edf72edb14d04c9af98c07d73d0e3586f2af80750dc3ed218c41b,yes,include,publication-safe under automated gate,
cleanup_20260506_final_code_artifact_cleanup,prior_reviewer_artifact_snapshot/results/crossencoder_sensitivity/summary.csv,1480,09ae6f79a6d468f1b326ffb25b46e5f1077156fca3c1b85924e554aa6914bc42,yes,include,publication-safe under automated gate,
cleanup_20260506_final_code_artifact_cleanup,prior_reviewer_artifact_snapshot/results/crossencoder_sensitivity/summary.md,1049,de3454cf7ad885eb11bb284dfea35ca0f980a2bf79205305f8307a4da928da2d,yes,include,publication-safe under automated gate,
cleanup_20260506_final_code_artifact_cleanup,prior_reviewer_artifact_snapshot/results/deployment_figure/deployment_table.md,1840,97348edca5229faafdcdcdbadde63203d27ca6026f08b1af1f8a352d56018e27,yes,include,publication-safe under automated gate,
cleanup_20260506_final_code_artifact_cleanup,prior_reviewer_artifact_snapshot/results/deployment_figure/latency_vs_faith.png,104646,0ede072fc91644194af32f209c504be1f019a7e0b96eeefd58dfc9cac03853cf,yes,include,publication-safe under automated gate,
cleanup_20260506_final_code_artifact_cleanup,prior_reviewer_artifact_snapshot/results/deployment_figure/pareto_summary.csv,881,9ea264c751535f20abab2874ebc93917eb5a674ddb0c16943dd16132fbc9265f,yes,include,publication-safe under automated gate,
cleanup_20260506_final_code_artifact_cleanup,prior_reviewer_artifact_snapshot/results/disentanglement/quartile_table.csv,794,69a5f43c221f8745d979108c3f14f1f11cdb1ba28b0d285d24858e8882f15c85,yes,include,publication-safe under automated gate,
cleanup_20260506_final_code_artifact_cleanup,prior_reviewer_artifact_snapshot/results/embedding_clusters/projection_table.csv,34321,9cbcad5669b0df4934da6658de448d55430951e0abd86f1914369b0d54bfaf0d,yes,include,publication-safe under automated gate,
cleanup_20260506_final_code_artifact_cleanup,prior_reviewer_artifact_snapshot/results/eval_results.csv,9844,45866e304ab55807dd2ae71115e875a3c81c9076d005b01e455d7171ee288120,yes,include,publication-safe under automated gate,
cleanup_20260506_final_code_artifact_cleanup,prior_reviewer_artifact_snapshot/results/frontier_scale/completed_tuples.json,134,5b8a5e1bc3be3a4938ff46158e24d1946c1fc00e0cd832cddc57185f1b73694e,yes,include,publication-safe under automated gate,
cleanup_20260506_final_code_artifact_cleanup,prior_reviewer_artifact_snapshot/results/frontier_scale/paradox_by_scale.csv,432,4dd95bbc285609deccafb39b5642d0c85007d3560b901b2608c03eb411866470,yes,include,publication-safe under automated gate,
cleanup_20260506_final_code_artifact_cleanup,prior_reviewer_artifact_snapshot/results/frontier_scale/summary.csv,880,196695492b3eef49f9fe03d304f5c40b947286e33de9f0e00899342c662f5d82,yes,include,publication-safe under automated gate,
cleanup_20260506_final_code_artifact_cleanup,prior_reviewer_artifact_snapshot/results/frontier_scale/summary.md,3689,2c5065a75f4b7b569dc0eb1058d47295da780cc2db940b8e13cbee44bcfdc392,yes,include,publication-safe under automated gate,
cleanup_20260506_final_code_artifact_cleanup,prior_reviewer_artifact_snapshot/results/hcpc_v2/logs/pubmedqa_baseline_logs.csv,108647,57563c80f21a8c7506cf28882228ac2bad26433d50b185389e6c28fcdf00b1d0,yes,include,publication-safe under automated gate,
cleanup_20260506_final_code_artifact_cleanup,prior_reviewer_artifact_snapshot/results/hcpc_v2/logs/pubmedqa_baseline_logs.json,125966,868c3d038f3d19d09d459bb0b611105d0d6a176f6c4716fa583657dc1d3d6b73,yes,include,publication-safe under automated gate,
cleanup_20260506_final_code_artifact_cleanup,prior_reviewer_artifact_snapshot/results/hcpc_v2/logs/pubmedqa_hcpc_v1_logs.csv,109630,8c45fa960aba193c7b83b924a36f5b725128da0177c71e901ec8489afaadeb19,yes,include,publication-safe under automated gate,
cleanup_20260506_final_code_artifact_cleanup,prior_reviewer_artifact_snapshot/results/hcpc_v2/logs/pubmedqa_hcpc_v1_logs.json,138262,5219fe954ee3f87c29c92c7f1b34574dd1dceb33a07596ae808e38238383fa5c,yes,include,publication-safe under automated gate,
cleanup_20260506_final_code_artifact_cleanup,prior_reviewer_artifact_snapshot/results/hcpc_v2/logs/pubmedqa_hcpc_v2_diagnostics.json,15030,ac4b71d871b926c84611801d359f10a7698030cd97ff1a7784fb23272827b438,yes,include,publication-safe under automated gate,
cleanup_20260506_final_code_artifact_cleanup,prior_reviewer_artifact_snapshot/results/hcpc_v2/logs/pubmedqa_hcpc_v2_logs.csv,123694,72cdf9a63c4bfc4d142d42bcbd1306881f6ee629558cb9e0d18022c9a6c3ad30,yes,include,publication-safe under automated gate,
cleanup_20260506_final_code_artifact_cleanup,prior_reviewer_artifact_snapshot/results/hcpc_v2/logs/pubmedqa_hcpc_v2_logs.json,148049,926b67ee1e6a90b1733cdda04e71f98f953e6b92c92f11643d9bdabc64d438e7,yes,include,publication-safe under automated gate,
cleanup_20260506_final_code_artifact_cleanup,prior_reviewer_artifact_snapshot/results/hcpc_v2/logs/squad_baseline_logs.csv,67623,ff8cc53c6aa56e86925bad48e9a73d316286a9e854e98c2108ab582dabe3d2d4,yes,include,publication-safe under automated gate,
cleanup_20260506_final_code_artifact_cleanup,prior_reviewer_artifact_snapshot/results/hcpc_v2/logs/squad_baseline_logs.json,83488,505215a2d3f0b363b1c7f5dc61d4de054120fdeddf6e501a4cb810aa476a9495,yes,include,publication-safe under automated gate,
cleanup_20260506_final_code_artifact_cleanup,prior_reviewer_artifact_snapshot/results/hcpc_v2/logs/squad_hcpc_v1_logs.csv,75503,4eb98e89f31f85b5f84904c4bd5a386c7169f423597208b84c1c54c1702ea3f0,yes,include,publication-safe under automated gate,
cleanup_20260506_final_code_artifact_cleanup,prior_reviewer_artifact_snapshot/results/hcpc_v2/logs/squad_hcpc_v1_logs.json,107695,6c7d456219875d76341ac924c0e44d92592c59f3ac51f422d1667748542c1963,yes,include,publication-safe under automated gate,
cleanup_20260506_final_code_artifact_cleanup,prior_reviewer_artifact_snapshot/results/hcpc_v2/logs/squad_hcpc_v2_diagnostics.json,14962,f88812ca64f3efe0cbbe09aef62efb334759d11a51714d4e0566a9128c39f34d,yes,include,publication-safe under automated gate,
cleanup_20260506_final_code_artifact_cleanup,prior_reviewer_artifact_snapshot/results/hcpc_v2/logs/squad_hcpc_v2_logs.csv,81172,0505d39bd12f88fb0768d95519c839dec5a169a651c58700f637968c561f413d,yes,include,publication-safe under automated gate,
cleanup_20260506_final_code_artifact_cleanup,prior_reviewer_artifact_snapshot/results/hcpc_v2/logs/squad_hcpc_v2_logs.json,103860,8b23c033de7132a5ea71d716c9eeff090d622b3fe3a30c1d7d6f258d267adcad,yes,include,publication-safe under automated gate,
cleanup_20260506_final_code_artifact_cleanup,prior_reviewer_artifact_snapshot/results/hcpc_v2/metrics.csv,809,21f1934b883f3632b1cd9065573327052c7096bd8a69fa9b868d238abdca4448,yes,include,publication-safe under automated gate,
cleanup_20260506_final_code_artifact_cleanup,prior_reviewer_artifact_snapshot/results/hcpc_v2/metrics.json,2394,99c8c627f7c34a04418e6bb4c7c604f495d64652d4c51902cc8677fce387065a,yes,include,publication-safe under automated gate,
cleanup_20260506_final_code_artifact_cleanup,prior_reviewer_artifact_snapshot/results/hcpc_v2/pubmedqa_baseline.csv,28288,6c5057247c3224bebcacab99c7e8d4cec915b69124af7b9ac09acf3812226778,yes,include,publication-safe under automated gate,
cleanup_20260506_final_code_artifact_cleanup,prior_reviewer_artifact_snapshot/results/hcpc_v2/pubmedqa_hcpc_v1.csv,26602,e1a4dfe0617e542690f23409b4eae922dec6ba8dfa94a6d3fa96762acec23ad5,yes,include,publication-safe under automated gate,
cleanup_20260506_final_code_artifact_cleanup,prior_reviewer_artifact_snapshot/results/hcpc_v2/pubmedqa_hcpc_v2.csv,30296,4a5bfff31655c885472fa5d9974e47634058dec49c793e6344b37349bf9bb24a,yes,include,publication-safe under automated gate,
cleanup_20260506_final_code_artifact_cleanup,prior_reviewer_artifact_snapshot/results/hcpc_v2/squad_baseline.csv,8500,6fe86414a91b324103dc720f1b239a69b958a207293b8386aa4712f4c6133a4f,yes,include,publication-safe under automated gate,
cleanup_20260506_final_code_artifact_cleanup,prior_reviewer_artifact_snapshot/results/hcpc_v2/squad_hcpc_v1.csv,10879,48d0ff114e980c5b46297abbf9fb0b30be2762d10e04b62304359b0f494e0bea,yes,include,publication-safe under automated gate,
cleanup_20260506_final_code_artifact_cleanup,prior_reviewer_artifact_snapshot/results/hcpc_v2/squad_hcpc_v2.csv,9943,62b87a6172ef3d5eff34af7fd5d90e7d532d7685dcfd8a2bd18235d305fc5ad5,yes,include,publication-safe under automated gate,
cleanup_20260506_final_code_artifact_cleanup,prior_reviewer_artifact_snapshot/results/hcpc_v2/summary.md,853,42288cb3e36bd817690d0ad56e0aa9db46bbf1840a80bc8520e6b07d708e480a,yes,include,publication-safe under automated gate,
cleanup_20260506_final_code_artifact_cleanup,prior_reviewer_artifact_snapshot/results/headtohead/diagnostics.jsonl,236947,dfaade1896541343d5e6b6b57175f831313fda51a9e36e2ebb9cb8002c3c451a,yes,include,publication-safe under automated gate,
cleanup_20260506_final_code_artifact_cleanup,prior_reviewer_artifact_snapshot/results/headtohead/summary.csv,681,f522d9ddbcd04e776f3aadb1f9424ad2617282c02e95b9b1487af6cd3ae63088,yes,include,publication-safe under automated gate,
cleanup_20260506_final_code_artifact_cleanup,prior_reviewer_artifact_snapshot/results/headtohead/summary.md,1568,317abc78ad76d258950c4db09c5cf1c18f258c4ddd278a3a1a6d700023650c3f,yes,include,publication-safe under automated gate,
cleanup_20260506_final_code_artifact_cleanup,prior_reviewer_artifact_snapshot/results/human_disagreement_expansion/README.md,2692,91468c400735b6014bd13d95be930ecd04e38f44964512b0ca7543cb1d07ac45,yes,include,publication-safe under automated gate,
cleanup_20260506_final_code_artifact_cleanup,prior_reviewer_artifact_snapshot/results/human_disagreement_expansion/analysis_summary.csv,1,01ba4719c80b6fe911b091a7c05124b64eeece964e09c058ef8f9805daca546b,yes,include,publication-safe under automated gate,
cleanup_20260506_final_code_artifact_cleanup,prior_reviewer_artifact_snapshot/results/human_disagreement_expansion/analysis_summary.md,244,1e043e319a224e938756467eac801cf694d4db2c9c324f236a388df43d61baec,yes,include,publication-safe under automated gate,
cleanup_20260506_final_code_artifact_cleanup,prior_reviewer_artifact_snapshot/results/human_disagreement_expansion/annotation_batch_disagreement_100.backup_before_non_eval_fixes.csv,161544,af81cb4ed3edf32291b69b053961f126c3d7d112568d0935d61f8ccb4c76e75f,yes,include,publication-safe under automated gate,
cleanup_20260506_final_code_artifact_cleanup,prior_reviewer_artifact_snapshot/results/human_disagreement_expansion/annotation_batch_disagreement_100.csv,162628,c06d20cd5feb35c997ad060a2abfa93ba59fdf87b582d3de8810de365b1b0692,yes,include,publication-safe under automated gate,
cleanup_20260506_final_code_artifact_cleanup,prior_reviewer_artifact_snapshot/results/human_disagreement_expansion/batch_composition.csv,221,724bd0c412b9d97e76a50f8910996b61b6eaa93e20dfdfb27d6272bd63b69858,yes,include,publication-safe under automated gate,
cleanup_20260506_final_code_artifact_cleanup,prior_reviewer_artifact_snapshot/results/human_disagreement_expansion/human_eval_adjudication_template.csv,157321,65fddd06be628e652c2c99e3e9b4b89c5fde1b1f8c74585e2c0e9a9b1670a0f0,yes,include,publication-safe under automated gate,
cleanup_20260506_final_code_artifact_cleanup,prior_reviewer_artifact_snapshot/results/human_disagreement_expansion/human_eval_codebook.md,1952,67dffa2bbeb0a64dfd9baac5bc721fa5159c13e47b0329c4784a157c18d055ed,yes,include,publication-safe under automated gate,
cleanup_20260506_final_code_artifact_cleanup,prior_reviewer_artifact_snapshot/results/human_disagreement_expansion/human_eval_instructions.md,1686,d78440cb337b4c20a4198be93a999b778720f7ec64141e0c787c3e3f1bdaeb17,yes,include,publication-safe under automated gate,
cleanup_20260506_final_code_artifact_cleanup,prior_reviewer_artifact_snapshot/results/human_disagreement_expansion/human_eval_rater1.csv,157064,540a29fc9ad998bf6b3fc03c504ed706f2126fbbc30571321bdaefccda05085e,yes,include,publication-safe under automated gate,
cleanup_20260506_final_code_artifact_cleanup,prior_reviewer_artifact_snapshot/results/human_disagreement_expansion/human_eval_rater2.csv,157064,540a29fc9ad998bf6b3fc03c504ed706f2126fbbc30571321bdaefccda05085e,yes,include,publication-safe under automated gate,
cleanup_20260506_final_code_artifact_cleanup,prior_reviewer_artifact_snapshot/results/human_disagreement_expansion/missing_human_labels_report.md,467,4b6d7e5450f06e93eff7c873b4c047dfd90bd782dd6e9bd506ada4d60d075c06,yes,include,publication-safe under automated gate,
cleanup_20260506_final_code_artifact_cleanup,prior_reviewer_artifact_snapshot/results/human_disagreement_expansion/scorer_score_summary.csv,212,6867bbac08550c0af3e46a517b47b92a1de0dc565cba32459038b708711c984d,yes,include,publication-safe under automated gate,
cleanup_20260506_final_code_artifact_cleanup,prior_reviewer_artifact_snapshot/results/human_eval/samples.csv,44550,f439d37b47ad9846958aea8810eee1d2092251af31ba73be6308945fa0326a92,yes,include,publication-safe under automated gate,
cleanup_20260506_final_code_artifact_cleanup,prior_reviewer_artifact_snapshot/results/human_eval/samples.jsonl,60826,28d330a71c5b8956328c61b6ced0a0c8d597cb78160efd8ad7ce0b7c6f65fa64,yes,include,publication-safe under automated gate,
cleanup_20260506_final_code_artifact_cleanup,prior_reviewer_artifact_snapshot/results/human_eval/sampling_report.md,1646,45b2b9d3820ac39611e463603c0a5574d8e2712eef4f3e09d861deddab132f98,yes,include,publication-safe under automated gate,
cleanup_20260506_final_code_artifact_cleanup,prior_reviewer_artifact_snapshot/results/human_validation/validation_sheet.xlsx,20740,b8d608fe19e2b9bb69f873c3765541f4c68ae45ec9bd7e5a0dc91f94eacc6d8b,yes,include,publication-safe under automated gate,
cleanup_20260506_final_code_artifact_cleanup,prior_reviewer_artifact_snapshot/results/hybrid/logs/pubmedqa_baseline_logs.csv,110553,77523bd981431d7b47c8ec8f7539eb160be16f9f99cbf82f5e3c392173d54a61,yes,include,publication-safe under automated gate,
cleanup_20260506_final_code_artifact_cleanup,prior_reviewer_artifact_snapshot/results/hybrid/logs/pubmedqa_baseline_logs.json,128179,466bff9203c8095c3faa83c511b8e1f7904c117fb77d7c56c07694ecc78baed5,yes,include,publication-safe under automated gate,
cleanup_20260506_final_code_artifact_cleanup,prior_reviewer_artifact_snapshot/results/hybrid/logs/pubmedqa_hcpc_logs.csv,108650,f7748c7c2e295b93aacaacccd6aed9284e681cf0b35f5092d7eb50627624775f,yes,include,publication-safe under automated gate,
cleanup_20260506_final_code_artifact_cleanup,prior_reviewer_artifact_snapshot/results/hybrid/logs/pubmedqa_hcpc_logs.json,139396,5116f9b2ab2598dd839fad835425cd3cc9f3141cf8abe2191b3fde4273ca7d41,yes,include,publication-safe under automated gate,
cleanup_20260506_final_code_artifact_cleanup,prior_reviewer_artifact_snapshot/results/hybrid/logs/pubmedqa_hcpc_refinements.json,40632,3e37224a8ba9ac932b0196a60e1bae1db8f3b653898d7fda4e294f94cc53bc51,yes,include,publication-safe under automated gate,
cleanup_20260506_final_code_artifact_cleanup,prior_reviewer_artifact_snapshot/results/hybrid/logs/squad_baseline_logs.csv,61614,98cb1310a685314a9601e035e19ab3d5188401fb39815eb79703872dc2c2f23f,yes,include,publication-safe under automated gate,
cleanup_20260506_final_code_artifact_cleanup,prior_reviewer_artifact_snapshot/results/hybrid/logs/squad_baseline_logs.json,77241,0fcbb9989e0eaecedf45f3bc4e034365543665751c7499cc5fc31facecd4ff11,yes,include,publication-safe under automated gate,
cleanup_20260506_final_code_artifact_cleanup,prior_reviewer_artifact_snapshot/results/hybrid/logs/squad_hcpc_logs.csv,74632,6f14dc0a352d3693e35bd4bdf8f34b2c2c7784dc64ce086bdfcb9803ec673ade,yes,include,publication-safe under automated gate,
cleanup_20260506_final_code_artifact_cleanup,prior_reviewer_artifact_snapshot/results/hybrid/logs/squad_hcpc_logs.json,106595,a3d2102c71bfde36987a9d55bed96a0bff80a343e98c0e6f74e67750983d3186,yes,include,publication-safe under automated gate,
cleanup_20260506_final_code_artifact_cleanup,prior_reviewer_artifact_snapshot/results/hybrid/logs/squad_hcpc_refinements.json,50157,a9c40eba6796ae5d2def21624f0275d992fa21cc6ff3553d73e5cb06a711e11a,yes,include,publication-safe under automated gate,
cleanup_20260506_final_code_artifact_cleanup,prior_reviewer_artifact_snapshot/results/hybrid/pubmedqa_baseline.csv,28513,6fbba71fb99877c33ce3b88ee744960f3db8627f1b28ee6b1e39c740b2d1cf50,yes,include,publication-safe under automated gate,
cleanup_20260506_final_code_artifact_cleanup,prior_reviewer_artifact_snapshot/results/hybrid/pubmedqa_hcpc.csv,26823,6dd7d1721e9ae8764d6ac3fd4b1dc0559f6485898184a8814817280ab4c630ea,yes,include,publication-safe under automated gate,
cleanup_20260506_final_code_artifact_cleanup,prior_reviewer_artifact_snapshot/results/hybrid/squad_baseline.csv,6971,7fd506c3a7c6a65bc4aebe429aa2ad513e6ab06419fd99a6e18a47f8c0c408e0,yes,include,publication-safe under automated gate,
cleanup_20260506_final_code_artifact_cleanup,prior_reviewer_artifact_snapshot/results/hybrid/squad_hcpc.csv,9547,66a360d64c77036378df38de264d6eb62176768bfd5e4ceefc4a5e3e7d057c60,yes,include,publication-safe under automated gate,
cleanup_20260506_final_code_artifact_cleanup,prior_reviewer_artifact_snapshot/results/hybrid/summary.csv,482,6b9e33bac7d1e4a13c7a130759747eed89dc13b350c609119ffed5196a02d29b,yes,include,publication-safe under automated gate,
cleanup_20260506_final_code_artifact_cleanup,prior_reviewer_artifact_snapshot/results/hybrid/summary.json,1418,19bdc96f24221eb6a014d988e103b381833d4a480b67bacba0ea8ca2f518e58a,yes,include,publication-safe under automated gate,
cleanup_20260506_final_code_artifact_cleanup,prior_reviewer_artifact_snapshot/results/latency/cost_projection.csv,316,c14c1515866017d3a7bca6a2638a10e4bfadfdbb5f0e0295e3e695759d00278a,yes,include,publication-safe under automated gate,
cleanup_20260506_final_code_artifact_cleanup,prior_reviewer_artifact_snapshot/results/latency/latency_summary.csv,486,a71f25e1ef09d258f412bb6c5158070c7a7f5e83177cb1287f484ef7255695b8,yes,include,publication-safe under automated gate,
cleanup_20260506_final_code_artifact_cleanup,prior_reviewer_artifact_snapshot/results/longform/completed_tuples.json,57,4b1cceed8118acce7258de72ab603108f0090b24cd418d10cdfdbde8779610d4,yes,include,publication-safe under automated gate,
cleanup_20260506_final_code_artifact_cleanup,prior_reviewer_artifact_snapshot/results/longform/paradox_longform.csv,528,ad6256215e93c56c830229fc549d70c5427e3c5f2e556569798353a02d76f19e,yes,include,publication-safe under automated gate,
cleanup_20260506_final_code_artifact_cleanup,prior_reviewer_artifact_snapshot/results/longform/summary.csv,702,36d47ec924e63d797826e08a7bc2bc8dee1afe30ca0ab2ba50452acded948455,yes,include,publication-safe under automated gate,
cleanup_20260506_final_code_artifact_cleanup,prior_reviewer_artifact_snapshot/results/longform/summary.md,4313,bda98747badc382e76982f8aa7b62ad938510d8333ea366a5a3a8a06ee3096de,yes,include,publication-safe under automated gate,
cleanup_20260506_final_code_artifact_cleanup,prior_reviewer_artifact_snapshot/results/mech_classifier/cv_results.csv,127,65ae56c7da0ff49de510c9e681149f38a3a93de1351b66d6ca27aa15aa0e35a3,yes,include,publication-safe under automated gate,
cleanup_20260506_final_code_artifact_cleanup,prior_reviewer_artifact_snapshot/results/mech_classifier/feature_importance.csv,2693,bfdb548f9768dad31cbddeb9a9e40858fdc1e39ec0ebd3eb76009f0649d269b7,yes,include,publication-safe under automated gate,
cleanup_20260506_final_code_artifact_cleanup,prior_reviewer_artifact_snapshot/results/mech_classifier/features.csv,16211,f669430f06653733489c5bc75815af5fe3439473aed94c77df7bee08a15bb362,yes,include,publication-safe under automated gate,
cleanup_20260506_final_code_artifact_cleanup,prior_reviewer_artifact_snapshot/results/mech_classifier/summary.md,1646,6d2a1a8ab8051a375a0916d8a11dcee38663992d7e0a0e26452a6658d7a28ed2,yes,include,publication-safe under automated gate,
cleanup_20260506_final_code_artifact_cleanup,prior_reviewer_artifact_snapshot/results/mechanistic/entropy_by_layer.csv,26667,fdd88b2852c622cdea94ed69b6c0e4dd7db530312c85daec292b8d899185805b,yes,include,publication-safe under automated gate,
cleanup_20260506_final_code_artifact_cleanup,prior_reviewer_artifact_snapshot/results/mechanistic/per_pair.csv,6539,5bfb5b370313952bd9fc438b1a3c71545abcd6aef252c376ed70bd78d86cff39,yes,include,publication-safe under automated gate,
cleanup_20260506_final_code_artifact_cleanup,prior_reviewer_artifact_snapshot/results/mechanistic/retrieved_mass_by_layer.csv,26666,9dfb5d5dbfe9aead02544a22dacdd2acdc03ad1ce0d2f78e7b54eae38cf3f1fc,yes,include,publication-safe under automated gate,
cleanup_20260506_final_code_artifact_cleanup,prior_reviewer_artifact_snapshot/results/mechanistic/summary.md,656,6bacbfbf6fd02477d22d79b46560dea1a95cd2a8061bbb47df101b47a6cf8e0a,yes,include,publication-safe under automated gate,
cleanup_20260506_final_code_artifact_cleanup,prior_reviewer_artifact_snapshot/results/mechanistic/top_k_attributions.jsonl,126977,74613d75939d8a3d9953155269f236378974288b41d83de908f9301702180f8a,yes,include,publication-safe under automated gate,
cleanup_20260506_final_code_artifact_cleanup,prior_reviewer_artifact_snapshot/results/multi_retriever/completed_tuples.json,230,9b81933237c92491435db037e2eb474789026bca94c7fec60b42a474367fed80,yes,include,publication-safe under automated gate,
cleanup_20260506_final_code_artifact_cleanup,prior_reviewer_artifact_snapshot/results/multi_retriever/paradox_by_embedder.csv,886,c10e773692bea1608e5ebdc1191404915949a2982d04e13494caa8a7a3ae7345,yes,include,publication-safe under automated gate,
cleanup_20260506_final_code_artifact_cleanup,prior_reviewer_artifact_snapshot/results/multi_retriever/summary.csv,1569,f581f4e134c017462dce7d817f6425ab269d57f759164c02efd54f29d9a4cc0f,yes,include,publication-safe under automated gate,
cleanup_20260506_final_code_artifact_cleanup,prior_reviewer_artifact_snapshot/results/multi_retriever/summary.md,6844,0ede46b5b56e71ad29912e0c5c04e86d8904e5aa6fda199c8ffb1053a37b2df0,yes,include,publication-safe under automated gate,
cleanup_20260506_final_code_artifact_cleanup,prior_reviewer_artifact_snapshot/results/multidataset/coherence_paradox.csv,595,f0649df1f1a875ea439d17ec6abb3399baa3fc00e0dedae31371f26fd3ea9590,yes,include,publication-safe under automated gate,
cleanup_20260506_final_code_artifact_cleanup,prior_reviewer_artifact_snapshot/results/multidataset/completed_tuples.json,524,e3c7fd3401399013bd78956f11f5b6d9c53cadaef2f9411443b294cd9132a8f8,yes,include,publication-safe under automated gate,
cleanup_20260506_final_code_artifact_cleanup,prior_reviewer_artifact_snapshot/results/multidataset/summary.csv,2540,b9e98c5976dc1738b10e64a2f1084ac7549969a78d09da2260dfe1e52d7cd643,yes,include,publication-safe under automated gate,
cleanup_20260506_final_code_artifact_cleanup,prior_reviewer_artifact_snapshot/results/multidataset/summary.md,4103,e1819094b9df19de5e216b47642afeb22b6f373514e12f5f570a3974705b3ef5,yes,include,publication-safe under automated gate,
cleanup_20260506_final_code_artifact_cleanup,prior_reviewer_artifact_snapshot/results/multimodel/llama3_pubmedqa_chunk1024_k3_cot.csv,40643,6ad4f33c8caad81df4c9af02914a8a1231dc456eda5e010d1e3dcae04806b276,yes,include,publication-safe under automated gate,
cleanup_20260506_final_code_artifact_cleanup,prior_reviewer_artifact_snapshot/results/multimodel/llama3_pubmedqa_chunk1024_k3_strict.csv,42604,5111e21a26f4b14a671e14b2fce1856982d961c83a8b1fb335deb47392537e7c,yes,include,publication-safe under automated gate,
cleanup_20260506_final_code_artifact_cleanup,prior_reviewer_artifact_snapshot/results/multimodel/llama3_pubmedqa_chunk1024_k5_cot.csv,44055,8f109b054d8b3b04a8131ac90e93be6841687495a3b52a944cf7015a343475bc,yes,include,publication-safe under automated gate,
cleanup_20260506_final_code_artifact_cleanup,prior_reviewer_artifact_snapshot/results/multimodel/llama3_pubmedqa_chunk1024_k5_strict.csv,43520,b5945c2d9ff4583d4c990744ec0b8d275e7453966848db282b976560cd6ce4a7,yes,include,publication-safe under automated gate,
cleanup_20260506_final_code_artifact_cleanup,prior_reviewer_artifact_snapshot/results/multimodel/llama3_pubmedqa_chunk256_k3_cot.csv,36785,1f728680b02a147650a3b1536103cb9f10178573b28d6484a3df55be0dbce98c,yes,include,publication-safe under automated gate,
cleanup_20260506_final_code_artifact_cleanup,prior_reviewer_artifact_snapshot/results/multimodel/llama3_pubmedqa_chunk256_k3_strict.csv,38162,95f8242f1e35fa5f88d3c7dbfef52bda780872a91d5abd407c09523e980863a3,yes,include,publication-safe under automated gate,
cleanup_20260506_final_code_artifact_cleanup,prior_reviewer_artifact_snapshot/results/multimodel/llama3_pubmedqa_chunk256_k5_cot.csv,37823,a59d87918340e9a4fbe2254964ac39fd02f6c526dc07dfab9dcbcb5afc6d6221,yes,include,publication-safe under automated gate,
cleanup_20260506_final_code_artifact_cleanup,prior_reviewer_artifact_snapshot/results/multimodel/llama3_pubmedqa_chunk256_k5_strict.csv,38721,1fea29dc1d76c928efdcc9995c769581028f658fa4647bae01fb88e57870b224,yes,include,publication-safe under automated gate,
cleanup_20260506_final_code_artifact_cleanup,prior_reviewer_artifact_snapshot/results/multimodel/llama3_pubmedqa_chunk512_k3_cot.csv,37257,9fc343b221b5bf652e4117025d596589fa44921766b60f05ea9c22a3cee3c02d,yes,include,publication-safe under automated gate,
cleanup_20260506_final_code_artifact_cleanup,prior_reviewer_artifact_snapshot/results/multimodel/llama3_pubmedqa_chunk512_k3_strict.csv,40136,e11d8aa649c9b914254653e557c369cb87896c85a7ff1160c84422d22fc816a3,yes,include,publication-safe under automated gate,
cleanup_20260506_final_code_artifact_cleanup,prior_reviewer_artifact_snapshot/results/multimodel/llama3_pubmedqa_chunk512_k5_cot.csv,39201,ed4a8ec52cceb9ad7ef99f5997dc7b5f537ba24edb15ca0671bb19a133f6671c,yes,include,publication-safe under automated gate,
cleanup_20260506_final_code_artifact_cleanup,prior_reviewer_artifact_snapshot/results/multimodel/llama3_pubmedqa_chunk512_k5_strict.csv,42615,e107b485ec36e784d54de453c4d725b49d0744eb1fe7bb593b02357a26688296,yes,include,publication-safe under automated gate,
cleanup_20260506_final_code_artifact_cleanup,prior_reviewer_artifact_snapshot/results/multimodel/llama3_squad_chunk1024_k3_cot.csv,21661,c0542f59ccf3f65d8969a54b616a30839e9df6c5a6fbb3a443ad3635b9759ab4,yes,include,publication-safe under automated gate,
cleanup_20260506_final_code_artifact_cleanup,prior_reviewer_artifact_snapshot/results/multimodel/llama3_squad_chunk1024_k3_strict.csv,22056,ca29d8ad73f0bbcb05cf85f5ca87b2a292478bbd34796cb8f0c86b4039bf6f7a,yes,include,publication-safe under automated gate,
cleanup_20260506_final_code_artifact_cleanup,prior_reviewer_artifact_snapshot/results/multimodel/llama3_squad_chunk1024_k5_cot.csv,22728,08f8b5551a5beeba3d63a997d4a7ce24c12d5c53c5973d5ac423006d64c569a2,yes,include,publication-safe under automated gate,
cleanup_20260506_final_code_artifact_cleanup,prior_reviewer_artifact_snapshot/results/multimodel/llama3_squad_chunk1024_k5_strict.csv,22293,436fb6fdc31fa89498634954b5a6feb50dc254b412b47465c89fd5049a159b7d,yes,include,publication-safe under automated gate,
cleanup_20260506_final_code_artifact_cleanup,prior_reviewer_artifact_snapshot/results/multimodel/llama3_squad_chunk256_k3_cot.csv,22121,654e01a6bf1bdb439b567fcc76b82492326d31a8abd33873d78c9b93509d9d77,yes,include,publication-safe under automated gate,
cleanup_20260506_final_code_artifact_cleanup,prior_reviewer_artifact_snapshot/results/multimodel/llama3_squad_chunk256_k3_strict.csv,22250,2a4452f71a8e3967fd88fb4281c5c3c3aa7774d5ae5236609b4b36d6876181be,yes,include,publication-safe under automated gate,
cleanup_20260506_final_code_artifact_cleanup,prior_reviewer_artifact_snapshot/results/multimodel/llama3_squad_chunk256_k5_cot.csv,22147,a5d9dd4cd12fdddfbe931d702a7f2d92bfd48d065c81134a7b636d427340e842,yes,include,publication-safe under automated gate,
cleanup_20260506_final_code_artifact_cleanup,prior_reviewer_artifact_snapshot/results/multimodel/llama3_squad_chunk256_k5_strict.csv,23596,00ca62077ea6b8da21cca76516376252d54e4fa5d8ff4aa0e07f656886c78d09,yes,include,publication-safe under automated gate,
cleanup_20260506_final_code_artifact_cleanup,prior_reviewer_artifact_snapshot/results/multimodel/llama3_squad_chunk512_k3_cot.csv,23192,af2fbf3e584f94f53b3a5bb65553b39f2e806f79a6e1ffe9cad4918b5cfbb1a0,yes,include,publication-safe under automated gate,
cleanup_20260506_final_code_artifact_cleanup,prior_reviewer_artifact_snapshot/results/multimodel/llama3_squad_chunk512_k3_strict.csv,22830,c0b237dac2a2958d70d076d1a2fc944fc8c05077e73b1fb6f2b7fe02cec005bc,yes,include,publication-safe under automated gate,
cleanup_20260506_final_code_artifact_cleanup,prior_reviewer_artifact_snapshot/results/multimodel/llama3_squad_chunk512_k5_cot.csv,21842,6a7676f47d87b64e353a4058d37cef977619c806d2748e76807d7d6672e7c07f,yes,include,publication-safe under automated gate,
cleanup_20260506_final_code_artifact_cleanup,prior_reviewer_artifact_snapshot/results/multimodel/llama3_squad_chunk512_k5_strict.csv,22436,ed1a717f9fc93baa1a6c9fff74e59a690016e12dc717a1edef392da09dcca690,yes,include,publication-safe under automated gate,
cleanup_20260506_final_code_artifact_cleanup,prior_reviewer_artifact_snapshot/results/multimodel/mistral_pubmedqa_chunk1024_k3_cot.csv,45381,67ecd3137f41f9379dbc3b019e09842fe596d7bea927cfddbaa19140a0da82a9,yes,include,publication-safe under automated gate,
cleanup_20260506_final_code_artifact_cleanup,prior_reviewer_artifact_snapshot/results/multimodel/mistral_pubmedqa_chunk1024_k3_strict.csv,44490,33935c3174147557b3a873672e469c6dc5814897aced8413cbf79e5f142aed58,yes,include,publication-safe under automated gate,
cleanup_20260506_final_code_artifact_cleanup,prior_reviewer_artifact_snapshot/results/multimodel/mistral_pubmedqa_chunk1024_k5_cot.csv,46366,1b603a2c57f4858b9385b4b9f0d949c4c42e38fee17827e26631160a58bd0f13,yes,include,publication-safe under automated gate,
cleanup_20260506_final_code_artifact_cleanup,prior_reviewer_artifact_snapshot/results/multimodel/mistral_pubmedqa_chunk1024_k5_strict.csv,43868,c8d604608ddb9656f8448a5b3d0bc5645ebd369569f64b4eae06fd828d6242f2,yes,include,publication-safe under automated gate,
cleanup_20260506_final_code_artifact_cleanup,prior_reviewer_artifact_snapshot/results/multimodel/mistral_pubmedqa_chunk256_k3_cot.csv,37309,6b938c9d66d24ec5ef632c05be7b85bf64cc73e16bace59bab3d3e4817bc30cd,yes,include,publication-safe under automated gate,
cleanup_20260506_final_code_artifact_cleanup,prior_reviewer_artifact_snapshot/results/multimodel/mistral_pubmedqa_chunk256_k3_strict.csv,39378,44c4250e160d6539263315f7a9aa39f9d98172aa839aef88da6a4d6d6bbd6da4,yes,include,publication-safe under automated gate,
cleanup_20260506_final_code_artifact_cleanup,prior_reviewer_artifact_snapshot/results/multimodel/mistral_pubmedqa_chunk256_k5_cot.csv,37936,3b3f40d25f05b3b31097946616d24af6d36c109335c9124d6bb8088e5459e0b5,yes,include,publication-safe under automated gate,
cleanup_20260506_final_code_artifact_cleanup,prior_reviewer_artifact_snapshot/results/multimodel/mistral_pubmedqa_chunk256_k5_strict.csv,40688,2a685e2d4effda4ccec59a3b8156ffedd8a68c0795cc06f99e7e8d6bd365cf92,yes,include,publication-safe under automated gate,
cleanup_20260506_final_code_artifact_cleanup,prior_reviewer_artifact_snapshot/results/multimodel/mistral_pubmedqa_chunk512_k3_cot.csv,41117,d749efa3619cad5ddfd23bad57ba2e27a0fdf2539d27fc63e0cbd317ff334200,yes,include,publication-safe under automated gate,
cleanup_20260506_final_code_artifact_cleanup,prior_reviewer_artifact_snapshot/results/multimodel/mistral_pubmedqa_chunk512_k3_strict.csv,45086,95ad4871fdddef6809719d63371fb7ec28f361f98a5b6ddfe7707a4a42ac6633,yes,include,publication-safe under automated gate,
cleanup_20260506_final_code_artifact_cleanup,prior_reviewer_artifact_snapshot/results/multimodel/mistral_pubmedqa_chunk512_k5_cot.csv,43673,9a36049575867b6ffe78ab9f65b96ccf50ba913822f7b86a16f0fc2e50b31b8c,yes,include,publication-safe under automated gate,
cleanup_20260506_final_code_artifact_cleanup,prior_reviewer_artifact_snapshot/results/multimodel/mistral_pubmedqa_chunk512_k5_strict.csv,43498,57d4e57d1cb71954fef3e6f54ad6a29e0977a7ef0592c05805947a0ee81d8963,yes,include,publication-safe under automated gate,
cleanup_20260506_final_code_artifact_cleanup,prior_reviewer_artifact_snapshot/results/multimodel/mistral_squad_chunk1024_k3_cot.csv,22839,f5553d8f2fb0d30202c5564976f673dbd7ce66eb209c534181296d228c8e94d4,yes,include,publication-safe under automated gate,
cleanup_20260506_final_code_artifact_cleanup,prior_reviewer_artifact_snapshot/results/multimodel/mistral_squad_chunk1024_k3_strict.csv,21904,a9846c00991baf2138d2f7f7d185f303cf1b1d545804b759cd2b13ad336c87ad,yes,include,publication-safe under automated gate,
cleanup_20260506_final_code_artifact_cleanup,prior_reviewer_artifact_snapshot/results/multimodel/mistral_squad_chunk1024_k5_cot.csv,21885,0e5ace593444895e919677875ce455ddde5b58de49f0a1f75b0fc72af9b3b68a,yes,include,publication-safe under automated gate,
cleanup_20260506_final_code_artifact_cleanup,prior_reviewer_artifact_snapshot/results/multimodel/mistral_squad_chunk1024_k5_strict.csv,22658,f8150480bcb99b1b1622ca2deb9e03adc560d444ef49af2f2bdb4909f2b68733,yes,include,publication-safe under automated gate,
cleanup_20260506_final_code_artifact_cleanup,prior_reviewer_artifact_snapshot/results/multimodel/mistral_squad_chunk256_k3_cot.csv,28383,aec843617b91d37676c9f8db399fcd0c4d453a8dd7ea4b014335c54b1e1d77ba,yes,include,publication-safe under automated gate,
cleanup_20260506_final_code_artifact_cleanup,prior_reviewer_artifact_snapshot/results/multimodel/mistral_squad_chunk256_k3_strict.csv,26014,6d64efbd3b99058500c7172d5657844ba6517af43eb3a5c0d5734aa9f2ce5171,yes,include,publication-safe under automated gate,
cleanup_20260506_final_code_artifact_cleanup,prior_reviewer_artifact_snapshot/results/multimodel/mistral_squad_chunk256_k5_cot.csv,24360,73479ce818c1e9bedfd716861985b7f11e239fdbafba1a706a76631bda3e1278,yes,include,publication-safe under automated gate,
cleanup_20260506_final_code_artifact_cleanup,prior_reviewer_artifact_snapshot/results/multimodel/mistral_squad_chunk256_k5_strict.csv,22901,af8576356ae7dd7a10a9354745eb90dc77ee61433bc8b4cfa63d9cdac28b4c5f,yes,include,publication-safe under automated gate,
cleanup_20260506_final_code_artifact_cleanup,prior_reviewer_artifact_snapshot/results/multimodel/mistral_squad_chunk512_k3_cot.csv,24393,a3a1e62b92556ef89ed499ba4783a28838c7a757cb7ae3306595384c16011965,yes,include,publication-safe under automated gate,
cleanup_20260506_final_code_artifact_cleanup,prior_reviewer_artifact_snapshot/results/multimodel/mistral_squad_chunk512_k3_strict.csv,22705,c35665d994873dc067359b05c48b2ba3303e85393ee38a051d2765e16d57f0d2,yes,include,publication-safe under automated gate,
cleanup_20260506_final_code_artifact_cleanup,prior_reviewer_artifact_snapshot/results/multimodel/mistral_squad_chunk512_k5_cot.csv,22764,557689d9f01a9eed03ddaef9592f62decf56077a7f2713384275e0df67299fb1,yes,include,publication-safe under automated gate,
cleanup_20260506_final_code_artifact_cleanup,prior_reviewer_artifact_snapshot/results/multimodel/mistral_squad_chunk512_k5_strict.csv,21574,559141c84345da89c361a3421180bb184cc10248496a40d9db42a402ca41a9d6,yes,include,publication-safe under automated gate,
cleanup_20260506_final_code_artifact_cleanup,prior_reviewer_artifact_snapshot/results/multimodel/summary.csv,2112,52fd4668fc4f843f4aa8222acae8e02d3d4afb8d452df30e9027339599d53150,yes,include,publication-safe under automated gate,
cleanup_20260506_final_code_artifact_cleanup,prior_reviewer_artifact_snapshot/results/multimodel/summary.json,10229,d38ca300e20a3d117d962013d6fb37628711e1a28159fddb104d8edb9e4b678d,yes,include,publication-safe under automated gate,
cleanup_20260506_final_code_artifact_cleanup,prior_reviewer_artifact_snapshot/results/multiseed/paradox_variance.csv,163,ebea626f7f697c1ac1785a9d96b50b64e3ca0e1692472d958e383070b47c40c1,yes,include,publication-safe under automated gate,
cleanup_20260506_final_code_artifact_cleanup,prior_reviewer_artifact_snapshot/results/multiseed/variance_summary.csv,370,52b3195d43e8b4e7fcb7bb6b2eedf12a4786ada3e05344d3e55f0f0945da85e0,yes,include,publication-safe under automated gate,
cleanup_20260506_final_code_artifact_cleanup,prior_reviewer_artifact_snapshot/results/multiseed/variance_summary.md,1636,802491413cb8a8ab8c465356099de7ade603a97b1df7dda6782dc87fb75d4996,yes,include,publication-safe under automated gate,
cleanup_20260506_final_code_artifact_cleanup,prior_reviewer_artifact_snapshot/results/noise_injection/coherence_vs_noise.csv,272,b5e22200ea3f82ba67107519c9ad1d451736254223dbeef1f54096f7b7e68110,yes,include,publication-safe under automated gate,
cleanup_20260506_final_code_artifact_cleanup,prior_reviewer_artifact_snapshot/results/noise_injection/completed_tuples.json,86,9b01142a6d88603bc0452d1d4a21c59c18d3a9b58eec174797e10d34c3f3e2e3,yes,include,publication-safe under automated gate,
cleanup_20260506_final_code_artifact_cleanup,prior_reviewer_artifact_snapshot/results/noise_injection/summary.csv,619,ad7358e6956232d0021feaaffed393af3d81a0cd80bb41d1e7d512ff9c43b066,yes,include,publication-safe under automated gate,
cleanup_20260506_final_code_artifact_cleanup,prior_reviewer_artifact_snapshot/results/noise_injection/summary.md,2845,0f00167b135d53f12790c2fd5b5e0c184cfb113d10df7f52fbd087d39c5a5d1a,yes,include,publication-safe under automated gate,
cleanup_20260506_final_code_artifact_cleanup,prior_reviewer_artifact_snapshot/results/paper_tables/ALL_TABLES.md,15737,df07af1c997928e9853cea08049b7bedc88720c89cb0fc63c698ef3d4d236388,yes,include,publication-safe under automated gate,
cleanup_20260506_final_code_artifact_cleanup,prior_reviewer_artifact_snapshot/results/paper_tables/missing.md,220,f432a6ec306dbb824e6218864cba9fa5ba6b42ee9d5ea2b565298ead4f16a0b5,yes,include,publication-safe under automated gate,
cleanup_20260506_final_code_artifact_cleanup,prior_reviewer_artifact_snapshot/results/paper_tables/table_10_gap3_zeroshot.md,1022,77105195471c496ecd44ebde8ff8b883ad21e03b7be7e46fedfbc126eb10b33d,yes,include,publication-safe under automated gate,
cleanup_20260506_final_code_artifact_cleanup,prior_reviewer_artifact_snapshot/results/paper_tables/table_11_mech_classifier.md,383,91338d32c3b1ae74452ac8cc2484dc6934481a016a6dae87072e6ef9cc918a2f,yes,include,publication-safe under automated gate,
cleanup_20260506_final_code_artifact_cleanup,prior_reviewer_artifact_snapshot/results/paper_tables/table_12_deployment.md,1883,b79ebd58bf422568244555edf0b059eb9f44baa2b2c2c4a5f663d90b6e773b5e,yes,include,publication-safe under automated gate,
cleanup_20260506_final_code_artifact_cleanup,prior_reviewer_artifact_snapshot/results/paper_tables/table_1_headtohead.md,1258,73fd04d643154d57612f907f7a9427f06809b1d32ea9583d2810011d67ae3b30,yes,include,publication-safe under automated gate,
cleanup_20260506_final_code_artifact_cleanup,prior_reviewer_artifact_snapshot/results/paper_tables/table_2_multidataset.md,2357,31fac4aff5b268b2afdbd46b45beb22eaf3f09586a364376ea5cc0063e12ee16,yes,include,publication-safe under automated gate,
cleanup_20260506_final_code_artifact_cleanup,prior_reviewer_artifact_snapshot/results/paper_tables/table_3_multi_retriever.md,2048,b7e3fbe364da023d326b49a6f4921678e192a7caad99911d7f8b654efb8da417,yes,include,publication-safe under automated gate,
cleanup_20260506_final_code_artifact_cleanup,prior_reviewer_artifact_snapshot/results/paper_tables/table_4_raptor.md,1268,834fd9dca6089eab3b54ae7fc5b3f77c06cf748308005a30ebe78dcdcebae8e1,yes,include,publication-safe under automated gate,
cleanup_20260506_final_code_artifact_cleanup,prior_reviewer_artifact_snapshot/results/paper_tables/table_5_longform.md,1451,7a3aa939592b2d7cbe7ab912734db444b0d78d0776cb1a9ba4fc319f3d367851,yes,include,publication-safe under automated gate,
cleanup_20260506_final_code_artifact_cleanup,prior_reviewer_artifact_snapshot/results/paper_tables/table_6_frontier.md,96,32f115522b3e2615565a0aaf9de7930096ac715eef1581ecca70cbdd7871249c,yes,include,publication-safe under automated gate,
cleanup_20260506_final_code_artifact_cleanup,prior_reviewer_artifact_snapshot/results/paper_tables/table_7_variance.md,988,a74403cfe722557ef2b1825452abf658f49486e52fce24de0a742b5e811010cb,yes,include,publication-safe under automated gate,
cleanup_20260506_final_code_artifact_cleanup,prior_reviewer_artifact_snapshot/results/paper_tables/table_8_gap1_noise.md,709,d658766a7328ec54536b543d8f51e5d64b7481a9a72e548afd37c6b060618deb,yes,include,publication-safe under automated gate,
cleanup_20260506_final_code_artifact_cleanup,prior_reviewer_artifact_snapshot/results/paper_tables/table_9_gap2_prompt.md,2283,72786f617da7f7ac633d8db57305becdceb42dfaec508643db7049a99d608bff,yes,include,publication-safe under automated gate,
cleanup_20260506_final_code_artifact_cleanup,prior_reviewer_artifact_snapshot/results/prompt_ablation/completed_tuples.json,428,4a4ff4f3fb0a28ef5408a83c4339bbf615232289c9c6ed77bc5ba2323beae8b9,yes,include,publication-safe under automated gate,
cleanup_20260506_final_code_artifact_cleanup,prior_reviewer_artifact_snapshot/results/prompt_ablation/paradox_by_prompt.csv,843,3978803f57bced73f27291b4624e75558fe1e504c3517d49ad13eb3095b34bea,yes,include,publication-safe under automated gate,
cleanup_20260506_final_code_artifact_cleanup,prior_reviewer_artifact_snapshot/results/prompt_ablation/summary.csv,2519,c681484124646c5d3c885fa5c6e0315292d6de5d8a01cd08557986d4f066a997,yes,include,publication-safe under automated gate,
cleanup_20260506_final_code_artifact_cleanup,prior_reviewer_artifact_snapshot/results/prompt_ablation/summary.md,8116,4cdca7fdf3ca3f971a2f364ba59043342e3e8945963ac3e3ad32625e45bfbc4f,yes,include,publication-safe under automated gate,
cleanup_20260506_final_code_artifact_cleanup,prior_reviewer_artifact_snapshot/results/pubmedqa/ablation_chunk1024_k3_cot.csv,177311,8964bb340afce0924c195f40d6cb03324e331db9d1c57a874ac913bfe5a809ef,yes,include,publication-safe under automated gate,
cleanup_20260506_final_code_artifact_cleanup,prior_reviewer_artifact_snapshot/results/pubmedqa/ablation_chunk1024_k3_strict.csv,178560,d2974f4c3bd5e1488f2bb19f70cc8d29b68c67f4c70daf1f6703851d49b3221c,yes,include,publication-safe under automated gate,
cleanup_20260506_final_code_artifact_cleanup,prior_reviewer_artifact_snapshot/results/pubmedqa/ablation_chunk1024_k5_cot.csv,274157,d06df1bb1409162f08f29256b2f26cf771ae74c5fffb12f638e11a0f470624b6,yes,include,publication-safe under automated gate,
cleanup_20260506_final_code_artifact_cleanup,prior_reviewer_artifact_snapshot/results/pubmedqa/ablation_chunk1024_k5_strict.csv,274150,150bd33308436925280dd6c9d379ccc3b5fc4058b0ece8f009fbc1ae1882e74c,yes,include,publication-safe under automated gate,
cleanup_20260506_final_code_artifact_cleanup,prior_reviewer_artifact_snapshot/results/pubmedqa/ablation_chunk256_k3_cot.csv,70105,5c1f5864efe724a56b0cfb1581952025967bae04726c3125d9bf6bb4f6622cc8,yes,include,publication-safe under automated gate,
cleanup_20260506_final_code_artifact_cleanup,prior_reviewer_artifact_snapshot/results/pubmedqa/ablation_chunk256_k3_strict.csv,69313,4a93c6cf159aec04183757dfc3d4664d17ebd28537495c13baf5d9df65a8e961,yes,include,publication-safe under automated gate,
cleanup_20260506_final_code_artifact_cleanup,prior_reviewer_artifact_snapshot/results/pubmedqa/ablation_chunk256_k5_cot.csv,100877,660426fe98899045789e51072b696b8f599098662118d65949aac7e5fc457be7,yes,include,publication-safe under automated gate,
cleanup_20260506_final_code_artifact_cleanup,prior_reviewer_artifact_snapshot/results/pubmedqa/ablation_chunk256_k5_strict.csv,101102,20010f2e839baa49ca2045e564ec45d4759466f3a980e6a71dbef072eb0f4a43,yes,include,publication-safe under automated gate,
cleanup_20260506_final_code_artifact_cleanup,prior_reviewer_artifact_snapshot/results/pubmedqa/ablation_chunk512_k3_cot.csv,113325,f718e5d8904f717ad1d01557e0ce119f7dc0845dbb5cfc7028123602045ca268,yes,include,publication-safe under automated gate,
cleanup_20260506_final_code_artifact_cleanup,prior_reviewer_artifact_snapshot/results/pubmedqa/ablation_chunk512_k3_strict.csv,113791,ce4d43dbc0bbd50a0d5c416a6609a4fe2faf8385fd5ca4f7595d84fb70e8a08b,yes,include,publication-safe under automated gate,
cleanup_20260506_final_code_artifact_cleanup,prior_reviewer_artifact_snapshot/results/pubmedqa/ablation_chunk512_k5_cot.csv,168664,8798737952b5661acf3a82a6f3fa01eb7179cf26c1f96c80f19c2ca2f73876d4,yes,include,publication-safe under automated gate,
cleanup_20260506_final_code_artifact_cleanup,prior_reviewer_artifact_snapshot/results/pubmedqa/ablation_chunk512_k5_strict.csv,167779,fbfd7677d2f93e499e824f616a7cc8f7227a59516e6619123fe059ffdf087d5c,yes,include,publication-safe under automated gate,
cleanup_20260506_final_code_artifact_cleanup,prior_reviewer_artifact_snapshot/results/pubmedqa/ablation_summary.csv,523,a37fec61e0c18630de6447255119b1b3aa0d6a64bc72e4a45390be236c955cff,yes,include,publication-safe under automated gate,
cleanup_20260506_final_code_artifact_cleanup,prior_reviewer_artifact_snapshot/results/pubmedqa/ablation_summary.json,2298,d987346e8819492b459e80444df9507af7a888996ac7c42919086d568cfa4cd1,yes,include,publication-safe under automated gate,
cleanup_20260506_final_code_artifact_cleanup,prior_reviewer_artifact_snapshot/results/qualitative/chunk_comparison.csv,176698,65f6ec688c9a96a18afb1fa693131c69cedf02c407ddcd10928fe0bc23a99c42,yes,include,publication-safe under automated gate,
cleanup_20260506_final_code_artifact_cleanup,prior_reviewer_artifact_snapshot/results/qualitative/example_metadata.json,237,e8610f77f30ab1010c3d5a682cf1cda57e6896c8dc48adf1a1fa33250b36a5fc,yes,include,publication-safe under automated gate,
cleanup_20260506_final_code_artifact_cleanup,prior_reviewer_artifact_snapshot/results/qualitative/worst_hallucinations.csv,141,f1593f2dd7f4440e09cceae446dba8a82bc2c0f3a1fb6544c014c208fb021727,yes,include,publication-safe under automated gate,
cleanup_20260506_final_code_artifact_cleanup,prior_reviewer_artifact_snapshot/results/quantization_sensitivity/completed_tuples.json,153,8bc3c21f148d66f797ac8afef21334077a5aaa6abeacd686f7df630646f074f8,yes,include,publication-safe under automated gate,
cleanup_20260506_final_code_artifact_cleanup,prior_reviewer_artifact_snapshot/results/quantization_sensitivity/paradox_by_quant.csv,408,b67c451b232d0ff624bbdf7f18584df7535fdfe5b8e87da07f34781e6de73385,yes,include,publication-safe under automated gate,
cleanup_20260506_final_code_artifact_cleanup,prior_reviewer_artifact_snapshot/results/quantization_sensitivity/summary.csv,1133,8225a4ee7d913a67c4b00b4f3b046b4349db3ff6a73c8efe260f47319874dfef,yes,include,publication-safe under automated gate,
cleanup_20260506_final_code_artifact_cleanup,prior_reviewer_artifact_snapshot/results/quantization_sensitivity/summary.md,3847,56a300c9e203dd5a4dfb206add1afa4c32026366405100b1439fde27b2caa96d,yes,include,publication-safe under automated gate,
cleanup_20260506_final_code_artifact_cleanup,prior_reviewer_artifact_snapshot/results/rag_vs_zeroshot/paradox_vs_strength.csv,167,84e487a3dfc21b28f6d55a412a65e36bcbaad58106a90cf37302406df8b012b7,yes,include,publication-safe under automated gate,
cleanup_20260506_final_code_artifact_cleanup,prior_reviewer_artifact_snapshot/results/rag_vs_zeroshot/per_cell_detail.csv,974,e48ba3e5c3692742852a6214b996719c98f990f836fe16b2ec42a7843a739af6,yes,include,publication-safe under automated gate,
cleanup_20260506_final_code_artifact_cleanup,prior_reviewer_artifact_snapshot/results/rag_vs_zeroshot/summary.md,4710,66fe6a0b486612243d1ea9750f096a2b9d135f5fd5b951078bda4fae6d974c7e,yes,include,publication-safe under automated gate,
cleanup_20260506_final_code_artifact_cleanup,prior_reviewer_artifact_snapshot/results/rag_vs_zeroshot/table_2x2.csv,373,5547a16e0995b323f700925a523efd306296301e38f81ba99d52888710c6d701,yes,include,publication-safe under automated gate,
cleanup_20260506_final_code_artifact_cleanup,prior_reviewer_artifact_snapshot/results/raptor/raptor_vs_hcpc.csv,475,4dda196c658bfb2a8d9e4ee88cae1e78d2a1b3401f367d3bd2c970dc1b07a262,yes,include,publication-safe under automated gate,
cleanup_20260506_final_code_artifact_cleanup,prior_reviewer_artifact_snapshot/results/raptor/summary.csv,811,ac0951b36dfb81f7ca7f66a8045f92bb2667fb160c8f251269b2e2e4bf39c125,yes,include,publication-safe under automated gate,
cleanup_20260506_final_code_artifact_cleanup,prior_reviewer_artifact_snapshot/results/raptor/summary.md,3467,9a1b98a7ef75e196ef10fed887fab13ab89d61f60504566657c04c1d76febe58,yes,include,publication-safe under automated gate,
cleanup_20260506_final_code_artifact_cleanup,prior_reviewer_artifact_snapshot/results/reranker/llama3_pubmedqa_chunk1024_baseline.csv,41893,d987236db80fa67285cfe40e442a4cfbfc5e05fbb074e5505f4b46b3a3132d0f,yes,include,publication-safe under automated gate,
cleanup_20260506_final_code_artifact_cleanup,prior_reviewer_artifact_snapshot/results/reranker/llama3_pubmedqa_chunk1024_reranked.csv,40190,c044fe76555d47d1e226cb0d37f7eb5a1b5ee3f1ac43aa29745f398d70f2d39e,yes,include,publication-safe under automated gate,
cleanup_20260506_final_code_artifact_cleanup,prior_reviewer_artifact_snapshot/results/reranker/llama3_pubmedqa_chunk256_baseline.csv,38149,6e6bc68654fa1ba104eb0f3d8b5d46d64732667a033f883a66b39e49689cd75e,yes,include,publication-safe under automated gate,
cleanup_20260506_final_code_artifact_cleanup,prior_reviewer_artifact_snapshot/results/reranker/llama3_pubmedqa_chunk256_reranked.csv,35649,abda0b4477dfa10b70d0f14107ea66f9dd27357bf23c4a1adef74b717d315c33,yes,include,publication-safe under automated gate,
cleanup_20260506_final_code_artifact_cleanup,prior_reviewer_artifact_snapshot/results/reranker/llama3_pubmedqa_chunk512_baseline.csv,39241,2de02b8b45da18f9b5a54d4d326564feb348ed680c70f0f4e524bd1b2e030044,yes,include,publication-safe under automated gate,
cleanup_20260506_final_code_artifact_cleanup,prior_reviewer_artifact_snapshot/results/reranker/llama3_pubmedqa_chunk512_reranked.csv,36951,1903a05ac3d6673c3c6e09e7978f6ac70e8a894069c033c21ac17377250d1dbd,yes,include,publication-safe under automated gate,
cleanup_20260506_final_code_artifact_cleanup,prior_reviewer_artifact_snapshot/results/reranker/llama3_squad_chunk1024_baseline.csv,21020,45086d4246d06a81c6e8e14a23029292639dc25d6024a964c4e12a3cd04af6c9,yes,include,publication-safe under automated gate,
cleanup_20260506_final_code_artifact_cleanup,prior_reviewer_artifact_snapshot/results/reranker/llama3_squad_chunk1024_reranked.csv,20493,63a5adb9debd1ce3d479011763acdf87af94667bda995386ea4dac0e362a647e,yes,include,publication-safe under automated gate,
cleanup_20260506_final_code_artifact_cleanup,prior_reviewer_artifact_snapshot/results/reranker/llama3_squad_chunk256_baseline.csv,22044,8f93695c4448c6b3e94cd82ee2ae4b4eed75f89434a37df83afcab483e4ca31d,yes,include,publication-safe under automated gate,
cleanup_20260506_final_code_artifact_cleanup,prior_reviewer_artifact_snapshot/results/reranker/llama3_squad_chunk256_reranked.csv,20574,8107c2f763f24a3a74ec33c65b2c5157aa5cf7447e623f2213e4fc80aa2dfb3d,yes,include,publication-safe under automated gate,
cleanup_20260506_final_code_artifact_cleanup,prior_reviewer_artifact_snapshot/results/reranker/llama3_squad_chunk512_baseline.csv,21705,5623954b92637152398e0415a32279ca8cd904d7bc6d4e36483749e792a66df8,yes,include,publication-safe under automated gate,
cleanup_20260506_final_code_artifact_cleanup,prior_reviewer_artifact_snapshot/results/reranker/llama3_squad_chunk512_reranked.csv,21606,a287cd078fd2cf2928b42884b3c278cccea4e79d319ce3b83ee669fbef626cb9,yes,include,publication-safe under automated gate,
cleanup_20260506_final_code_artifact_cleanup,prior_reviewer_artifact_snapshot/results/reranker/metrics.csv,540,f05e01633f55e1729f48847f9e38a192c477bd67fa0ca8ca251ac4e188e3106e,yes,include,publication-safe under automated gate,
cleanup_20260506_final_code_artifact_cleanup,prior_reviewer_artifact_snapshot/results/reranker/mistral_pubmedqa_chunk1024_baseline.csv,44791,b6370970ca0048a941403c989b56cb89866ef4b8a2f643f411d1697f1815a01d,yes,include,publication-safe under automated gate,
cleanup_20260506_final_code_artifact_cleanup,prior_reviewer_artifact_snapshot/results/reranker/mistral_pubmedqa_chunk1024_reranked.csv,45162,b070ae51466a8868d5f2c5ae5d1ebb2c55867b0a1f21b0c81e009727781098a8,yes,include,publication-safe under automated gate,
cleanup_20260506_final_code_artifact_cleanup,prior_reviewer_artifact_snapshot/results/reranker/mistral_pubmedqa_chunk256_baseline.csv,39118,3d41d04856c2e01d7aa7fff84fa2e0368ff57c7d6c1b7969fd566fc7e0077e11,yes,include,publication-safe under automated gate,
cleanup_20260506_final_code_artifact_cleanup,prior_reviewer_artifact_snapshot/results/reranker/mistral_pubmedqa_chunk256_reranked.csv,37331,a33c8b17d28ea35b464c8db2273e23cee421e17bd10d3c6af73ffc0744487c9c,yes,include,publication-safe under automated gate,
cleanup_20260506_final_code_artifact_cleanup,prior_reviewer_artifact_snapshot/results/reranker/mistral_pubmedqa_chunk512_baseline.csv,44587,fcd87d9df1f14f67b6af52911bdac3fd79c86f64047f8922daebf6aa3a14c8b4,yes,include,publication-safe under automated gate,
cleanup_20260506_final_code_artifact_cleanup,prior_reviewer_artifact_snapshot/results/reranker/mistral_pubmedqa_chunk512_reranked.csv,40499,c6886e3d1a175986bf65cfb3f8f7c26ac7c939756c9e816b1b5a170e6b8d3ff1,yes,include,publication-safe under automated gate,
cleanup_20260506_final_code_artifact_cleanup,prior_reviewer_artifact_snapshot/results/reranker/mistral_squad_chunk1024_baseline.csv,21893,fffbf93b6ed4e23ef8482cacc7e0969ccc326844edc4009999dd6ec2384bb8ac,yes,include,publication-safe under automated gate,
cleanup_20260506_final_code_artifact_cleanup,prior_reviewer_artifact_snapshot/results/reranker/mistral_squad_chunk1024_reranked.csv,21963,6c9f36a3d5b8db5fb5ee536bdfd37328fb310b20361f699eab9314e1628eb8ac,yes,include,publication-safe under automated gate,
cleanup_20260506_final_code_artifact_cleanup,prior_reviewer_artifact_snapshot/results/reranker/mistral_squad_chunk256_baseline.csv,24899,096325936cef5c015aac1717b4ac03528aed50c29d62f6a78c0e7a76e6d70e0e,yes,include,publication-safe under automated gate,
cleanup_20260506_final_code_artifact_cleanup,prior_reviewer_artifact_snapshot/results/reranker/mistral_squad_chunk256_reranked.csv,23947,8a26a5a32fe5c1f0c05bca8b25dc4e426640bf784afbc624f527fd7ae41e90e4,yes,include,publication-safe under automated gate,
cleanup_20260506_final_code_artifact_cleanup,prior_reviewer_artifact_snapshot/results/reranker/mistral_squad_chunk512_baseline.csv,21959,1c3aaf2005b5b8d40fcb6fb50fd95956eb7a314b4bba0cfa98750e35166ba2f9,yes,include,publication-safe under automated gate,
cleanup_20260506_final_code_artifact_cleanup,prior_reviewer_artifact_snapshot/results/reranker/mistral_squad_chunk512_reranked.csv,21872,ae1b5abcd76479218ba4f500135e421db1e150a966c1d61f5fd30903a02e58d4,yes,include,publication-safe under automated gate,
cleanup_20260506_final_code_artifact_cleanup,prior_reviewer_artifact_snapshot/results/reranker/summary.csv,646,4e6c7132d39f116ec5a2c331e4f6444a69461652bad8cc65528855b0611e3a57,yes,include,publication-safe under automated gate,
cleanup_20260506_final_code_artifact_cleanup,prior_reviewer_artifact_snapshot/results/reranker/summary.json,2530,f69e5ad3f2588e31e50a7c75b51fa97d5dba9acf4977980d10c0c8641b4cb296,yes,include,publication-safe under automated gate,
cleanup_20260506_final_code_artifact_cleanup,prior_reviewer_artifact_snapshot/results/reranker/summary.md,763,b037208992d8ab8b7dd8e2273e74a14585c72db9ea00d05d9897b73767475885,yes,include,publication-safe under automated gate,
cleanup_20260506_final_code_artifact_cleanup,prior_reviewer_artifact_snapshot/results/results.csv,7943,cdf006156ad988946f7b2a74d424eb7d8eb9d3a2b1d9b35a15ca15db9436fbcc,yes,include,publication-safe under automated gate,
cleanup_20260506_final_code_artifact_cleanup,prior_reviewer_artifact_snapshot/results/revision/context_conditioned_nli/contrasts_n600.csv,938,66071f53c43b107f7ec5898fe580dca96c36ebfe6df935d58b9930d9eee7d99c,yes,include,publication-safe under automated gate,
cleanup_20260506_final_code_artifact_cleanup,prior_reviewer_artifact_snapshot/results/revision/context_conditioned_nli/n99_alignment_spearmans.csv,602,ee25150970c23c1e4ad036ccdb3d787f8c00e3aa6902efacc646cbc5ed354680,yes,include,publication-safe under automated gate,
cleanup_20260506_final_code_artifact_cleanup,prior_reviewer_artifact_snapshot/results/revision/context_conditioned_nli/n99_alignment_summary.csv,594,1f81dad2aa0ee33b19a0e1d5a37d285e21adfef4318afac44682ba952a8583cd,yes,include,publication-safe under automated gate,
cleanup_20260506_final_code_artifact_cleanup,prior_reviewer_artifact_snapshot/results/revision/context_conditioned_nli/n99_with_ctx_scores.csv,160846,5405b3484ba6e0fd5bf102bcc2dd9e4a53b1cbe4d7761d8d7adb591c96ee2955,yes,include,publication-safe under automated gate,
cleanup_20260506_final_code_artifact_cleanup,prior_reviewer_artifact_snapshot/results/revision/fix_01/bootstrap_ci.csv,133,cd62c9ccab41319fa2ac668ca47c272360713d2f780a6fca2bb0c6e91e3fe5f0,yes,include,publication-safe under automated gate,
cleanup_20260506_final_code_artifact_cleanup,prior_reviewer_artifact_snapshot/results/revision/fix_01/construction_summary.csv,180,e38644ff25376cb4025d20c41ecd784b60d68ecc34ee2b80428a79a0310e3e83,yes,include,publication-safe under automated gate,
cleanup_20260506_final_code_artifact_cleanup,prior_reviewer_artifact_snapshot/results/revision/fix_01/match_diagnostics.csv,278,87a4493d5775642a13149feb0ff427b829b004034ed9dfd0f48442255b89a6ee,yes,include,publication-safe under automated gate,
cleanup_20260506_final_code_artifact_cleanup,prior_reviewer_artifact_snapshot/results/revision/fix_01/matched_ccs_faithfulness_quantiles.csv,160,a7fa5930aaac4d5e4f69b32efe8f79140bfe9c91540bc762e8501edf951a7eb0,yes,include,publication-safe under automated gate,
cleanup_20260506_final_code_artifact_cleanup,prior_reviewer_artifact_snapshot/results/revision/fix_01/matched_ccs_threshold_rates.csv,136,50ba47ea936c337c953b9ff493cd2b471bc8d34fa118e8bb0dfd12710123f5db,yes,include,publication-safe under automated gate,
cleanup_20260506_final_code_artifact_cleanup,prior_reviewer_artifact_snapshot/results/revision/fix_01/paired_wilcoxon.csv,562,7046d1aec621bcc2436d706af7fd3b535f65d2b0ff6e04591f7afad312f6ae30,yes,include,publication-safe under automated gate,
cleanup_20260506_final_code_artifact_cleanup,prior_reviewer_artifact_snapshot/results/revision/fix_01/summary.md,2710,5153f64d26df90e97623cb2435d96ba60f8b7e3835320d791a2cb4fac172b73a,yes,include,publication-safe under automated gate,
cleanup_20260506_final_code_artifact_cleanup,prior_reviewer_artifact_snapshot/results/revision/fix_02/headline_table.csv,545,0fb1b3ad01172ba53769241f589e86236cebd8a203dd3ce81aa40a11df519aef,yes,include,publication-safe under automated gate,
cleanup_20260506_final_code_artifact_cleanup,prior_reviewer_artifact_snapshot/results/revision/fix_02/headline_table_gpu0.csv,537,607d976183ce89b94d2b7c1cf22c639e85d58c66c9aeb618b69d0b37c0a33098,yes,include,publication-safe under automated gate,
cleanup_20260506_final_code_artifact_cleanup,prior_reviewer_artifact_snapshot/results/revision/fix_02/headline_table_gpu1.csv,539,e85e33508ebc5263ceef61cab3d27cb2ecf712454e55ddfdb1f00fa3a154135e,yes,include,publication-safe under automated gate,
cleanup_20260506_final_code_artifact_cleanup,prior_reviewer_artifact_snapshot/results/revision/fix_02/paired_contrasts.csv,1502,3c195666d369848ca935ce14cee1563b03bd03614e4b7cd5375dd59baed51f85,yes,include,publication-safe under automated gate,
cleanup_20260506_final_code_artifact_cleanup,prior_reviewer_artifact_snapshot/results/revision/fix_02/paired_contrasts_gpu0.csv,379,fdcbefde9f27600cb59fffd11b53eaa4f960f89fcd176ea3f5b84cc3c284bb2b,yes,include,publication-safe under automated gate,
cleanup_20260506_final_code_artifact_cleanup,prior_reviewer_artifact_snapshot/results/revision/fix_02/paired_contrasts_gpu1.csv,664,057d2b08ab697432e586409f798b10ac5375d2f5c6bbf15ba98ce8e4d6a1d4aa,yes,include,publication-safe under automated gate,
cleanup_20260506_final_code_artifact_cleanup,prior_reviewer_artifact_snapshot/results/revision/fix_02/summary.md,3994,41489efadf6613d988f88f8b79a7c3b2a55638df088538cf8a6d8aa34c3a8633,yes,include,publication-safe under automated gate,
cleanup_20260506_final_code_artifact_cleanup,prior_reviewer_artifact_snapshot/results/revision/fix_02/summary_gpu0.md,2194,fbd78a6bbea8057f15c8ba0e726cdb0a20a9b3881c517aa9c54bbbc2b55bd35f,yes,include,publication-safe under automated gate,
cleanup_20260506_final_code_artifact_cleanup,prior_reviewer_artifact_snapshot/results/revision/fix_02/summary_gpu1.md,2644,1250e432dfa9f5d980707463c6b591dce7761e24e90652c34c74e1f12ce24de8,yes,include,publication-safe under automated gate,
cleanup_20260506_final_code_artifact_cleanup,prior_reviewer_artifact_snapshot/results/revision/fix_03/bootstrap_correlation_cis.csv,1597,2454083c0148ffef1e14fc1fb83485e0d9fb4ff3974a116c940371b09cf9e7b8,yes,include,publication-safe under automated gate,
cleanup_20260506_final_code_artifact_cleanup,prior_reviewer_artifact_snapshot/results/revision/fix_03/disagreement_alignment_n100.csv,1267,fc205b6b792a53f013d7acd7bad3f57584967d32f0c325d4fbe693065919c9d2,yes,include,publication-safe under automated gate,
cleanup_20260506_final_code_artifact_cleanup,prior_reviewer_artifact_snapshot/results/revision/fix_03/human_eval_correlations.csv,236,d7a894f84ef620297d53030c5c373432c50bdfdcb52e4743d766c8106e75bb25,yes,include,publication-safe under automated gate,
cleanup_20260506_final_code_artifact_cleanup,prior_reviewer_artifact_snapshot/results/revision/fix_03/human_eval_label_distribution.csv,104,41df52b1156990f614118b4c2f17fcfae8313efebdb915a64ec2ec2fdbb2e843,yes,include,publication-safe under automated gate,
cleanup_20260506_final_code_artifact_cleanup,prior_reviewer_artifact_snapshot/results/revision/fix_03/human_eval_summary.csv,167,db4ffc9cc343951fa8be55f13a1c047c1d212bae5475a96fbc08d7f18a6d70ce,yes,include,publication-safe under automated gate,
cleanup_20260506_final_code_artifact_cleanup,prior_reviewer_artifact_snapshot/results/revision/fix_03/human_eval_verification.csv,220,6e9f7d448f69d5786039b5e48437f6a1249b9fd9b286908e6bfe3b0135b62fa1,yes,include,publication-safe under automated gate,
cleanup_20260506_final_code_artifact_cleanup,prior_reviewer_artifact_snapshot/results/revision/fix_03/human_eval_verification.md,741,100dbf531533d82d0faecc0a08edeb8e8399e62bcf4dabad1e15f0adc65b5984,yes,include,publication-safe under automated gate,
cleanup_20260506_final_code_artifact_cleanup,prior_reviewer_artifact_snapshot/results/revision/fix_03/metric_correlations.csv,318,6ed98e71c6c3768dbfea3d7e364f19f726e7f09352e929dd4ede2474d05c72e0,yes,include,publication-safe under automated gate,
cleanup_20260506_final_code_artifact_cleanup,prior_reviewer_artifact_snapshot/results/revision/fix_03/standardized_scorer_fragility.csv,1619,80728bcacc28415491c07f7fbb26a1437221088a1fddd8afb5c61e1e5da1707f,yes,include,publication-safe under automated gate,
cleanup_20260506_final_code_artifact_cleanup,prior_reviewer_artifact_snapshot/results/revision/fix_03/summary.md,982,7a8ceb15fa4b91a3611200b225f6819873903be5b0aba8ebe49df0fdd3904579,yes,include,publication-safe under automated gate,
cleanup_20260506_final_code_artifact_cleanup,prior_reviewer_artifact_snapshot/results/revision/fix_03/table1_multimetric.csv,183,6f808491031d27256c0e5d7fd0c4577dd3df555c14c3667985720a280ffa65c3,yes,include,publication-safe under automated gate,
cleanup_20260506_final_code_artifact_cleanup,prior_reviewer_artifact_snapshot/results/revision/fix_04/generalization_flags.csv,332,5ed90e7d62ad2c05e38c130c4b5ab0d7177dc9ceb142e33e81ec31df9a907325,yes,include,publication-safe under automated gate,
cleanup_20260506_final_code_artifact_cleanup,prior_reviewer_artifact_snapshot/results/revision/fix_04/summary.md,3956,d8e0f7c8537300e45ad9d27d75ac66899794a6e45b492a0c87e442b0afc5f725,yes,include,publication-safe under automated gate,
cleanup_20260506_final_code_artifact_cleanup,prior_reviewer_artifact_snapshot/results/revision/fix_04/tau_summary.csv,1282,70057fa52fd77b3e38de5c858da2485e3a719e2678e5efeebd15f0e72b069b21,yes,include,publication-safe under automated gate,
cleanup_20260506_final_code_artifact_cleanup,prior_reviewer_artifact_snapshot/results/revision/fix_04/tau_transfer_matrix.csv,353,6eb1d877d190efb93fd556bb2386d7c48688081fcbe51f25a071a5b3726b991e,yes,include,publication-safe under automated gate,
cleanup_20260506_final_code_artifact_cleanup,prior_reviewer_artifact_snapshot/results/revision/fix_05/noise_summary.csv,546,286140d064c277f6f58eb16aa609c771d5652593176f93841b203b6cb0529a00,yes,include,publication-safe under automated gate,
cleanup_20260506_final_code_artifact_cleanup,prior_reviewer_artifact_snapshot/results/revision/fix_05/slope_response.csv,211,de72dac188a68d2ed87536928875571cb117854fd94825c303c2cdc24dd8280f,yes,include,publication-safe under automated gate,
cleanup_20260506_final_code_artifact_cleanup,prior_reviewer_artifact_snapshot/results/revision/fix_05/summary.md,1640,7e6499be72bea4fb706efb93186b09c723ddc377083f29fb000a2f41af99a374,yes,include,publication-safe under automated gate,
cleanup_20260506_final_code_artifact_cleanup,prior_reviewer_artifact_snapshot/results/revision/fix_06/h2h_summary.csv,615,b6f8d3280cd8104a46654ca09c59cbbc6d78bfefec102557beffe5ecd9b588c8,yes,include,publication-safe under automated gate,
cleanup_20260506_final_code_artifact_cleanup,prior_reviewer_artifact_snapshot/results/revision/fix_06/h2h_summary_with_ci.csv,912,237649fe07cd0bf810b2294ef1f6968eaa9db9d7a5a88c940dd34f49e292dca8,yes,include,publication-safe under automated gate,
cleanup_20260506_final_code_artifact_cleanup,prior_reviewer_artifact_snapshot/results/revision/fix_06/summary.md,1533,ec840cfcf3a364a6b1ccf2ddd5c1e030d304f07530331850b7a43e609d8e36db,yes,include,publication-safe under automated gate,
cleanup_20260506_final_code_artifact_cleanup,prior_reviewer_artifact_snapshot/results/revision/fix_09/partial_correlations.csv,170,bdacdfffa1a95abad241e4bebe859dcebfa68397e0853b08b1dbd2cac985f8e2,yes,include,publication-safe under automated gate,
cleanup_20260506_final_code_artifact_cleanup,prior_reviewer_artifact_snapshot/results/revision/fix_09/summary.md,435,4d6c92ceb48b854cfdcbc14f8dd34a5d24f4d9f43abe80e82b0d028f663c181b,yes,include,publication-safe under automated gate,
cleanup_20260506_final_code_artifact_cleanup,prior_reviewer_artifact_snapshot/results/revision/fix_11/raptor_full_table.csv,335,bbef250bd283be0c56b596414b3cdb7da8e12b7af964cb7bf9145115b614321e,yes,include,publication-safe under automated gate,
cleanup_20260506_final_code_artifact_cleanup,prior_reviewer_artifact_snapshot/results/revision/fix_11/raptor_indexing_costs.csv,155,15ccdb24eaca661f28704cf360c27642e85989efc2d0f18efae12e2208b1543f,yes,include,publication-safe under automated gate,
cleanup_20260506_final_code_artifact_cleanup,prior_reviewer_artifact_snapshot/results/revision/fix_11/summary.md,917,62933fb2249f3828e04f188556fc4b915d0a468f627489ab75036ae6e2ec016b,yes,include,publication-safe under automated gate,
cleanup_20260506_final_code_artifact_cleanup,prior_reviewer_artifact_snapshot/results/revision/fix_12/span_control_models.csv,2479,a79841a1b07c1630680a539309eb48742d5bf4077514dd55b0b56b0a63978bb8,yes,include,publication-safe under automated gate,
cleanup_20260506_final_code_artifact_cleanup,prior_reviewer_artifact_snapshot/results/revision/fix_12/span_control_report.md,7295,7bcaa0e9f9612608b0a0a69eb868ecf6d1a3dd0eea6df7df26cb223caa350d37,yes,include,publication-safe under automated gate,
cleanup_20260506_final_code_artifact_cleanup,prior_reviewer_artifact_snapshot/results/revision/fix_12/span_control_summary.csv,370,a0d2213d3a93d741c9ad761d6c41ecd5ede3f877e5c9a7d60638d0d33ec6166d,yes,include,publication-safe under automated gate,
cleanup_20260506_final_code_artifact_cleanup,prior_reviewer_artifact_snapshot/results/revision/fix_13/retriever_sanity_report.md,6212,294c4a498fbdf3c2f9b88755276d87a69e9f2ece4486fbc0a73e490d6704c772,yes,include,publication-safe under automated gate,
cleanup_20260506_final_code_artifact_cleanup,prior_reviewer_artifact_snapshot/results/revision/fix_13/retriever_sanity_summary.csv,1674,b8f53335bd955b57e124dbe214303a7079ae93e8aacac5344b21db087b242e64,yes,include,publication-safe under automated gate,
cleanup_20260506_final_code_artifact_cleanup,prior_reviewer_artifact_snapshot/results/revision/fix_14/second_generator_correlations.csv,349,549d55fabc09beab0cf27a3f4aef890ca9ca7167ce2c1bedfa5ae73cd353d801,yes,include,publication-safe under automated gate,
cleanup_20260506_final_code_artifact_cleanup,prior_reviewer_artifact_snapshot/results/revision/fix_14/second_generator_metrics.csv,374,cdee820e97afe2077d981d45817a8d79431cdf128e6b8d095e3a952fad8c92e1,yes,include,publication-safe under automated gate,
cleanup_20260506_final_code_artifact_cleanup,prior_reviewer_artifact_snapshot/results/revision/fix_14/second_generator_report.md,2007,8650891c5826bb8bc9a59b7cfa7e86b2eec384709e93d0d286ed34f4c3affa8d,yes,include,publication-safe under automated gate,
cleanup_20260506_final_code_artifact_cleanup,prior_reviewer_artifact_snapshot/results/revision/fix_15/longform_stress_report.md,4257,dc25c18e7a11dc56425ce7bbe65354c89830c39423448f89ef883450c0578b83,yes,include,publication-safe under automated gate,
cleanup_20260506_final_code_artifact_cleanup,prior_reviewer_artifact_snapshot/results/revision/fix_15/longform_stress_summary.csv,1039,35f77fc9a17d2425074ee47990a09add58c1e87d39fec48032aa111dbaee4005,yes,include,publication-safe under automated gate,
cleanup_20260506_final_code_artifact_cleanup,prior_reviewer_artifact_snapshot/results/stats/significance_tests.json,3314,1380c8a522c79c5a805657d343f60366a21d21f8414ab72b782604d8d3f75af5,yes,include,publication-safe under automated gate,
cleanup_20260506_final_code_artifact_cleanup,prior_reviewer_artifact_snapshot/results/stats/summary.csv,329,6b59ae5f7f83d1b85971dab0f6dad866defa61fd53573b805d41db250e767a93,yes,include,publication-safe under automated gate,
cleanup_20260506_final_code_artifact_cleanup,prior_reviewer_artifact_snapshot/results/subchunk_sensitivity/completed_tuples.json,209,ef43b2bb56e99bd2bf220ebf4b3b4e3bc7ae3c54674132f2b7a187b5fa0cd3c1,yes,include,publication-safe under automated gate,
cleanup_20260506_final_code_artifact_cleanup,prior_reviewer_artifact_snapshot/results/subchunk_sensitivity/paradox_by_sub.csv,485,044e084cb3f45632cab801ab157585b3b19dd6b89da5b8713bb0ad5ab1b4b135,yes,include,publication-safe under automated gate,
cleanup_20260506_final_code_artifact_cleanup,prior_reviewer_artifact_snapshot/results/subchunk_sensitivity/summary.csv,964,29ed6cb55d1fbd0155efc974475e0838e4905b5a5e0959c7a2d5ed34fc322df4,yes,include,publication-safe under automated gate,
cleanup_20260506_final_code_artifact_cleanup,prior_reviewer_artifact_snapshot/results/subchunk_sensitivity/summary.md,3976,b4f3c2ede0f2a19081f76437b2b39b378377298a79f2b9fe19f688320803e34d,yes,include,publication-safe under automated gate,
cleanup_20260506_final_code_artifact_cleanup,prior_reviewer_artifact_snapshot/results/summary.md,9879,540b09488dc78949ca1cdbb1b819e3d88320c6fede8b096be6dffb891b666756,yes,include,publication-safe under automated gate,
cleanup_20260506_final_code_artifact_cleanup,prior_reviewer_artifact_snapshot/results/temperature_sensitivity/completed_tuples.json,378,8415133bf3429536230a65e48df5b985bf9aa6b0a6a89ae8d99a21d637aa4a21,yes,include,publication-safe under automated gate,
cleanup_20260506_final_code_artifact_cleanup,prior_reviewer_artifact_snapshot/results/temperature_sensitivity/paradox_by_temp.csv,435,65e144c0cc5903ce872f53068c0a8c691b90fcfcff4e37844212869806b3b9f9,yes,include,publication-safe under automated gate,
cleanup_20260506_final_code_artifact_cleanup,prior_reviewer_artifact_snapshot/results/temperature_sensitivity/summary.csv,1148,ca628a0ad538bf38257e118d3a6ce7ed466e00a2ed6d004d950f8db463fe530b,yes,include,publication-safe under automated gate,
cleanup_20260506_final_code_artifact_cleanup,prior_reviewer_artifact_snapshot/results/temperature_sensitivity/summary.md,1089,710fe30efb365ceb0b0151188f59cc0fe4906d126c6a0a77269f5f4193e85b93,yes,include,publication-safe under automated gate,
cleanup_20260506_final_code_artifact_cleanup,prior_reviewer_artifact_snapshot/results/threshold_sensitivity/best_configs.csv,1695,8774a1e48db1e09b86a255f6b077fc91ca669d94761c57d5a3b925ad4d22d5b1,yes,include,publication-safe under automated gate,
cleanup_20260506_final_code_artifact_cleanup,prior_reviewer_artifact_snapshot/results/threshold_sensitivity/summary.md,3584,b88f05af0f0e7908631c31e1a43397502b8b8fbb83260601163ccf1ce891c759,yes,include,publication-safe under automated gate,
cleanup_20260506_final_code_artifact_cleanup,prior_reviewer_artifact_snapshot/results/threshold_sensitivity/sweep_results.csv,3428,db6534f07242c93954010a220b234bb69ba163c5a2e41890e6736cd766b3d24d,yes,include,publication-safe under automated gate,
cleanup_20260506_final_code_artifact_cleanup,prior_reviewer_artifact_snapshot/results/topk_sensitivity/completed_tuples.json,184,ee34a4a397ffbc9fd20081362b07f31f8676f4725129d4532a3b639c424c2a6b,yes,include,publication-safe under automated gate,
cleanup_20260506_final_code_artifact_cleanup,prior_reviewer_artifact_snapshot/results/topk_sensitivity/paradox_by_k.csv,573,66efcd3f2a4eb1539e947a3460bcad04c93488f327839da6b13d61af411de9da,yes,include,publication-safe under automated gate,
cleanup_20260506_final_code_artifact_cleanup,prior_reviewer_artifact_snapshot/results/topk_sensitivity/summary.csv,2025,6b21987bfa0118ac0c909f38af39f4eaa3d31cc7aee9f324acce76d24440e4e1,yes,include,publication-safe under automated gate,
cleanup_20260506_final_code_artifact_cleanup,prior_reviewer_artifact_snapshot/results/topk_sensitivity/summary.md,6374,99e1b5a7dd967822439c1f104ab2b567b02a79d3a4abdebe41b8c8f831db9a2d,yes,include,publication-safe under automated gate,
cleanup_20260506_final_code_artifact_cleanup,prior_reviewer_artifact_snapshot/results/zeroshot/llama3_pubmedqa.csv,107672,dce521722ad0856f0a8f2b0ddb6fdce2937cbeea1f02ab53309abe4f299c533b,yes,include,publication-safe under automated gate,
cleanup_20260506_final_code_artifact_cleanup,prior_reviewer_artifact_snapshot/results/zeroshot/llama3_squad.csv,36211,a68692ebd5e7b419590f0ae27c0b6859ab0f331c6033e8086ff248bd46f2e041,yes,include,publication-safe under automated gate,
cleanup_20260506_final_code_artifact_cleanup,prior_reviewer_artifact_snapshot/results/zeroshot/mistral_pubmedqa.csv,76060,d5f7dfdb5482a835a71b6391df51518bf5d14c010ec850e9a01322158309e0a7,yes,include,publication-safe under automated gate,
cleanup_20260506_final_code_artifact_cleanup,prior_reviewer_artifact_snapshot/results/zeroshot/mistral_squad.csv,44517,cb8f993269d76dc4f155e4f202b49673643325f4fe09e4bcc02015466e52c101,yes,include,publication-safe under automated gate,
cleanup_20260506_final_code_artifact_cleanup,prior_reviewer_artifact_snapshot/results/zeroshot/summary.csv,181,65f015fb33a6377a8668f0fb0972e184c6bb2811daa06960b58b8ee66c8b1e11,yes,include,publication-safe under automated gate,
cleanup_20260506_final_code_artifact_cleanup,prior_reviewer_artifact_snapshot/run_all_analysis.sh,220,f3f802ce7357bb5a3a5fe1b51e197b207bc24280366f296f16ea09dd87ddd265,yes,include,publication-safe under automated gate,
cleanup_20260506_final_code_artifact_cleanup,prior_reviewer_artifact_snapshot/scripts/analyze_human_disagreement_labels.py,14322,60a9184bad43b2fd4d78cff440f25efb77fe72eebc01541595c99813b63def51,yes,include,publication-safe under automated gate,
cleanup_20260506_final_code_artifact_cleanup,prior_reviewer_artifact_snapshot/scripts/build_benchmark_v2.py,7309,d5e5a9d1ee8872d4ecc784c2347887db6d3cdd5b2474361511c1f9678af9bc0e,yes,include,publication-safe under automated gate,
cleanup_20260506_final_code_artifact_cleanup,prior_reviewer_artifact_snapshot/scripts/build_results_summary.py,8584,691c1a0c25dedb7827517689a9806e0fa32c45e0f6a482735f3bfb43f5e7ffc7,yes,include,publication-safe under automated gate,
cleanup_20260506_final_code_artifact_cleanup,prior_reviewer_artifact_snapshot/scripts/check_progress.py,283,2ff8676a538924e4bb343f07d8227c9485c864e41ebc5095d186d813cd45d631,yes,include,publication-safe under automated gate,
cleanup_20260506_final_code_artifact_cleanup,prior_reviewer_artifact_snapshot/scripts/compute_cost_headtohead_cis.py,3334,ef7fa5e9098bfb0567faada4fa07284c5647c38f0aab668ead87428a5c103cbf,yes,include,publication-safe under automated gate,
cleanup_20260506_final_code_artifact_cleanup,prior_reviewer_artifact_snapshot/scripts/compute_matched_ccs_distribution.py,2012,bb9239e933860ced5d12eb74e9dfd3c18561bdcd14caa6c6fff70edeed4fcc20,yes,include,publication-safe under automated gate,
cleanup_20260506_final_code_artifact_cleanup,prior_reviewer_artifact_snapshot/scripts/compute_nli_human_correlation.py,954,b5fe07070de0ba8ee347f153bf143d450c4cb16dae30611da2382cc5e5933d03,yes,include,publication-safe under automated gate,
cleanup_20260506_final_code_artifact_cleanup,prior_reviewer_artifact_snapshot/scripts/compute_standardized_scorer_fragility.py,4911,26f5fe136f1f98646d00643ab62d01776ef04dd103fea6df2b0b4532b780fff3,yes,include,publication-safe under automated gate,
cleanup_20260506_final_code_artifact_cleanup,prior_reviewer_artifact_snapshot/scripts/generate_consolidated_results.py,29082,222829b0d0a3714330b090390dcc01787493408666adf07361c3f649b2f52178,yes,include,publication-safe under automated gate,
cleanup_20260506_final_code_artifact_cleanup,prior_reviewer_artifact_snapshot/scripts/generate_validation_sample.py,2899,457d07937a7053d466ae6448211023b86cd475bc74d424a4b57c6170d84cfe33,yes,include,publication-safe under automated gate,
cleanup_20260506_final_code_artifact_cleanup,prior_reviewer_artifact_snapshot/scripts/prepare_human_disagreement_eval.py,1552,c1fd549cc14c21760de00c2a173fb132512be412da5831ca2a0ff028e79eb2c4,yes,include,publication-safe under automated gate,
cleanup_20260506_final_code_artifact_cleanup,prior_reviewer_artifact_snapshot/scripts/repair_multidataset_rows.py,5698,480e7b6e01f6f5be4fc5024f03096524df2170d64c3c825550503581451b4c77,yes,include,publication-safe under automated gate,
cleanup_20260506_final_code_artifact_cleanup,prior_reviewer_artifact_snapshot/scripts/run_context_conditioned_nli_scoring.py,10743,4595fdacbdb85e61fbbb66bbaae0ae9c680c8965d20a98554b37eeada6b6ac79,yes,include,publication-safe under automated gate,
cleanup_20260506_final_code_artifact_cleanup,prior_reviewer_artifact_snapshot/scripts/select_human_disagreement_cases.py,10162,082a48e1a251d8553761eecd02f52e7a6d2ccbcc443fc6d2d2561b78e06d024b,yes,include,publication-safe under automated gate,
cleanup_20260506_final_code_artifact_cleanup,prior_reviewer_artifact_snapshot/scripts/verify_human_eval.py,5128,71f6b3800f2cf1f821b41a490b5df42f957ff695a9147590f7dfe6a2a547f1d4,yes,include,publication-safe under automated gate,
cleanup_20260506_final_code_artifact_cleanup,prior_reviewer_artifact_snapshot/source_tables/longform_stress_summary.csv,1039,35f77fc9a17d2425074ee47990a09add58c1e87d39fec48032aa111dbaee4005,yes,include,publication-safe under automated gate,
cleanup_20260506_final_code_artifact_cleanup,prior_reviewer_artifact_snapshot/source_tables/retriever_sanity_summary.csv,1674,b8f53335bd955b57e124dbe214303a7079ae93e8aacac5344b21db087b242e64,yes,include,publication-safe under automated gate,
cleanup_20260506_final_code_artifact_cleanup,prior_reviewer_artifact_snapshot/source_tables/second_generator_metrics.csv,374,cdee820e97afe2077d981d45817a8d79431cdf128e6b8d095e3a952fad8c92e1,yes,include,publication-safe under automated gate,
cleanup_20260506_final_code_artifact_cleanup,prior_reviewer_artifact_snapshot/source_tables/span_control_summary.csv,1276,703d4c44a6c0522e2b31f919d7bd7bb17914a0bee0fb9c23eb5fc8cca90e4c6a,yes,include,publication-safe under automated gate,
cleanup_20260506_final_code_artifact_cleanup,prior_reviewer_artifact_snapshot/src/__init__.py,0,e3b0c44298fc1c149afbf4c8996fb92427ae41e4649b934ca495991b7852b855,yes,include,publication-safe under automated gate,
cleanup_20260506_final_code_artifact_cleanup,prior_reviewer_artifact_snapshot/src/ablation.py,5673,1de763df84f67de8d163dc94d4e9f4d198b888010d91552bc5966ff56b56e69b,yes,include,publication-safe under automated gate,
cleanup_20260506_final_code_artifact_cleanup,prior_reviewer_artifact_snapshot/src/adaptive_chunker.py,12223,40aca5084c5d5cadfd6aa0eac1bb229c1cab2c0ca1f8d904dbc3a8018098da78,yes,include,publication-safe under automated gate,
cleanup_20260506_final_code_artifact_cleanup,prior_reviewer_artifact_snapshot/src/adversarial_cases.py,3995,9a6b5013ff760273aafd820319f2404bb83567e99a2749fc31cc9c4d9936afac,yes,include,publication-safe under automated gate,
cleanup_20260506_final_code_artifact_cleanup,prior_reviewer_artifact_snapshot/src/ccs_gate_retriever.py,6523,c6d7233325ce510bf1caf63b626f80c16e2f8eeaa0792ce85fe2cc9e2fe470d3,yes,include,publication-safe under automated gate,
cleanup_20260506_final_code_artifact_cleanup,prior_reviewer_artifact_snapshot/src/coherence_metrics.py,13685,b29c9867d3cb8a21e12106b760323348b140103cf9902562d54b0a4c72854f16,yes,include,publication-safe under automated gate,
cleanup_20260506_final_code_artifact_cleanup,prior_reviewer_artifact_snapshot/src/crag_retriever.py,8876,5e2bd42806c042c93be513c94a68f39757c5f655abe88eb620950c560fad9a74,yes,include,publication-safe under automated gate,
cleanup_20260506_final_code_artifact_cleanup,prior_reviewer_artifact_snapshot/src/data_loader.py,1407,fab6a4c5b7163854efdcf29d4ec5037a1f6e3125ecf8b0d2cee7dc4778907c99,yes,include,publication-safe under automated gate,
cleanup_20260506_final_code_artifact_cleanup,prior_reviewer_artifact_snapshot/src/dataset_loaders.py,25551,3ffda5f65adf13890b1366652857f9bc168302aa4ec3482c3d87e65f0cd9785b,yes,include,publication-safe under automated gate,
cleanup_20260506_final_code_artifact_cleanup,prior_reviewer_artifact_snapshot/src/embedders.py,7598,819a0867ae596c499fb4d03c1432af0d98ce35401aa3b0a59ab9f3e8c7e5a2a5,yes,include,publication-safe under automated gate,
cleanup_20260506_final_code_artifact_cleanup,prior_reviewer_artifact_snapshot/src/evaluator.py,3392,5afc83d1c2467bc5d1cfe4ba77ff0c6f600d6e944d99ae1c79b9f8e905f532c9,yes,include,publication-safe under automated gate,
cleanup_20260506_final_code_artifact_cleanup,prior_reviewer_artifact_snapshot/src/failure_logger.py,7463,281325f72d916d0b6be7aee723a523eafc6dfe879179dffc878df0bd1fcf72c8,yes,include,publication-safe under automated gate,
cleanup_20260506_final_code_artifact_cleanup,prior_reviewer_artifact_snapshot/src/generators.py,2769,dd4045b2e82f0bac1858f2e1c7e6ec51b65a4408166aafb8e2226ec73c8588a8,yes,include,publication-safe under automated gate,
cleanup_20260506_final_code_artifact_cleanup,prior_reviewer_artifact_snapshot/src/groq_llm.py,4895,0336e1ad206d4204d47782db0b7a4c74e6ca91c9e18c68e4e03d262020b7986d,yes,include,publication-safe under automated gate,
cleanup_20260506_final_code_artifact_cleanup,prior_reviewer_artifact_snapshot/src/hallucination_detector.py,3808,f29e352e4b02b1181450e860e284d6b560ba42e043df90eda374caa40c28ee5f,yes,include,publication-safe under automated gate,
cleanup_20260506_final_code_artifact_cleanup,prior_reviewer_artifact_snapshot/src/hcpc_retriever.py,15246,8670976d7335bd50d7eb92c09d39884bae4492d7fce9cb60ef25a053bc59a65a,yes,include,publication-safe under automated gate,
cleanup_20260506_final_code_artifact_cleanup,prior_reviewer_artifact_snapshot/src/hcpc_v2_retriever.py,23622,642df44f74524436232d67abb1de6371e050f1ed8308a9c6f104db93239c4865,yes,include,publication-safe under automated gate,
cleanup_20260506_final_code_artifact_cleanup,prior_reviewer_artifact_snapshot/src/longform_metrics.py,7322,370e1707b61cd3d66f0189c9de397379e21db233953cae16ed2adc8569a570a5,yes,include,publication-safe under automated gate,
cleanup_20260506_final_code_artifact_cleanup,prior_reviewer_artifact_snapshot/src/mechanistic.py,13358,116fe18940336be8e6e8493fff223e174b043d2aef9be8dfb8ba4cec7919f64b,yes,include,publication-safe under automated gate,
cleanup_20260506_final_code_artifact_cleanup,prior_reviewer_artifact_snapshot/src/mmr_retriever.py,4682,bee5f5db3af3920e2e4f6d28b71a9a27b7327cb5342a5d5e02c8a603f5b43726,yes,include,publication-safe under automated gate,
cleanup_20260506_final_code_artifact_cleanup,prior_reviewer_artifact_snapshot/src/pubmedqa_loader.py,1014,b17138960a9c1be97bbdc12f79230f71b5b1e0fa82c57f0ef9c02fc9ef9ca2da,yes,include,publication-safe under automated gate,
cleanup_20260506_final_code_artifact_cleanup,prior_reviewer_artifact_snapshot/src/rag_pipeline.py,7972,9d794b9b2df0089e621a05d14f624ee73ec2e432b99c423781922e4acf866ea1,yes,include,publication-safe under automated gate,
cleanup_20260506_final_code_artifact_cleanup,prior_reviewer_artifact_snapshot/src/ragas_scorer.py,3122,ed7075531170ebbd337bbeceb3e9abd37db2de1d3df9e97bf0b0151c6cf775a0,yes,include,publication-safe under automated gate,
cleanup_20260506_final_code_artifact_cleanup,prior_reviewer_artifact_snapshot/src/raptor_retriever.py,14588,37987536bebdeb1c3695c6cc49ea0c3f00672d43a34184e1e389d45ac0b12705,yes,include,publication-safe under automated gate,
cleanup_20260506_final_code_artifact_cleanup,prior_reviewer_artifact_snapshot/src/reranker.py,7786,487802a0f33daec6bb33ab6010cc9b11f9e671d80e6a45a4f18d79c37a20c86a,yes,include,publication-safe under automated gate,
cleanup_20260506_final_code_artifact_cleanup,prior_reviewer_artifact_snapshot/src/retrieval_metrics.py,3359,9d4a9f47fb6781a1aeca8c84921c3fabf9f11733ca843cb541e3f9ef5a90bea6,yes,include,publication-safe under automated gate,
cleanup_20260506_final_code_artifact_cleanup,prior_reviewer_artifact_snapshot/src/together_llm.py,2191,9553b2d457661062b287227e6872026db3859cfe4a77dec7e056d1ff7ed3500c,yes,include,publication-safe under automated gate,
cleanup_20260506_final_code_artifact_cleanup,prior_reviewer_artifact_snapshot/src/vectara_hem_scorer.py,3319,1def6db4c5e5c51e96ef4c3c59579ff81b801a3abd0daf92ad08c72d8a145853,yes,include,publication-safe under automated gate,
cleanup_20260506_final_code_artifact_cleanup,prior_reviewer_artifact_snapshot/tests/conftest.py,1522,f950a12c794c6e15f7b5ecb8182241513f6c2aa156e7c1517097c3b1239d692c,yes,include,publication-safe under automated gate,
cleanup_20260506_final_code_artifact_cleanup,prior_reviewer_artifact_snapshot/tests/test_ccs.py,3823,936814084204edb17fda40477ba6cd70a1cd49f63e2f4782440ff1a3936bd60a,yes,include,publication-safe under automated gate,
cleanup_20260506_final_code_artifact_cleanup,root_before_cleanup/.DS_Store,8196,c847e302c3d512c3b206dc08d2dd7ce3bbbc56e77a27acd29263128c1192aa8b,no,exclude,operating-system metadata,
cleanup_20260506_final_code_artifact_cleanup,root_before_cleanup/.github/workflows/ci.yml,729,3a02b69c22078e8fed8faf8cf35d0c7f86f755ffe05d6480f48f7751eb34249a,yes,include,publication-safe under automated gate,
cleanup_20260506_final_code_artifact_cleanup,root_before_cleanup/data/.DS_Store,6148,4ded644bd9af0a0a588dc259977b038eace58e4ef7a08caa6c9d737b2b4dbaef,no,exclude,operating-system metadata,
cleanup_20260506_final_code_artifact_cleanup,root_before_cleanup/data/adversarial/README.md,2564,30d041d1f70d2b3a43d7b00fcced2a1a2717ffcb58609072327ffcaec1e158af,yes,include,publication-safe under automated gate,
cleanup_20260506_final_code_artifact_cleanup,root_before_cleanup/data/adversarial/_rejected.jsonl,29947,fb51eb203d27aa99c1adc4a9448f5c0a79aceef1790c3facf014458153e54d7d,yes,include,publication-safe under automated gate,
cleanup_20260506_final_code_artifact_cleanup,root_before_cleanup/data/adversarial/contradict.jsonl,16366,a8119d9f27f96b952d8a01cd992f599d38c90c2669b93ee966bbf9b99e67f6df,yes,include,publication-safe under automated gate,
cleanup_20260506_final_code_artifact_cleanup,root_before_cleanup/data/adversarial/control.jsonl,35782,deeb0dc7092e2ba646b18badc0ae5b984463bec49c5c7b6d962445fe68d754dd,yes,include,publication-safe under automated gate,
cleanup_20260506_final_code_artifact_cleanup,root_before_cleanup/data/adversarial/disjoint.jsonl,45355,abdf94e13c8c6430f7760350542c0c31dbaa69507f5f3f6b34cdfda3a10b5e75,yes,include,publication-safe under automated gate,
cleanup_20260506_final_code_artifact_cleanup,root_before_cleanup/data/adversarial/drift.jsonl,57006,c1f3c64e333b996fcc0d534425eb67cbc63ae644517389078f2514f814148003,yes,include,publication-safe under automated gate,
cleanup_20260506_final_code_artifact_cleanup,root_before_cleanup/data/benchmark/README.md,2430,871e88a71153ad814f600c9ebbb37e1defdf2ef6efb735b4a862f33bd333b8af,yes,include,publication-safe under automated gate,
cleanup_20260506_final_code_artifact_cleanup,root_before_cleanup/data/revision/.DS_Store,8196,bf027bdde573c7769af154614593e253d4ad2f3f66aa6529833402ba4a18c1f0,no,exclude,operating-system metadata,
cleanup_20260506_final_code_artifact_cleanup,root_before_cleanup/data/revision/fix_01/COLUMNS.md,2472,60d8011fcf4da41932baa8b01177aa32d387fe68b353e8a5040436a0c9a1186c,yes,include,publication-safe under automated gate,
cleanup_20260506_final_code_artifact_cleanup,root_before_cleanup/data/revision/fix_01/matched_pairs.csv,787295,32af690246d64222a9b75c03ea8009d7d12aa2ef9d243ff967d2911400f709fc,yes,include,publication-safe under automated gate,
cleanup_20260506_final_code_artifact_cleanup,root_before_cleanup/data/revision/fix_01/per_query.csv,158166,d8666081a1833c21263e0a5c87074a2f4a4db8d3d095c5ec18a367f5c99c2a99,yes,include,publication-safe under automated gate,
cleanup_20260506_final_code_artifact_cleanup,root_before_cleanup/data/revision/fix_01/per_query_construct_only.csv,817264,3f7b4168543515590d3f6acd607520d5b2726afc0bdf3b1c58ea045546380ac5,yes,include,publication-safe under automated gate,
cleanup_20260506_final_code_artifact_cleanup,root_before_cleanup/data/revision/fix_01/skipped_queries.csv,49,18d7189b5155de27139ea0730823a6aaba69c79578cde94b7e94b9c4d93883c5,yes,include,publication-safe under automated gate,
cleanup_20260506_final_code_artifact_cleanup,root_before_cleanup/data/revision/fix_02/COLUMNS.md,569,978592b41adccf4ca1275c4c4fae6d5fc8b42b0f1620e8b3fd41c549034052c5,yes,include,publication-safe under automated gate,
cleanup_20260506_final_code_artifact_cleanup,root_before_cleanup/data/revision/fix_02/per_query.csv,12601325,bd6a0b8aac42c695c502c14c64748fd9ed4ae37d7e67d87d80ffb62f474d469e,yes,include,publication-safe under automated gate,
cleanup_20260506_final_code_artifact_cleanup,root_before_cleanup/data/revision/fix_02/per_query_gpu0.csv,2511775,9f08d59e7eef71d05adb8fd271a246d753f03f300cf7430be92df8de8cf9d9ab,yes,include,publication-safe under automated gate,
cleanup_20260506_final_code_artifact_cleanup,root_before_cleanup/data/revision/fix_02/per_query_gpu1.csv,5048788,debac7dfd0beaadea1d263eb9847666a13cd55df99aaea15229f046c8f54ad10,yes,include,publication-safe under automated gate,
cleanup_20260506_final_code_artifact_cleanup,root_before_cleanup/data/revision/fix_02/squad_seed41_partial_gpu0.csv,2510156,d0fb9db372190408b1b5771b2ee0b29d9f22286b265fc14f9ad3e4f90bdc5b0c,yes,include,publication-safe under automated gate,
cleanup_20260506_final_code_artifact_cleanup,root_before_cleanup/data/revision/fix_02/squad_seed42_partial_gpu0.csv,2531080,811023aa6232f43a1b5134b1c369917134d8b129eaff0ed4b0b51bd3f67049d5,yes,include,publication-safe under automated gate,
cleanup_20260506_final_code_artifact_cleanup,root_before_cleanup/data/revision/fix_02/squad_seed43_partial_gpu0.csv,2511775,9f08d59e7eef71d05adb8fd271a246d753f03f300cf7430be92df8de8cf9d9ab,yes,include,publication-safe under automated gate,
cleanup_20260506_final_code_artifact_cleanup,root_before_cleanup/data/revision/fix_02/squad_seed44_partial_gpu1.csv,2505661,f2ffb489f88c6439b123eb3e9ce5dba8c9bfe8c029dd96b26de6975b14683dcc,yes,include,publication-safe under automated gate,
cleanup_20260506_final_code_artifact_cleanup,root_before_cleanup/data/revision/fix_02/squad_seed45_partial_gpu1.csv,2543285,083e01a140441509fd1c4e2449bf1bddbc8ba54f7ff62dd4306bfabf39b1d2d3,yes,include,publication-safe under automated gate,
cleanup_20260506_final_code_artifact_cleanup,root_before_cleanup/data/revision/fix_03/COLUMNS.md,454,d75922c0a12adff06588db010c755bd8e5802f28667875711640f1423b96ab1f,yes,include,publication-safe under automated gate,
cleanup_20260506_final_code_artifact_cleanup,root_before_cleanup/data/revision/fix_03/HUMAN_EVAL_INSTRUCTIONS.md,1855,3394c3c073b6f9dedfed2468ca2fe1456a6c7699adeecf0059bcc74bfbc5d402,yes,include,publication-safe under automated gate,
cleanup_20260506_final_code_artifact_cleanup,root_before_cleanup/data/revision/fix_03/human_eval_adjudicated.csv,165619,872b89ca3896769e82c8addc819b2d11c869458927ecb4f816dbda4b0317b4f4,yes,include,publication-safe under automated gate,
cleanup_20260506_final_code_artifact_cleanup,root_before_cleanup/data/revision/fix_03/human_eval_n99_with_context.csv,156850,20abee130659119221410090c91f80e63d4fabeb4ee3dcbd278b3108a80ad649,yes,include,publication-safe under automated gate,
cleanup_20260506_final_code_artifact_cleanup,root_before_cleanup/data/revision/fix_03/human_eval_rater_a.csv,162811,67e5f61a2aa906d6592be2d13f70e8d197dda6817059fe289e6390cedd92cbb1,yes,include,publication-safe under automated gate,
cleanup_20260506_final_code_artifact_cleanup,root_before_cleanup/data/revision/fix_03/human_eval_rater_b.csv,163404,c163cb8ebe9c2793ce390b657cc093b591ea6d7ed9873c5c950b1636e907d65a,yes,include,publication-safe under automated gate,
cleanup_20260506_final_code_artifact_cleanup,root_before_cleanup/data/revision/fix_03/human_eval_template.jsonl,178627,d1d94fa4257d42d0409b6ea8ec344ff09f8146ba33425347771070f0cecbb574,yes,include,publication-safe under automated gate,
cleanup_20260506_final_code_artifact_cleanup,root_before_cleanup/data/revision/fix_03/per_query.csv,13965462,f046d7646c68fb50084781ad8cee962991b45b9f292714a50d2f4570d5c07859,yes,include,publication-safe under automated gate,
cleanup_20260506_final_code_artifact_cleanup,root_before_cleanup/data/revision/fix_03/per_query_partial.csv,13965462,f046d7646c68fb50084781ad8cee962991b45b9f292714a50d2f4570d5c07859,yes,include,publication-safe under automated gate,
cleanup_20260506_final_code_artifact_cleanup,root_before_cleanup/data/revision/fix_04/hotpotqa_tau0.3_partial.csv,45906,d5253a87114567f7e8c13cfc50c355aef9731a7249e14fc7e7ed8e74c7111de8,yes,include,publication-safe under automated gate,
cleanup_20260506_final_code_artifact_cleanup,root_before_cleanup/data/revision/fix_04/hotpotqa_tau0.4_partial.csv,45890,5bfcf4ed5cbd840edac262325f65c7ae285ae78d533ae6bb18d25febd2dfda29,yes,include,publication-safe under automated gate,
cleanup_20260506_final_code_artifact_cleanup,root_before_cleanup/data/revision/fix_04/hotpotqa_tau0.5_partial.csv,45878,2a389f54a3358c995533afbf5b1a9fccb73f6e17c62ee8456e9524d3add4f656,yes,include,publication-safe under automated gate,
cleanup_20260506_final_code_artifact_cleanup,root_before_cleanup/data/revision/fix_04/hotpotqa_tau0.6_partial.csv,45867,5d6bf52a1f610d07dfdb7637b2be2a603903c5db23e024815b7e6ee19e9a1828,yes,include,publication-safe under automated gate,
cleanup_20260506_final_code_artifact_cleanup,root_before_cleanup/data/revision/fix_04/hotpotqa_tau0.7_partial.csv,45862,d6584c92f1143913f58d5733e057399b0468291ab7e7b90123ee59ce994ad8c1,yes,include,publication-safe under automated gate,
cleanup_20260506_final_code_artifact_cleanup,root_before_cleanup/data/revision/fix_04/naturalqs_tau0.3_partial.csv,37692,eac55daf2c01306b296c73327f66c76781ea6bb6a06bb60d5ddfc7d4af925794,yes,include,publication-safe under automated gate,
cleanup_20260506_final_code_artifact_cleanup,root_before_cleanup/data/revision/fix_04/naturalqs_tau0.4_partial.csv,37684,c72a4696662c32fd0bfd78ee8b2555fde2e920504c34e06b517a174cf58e16ad,yes,include,publication-safe under automated gate,
cleanup_20260506_final_code_artifact_cleanup,root_before_cleanup/data/revision/fix_04/naturalqs_tau0.5_partial.csv,37674,b5d396fc96f75be5158cc90d7e2565a896946f0e8fa8d381bfdf263f7961af3c,yes,include,publication-safe under automated gate,
cleanup_20260506_final_code_artifact_cleanup,root_before_cleanup/data/revision/fix_04/naturalqs_tau0.6_partial.csv,37648,ee24f632911b172e3e4d2f66bd0eddf6bd5eb707181ba273f10349d54a5603e5,yes,include,publication-safe under automated gate,
cleanup_20260506_final_code_artifact_cleanup,root_before_cleanup/data/revision/fix_04/naturalqs_tau0.7_partial.csv,37614,f841584eb552a5ec2ddff0d6d0f5824afa5fcbc8cf8ce9e91661f85a2a26aae6,yes,include,publication-safe under automated gate,
cleanup_20260506_final_code_artifact_cleanup,root_before_cleanup/data/revision/fix_04/per_query.csv,1462171,d72b14793e6389bbe2b291a35aa351c7cfbc36f57f1d4feea8d15c83d1f431df,yes,include,publication-safe under automated gate,
cleanup_20260506_final_code_artifact_cleanup,root_before_cleanup/data/revision/fix_04/pubmedqa_tau0.3_partial.csv,133499,9f1e16a3f53055b2e32a433f273b20d3f95528d1240d2ea7c00672d0d132bc41,yes,include,publication-safe under automated gate,
cleanup_20260506_final_code_artifact_cleanup,root_before_cleanup/data/revision/fix_04/pubmedqa_tau0.4_partial.csv,133464,73afa9684bfafbb2ce66ac3a58c790a08b3c1af8492a9744024cf174fa5d3019,yes,include,publication-safe under automated gate,
cleanup_20260506_final_code_artifact_cleanup,root_before_cleanup/data/revision/fix_04/pubmedqa_tau0.5_partial.csv,133450,8b22fd3b167821c203e9eb42e9771741bfd1c4e2f891d608bd1d5f8b6560a2bc,yes,include,publication-safe under automated gate,
cleanup_20260506_final_code_artifact_cleanup,root_before_cleanup/data/revision/fix_04/pubmedqa_tau0.6_partial.csv,133444,041d6d296a2906925894aeefbba72064f793328ddc30379f269d8cb514b9877d,yes,include,publication-safe under automated gate,
cleanup_20260506_final_code_artifact_cleanup,root_before_cleanup/data/revision/fix_04/pubmedqa_tau0.7_partial.csv,133442,e6dca52c1df2a5b3a03c5657daa3dc7eebdd5e0b9e14be69c37571737d04fe68,yes,include,publication-safe under automated gate,
cleanup_20260506_final_code_artifact_cleanup,root_before_cleanup/data/revision/fix_04/squad_tau0.3_partial.csv,33600,8a4df1668a929220bbe6cad75f9ffcacaf85cdd8845abf65e9bf48479364202a,yes,include,publication-safe under automated gate,
cleanup_20260506_final_code_artifact_cleanup,root_before_cleanup/data/revision/fix_04/squad_tau0.4_partial.csv,33587,201b7bf97b3e4d96195c6883d459d7be03aab3f90494df479e16a69ddbe58f59,yes,include,publication-safe under automated gate,
cleanup_20260506_final_code_artifact_cleanup,root_before_cleanup/data/revision/fix_04/squad_tau0.5_partial.csv,33572,9f3458890583b41a9752b59dba2be83d0d85bc07a0391efd1a19bc30fa322e80,yes,include,publication-safe under automated gate,
cleanup_20260506_final_code_artifact_cleanup,root_before_cleanup/data/revision/fix_04/squad_tau0.6_partial.csv,33550,88ac9877ca6677a4afd91ff7dfca0c2e682fbdf6e2fc6710b4919929b4842707,yes,include,publication-safe under automated gate,
cleanup_20260506_final_code_artifact_cleanup,root_before_cleanup/data/revision/fix_04/squad_tau0.7_partial.csv,33533,e9e4499d3599962f60e62d025bbc98cd650d1094d9daf7ef21c6957185de4799,yes,include,publication-safe under automated gate,
cleanup_20260506_final_code_artifact_cleanup,root_before_cleanup/data/revision/fix_04/triviaqa_tau0.3_partial.csv,42372,add60ea7fa6810bfe6bb402ba9f64ef66dbb7b9fd9682a31a6d6d3389afe9597,yes,include,publication-safe under automated gate,
cleanup_20260506_final_code_artifact_cleanup,root_before_cleanup/data/revision/fix_04/triviaqa_tau0.4_partial.csv,42362,a98554b29a46b44dfb97a020ff75962bb65e9e19894190a53ad05624cea5c0f0,yes,include,publication-safe under automated gate,
cleanup_20260506_final_code_artifact_cleanup,root_before_cleanup/data/revision/fix_04/triviaqa_tau0.5_partial.csv,42348,194228f8538eacb1a731347baa9a7d2ede8b58cdac1041daaf3024ebd2829339,yes,include,publication-safe under automated gate,
cleanup_20260506_final_code_artifact_cleanup,root_before_cleanup/data/revision/fix_04/triviaqa_tau0.6_partial.csv,42315,bd3f71d8f195afb38d8380b622067014f75c3015fc27710e314e108b536c5665,yes,include,publication-safe under automated gate,
cleanup_20260506_final_code_artifact_cleanup,root_before_cleanup/data/revision/fix_04/triviaqa_tau0.7_partial.csv,42294,f33489f781b570441b930cf1c2555c9255ce90497498650089e567508b7fcdbb,yes,include,publication-safe under automated gate,
cleanup_20260506_final_code_artifact_cleanup,root_before_cleanup/data/revision/fix_05/per_query.csv,3028361,b74b3bdfbf4a2d6855eba395f31805e0154a51315353fddac37d6d284ef6dbba,yes,include,publication-safe under automated gate,
cleanup_20260506_final_code_artifact_cleanup,root_before_cleanup/data/revision/fix_05/per_query_partial.csv,3028361,b74b3bdfbf4a2d6855eba395f31805e0154a51315353fddac37d6d284ef6dbba,yes,include,publication-safe under automated gate,
cleanup_20260506_final_code_artifact_cleanup,root_before_cleanup/data/revision/fix_06/per_query.csv,375150,feafac8c1eedbd69768762af5a46b43902f2a5bc4a5fb7da5f746f61ca6c3f89,yes,include,publication-safe under automated gate,
cleanup_20260506_final_code_artifact_cleanup,root_before_cleanup/data/revision/fix_06/per_query_compact.csv,60148,21f9d0c97c80c964ffc4ae42916df5a09898e862e332bddcd0779f1161fe1962,yes,include,publication-safe under automated gate,
cleanup_20260506_final_code_artifact_cleanup,root_before_cleanup/data/revision/fix_06/per_query_hotpotqa_partial.csv,221102,e8a33961f8a6ba1ed2d3be34346cbebdaad9963c7f6aca1a70febbf601304d79,yes,include,publication-safe under automated gate,
cleanup_20260506_final_code_artifact_cleanup,root_before_cleanup/data/revision/fix_06/per_query_squad_partial.csv,154244,788455d387019667c3bb67bec6a653f5c0258cb77ee09799428a167c9b7eac00,yes,include,publication-safe under automated gate,
cleanup_20260506_final_code_artifact_cleanup,root_before_cleanup/data/revision/fix_09/input_copy.csv,22117,f89b149b815c235ce00d3dddd60570f6f2f964f3ac6d0778c791a331cd2f9bd8,yes,include,publication-safe under automated gate,
cleanup_20260506_final_code_artifact_cleanup,root_before_cleanup/data/revision/fix_11/per_query.csv,72442,c9ad8baee4a4a20bdb2cf8f3501c03462e116d6571d15edf82e1b273ff6c3240,yes,include,publication-safe under automated gate,
cleanup_20260506_final_code_artifact_cleanup,root_before_cleanup/data/revision/fix_11/per_query_hotpotqa_partial.csv,16899,6a7083655e1eada14f001bf81e25c673ea763f30b070e9991806f14695c41399,yes,include,publication-safe under automated gate,
cleanup_20260506_final_code_artifact_cleanup,root_before_cleanup/data/revision/fix_11/per_query_pubmedqa_partial.csv,44436,2e12ea417b150127add0c5f4394498a4d8d99f2df5e86a1fe6c908487d466bd6,yes,include,publication-safe under automated gate,
cleanup_20260506_final_code_artifact_cleanup,root_before_cleanup/data/revision/fix_11/per_query_squad_partial.csv,11461,68498a9c16b2d151692056b3e9b40f9bd2f00d0f21fe65abc82e126ac276bc14,yes,include,publication-safe under automated gate,
cleanup_20260506_final_code_artifact_cleanup,root_before_cleanup/data/revision/fix_12/span_control_rows.csv,888260,f281fd4c7d90885cc80f51af8f86b536fdc0749213a53e05f7a1f202551586ce,yes,include,publication-safe under automated gate,
cleanup_20260506_final_code_artifact_cleanup,root_before_cleanup/data/revision/fix_13/matched_context_reencoded.csv,204533,9bedc34a9bb20735ecf50fb64c7c4951ae219fd2366952701ecb9a83e1c0423f,yes,include,publication-safe under automated gate,
cleanup_20260506_final_code_artifact_cleanup,root_before_cleanup/data/revision/fix_13/scaled_paradox_input_copy.csv,886,c10e773692bea1608e5ebdc1191404915949a2982d04e13494caa8a7a3ae7345,yes,include,publication-safe under automated gate,
cleanup_20260506_final_code_artifact_cleanup,root_before_cleanup/data/revision/fix_14/second_generator_per_query.csv,536994,7235ec54f6ee57a4a22e611b2e8f6a6ddc9cf3f0ed8540ad327c3c190e234c84,yes,include,publication-safe under automated gate,
cleanup_20260506_final_code_artifact_cleanup,root_before_cleanup/data/revision/fix_14/second_generator_sample_manifest.csv,489507,c255bf141219f376b4bcede629146ed53184db1766f78d0e63c66b30cbcd9c07,yes,include,publication-safe under automated gate,
cleanup_20260506_final_code_artifact_cleanup,root_before_cleanup/data/revision/fix_15/longform_stress_per_query.csv,64740,eafc34ae6ca91e5babe9075c4050f6f8dd140d7b6e5c52bea16760f7fbcf9b64,yes,include,publication-safe under automated gate,
cleanup_20260506_final_code_artifact_cleanup,root_before_cleanup/experiments/analyze_human_eval.py,4961,572ce40b888df1624156b800c73955c92b8e157e1ea931f2e74db8cea4f2317b,yes,include,publication-safe under automated gate,
cleanup_20260506_final_code_artifact_cleanup,root_before_cleanup/experiments/analyze_prolific_results.py,9300,e3f8ea01549ce373a4b6816231a7180fefbdbc6c71d7d1fd2332c985a509c5da,yes,include,publication-safe under automated gate,
cleanup_20260506_final_code_artifact_cleanup,root_before_cleanup/experiments/build_human_eval_samples.py,7879,e3040994caab434ee3619d544e90ff0bd135855c0be31e6cf79fb857eded6150,yes,include,publication-safe under automated gate,
cleanup_20260506_final_code_artifact_cleanup,root_before_cleanup/experiments/fix_01_causal_matched_pairs.py,37811,625cb386d70c05d027c2f7137a66870aaeae59cb61ff2089648d1e3c24b69fa4,yes,include,publication-safe under automated gate,
cleanup_20260506_final_code_artifact_cleanup,root_before_cleanup/experiments/fix_02_scaled_headline_n500.py,12874,94f28324a7f60fb6705074e76759c1664e28e4e13a9de5476b2bd471b35ebfa4,yes,include,publication-safe under automated gate,
cleanup_20260506_final_code_artifact_cleanup,root_before_cleanup/experiments/fix_03_multimetric_faithfulness.py,9358,3d895d2046e0c50f821d28dd4d07f0b555e2e199490cdfaf3305aeb9d5e22eb6,yes,include,publication-safe under automated gate,
cleanup_20260506_final_code_artifact_cleanup,root_before_cleanup/experiments/fix_04_tau_generalization.py,8969,a7118cc7323c9e3614bdfc80569b33b7b28904bfccec5046d54133abc0d9e9c3,yes,include,publication-safe under automated gate,
cleanup_20260506_final_code_artifact_cleanup,root_before_cleanup/experiments/fix_05_coherence_preserving_noise.py,8316,9cd425dfc1ee6638dfd7973c89bef3d150c9b871337e927679909d737c88b8ca,yes,include,publication-safe under automated gate,
cleanup_20260506_final_code_artifact_cleanup,root_before_cleanup/experiments/fix_06_baseline_h2h_pareto.py,8869,392496ce51162469b39988bc5998ac65603a41cdd1217e56a699a7d5e8e646b1,yes,include,publication-safe under automated gate,
cleanup_20260506_final_code_artifact_cleanup,root_before_cleanup/experiments/fix_07_together_70b_reproduction.py,4309,22d549e83b9da226b4387c9c323774bfa1dbd43fa75bf962dc2c133e8af35ff5,yes,include,publication-safe under automated gate,
cleanup_20260506_final_code_artifact_cleanup,root_before_cleanup/experiments/fix_09_partial_correlations.py,3401,100bed354100214d1e81b73ae94131ca688127e9d8a386bb2ba5793170fdd8b6,yes,include,publication-safe under automated gate,
cleanup_20260506_final_code_artifact_cleanup,root_before_cleanup/experiments/fix_11_raptor_full_table.py,6027,47012e15347ad80d4d15661ed7561525eb684c3110e3dc2399c1db8966159441,yes,include,publication-safe under automated gate,
cleanup_20260506_final_code_artifact_cleanup,root_before_cleanup/experiments/fix_12_answer_span_diagnostic.py,14406,74836fb00d57aaac8bdc4260f30e1ed1237207ba98527c7a5fb2e59ee73aafd7,yes,include,publication-safe under automated gate,
cleanup_20260506_final_code_artifact_cleanup,root_before_cleanup/experiments/fix_13_retriever_sanity.py,11844,0e153d7c0f3f85f489fd07b89a9c5c1d56e874230913a925275be55f572a2900,yes,include,publication-safe under automated gate,
cleanup_20260506_final_code_artifact_cleanup,root_before_cleanup/experiments/fix_14_second_generator_metric_fragility.py,12730,86d9f421cb61f378f6c57850fe75eab2683a51a894e55a4b24715afcd7bf1582,yes,include,publication-safe under automated gate,
cleanup_20260506_final_code_artifact_cleanup,root_before_cleanup/experiments/fix_15_longform_stress.py,4910,8cdfd9143e6275140370226e5bc2fcc3cd2e2d36e317c350db5f0431352d33cf,yes,include,publication-safe under automated gate,
cleanup_20260506_final_code_artifact_cleanup,root_before_cleanup/experiments/generate_adversarial_cases.py,15028,ea914fad2b5cf05a2ec641e139d021b0f1263e455b149fed48a0e057645c15e7,yes,include,publication-safe under automated gate,
cleanup_20260506_final_code_artifact_cleanup,root_before_cleanup/experiments/revision_utils.py,2953,431614b4254219619141078ea252f1f71adaf7ee7cb4486636ab0487b31f88db,yes,include,publication-safe under automated gate,
cleanup_20260506_final_code_artifact_cleanup,root_before_cleanup/experiments/run_adaptive_chunking_ablation.py,16371,5d4e2cd15ee652181af4727d9c2eb3d9c4556da41a6f541af28f398b6c6f7b00,yes,include,publication-safe under automated gate,
cleanup_20260506_final_code_artifact_cleanup,root_before_cleanup/experiments/run_adversarial_coherence.py,11949,ec764d1386be2ba23bd0f0af081369ec7bfedb20978c80eb6ada8942a17dab69,yes,include,publication-safe under automated gate,
cleanup_20260506_final_code_artifact_cleanup,root_before_cleanup/experiments/run_ccs_alternatives.py,13220,19340ca047f0fdd0ec9079a29df96242962c730131a1da50f94670d40b01cf1b,yes,include,publication-safe under automated gate,
cleanup_20260506_final_code_artifact_cleanup,root_before_cleanup/experiments/run_coherence_analysis.py,12792,186b7457f92aa9a58adbbaab84aa2967e2a33421f476651f8dd63006cf06d873,yes,include,publication-safe under automated gate,
cleanup_20260506_final_code_artifact_cleanup,root_before_cleanup/experiments/run_confidence_calibration.py,9355,6ed28fe91dbc6743a5ef9c39e0f83be599b1ea434fbe1cf7cc5a49d31751c9b4,yes,include,publication-safe under automated gate,
cleanup_20260506_final_code_artifact_cleanup,root_before_cleanup/experiments/run_crag_baseline.py,9201,a1219d74073bd89e0f9b4a8b3db9451145ea5e1bbdc01aee41e1f8357e881cd5,yes,include,publication-safe under automated gate,
cleanup_20260506_final_code_artifact_cleanup,root_before_cleanup/experiments/run_crossencoder_sensitivity.py,7432,651196aa54f71f2e144c6ebe58d89cac6d404698872babd3b51de2a58fc5b5f8,yes,include,publication-safe under automated gate,
cleanup_20260506_final_code_artifact_cleanup,root_before_cleanup/experiments/run_frontier_scale.py,13431,6e4cfc89ce174e2587d8d15bf0354d88a4d4f1113fbdf1d79cd1b0683ea05915,yes,include,publication-safe under automated gate,
cleanup_20260506_final_code_artifact_cleanup,root_before_cleanup/experiments/run_hcpc_ablation.py,18502,28fa0d855e54cbc3bc583fc75c2e614094df764c6ce493c8997f3d71ad413053,yes,include,publication-safe under automated gate,
cleanup_20260506_final_code_artifact_cleanup,root_before_cleanup/experiments/run_hcpc_v2_ablation.py,25905,44ad32fa752595a1c6c3602485dc9023e824f8c7874da85662870f125a38686c,yes,include,publication-safe under automated gate,
cleanup_20260506_final_code_artifact_cleanup,root_before_cleanup/experiments/run_headtohead_comparison.py,9759,9ac57b39d033d9afb0ddbb1a810f6b8934dafba7a43049826a1bb4743616b413,yes,include,publication-safe under automated gate,
cleanup_20260506_final_code_artifact_cleanup,root_before_cleanup/experiments/run_latency_analysis.py,5072,06bf73c8b5ec9cf4850754c909969bd280ae024419ff44636a0b9942dfe6addd,yes,include,publication-safe under automated gate,
cleanup_20260506_final_code_artifact_cleanup,root_before_cleanup/experiments/run_longform_eval.py,13325,072a2d5cae37b0c20e5766d7b8996b23c300665ddfe21b5891f4321e597eebe1,yes,include,publication-safe under automated gate,
cleanup_20260506_final_code_artifact_cleanup,root_before_cleanup/experiments/run_mechanistic_analysis.py,10854,4323efb10cd31d0289ffc80b851e401c0c731ad71272f5bfd6af4252b8ecbf3b,yes,include,publication-safe under automated gate,
cleanup_20260506_final_code_artifact_cleanup,root_before_cleanup/experiments/run_mmr_baseline.py,8689,f6f099da12ddb49b9ce638ef0492cd58c5c1ee5cec04391a5ea3dbf9194cf6a0,yes,include,publication-safe under automated gate,
cleanup_20260506_final_code_artifact_cleanup,root_before_cleanup/experiments/run_multi_retriever_ablation.py,13996,6383a846bcb024a04af2dbf4262d0b10b06f6ae131cc6e2f75bd3f169a26822f,yes,include,publication-safe under automated gate,
cleanup_20260506_final_code_artifact_cleanup,root_before_cleanup/experiments/run_multidataset_validation.py,10152,b1119f2ebbe76f9d9fca18efc3d9f26198c9ccc65062242f731f400e6f9c220d,yes,include,publication-safe under automated gate,
cleanup_20260506_final_code_artifact_cleanup,root_before_cleanup/experiments/run_multimodel_ablation.py,5641,ecf3ac645bfcd056e298e549fe95748083870e8a5048ecc94e43fc0414232d8d,yes,include,publication-safe under automated gate,
cleanup_20260506_final_code_artifact_cleanup,root_before_cleanup/experiments/run_multiseed_variance.py,13909,39c0715ca0a3f81e3eb98e4ef4bad1f89ac65f329678d79073912a6f4d7bcc9a,yes,include,publication-safe under automated gate,
cleanup_20260506_final_code_artifact_cleanup,root_before_cleanup/experiments/run_noise_injection_ablation.py,11692,3a053e6ac7e26ceda30a21b04d261c33dea0a1c01b25bd90113022ee2a83cebb,yes,include,publication-safe under automated gate,
cleanup_20260506_final_code_artifact_cleanup,root_before_cleanup/experiments/run_prompt_template_ablation.py,15454,f8a2d7ba20ba8b5b23565d9252534fc17c6a031e3a6f50fd11070c586e545fec,yes,include,publication-safe under automated gate,
cleanup_20260506_final_code_artifact_cleanup,root_before_cleanup/experiments/run_pubmedqa_ablation.py,2589,3b1fe8bea946bcc9d09873815fd8aa46d794b7e3129812baefbf0e10b8e2fd64,yes,include,publication-safe under automated gate,
cleanup_20260506_final_code_artifact_cleanup,root_before_cleanup/experiments/run_qualitative_analysis.py,2199,409bef862e1a2e444fa4b5ce3c661b48bb8b6bccb84c65c773a0085b7ab6ed36,yes,include,publication-safe under automated gate,
cleanup_20260506_final_code_artifact_cleanup,root_before_cleanup/experiments/run_quantization_sensitivity.py,8984,3b8fa9ee440edbd16f0f95d0a5e7fb9dac7c7f5b5e88081a8839dbc2016b091d,yes,include,publication-safe under automated gate,
cleanup_20260506_final_code_artifact_cleanup,root_before_cleanup/experiments/run_raptor_ablation.py,9792,3b844b6cecfc99ac0974991d1d45600d1c722b0af86212ea5f6a8895e17f5070,yes,include,publication-safe under automated gate,
cleanup_20260506_final_code_artifact_cleanup,root_before_cleanup/experiments/run_reranker_ablation.py,6639,7357ca50e43a12225157e42bab002f86e64fde1adde5f52d21c6ed2c643b812a,yes,include,publication-safe under automated gate,
cleanup_20260506_final_code_artifact_cleanup,root_before_cleanup/experiments/run_reranker_experiment.py,18263,d26a1bb7df396a29382ac675cba977a2ec527a541fb7d5749b7a3f850dc3f8b7,yes,include,publication-safe under automated gate,
cleanup_20260506_final_code_artifact_cleanup,root_before_cleanup/experiments/run_scaled_headline.py,10862,ddaf0fa612ecbd8c4928ee5ec08dc241070df74e73359e229201b79ea2d261db,yes,include,publication-safe under automated gate,
cleanup_20260506_final_code_artifact_cleanup,root_before_cleanup/experiments/run_significance_tests.py,3244,007db36a3788f750ce3871d65a87fb6ea7e1a2282702f60d55b4a0d5f5ea92d5,yes,include,publication-safe under automated gate,
cleanup_20260506_final_code_artifact_cleanup,root_before_cleanup/experiments/run_subchunk_sensitivity.py,9915,e96fa814857fc817532f41c438e0f66788c6442aec2999370c91929529e17a9a,yes,include,publication-safe under automated gate,
cleanup_20260506_final_code_artifact_cleanup,root_before_cleanup/experiments/run_synthetic_causal.py,16081,70c8a2686e623db60afad54d1c818c587774c48340876be2335b2a62b037b820,yes,include,publication-safe under automated gate,
cleanup_20260506_final_code_artifact_cleanup,root_before_cleanup/experiments/run_temperature_sensitivity.py,8745,5599ce2b97f20561a4174ed7d97ff40b8139887f9278210f74be0543cdcbc413,yes,include,publication-safe under automated gate,
cleanup_20260506_final_code_artifact_cleanup,root_before_cleanup/experiments/run_threshold_sensitivity.py,4503,ea09154bb7adfad2123380df543f43df9f38f35a764c95a60d1d9a8ef2964dc1,yes,include,publication-safe under automated gate,
cleanup_20260506_final_code_artifact_cleanup,root_before_cleanup/experiments/run_topk_sensitivity.py,10557,2fb44599bccea8be738788e9102509e4588e9c65f0dd4eda4cd0a6e8ce68fcf9,yes,include,publication-safe under automated gate,
cleanup_20260506_final_code_artifact_cleanup,root_before_cleanup/experiments/run_zeroshot_baseline.py,3738,0bf4332d967baae58fc804cdb14d23da0c518461f310fc3d9a6d40cce88c92fa,yes,include,publication-safe under automated gate,
cleanup_20260506_final_code_artifact_cleanup,root_before_cleanup/experiments/train_mech_classifier.py,11062,dcc01b0971c6dbe0c2ebf75ea1346717bde374006c5180684425409317d0dc9a,yes,include,publication-safe under automated gate,
cleanup_20260506_final_code_artifact_cleanup,root_before_cleanup/human_eval/.DS_Store,6148,012bca84d011530aebeffefdf671436146f8a3846c07503398e71ce23eb09e60,no,exclude,operating-system metadata,
cleanup_20260506_final_code_artifact_cleanup,root_before_cleanup/human_eval/n100_disagreement/annotation_batch_disagreement_100.csv,171192,83ac395bdce120c3b8def310e410191fb2969942d6796dd57dc48dd3dc5643b8,yes,include,publication-safe under automated gate,
cleanup_20260506_final_code_artifact_cleanup,root_before_cleanup/human_eval/n100_disagreement/annotation_batch_disagreement_PREANNOTATION.csv,165465,443933634f14a7b1d2383ff97b9cc67898c99d84b498fe4e773386ffea3eafd8,yes,include,publication-safe under automated gate,
cleanup_20260506_final_code_artifact_cleanup,root_before_cleanup/human_eval/n100_disagreement/batch_composition.csv,221,724bd0c412b9d97e76a50f8910996b61b6eaa93e20dfdfb27d6272bd63b69858,yes,include,publication-safe under automated gate,
cleanup_20260506_final_code_artifact_cleanup,root_before_cleanup/human_eval/n100_disagreement/human_disagreement_agreement.csv,104,70ec535d074d284cb5127e4cf47f45a7dc59d2c741a9fa60a42ccb9b2fbb0406,yes,include,publication-safe under automated gate,
cleanup_20260506_final_code_artifact_cleanup,root_before_cleanup/human_eval/n100_disagreement/human_disagreement_auroc_auprc.csv,238,4dcd47bc55d269928621bd5ff1f1a3f531334ee49259d11fc19ccb103d6fd982,yes,include,publication-safe under automated gate,
cleanup_20260506_final_code_artifact_cleanup,root_before_cleanup/human_eval/n100_disagreement/human_disagreement_bootstrap_cis.csv,1789,5d3a329634f3d4b56c9dc96c58a6d0eb7e98b9a9726d7dacffbd6118a8c43c5c,yes,include,publication-safe under automated gate,
cleanup_20260506_final_code_artifact_cleanup,root_before_cleanup/human_eval/n100_disagreement/human_disagreement_correlations.csv,991,81483a9a8c1747b41e82966a99d724788615333a07d989c0f4b360d0d71f590c,yes,include,publication-safe under automated gate,
cleanup_20260506_final_code_artifact_cleanup,root_before_cleanup/human_eval/n100_disagreement/human_disagreement_label_distribution.csv,353,bdba47db5e80b2e510150e0e739dc85f364d11b0b3e5ac289b20ba7526542f9d,yes,include,publication-safe under automated gate,
cleanup_20260506_final_code_artifact_cleanup,root_before_cleanup/human_eval/n100_disagreement/human_disagreement_summary.csv,226,9571334a1743d6046226753049f2503a3387ba72e1fc2ba903a68973a426984b,yes,include,publication-safe under automated gate,
cleanup_20260506_final_code_artifact_cleanup,root_before_cleanup/human_eval/n100_disagreement/human_eval_adjudicated.csv,166371,f0d797dc4cf3398696c57d1640daaa4bee85ba4651f262d2044d47d0f8869d8b,yes,include,publication-safe under automated gate,
cleanup_20260506_final_code_artifact_cleanup,root_before_cleanup/human_eval/n100_disagreement/human_eval_adjudication_template.csv,166371,f0d797dc4cf3398696c57d1640daaa4bee85ba4651f262d2044d47d0f8869d8b,yes,include,publication-safe under automated gate,
cleanup_20260506_final_code_artifact_cleanup,root_before_cleanup/human_eval/n100_disagreement/human_eval_rater1.csv,159944,29cf4abdc69d78d9e2dceb665010be5a95f7d06bcd319fff513d850833118a10,yes,include,publication-safe under automated gate,
cleanup_20260506_final_code_artifact_cleanup,root_before_cleanup/human_eval/n100_disagreement/human_eval_rater2.csv,159734,60f59d26b2f67233f16c29c5eed3e666eb74a804d358f779a4b1040bd21049e5,yes,include,publication-safe under automated gate,
cleanup_20260506_final_code_artifact_cleanup,root_before_cleanup/human_eval/n100_disagreement/missing_human_labels_report.md,680,8277258e6a9871bdb78738efe0dcba9b75174c15d57af9d1fe12de0660e5fe86,yes,include,publication-safe under automated gate,
cleanup_20260506_final_code_artifact_cleanup,root_before_cleanup/human_eval/n100_disagreement/scorer_score_summary.csv,212,6867bbac08550c0af3e46a517b47b92a1de0dc565cba32459038b708711c984d,yes,include,publication-safe under automated gate,
cleanup_20260506_final_code_artifact_cleanup,root_before_cleanup/human_eval/n99_calibration/bootstrap_correlation_cis.csv,1597,2454083c0148ffef1e14fc1fb83485e0d9fb4ff3974a116c940371b09cf9e7b8,yes,include,publication-safe under automated gate,
cleanup_20260506_final_code_artifact_cleanup,root_before_cleanup/human_eval/n99_calibration/human_eval_adjudicated.csv,165619,872b89ca3896769e82c8addc819b2d11c869458927ecb4f816dbda4b0317b4f4,yes,include,publication-safe under automated gate,
cleanup_20260506_final_code_artifact_cleanup,root_before_cleanup/human_eval/n99_calibration/human_eval_correlations.csv,236,d7a894f84ef620297d53030c5c373432c50bdfdcb52e4743d766c8106e75bb25,yes,include,publication-safe under automated gate,
cleanup_20260506_final_code_artifact_cleanup,root_before_cleanup/human_eval/n99_calibration/human_eval_label_distribution.csv,104,41df52b1156990f614118b4c2f17fcfae8313efebdb915a64ec2ec2fdbb2e843,yes,include,publication-safe under automated gate,
cleanup_20260506_final_code_artifact_cleanup,root_before_cleanup/human_eval/n99_calibration/human_eval_n99_with_context.csv,156850,20abee130659119221410090c91f80e63d4fabeb4ee3dcbd278b3108a80ad649,yes,include,publication-safe under automated gate,
cleanup_20260506_final_code_artifact_cleanup,root_before_cleanup/human_eval/n99_calibration/human_eval_summary.csv,167,db4ffc9cc343951fa8be55f13a1c047c1d212bae5475a96fbc08d7f18a6d70ce,yes,include,publication-safe under automated gate,
cleanup_20260506_final_code_artifact_cleanup,root_before_cleanup/human_eval/n99_calibration/human_eval_verification.csv,398,636afc1d68ceca32ea36a500da1c65aa261ef7d199336f50f040568d620c047d,yes,include,publication-safe under automated gate,
cleanup_20260506_final_code_artifact_cleanup,root_before_cleanup/results/.DS_Store,14340,913618ae7b981928bd5135babfa79d12bcc69c336ec015b3612a3ecc170c549d,no,exclude,operating-system metadata,
cleanup_20260506_final_code_artifact_cleanup,root_before_cleanup/results/ablation_chunk1024_k3_cot.csv,4705,b0e187ec1e11a6070e51229ac6af0575d32f2707a04f970b11070360bbf1abcf,yes,include,publication-safe under automated gate,
cleanup_20260506_final_code_artifact_cleanup,root_before_cleanup/results/ablation_chunk1024_k3_cot_scores.csv,104,38d0d84278268e00f8b5113a0d1388cd09a54588000b613f30931ab04de73855,yes,include,publication-safe under automated gate,
cleanup_20260506_final_code_artifact_cleanup,root_before_cleanup/results/ablation_chunk1024_k3_strict.csv,4524,417164c3fa2004bde764eac93b38e644af7c679747947ba66c0b90a966b660ce,yes,include,publication-safe under automated gate,
cleanup_20260506_final_code_artifact_cleanup,root_before_cleanup/results/ablation_chunk1024_k3_strict_scores.csv,110,c686b598514a4027f91d85370230a03b0dff8c28842f6186fa4b0dbff2d48b88,yes,include,publication-safe under automated gate,
cleanup_20260506_final_code_artifact_cleanup,root_before_cleanup/results/ablation_chunk1024_k5_cot.csv,4433,2e23adfb2d250185f2658caae9b1364b1ad4337411da8ba177de6a4b69eac397,yes,include,publication-safe under automated gate,
cleanup_20260506_final_code_artifact_cleanup,root_before_cleanup/results/ablation_chunk1024_k5_cot_scores.csv,107,7a2e1864e48261c19a95a70534a0248f3e5ebce0e70e56b187020a95df6acd8b,yes,include,publication-safe under automated gate,
cleanup_20260506_final_code_artifact_cleanup,root_before_cleanup/results/ablation_chunk1024_k5_strict.csv,4554,b2eda0aa93475278084f9828856d2418ad91409b0c192d5e12a3a350e7664708,yes,include,publication-safe under automated gate,
cleanup_20260506_final_code_artifact_cleanup,root_before_cleanup/results/ablation_chunk1024_k5_strict_scores.csv,110,24eef0f691ac10a41837e604a73f884bf24d61caa6b881b7a5c7618bbe28f871,yes,include,publication-safe under automated gate,
cleanup_20260506_final_code_artifact_cleanup,root_before_cleanup/results/ablation_chunk256_k3_cot.csv,7284,10a6dc8d069f7a52acbc867122f1bb8638f17a00b69b0b67dd91ff1891594a86,yes,include,publication-safe under automated gate,
cleanup_20260506_final_code_artifact_cleanup,root_before_cleanup/results/ablation_chunk256_k3_cot_scores.csv,106,1547da2da275bb680242f83764f414c63a5bb6767ad00e18ef1fb4f671a98503,yes,include,publication-safe under automated gate,
cleanup_20260506_final_code_artifact_cleanup,root_before_cleanup/results/ablation_chunk256_k3_strict.csv,7056,4dd212a79d1fddd9db6bf3a8b28f97e8509d9baac4d720c6be79b4c51daadc14,yes,include,publication-safe under automated gate,
cleanup_20260506_final_code_artifact_cleanup,root_before_cleanup/results/ablation_chunk256_k3_strict_scores.csv,106,2172eb8eac18b166dc86fa95f412ac07e68633339bb74fbff47f903f65616548,yes,include,publication-safe under automated gate,
cleanup_20260506_final_code_artifact_cleanup,root_before_cleanup/results/ablation_chunk256_k5_cot.csv,6329,5fde216f5d664f00a3f1814ffece5b70ad2b58b139f48c69cf45b0fbd297ec70,yes,include,publication-safe under automated gate,
cleanup_20260506_final_code_artifact_cleanup,root_before_cleanup/results/ablation_chunk256_k5_cot_scores.csv,103,0482a8cbb119cae9d3ec21753987987da1d9d51f1533f73ba49f97175d153f13,yes,include,publication-safe under automated gate,
cleanup_20260506_final_code_artifact_cleanup,root_before_cleanup/results/ablation_chunk256_k5_strict.csv,6447,8f59d6cf0d4f31e188af82c0c38cba654b647c0645fc5326289e5d4e7e3778c9,yes,include,publication-safe under automated gate,
cleanup_20260506_final_code_artifact_cleanup,root_before_cleanup/results/ablation_chunk256_k5_strict_scores.csv,106,d29717892cc4a72a4f4a78fbf7cb8d58dd24cd38bc1c3c5a0efcfe6dff6a30a1,yes,include,publication-safe under automated gate,
cleanup_20260506_final_code_artifact_cleanup,root_before_cleanup/results/ablation_chunk512_k3_cot.csv,5141,664f4e949727363a8496d502f0de6eb06d5a4142c2747af082d3eba9a561a500,yes,include,publication-safe under automated gate,
cleanup_20260506_final_code_artifact_cleanup,root_before_cleanup/results/ablation_chunk512_k3_cot_scores.csv,103,3a5773e593db3925b34c97d68cc6bd1837328bea6070dfccaf6e366f7e8166b7,yes,include,publication-safe under automated gate,
cleanup_20260506_final_code_artifact_cleanup,root_before_cleanup/results/ablation_chunk512_k3_strict.csv,5170,16b4afbb4a71e88343e0a46444314ebbbf5a86ccb4fbbfb6626b763a9c79ae14,yes,include,publication-safe under automated gate,
cleanup_20260506_final_code_artifact_cleanup,root_before_cleanup/results/ablation_chunk512_k3_strict_scores.csv,106,628a1e91d51ce5010e3a419af23220c438746ba640afbccdb1ab2fdb901fa8d6,yes,include,publication-safe under automated gate,
cleanup_20260506_final_code_artifact_cleanup,root_before_cleanup/results/ablation_chunk512_k5_cot.csv,4982,8b5b37f0552d401e75fb881478e2744550c566a13e03503523f950c57d49dd3c,yes,include,publication-safe under automated gate,
cleanup_20260506_final_code_artifact_cleanup,root_before_cleanup/results/ablation_chunk512_k5_cot_scores.csv,106,3b2765a5f78951a318117941bfb7d912f5d83ee85c1673c95824ba57cc0b58ba,yes,include,publication-safe under automated gate,
cleanup_20260506_final_code_artifact_cleanup,root_before_cleanup/results/ablation_chunk512_k5_strict.csv,5053,920fff3992401e6332e9947000489b286c83a916cd54754bec3dcdb32179bd6d,yes,include,publication-safe under automated gate,
cleanup_20260506_final_code_artifact_cleanup,root_before_cleanup/results/ablation_chunk512_k5_strict_scores.csv,109,b292e258204ea32b996f4f46e9f1bbf88bd6fd0d22b6f539c236c4dfa0aca26f,yes,include,publication-safe under automated gate,
cleanup_20260506_final_code_artifact_cleanup,root_before_cleanup/results/ablation_summary.csv,407,598ad95a7abe2cba348b2c8176b863cd5d8359c8744d0c9754bc6c4cb79cd44f,yes,include,publication-safe under automated gate,
cleanup_20260506_final_code_artifact_cleanup,root_before_cleanup/results/ablation_summary.json,1974,2ba7b32942f8f07a037d31efe616fc72d36d7eb415505dac321b80d9e93ad8ec,yes,include,publication-safe under automated gate,
cleanup_20260506_final_code_artifact_cleanup,root_before_cleanup/results/adaptive/adaptive_vs_fixed_comparison.csv,1457,80c7067a485fcf9d693585a68b3ce6e525be325766f509c49194a9913183c300,yes,include,publication-safe under automated gate,
cleanup_20260506_final_code_artifact_cleanup,root_before_cleanup/results/adaptive/pubmedqa_dynamic.csv,27626,6b819d975c7fe94a9d2c9a3a1781e6dba72276d8d7f9e62271e95d0f4d985aa5,yes,include,publication-safe under automated gate,
cleanup_20260506_final_code_artifact_cleanup,root_before_cleanup/results/adaptive/pubmedqa_fixed_1024.csv,27968,747d6bc93323cb57b11c1b8c28b0aa19f5da4ead77e9b8037ff25649beed8548,yes,include,publication-safe under automated gate,
cleanup_20260506_final_code_artifact_cleanup,root_before_cleanup/results/adaptive/pubmedqa_fixed_256.csv,23361,f3094eee555d401b40c6dc6776e12928a53403e0a26f37534270b14705ddab01,yes,include,publication-safe under automated gate,
cleanup_20260506_final_code_artifact_cleanup,root_before_cleanup/results/adaptive/pubmedqa_fixed_512.csv,27867,53d5bf99c52d4f3f6ec7d47cb2c2d7c2dcd17f19642364d266b44f0fbc348c81,yes,include,publication-safe under automated gate,
cleanup_20260506_final_code_artifact_cleanup,root_before_cleanup/results/adaptive/pubmedqa_semantic_loose.csv,28998,bcb5ea80b63c18cb0b8cb315a8fa17850781090c8f3a1c32ce1cc723b60566fa,yes,include,publication-safe under automated gate,
cleanup_20260506_final_code_artifact_cleanup,root_before_cleanup/results/adaptive/pubmedqa_semantic_tight.csv,27173,937b78e9f1ea693d085a2ba6eb9333c2a1d5a822087711740569f8bd7a5882a8,yes,include,publication-safe under automated gate,
cleanup_20260506_final_code_artifact_cleanup,root_before_cleanup/results/adaptive/squad_dynamic.csv,7856,9dc7aa44995e74f5bfa5582497d5f9dd4024a080697642996f6c5a09c650e819,yes,include,publication-safe under automated gate,
cleanup_20260506_final_code_artifact_cleanup,root_before_cleanup/results/adaptive/squad_fixed_1024.csv,7661,5e40c50caffc6d679a0a6895ff452ed8e3147c9b9b5aa9a99bfaadd385f747f2,yes,include,publication-safe under automated gate,
cleanup_20260506_final_code_artifact_cleanup,root_before_cleanup/results/adaptive/squad_fixed_256.csv,10969,50c7cf3a6be99dbca8e0afb96081c68f03c4cbf44934033ae2846eee2ea5480c,yes,include,publication-safe under automated gate,
cleanup_20260506_final_code_artifact_cleanup,root_before_cleanup/results/adaptive/squad_fixed_512.csv,7684,1f813c54741b6d97034006f8886006aabba39588b7611ebb5c35a00160338a63,yes,include,publication-safe under automated gate,
cleanup_20260506_final_code_artifact_cleanup,root_before_cleanup/results/adaptive/squad_semantic_loose.csv,7289,644ee92416c76bc16bd62a4ed14778b22ff06d1d4165063e184dcf66fed292eb,yes,include,publication-safe under automated gate,
cleanup_20260506_final_code_artifact_cleanup,root_before_cleanup/results/adaptive/squad_semantic_tight.csv,7671,a437cbcfd90df5699aec42c3bd8be97b4429280c5888fcf788ceee4b36975bfd,yes,include,publication-safe under automated gate,
cleanup_20260506_final_code_artifact_cleanup,root_before_cleanup/results/adaptive/summary.csv,1457,9cf11e12b6fdaa9cdb6d32b9c7a4cd00ac56c3bc558dbcb7882200fffef6040f,yes,include,publication-safe under automated gate,
cleanup_20260506_final_code_artifact_cleanup,root_before_cleanup/results/adaptive/summary.json,5091,ef33f068551f17afd6c4a8e3820ecc83f4724a53950b1498e1aeebd596b6abce,yes,include,publication-safe under automated gate,
cleanup_20260506_final_code_artifact_cleanup,root_before_cleanup/results/all_results_summary.csv,2935,3467621b02339049b49d306c2ebe86220411482e7db06a1c2864125b6dacacdb,yes,include,publication-safe under automated gate,
cleanup_20260506_final_code_artifact_cleanup,root_before_cleanup/results/all_results_summary.md,7960,13a0259b2392131146e6b2da465b40374c36037312c62e1277a5eff1362809e4,yes,include,publication-safe under automated gate,
cleanup_20260506_final_code_artifact_cleanup,root_before_cleanup/results/ccs_calibration/quintile_table.csv,189,2f3c7e3e655ab66b13cd92e6340d934f2d95f7c4279d95c68a92f86f3b39e447,yes,include,publication-safe under automated gate,
cleanup_20260506_final_code_artifact_cleanup,root_before_cleanup/results/coherence_analysis/condition_summary.csv,500,b284bf977db87beae40f2368e865e224e7374d17d5121d08bae3f554b41757b0,yes,include,publication-safe under automated gate,
cleanup_20260506_final_code_artifact_cleanup,root_before_cleanup/results/coherence_analysis/correlations.csv,1399,abf1c788151a392c14373c3b75107287fc47741b75bb4377bb26e935bbc0bbfe,yes,include,publication-safe under automated gate,
cleanup_20260506_final_code_artifact_cleanup,root_before_cleanup/results/coherence_analysis/per_query_metrics.csv,20336,0e742d457b083c93b7451d98577905d535528da1ef18fa76e45dfc6a04c948d4,yes,include,publication-safe under automated gate,
cleanup_20260506_final_code_artifact_cleanup,root_before_cleanup/results/coherence_analysis/summary.md,2581,2a414afe9b4dc047030fdb1d0e462d845435a8a65fda2741288badfee1fc158b,yes,include,publication-safe under automated gate,
cleanup_20260506_final_code_artifact_cleanup,root_before_cleanup/results/coherence_heatmap/example_metadata.json,382,1829afb91b29268fab6b36fca44e4526cbc7de9bae9efea2baacf24a8cfc9400,yes,include,publication-safe under automated gate,
cleanup_20260506_final_code_artifact_cleanup,root_before_cleanup/results/confidence_calibration/correlations.csv,168,a66413ffe0c882e387ccac418d0adbc1098c3d5c7cbd5f9169bf531cc9ec92e8,yes,include,publication-safe under automated gate,
cleanup_20260506_final_code_artifact_cleanup,root_before_cleanup/results/confidence_calibration/per_query.csv,22098,0b144317e1bb6f83eb2a971212c59216c7b0895ae4a143e663fa545dcf8a4ea5,yes,include,publication-safe under automated gate,
cleanup_20260506_final_code_artifact_cleanup,root_before_cleanup/results/confidence_calibration/quintile_table.csv,205,1d450022f82792fdc0aa2157359775a28828fb674420748eae3adc8596afc828,yes,include,publication-safe under automated gate,
cleanup_20260506_final_code_artifact_cleanup,root_before_cleanup/results/confidence_calibration/summary.md,1390,f2d33fabfe7f8e4376784a5a7b0a69c5a68093761d30a0e1c70b03c281e605a5,yes,include,publication-safe under automated gate,
cleanup_20260506_final_code_artifact_cleanup,root_before_cleanup/results/crossencoder_sensitivity/completed_tuples.json,315,2c63b6873bce5e3ac6bf4d0c103e5a747b50e738c21e7c1283f1b2a6f0971745,yes,include,publication-safe under automated gate,
cleanup_20260506_final_code_artifact_cleanup,root_before_cleanup/results/crossencoder_sensitivity/paradox_by_ce.csv,514,66193f33dc1edf72edb14d04c9af98c07d73d0e3586f2af80750dc3ed218c41b,yes,include,publication-safe under automated gate,
cleanup_20260506_final_code_artifact_cleanup,root_before_cleanup/results/crossencoder_sensitivity/per_query.csv,306135,98b5595fdded2d199f9b81da2dae54c4bfb421371d6116a3fecbc75cfd18bbd1,yes,include,publication-safe under automated gate,
cleanup_20260506_final_code_artifact_cleanup,root_before_cleanup/results/crossencoder_sensitivity/pubmedqa__BAAI_bge_reranker_base_per_query.csv,79007,6c9d482d62af36edd1abae8ba7dacf93a8b22c14c370378bf7160e90fa5ed1c0,yes,include,publication-safe under automated gate,
cleanup_20260506_final_code_artifact_cleanup,root_before_cleanup/results/crossencoder_sensitivity/pubmedqa__cross_encoder_ms_marco_MiniLM_L_12_v2_per_query.csv,81502,0a57732b6f86b1c2c2014302c516ad8c9d557578dbafde1216f2de3ba04e5a79,yes,include,publication-safe under automated gate,
cleanup_20260506_final_code_artifact_cleanup,root_before_cleanup/results/crossencoder_sensitivity/pubmedqa__cross_encoder_ms_marco_MiniLM_L_6_v2_per_query.csv,80595,4d059dbaffc4d5e098d9fc128a4ac98a8fbe22d0cdf88b80c6fd11debdc88a7f,yes,include,publication-safe under automated gate,
cleanup_20260506_final_code_artifact_cleanup,root_before_cleanup/results/crossencoder_sensitivity/squad__BAAI_bge_reranker_base_per_query.csv,21121,465d4711217b1e967c0d2ff4824f3d7e43326fdedecc7942732e65ce903f86f7,yes,include,publication-safe under automated gate,
cleanup_20260506_final_code_artifact_cleanup,root_before_cleanup/results/crossencoder_sensitivity/squad__cross_encoder_ms_marco_MiniLM_L_12_v2_per_query.csv,22057,83c609b3fb1b0847501d300d7a2cafe2250011f71c026832745696852930b709,yes,include,publication-safe under automated gate,
cleanup_20260506_final_code_artifact_cleanup,root_before_cleanup/results/crossencoder_sensitivity/squad__cross_encoder_ms_marco_MiniLM_L_6_v2_per_query.csv,22503,e896c242a997d5aa7fba675fe000e0ba8675fb55ba9b59c05c0fb8268a860277,yes,include,publication-safe under automated gate,
cleanup_20260506_final_code_artifact_cleanup,root_before_cleanup/results/crossencoder_sensitivity/summary.csv,1480,09ae6f79a6d468f1b326ffb25b46e5f1077156fca3c1b85924e554aa6914bc42,yes,include,publication-safe under automated gate,
cleanup_20260506_final_code_artifact_cleanup,root_before_cleanup/results/crossencoder_sensitivity/summary.md,1049,de3454cf7ad885eb11bb284dfea35ca0f980a2bf79205305f8307a4da928da2d,yes,include,publication-safe under automated gate,
cleanup_20260506_final_code_artifact_cleanup,root_before_cleanup/results/deployment_figure/deployment_table.md,1840,97348edca5229faafdcdcdbadde63203d27ca6026f08b1af1f8a352d56018e27,yes,include,publication-safe under automated gate,
cleanup_20260506_final_code_artifact_cleanup,root_before_cleanup/results/deployment_figure/latency_vs_faith.png,104646,0ede072fc91644194af32f209c504be1f019a7e0b96eeefd58dfc9cac03853cf,yes,include,publication-safe under automated gate,
cleanup_20260506_final_code_artifact_cleanup,root_before_cleanup/results/deployment_figure/pareto_summary.csv,881,9ea264c751535f20abab2874ebc93917eb5a674ddb0c16943dd16132fbc9265f,yes,include,publication-safe under automated gate,
cleanup_20260506_final_code_artifact_cleanup,root_before_cleanup/results/disentanglement/quartile_table.csv,794,69a5f43c221f8745d979108c3f14f1f11cdb1ba28b0d285d24858e8882f15c85,yes,include,publication-safe under automated gate,
cleanup_20260506_final_code_artifact_cleanup,root_before_cleanup/results/embedding_clusters/projection_table.csv,34321,9cbcad5669b0df4934da6658de448d55430951e0abd86f1914369b0d54bfaf0d,yes,include,publication-safe under automated gate,
cleanup_20260506_final_code_artifact_cleanup,root_before_cleanup/results/eval_results.csv,9844,45866e304ab55807dd2ae71115e875a3c81c9076d005b01e455d7171ee288120,yes,include,publication-safe under automated gate,
cleanup_20260506_final_code_artifact_cleanup,root_before_cleanup/results/frontier_scale/completed_tuples.json,134,5b8a5e1bc3be3a4938ff46158e24d1946c1fc00e0cd832cddc57185f1b73694e,yes,include,publication-safe under automated gate,
cleanup_20260506_final_code_artifact_cleanup,root_before_cleanup/results/frontier_scale/paradox_by_scale.csv,432,4dd95bbc285609deccafb39b5642d0c85007d3560b901b2608c03eb411866470,yes,include,publication-safe under automated gate,
cleanup_20260506_final_code_artifact_cleanup,root_before_cleanup/results/frontier_scale/per_query.csv,180841,e6392010f1075f809776924d98e0b67fef72a5dd8ece9abd40fce79c6c0ae34d,yes,include,publication-safe under automated gate,
cleanup_20260506_final_code_artifact_cleanup,root_before_cleanup/results/frontier_scale/pubmedqa__gpt_oss_120b_per_query.csv,86358,0c2ebba4ec8d8662879b88b57c5fb6910cf649794fdb0bbb30a637003ed54a5d,yes,include,publication-safe under automated gate,
cleanup_20260506_final_code_artifact_cleanup,root_before_cleanup/results/frontier_scale/pubmedqa__llama_3_3_70b_per_query.csv,61115,f5890adb5ef62bce4f874fc3535c8ac1a3250521b0b71087e3fb0b5bd2ba46f1,yes,include,publication-safe under automated gate,
cleanup_20260506_final_code_artifact_cleanup,root_before_cleanup/results/frontier_scale/squad__gpt_oss_120b_per_query.csv,15551,3fba7216bf090eec90c30323b16cd23f539864910013112dfb4fb34e834c66bd,yes,include,publication-safe under automated gate,
cleanup_20260506_final_code_artifact_cleanup,root_before_cleanup/results/frontier_scale/squad__llama_3_3_70b_per_query.csv,18228,0ae62a2220dc504ddc3faa89a328009260671dfc954808fc59d858da30c22c33,yes,include,publication-safe under automated gate,
cleanup_20260506_final_code_artifact_cleanup,root_before_cleanup/results/frontier_scale/summary.csv,880,196695492b3eef49f9fe03d304f5c40b947286e33de9f0e00899342c662f5d82,yes,include,publication-safe under automated gate,
cleanup_20260506_final_code_artifact_cleanup,root_before_cleanup/results/frontier_scale/summary.md,3689,2c5065a75f4b7b569dc0eb1058d47295da780cc2db940b8e13cbee44bcfdc392,yes,include,publication-safe under automated gate,
cleanup_20260506_final_code_artifact_cleanup,root_before_cleanup/results/hcpc_v2/logs/pubmedqa_baseline_logs.csv,108647,57563c80f21a8c7506cf28882228ac2bad26433d50b185389e6c28fcdf00b1d0,yes,include,publication-safe under automated gate,
cleanup_20260506_final_code_artifact_cleanup,root_before_cleanup/results/hcpc_v2/logs/pubmedqa_baseline_logs.json,125966,868c3d038f3d19d09d459bb0b611105d0d6a176f6c4716fa583657dc1d3d6b73,yes,include,publication-safe under automated gate,
cleanup_20260506_final_code_artifact_cleanup,root_before_cleanup/results/hcpc_v2/logs/pubmedqa_hcpc_v1_logs.csv,109630,8c45fa960aba193c7b83b924a36f5b725128da0177c71e901ec8489afaadeb19,yes,include,publication-safe under automated gate,
cleanup_20260506_final_code_artifact_cleanup,root_before_cleanup/results/hcpc_v2/logs/pubmedqa_hcpc_v1_logs.json,138262,5219fe954ee3f87c29c92c7f1b34574dd1dceb33a07596ae808e38238383fa5c,yes,include,publication-safe under automated gate,
cleanup_20260506_final_code_artifact_cleanup,root_before_cleanup/results/hcpc_v2/logs/pubmedqa_hcpc_v2_diagnostics.json,15030,ac4b71d871b926c84611801d359f10a7698030cd97ff1a7784fb23272827b438,yes,include,publication-safe under automated gate,
cleanup_20260506_final_code_artifact_cleanup,root_before_cleanup/results/hcpc_v2/logs/pubmedqa_hcpc_v2_logs.csv,123694,72cdf9a63c4bfc4d142d42bcbd1306881f6ee629558cb9e0d18022c9a6c3ad30,yes,include,publication-safe under automated gate,
cleanup_20260506_final_code_artifact_cleanup,root_before_cleanup/results/hcpc_v2/logs/pubmedqa_hcpc_v2_logs.json,148049,926b67ee1e6a90b1733cdda04e71f98f953e6b92c92f11643d9bdabc64d438e7,yes,include,publication-safe under automated gate,
cleanup_20260506_final_code_artifact_cleanup,root_before_cleanup/results/hcpc_v2/logs/squad_baseline_logs.csv,67623,ff8cc53c6aa56e86925bad48e9a73d316286a9e854e98c2108ab582dabe3d2d4,yes,include,publication-safe under automated gate,
cleanup_20260506_final_code_artifact_cleanup,root_before_cleanup/results/hcpc_v2/logs/squad_baseline_logs.json,83488,505215a2d3f0b363b1c7f5dc61d4de054120fdeddf6e501a4cb810aa476a9495,yes,include,publication-safe under automated gate,
cleanup_20260506_final_code_artifact_cleanup,root_before_cleanup/results/hcpc_v2/logs/squad_hcpc_v1_logs.csv,75503,4eb98e89f31f85b5f84904c4bd5a386c7169f423597208b84c1c54c1702ea3f0,yes,include,publication-safe under automated gate,
cleanup_20260506_final_code_artifact_cleanup,root_before_cleanup/results/hcpc_v2/logs/squad_hcpc_v1_logs.json,107695,6c7d456219875d76341ac924c0e44d92592c59f3ac51f422d1667748542c1963,yes,include,publication-safe under automated gate,
cleanup_20260506_final_code_artifact_cleanup,root_before_cleanup/results/hcpc_v2/logs/squad_hcpc_v2_diagnostics.json,14962,f88812ca64f3efe0cbbe09aef62efb334759d11a51714d4e0566a9128c39f34d,yes,include,publication-safe under automated gate,
cleanup_20260506_final_code_artifact_cleanup,root_before_cleanup/results/hcpc_v2/logs/squad_hcpc_v2_logs.csv,81172,0505d39bd12f88fb0768d95519c839dec5a169a651c58700f637968c561f413d,yes,include,publication-safe under automated gate,
cleanup_20260506_final_code_artifact_cleanup,root_before_cleanup/results/hcpc_v2/logs/squad_hcpc_v2_logs.json,103860,8b23c033de7132a5ea71d716c9eeff090d622b3fe3a30c1d7d6f258d267adcad,yes,include,publication-safe under automated gate,
cleanup_20260506_final_code_artifact_cleanup,root_before_cleanup/results/hcpc_v2/metrics.csv,809,21f1934b883f3632b1cd9065573327052c7096bd8a69fa9b868d238abdca4448,yes,include,publication-safe under automated gate,
cleanup_20260506_final_code_artifact_cleanup,root_before_cleanup/results/hcpc_v2/metrics.json,2394,99c8c627f7c34a04418e6bb4c7c604f495d64652d4c51902cc8677fce387065a,yes,include,publication-safe under automated gate,
cleanup_20260506_final_code_artifact_cleanup,root_before_cleanup/results/hcpc_v2/per_query.csv,115800,acb11ab1573e80aa3d79e2ec932049ff273e95b7695755170b7bc5e20c3e502e,yes,include,publication-safe under automated gate,
cleanup_20260506_final_code_artifact_cleanup,root_before_cleanup/results/hcpc_v2/pubmedqa_baseline.csv,28288,6c5057247c3224bebcacab99c7e8d4cec915b69124af7b9ac09acf3812226778,yes,include,publication-safe under automated gate,
cleanup_20260506_final_code_artifact_cleanup,root_before_cleanup/results/hcpc_v2/pubmedqa_hcpc_v1.csv,26602,e1a4dfe0617e542690f23409b4eae922dec6ba8dfa94a6d3fa96762acec23ad5,yes,include,publication-safe under automated gate,
cleanup_20260506_final_code_artifact_cleanup,root_before_cleanup/results/hcpc_v2/pubmedqa_hcpc_v2.csv,30296,4a5bfff31655c885472fa5d9974e47634058dec49c793e6344b37349bf9bb24a,yes,include,publication-safe under automated gate,
cleanup_20260506_final_code_artifact_cleanup,root_before_cleanup/results/hcpc_v2/squad_baseline.csv,8500,6fe86414a91b324103dc720f1b239a69b958a207293b8386aa4712f4c6133a4f,yes,include,publication-safe under automated gate,
cleanup_20260506_final_code_artifact_cleanup,root_before_cleanup/results/hcpc_v2/squad_hcpc_v1.csv,10879,48d0ff114e980c5b46297abbf9fb0b30be2762d10e04b62304359b0f494e0bea,yes,include,publication-safe under automated gate,
cleanup_20260506_final_code_artifact_cleanup,root_before_cleanup/results/hcpc_v2/squad_hcpc_v2.csv,9943,62b87a6172ef3d5eff34af7fd5d90e7d532d7685dcfd8a2bd18235d305fc5ad5,yes,include,publication-safe under automated gate,
cleanup_20260506_final_code_artifact_cleanup,root_before_cleanup/results/hcpc_v2/summary.md,853,42288cb3e36bd817690d0ad56e0aa9db46bbf1840a80bc8520e6b07d708e480a,yes,include,publication-safe under automated gate,
cleanup_20260506_final_code_artifact_cleanup,root_before_cleanup/results/headtohead/diagnostics.jsonl,236947,dfaade1896541343d5e6b6b57175f831313fda51a9e36e2ebb9cb8002c3c451a,yes,include,publication-safe under automated gate,
cleanup_20260506_final_code_artifact_cleanup,root_before_cleanup/results/headtohead/per_query.csv,179170,cb3bf339a28c19fd875221f6d7026367678ffaede2639565282351b59212db11,yes,include,publication-safe under automated gate,
cleanup_20260506_final_code_artifact_cleanup,root_before_cleanup/results/headtohead/summary.csv,681,f522d9ddbcd04e776f3aadb1f9424ad2617282c02e95b9b1487af6cd3ae63088,yes,include,publication-safe under automated gate,
cleanup_20260506_final_code_artifact_cleanup,root_before_cleanup/results/headtohead/summary.md,1568,317abc78ad76d258950c4db09c5cf1c18f258c4ddd278a3a1a6d700023650c3f,yes,include,publication-safe under automated gate,
cleanup_20260506_final_code_artifact_cleanup,root_before_cleanup/results/human_disagreement_expansion/README.md,2692,91468c400735b6014bd13d95be930ecd04e38f44964512b0ca7543cb1d07ac45,yes,include,publication-safe under automated gate,
cleanup_20260506_final_code_artifact_cleanup,root_before_cleanup/results/human_disagreement_expansion/analysis_summary.csv,1,01ba4719c80b6fe911b091a7c05124b64eeece964e09c058ef8f9805daca546b,yes,include,publication-safe under automated gate,
cleanup_20260506_final_code_artifact_cleanup,root_before_cleanup/results/human_disagreement_expansion/analysis_summary.md,244,1e043e319a224e938756467eac801cf694d4db2c9c324f236a388df43d61baec,yes,include,publication-safe under automated gate,
cleanup_20260506_final_code_artifact_cleanup,root_before_cleanup/results/human_disagreement_expansion/annotation_batch_disagreement_100.backup_before_non_eval_fixes.csv,161544,af81cb4ed3edf32291b69b053961f126c3d7d112568d0935d61f8ccb4c76e75f,yes,include,publication-safe under automated gate,
cleanup_20260506_final_code_artifact_cleanup,root_before_cleanup/results/human_disagreement_expansion/annotation_batch_disagreement_100.csv,162628,c06d20cd5feb35c997ad060a2abfa93ba59fdf87b582d3de8810de365b1b0692,yes,include,publication-safe under automated gate,
cleanup_20260506_final_code_artifact_cleanup,root_before_cleanup/results/human_disagreement_expansion/batch_composition.csv,221,724bd0c412b9d97e76a50f8910996b61b6eaa93e20dfdfb27d6272bd63b69858,yes,include,publication-safe under automated gate,
cleanup_20260506_final_code_artifact_cleanup,root_before_cleanup/results/human_disagreement_expansion/human_eval_adjudication_template.csv,157321,65fddd06be628e652c2c99e3e9b4b89c5fde1b1f8c74585e2c0e9a9b1670a0f0,yes,include,publication-safe under automated gate,
cleanup_20260506_final_code_artifact_cleanup,root_before_cleanup/results/human_disagreement_expansion/human_eval_codebook.md,1952,67dffa2bbeb0a64dfd9baac5bc721fa5159c13e47b0329c4784a157c18d055ed,yes,include,publication-safe under automated gate,
cleanup_20260506_final_code_artifact_cleanup,root_before_cleanup/results/human_disagreement_expansion/human_eval_instructions.md,1686,d78440cb337b4c20a4198be93a999b778720f7ec64141e0c787c3e3f1bdaeb17,yes,include,publication-safe under automated gate,
cleanup_20260506_final_code_artifact_cleanup,root_before_cleanup/results/human_disagreement_expansion/human_eval_rater1.csv,157064,540a29fc9ad998bf6b3fc03c504ed706f2126fbbc30571321bdaefccda05085e,yes,include,publication-safe under automated gate,
cleanup_20260506_final_code_artifact_cleanup,root_before_cleanup/results/human_disagreement_expansion/human_eval_rater2.csv,157064,540a29fc9ad998bf6b3fc03c504ed706f2126fbbc30571321bdaefccda05085e,yes,include,publication-safe under automated gate,
cleanup_20260506_final_code_artifact_cleanup,root_before_cleanup/results/human_disagreement_expansion/missing_human_labels_report.md,467,4b6d7e5450f06e93eff7c873b4c047dfd90bd782dd6e9bd506ada4d60d075c06,yes,include,publication-safe under automated gate,
cleanup_20260506_final_code_artifact_cleanup,root_before_cleanup/results/human_disagreement_expansion/scorer_score_summary.csv,212,6867bbac08550c0af3e46a517b47b92a1de0dc565cba32459038b708711c984d,yes,include,publication-safe under automated gate,
cleanup_20260506_final_code_artifact_cleanup,root_before_cleanup/results/human_eval/samples.csv,44550,f439d37b47ad9846958aea8810eee1d2092251af31ba73be6308945fa0326a92,yes,include,publication-safe under automated gate,
cleanup_20260506_final_code_artifact_cleanup,root_before_cleanup/results/human_eval/samples.jsonl,60826,28d330a71c5b8956328c61b6ced0a0c8d597cb78160efd8ad7ce0b7c6f65fa64,yes,include,publication-safe under automated gate,
cleanup_20260506_final_code_artifact_cleanup,root_before_cleanup/results/human_eval/sampling_report.md,1646,45b2b9d3820ac39611e463603c0a5574d8e2712eef4f3e09d861deddab132f98,yes,include,publication-safe under automated gate,
cleanup_20260506_final_code_artifact_cleanup,root_before_cleanup/results/human_validation/validation_sheet.xlsx,20740,b8d608fe19e2b9bb69f873c3765541f4c68ae45ec9bd7e5a0dc91f94eacc6d8b,yes,include,publication-safe under automated gate,
cleanup_20260506_final_code_artifact_cleanup,root_before_cleanup/results/hybrid/logs/pubmedqa_baseline_logs.csv,110553,77523bd981431d7b47c8ec8f7539eb160be16f9f99cbf82f5e3c392173d54a61,yes,include,publication-safe under automated gate,
cleanup_20260506_final_code_artifact_cleanup,root_before_cleanup/results/hybrid/logs/pubmedqa_baseline_logs.json,128179,466bff9203c8095c3faa83c511b8e1f7904c117fb77d7c56c07694ecc78baed5,yes,include,publication-safe under automated gate,
cleanup_20260506_final_code_artifact_cleanup,root_before_cleanup/results/hybrid/logs/pubmedqa_hcpc_logs.csv,108650,f7748c7c2e295b93aacaacccd6aed9284e681cf0b35f5092d7eb50627624775f,yes,include,publication-safe under automated gate,
cleanup_20260506_final_code_artifact_cleanup,root_before_cleanup/results/hybrid/logs/pubmedqa_hcpc_logs.json,139396,5116f9b2ab2598dd839fad835425cd3cc9f3141cf8abe2191b3fde4273ca7d41,yes,include,publication-safe under automated gate,
cleanup_20260506_final_code_artifact_cleanup,root_before_cleanup/results/hybrid/logs/pubmedqa_hcpc_refinements.json,40632,3e37224a8ba9ac932b0196a60e1bae1db8f3b653898d7fda4e294f94cc53bc51,yes,include,publication-safe under automated gate,
cleanup_20260506_final_code_artifact_cleanup,root_before_cleanup/results/hybrid/logs/squad_baseline_logs.csv,61614,98cb1310a685314a9601e035e19ab3d5188401fb39815eb79703872dc2c2f23f,yes,include,publication-safe under automated gate,
cleanup_20260506_final_code_artifact_cleanup,root_before_cleanup/results/hybrid/logs/squad_baseline_logs.json,77241,0fcbb9989e0eaecedf45f3bc4e034365543665751c7499cc5fc31facecd4ff11,yes,include,publication-safe under automated gate,
cleanup_20260506_final_code_artifact_cleanup,root_before_cleanup/results/hybrid/logs/squad_hcpc_logs.csv,74632,6f14dc0a352d3693e35bd4bdf8f34b2c2c7784dc64ce086bdfcb9803ec673ade,yes,include,publication-safe under automated gate,
cleanup_20260506_final_code_artifact_cleanup,root_before_cleanup/results/hybrid/logs/squad_hcpc_logs.json,106595,a3d2102c71bfde36987a9d55bed96a0bff80a343e98c0e6f74e67750983d3186,yes,include,publication-safe under automated gate,
cleanup_20260506_final_code_artifact_cleanup,root_before_cleanup/results/hybrid/logs/squad_hcpc_refinements.json,50157,a9c40eba6796ae5d2def21624f0275d992fa21cc6ff3553d73e5cb06a711e11a,yes,include,publication-safe under automated gate,
cleanup_20260506_final_code_artifact_cleanup,root_before_cleanup/results/hybrid/pubmedqa_baseline.csv,28513,6fbba71fb99877c33ce3b88ee744960f3db8627f1b28ee6b1e39c740b2d1cf50,yes,include,publication-safe under automated gate,
cleanup_20260506_final_code_artifact_cleanup,root_before_cleanup/results/hybrid/pubmedqa_hcpc.csv,26823,6dd7d1721e9ae8764d6ac3fd4b1dc0559f6485898184a8814817280ab4c630ea,yes,include,publication-safe under automated gate,
cleanup_20260506_final_code_artifact_cleanup,root_before_cleanup/results/hybrid/squad_baseline.csv,6971,7fd506c3a7c6a65bc4aebe429aa2ad513e6ab06419fd99a6e18a47f8c0c408e0,yes,include,publication-safe under automated gate,
cleanup_20260506_final_code_artifact_cleanup,root_before_cleanup/results/hybrid/squad_hcpc.csv,9547,66a360d64c77036378df38de264d6eb62176768bfd5e4ceefc4a5e3e7d057c60,yes,include,publication-safe under automated gate,
cleanup_20260506_final_code_artifact_cleanup,root_before_cleanup/results/hybrid/summary.csv,482,6b9e33bac7d1e4a13c7a130759747eed89dc13b350c609119ffed5196a02d29b,yes,include,publication-safe under automated gate,
cleanup_20260506_final_code_artifact_cleanup,root_before_cleanup/results/hybrid/summary.json,1418,19bdc96f24221eb6a014d988e103b381833d4a480b67bacba0ea8ca2f518e58a,yes,include,publication-safe under automated gate,
cleanup_20260506_final_code_artifact_cleanup,root_before_cleanup/results/latency/cost_projection.csv,316,c14c1515866017d3a7bca6a2638a10e4bfadfdbb5f0e0295e3e695759d00278a,yes,include,publication-safe under automated gate,
cleanup_20260506_final_code_artifact_cleanup,root_before_cleanup/results/latency/latency_summary.csv,486,a71f25e1ef09d258f412bb6c5158070c7a7f5e83177cb1287f484ef7255695b8,yes,include,publication-safe under automated gate,
cleanup_20260506_final_code_artifact_cleanup,root_before_cleanup/results/longform/completed_tuples.json,57,4b1cceed8118acce7258de72ab603108f0090b24cd418d10cdfdbde8779610d4,yes,include,publication-safe under automated gate,
cleanup_20260506_final_code_artifact_cleanup,root_before_cleanup/results/longform/msmarco__mistral_per_query.csv,28951,b1270640b2f7700ed7e462c095910424920a331031ad615b1b7ec255be9cfef7,yes,include,publication-safe under automated gate,
cleanup_20260506_final_code_artifact_cleanup,root_before_cleanup/results/longform/paradox_longform.csv,528,ad6256215e93c56c830229fc549d70c5427e3c5f2e556569798353a02d76f19e,yes,include,publication-safe under automated gate,
cleanup_20260506_final_code_artifact_cleanup,root_before_cleanup/results/longform/per_query.csv,64740,eafc34ae6ca91e5babe9075c4050f6f8dd140d7b6e5c52bea16760f7fbcf9b64,yes,include,publication-safe under automated gate,
cleanup_20260506_final_code_artifact_cleanup,root_before_cleanup/results/longform/qasper__mistral_per_query.csv,36032,dd2616bd6addef6c680d9b72dbe5a66af5d09b7fce24180a8faf59e6c3fecd2b,yes,include,publication-safe under automated gate,
cleanup_20260506_final_code_artifact_cleanup,root_before_cleanup/results/longform/summary.csv,702,36d47ec924e63d797826e08a7bc2bc8dee1afe30ca0ab2ba50452acded948455,yes,include,publication-safe under automated gate,
cleanup_20260506_final_code_artifact_cleanup,root_before_cleanup/results/longform/summary.md,4313,bda98747badc382e76982f8aa7b62ad938510d8333ea366a5a3a8a06ee3096de,yes,include,publication-safe under automated gate,
cleanup_20260506_final_code_artifact_cleanup,root_before_cleanup/results/mech_classifier/cv_results.csv,127,65ae56c7da0ff49de510c9e681149f38a3a93de1351b66d6ca27aa15aa0e35a3,yes,include,publication-safe under automated gate,
cleanup_20260506_final_code_artifact_cleanup,root_before_cleanup/results/mech_classifier/feature_importance.csv,2693,bfdb548f9768dad31cbddeb9a9e40858fdc1e39ec0ebd3eb76009f0649d269b7,yes,include,publication-safe under automated gate,
cleanup_20260506_final_code_artifact_cleanup,root_before_cleanup/results/mech_classifier/features.csv,16211,f669430f06653733489c5bc75815af5fe3439473aed94c77df7bee08a15bb362,yes,include,publication-safe under automated gate,
cleanup_20260506_final_code_artifact_cleanup,root_before_cleanup/results/mech_classifier/summary.md,1646,6d2a1a8ab8051a375a0916d8a11dcee38663992d7e0a0e26452a6658d7a28ed2,yes,include,publication-safe under automated gate,
cleanup_20260506_final_code_artifact_cleanup,root_before_cleanup/results/mechanistic/entropy_by_layer.csv,26667,fdd88b2852c622cdea94ed69b6c0e4dd7db530312c85daec292b8d899185805b,yes,include,publication-safe under automated gate,
cleanup_20260506_final_code_artifact_cleanup,root_before_cleanup/results/mechanistic/per_pair.csv,6539,5bfb5b370313952bd9fc438b1a3c71545abcd6aef252c376ed70bd78d86cff39,yes,include,publication-safe under automated gate,
cleanup_20260506_final_code_artifact_cleanup,root_before_cleanup/results/mechanistic/retrieved_mass_by_layer.csv,26666,9dfb5d5dbfe9aead02544a22dacdd2acdc03ad1ce0d2f78e7b54eae38cf3f1fc,yes,include,publication-safe under automated gate,
cleanup_20260506_final_code_artifact_cleanup,root_before_cleanup/results/mechanistic/summary.md,656,6bacbfbf6fd02477d22d79b46560dea1a95cd2a8061bbb47df101b47a6cf8e0a,yes,include,publication-safe under automated gate,
cleanup_20260506_final_code_artifact_cleanup,root_before_cleanup/results/mechanistic/top_k_attributions.jsonl,126977,74613d75939d8a3d9953155269f236378974288b41d83de908f9301702180f8a,yes,include,publication-safe under automated gate,
cleanup_20260506_final_code_artifact_cleanup,root_before_cleanup/results/multi_retriever/completed_tuples.json,230,9b81933237c92491435db037e2eb474789026bca94c7fec60b42a474367fed80,yes,include,publication-safe under automated gate,
cleanup_20260506_final_code_artifact_cleanup,root_before_cleanup/results/multi_retriever/paradox_by_embedder.csv,886,c10e773692bea1608e5ebdc1191404915949a2982d04e13494caa8a7a3ae7345,yes,include,publication-safe under automated gate,
cleanup_20260506_final_code_artifact_cleanup,root_before_cleanup/results/multi_retriever/per_query.csv,391024,782abf51ed1f2c4d5be45c28228a8bf073b8b21465defd8347dc11ba97fcc880,yes,include,publication-safe under automated gate,
cleanup_20260506_final_code_artifact_cleanup,root_before_cleanup/results/multi_retriever/pubmedqa__bge-large_per_query.csv,78585,a1571f9441655dad310deb724eb977d4f91b3d91f4062e430e523e673122dcf9,yes,include,publication-safe under automated gate,
cleanup_20260506_final_code_artifact_cleanup,root_before_cleanup/results/multi_retriever/pubmedqa__e5-large_per_query.csv,78853,85b487f5c307f77855b5514166683d9357ba82af2d1da40941594128475bb49c,yes,include,publication-safe under automated gate,
cleanup_20260506_final_code_artifact_cleanup,root_before_cleanup/results/multi_retriever/pubmedqa__gte-large_per_query.csv,80336,941d0d50d523a79cb5a496b4760ee38e10909253224c6a9c0c07ab81d462d7cd,yes,include,publication-safe under automated gate,
cleanup_20260506_final_code_artifact_cleanup,root_before_cleanup/results/multi_retriever/pubmedqa__minilm_per_query.csv,78918,79af9d411b9886f5801322d3a41f45ff01d00de6b0448b07675b3d73ce1f3ce0,yes,include,publication-safe under automated gate,
cleanup_20260506_final_code_artifact_cleanup,root_before_cleanup/results/multi_retriever/squad__bge-large_per_query.csv,18305,9ef9ca12eeaebc9658a238f3c27444bb94fc3be874d3bdd782a5380261e5457f,yes,include,publication-safe under automated gate,
cleanup_20260506_final_code_artifact_cleanup,root_before_cleanup/results/multi_retriever/squad__e5-large_per_query.csv,18230,89e9c7f509002bbbe9549dfecb59556039563bde0ee43e8efc2f842ff8a2e719,yes,include,publication-safe under automated gate,
cleanup_20260506_final_code_artifact_cleanup,root_before_cleanup/results/multi_retriever/squad__gte-large_per_query.csv,18445,772b0bb4a800d4a5bfaada549b2a378cf591d654da45859d263e1ff4c09add59,yes,include,publication-safe under automated gate,
cleanup_20260506_final_code_artifact_cleanup,root_before_cleanup/results/multi_retriever/squad__minilm_per_query.csv,20332,a32bfab1bca13bb286b17e65e08adb2ddd3a57a587b9cb033fa40d02b62650bc,yes,include,publication-safe under automated gate,
cleanup_20260506_final_code_artifact_cleanup,root_before_cleanup/results/multi_retriever/summary.csv,1569,f581f4e134c017462dce7d817f6425ab269d57f759164c02efd54f29d9a4cc0f,yes,include,publication-safe under automated gate,
cleanup_20260506_final_code_artifact_cleanup,root_before_cleanup/results/multi_retriever/summary.md,6844,0ede46b5b56e71ad29912e0c5c04e86d8904e5aa6fda199c8ffb1053a37b2df0,yes,include,publication-safe under automated gate,
cleanup_20260506_final_code_artifact_cleanup,root_before_cleanup/results/multidataset/coherence_paradox.csv,595,f0649df1f1a875ea439d17ec6abb3399baa3fc00e0dedae31371f26fd3ea9590,yes,include,publication-safe under automated gate,
cleanup_20260506_final_code_artifact_cleanup,root_before_cleanup/results/multidataset/completed_tuples.json,524,e3c7fd3401399013bd78956f11f5b6d9c53cadaef2f9411443b294cd9132a8f8,yes,include,publication-safe under automated gate,
cleanup_20260506_final_code_artifact_cleanup,root_before_cleanup/results/multidataset/hotpotqa__llama3_per_query.csv,28600,8d5fd0ef6c0cd824aee3ad37fd81a09cb5cbe630e782a0dc3645be5997702173,yes,include,publication-safe under automated gate,
cleanup_20260506_final_code_artifact_cleanup,root_before_cleanup/results/multidataset/hotpotqa__mistral_per_query.csv,33440,65e614b0d0f55520d9ace404490938c60c7ce8d3f76edff6b18d79dc8f3b5858,yes,include,publication-safe under automated gate,
cleanup_20260506_final_code_artifact_cleanup,root_before_cleanup/results/multidataset/hotpotqa__qwen2.5_per_query.csv,30370,6e9040c9f6f3035ec21f056d48dd8297b8ae2ecfa3002edccaed011a9ef39399,yes,include,publication-safe under automated gate,
cleanup_20260506_final_code_artifact_cleanup,root_before_cleanup/results/multidataset/naturalqs__llama3_per_query.csv,29587,ae88b56c4af4eff5683b31f77a4394c9426b0469dab596e76a9cbb2d89191e41,yes,include,publication-safe under automated gate,
cleanup_20260506_final_code_artifact_cleanup,root_before_cleanup/results/multidataset/naturalqs__mistral_per_query.csv,30414,1bbdf152061a6071c302eb977d57b9286c0c490ca6dcab598ccaaf900a7662fe,yes,include,publication-safe under automated gate,
cleanup_20260506_final_code_artifact_cleanup,root_before_cleanup/results/multidataset/naturalqs__qwen2.5_per_query.csv,30145,ea2447a82cbc2ab62e5e14c244dc2abb7fb0320389f5b4a6d36511f305d7069c,yes,include,publication-safe under automated gate,
cleanup_20260506_final_code_artifact_cleanup,root_before_cleanup/results/multidataset/per_query.csv,541130,73c3da9c909f3d1da087a78a2a69063f9ddf9a4da0e5f7faae06c20cc19c52ab,yes,include,publication-safe under automated gate,
cleanup_20260506_final_code_artifact_cleanup,root_before_cleanup/results/multidataset/pubmedqa__llama3_per_query.csv,72867,5ad578c62a7db4bfc9facc79a74e18fd58d53777e4798d96f721fdf7c71790dd,yes,include,publication-safe under automated gate,
cleanup_20260506_final_code_artifact_cleanup,root_before_cleanup/results/multidataset/pubmedqa__mistral_per_query.csv,77430,5d6ccfea0ed1e00d9919d5094507b1567087ca7b4f2960ff08a2013cae56a7b4,yes,include,publication-safe under automated gate,
cleanup_20260506_final_code_artifact_cleanup,root_before_cleanup/results/multidataset/pubmedqa__qwen2.5_per_query.csv,86529,506213d8499179c29eef4265b2b449ac2985ab61e8fbe13a71c71ba7afc8d4fd,yes,include,publication-safe under automated gate,
cleanup_20260506_final_code_artifact_cleanup,root_before_cleanup/results/multidataset/squad__llama3_per_query.csv,16551,dbd328c2ae5bb69dac8f955162d67a51c228a5031654e818cd04539d6a5cd2ab,yes,include,publication-safe under automated gate,
cleanup_20260506_final_code_artifact_cleanup,root_before_cleanup/results/multidataset/squad__mistral_per_query.csv,19487,470f8b42bc44f668918e5798d1f529cef34928bf86517dc125ff5151c3a73093,yes,include,publication-safe under automated gate,
cleanup_20260506_final_code_artifact_cleanup,root_before_cleanup/results/multidataset/squad__qwen2.5_per_query.csv,20512,87a9077282f817c22f156e158e8fe8d1316001a7f09c426d3651893093824567,yes,include,publication-safe under automated gate,
cleanup_20260506_final_code_artifact_cleanup,root_before_cleanup/results/multidataset/summary.csv,2540,b9e98c5976dc1738b10e64a2f1084ac7549969a78d09da2260dfe1e52d7cd643,yes,include,publication-safe under automated gate,
cleanup_20260506_final_code_artifact_cleanup,root_before_cleanup/results/multidataset/summary.md,4103,e1819094b9df19de5e216b47642afeb22b6f373514e12f5f570a3974705b3ef5,yes,include,publication-safe under automated gate,
cleanup_20260506_final_code_artifact_cleanup,root_before_cleanup/results/multidataset/triviaqa__llama3_per_query.csv,20374,14a13b284cf990cf2e17c5772f4ed7230d0969e34daf5c2be639369b6fe391ea,yes,include,publication-safe under automated gate,
cleanup_20260506_final_code_artifact_cleanup,root_before_cleanup/results/multidataset/triviaqa__mistral_per_query.csv,25045,bbbe8d42a871f0a267d0986c3019cf440a9dd4f74f217eb1c3c4a2f8f1d407ec,yes,include,publication-safe under automated gate,
cleanup_20260506_final_code_artifact_cleanup,root_before_cleanup/results/multidataset/triviaqa__qwen2.5_per_query.csv,21557,4c9fb885267db9693b65862caea74e672767d42b89df87f9c2de0f303c9b0e21,yes,include,publication-safe under automated gate,
cleanup_20260506_final_code_artifact_cleanup,root_before_cleanup/results/multimodel/llama3_pubmedqa_chunk1024_k3_cot.csv,40643,6ad4f33c8caad81df4c9af02914a8a1231dc456eda5e010d1e3dcae04806b276,yes,include,publication-safe under automated gate,
cleanup_20260506_final_code_artifact_cleanup,root_before_cleanup/results/multimodel/llama3_pubmedqa_chunk1024_k3_strict.csv,42604,5111e21a26f4b14a671e14b2fce1856982d961c83a8b1fb335deb47392537e7c,yes,include,publication-safe under automated gate,
cleanup_20260506_final_code_artifact_cleanup,root_before_cleanup/results/multimodel/llama3_pubmedqa_chunk1024_k5_cot.csv,44055,8f109b054d8b3b04a8131ac90e93be6841687495a3b52a944cf7015a343475bc,yes,include,publication-safe under automated gate,
cleanup_20260506_final_code_artifact_cleanup,root_before_cleanup/results/multimodel/llama3_pubmedqa_chunk1024_k5_strict.csv,43520,b5945c2d9ff4583d4c990744ec0b8d275e7453966848db282b976560cd6ce4a7,yes,include,publication-safe under automated gate,
cleanup_20260506_final_code_artifact_cleanup,root_before_cleanup/results/multimodel/llama3_pubmedqa_chunk256_k3_cot.csv,36785,1f728680b02a147650a3b1536103cb9f10178573b28d6484a3df55be0dbce98c,yes,include,publication-safe under automated gate,
cleanup_20260506_final_code_artifact_cleanup,root_before_cleanup/results/multimodel/llama3_pubmedqa_chunk256_k3_strict.csv,38162,95f8242f1e35fa5f88d3c7dbfef52bda780872a91d5abd407c09523e980863a3,yes,include,publication-safe under automated gate,
cleanup_20260506_final_code_artifact_cleanup,root_before_cleanup/results/multimodel/llama3_pubmedqa_chunk256_k5_cot.csv,37823,a59d87918340e9a4fbe2254964ac39fd02f6c526dc07dfab9dcbcb5afc6d6221,yes,include,publication-safe under automated gate,
cleanup_20260506_final_code_artifact_cleanup,root_before_cleanup/results/multimodel/llama3_pubmedqa_chunk256_k5_strict.csv,38721,1fea29dc1d76c928efdcc9995c769581028f658fa4647bae01fb88e57870b224,yes,include,publication-safe under automated gate,
cleanup_20260506_final_code_artifact_cleanup,root_before_cleanup/results/multimodel/llama3_pubmedqa_chunk512_k3_cot.csv,37257,9fc343b221b5bf652e4117025d596589fa44921766b60f05ea9c22a3cee3c02d,yes,include,publication-safe under automated gate,
cleanup_20260506_final_code_artifact_cleanup,root_before_cleanup/results/multimodel/llama3_pubmedqa_chunk512_k3_strict.csv,40136,e11d8aa649c9b914254653e557c369cb87896c85a7ff1160c84422d22fc816a3,yes,include,publication-safe under automated gate,
cleanup_20260506_final_code_artifact_cleanup,root_before_cleanup/results/multimodel/llama3_pubmedqa_chunk512_k5_cot.csv,39201,ed4a8ec52cceb9ad7ef99f5997dc7b5f537ba24edb15ca0671bb19a133f6671c,yes,include,publication-safe under automated gate,
cleanup_20260506_final_code_artifact_cleanup,root_before_cleanup/results/multimodel/llama3_pubmedqa_chunk512_k5_strict.csv,42615,e107b485ec36e784d54de453c4d725b49d0744eb1fe7bb593b02357a26688296,yes,include,publication-safe under automated gate,
cleanup_20260506_final_code_artifact_cleanup,root_before_cleanup/results/multimodel/llama3_squad_chunk1024_k3_cot.csv,21661,c0542f59ccf3f65d8969a54b616a30839e9df6c5a6fbb3a443ad3635b9759ab4,yes,include,publication-safe under automated gate,
cleanup_20260506_final_code_artifact_cleanup,root_before_cleanup/results/multimodel/llama3_squad_chunk1024_k3_strict.csv,22056,ca29d8ad73f0bbcb05cf85f5ca87b2a292478bbd34796cb8f0c86b4039bf6f7a,yes,include,publication-safe under automated gate,
cleanup_20260506_final_code_artifact_cleanup,root_before_cleanup/results/multimodel/llama3_squad_chunk1024_k5_cot.csv,22728,08f8b5551a5beeba3d63a997d4a7ce24c12d5c53c5973d5ac423006d64c569a2,yes,include,publication-safe under automated gate,
cleanup_20260506_final_code_artifact_cleanup,root_before_cleanup/results/multimodel/llama3_squad_chunk1024_k5_strict.csv,22293,436fb6fdc31fa89498634954b5a6feb50dc254b412b47465c89fd5049a159b7d,yes,include,publication-safe under automated gate,
cleanup_20260506_final_code_artifact_cleanup,root_before_cleanup/results/multimodel/llama3_squad_chunk256_k3_cot.csv,22121,654e01a6bf1bdb439b567fcc76b82492326d31a8abd33873d78c9b93509d9d77,yes,include,publication-safe under automated gate,
cleanup_20260506_final_code_artifact_cleanup,root_before_cleanup/results/multimodel/llama3_squad_chunk256_k3_strict.csv,22250,2a4452f71a8e3967fd88fb4281c5c3c3aa7774d5ae5236609b4b36d6876181be,yes,include,publication-safe under automated gate,
cleanup_20260506_final_code_artifact_cleanup,root_before_cleanup/results/multimodel/llama3_squad_chunk256_k5_cot.csv,22147,a5d9dd4cd12fdddfbe931d702a7f2d92bfd48d065c81134a7b636d427340e842,yes,include,publication-safe under automated gate,
cleanup_20260506_final_code_artifact_cleanup,root_before_cleanup/results/multimodel/llama3_squad_chunk256_k5_strict.csv,23596,00ca62077ea6b8da21cca76516376252d54e4fa5d8ff4aa0e07f656886c78d09,yes,include,publication-safe under automated gate,
cleanup_20260506_final_code_artifact_cleanup,root_before_cleanup/results/multimodel/llama3_squad_chunk512_k3_cot.csv,23192,af2fbf3e584f94f53b3a5bb65553b39f2e806f79a6e1ffe9cad4918b5cfbb1a0,yes,include,publication-safe under automated gate,
cleanup_20260506_final_code_artifact_cleanup,root_before_cleanup/results/multimodel/llama3_squad_chunk512_k3_strict.csv,22830,c0b237dac2a2958d70d076d1a2fc944fc8c05077e73b1fb6f2b7fe02cec005bc,yes,include,publication-safe under automated gate,
cleanup_20260506_final_code_artifact_cleanup,root_before_cleanup/results/multimodel/llama3_squad_chunk512_k5_cot.csv,21842,6a7676f47d87b64e353a4058d37cef977619c806d2748e76807d7d6672e7c07f,yes,include,publication-safe under automated gate,
cleanup_20260506_final_code_artifact_cleanup,root_before_cleanup/results/multimodel/llama3_squad_chunk512_k5_strict.csv,22436,ed1a717f9fc93baa1a6c9fff74e59a690016e12dc717a1edef392da09dcca690,yes,include,publication-safe under automated gate,
cleanup_20260506_final_code_artifact_cleanup,root_before_cleanup/results/multimodel/mistral_pubmedqa_chunk1024_k3_cot.csv,45381,67ecd3137f41f9379dbc3b019e09842fe596d7bea927cfddbaa19140a0da82a9,yes,include,publication-safe under automated gate,
cleanup_20260506_final_code_artifact_cleanup,root_before_cleanup/results/multimodel/mistral_pubmedqa_chunk1024_k3_strict.csv,44490,33935c3174147557b3a873672e469c6dc5814897aced8413cbf79e5f142aed58,yes,include,publication-safe under automated gate,
cleanup_20260506_final_code_artifact_cleanup,root_before_cleanup/results/multimodel/mistral_pubmedqa_chunk1024_k5_cot.csv,46366,1b603a2c57f4858b9385b4b9f0d949c4c42e38fee17827e26631160a58bd0f13,yes,include,publication-safe under automated gate,
cleanup_20260506_final_code_artifact_cleanup,root_before_cleanup/results/multimodel/mistral_pubmedqa_chunk1024_k5_strict.csv,43868,c8d604608ddb9656f8448a5b3d0bc5645ebd369569f64b4eae06fd828d6242f2,yes,include,publication-safe under automated gate,
cleanup_20260506_final_code_artifact_cleanup,root_before_cleanup/results/multimodel/mistral_pubmedqa_chunk256_k3_cot.csv,37309,6b938c9d66d24ec5ef632c05be7b85bf64cc73e16bace59bab3d3e4817bc30cd,yes,include,publication-safe under automated gate,
cleanup_20260506_final_code_artifact_cleanup,root_before_cleanup/results/multimodel/mistral_pubmedqa_chunk256_k3_strict.csv,39378,44c4250e160d6539263315f7a9aa39f9d98172aa839aef88da6a4d6d6bbd6da4,yes,include,publication-safe under automated gate,
cleanup_20260506_final_code_artifact_cleanup,root_before_cleanup/results/multimodel/mistral_pubmedqa_chunk256_k5_cot.csv,37936,3b3f40d25f05b3b31097946616d24af6d36c109335c9124d6bb8088e5459e0b5,yes,include,publication-safe under automated gate,
cleanup_20260506_final_code_artifact_cleanup,root_before_cleanup/results/multimodel/mistral_pubmedqa_chunk256_k5_strict.csv,40688,2a685e2d4effda4ccec59a3b8156ffedd8a68c0795cc06f99e7e8d6bd365cf92,yes,include,publication-safe under automated gate,
cleanup_20260506_final_code_artifact_cleanup,root_before_cleanup/results/multimodel/mistral_pubmedqa_chunk512_k3_cot.csv,41117,d749efa3619cad5ddfd23bad57ba2e27a0fdf2539d27fc63e0cbd317ff334200,yes,include,publication-safe under automated gate,
cleanup_20260506_final_code_artifact_cleanup,root_before_cleanup/results/multimodel/mistral_pubmedqa_chunk512_k3_strict.csv,45086,95ad4871fdddef6809719d63371fb7ec28f361f98a5b6ddfe7707a4a42ac6633,yes,include,publication-safe under automated gate,
cleanup_20260506_final_code_artifact_cleanup,root_before_cleanup/results/multimodel/mistral_pubmedqa_chunk512_k5_cot.csv,43673,9a36049575867b6ffe78ab9f65b96ccf50ba913822f7b86a16f0fc2e50b31b8c,yes,include,publication-safe under automated gate,
cleanup_20260506_final_code_artifact_cleanup,root_before_cleanup/results/multimodel/mistral_pubmedqa_chunk512_k5_strict.csv,43498,57d4e57d1cb71954fef3e6f54ad6a29e0977a7ef0592c05805947a0ee81d8963,yes,include,publication-safe under automated gate,
cleanup_20260506_final_code_artifact_cleanup,root_before_cleanup/results/multimodel/mistral_squad_chunk1024_k3_cot.csv,22839,f5553d8f2fb0d30202c5564976f673dbd7ce66eb209c534181296d228c8e94d4,yes,include,publication-safe under automated gate,
cleanup_20260506_final_code_artifact_cleanup,root_before_cleanup/results/multimodel/mistral_squad_chunk1024_k3_strict.csv,21904,a9846c00991baf2138d2f7f7d185f303cf1b1d545804b759cd2b13ad336c87ad,yes,include,publication-safe under automated gate,
cleanup_20260506_final_code_artifact_cleanup,root_before_cleanup/results/multimodel/mistral_squad_chunk1024_k5_cot.csv,21885,0e5ace593444895e919677875ce455ddde5b58de49f0a1f75b0fc72af9b3b68a,yes,include,publication-safe under automated gate,
cleanup_20260506_final_code_artifact_cleanup,root_before_cleanup/results/multimodel/mistral_squad_chunk1024_k5_strict.csv,22658,f8150480bcb99b1b1622ca2deb9e03adc560d444ef49af2f2bdb4909f2b68733,yes,include,publication-safe under automated gate,
cleanup_20260506_final_code_artifact_cleanup,root_before_cleanup/results/multimodel/mistral_squad_chunk256_k3_cot.csv,28383,aec843617b91d37676c9f8db399fcd0c4d453a8dd7ea4b014335c54b1e1d77ba,yes,include,publication-safe under automated gate,
cleanup_20260506_final_code_artifact_cleanup,root_before_cleanup/results/multimodel/mistral_squad_chunk256_k3_strict.csv,26014,6d64efbd3b99058500c7172d5657844ba6517af43eb3a5c0d5734aa9f2ce5171,yes,include,publication-safe under automated gate,
cleanup_20260506_final_code_artifact_cleanup,root_before_cleanup/results/multimodel/mistral_squad_chunk256_k5_cot.csv,24360,73479ce818c1e9bedfd716861985b7f11e239fdbafba1a706a76631bda3e1278,yes,include,publication-safe under automated gate,
cleanup_20260506_final_code_artifact_cleanup,root_before_cleanup/results/multimodel/mistral_squad_chunk256_k5_strict.csv,22901,af8576356ae7dd7a10a9354745eb90dc77ee61433bc8b4cfa63d9cdac28b4c5f,yes,include,publication-safe under automated gate,
cleanup_20260506_final_code_artifact_cleanup,root_before_cleanup/results/multimodel/mistral_squad_chunk512_k3_cot.csv,24393,a3a1e62b92556ef89ed499ba4783a28838c7a757cb7ae3306595384c16011965,yes,include,publication-safe under automated gate,
cleanup_20260506_final_code_artifact_cleanup,root_before_cleanup/results/multimodel/mistral_squad_chunk512_k3_strict.csv,22705,c35665d994873dc067359b05c48b2ba3303e85393ee38a051d2765e16d57f0d2,yes,include,publication-safe under automated gate,
cleanup_20260506_final_code_artifact_cleanup,root_before_cleanup/results/multimodel/mistral_squad_chunk512_k5_cot.csv,22764,557689d9f01a9eed03ddaef9592f62decf56077a7f2713384275e0df67299fb1,yes,include,publication-safe under automated gate,
cleanup_20260506_final_code_artifact_cleanup,root_before_cleanup/results/multimodel/mistral_squad_chunk512_k5_strict.csv,21574,559141c84345da89c361a3421180bb184cc10248496a40d9db42a402ca41a9d6,yes,include,publication-safe under automated gate,
cleanup_20260506_final_code_artifact_cleanup,root_before_cleanup/results/multimodel/summary.csv,2112,52fd4668fc4f843f4aa8222acae8e02d3d4afb8d452df30e9027339599d53150,yes,include,publication-safe under automated gate,
cleanup_20260506_final_code_artifact_cleanup,root_before_cleanup/results/multimodel/summary.json,10229,d38ca300e20a3d117d962013d6fb37628711e1a28159fddb104d8edb9e4b678d,yes,include,publication-safe under automated gate,
cleanup_20260506_final_code_artifact_cleanup,root_before_cleanup/results/multiseed/paradox_variance.csv,163,ebea626f7f697c1ac1785a9d96b50b64e3ca0e1692472d958e383070b47c40c1,yes,include,publication-safe under automated gate,
cleanup_20260506_final_code_artifact_cleanup,root_before_cleanup/results/multiseed/per_query.csv,293732,5239dfc1e596567c3509ed465230a8e472847f22621b7788bf45047f612abf3e,yes,include,publication-safe under automated gate,
cleanup_20260506_final_code_artifact_cleanup,root_before_cleanup/results/multiseed/seed_41_per_query.csv,97531,15d800ecc0cd0a244a0ef886e952ec7409621ee5aafa39082454a20f3fbdfaeb,yes,include,publication-safe under automated gate,
cleanup_20260506_final_code_artifact_cleanup,root_before_cleanup/results/multiseed/seed_42_per_query.csv,97617,32305fa5346ebd1e1f8283f75c0451c4f3cc4367b59762c8e550ec0bffd3816b,yes,include,publication-safe under automated gate,
cleanup_20260506_final_code_artifact_cleanup,root_before_cleanup/results/multiseed/seed_43_per_query.csv,98848,047866c178b77f5aed45db84ac0cb1b1f6fa21db360a26112d83752ceb86bfad,yes,include,publication-safe under automated gate,
cleanup_20260506_final_code_artifact_cleanup,root_before_cleanup/results/multiseed/variance_summary.csv,370,52b3195d43e8b4e7fcb7bb6b2eedf12a4786ada3e05344d3e55f0f0945da85e0,yes,include,publication-safe under automated gate,
cleanup_20260506_final_code_artifact_cleanup,root_before_cleanup/results/multiseed/variance_summary.md,1636,802491413cb8a8ab8c465356099de7ade603a97b1df7dda6782dc87fb75d4996,yes,include,publication-safe under automated gate,
cleanup_20260506_final_code_artifact_cleanup,root_before_cleanup/results/noise_injection/coherence_vs_noise.csv,272,b5e22200ea3f82ba67107519c9ad1d451736254223dbeef1f54096f7b7e68110,yes,include,publication-safe under automated gate,
cleanup_20260506_final_code_artifact_cleanup,root_before_cleanup/results/noise_injection/completed_tuples.json,86,9b01142a6d88603bc0452d1d4a21c59c18d3a9b58eec174797e10d34c3f3e2e3,yes,include,publication-safe under automated gate,
cleanup_20260506_final_code_artifact_cleanup,root_before_cleanup/results/noise_injection/hotpotqa__mistral_per_query.csv,40413,a5ce12119aabbcfa36e387de87958e493a0a4c84f82739ec7a66a58225dae88f,yes,include,publication-safe under automated gate,
cleanup_20260506_final_code_artifact_cleanup,root_before_cleanup/results/noise_injection/per_query.csv,157765,4395dbe6b6547f2ecaa3f40e84763d791ae161b7e79e0c5544ef28685ebe0f55,yes,include,publication-safe under automated gate,
cleanup_20260506_final_code_artifact_cleanup,root_before_cleanup/results/noise_injection/pubmedqa__mistral_per_query.csv,90063,c97c9ef05920902a11a3fa64a433788e5c5de8b1f3c368fdc6f91d6d75da26e9,yes,include,publication-safe under automated gate,
cleanup_20260506_final_code_artifact_cleanup,root_before_cleanup/results/noise_injection/squad__mistral_per_query.csv,27485,220341ddd11dfc6ae8bf5786d8ba7902819baf2f19b2b6cc27a22824599775b6,yes,include,publication-safe under automated gate,
cleanup_20260506_final_code_artifact_cleanup,root_before_cleanup/results/noise_injection/summary.csv,619,ad7358e6956232d0021feaaffed393af3d81a0cd80bb41d1e7d512ff9c43b066,yes,include,publication-safe under automated gate,
cleanup_20260506_final_code_artifact_cleanup,root_before_cleanup/results/noise_injection/summary.md,2845,0f00167b135d53f12790c2fd5b5e0c184cfb113d10df7f52fbd087d39c5a5d1a,yes,include,publication-safe under automated gate,
cleanup_20260506_final_code_artifact_cleanup,root_before_cleanup/results/paper_tables/ALL_TABLES.md,15737,df07af1c997928e9853cea08049b7bedc88720c89cb0fc63c698ef3d4d236388,yes,include,publication-safe under automated gate,
cleanup_20260506_final_code_artifact_cleanup,root_before_cleanup/results/paper_tables/missing.md,220,f432a6ec306dbb824e6218864cba9fa5ba6b42ee9d5ea2b565298ead4f16a0b5,yes,include,publication-safe under automated gate,
cleanup_20260506_final_code_artifact_cleanup,root_before_cleanup/results/paper_tables/table_10_gap3_zeroshot.md,1022,77105195471c496ecd44ebde8ff8b883ad21e03b7be7e46fedfbc126eb10b33d,yes,include,publication-safe under automated gate,
cleanup_20260506_final_code_artifact_cleanup,root_before_cleanup/results/paper_tables/table_11_mech_classifier.md,383,91338d32c3b1ae74452ac8cc2484dc6934481a016a6dae87072e6ef9cc918a2f,yes,include,publication-safe under automated gate,
cleanup_20260506_final_code_artifact_cleanup,root_before_cleanup/results/paper_tables/table_12_deployment.md,1883,b79ebd58bf422568244555edf0b059eb9f44baa2b2c2c4a5f663d90b6e773b5e,yes,include,publication-safe under automated gate,
cleanup_20260506_final_code_artifact_cleanup,root_before_cleanup/results/paper_tables/table_1_headtohead.md,1258,73fd04d643154d57612f907f7a9427f06809b1d32ea9583d2810011d67ae3b30,yes,include,publication-safe under automated gate,
cleanup_20260506_final_code_artifact_cleanup,root_before_cleanup/results/paper_tables/table_2_multidataset.md,2357,31fac4aff5b268b2afdbd46b45beb22eaf3f09586a364376ea5cc0063e12ee16,yes,include,publication-safe under automated gate,
cleanup_20260506_final_code_artifact_cleanup,root_before_cleanup/results/paper_tables/table_3_multi_retriever.md,2048,b7e3fbe364da023d326b49a6f4921678e192a7caad99911d7f8b654efb8da417,yes,include,publication-safe under automated gate,
cleanup_20260506_final_code_artifact_cleanup,root_before_cleanup/results/paper_tables/table_4_raptor.md,1268,834fd9dca6089eab3b54ae7fc5b3f77c06cf748308005a30ebe78dcdcebae8e1,yes,include,publication-safe under automated gate,
cleanup_20260506_final_code_artifact_cleanup,root_before_cleanup/results/paper_tables/table_5_longform.md,1451,7a3aa939592b2d7cbe7ab912734db444b0d78d0776cb1a9ba4fc319f3d367851,yes,include,publication-safe under automated gate,
cleanup_20260506_final_code_artifact_cleanup,root_before_cleanup/results/paper_tables/table_6_frontier.md,96,32f115522b3e2615565a0aaf9de7930096ac715eef1581ecca70cbdd7871249c,yes,include,publication-safe under automated gate,
cleanup_20260506_final_code_artifact_cleanup,root_before_cleanup/results/paper_tables/table_7_variance.md,988,a74403cfe722557ef2b1825452abf658f49486e52fce24de0a742b5e811010cb,yes,include,publication-safe under automated gate,
cleanup_20260506_final_code_artifact_cleanup,root_before_cleanup/results/paper_tables/table_8_gap1_noise.md,709,d658766a7328ec54536b543d8f51e5d64b7481a9a72e548afd37c6b060618deb,yes,include,publication-safe under automated gate,
cleanup_20260506_final_code_artifact_cleanup,root_before_cleanup/results/paper_tables/table_9_gap2_prompt.md,2283,72786f617da7f7ac633d8db57305becdceb42dfaec508643db7049a99d608bff,yes,include,publication-safe under automated gate,
cleanup_20260506_final_code_artifact_cleanup,root_before_cleanup/results/prompt_ablation/completed_tuples.json,428,4a4ff4f3fb0a28ef5408a83c4339bbf615232289c9c6ed77bc5ba2323beae8b9,yes,include,publication-safe under automated gate,
cleanup_20260506_final_code_artifact_cleanup,root_before_cleanup/results/prompt_ablation/hotpotqa__concise__mistral_per_query.csv,23899,cdcc52676b291c33a2c4c5f9460524b5a694083d76195cd3b825f63ca37b234d,yes,include,publication-safe under automated gate,
cleanup_20260506_final_code_artifact_cleanup,root_before_cleanup/results/prompt_ablation/hotpotqa__cot__mistral_per_query.csv,37195,df7d3928ab77df430ea8ca7a48cc866e31e3529af3640bd450723197188a36d6,yes,include,publication-safe under automated gate,
cleanup_20260506_final_code_artifact_cleanup,root_before_cleanup/results/prompt_ablation/hotpotqa__expert__mistral_per_query.csv,36916,1d2a8245612a6de12c284a17cd5a80944047a1ca041bc30ea9296c83f76e1742,yes,include,publication-safe under automated gate,
cleanup_20260506_final_code_artifact_cleanup,root_before_cleanup/results/prompt_ablation/hotpotqa__strict__mistral_per_query.csv,35129,b8a7c668ca8b958d8329de8a09742137e4d898ae2e22b0c91caa5d1f64418674,yes,include,publication-safe under automated gate,
cleanup_20260506_final_code_artifact_cleanup,root_before_cleanup/results/prompt_ablation/paradox_by_prompt.csv,843,3978803f57bced73f27291b4624e75558fe1e504c3517d49ad13eb3095b34bea,yes,include,publication-safe under automated gate,
cleanup_20260506_final_code_artifact_cleanup,root_before_cleanup/results/prompt_ablation/per_query.csv,519403,9cd07fd0e48e40aa9035258f038fc982e74fc3fad9a22d12ff3c51674696ed7a,yes,include,publication-safe under automated gate,
cleanup_20260506_final_code_artifact_cleanup,root_before_cleanup/results/prompt_ablation/pubmedqa__concise__mistral_per_query.csv,51822,2b17ce53c2a9140c4b0a1678e1a7ac825a6635a1be4919d90879a1d21134ac2b,yes,include,publication-safe under automated gate,
cleanup_20260506_final_code_artifact_cleanup,root_before_cleanup/results/prompt_ablation/pubmedqa__cot__mistral_per_query.csv,83994,c1013cf7140bff16ac45d18b2890fba30888e32536d096c860f3550cf25c1c0d,yes,include,publication-safe under automated gate,
cleanup_20260506_final_code_artifact_cleanup,root_before_cleanup/results/prompt_ablation/pubmedqa__expert__mistral_per_query.csv,87995,a62d67703aa20b8422cb27602807fcf272da490ac938b141b4d7597198447845,yes,include,publication-safe under automated gate,
cleanup_20260506_final_code_artifact_cleanup,root_before_cleanup/results/prompt_ablation/pubmedqa__strict__mistral_per_query.csv,78966,b6f98a51cb7980fd458ac4bd71636faad93a3e4e541cc319cfb2d28a07c639c2,yes,include,publication-safe under automated gate,
cleanup_20260506_final_code_artifact_cleanup,root_before_cleanup/results/prompt_ablation/squad__concise__mistral_per_query.csv,15307,45d557a49cd09d2eb38a7e0acf38fd710a8859a162dbce0c9168ce182f302645,yes,include,publication-safe under automated gate,
cleanup_20260506_final_code_artifact_cleanup,root_before_cleanup/results/prompt_ablation/squad__cot__mistral_per_query.csv,23997,fc310238380df54c442e09515fe7c50ac45ecc85c8584a886cb012256ecfc7a5,yes,include,publication-safe under automated gate,
cleanup_20260506_final_code_artifact_cleanup,root_before_cleanup/results/prompt_ablation/squad__expert__mistral_per_query.csv,25256,1660c886e630d0ade1c21a684649a181bd2a7565bd5f457af9400ab0eefc4a31,yes,include,publication-safe under automated gate,
cleanup_20260506_final_code_artifact_cleanup,root_before_cleanup/results/prompt_ablation/squad__strict__mistral_per_query.csv,20533,ada68fd39a9b9848c90e6fdf699a89da27e522742ac0077a841779b853a66760,yes,include,publication-safe under automated gate,
cleanup_20260506_final_code_artifact_cleanup,root_before_cleanup/results/prompt_ablation/summary.csv,2519,c681484124646c5d3c885fa5c6e0315292d6de5d8a01cd08557986d4f066a997,yes,include,publication-safe under automated gate,
cleanup_20260506_final_code_artifact_cleanup,root_before_cleanup/results/prompt_ablation/summary.md,8116,4cdca7fdf3ca3f971a2f364ba59043342e3e8945963ac3e3ad32625e45bfbc4f,yes,include,publication-safe under automated gate,
cleanup_20260506_final_code_artifact_cleanup,root_before_cleanup/results/pubmedqa/ablation_chunk1024_k3_cot.csv,177311,8964bb340afce0924c195f40d6cb03324e331db9d1c57a874ac913bfe5a809ef,yes,include,publication-safe under automated gate,
cleanup_20260506_final_code_artifact_cleanup,root_before_cleanup/results/pubmedqa/ablation_chunk1024_k3_strict.csv,178560,d2974f4c3bd5e1488f2bb19f70cc8d29b68c67f4c70daf1f6703851d49b3221c,yes,include,publication-safe under automated gate,
cleanup_20260506_final_code_artifact_cleanup,root_before_cleanup/results/pubmedqa/ablation_chunk1024_k5_cot.csv,274157,d06df1bb1409162f08f29256b2f26cf771ae74c5fffb12f638e11a0f470624b6,yes,include,publication-safe under automated gate,
cleanup_20260506_final_code_artifact_cleanup,root_before_cleanup/results/pubmedqa/ablation_chunk1024_k5_strict.csv,274150,150bd33308436925280dd6c9d379ccc3b5fc4058b0ece8f009fbc1ae1882e74c,yes,include,publication-safe under automated gate,
cleanup_20260506_final_code_artifact_cleanup,root_before_cleanup/results/pubmedqa/ablation_chunk256_k3_cot.csv,70105,5c1f5864efe724a56b0cfb1581952025967bae04726c3125d9bf6bb4f6622cc8,yes,include,publication-safe under automated gate,
cleanup_20260506_final_code_artifact_cleanup,root_before_cleanup/results/pubmedqa/ablation_chunk256_k3_strict.csv,69313,4a93c6cf159aec04183757dfc3d4664d17ebd28537495c13baf5d9df65a8e961,yes,include,publication-safe under automated gate,
cleanup_20260506_final_code_artifact_cleanup,root_before_cleanup/results/pubmedqa/ablation_chunk256_k5_cot.csv,100877,660426fe98899045789e51072b696b8f599098662118d65949aac7e5fc457be7,yes,include,publication-safe under automated gate,
cleanup_20260506_final_code_artifact_cleanup,root_before_cleanup/results/pubmedqa/ablation_chunk256_k5_strict.csv,101102,20010f2e839baa49ca2045e564ec45d4759466f3a980e6a71dbef072eb0f4a43,yes,include,publication-safe under automated gate,
cleanup_20260506_final_code_artifact_cleanup,root_before_cleanup/results/pubmedqa/ablation_chunk512_k3_cot.csv,113325,f718e5d8904f717ad1d01557e0ce119f7dc0845dbb5cfc7028123602045ca268,yes,include,publication-safe under automated gate,
cleanup_20260506_final_code_artifact_cleanup,root_before_cleanup/results/pubmedqa/ablation_chunk512_k3_strict.csv,113791,ce4d43dbc0bbd50a0d5c416a6609a4fe2faf8385fd5ca4f7595d84fb70e8a08b,yes,include,publication-safe under automated gate,
cleanup_20260506_final_code_artifact_cleanup,root_before_cleanup/results/pubmedqa/ablation_chunk512_k5_cot.csv,168664,8798737952b5661acf3a82a6f3fa01eb7179cf26c1f96c80f19c2ca2f73876d4,yes,include,publication-safe under automated gate,
cleanup_20260506_final_code_artifact_cleanup,root_before_cleanup/results/pubmedqa/ablation_chunk512_k5_strict.csv,167779,fbfd7677d2f93e499e824f616a7cc8f7227a59516e6619123fe059ffdf087d5c,yes,include,publication-safe under automated gate,
cleanup_20260506_final_code_artifact_cleanup,root_before_cleanup/results/pubmedqa/ablation_summary.csv,523,a37fec61e0c18630de6447255119b1b3aa0d6a64bc72e4a45390be236c955cff,yes,include,publication-safe under automated gate,
cleanup_20260506_final_code_artifact_cleanup,root_before_cleanup/results/pubmedqa/ablation_summary.json,2298,d987346e8819492b459e80444df9507af7a888996ac7c42919086d568cfa4cd1,yes,include,publication-safe under automated gate,
cleanup_20260506_final_code_artifact_cleanup,root_before_cleanup/results/qualitative/chunk_comparison.csv,176698,65f6ec688c9a96a18afb1fa693131c69cedf02c407ddcd10928fe0bc23a99c42,yes,include,publication-safe under automated gate,
cleanup_20260506_final_code_artifact_cleanup,root_before_cleanup/results/qualitative/example_metadata.json,237,e8610f77f30ab1010c3d5a682cf1cda57e6896c8dc48adf1a1fa33250b36a5fc,yes,include,publication-safe under automated gate,
cleanup_20260506_final_code_artifact_cleanup,root_before_cleanup/results/qualitative/worst_hallucinations.csv,141,f1593f2dd7f4440e09cceae446dba8a82bc2c0f3a1fb6544c014c208fb021727,yes,include,publication-safe under automated gate,
cleanup_20260506_final_code_artifact_cleanup,root_before_cleanup/results/quantization_sensitivity/completed_tuples.json,153,8bc3c21f148d66f797ac8afef21334077a5aaa6abeacd686f7df630646f074f8,yes,include,publication-safe under automated gate,
cleanup_20260506_final_code_artifact_cleanup,root_before_cleanup/results/quantization_sensitivity/paradox_by_quant.csv,408,b67c451b232d0ff624bbdf7f18584df7535fdfe5b8e87da07f34781e6de73385,yes,include,publication-safe under automated gate,
cleanup_20260506_final_code_artifact_cleanup,root_before_cleanup/results/quantization_sensitivity/per_query.csv,318845,a712a2cc9726734111bd08ed9a95a4cbeaf8fc0c4a9d9e52bd1ae892b1b32fa7,yes,include,publication-safe under automated gate,
cleanup_20260506_final_code_artifact_cleanup,root_before_cleanup/results/quantization_sensitivity/pubmedqa__q4_0_per_query.csv,79431,af40a6075033a56a0a9819abb17838c4424d57b12d357ac811be6c6b9a12bc19,yes,include,publication-safe under automated gate,
cleanup_20260506_final_code_artifact_cleanup,root_before_cleanup/results/quantization_sensitivity/pubmedqa__q5_K_M_per_query.csv,90757,c5e16cbb08556dabd8e17fa450f0f1e3635ba3e5f4bd45bf334908dd4ea4a114,yes,include,publication-safe under automated gate,
cleanup_20260506_final_code_artifact_cleanup,root_before_cleanup/results/quantization_sensitivity/pubmedqa__q8_0_per_query.csv,89044,20c5dd4bccd289e53c3fa91ba56fb6a1497f69df9578addb4fd4963a7d397a18,yes,include,publication-safe under automated gate,
cleanup_20260506_final_code_artifact_cleanup,root_before_cleanup/results/quantization_sensitivity/squad__q4_0_per_query.csv,22294,2f28a323e14372f7618b198f5467f4cef182f9c3d4f643368d05e2334090d28b,yes,include,publication-safe under automated gate,
cleanup_20260506_final_code_artifact_cleanup,root_before_cleanup/results/quantization_sensitivity/squad__q5_K_M_per_query.csv,19273,f1d4e2dffc3ac1b32e2caf758781ec477b3f0cf0e8890326f1c5b5efb1c33841,yes,include,publication-safe under automated gate,
cleanup_20260506_final_code_artifact_cleanup,root_before_cleanup/results/quantization_sensitivity/squad__q8_0_per_query.csv,18781,747f01fdaac839a4db2454e58b3133ef213e2c2f20ca9a1f9cdc50ba544acbfb,yes,include,publication-safe under automated gate,
cleanup_20260506_final_code_artifact_cleanup,root_before_cleanup/results/quantization_sensitivity/summary.csv,1133,8225a4ee7d913a67c4b00b4f3b046b4349db3ff6a73c8efe260f47319874dfef,yes,include,publication-safe under automated gate,
cleanup_20260506_final_code_artifact_cleanup,root_before_cleanup/results/quantization_sensitivity/summary.md,3847,56a300c9e203dd5a4dfb206add1afa4c32026366405100b1439fde27b2caa96d,yes,include,publication-safe under automated gate,
cleanup_20260506_final_code_artifact_cleanup,root_before_cleanup/results/rag_vs_zeroshot/paradox_vs_strength.csv,167,84e487a3dfc21b28f6d55a412a65e36bcbaad58106a90cf37302406df8b012b7,yes,include,publication-safe under automated gate,
cleanup_20260506_final_code_artifact_cleanup,root_before_cleanup/results/rag_vs_zeroshot/per_cell_detail.csv,974,e48ba3e5c3692742852a6214b996719c98f990f836fe16b2ec42a7843a739af6,yes,include,publication-safe under automated gate,
cleanup_20260506_final_code_artifact_cleanup,root_before_cleanup/results/rag_vs_zeroshot/summary.md,4710,66fe6a0b486612243d1ea9750f096a2b9d135f5fd5b951078bda4fae6d974c7e,yes,include,publication-safe under automated gate,
cleanup_20260506_final_code_artifact_cleanup,root_before_cleanup/results/rag_vs_zeroshot/table_2x2.csv,373,5547a16e0995b323f700925a523efd306296301e38f81ba99d52888710c6d701,yes,include,publication-safe under automated gate,
cleanup_20260506_final_code_artifact_cleanup,root_before_cleanup/results/raptor/hotpotqa_mistral_per_query.csv,45427,154903c497287a8f0ec0fa9bf06e108b53fa0ddc7b01263aaede5eca16258033,yes,include,publication-safe under automated gate,
cleanup_20260506_final_code_artifact_cleanup,root_before_cleanup/results/raptor/per_query.csv,174114,8c3898af809e716f3c3ae379e934ed29e7ec59d3de56ac4db48d07b062af9ecb,yes,include,publication-safe under automated gate,
cleanup_20260506_final_code_artifact_cleanup,root_before_cleanup/results/raptor/pubmedqa_mistral_per_query.csv,103660,9d66d2350cd3f62bb5469e9db77cd0f8315a878e9cf55e25c9981c059f7f14e4,yes,include,publication-safe under automated gate,
cleanup_20260506_final_code_artifact_cleanup,root_before_cleanup/results/raptor/raptor_vs_hcpc.csv,475,4dda196c658bfb2a8d9e4ee88cae1e78d2a1b3401f367d3bd2c970dc1b07a262,yes,include,publication-safe under automated gate,
cleanup_20260506_final_code_artifact_cleanup,root_before_cleanup/results/raptor/squad_mistral_per_query.csv,25359,c16357c6d6d272eab3846427c28ffc6c63b848c0178f07e080a5af6d83542998,yes,include,publication-safe under automated gate,
cleanup_20260506_final_code_artifact_cleanup,root_before_cleanup/results/raptor/summary.csv,811,ac0951b36dfb81f7ca7f66a8045f92bb2667fb160c8f251269b2e2e4bf39c125,yes,include,publication-safe under automated gate,
cleanup_20260506_final_code_artifact_cleanup,root_before_cleanup/results/raptor/summary.md,3467,9a1b98a7ef75e196ef10fed887fab13ab89d61f60504566657c04c1d76febe58,yes,include,publication-safe under automated gate,
cleanup_20260506_final_code_artifact_cleanup,root_before_cleanup/results/reranker/llama3_pubmedqa_chunk1024_baseline.csv,41893,d987236db80fa67285cfe40e442a4cfbfc5e05fbb074e5505f4b46b3a3132d0f,yes,include,publication-safe under automated gate,
cleanup_20260506_final_code_artifact_cleanup,root_before_cleanup/results/reranker/llama3_pubmedqa_chunk1024_reranked.csv,40190,c044fe76555d47d1e226cb0d37f7eb5a1b5ee3f1ac43aa29745f398d70f2d39e,yes,include,publication-safe under automated gate,
cleanup_20260506_final_code_artifact_cleanup,root_before_cleanup/results/reranker/llama3_pubmedqa_chunk256_baseline.csv,38149,6e6bc68654fa1ba104eb0f3d8b5d46d64732667a033f883a66b39e49689cd75e,yes,include,publication-safe under automated gate,
cleanup_20260506_final_code_artifact_cleanup,root_before_cleanup/results/reranker/llama3_pubmedqa_chunk256_reranked.csv,35649,abda0b4477dfa10b70d0f14107ea66f9dd27357bf23c4a1adef74b717d315c33,yes,include,publication-safe under automated gate,
cleanup_20260506_final_code_artifact_cleanup,root_before_cleanup/results/reranker/llama3_pubmedqa_chunk512_baseline.csv,39241,2de02b8b45da18f9b5a54d4d326564feb348ed680c70f0f4e524bd1b2e030044,yes,include,publication-safe under automated gate,
cleanup_20260506_final_code_artifact_cleanup,root_before_cleanup/results/reranker/llama3_pubmedqa_chunk512_reranked.csv,36951,1903a05ac3d6673c3c6e09e7978f6ac70e8a894069c033c21ac17377250d1dbd,yes,include,publication-safe under automated gate,
cleanup_20260506_final_code_artifact_cleanup,root_before_cleanup/results/reranker/llama3_squad_chunk1024_baseline.csv,21020,45086d4246d06a81c6e8e14a23029292639dc25d6024a964c4e12a3cd04af6c9,yes,include,publication-safe under automated gate,
cleanup_20260506_final_code_artifact_cleanup,root_before_cleanup/results/reranker/llama3_squad_chunk1024_reranked.csv,20493,63a5adb9debd1ce3d479011763acdf87af94667bda995386ea4dac0e362a647e,yes,include,publication-safe under automated gate,
cleanup_20260506_final_code_artifact_cleanup,root_before_cleanup/results/reranker/llama3_squad_chunk256_baseline.csv,22044,8f93695c4448c6b3e94cd82ee2ae4b4eed75f89434a37df83afcab483e4ca31d,yes,include,publication-safe under automated gate,
cleanup_20260506_final_code_artifact_cleanup,root_before_cleanup/results/reranker/llama3_squad_chunk256_reranked.csv,20574,8107c2f763f24a3a74ec33c65b2c5157aa5cf7447e623f2213e4fc80aa2dfb3d,yes,include,publication-safe under automated gate,
cleanup_20260506_final_code_artifact_cleanup,root_before_cleanup/results/reranker/llama3_squad_chunk512_baseline.csv,21705,5623954b92637152398e0415a32279ca8cd904d7bc6d4e36483749e792a66df8,yes,include,publication-safe under automated gate,
cleanup_20260506_final_code_artifact_cleanup,root_before_cleanup/results/reranker/llama3_squad_chunk512_reranked.csv,21606,a287cd078fd2cf2928b42884b3c278cccea4e79d319ce3b83ee669fbef626cb9,yes,include,publication-safe under automated gate,
cleanup_20260506_final_code_artifact_cleanup,root_before_cleanup/results/reranker/metrics.csv,540,f05e01633f55e1729f48847f9e38a192c477bd67fa0ca8ca251ac4e188e3106e,yes,include,publication-safe under automated gate,
cleanup_20260506_final_code_artifact_cleanup,root_before_cleanup/results/reranker/mistral_pubmedqa_chunk1024_baseline.csv,44791,b6370970ca0048a941403c989b56cb89866ef4b8a2f643f411d1697f1815a01d,yes,include,publication-safe under automated gate,
cleanup_20260506_final_code_artifact_cleanup,root_before_cleanup/results/reranker/mistral_pubmedqa_chunk1024_reranked.csv,45162,b070ae51466a8868d5f2c5ae5d1ebb2c55867b0a1f21b0c81e009727781098a8,yes,include,publication-safe under automated gate,
cleanup_20260506_final_code_artifact_cleanup,root_before_cleanup/results/reranker/mistral_pubmedqa_chunk256_baseline.csv,39118,3d41d04856c2e01d7aa7fff84fa2e0368ff57c7d6c1b7969fd566fc7e0077e11,yes,include,publication-safe under automated gate,
cleanup_20260506_final_code_artifact_cleanup,root_before_cleanup/results/reranker/mistral_pubmedqa_chunk256_reranked.csv,37331,a33c8b17d28ea35b464c8db2273e23cee421e17bd10d3c6af73ffc0744487c9c,yes,include,publication-safe under automated gate,
cleanup_20260506_final_code_artifact_cleanup,root_before_cleanup/results/reranker/mistral_pubmedqa_chunk512_baseline.csv,44587,fcd87d9df1f14f67b6af52911bdac3fd79c86f64047f8922daebf6aa3a14c8b4,yes,include,publication-safe under automated gate,
cleanup_20260506_final_code_artifact_cleanup,root_before_cleanup/results/reranker/mistral_pubmedqa_chunk512_reranked.csv,40499,c6886e3d1a175986bf65cfb3f8f7c26ac7c939756c9e816b1b5a170e6b8d3ff1,yes,include,publication-safe under automated gate,
cleanup_20260506_final_code_artifact_cleanup,root_before_cleanup/results/reranker/mistral_squad_chunk1024_baseline.csv,21893,fffbf93b6ed4e23ef8482cacc7e0969ccc326844edc4009999dd6ec2384bb8ac,yes,include,publication-safe under automated gate,
cleanup_20260506_final_code_artifact_cleanup,root_before_cleanup/results/reranker/mistral_squad_chunk1024_reranked.csv,21963,6c9f36a3d5b8db5fb5ee536bdfd37328fb310b20361f699eab9314e1628eb8ac,yes,include,publication-safe under automated gate,
cleanup_20260506_final_code_artifact_cleanup,root_before_cleanup/results/reranker/mistral_squad_chunk256_baseline.csv,24899,096325936cef5c015aac1717b4ac03528aed50c29d62f6a78c0e7a76e6d70e0e,yes,include,publication-safe under automated gate,
cleanup_20260506_final_code_artifact_cleanup,root_before_cleanup/results/reranker/mistral_squad_chunk256_reranked.csv,23947,8a26a5a32fe5c1f0c05bca8b25dc4e426640bf784afbc624f527fd7ae41e90e4,yes,include,publication-safe under automated gate,
cleanup_20260506_final_code_artifact_cleanup,root_before_cleanup/results/reranker/mistral_squad_chunk512_baseline.csv,21959,1c3aaf2005b5b8d40fcb6fb50fd95956eb7a314b4bba0cfa98750e35166ba2f9,yes,include,publication-safe under automated gate,
cleanup_20260506_final_code_artifact_cleanup,root_before_cleanup/results/reranker/mistral_squad_chunk512_reranked.csv,21872,ae1b5abcd76479218ba4f500135e421db1e150a966c1d61f5fd30903a02e58d4,yes,include,publication-safe under automated gate,
cleanup_20260506_final_code_artifact_cleanup,root_before_cleanup/results/reranker/per_query.csv,137936,ee56eedb346ad30e243a91599f9e0ac9d7f5a1a8d055fcf568e146e2d30318c8,yes,include,publication-safe under automated gate,
cleanup_20260506_final_code_artifact_cleanup,root_before_cleanup/results/reranker/summary.csv,646,4e6c7132d39f116ec5a2c331e4f6444a69461652bad8cc65528855b0611e3a57,yes,include,publication-safe under automated gate,
cleanup_20260506_final_code_artifact_cleanup,root_before_cleanup/results/reranker/summary.json,2530,f69e5ad3f2588e31e50a7c75b51fa97d5dba9acf4977980d10c0c8641b4cb296,yes,include,publication-safe under automated gate,
cleanup_20260506_final_code_artifact_cleanup,root_before_cleanup/results/reranker/summary.md,763,b037208992d8ab8b7dd8e2273e74a14585c72db9ea00d05d9897b73767475885,yes,include,publication-safe under automated gate,
cleanup_20260506_final_code_artifact_cleanup,root_before_cleanup/results/results.csv,7943,cdf006156ad988946f7b2a74d424eb7d8eb9d3a2b1d9b35a15ca15db9436fbcc,yes,include,publication-safe under automated gate,
cleanup_20260506_final_code_artifact_cleanup,root_before_cleanup/results/revision/.DS_Store,8196,79bcdcf1eef3b0b4bf03a1171b2b88e5f4e1a21c472a3de207831a34f0c7dd2f,no,exclude,operating-system metadata,
cleanup_20260506_final_code_artifact_cleanup,root_before_cleanup/results/revision/context_conditioned_nli/contrasts_n600.csv,938,66071f53c43b107f7ec5898fe580dca96c36ebfe6df935d58b9930d9eee7d99c,yes,include,publication-safe under automated gate,
cleanup_20260506_final_code_artifact_cleanup,root_before_cleanup/results/revision/context_conditioned_nli/n99_alignment_spearmans.csv,602,ee25150970c23c1e4ad036ccdb3d787f8c00e3aa6902efacc646cbc5ed354680,yes,include,publication-safe under automated gate,
cleanup_20260506_final_code_artifact_cleanup,root_before_cleanup/results/revision/context_conditioned_nli/n99_alignment_summary.csv,594,1f81dad2aa0ee33b19a0e1d5a37d285e21adfef4318afac44682ba952a8583cd,yes,include,publication-safe under automated gate,
cleanup_20260506_final_code_artifact_cleanup,root_before_cleanup/results/revision/context_conditioned_nli/n99_with_ctx_scores.csv,160846,5405b3484ba6e0fd5bf102bcc2dd9e4a53b1cbe4d7761d8d7adb591c96ee2955,yes,include,publication-safe under automated gate,
cleanup_20260506_final_code_artifact_cleanup,root_before_cleanup/results/revision/context_conditioned_nli/per_query_n600.csv,1141212,78348a4a786434fbf5aa42e1179f7c81aae7695eaee4e876d145aa3cb1a575f4,yes,include,publication-safe under automated gate,
cleanup_20260506_final_code_artifact_cleanup,root_before_cleanup/results/revision/context_conditioned_nli/per_query_smoke.csv,94849,7e94b1bca958f6e8a56303bbae80be02fec84b4078c2b8874a1c2b5698212944,yes,include,publication-safe under automated gate,
cleanup_20260506_final_code_artifact_cleanup,root_before_cleanup/results/revision/fix_01/bootstrap_ci.csv,133,cd62c9ccab41319fa2ac668ca47c272360713d2f780a6fca2bb0c6e91e3fe5f0,yes,include,publication-safe under automated gate,
cleanup_20260506_final_code_artifact_cleanup,root_before_cleanup/results/revision/fix_01/construction_summary.csv,180,e38644ff25376cb4025d20c41ecd784b60d68ecc34ee2b80428a79a0310e3e83,yes,include,publication-safe under automated gate,
cleanup_20260506_final_code_artifact_cleanup,root_before_cleanup/results/revision/fix_01/match_diagnostics.csv,278,87a4493d5775642a13149feb0ff427b829b004034ed9dfd0f48442255b89a6ee,yes,include,publication-safe under automated gate,
cleanup_20260506_final_code_artifact_cleanup,root_before_cleanup/results/revision/fix_01/matched_ccs_faithfulness_quantiles.csv,160,a7fa5930aaac4d5e4f69b32efe8f79140bfe9c91540bc762e8501edf951a7eb0,yes,include,publication-safe under automated gate,
cleanup_20260506_final_code_artifact_cleanup,root_before_cleanup/results/revision/fix_01/matched_ccs_threshold_rates.csv,136,50ba47ea936c337c953b9ff493cd2b471bc8d34fa118e8bb0dfd12710123f5db,yes,include,publication-safe under automated gate,
cleanup_20260506_final_code_artifact_cleanup,root_before_cleanup/results/revision/fix_01/paired_wilcoxon.csv,562,7046d1aec621bcc2436d706af7fd3b535f65d2b0ff6e04591f7afad312f6ae30,yes,include,publication-safe under automated gate,
cleanup_20260506_final_code_artifact_cleanup,root_before_cleanup/results/revision/fix_01/summary.md,2710,5153f64d26df90e97623cb2435d96ba60f8b7e3835320d791a2cb4fac172b73a,yes,include,publication-safe under automated gate,
cleanup_20260506_final_code_artifact_cleanup,root_before_cleanup/results/revision/fix_02/headline_table.csv,545,0fb1b3ad01172ba53769241f589e86236cebd8a203dd3ce81aa40a11df519aef,yes,include,publication-safe under automated gate,
cleanup_20260506_final_code_artifact_cleanup,root_before_cleanup/results/revision/fix_02/headline_table_gpu0.csv,537,607d976183ce89b94d2b7c1cf22c639e85d58c66c9aeb618b69d0b37c0a33098,yes,include,publication-safe under automated gate,
cleanup_20260506_final_code_artifact_cleanup,root_before_cleanup/results/revision/fix_02/headline_table_gpu1.csv,539,e85e33508ebc5263ceef61cab3d27cb2ecf712454e55ddfdb1f00fa3a154135e,yes,include,publication-safe under automated gate,
cleanup_20260506_final_code_artifact_cleanup,root_before_cleanup/results/revision/fix_02/paired_contrasts.csv,1502,3c195666d369848ca935ce14cee1563b03bd03614e4b7cd5375dd59baed51f85,yes,include,publication-safe under automated gate,
cleanup_20260506_final_code_artifact_cleanup,root_before_cleanup/results/revision/fix_02/paired_contrasts_gpu0.csv,379,fdcbefde9f27600cb59fffd11b53eaa4f960f89fcd176ea3f5b84cc3c284bb2b,yes,include,publication-safe under automated gate,
cleanup_20260506_final_code_artifact_cleanup,root_before_cleanup/results/revision/fix_02/paired_contrasts_gpu1.csv,664,057d2b08ab697432e586409f798b10ac5375d2f5c6bbf15ba98ce8e4d6a1d4aa,yes,include,publication-safe under automated gate,
cleanup_20260506_final_code_artifact_cleanup,root_before_cleanup/results/revision/fix_02/summary.md,3994,41489efadf6613d988f88f8b79a7c3b2a55638df088538cf8a6d8aa34c3a8633,yes,include,publication-safe under automated gate,
cleanup_20260506_final_code_artifact_cleanup,root_before_cleanup/results/revision/fix_02/summary_gpu0.md,2194,fbd78a6bbea8057f15c8ba0e726cdb0a20a9b3881c517aa9c54bbbc2b55bd35f,yes,include,publication-safe under automated gate,
cleanup_20260506_final_code_artifact_cleanup,root_before_cleanup/results/revision/fix_02/summary_gpu1.md,2644,1250e432dfa9f5d980707463c6b591dce7761e24e90652c34c74e1f12ce24de8,yes,include,publication-safe under automated gate,
cleanup_20260506_final_code_artifact_cleanup,root_before_cleanup/results/revision/fix_03/bootstrap_correlation_cis.csv,1597,2454083c0148ffef1e14fc1fb83485e0d9fb4ff3974a116c940371b09cf9e7b8,yes,include,publication-safe under automated gate,
cleanup_20260506_final_code_artifact_cleanup,root_before_cleanup/results/revision/fix_03/disagreement_alignment_n100.csv,1267,fc205b6b792a53f013d7acd7bad3f57584967d32f0c325d4fbe693065919c9d2,yes,include,publication-safe under automated gate,
cleanup_20260506_final_code_artifact_cleanup,root_before_cleanup/results/revision/fix_03/human_eval_correlations.csv,236,d7a894f84ef620297d53030c5c373432c50bdfdcb52e4743d766c8106e75bb25,yes,include,publication-safe under automated gate,
cleanup_20260506_final_code_artifact_cleanup,root_before_cleanup/results/revision/fix_03/human_eval_label_distribution.csv,104,41df52b1156990f614118b4c2f17fcfae8313efebdb915a64ec2ec2fdbb2e843,yes,include,publication-safe under automated gate,
cleanup_20260506_final_code_artifact_cleanup,root_before_cleanup/results/revision/fix_03/human_eval_summary.csv,167,db4ffc9cc343951fa8be55f13a1c047c1d212bae5475a96fbc08d7f18a6d70ce,yes,include,publication-safe under automated gate,
cleanup_20260506_final_code_artifact_cleanup,root_before_cleanup/results/revision/fix_03/human_eval_verification.csv,220,6e9f7d448f69d5786039b5e48437f6a1249b9fd9b286908e6bfe3b0135b62fa1,yes,include,publication-safe under automated gate,
cleanup_20260506_final_code_artifact_cleanup,root_before_cleanup/results/revision/fix_03/human_eval_verification.md,741,100dbf531533d82d0faecc0a08edeb8e8399e62bcf4dabad1e15f0adc65b5984,yes,include,publication-safe under automated gate,
cleanup_20260506_final_code_artifact_cleanup,root_before_cleanup/results/revision/fix_03/metric_correlations.csv,318,6ed98e71c6c3768dbfea3d7e364f19f726e7f09352e929dd4ede2474d05c72e0,yes,include,publication-safe under automated gate,
cleanup_20260506_final_code_artifact_cleanup,root_before_cleanup/results/revision/fix_03/standardized_scorer_fragility.csv,1619,80728bcacc28415491c07f7fbb26a1437221088a1fddd8afb5c61e1e5da1707f,yes,include,publication-safe under automated gate,
cleanup_20260506_final_code_artifact_cleanup,root_before_cleanup/results/revision/fix_03/summary.md,982,7a8ceb15fa4b91a3611200b225f6819873903be5b0aba8ebe49df0fdd3904579,yes,include,publication-safe under automated gate,
cleanup_20260506_final_code_artifact_cleanup,root_before_cleanup/results/revision/fix_03/table1_multimetric.csv,183,6f808491031d27256c0e5d7fd0c4577dd3df555c14c3667985720a280ffa65c3,yes,include,publication-safe under automated gate,
cleanup_20260506_final_code_artifact_cleanup,root_before_cleanup/results/revision/fix_04/generalization_flags.csv,332,5ed90e7d62ad2c05e38c130c4b5ab0d7177dc9ceb142e33e81ec31df9a907325,yes,include,publication-safe under automated gate,
cleanup_20260506_final_code_artifact_cleanup,root_before_cleanup/results/revision/fix_04/summary.md,3956,d8e0f7c8537300e45ad9d27d75ac66899794a6e45b492a0c87e442b0afc5f725,yes,include,publication-safe under automated gate,
cleanup_20260506_final_code_artifact_cleanup,root_before_cleanup/results/revision/fix_04/tau_summary.csv,1282,70057fa52fd77b3e38de5c858da2485e3a719e2678e5efeebd15f0e72b069b21,yes,include,publication-safe under automated gate,
cleanup_20260506_final_code_artifact_cleanup,root_before_cleanup/results/revision/fix_04/tau_transfer_matrix.csv,353,6eb1d877d190efb93fd556bb2386d7c48688081fcbe51f25a071a5b3726b991e,yes,include,publication-safe under automated gate,
cleanup_20260506_final_code_artifact_cleanup,root_before_cleanup/results/revision/fix_05/noise_summary.csv,546,286140d064c277f6f58eb16aa609c771d5652593176f93841b203b6cb0529a00,yes,include,publication-safe under automated gate,
cleanup_20260506_final_code_artifact_cleanup,root_before_cleanup/results/revision/fix_05/slope_response.csv,211,de72dac188a68d2ed87536928875571cb117854fd94825c303c2cdc24dd8280f,yes,include,publication-safe under automated gate,
cleanup_20260506_final_code_artifact_cleanup,root_before_cleanup/results/revision/fix_05/summary.md,1640,7e6499be72bea4fb706efb93186b09c723ddc377083f29fb000a2f41af99a374,yes,include,publication-safe under automated gate,
cleanup_20260506_final_code_artifact_cleanup,root_before_cleanup/results/revision/fix_06/h2h_summary.csv,615,b6f8d3280cd8104a46654ca09c59cbbc6d78bfefec102557beffe5ecd9b588c8,yes,include,publication-safe under automated gate,
cleanup_20260506_final_code_artifact_cleanup,root_before_cleanup/results/revision/fix_06/h2h_summary_with_ci.csv,912,237649fe07cd0bf810b2294ef1f6968eaa9db9d7a5a88c940dd34f49e292dca8,yes,include,publication-safe under automated gate,
cleanup_20260506_final_code_artifact_cleanup,root_before_cleanup/results/revision/fix_06/pareto_faithfulness_latency.pdf,16027,bedaa3281dafb0b33b04937b6c80ed5dd504b01e772430fd57851d38035b1fa5,yes,include,publication-safe under automated gate,
cleanup_20260506_final_code_artifact_cleanup,root_before_cleanup/results/revision/fix_06/summary.md,1533,ec840cfcf3a364a6b1ccf2ddd5c1e030d304f07530331850b7a43e609d8e36db,yes,include,publication-safe under automated gate,
cleanup_20260506_final_code_artifact_cleanup,root_before_cleanup/results/revision/fix_09/partial_correlations.csv,170,bdacdfffa1a95abad241e4bebe859dcebfa68397e0853b08b1dbd2cac985f8e2,yes,include,publication-safe under automated gate,
cleanup_20260506_final_code_artifact_cleanup,root_before_cleanup/results/revision/fix_09/summary.md,435,4d6c92ceb48b854cfdcbc14f8dd34a5d24f4d9f43abe80e82b0d028f663c181b,yes,include,publication-safe under automated gate,
cleanup_20260506_final_code_artifact_cleanup,root_before_cleanup/results/revision/fix_11/raptor_full_table.csv,335,bbef250bd283be0c56b596414b3cdb7da8e12b7af964cb7bf9145115b614321e,yes,include,publication-safe under automated gate,
cleanup_20260506_final_code_artifact_cleanup,root_before_cleanup/results/revision/fix_11/raptor_indexing_costs.csv,155,15ccdb24eaca661f28704cf360c27642e85989efc2d0f18efae12e2208b1543f,yes,include,publication-safe under automated gate,
cleanup_20260506_final_code_artifact_cleanup,root_before_cleanup/results/revision/fix_11/summary.md,917,62933fb2249f3828e04f188556fc4b915d0a468f627489ab75036ae6e2ec016b,yes,include,publication-safe under automated gate,
cleanup_20260506_final_code_artifact_cleanup,root_before_cleanup/results/revision/fix_12/span_control_models.csv,2479,a79841a1b07c1630680a539309eb48742d5bf4077514dd55b0b56b0a63978bb8,yes,include,publication-safe under automated gate,
cleanup_20260506_final_code_artifact_cleanup,root_before_cleanup/results/revision/fix_12/span_control_report.md,7295,7bcaa0e9f9612608b0a0a69eb868ecf6d1a3dd0eea6df7df26cb223caa350d37,yes,include,publication-safe under automated gate,
cleanup_20260506_final_code_artifact_cleanup,root_before_cleanup/results/revision/fix_12/span_control_summary.csv,370,a0d2213d3a93d741c9ad761d6c41ecd5ede3f877e5c9a7d60638d0d33ec6166d,yes,include,publication-safe under automated gate,
cleanup_20260506_final_code_artifact_cleanup,root_before_cleanup/results/revision/fix_13/retriever_sanity_report.md,6212,294c4a498fbdf3c2f9b88755276d87a69e9f2ece4486fbc0a73e490d6704c772,yes,include,publication-safe under automated gate,
cleanup_20260506_final_code_artifact_cleanup,root_before_cleanup/results/revision/fix_13/retriever_sanity_summary.csv,1674,b8f53335bd955b57e124dbe214303a7079ae93e8aacac5344b21db087b242e64,yes,include,publication-safe under automated gate,
cleanup_20260506_final_code_artifact_cleanup,root_before_cleanup/results/revision/fix_14/second_generator_correlations.csv,349,549d55fabc09beab0cf27a3f4aef890ca9ca7167ce2c1bedfa5ae73cd353d801,yes,include,publication-safe under automated gate,
cleanup_20260506_final_code_artifact_cleanup,root_before_cleanup/results/revision/fix_14/second_generator_metrics.csv,374,cdee820e97afe2077d981d45817a8d79431cdf128e6b8d095e3a952fad8c92e1,yes,include,publication-safe under automated gate,
cleanup_20260506_final_code_artifact_cleanup,root_before_cleanup/results/revision/fix_14/second_generator_report.md,2007,8650891c5826bb8bc9a59b7cfa7e86b2eec384709e93d0d286ed34f4c3affa8d,yes,include,publication-safe under automated gate,
cleanup_20260506_final_code_artifact_cleanup,root_before_cleanup/results/revision/fix_15/longform_stress_report.md,4257,dc25c18e7a11dc56425ce7bbe65354c89830c39423448f89ef883450c0578b83,yes,include,publication-safe under automated gate,
cleanup_20260506_final_code_artifact_cleanup,root_before_cleanup/results/revision/fix_15/longform_stress_summary.csv,1039,35f77fc9a17d2425074ee47990a09add58c1e87d39fec48032aa111dbaee4005,yes,include,publication-safe under automated gate,
cleanup_20260506_final_code_artifact_cleanup,root_before_cleanup/results/stats/significance_tests.json,3314,1380c8a522c79c5a805657d343f60366a21d21f8414ab72b782604d8d3f75af5,yes,include,publication-safe under automated gate,
cleanup_20260506_final_code_artifact_cleanup,root_before_cleanup/results/stats/summary.csv,329,6b59ae5f7f83d1b85971dab0f6dad866defa61fd53573b805d41db250e767a93,yes,include,publication-safe under automated gate,
cleanup_20260506_final_code_artifact_cleanup,root_before_cleanup/results/subchunk_sensitivity/completed_tuples.json,209,ef43b2bb56e99bd2bf220ebf4b3b4e3bc7ae3c54674132f2b7a187b5fa0cd3c1,yes,include,publication-safe under automated gate,
cleanup_20260506_final_code_artifact_cleanup,root_before_cleanup/results/subchunk_sensitivity/paradox_by_sub.csv,485,044e084cb3f45632cab801ab157585b3b19dd6b89da5b8713bb0ad5ab1b4b135,yes,include,publication-safe under automated gate,
cleanup_20260506_final_code_artifact_cleanup,root_before_cleanup/results/subchunk_sensitivity/per_query.csv,295451,74710491fe5e2066a517fc75ea5ff909e9dd235a9d93428da3e552954343ef44,yes,include,publication-safe under automated gate,
cleanup_20260506_final_code_artifact_cleanup,root_before_cleanup/results/subchunk_sensitivity/pubmedqa__sc128__mistral_per_query.csv,79355,50a72b1967c654b2e6e714c2589f141008c7b83341ff4e61d5a40ddebc79aca2,yes,include,publication-safe under automated gate,
cleanup_20260506_final_code_artifact_cleanup,root_before_cleanup/results/subchunk_sensitivity/pubmedqa__sc256__mistral_per_query.csv,78541,321a2a7eecdac13d43ee00222ad5e7c8d6e44222b63c637afd26a3afdb8e7c15,yes,include,publication-safe under automated gate,
cleanup_20260506_final_code_artifact_cleanup,root_before_cleanup/results/subchunk_sensitivity/pubmedqa__sc512__mistral_per_query.csv,78365,124a0150f4bf43ecdaea98bb93779de91967542e33e2f81ad45eee0470994ff3,yes,include,publication-safe under automated gate,
cleanup_20260506_final_code_artifact_cleanup,root_before_cleanup/results/subchunk_sensitivity/squad__sc128__mistral_per_query.csv,21732,c1a941cf179d46f322caa254769bfefa65ea826fb3afe6389ba832194cdc971b,yes,include,publication-safe under automated gate,
cleanup_20260506_final_code_artifact_cleanup,root_before_cleanup/results/subchunk_sensitivity/squad__sc256__mistral_per_query.csv,20247,1cf4f2dfc1c84e2a950112209537ab735fc9e4d3f16afb700cb966023f703877,yes,include,publication-safe under automated gate,
cleanup_20260506_final_code_artifact_cleanup,root_before_cleanup/results/subchunk_sensitivity/squad__sc512__mistral_per_query.csv,17896,460a110001ba9ddfc9d7d7d4ae4f9bc1095b28e2507425878c12a960ebc10b0d,yes,include,publication-safe under automated gate,
cleanup_20260506_final_code_artifact_cleanup,root_before_cleanup/results/subchunk_sensitivity/summary.csv,964,29ed6cb55d1fbd0155efc974475e0838e4905b5a5e0959c7a2d5ed34fc322df4,yes,include,publication-safe under automated gate,
cleanup_20260506_final_code_artifact_cleanup,root_before_cleanup/results/subchunk_sensitivity/summary.md,3976,b4f3c2ede0f2a19081f76437b2b39b378377298a79f2b9fe19f688320803e34d,yes,include,publication-safe under automated gate,
cleanup_20260506_final_code_artifact_cleanup,root_before_cleanup/results/summary.md,9879,540b09488dc78949ca1cdbb1b819e3d88320c6fede8b096be6dffb891b666756,yes,include,publication-safe under automated gate,
cleanup_20260506_final_code_artifact_cleanup,root_before_cleanup/results/temperature_sensitivity/completed_tuples.json,378,8415133bf3429536230a65e48df5b985bf9aa6b0a6a89ae8d99a21d637aa4a21,yes,include,publication-safe under automated gate,
cleanup_20260506_final_code_artifact_cleanup,root_before_cleanup/results/temperature_sensitivity/paradox_by_temp.csv,435,65e144c0cc5903ce872f53068c0a8c691b90fcfcff4e37844212869806b3b9f9,yes,include,publication-safe under automated gate,
cleanup_20260506_final_code_artifact_cleanup,root_before_cleanup/results/temperature_sensitivity/per_query.csv,402594,83fba5f050d6d8166b32cb72d46cde5d1bd5fa916b358d08a692bf1d9ab52e5f,yes,include,publication-safe under automated gate,
cleanup_20260506_final_code_artifact_cleanup,root_before_cleanup/results/temperature_sensitivity/pubmedqa__T0_0__ollama__mistral_per_query.csv,79422,7773a9490b1e5355696da5b753bb6964d0acf97a22d034e02296a1789d04eb11,yes,include,publication-safe under automated gate,
cleanup_20260506_final_code_artifact_cleanup,root_before_cleanup/results/temperature_sensitivity/pubmedqa__T0_3__ollama__mistral_per_query.csv,78775,788f68e64c21e0eecdab8defda92c1513ec686bfa85abe6508313fffc70b902d,yes,include,publication-safe under automated gate,
cleanup_20260506_final_code_artifact_cleanup,root_before_cleanup/results/temperature_sensitivity/pubmedqa__T0_7__ollama__mistral_per_query.csv,81798,bfa04beb8d11498934a78e95afb556db0bc0fa6b23f2e9c4fe16e18b83c48bcd,yes,include,publication-safe under automated gate,
cleanup_20260506_final_code_artifact_cleanup,root_before_cleanup/results/temperature_sensitivity/pubmedqa__T1_0__ollama__mistral_per_query.csv,79413,292d3add72207b93db3f847f202ff0c1b72d3805e3a1b38c1d1529467c554d17,yes,include,publication-safe under automated gate,
cleanup_20260506_final_code_artifact_cleanup,root_before_cleanup/results/temperature_sensitivity/squad__T0_0__groq__llama-3_3-70b_per_query.csv,18969,68ab1007d4f8ddb799dee1390feade1da939589bfe7f8e922f6afd1a5fc19c3b,yes,include,publication-safe under automated gate,
cleanup_20260506_final_code_artifact_cleanup,root_before_cleanup/results/temperature_sensitivity/squad__T0_0__ollama__mistral_per_query.csv,20973,f26425e4df0ad6ae542029a83cea9cb8677835f70e9ff8167a1c539af94cce87,yes,include,publication-safe under automated gate,
cleanup_20260506_final_code_artifact_cleanup,root_before_cleanup/results/temperature_sensitivity/squad__T0_3__ollama__mistral_per_query.csv,21396,98974153983db2efbecab7c8b2b3b3466484af110fb1e58d017f1a9d8f57893d,yes,include,publication-safe under automated gate,
cleanup_20260506_final_code_artifact_cleanup,root_before_cleanup/results/temperature_sensitivity/squad__T0_7__ollama__mistral_per_query.csv,20778,84d71dfe6ebe9a6243c6fb85527b19fdef4efb762facc6f18e12b8df6c04d033,yes,include,publication-safe under automated gate,
cleanup_20260506_final_code_artifact_cleanup,root_before_cleanup/results/temperature_sensitivity/squad__T1_0__ollama__mistral_per_query.csv,21138,59ad617809f306e2dd5bde0fac51519cef6af45b1c1dd5fbc593db14d0ed6546,yes,include,publication-safe under automated gate,
cleanup_20260506_final_code_artifact_cleanup,root_before_cleanup/results/temperature_sensitivity/summary.csv,1148,ca628a0ad538bf38257e118d3a6ce7ed466e00a2ed6d004d950f8db463fe530b,yes,include,publication-safe under automated gate,
cleanup_20260506_final_code_artifact_cleanup,root_before_cleanup/results/temperature_sensitivity/summary.md,1089,710fe30efb365ceb0b0151188f59cc0fe4906d126c6a0a77269f5f4193e85b93,yes,include,publication-safe under automated gate,
cleanup_20260506_final_code_artifact_cleanup,root_before_cleanup/results/threshold_sensitivity/best_configs.csv,1695,8774a1e48db1e09b86a255f6b077fc91ca669d94761c57d5a3b925ad4d22d5b1,yes,include,publication-safe under automated gate,
cleanup_20260506_final_code_artifact_cleanup,root_before_cleanup/results/threshold_sensitivity/summary.md,3584,b88f05af0f0e7908631c31e1a43397502b8b8fbb83260601163ccf1ce891c759,yes,include,publication-safe under automated gate,
cleanup_20260506_final_code_artifact_cleanup,root_before_cleanup/results/threshold_sensitivity/sweep_results.csv,3428,db6534f07242c93954010a220b234bb69ba163c5a2e41890e6736cd766b3d24d,yes,include,publication-safe under automated gate,
cleanup_20260506_final_code_artifact_cleanup,root_before_cleanup/results/topk_sensitivity/completed_tuples.json,184,ee34a4a397ffbc9fd20081362b07f31f8676f4725129d4532a3b639c424c2a6b,yes,include,publication-safe under automated gate,
cleanup_20260506_final_code_artifact_cleanup,root_before_cleanup/results/topk_sensitivity/paradox_by_k.csv,573,66efcd3f2a4eb1539e947a3460bcad04c93488f327839da6b13d61af411de9da,yes,include,publication-safe under automated gate,
cleanup_20260506_final_code_artifact_cleanup,root_before_cleanup/results/topk_sensitivity/per_query.csv,536451,2a40cf348ef4bd253dd4453091336788c0fa1c4aa176c9cafa2d915102ef18c8,yes,include,publication-safe under automated gate,
cleanup_20260506_final_code_artifact_cleanup,root_before_cleanup/results/topk_sensitivity/pubmedqa__k10_per_query.csv,106353,e0b8614c5a67841b4857208e8a04feaec5f1c3247db75b166fe078cc86dacbe2,yes,include,publication-safe under automated gate,
cleanup_20260506_final_code_artifact_cleanup,root_before_cleanup/results/topk_sensitivity/pubmedqa__k2_per_query.csv,107052,55c97951467efa7ef9d3df5e53149f11e832f60d473a61726e8f5555b2f5f877,yes,include,publication-safe under automated gate,
cleanup_20260506_final_code_artifact_cleanup,root_before_cleanup/results/topk_sensitivity/pubmedqa__k3_per_query.csv,104951,0bbcbc857bcda69f9bebe10d1f5666d29cd305536a1cb2f8bd4fa274f123fec0,yes,include,publication-safe under automated gate,
cleanup_20260506_final_code_artifact_cleanup,root_before_cleanup/results/topk_sensitivity/pubmedqa__k5_per_query.csv,105333,f4bb70d0bb29d3a774dd56d5bbbd9c64e31fb9ffbde257b74b0e530f18c6be9c,yes,include,publication-safe under automated gate,
cleanup_20260506_final_code_artifact_cleanup,root_before_cleanup/results/topk_sensitivity/squad__k10_per_query.csv,30881,e8749262be826180bef18a5d31a261f17d32d9bb2eb0292521da67b0a0f105d0,yes,include,publication-safe under automated gate,
cleanup_20260506_final_code_artifact_cleanup,root_before_cleanup/results/topk_sensitivity/squad__k2_per_query.csv,27896,c6676ff82d1cf2b2fd5b60b5f9b663c5fb97e121d7ab72c48d9cf3f1cb404a59,yes,include,publication-safe under automated gate,
cleanup_20260506_final_code_artifact_cleanup,root_before_cleanup/results/topk_sensitivity/squad__k3_per_query.csv,26498,5f036ca41e4b27044af95f1640d6a50479fe4674832e7a5c9e6ed3a10a976013,yes,include,publication-safe under automated gate,
cleanup_20260506_final_code_artifact_cleanup,root_before_cleanup/results/topk_sensitivity/squad__k5_per_query.csv,28537,bd6469fb30031efb01d1c7382108d61154a2bb5c211b613bcb570bd45105c6fc,yes,include,publication-safe under automated gate,
cleanup_20260506_final_code_artifact_cleanup,root_before_cleanup/results/topk_sensitivity/summary.csv,2025,6b21987bfa0118ac0c909f38af39f4eaa3d31cc7aee9f324acce76d24440e4e1,yes,include,publication-safe under automated gate,
cleanup_20260506_final_code_artifact_cleanup,root_before_cleanup/results/topk_sensitivity/summary.md,6374,99e1b5a7dd967822439c1f104ab2b567b02a79d3a4abdebe41b8c8f831db9a2d,yes,include,publication-safe under automated gate,
cleanup_20260506_final_code_artifact_cleanup,root_before_cleanup/results/zeroshot/llama3_pubmedqa.csv,107672,dce521722ad0856f0a8f2b0ddb6fdce2937cbeea1f02ab53309abe4f299c533b,yes,include,publication-safe under automated gate,
cleanup_20260506_final_code_artifact_cleanup,root_before_cleanup/results/zeroshot/llama3_squad.csv,36211,a68692ebd5e7b419590f0ae27c0b6859ab0f331c6033e8086ff248bd46f2e041,yes,include,publication-safe under automated gate,
cleanup_20260506_final_code_artifact_cleanup,root_before_cleanup/results/zeroshot/mistral_pubmedqa.csv,76060,d5f7dfdb5482a835a71b6391df51518bf5d14c010ec850e9a01322158309e0a7,yes,include,publication-safe under automated gate,
cleanup_20260506_final_code_artifact_cleanup,root_before_cleanup/results/zeroshot/mistral_squad.csv,44517,cb8f993269d76dc4f155e4f202b49673643325f4fe09e4bcc02015466e52c101,yes,include,publication-safe under automated gate,
cleanup_20260506_final_code_artifact_cleanup,root_before_cleanup/results/zeroshot/summary.csv,181,65f015fb33a6377a8668f0fb0972e184c6bb2811daa06960b58b8ee66c8b1e11,yes,include,publication-safe under automated gate,
cleanup_20260506_final_code_artifact_cleanup,root_before_cleanup/scripts/analyze_human_disagreement_labels.py,14322,60a9184bad43b2fd4d78cff440f25efb77fe72eebc01541595c99813b63def51,yes,include,publication-safe under automated gate,
cleanup_20260506_final_code_artifact_cleanup,root_before_cleanup/scripts/build_benchmark_v2.py,7309,d5e5a9d1ee8872d4ecc784c2347887db6d3cdd5b2474361511c1f9678af9bc0e,yes,include,publication-safe under automated gate,
cleanup_20260506_final_code_artifact_cleanup,root_before_cleanup/scripts/build_results_summary.py,8584,691c1a0c25dedb7827517689a9806e0fa32c45e0f6a482735f3bfb43f5e7ffc7,yes,include,publication-safe under automated gate,
cleanup_20260506_final_code_artifact_cleanup,root_before_cleanup/scripts/check_progress.py,283,2ff8676a538924e4bb343f07d8227c9485c864e41ebc5095d186d813cd45d631,yes,include,publication-safe under automated gate,
cleanup_20260506_final_code_artifact_cleanup,root_before_cleanup/scripts/compute_cost_headtohead_cis.py,3334,ef7fa5e9098bfb0567faada4fa07284c5647c38f0aab668ead87428a5c103cbf,yes,include,publication-safe under automated gate,
cleanup_20260506_final_code_artifact_cleanup,root_before_cleanup/scripts/compute_matched_ccs_distribution.py,2012,bb9239e933860ced5d12eb74e9dfd3c18561bdcd14caa6c6fff70edeed4fcc20,yes,include,publication-safe under automated gate,
cleanup_20260506_final_code_artifact_cleanup,root_before_cleanup/scripts/compute_nli_human_correlation.py,954,b5fe07070de0ba8ee347f153bf143d450c4cb16dae30611da2382cc5e5933d03,yes,include,publication-safe under automated gate,
cleanup_20260506_final_code_artifact_cleanup,root_before_cleanup/scripts/compute_standardized_scorer_fragility.py,4911,26f5fe136f1f98646d00643ab62d01776ef04dd103fea6df2b0b4532b780fff3,yes,include,publication-safe under automated gate,
cleanup_20260506_final_code_artifact_cleanup,root_before_cleanup/scripts/generate_consolidated_results.py,29082,222829b0d0a3714330b090390dcc01787493408666adf07361c3f649b2f52178,yes,include,publication-safe under automated gate,
cleanup_20260506_final_code_artifact_cleanup,root_before_cleanup/scripts/generate_validation_sample.py,2899,457d07937a7053d466ae6448211023b86cd475bc74d424a4b57c6170d84cfe33,yes,include,publication-safe under automated gate,
cleanup_20260506_final_code_artifact_cleanup,root_before_cleanup/scripts/prepare_human_disagreement_eval.py,1552,c1fd549cc14c21760de00c2a173fb132512be412da5831ca2a0ff028e79eb2c4,yes,include,publication-safe under automated gate,
cleanup_20260506_final_code_artifact_cleanup,root_before_cleanup/scripts/repair_multidataset_rows.py,5698,480e7b6e01f6f5be4fc5024f03096524df2170d64c3c825550503581451b4c77,yes,include,publication-safe under automated gate,
cleanup_20260506_final_code_artifact_cleanup,root_before_cleanup/scripts/run_context_conditioned_nli_scoring.py,10743,4595fdacbdb85e61fbbb66bbaae0ae9c680c8965d20a98554b37eeada6b6ac79,yes,include,publication-safe under automated gate,
cleanup_20260506_final_code_artifact_cleanup,root_before_cleanup/scripts/select_human_disagreement_cases.py,10162,082a48e1a251d8553761eecd02f52e7a6d2ccbcc443fc6d2d2561b78e06d024b,yes,include,publication-safe under automated gate,
cleanup_20260506_final_code_artifact_cleanup,root_before_cleanup/scripts/verify_human_eval.py,5128,71f6b3800f2cf1f821b41a490b5df42f957ff695a9147590f7dfe6a2a547f1d4,yes,include,publication-safe under automated gate,
cleanup_20260506_final_code_artifact_cleanup,root_before_cleanup/src/__init__.py,0,e3b0c44298fc1c149afbf4c8996fb92427ae41e4649b934ca495991b7852b855,yes,include,publication-safe under automated gate,
cleanup_20260506_final_code_artifact_cleanup,root_before_cleanup/src/ablation.py,5673,1de763df84f67de8d163dc94d4e9f4d198b888010d91552bc5966ff56b56e69b,yes,include,publication-safe under automated gate,
cleanup_20260506_final_code_artifact_cleanup,root_before_cleanup/src/adaptive_chunker.py,12223,40aca5084c5d5cadfd6aa0eac1bb229c1cab2c0ca1f8d904dbc3a8018098da78,yes,include,publication-safe under automated gate,
cleanup_20260506_final_code_artifact_cleanup,root_before_cleanup/src/adversarial_cases.py,3995,9a6b5013ff760273aafd820319f2404bb83567e99a2749fc31cc9c4d9936afac,yes,include,publication-safe under automated gate,
cleanup_20260506_final_code_artifact_cleanup,root_before_cleanup/src/ccs_gate_retriever.py,6523,c6d7233325ce510bf1caf63b626f80c16e2f8eeaa0792ce85fe2cc9e2fe470d3,yes,include,publication-safe under automated gate,
cleanup_20260506_final_code_artifact_cleanup,root_before_cleanup/src/coherence_metrics.py,13685,b29c9867d3cb8a21e12106b760323348b140103cf9902562d54b0a4c72854f16,yes,include,publication-safe under automated gate,
cleanup_20260506_final_code_artifact_cleanup,root_before_cleanup/src/crag_retriever.py,8876,5e2bd42806c042c93be513c94a68f39757c5f655abe88eb620950c560fad9a74,yes,include,publication-safe under automated gate,
cleanup_20260506_final_code_artifact_cleanup,root_before_cleanup/src/data_loader.py,1407,fab6a4c5b7163854efdcf29d4ec5037a1f6e3125ecf8b0d2cee7dc4778907c99,yes,include,publication-safe under automated gate,
cleanup_20260506_final_code_artifact_cleanup,root_before_cleanup/src/dataset_loaders.py,25551,3ffda5f65adf13890b1366652857f9bc168302aa4ec3482c3d87e65f0cd9785b,yes,include,publication-safe under automated gate,
cleanup_20260506_final_code_artifact_cleanup,root_before_cleanup/src/embedders.py,7598,819a0867ae596c499fb4d03c1432af0d98ce35401aa3b0a59ab9f3e8c7e5a2a5,yes,include,publication-safe under automated gate,
cleanup_20260506_final_code_artifact_cleanup,root_before_cleanup/src/evaluator.py,3392,5afc83d1c2467bc5d1cfe4ba77ff0c6f600d6e944d99ae1c79b9f8e905f532c9,yes,include,publication-safe under automated gate,
cleanup_20260506_final_code_artifact_cleanup,root_before_cleanup/src/failure_logger.py,7463,281325f72d916d0b6be7aee723a523eafc6dfe879179dffc878df0bd1fcf72c8,yes,include,publication-safe under automated gate,
cleanup_20260506_final_code_artifact_cleanup,root_before_cleanup/src/generators.py,2769,dd4045b2e82f0bac1858f2e1c7e6ec51b65a4408166aafb8e2226ec73c8588a8,yes,include,publication-safe under automated gate,
cleanup_20260506_final_code_artifact_cleanup,root_before_cleanup/src/groq_llm.py,4895,0336e1ad206d4204d47782db0b7a4c74e6ca91c9e18c68e4e03d262020b7986d,yes,include,publication-safe under automated gate,
cleanup_20260506_final_code_artifact_cleanup,root_before_cleanup/src/hallucination_detector.py,3808,f29e352e4b02b1181450e860e284d6b560ba42e043df90eda374caa40c28ee5f,yes,include,publication-safe under automated gate,
cleanup_20260506_final_code_artifact_cleanup,root_before_cleanup/src/hcpc_retriever.py,15246,8670976d7335bd50d7eb92c09d39884bae4492d7fce9cb60ef25a053bc59a65a,yes,include,publication-safe under automated gate,
cleanup_20260506_final_code_artifact_cleanup,root_before_cleanup/src/hcpc_v2_retriever.py,23622,642df44f74524436232d67abb1de6371e050f1ed8308a9c6f104db93239c4865,yes,include,publication-safe under automated gate,
cleanup_20260506_final_code_artifact_cleanup,root_before_cleanup/src/longform_metrics.py,7322,370e1707b61cd3d66f0189c9de397379e21db233953cae16ed2adc8569a570a5,yes,include,publication-safe under automated gate,
cleanup_20260506_final_code_artifact_cleanup,root_before_cleanup/src/mechanistic.py,13358,116fe18940336be8e6e8493fff223e174b043d2aef9be8dfb8ba4cec7919f64b,yes,include,publication-safe under automated gate,
cleanup_20260506_final_code_artifact_cleanup,root_before_cleanup/src/mmr_retriever.py,4682,bee5f5db3af3920e2e4f6d28b71a9a27b7327cb5342a5d5e02c8a603f5b43726,yes,include,publication-safe under automated gate,
cleanup_20260506_final_code_artifact_cleanup,root_before_cleanup/src/pubmedqa_loader.py,1014,b17138960a9c1be97bbdc12f79230f71b5b1e0fa82c57f0ef9c02fc9ef9ca2da,yes,include,publication-safe under automated gate,
cleanup_20260506_final_code_artifact_cleanup,root_before_cleanup/src/rag_pipeline.py,7972,9d794b9b2df0089e621a05d14f624ee73ec2e432b99c423781922e4acf866ea1,yes,include,publication-safe under automated gate,
cleanup_20260506_final_code_artifact_cleanup,root_before_cleanup/src/ragas_scorer.py,3122,ed7075531170ebbd337bbeceb3e9abd37db2de1d3df9e97bf0b0151c6cf775a0,yes,include,publication-safe under automated gate,
cleanup_20260506_final_code_artifact_cleanup,root_before_cleanup/src/raptor_retriever.py,14588,37987536bebdeb1c3695c6cc49ea0c3f00672d43a34184e1e389d45ac0b12705,yes,include,publication-safe under automated gate,
cleanup_20260506_final_code_artifact_cleanup,root_before_cleanup/src/reranker.py,7786,487802a0f33daec6bb33ab6010cc9b11f9e671d80e6a45a4f18d79c37a20c86a,yes,include,publication-safe under automated gate,
cleanup_20260506_final_code_artifact_cleanup,root_before_cleanup/src/retrieval_metrics.py,3359,9d4a9f47fb6781a1aeca8c84921c3fabf9f11733ca843cb541e3f9ef5a90bea6,yes,include,publication-safe under automated gate,
cleanup_20260506_final_code_artifact_cleanup,root_before_cleanup/src/together_llm.py,2191,9553b2d457661062b287227e6872026db3859cfe4a77dec7e056d1ff7ed3500c,yes,include,publication-safe under automated gate,
cleanup_20260506_final_code_artifact_cleanup,root_before_cleanup/src/vectara_hem_scorer.py,3319,1def6db4c5e5c51e96ef4c3c59579ff81b801a3abd0daf92ad08c72d8a145853,yes,include,publication-safe under automated gate,
cleanup_20260506_final_code_artifact_cleanup,root_before_cleanup/submission_package/.DS_Store,6148,88f5945fa8838755af8bc66e9ee30103a9097c4825f8e96a4b97a849432411d6,no,exclude,operating-system metadata,
cleanup_20260506_final_code_artifact_cleanup,root_before_cleanup/submission_package/neurips2026_reviewer_artifact_anonymous.zip,2949763,afe457b0a2f5331199ec5349f8273ab645aef4e98b14e46373b31891ce7790af,yes,include,publication-safe under automated gate,
cleanup_20260506_final_code_artifact_cleanup,root_before_cleanup/submission_package/neurips2026_reviewer_artifact_anonymous/.DS_Store,8196,befe6208753e5acbe52871106944f6fdbbe5720619c3b2c2e571347f13ead2e3,no,exclude,operating-system metadata,
cleanup_20260506_final_code_artifact_cleanup,root_before_cleanup/submission_package/neurips2026_reviewer_artifact_anonymous/CLAIMS_AUDIT.md,4133,6e21a850d08cf99142d059145c3d05f97e7c8661d8d1babac7413a00efd0f9ed,yes,include,publication-safe under automated gate,
cleanup_20260506_final_code_artifact_cleanup,root_before_cleanup/submission_package/neurips2026_reviewer_artifact_anonymous/README.md,1778,352968933ac409eb6c6048f706cbd385d8a2d40920ba5f14301262185a9345c4,yes,include,publication-safe under automated gate,
cleanup_20260506_final_code_artifact_cleanup,root_before_cleanup/submission_package/neurips2026_reviewer_artifact_anonymous/README_REPRODUCE.md,3461,cd57821b890efc7b95aeb1e5470212aee4383a1b52545a15d6fc59e30c68213e,yes,include,publication-safe under automated gate,
cleanup_20260506_final_code_artifact_cleanup,root_before_cleanup/submission_package/neurips2026_reviewer_artifact_anonymous/SOURCE_TRACE.md,2924,307bb760ddc8307f2adf118253ec6c4b55cf1e1f4fb8fa3e22f6180cfd8743ca,yes,include,publication-safe under automated gate,
cleanup_20260506_final_code_artifact_cleanup,root_before_cleanup/submission_package/neurips2026_reviewer_artifact_anonymous/artifact_manifest.md,2992,56994b715cbad5fc6b58df1415e4c18bc7e94a30eb7fa1607fd00c8695707d92,yes,include,publication-safe under automated gate,
cleanup_20260506_final_code_artifact_cleanup,root_before_cleanup/submission_package/neurips2026_reviewer_artifact_anonymous/controlledrag_reporting_checklist.md,3016,f8e595287e8a52cdb3ba24c787283a9aea4232c513c2b62c6db9f58d33593366,yes,include,publication-safe under automated gate,
cleanup_20260506_final_code_artifact_cleanup,root_before_cleanup/submission_package/neurips2026_reviewer_artifact_anonymous/data/adversarial/README.md,2564,30d041d1f70d2b3a43d7b00fcced2a1a2717ffcb58609072327ffcaec1e158af,yes,include,publication-safe under automated gate,
cleanup_20260506_final_code_artifact_cleanup,root_before_cleanup/submission_package/neurips2026_reviewer_artifact_anonymous/data/adversarial/_rejected.jsonl,29947,fb51eb203d27aa99c1adc4a9448f5c0a79aceef1790c3facf014458153e54d7d,yes,include,publication-safe under automated gate,
cleanup_20260506_final_code_artifact_cleanup,root_before_cleanup/submission_package/neurips2026_reviewer_artifact_anonymous/data/adversarial/contradict.jsonl,16366,a8119d9f27f96b952d8a01cd992f599d38c90c2669b93ee966bbf9b99e67f6df,yes,include,publication-safe under automated gate,
cleanup_20260506_final_code_artifact_cleanup,root_before_cleanup/submission_package/neurips2026_reviewer_artifact_anonymous/data/adversarial/control.jsonl,35782,deeb0dc7092e2ba646b18badc0ae5b984463bec49c5c7b6d962445fe68d754dd,yes,include,publication-safe under automated gate,
cleanup_20260506_final_code_artifact_cleanup,root_before_cleanup/submission_package/neurips2026_reviewer_artifact_anonymous/data/adversarial/disjoint.jsonl,45355,abdf94e13c8c6430f7760350542c0c31dbaa69507f5f3f6b34cdfda3a10b5e75,yes,include,publication-safe under automated gate,
cleanup_20260506_final_code_artifact_cleanup,root_before_cleanup/submission_package/neurips2026_reviewer_artifact_anonymous/data/adversarial/drift.jsonl,57006,c1f3c64e333b996fcc0d534425eb67cbc63ae644517389078f2514f814148003,yes,include,publication-safe under automated gate,
cleanup_20260506_final_code_artifact_cleanup,root_before_cleanup/submission_package/neurips2026_reviewer_artifact_anonymous/data/benchmark/README.md,2430,871e88a71153ad814f600c9ebbb37e1defdf2ef6efb735b4a862f33bd333b8af,yes,include,publication-safe under automated gate,
cleanup_20260506_final_code_artifact_cleanup,root_before_cleanup/submission_package/neurips2026_reviewer_artifact_anonymous/data/revision/fix_06/per_query_compact.csv,60148,21f9d0c97c80c964ffc4ae42916df5a09898e862e332bddcd0779f1161fe1962,yes,include,publication-safe under automated gate,
cleanup_20260506_final_code_artifact_cleanup,root_before_cleanup/submission_package/neurips2026_reviewer_artifact_anonymous/experiments/analyze_human_eval.py,4961,572ce40b888df1624156b800c73955c92b8e157e1ea931f2e74db8cea4f2317b,yes,include,publication-safe under automated gate,
cleanup_20260506_final_code_artifact_cleanup,root_before_cleanup/submission_package/neurips2026_reviewer_artifact_anonymous/experiments/analyze_prolific_results.py,9300,e3f8ea01549ce373a4b6816231a7180fefbdbc6c71d7d1fd2332c985a509c5da,yes,include,publication-safe under automated gate,
cleanup_20260506_final_code_artifact_cleanup,root_before_cleanup/submission_package/neurips2026_reviewer_artifact_anonymous/experiments/build_human_eval_samples.py,7879,e3040994caab434ee3619d544e90ff0bd135855c0be31e6cf79fb857eded6150,yes,include,publication-safe under automated gate,
cleanup_20260506_final_code_artifact_cleanup,root_before_cleanup/submission_package/neurips2026_reviewer_artifact_anonymous/experiments/fix_01_causal_matched_pairs.py,37811,625cb386d70c05d027c2f7137a66870aaeae59cb61ff2089648d1e3c24b69fa4,yes,include,publication-safe under automated gate,
cleanup_20260506_final_code_artifact_cleanup,root_before_cleanup/submission_package/neurips2026_reviewer_artifact_anonymous/experiments/fix_02_scaled_headline_n500.py,12874,94f28324a7f60fb6705074e76759c1664e28e4e13a9de5476b2bd471b35ebfa4,yes,include,publication-safe under automated gate,
cleanup_20260506_final_code_artifact_cleanup,root_before_cleanup/submission_package/neurips2026_reviewer_artifact_anonymous/experiments/fix_03_multimetric_faithfulness.py,9358,3d895d2046e0c50f821d28dd4d07f0b555e2e199490cdfaf3305aeb9d5e22eb6,yes,include,publication-safe under automated gate,
cleanup_20260506_final_code_artifact_cleanup,root_before_cleanup/submission_package/neurips2026_reviewer_artifact_anonymous/experiments/fix_04_tau_generalization.py,8969,a7118cc7323c9e3614bdfc80569b33b7b28904bfccec5046d54133abc0d9e9c3,yes,include,publication-safe under automated gate,
cleanup_20260506_final_code_artifact_cleanup,root_before_cleanup/submission_package/neurips2026_reviewer_artifact_anonymous/experiments/fix_05_coherence_preserving_noise.py,8316,9cd425dfc1ee6638dfd7973c89bef3d150c9b871337e927679909d737c88b8ca,yes,include,publication-safe under automated gate,
cleanup_20260506_final_code_artifact_cleanup,root_before_cleanup/submission_package/neurips2026_reviewer_artifact_anonymous/experiments/fix_06_baseline_h2h_pareto.py,8869,392496ce51162469b39988bc5998ac65603a41cdd1217e56a699a7d5e8e646b1,yes,include,publication-safe under automated gate,
cleanup_20260506_final_code_artifact_cleanup,root_before_cleanup/submission_package/neurips2026_reviewer_artifact_anonymous/experiments/fix_07_together_70b_reproduction.py,4309,22d549e83b9da226b4387c9c323774bfa1dbd43fa75bf962dc2c133e8af35ff5,yes,include,publication-safe under automated gate,
cleanup_20260506_final_code_artifact_cleanup,root_before_cleanup/submission_package/neurips2026_reviewer_artifact_anonymous/experiments/fix_09_partial_correlations.py,3401,100bed354100214d1e81b73ae94131ca688127e9d8a386bb2ba5793170fdd8b6,yes,include,publication-safe under automated gate,
cleanup_20260506_final_code_artifact_cleanup,root_before_cleanup/submission_package/neurips2026_reviewer_artifact_anonymous/experiments/fix_11_raptor_full_table.py,6027,47012e15347ad80d4d15661ed7561525eb684c3110e3dc2399c1db8966159441,yes,include,publication-safe under automated gate,
cleanup_20260506_final_code_artifact_cleanup,root_before_cleanup/submission_package/neurips2026_reviewer_artifact_anonymous/experiments/fix_12_answer_span_diagnostic.py,14406,74836fb00d57aaac8bdc4260f30e1ed1237207ba98527c7a5fb2e59ee73aafd7,yes,include,publication-safe under automated gate,
cleanup_20260506_final_code_artifact_cleanup,root_before_cleanup/submission_package/neurips2026_reviewer_artifact_anonymous/experiments/fix_13_retriever_sanity.py,11844,0e153d7c0f3f85f489fd07b89a9c5c1d56e874230913a925275be55f572a2900,yes,include,publication-safe under automated gate,
cleanup_20260506_final_code_artifact_cleanup,root_before_cleanup/submission_package/neurips2026_reviewer_artifact_anonymous/experiments/fix_14_second_generator_metric_fragility.py,12730,86d9f421cb61f378f6c57850fe75eab2683a51a894e55a4b24715afcd7bf1582,yes,include,publication-safe under automated gate,
cleanup_20260506_final_code_artifact_cleanup,root_before_cleanup/submission_package/neurips2026_reviewer_artifact_anonymous/experiments/fix_15_longform_stress.py,4910,8cdfd9143e6275140370226e5bc2fcc3cd2e2d36e317c350db5f0431352d33cf,yes,include,publication-safe under automated gate,
cleanup_20260506_final_code_artifact_cleanup,root_before_cleanup/submission_package/neurips2026_reviewer_artifact_anonymous/experiments/generate_adversarial_cases.py,15028,ea914fad2b5cf05a2ec641e139d021b0f1263e455b149fed48a0e057645c15e7,yes,include,publication-safe under automated gate,
cleanup_20260506_final_code_artifact_cleanup,root_before_cleanup/submission_package/neurips2026_reviewer_artifact_anonymous/experiments/revision_utils.py,2953,431614b4254219619141078ea252f1f71adaf7ee7cb4486636ab0487b31f88db,yes,include,publication-safe under automated gate,
cleanup_20260506_final_code_artifact_cleanup,root_before_cleanup/submission_package/neurips2026_reviewer_artifact_anonymous/experiments/run_adaptive_chunking_ablation.py,16371,5d4e2cd15ee652181af4727d9c2eb3d9c4556da41a6f541af28f398b6c6f7b00,yes,include,publication-safe under automated gate,
cleanup_20260506_final_code_artifact_cleanup,root_before_cleanup/submission_package/neurips2026_reviewer_artifact_anonymous/experiments/run_adversarial_coherence.py,11949,ec764d1386be2ba23bd0f0af081369ec7bfedb20978c80eb6ada8942a17dab69,yes,include,publication-safe under automated gate,
cleanup_20260506_final_code_artifact_cleanup,root_before_cleanup/submission_package/neurips2026_reviewer_artifact_anonymous/experiments/run_ccs_alternatives.py,13220,19340ca047f0fdd0ec9079a29df96242962c730131a1da50f94670d40b01cf1b,yes,include,publication-safe under automated gate,
cleanup_20260506_final_code_artifact_cleanup,root_before_cleanup/submission_package/neurips2026_reviewer_artifact_anonymous/experiments/run_coherence_analysis.py,12792,186b7457f92aa9a58adbbaab84aa2967e2a33421f476651f8dd63006cf06d873,yes,include,publication-safe under automated gate,
cleanup_20260506_final_code_artifact_cleanup,root_before_cleanup/submission_package/neurips2026_reviewer_artifact_anonymous/experiments/run_confidence_calibration.py,9355,6ed28fe91dbc6743a5ef9c39e0f83be599b1ea434fbe1cf7cc5a49d31751c9b4,yes,include,publication-safe under automated gate,
cleanup_20260506_final_code_artifact_cleanup,root_before_cleanup/submission_package/neurips2026_reviewer_artifact_anonymous/experiments/run_crag_baseline.py,9201,a1219d74073bd89e0f9b4a8b3db9451145ea5e1bbdc01aee41e1f8357e881cd5,yes,include,publication-safe under automated gate,
cleanup_20260506_final_code_artifact_cleanup,root_before_cleanup/submission_package/neurips2026_reviewer_artifact_anonymous/experiments/run_crossencoder_sensitivity.py,7432,651196aa54f71f2e144c6ebe58d89cac6d404698872babd3b51de2a58fc5b5f8,yes,include,publication-safe under automated gate,
cleanup_20260506_final_code_artifact_cleanup,root_before_cleanup/submission_package/neurips2026_reviewer_artifact_anonymous/experiments/run_frontier_scale.py,13431,6e4cfc89ce174e2587d8d15bf0354d88a4d4f1113fbdf1d79cd1b0683ea05915,yes,include,publication-safe under automated gate,
cleanup_20260506_final_code_artifact_cleanup,root_before_cleanup/submission_package/neurips2026_reviewer_artifact_anonymous/experiments/run_hcpc_ablation.py,18502,28fa0d855e54cbc3bc583fc75c2e614094df764c6ce493c8997f3d71ad413053,yes,include,publication-safe under automated gate,
cleanup_20260506_final_code_artifact_cleanup,root_before_cleanup/submission_package/neurips2026_reviewer_artifact_anonymous/experiments/run_hcpc_v2_ablation.py,25905,44ad32fa752595a1c6c3602485dc9023e824f8c7874da85662870f125a38686c,yes,include,publication-safe under automated gate,
cleanup_20260506_final_code_artifact_cleanup,root_before_cleanup/submission_package/neurips2026_reviewer_artifact_anonymous/experiments/run_headtohead_comparison.py,9759,9ac57b39d033d9afb0ddbb1a810f6b8934dafba7a43049826a1bb4743616b413,yes,include,publication-safe under automated gate,
cleanup_20260506_final_code_artifact_cleanup,root_before_cleanup/submission_package/neurips2026_reviewer_artifact_anonymous/experiments/run_latency_analysis.py,5072,06bf73c8b5ec9cf4850754c909969bd280ae024419ff44636a0b9942dfe6addd,yes,include,publication-safe under automated gate,
cleanup_20260506_final_code_artifact_cleanup,root_before_cleanup/submission_package/neurips2026_reviewer_artifact_anonymous/experiments/run_longform_eval.py,13325,072a2d5cae37b0c20e5766d7b8996b23c300665ddfe21b5891f4321e597eebe1,yes,include,publication-safe under automated gate,
cleanup_20260506_final_code_artifact_cleanup,root_before_cleanup/submission_package/neurips2026_reviewer_artifact_anonymous/experiments/run_mechanistic_analysis.py,10854,4323efb10cd31d0289ffc80b851e401c0c731ad71272f5bfd6af4252b8ecbf3b,yes,include,publication-safe under automated gate,
cleanup_20260506_final_code_artifact_cleanup,root_before_cleanup/submission_package/neurips2026_reviewer_artifact_anonymous/experiments/run_mmr_baseline.py,8689,f6f099da12ddb49b9ce638ef0492cd58c5c1ee5cec04391a5ea3dbf9194cf6a0,yes,include,publication-safe under automated gate,
cleanup_20260506_final_code_artifact_cleanup,root_before_cleanup/submission_package/neurips2026_reviewer_artifact_anonymous/experiments/run_multi_retriever_ablation.py,13996,6383a846bcb024a04af2dbf4262d0b10b06f6ae131cc6e2f75bd3f169a26822f,yes,include,publication-safe under automated gate,
cleanup_20260506_final_code_artifact_cleanup,root_before_cleanup/submission_package/neurips2026_reviewer_artifact_anonymous/experiments/run_multidataset_validation.py,10152,b1119f2ebbe76f9d9fca18efc3d9f26198c9ccc65062242f731f400e6f9c220d,yes,include,publication-safe under automated gate,
cleanup_20260506_final_code_artifact_cleanup,root_before_cleanup/submission_package/neurips2026_reviewer_artifact_anonymous/experiments/run_multimodel_ablation.py,5641,ecf3ac645bfcd056e298e549fe95748083870e8a5048ecc94e43fc0414232d8d,yes,include,publication-safe under automated gate,
cleanup_20260506_final_code_artifact_cleanup,root_before_cleanup/submission_package/neurips2026_reviewer_artifact_anonymous/experiments/run_multiseed_variance.py,13909,39c0715ca0a3f81e3eb98e4ef4bad1f89ac65f329678d79073912a6f4d7bcc9a,yes,include,publication-safe under automated gate,
cleanup_20260506_final_code_artifact_cleanup,root_before_cleanup/submission_package/neurips2026_reviewer_artifact_anonymous/experiments/run_noise_injection_ablation.py,11692,3a053e6ac7e26ceda30a21b04d261c33dea0a1c01b25bd90113022ee2a83cebb,yes,include,publication-safe under automated gate,
cleanup_20260506_final_code_artifact_cleanup,root_before_cleanup/submission_package/neurips2026_reviewer_artifact_anonymous/experiments/run_prompt_template_ablation.py,15454,f8a2d7ba20ba8b5b23565d9252534fc17c6a031e3a6f50fd11070c586e545fec,yes,include,publication-safe under automated gate,
cleanup_20260506_final_code_artifact_cleanup,root_before_cleanup/submission_package/neurips2026_reviewer_artifact_anonymous/experiments/run_pubmedqa_ablation.py,2589,3b1fe8bea946bcc9d09873815fd8aa46d794b7e3129812baefbf0e10b8e2fd64,yes,include,publication-safe under automated gate,
cleanup_20260506_final_code_artifact_cleanup,root_before_cleanup/submission_package/neurips2026_reviewer_artifact_anonymous/experiments/run_qualitative_analysis.py,2199,409bef862e1a2e444fa4b5ce3c661b48bb8b6bccb84c65c773a0085b7ab6ed36,yes,include,publication-safe under automated gate,
cleanup_20260506_final_code_artifact_cleanup,root_before_cleanup/submission_package/neurips2026_reviewer_artifact_anonymous/experiments/run_quantization_sensitivity.py,8984,3b8fa9ee440edbd16f0f95d0a5e7fb9dac7c7f5b5e88081a8839dbc2016b091d,yes,include,publication-safe under automated gate,
cleanup_20260506_final_code_artifact_cleanup,root_before_cleanup/submission_package/neurips2026_reviewer_artifact_anonymous/experiments/run_raptor_ablation.py,9792,3b844b6cecfc99ac0974991d1d45600d1c722b0af86212ea5f6a8895e17f5070,yes,include,publication-safe under automated gate,
cleanup_20260506_final_code_artifact_cleanup,root_before_cleanup/submission_package/neurips2026_reviewer_artifact_anonymous/experiments/run_reranker_ablation.py,6639,7357ca50e43a12225157e42bab002f86e64fde1adde5f52d21c6ed2c643b812a,yes,include,publication-safe under automated gate,
cleanup_20260506_final_code_artifact_cleanup,root_before_cleanup/submission_package/neurips2026_reviewer_artifact_anonymous/experiments/run_reranker_experiment.py,18263,d26a1bb7df396a29382ac675cba977a2ec527a541fb7d5749b7a3f850dc3f8b7,yes,include,publication-safe under automated gate,
cleanup_20260506_final_code_artifact_cleanup,root_before_cleanup/submission_package/neurips2026_reviewer_artifact_anonymous/experiments/run_scaled_headline.py,10862,ddaf0fa612ecbd8c4928ee5ec08dc241070df74e73359e229201b79ea2d261db,yes,include,publication-safe under automated gate,
cleanup_20260506_final_code_artifact_cleanup,root_before_cleanup/submission_package/neurips2026_reviewer_artifact_anonymous/experiments/run_significance_tests.py,3244,007db36a3788f750ce3871d65a87fb6ea7e1a2282702f60d55b4a0d5f5ea92d5,yes,include,publication-safe under automated gate,
cleanup_20260506_final_code_artifact_cleanup,root_before_cleanup/submission_package/neurips2026_reviewer_artifact_anonymous/experiments/run_subchunk_sensitivity.py,9915,e96fa814857fc817532f41c438e0f66788c6442aec2999370c91929529e17a9a,yes,include,publication-safe under automated gate,
cleanup_20260506_final_code_artifact_cleanup,root_before_cleanup/submission_package/neurips2026_reviewer_artifact_anonymous/experiments/run_synthetic_causal.py,16081,70c8a2686e623db60afad54d1c818c587774c48340876be2335b2a62b037b820,yes,include,publication-safe under automated gate,
cleanup_20260506_final_code_artifact_cleanup,root_before_cleanup/submission_package/neurips2026_reviewer_artifact_anonymous/experiments/run_temperature_sensitivity.py,8745,5599ce2b97f20561a4174ed7d97ff40b8139887f9278210f74be0543cdcbc413,yes,include,publication-safe under automated gate,
cleanup_20260506_final_code_artifact_cleanup,root_before_cleanup/submission_package/neurips2026_reviewer_artifact_anonymous/experiments/run_threshold_sensitivity.py,4503,ea09154bb7adfad2123380df543f43df9f38f35a764c95a60d1d9a8ef2964dc1,yes,include,publication-safe under automated gate,
cleanup_20260506_final_code_artifact_cleanup,root_before_cleanup/submission_package/neurips2026_reviewer_artifact_anonymous/experiments/run_topk_sensitivity.py,10557,2fb44599bccea8be738788e9102509e4588e9c65f0dd4eda4cd0a6e8ce68fcf9,yes,include,publication-safe under automated gate,
cleanup_20260506_final_code_artifact_cleanup,root_before_cleanup/submission_package/neurips2026_reviewer_artifact_anonymous/experiments/run_zeroshot_baseline.py,3738,0bf4332d967baae58fc804cdb14d23da0c518461f310fc3d9a6d40cce88c92fa,yes,include,publication-safe under automated gate,
cleanup_20260506_final_code_artifact_cleanup,root_before_cleanup/submission_package/neurips2026_reviewer_artifact_anonymous/experiments/train_mech_classifier.py,11062,dcc01b0971c6dbe0c2ebf75ea1346717bde374006c5180684425409317d0dc9a,yes,include,publication-safe under automated gate,
cleanup_20260506_final_code_artifact_cleanup,root_before_cleanup/submission_package/neurips2026_reviewer_artifact_anonymous/human_eval_final/n100_disagreement/annotation_batch_disagreement_100.csv,171192,83ac395bdce120c3b8def310e410191fb2969942d6796dd57dc48dd3dc5643b8,yes,include,publication-safe under automated gate,
cleanup_20260506_final_code_artifact_cleanup,root_before_cleanup/submission_package/neurips2026_reviewer_artifact_anonymous/human_eval_final/n100_disagreement/annotation_batch_disagreement_PREANNOTATION.csv,165465,443933634f14a7b1d2383ff97b9cc67898c99d84b498fe4e773386ffea3eafd8,yes,include,publication-safe under automated gate,
cleanup_20260506_final_code_artifact_cleanup,root_before_cleanup/submission_package/neurips2026_reviewer_artifact_anonymous/human_eval_final/n100_disagreement/batch_composition.csv,221,724bd0c412b9d97e76a50f8910996b61b6eaa93e20dfdfb27d6272bd63b69858,yes,include,publication-safe under automated gate,
cleanup_20260506_final_code_artifact_cleanup,root_before_cleanup/submission_package/neurips2026_reviewer_artifact_anonymous/human_eval_final/n100_disagreement/human_disagreement_agreement.csv,104,70ec535d074d284cb5127e4cf47f45a7dc59d2c741a9fa60a42ccb9b2fbb0406,yes,include,publication-safe under automated gate,
cleanup_20260506_final_code_artifact_cleanup,root_before_cleanup/submission_package/neurips2026_reviewer_artifact_anonymous/human_eval_final/n100_disagreement/human_disagreement_auroc_auprc.csv,238,4dcd47bc55d269928621bd5ff1f1a3f531334ee49259d11fc19ccb103d6fd982,yes,include,publication-safe under automated gate,
cleanup_20260506_final_code_artifact_cleanup,root_before_cleanup/submission_package/neurips2026_reviewer_artifact_anonymous/human_eval_final/n100_disagreement/human_disagreement_bootstrap_cis.csv,1789,5d3a329634f3d4b56c9dc96c58a6d0eb7e98b9a9726d7dacffbd6118a8c43c5c,yes,include,publication-safe under automated gate,
cleanup_20260506_final_code_artifact_cleanup,root_before_cleanup/submission_package/neurips2026_reviewer_artifact_anonymous/human_eval_final/n100_disagreement/human_disagreement_correlations.csv,991,81483a9a8c1747b41e82966a99d724788615333a07d989c0f4b360d0d71f590c,yes,include,publication-safe under automated gate,
cleanup_20260506_final_code_artifact_cleanup,root_before_cleanup/submission_package/neurips2026_reviewer_artifact_anonymous/human_eval_final/n100_disagreement/human_disagreement_label_distribution.csv,353,bdba47db5e80b2e510150e0e739dc85f364d11b0b3e5ac289b20ba7526542f9d,yes,include,publication-safe under automated gate,
cleanup_20260506_final_code_artifact_cleanup,root_before_cleanup/submission_package/neurips2026_reviewer_artifact_anonymous/human_eval_final/n100_disagreement/human_disagreement_summary.csv,226,9571334a1743d6046226753049f2503a3387ba72e1fc2ba903a68973a426984b,yes,include,publication-safe under automated gate,
cleanup_20260506_final_code_artifact_cleanup,root_before_cleanup/submission_package/neurips2026_reviewer_artifact_anonymous/human_eval_final/n100_disagreement/human_eval_adjudicated.csv,166371,f0d797dc4cf3398696c57d1640daaa4bee85ba4651f262d2044d47d0f8869d8b,yes,include,publication-safe under automated gate,
cleanup_20260506_final_code_artifact_cleanup,root_before_cleanup/submission_package/neurips2026_reviewer_artifact_anonymous/human_eval_final/n100_disagreement/human_eval_adjudication_template.csv,166371,f0d797dc4cf3398696c57d1640daaa4bee85ba4651f262d2044d47d0f8869d8b,yes,include,publication-safe under automated gate,
cleanup_20260506_final_code_artifact_cleanup,root_before_cleanup/submission_package/neurips2026_reviewer_artifact_anonymous/human_eval_final/n100_disagreement/human_eval_rater1.csv,159944,29cf4abdc69d78d9e2dceb665010be5a95f7d06bcd319fff513d850833118a10,yes,include,publication-safe under automated gate,
cleanup_20260506_final_code_artifact_cleanup,root_before_cleanup/submission_package/neurips2026_reviewer_artifact_anonymous/human_eval_final/n100_disagreement/human_eval_rater2.csv,159734,60f59d26b2f67233f16c29c5eed3e666eb74a804d358f779a4b1040bd21049e5,yes,include,publication-safe under automated gate,
cleanup_20260506_final_code_artifact_cleanup,root_before_cleanup/submission_package/neurips2026_reviewer_artifact_anonymous/human_eval_final/n100_disagreement/missing_human_labels_report.md,680,8277258e6a9871bdb78738efe0dcba9b75174c15d57af9d1fe12de0660e5fe86,yes,include,publication-safe under automated gate,
cleanup_20260506_final_code_artifact_cleanup,root_before_cleanup/submission_package/neurips2026_reviewer_artifact_anonymous/human_eval_final/n100_disagreement/scorer_score_summary.csv,212,6867bbac08550c0af3e46a517b47b92a1de0dc565cba32459038b708711c984d,yes,include,publication-safe under automated gate,
cleanup_20260506_final_code_artifact_cleanup,root_before_cleanup/submission_package/neurips2026_reviewer_artifact_anonymous/human_eval_final/n99_calibration/bootstrap_correlation_cis.csv,1597,2454083c0148ffef1e14fc1fb83485e0d9fb4ff3974a116c940371b09cf9e7b8,yes,include,publication-safe under automated gate,
cleanup_20260506_final_code_artifact_cleanup,root_before_cleanup/submission_package/neurips2026_reviewer_artifact_anonymous/human_eval_final/n99_calibration/human_eval_adjudicated.csv,165619,872b89ca3896769e82c8addc819b2d11c869458927ecb4f816dbda4b0317b4f4,yes,include,publication-safe under automated gate,
cleanup_20260506_final_code_artifact_cleanup,root_before_cleanup/submission_package/neurips2026_reviewer_artifact_anonymous/human_eval_final/n99_calibration/human_eval_correlations.csv,236,d7a894f84ef620297d53030c5c373432c50bdfdcb52e4743d766c8106e75bb25,yes,include,publication-safe under automated gate,
cleanup_20260506_final_code_artifact_cleanup,root_before_cleanup/submission_package/neurips2026_reviewer_artifact_anonymous/human_eval_final/n99_calibration/human_eval_label_distribution.csv,104,41df52b1156990f614118b4c2f17fcfae8313efebdb915a64ec2ec2fdbb2e843,yes,include,publication-safe under automated gate,
cleanup_20260506_final_code_artifact_cleanup,root_before_cleanup/submission_package/neurips2026_reviewer_artifact_anonymous/human_eval_final/n99_calibration/human_eval_n99_with_context.csv,156850,20abee130659119221410090c91f80e63d4fabeb4ee3dcbd278b3108a80ad649,yes,include,publication-safe under automated gate,
cleanup_20260506_final_code_artifact_cleanup,root_before_cleanup/submission_package/neurips2026_reviewer_artifact_anonymous/human_eval_final/n99_calibration/human_eval_summary.csv,167,db4ffc9cc343951fa8be55f13a1c047c1d212bae5475a96fbc08d7f18a6d70ce,yes,include,publication-safe under automated gate,
cleanup_20260506_final_code_artifact_cleanup,root_before_cleanup/submission_package/neurips2026_reviewer_artifact_anonymous/human_eval_final/n99_calibration/human_eval_verification.csv,398,636afc1d68ceca32ea36a500da1c65aa261ef7d199336f50f040568d620c047d,yes,include,publication-safe under automated gate,
cleanup_20260506_final_code_artifact_cleanup,root_before_cleanup/submission_package/neurips2026_reviewer_artifact_anonymous/requirements-full.txt,413,434a49429de0a6788a376745bae5df5f01e1f03bb4a6b69dcff97ed61420323f,yes,include,publication-safe under automated gate,
cleanup_20260506_final_code_artifact_cleanup,root_before_cleanup/submission_package/neurips2026_reviewer_artifact_anonymous/requirements.txt,62,8cfba397b31568af14f01c2a9d4da2897ee9d4dc337abef8baf10d5d2b2227e9,yes,include,publication-safe under automated gate,
cleanup_20260506_final_code_artifact_cleanup,root_before_cleanup/submission_package/neurips2026_reviewer_artifact_anonymous/results/ablation_chunk1024_k3_cot.csv,4705,b0e187ec1e11a6070e51229ac6af0575d32f2707a04f970b11070360bbf1abcf,yes,include,publication-safe under automated gate,
cleanup_20260506_final_code_artifact_cleanup,root_before_cleanup/submission_package/neurips2026_reviewer_artifact_anonymous/results/ablation_chunk1024_k3_cot_scores.csv,104,38d0d84278268e00f8b5113a0d1388cd09a54588000b613f30931ab04de73855,yes,include,publication-safe under automated gate,
cleanup_20260506_final_code_artifact_cleanup,root_before_cleanup/submission_package/neurips2026_reviewer_artifact_anonymous/results/ablation_chunk1024_k3_strict.csv,4524,417164c3fa2004bde764eac93b38e644af7c679747947ba66c0b90a966b660ce,yes,include,publication-safe under automated gate,
cleanup_20260506_final_code_artifact_cleanup,root_before_cleanup/submission_package/neurips2026_reviewer_artifact_anonymous/results/ablation_chunk1024_k3_strict_scores.csv,110,c686b598514a4027f91d85370230a03b0dff8c28842f6186fa4b0dbff2d48b88,yes,include,publication-safe under automated gate,
cleanup_20260506_final_code_artifact_cleanup,root_before_cleanup/submission_package/neurips2026_reviewer_artifact_anonymous/results/ablation_chunk1024_k5_cot.csv,4433,2e23adfb2d250185f2658caae9b1364b1ad4337411da8ba177de6a4b69eac397,yes,include,publication-safe under automated gate,
cleanup_20260506_final_code_artifact_cleanup,root_before_cleanup/submission_package/neurips2026_reviewer_artifact_anonymous/results/ablation_chunk1024_k5_cot_scores.csv,107,7a2e1864e48261c19a95a70534a0248f3e5ebce0e70e56b187020a95df6acd8b,yes,include,publication-safe under automated gate,
cleanup_20260506_final_code_artifact_cleanup,root_before_cleanup/submission_package/neurips2026_reviewer_artifact_anonymous/results/ablation_chunk1024_k5_strict.csv,4554,b2eda0aa93475278084f9828856d2418ad91409b0c192d5e12a3a350e7664708,yes,include,publication-safe under automated gate,
cleanup_20260506_final_code_artifact_cleanup,root_before_cleanup/submission_package/neurips2026_reviewer_artifact_anonymous/results/ablation_chunk1024_k5_strict_scores.csv,110,24eef0f691ac10a41837e604a73f884bf24d61caa6b881b7a5c7618bbe28f871,yes,include,publication-safe under automated gate,
cleanup_20260506_final_code_artifact_cleanup,root_before_cleanup/submission_package/neurips2026_reviewer_artifact_anonymous/results/ablation_chunk256_k3_cot.csv,7284,10a6dc8d069f7a52acbc867122f1bb8638f17a00b69b0b67dd91ff1891594a86,yes,include,publication-safe under automated gate,
cleanup_20260506_final_code_artifact_cleanup,root_before_cleanup/submission_package/neurips2026_reviewer_artifact_anonymous/results/ablation_chunk256_k3_cot_scores.csv,106,1547da2da275bb680242f83764f414c63a5bb6767ad00e18ef1fb4f671a98503,yes,include,publication-safe under automated gate,
cleanup_20260506_final_code_artifact_cleanup,root_before_cleanup/submission_package/neurips2026_reviewer_artifact_anonymous/results/ablation_chunk256_k3_strict.csv,7056,4dd212a79d1fddd9db6bf3a8b28f97e8509d9baac4d720c6be79b4c51daadc14,yes,include,publication-safe under automated gate,
cleanup_20260506_final_code_artifact_cleanup,root_before_cleanup/submission_package/neurips2026_reviewer_artifact_anonymous/results/ablation_chunk256_k3_strict_scores.csv,106,2172eb8eac18b166dc86fa95f412ac07e68633339bb74fbff47f903f65616548,yes,include,publication-safe under automated gate,
cleanup_20260506_final_code_artifact_cleanup,root_before_cleanup/submission_package/neurips2026_reviewer_artifact_anonymous/results/ablation_chunk256_k5_cot.csv,6329,5fde216f5d664f00a3f1814ffece5b70ad2b58b139f48c69cf45b0fbd297ec70,yes,include,publication-safe under automated gate,
cleanup_20260506_final_code_artifact_cleanup,root_before_cleanup/submission_package/neurips2026_reviewer_artifact_anonymous/results/ablation_chunk256_k5_cot_scores.csv,103,0482a8cbb119cae9d3ec21753987987da1d9d51f1533f73ba49f97175d153f13,yes,include,publication-safe under automated gate,
cleanup_20260506_final_code_artifact_cleanup,root_before_cleanup/submission_package/neurips2026_reviewer_artifact_anonymous/results/ablation_chunk256_k5_strict.csv,6447,8f59d6cf0d4f31e188af82c0c38cba654b647c0645fc5326289e5d4e7e3778c9,yes,include,publication-safe under automated gate,
cleanup_20260506_final_code_artifact_cleanup,root_before_cleanup/submission_package/neurips2026_reviewer_artifact_anonymous/results/ablation_chunk256_k5_strict_scores.csv,106,d29717892cc4a72a4f4a78fbf7cb8d58dd24cd38bc1c3c5a0efcfe6dff6a30a1,yes,include,publication-safe under automated gate,
cleanup_20260506_final_code_artifact_cleanup,root_before_cleanup/submission_package/neurips2026_reviewer_artifact_anonymous/results/ablation_chunk512_k3_cot.csv,5141,664f4e949727363a8496d502f0de6eb06d5a4142c2747af082d3eba9a561a500,yes,include,publication-safe under automated gate,
cleanup_20260506_final_code_artifact_cleanup,root_before_cleanup/submission_package/neurips2026_reviewer_artifact_anonymous/results/ablation_chunk512_k3_cot_scores.csv,103,3a5773e593db3925b34c97d68cc6bd1837328bea6070dfccaf6e366f7e8166b7,yes,include,publication-safe under automated gate,
cleanup_20260506_final_code_artifact_cleanup,root_before_cleanup/submission_package/neurips2026_reviewer_artifact_anonymous/results/ablation_chunk512_k3_strict.csv,5170,16b4afbb4a71e88343e0a46444314ebbbf5a86ccb4fbbfb6626b763a9c79ae14,yes,include,publication-safe under automated gate,
cleanup_20260506_final_code_artifact_cleanup,root_before_cleanup/submission_package/neurips2026_reviewer_artifact_anonymous/results/ablation_chunk512_k3_strict_scores.csv,106,628a1e91d51ce5010e3a419af23220c438746ba640afbccdb1ab2fdb901fa8d6,yes,include,publication-safe under automated gate,
cleanup_20260506_final_code_artifact_cleanup,root_before_cleanup/submission_package/neurips2026_reviewer_artifact_anonymous/results/ablation_chunk512_k5_cot.csv,4982,8b5b37f0552d401e75fb881478e2744550c566a13e03503523f950c57d49dd3c,yes,include,publication-safe under automated gate,
cleanup_20260506_final_code_artifact_cleanup,root_before_cleanup/submission_package/neurips2026_reviewer_artifact_anonymous/results/ablation_chunk512_k5_cot_scores.csv,106,3b2765a5f78951a318117941bfb7d912f5d83ee85c1673c95824ba57cc0b58ba,yes,include,publication-safe under automated gate,
cleanup_20260506_final_code_artifact_cleanup,root_before_cleanup/submission_package/neurips2026_reviewer_artifact_anonymous/results/ablation_chunk512_k5_strict.csv,5053,920fff3992401e6332e9947000489b286c83a916cd54754bec3dcdb32179bd6d,yes,include,publication-safe under automated gate,
cleanup_20260506_final_code_artifact_cleanup,root_before_cleanup/submission_package/neurips2026_reviewer_artifact_anonymous/results/ablation_chunk512_k5_strict_scores.csv,109,b292e258204ea32b996f4f46e9f1bbf88bd6fd0d22b6f539c236c4dfa0aca26f,yes,include,publication-safe under automated gate,
cleanup_20260506_final_code_artifact_cleanup,root_before_cleanup/submission_package/neurips2026_reviewer_artifact_anonymous/results/ablation_summary.csv,407,598ad95a7abe2cba348b2c8176b863cd5d8359c8744d0c9754bc6c4cb79cd44f,yes,include,publication-safe under automated gate,
cleanup_20260506_final_code_artifact_cleanup,root_before_cleanup/submission_package/neurips2026_reviewer_artifact_anonymous/results/ablation_summary.json,1974,2ba7b32942f8f07a037d31efe616fc72d36d7eb415505dac321b80d9e93ad8ec,yes,include,publication-safe under automated gate,
cleanup_20260506_final_code_artifact_cleanup,root_before_cleanup/submission_package/neurips2026_reviewer_artifact_anonymous/results/adaptive/adaptive_vs_fixed_comparison.csv,1457,80c7067a485fcf9d693585a68b3ce6e525be325766f509c49194a9913183c300,yes,include,publication-safe under automated gate,
cleanup_20260506_final_code_artifact_cleanup,root_before_cleanup/submission_package/neurips2026_reviewer_artifact_anonymous/results/adaptive/pubmedqa_dynamic.csv,27626,6b819d975c7fe94a9d2c9a3a1781e6dba72276d8d7f9e62271e95d0f4d985aa5,yes,include,publication-safe under automated gate,
cleanup_20260506_final_code_artifact_cleanup,root_before_cleanup/submission_package/neurips2026_reviewer_artifact_anonymous/results/adaptive/pubmedqa_fixed_1024.csv,27968,747d6bc93323cb57b11c1b8c28b0aa19f5da4ead77e9b8037ff25649beed8548,yes,include,publication-safe under automated gate,
cleanup_20260506_final_code_artifact_cleanup,root_before_cleanup/submission_package/neurips2026_reviewer_artifact_anonymous/results/adaptive/pubmedqa_fixed_256.csv,23361,f3094eee555d401b40c6dc6776e12928a53403e0a26f37534270b14705ddab01,yes,include,publication-safe under automated gate,
cleanup_20260506_final_code_artifact_cleanup,root_before_cleanup/submission_package/neurips2026_reviewer_artifact_anonymous/results/adaptive/pubmedqa_fixed_512.csv,27867,53d5bf99c52d4f3f6ec7d47cb2c2d7c2dcd17f19642364d266b44f0fbc348c81,yes,include,publication-safe under automated gate,
cleanup_20260506_final_code_artifact_cleanup,root_before_cleanup/submission_package/neurips2026_reviewer_artifact_anonymous/results/adaptive/pubmedqa_semantic_loose.csv,28998,bcb5ea80b63c18cb0b8cb315a8fa17850781090c8f3a1c32ce1cc723b60566fa,yes,include,publication-safe under automated gate,
cleanup_20260506_final_code_artifact_cleanup,root_before_cleanup/submission_package/neurips2026_reviewer_artifact_anonymous/results/adaptive/pubmedqa_semantic_tight.csv,27173,937b78e9f1ea693d085a2ba6eb9333c2a1d5a822087711740569f8bd7a5882a8,yes,include,publication-safe under automated gate,
cleanup_20260506_final_code_artifact_cleanup,root_before_cleanup/submission_package/neurips2026_reviewer_artifact_anonymous/results/adaptive/squad_dynamic.csv,7856,9dc7aa44995e74f5bfa5582497d5f9dd4024a080697642996f6c5a09c650e819,yes,include,publication-safe under automated gate,
cleanup_20260506_final_code_artifact_cleanup,root_before_cleanup/submission_package/neurips2026_reviewer_artifact_anonymous/results/adaptive/squad_fixed_1024.csv,7661,5e40c50caffc6d679a0a6895ff452ed8e3147c9b9b5aa9a99bfaadd385f747f2,yes,include,publication-safe under automated gate,
cleanup_20260506_final_code_artifact_cleanup,root_before_cleanup/submission_package/neurips2026_reviewer_artifact_anonymous/results/adaptive/squad_fixed_256.csv,10969,50c7cf3a6be99dbca8e0afb96081c68f03c4cbf44934033ae2846eee2ea5480c,yes,include,publication-safe under automated gate,
cleanup_20260506_final_code_artifact_cleanup,root_before_cleanup/submission_package/neurips2026_reviewer_artifact_anonymous/results/adaptive/squad_fixed_512.csv,7684,1f813c54741b6d97034006f8886006aabba39588b7611ebb5c35a00160338a63,yes,include,publication-safe under automated gate,
cleanup_20260506_final_code_artifact_cleanup,root_before_cleanup/submission_package/neurips2026_reviewer_artifact_anonymous/results/adaptive/squad_semantic_loose.csv,7289,644ee92416c76bc16bd62a4ed14778b22ff06d1d4165063e184dcf66fed292eb,yes,include,publication-safe under automated gate,
cleanup_20260506_final_code_artifact_cleanup,root_before_cleanup/submission_package/neurips2026_reviewer_artifact_anonymous/results/adaptive/squad_semantic_tight.csv,7671,a437cbcfd90df5699aec42c3bd8be97b4429280c5888fcf788ceee4b36975bfd,yes,include,publication-safe under automated gate,
cleanup_20260506_final_code_artifact_cleanup,root_before_cleanup/submission_package/neurips2026_reviewer_artifact_anonymous/results/adaptive/summary.csv,1457,9cf11e12b6fdaa9cdb6d32b9c7a4cd00ac56c3bc558dbcb7882200fffef6040f,yes,include,publication-safe under automated gate,
cleanup_20260506_final_code_artifact_cleanup,root_before_cleanup/submission_package/neurips2026_reviewer_artifact_anonymous/results/adaptive/summary.json,5091,ef33f068551f17afd6c4a8e3820ecc83f4724a53950b1498e1aeebd596b6abce,yes,include,publication-safe under automated gate,
cleanup_20260506_final_code_artifact_cleanup,root_before_cleanup/submission_package/neurips2026_reviewer_artifact_anonymous/results/all_results_summary.csv,2935,3467621b02339049b49d306c2ebe86220411482e7db06a1c2864125b6dacacdb,yes,include,publication-safe under automated gate,
cleanup_20260506_final_code_artifact_cleanup,root_before_cleanup/submission_package/neurips2026_reviewer_artifact_anonymous/results/all_results_summary.md,7960,13a0259b2392131146e6b2da465b40374c36037312c62e1277a5eff1362809e4,yes,include,publication-safe under automated gate,
cleanup_20260506_final_code_artifact_cleanup,root_before_cleanup/submission_package/neurips2026_reviewer_artifact_anonymous/results/ccs_calibration/quintile_table.csv,189,2f3c7e3e655ab66b13cd92e6340d934f2d95f7c4279d95c68a92f86f3b39e447,yes,include,publication-safe under automated gate,
cleanup_20260506_final_code_artifact_cleanup,root_before_cleanup/submission_package/neurips2026_reviewer_artifact_anonymous/results/coherence_analysis/condition_summary.csv,500,b284bf977db87beae40f2368e865e224e7374d17d5121d08bae3f554b41757b0,yes,include,publication-safe under automated gate,
cleanup_20260506_final_code_artifact_cleanup,root_before_cleanup/submission_package/neurips2026_reviewer_artifact_anonymous/results/coherence_analysis/correlations.csv,1399,abf1c788151a392c14373c3b75107287fc47741b75bb4377bb26e935bbc0bbfe,yes,include,publication-safe under automated gate,
cleanup_20260506_final_code_artifact_cleanup,root_before_cleanup/submission_package/neurips2026_reviewer_artifact_anonymous/results/coherence_analysis/summary.md,2581,2a414afe9b4dc047030fdb1d0e462d845435a8a65fda2741288badfee1fc158b,yes,include,publication-safe under automated gate,
cleanup_20260506_final_code_artifact_cleanup,root_before_cleanup/submission_package/neurips2026_reviewer_artifact_anonymous/results/coherence_heatmap/example_metadata.json,382,1829afb91b29268fab6b36fca44e4526cbc7de9bae9efea2baacf24a8cfc9400,yes,include,publication-safe under automated gate,
cleanup_20260506_final_code_artifact_cleanup,root_before_cleanup/submission_package/neurips2026_reviewer_artifact_anonymous/results/confidence_calibration/correlations.csv,168,a66413ffe0c882e387ccac418d0adbc1098c3d5c7cbd5f9169bf531cc9ec92e8,yes,include,publication-safe under automated gate,
cleanup_20260506_final_code_artifact_cleanup,root_before_cleanup/submission_package/neurips2026_reviewer_artifact_anonymous/results/confidence_calibration/quintile_table.csv,205,1d450022f82792fdc0aa2157359775a28828fb674420748eae3adc8596afc828,yes,include,publication-safe under automated gate,
cleanup_20260506_final_code_artifact_cleanup,root_before_cleanup/submission_package/neurips2026_reviewer_artifact_anonymous/results/confidence_calibration/summary.md,1390,f2d33fabfe7f8e4376784a5a7b0a69c5a68093761d30a0e1c70b03c281e605a5,yes,include,publication-safe under automated gate,
cleanup_20260506_final_code_artifact_cleanup,root_before_cleanup/submission_package/neurips2026_reviewer_artifact_anonymous/results/crossencoder_sensitivity/completed_tuples.json,315,2c63b6873bce5e3ac6bf4d0c103e5a747b50e738c21e7c1283f1b2a6f0971745,yes,include,publication-safe under automated gate,
cleanup_20260506_final_code_artifact_cleanup,root_before_cleanup/submission_package/neurips2026_reviewer_artifact_anonymous/results/crossencoder_sensitivity/paradox_by_ce.csv,514,66193f33dc1edf72edb14d04c9af98c07d73d0e3586f2af80750dc3ed218c41b,yes,include,publication-safe under automated gate,
cleanup_20260506_final_code_artifact_cleanup,root_before_cleanup/submission_package/neurips2026_reviewer_artifact_anonymous/results/crossencoder_sensitivity/summary.csv,1480,09ae6f79a6d468f1b326ffb25b46e5f1077156fca3c1b85924e554aa6914bc42,yes,include,publication-safe under automated gate,
cleanup_20260506_final_code_artifact_cleanup,root_before_cleanup/submission_package/neurips2026_reviewer_artifact_anonymous/results/crossencoder_sensitivity/summary.md,1049,de3454cf7ad885eb11bb284dfea35ca0f980a2bf79205305f8307a4da928da2d,yes,include,publication-safe under automated gate,
cleanup_20260506_final_code_artifact_cleanup,root_before_cleanup/submission_package/neurips2026_reviewer_artifact_anonymous/results/deployment_figure/deployment_table.md,1840,97348edca5229faafdcdcdbadde63203d27ca6026f08b1af1f8a352d56018e27,yes,include,publication-safe under automated gate,
cleanup_20260506_final_code_artifact_cleanup,root_before_cleanup/submission_package/neurips2026_reviewer_artifact_anonymous/results/deployment_figure/latency_vs_faith.png,104646,0ede072fc91644194af32f209c504be1f019a7e0b96eeefd58dfc9cac03853cf,yes,include,publication-safe under automated gate,
cleanup_20260506_final_code_artifact_cleanup,root_before_cleanup/submission_package/neurips2026_reviewer_artifact_anonymous/results/deployment_figure/pareto_summary.csv,881,9ea264c751535f20abab2874ebc93917eb5a674ddb0c16943dd16132fbc9265f,yes,include,publication-safe under automated gate,
cleanup_20260506_final_code_artifact_cleanup,root_before_cleanup/submission_package/neurips2026_reviewer_artifact_anonymous/results/disentanglement/quartile_table.csv,794,69a5f43c221f8745d979108c3f14f1f11cdb1ba28b0d285d24858e8882f15c85,yes,include,publication-safe under automated gate,
cleanup_20260506_final_code_artifact_cleanup,root_before_cleanup/submission_package/neurips2026_reviewer_artifact_anonymous/results/embedding_clusters/projection_table.csv,34321,9cbcad5669b0df4934da6658de448d55430951e0abd86f1914369b0d54bfaf0d,yes,include,publication-safe under automated gate,
cleanup_20260506_final_code_artifact_cleanup,root_before_cleanup/submission_package/neurips2026_reviewer_artifact_anonymous/results/eval_results.csv,9844,45866e304ab55807dd2ae71115e875a3c81c9076d005b01e455d7171ee288120,yes,include,publication-safe under automated gate,
cleanup_20260506_final_code_artifact_cleanup,root_before_cleanup/submission_package/neurips2026_reviewer_artifact_anonymous/results/frontier_scale/completed_tuples.json,134,5b8a5e1bc3be3a4938ff46158e24d1946c1fc00e0cd832cddc57185f1b73694e,yes,include,publication-safe under automated gate,
cleanup_20260506_final_code_artifact_cleanup,root_before_cleanup/submission_package/neurips2026_reviewer_artifact_anonymous/results/frontier_scale/paradox_by_scale.csv,432,4dd95bbc285609deccafb39b5642d0c85007d3560b901b2608c03eb411866470,yes,include,publication-safe under automated gate,
cleanup_20260506_final_code_artifact_cleanup,root_before_cleanup/submission_package/neurips2026_reviewer_artifact_anonymous/results/frontier_scale/summary.csv,880,196695492b3eef49f9fe03d304f5c40b947286e33de9f0e00899342c662f5d82,yes,include,publication-safe under automated gate,
cleanup_20260506_final_code_artifact_cleanup,root_before_cleanup/submission_package/neurips2026_reviewer_artifact_anonymous/results/frontier_scale/summary.md,3689,2c5065a75f4b7b569dc0eb1058d47295da780cc2db940b8e13cbee44bcfdc392,yes,include,publication-safe under automated gate,
cleanup_20260506_final_code_artifact_cleanup,root_before_cleanup/submission_package/neurips2026_reviewer_artifact_anonymous/results/hcpc_v2/logs/pubmedqa_baseline_logs.csv,108647,57563c80f21a8c7506cf28882228ac2bad26433d50b185389e6c28fcdf00b1d0,yes,include,publication-safe under automated gate,
cleanup_20260506_final_code_artifact_cleanup,root_before_cleanup/submission_package/neurips2026_reviewer_artifact_anonymous/results/hcpc_v2/logs/pubmedqa_baseline_logs.json,125966,868c3d038f3d19d09d459bb0b611105d0d6a176f6c4716fa583657dc1d3d6b73,yes,include,publication-safe under automated gate,
cleanup_20260506_final_code_artifact_cleanup,root_before_cleanup/submission_package/neurips2026_reviewer_artifact_anonymous/results/hcpc_v2/logs/pubmedqa_hcpc_v1_logs.csv,109630,8c45fa960aba193c7b83b924a36f5b725128da0177c71e901ec8489afaadeb19,yes,include,publication-safe under automated gate,
cleanup_20260506_final_code_artifact_cleanup,root_before_cleanup/submission_package/neurips2026_reviewer_artifact_anonymous/results/hcpc_v2/logs/pubmedqa_hcpc_v1_logs.json,138262,5219fe954ee3f87c29c92c7f1b34574dd1dceb33a07596ae808e38238383fa5c,yes,include,publication-safe under automated gate,
cleanup_20260506_final_code_artifact_cleanup,root_before_cleanup/submission_package/neurips2026_reviewer_artifact_anonymous/results/hcpc_v2/logs/pubmedqa_hcpc_v2_diagnostics.json,15030,ac4b71d871b926c84611801d359f10a7698030cd97ff1a7784fb23272827b438,yes,include,publication-safe under automated gate,
cleanup_20260506_final_code_artifact_cleanup,root_before_cleanup/submission_package/neurips2026_reviewer_artifact_anonymous/results/hcpc_v2/logs/pubmedqa_hcpc_v2_logs.csv,123694,72cdf9a63c4bfc4d142d42bcbd1306881f6ee629558cb9e0d18022c9a6c3ad30,yes,include,publication-safe under automated gate,
cleanup_20260506_final_code_artifact_cleanup,root_before_cleanup/submission_package/neurips2026_reviewer_artifact_anonymous/results/hcpc_v2/logs/pubmedqa_hcpc_v2_logs.json,148049,926b67ee1e6a90b1733cdda04e71f98f953e6b92c92f11643d9bdabc64d438e7,yes,include,publication-safe under automated gate,
cleanup_20260506_final_code_artifact_cleanup,root_before_cleanup/submission_package/neurips2026_reviewer_artifact_anonymous/results/hcpc_v2/logs/squad_baseline_logs.csv,67623,ff8cc53c6aa56e86925bad48e9a73d316286a9e854e98c2108ab582dabe3d2d4,yes,include,publication-safe under automated gate,
cleanup_20260506_final_code_artifact_cleanup,root_before_cleanup/submission_package/neurips2026_reviewer_artifact_anonymous/results/hcpc_v2/logs/squad_baseline_logs.json,83488,505215a2d3f0b363b1c7f5dc61d4de054120fdeddf6e501a4cb810aa476a9495,yes,include,publication-safe under automated gate,
cleanup_20260506_final_code_artifact_cleanup,root_before_cleanup/submission_package/neurips2026_reviewer_artifact_anonymous/results/hcpc_v2/logs/squad_hcpc_v1_logs.csv,75503,4eb98e89f31f85b5f84904c4bd5a386c7169f423597208b84c1c54c1702ea3f0,yes,include,publication-safe under automated gate,
cleanup_20260506_final_code_artifact_cleanup,root_before_cleanup/submission_package/neurips2026_reviewer_artifact_anonymous/results/hcpc_v2/logs/squad_hcpc_v1_logs.json,107695,6c7d456219875d76341ac924c0e44d92592c59f3ac51f422d1667748542c1963,yes,include,publication-safe under automated gate,
cleanup_20260506_final_code_artifact_cleanup,root_before_cleanup/submission_package/neurips2026_reviewer_artifact_anonymous/results/hcpc_v2/logs/squad_hcpc_v2_diagnostics.json,14962,f88812ca64f3efe0cbbe09aef62efb334759d11a51714d4e0566a9128c39f34d,yes,include,publication-safe under automated gate,
cleanup_20260506_final_code_artifact_cleanup,root_before_cleanup/submission_package/neurips2026_reviewer_artifact_anonymous/results/hcpc_v2/logs/squad_hcpc_v2_logs.csv,81172,0505d39bd12f88fb0768d95519c839dec5a169a651c58700f637968c561f413d,yes,include,publication-safe under automated gate,
cleanup_20260506_final_code_artifact_cleanup,root_before_cleanup/submission_package/neurips2026_reviewer_artifact_anonymous/results/hcpc_v2/logs/squad_hcpc_v2_logs.json,103860,8b23c033de7132a5ea71d716c9eeff090d622b3fe3a30c1d7d6f258d267adcad,yes,include,publication-safe under automated gate,
cleanup_20260506_final_code_artifact_cleanup,root_before_cleanup/submission_package/neurips2026_reviewer_artifact_anonymous/results/hcpc_v2/metrics.csv,809,21f1934b883f3632b1cd9065573327052c7096bd8a69fa9b868d238abdca4448,yes,include,publication-safe under automated gate,
cleanup_20260506_final_code_artifact_cleanup,root_before_cleanup/submission_package/neurips2026_reviewer_artifact_anonymous/results/hcpc_v2/metrics.json,2394,99c8c627f7c34a04418e6bb4c7c604f495d64652d4c51902cc8677fce387065a,yes,include,publication-safe under automated gate,
cleanup_20260506_final_code_artifact_cleanup,root_before_cleanup/submission_package/neurips2026_reviewer_artifact_anonymous/results/hcpc_v2/pubmedqa_baseline.csv,28288,6c5057247c3224bebcacab99c7e8d4cec915b69124af7b9ac09acf3812226778,yes,include,publication-safe under automated gate,
cleanup_20260506_final_code_artifact_cleanup,root_before_cleanup/submission_package/neurips2026_reviewer_artifact_anonymous/results/hcpc_v2/pubmedqa_hcpc_v1.csv,26602,e1a4dfe0617e542690f23409b4eae922dec6ba8dfa94a6d3fa96762acec23ad5,yes,include,publication-safe under automated gate,
cleanup_20260506_final_code_artifact_cleanup,root_before_cleanup/submission_package/neurips2026_reviewer_artifact_anonymous/results/hcpc_v2/pubmedqa_hcpc_v2.csv,30296,4a5bfff31655c885472fa5d9974e47634058dec49c793e6344b37349bf9bb24a,yes,include,publication-safe under automated gate,
cleanup_20260506_final_code_artifact_cleanup,root_before_cleanup/submission_package/neurips2026_reviewer_artifact_anonymous/results/hcpc_v2/squad_baseline.csv,8500,6fe86414a91b324103dc720f1b239a69b958a207293b8386aa4712f4c6133a4f,yes,include,publication-safe under automated gate,
cleanup_20260506_final_code_artifact_cleanup,root_before_cleanup/submission_package/neurips2026_reviewer_artifact_anonymous/results/hcpc_v2/squad_hcpc_v1.csv,10879,48d0ff114e980c5b46297abbf9fb0b30be2762d10e04b62304359b0f494e0bea,yes,include,publication-safe under automated gate,
cleanup_20260506_final_code_artifact_cleanup,root_before_cleanup/submission_package/neurips2026_reviewer_artifact_anonymous/results/hcpc_v2/squad_hcpc_v2.csv,9943,62b87a6172ef3d5eff34af7fd5d90e7d532d7685dcfd8a2bd18235d305fc5ad5,yes,include,publication-safe under automated gate,
cleanup_20260506_final_code_artifact_cleanup,root_before_cleanup/submission_package/neurips2026_reviewer_artifact_anonymous/results/hcpc_v2/summary.md,853,42288cb3e36bd817690d0ad56e0aa9db46bbf1840a80bc8520e6b07d708e480a,yes,include,publication-safe under automated gate,
cleanup_20260506_final_code_artifact_cleanup,root_before_cleanup/submission_package/neurips2026_reviewer_artifact_anonymous/results/headtohead/diagnostics.jsonl,236947,dfaade1896541343d5e6b6b57175f831313fda51a9e36e2ebb9cb8002c3c451a,yes,include,publication-safe under automated gate,
cleanup_20260506_final_code_artifact_cleanup,root_before_cleanup/submission_package/neurips2026_reviewer_artifact_anonymous/results/headtohead/summary.csv,681,f522d9ddbcd04e776f3aadb1f9424ad2617282c02e95b9b1487af6cd3ae63088,yes,include,publication-safe under automated gate,
cleanup_20260506_final_code_artifact_cleanup,root_before_cleanup/submission_package/neurips2026_reviewer_artifact_anonymous/results/headtohead/summary.md,1568,317abc78ad76d258950c4db09c5cf1c18f258c4ddd278a3a1a6d700023650c3f,yes,include,publication-safe under automated gate,
cleanup_20260506_final_code_artifact_cleanup,root_before_cleanup/submission_package/neurips2026_reviewer_artifact_anonymous/results/human_disagreement_expansion/README.md,2692,91468c400735b6014bd13d95be930ecd04e38f44964512b0ca7543cb1d07ac45,yes,include,publication-safe under automated gate,
cleanup_20260506_final_code_artifact_cleanup,root_before_cleanup/submission_package/neurips2026_reviewer_artifact_anonymous/results/human_disagreement_expansion/analysis_summary.csv,1,01ba4719c80b6fe911b091a7c05124b64eeece964e09c058ef8f9805daca546b,yes,include,publication-safe under automated gate,
cleanup_20260506_final_code_artifact_cleanup,root_before_cleanup/submission_package/neurips2026_reviewer_artifact_anonymous/results/human_disagreement_expansion/analysis_summary.md,244,1e043e319a224e938756467eac801cf694d4db2c9c324f236a388df43d61baec,yes,include,publication-safe under automated gate,
cleanup_20260506_final_code_artifact_cleanup,root_before_cleanup/submission_package/neurips2026_reviewer_artifact_anonymous/results/human_disagreement_expansion/annotation_batch_disagreement_100.backup_before_non_eval_fixes.csv,161544,af81cb4ed3edf32291b69b053961f126c3d7d112568d0935d61f8ccb4c76e75f,yes,include,publication-safe under automated gate,
cleanup_20260506_final_code_artifact_cleanup,root_before_cleanup/submission_package/neurips2026_reviewer_artifact_anonymous/results/human_disagreement_expansion/annotation_batch_disagreement_100.csv,162628,c06d20cd5feb35c997ad060a2abfa93ba59fdf87b582d3de8810de365b1b0692,yes,include,publication-safe under automated gate,
cleanup_20260506_final_code_artifact_cleanup,root_before_cleanup/submission_package/neurips2026_reviewer_artifact_anonymous/results/human_disagreement_expansion/batch_composition.csv,221,724bd0c412b9d97e76a50f8910996b61b6eaa93e20dfdfb27d6272bd63b69858,yes,include,publication-safe under automated gate,
cleanup_20260506_final_code_artifact_cleanup,root_before_cleanup/submission_package/neurips2026_reviewer_artifact_anonymous/results/human_disagreement_expansion/human_eval_adjudication_template.csv,157321,65fddd06be628e652c2c99e3e9b4b89c5fde1b1f8c74585e2c0e9a9b1670a0f0,yes,include,publication-safe under automated gate,
cleanup_20260506_final_code_artifact_cleanup,root_before_cleanup/submission_package/neurips2026_reviewer_artifact_anonymous/results/human_disagreement_expansion/human_eval_codebook.md,1952,67dffa2bbeb0a64dfd9baac5bc721fa5159c13e47b0329c4784a157c18d055ed,yes,include,publication-safe under automated gate,
cleanup_20260506_final_code_artifact_cleanup,root_before_cleanup/submission_package/neurips2026_reviewer_artifact_anonymous/results/human_disagreement_expansion/human_eval_instructions.md,1686,d78440cb337b4c20a4198be93a999b778720f7ec64141e0c787c3e3f1bdaeb17,yes,include,publication-safe under automated gate,
cleanup_20260506_final_code_artifact_cleanup,root_before_cleanup/submission_package/neurips2026_reviewer_artifact_anonymous/results/human_disagreement_expansion/human_eval_rater1.csv,157064,540a29fc9ad998bf6b3fc03c504ed706f2126fbbc30571321bdaefccda05085e,yes,include,publication-safe under automated gate,
cleanup_20260506_final_code_artifact_cleanup,root_before_cleanup/submission_package/neurips2026_reviewer_artifact_anonymous/results/human_disagreement_expansion/human_eval_rater2.csv,157064,540a29fc9ad998bf6b3fc03c504ed706f2126fbbc30571321bdaefccda05085e,yes,include,publication-safe under automated gate,
cleanup_20260506_final_code_artifact_cleanup,root_before_cleanup/submission_package/neurips2026_reviewer_artifact_anonymous/results/human_disagreement_expansion/missing_human_labels_report.md,467,4b6d7e5450f06e93eff7c873b4c047dfd90bd782dd6e9bd506ada4d60d075c06,yes,include,publication-safe under automated gate,
cleanup_20260506_final_code_artifact_cleanup,root_before_cleanup/submission_package/neurips2026_reviewer_artifact_anonymous/results/human_disagreement_expansion/scorer_score_summary.csv,212,6867bbac08550c0af3e46a517b47b92a1de0dc565cba32459038b708711c984d,yes,include,publication-safe under automated gate,
cleanup_20260506_final_code_artifact_cleanup,root_before_cleanup/submission_package/neurips2026_reviewer_artifact_anonymous/results/human_eval/samples.csv,44550,f439d37b47ad9846958aea8810eee1d2092251af31ba73be6308945fa0326a92,yes,include,publication-safe under automated gate,
cleanup_20260506_final_code_artifact_cleanup,root_before_cleanup/submission_package/neurips2026_reviewer_artifact_anonymous/results/human_eval/samples.jsonl,60826,28d330a71c5b8956328c61b6ced0a0c8d597cb78160efd8ad7ce0b7c6f65fa64,yes,include,publication-safe under automated gate,
cleanup_20260506_final_code_artifact_cleanup,root_before_cleanup/submission_package/neurips2026_reviewer_artifact_anonymous/results/human_eval/sampling_report.md,1646,45b2b9d3820ac39611e463603c0a5574d8e2712eef4f3e09d861deddab132f98,yes,include,publication-safe under automated gate,
cleanup_20260506_final_code_artifact_cleanup,root_before_cleanup/submission_package/neurips2026_reviewer_artifact_anonymous/results/human_validation/validation_sheet.xlsx,20740,b8d608fe19e2b9bb69f873c3765541f4c68ae45ec9bd7e5a0dc91f94eacc6d8b,yes,include,publication-safe under automated gate,
cleanup_20260506_final_code_artifact_cleanup,root_before_cleanup/submission_package/neurips2026_reviewer_artifact_anonymous/results/hybrid/logs/pubmedqa_baseline_logs.csv,110553,77523bd981431d7b47c8ec8f7539eb160be16f9f99cbf82f5e3c392173d54a61,yes,include,publication-safe under automated gate,
cleanup_20260506_final_code_artifact_cleanup,root_before_cleanup/submission_package/neurips2026_reviewer_artifact_anonymous/results/hybrid/logs/pubmedqa_baseline_logs.json,128179,466bff9203c8095c3faa83c511b8e1f7904c117fb77d7c56c07694ecc78baed5,yes,include,publication-safe under automated gate,
cleanup_20260506_final_code_artifact_cleanup,root_before_cleanup/submission_package/neurips2026_reviewer_artifact_anonymous/results/hybrid/logs/pubmedqa_hcpc_logs.csv,108650,f7748c7c2e295b93aacaacccd6aed9284e681cf0b35f5092d7eb50627624775f,yes,include,publication-safe under automated gate,
cleanup_20260506_final_code_artifact_cleanup,root_before_cleanup/submission_package/neurips2026_reviewer_artifact_anonymous/results/hybrid/logs/pubmedqa_hcpc_logs.json,139396,5116f9b2ab2598dd839fad835425cd3cc9f3141cf8abe2191b3fde4273ca7d41,yes,include,publication-safe under automated gate,
cleanup_20260506_final_code_artifact_cleanup,root_before_cleanup/submission_package/neurips2026_reviewer_artifact_anonymous/results/hybrid/logs/pubmedqa_hcpc_refinements.json,40632,3e37224a8ba9ac932b0196a60e1bae1db8f3b653898d7fda4e294f94cc53bc51,yes,include,publication-safe under automated gate,
cleanup_20260506_final_code_artifact_cleanup,root_before_cleanup/submission_package/neurips2026_reviewer_artifact_anonymous/results/hybrid/logs/squad_baseline_logs.csv,61614,98cb1310a685314a9601e035e19ab3d5188401fb39815eb79703872dc2c2f23f,yes,include,publication-safe under automated gate,
cleanup_20260506_final_code_artifact_cleanup,root_before_cleanup/submission_package/neurips2026_reviewer_artifact_anonymous/results/hybrid/logs/squad_baseline_logs.json,77241,0fcbb9989e0eaecedf45f3bc4e034365543665751c7499cc5fc31facecd4ff11,yes,include,publication-safe under automated gate,
cleanup_20260506_final_code_artifact_cleanup,root_before_cleanup/submission_package/neurips2026_reviewer_artifact_anonymous/results/hybrid/logs/squad_hcpc_logs.csv,74632,6f14dc0a352d3693e35bd4bdf8f34b2c2c7784dc64ce086bdfcb9803ec673ade,yes,include,publication-safe under automated gate,
cleanup_20260506_final_code_artifact_cleanup,root_before_cleanup/submission_package/neurips2026_reviewer_artifact_anonymous/results/hybrid/logs/squad_hcpc_logs.json,106595,a3d2102c71bfde36987a9d55bed96a0bff80a343e98c0e6f74e67750983d3186,yes,include,publication-safe under automated gate,
cleanup_20260506_final_code_artifact_cleanup,root_before_cleanup/submission_package/neurips2026_reviewer_artifact_anonymous/results/hybrid/logs/squad_hcpc_refinements.json,50157,a9c40eba6796ae5d2def21624f0275d992fa21cc6ff3553d73e5cb06a711e11a,yes,include,publication-safe under automated gate,
cleanup_20260506_final_code_artifact_cleanup,root_before_cleanup/submission_package/neurips2026_reviewer_artifact_anonymous/results/hybrid/pubmedqa_baseline.csv,28513,6fbba71fb99877c33ce3b88ee744960f3db8627f1b28ee6b1e39c740b2d1cf50,yes,include,publication-safe under automated gate,
cleanup_20260506_final_code_artifact_cleanup,root_before_cleanup/submission_package/neurips2026_reviewer_artifact_anonymous/results/hybrid/pubmedqa_hcpc.csv,26823,6dd7d1721e9ae8764d6ac3fd4b1dc0559f6485898184a8814817280ab4c630ea,yes,include,publication-safe under automated gate,
cleanup_20260506_final_code_artifact_cleanup,root_before_cleanup/submission_package/neurips2026_reviewer_artifact_anonymous/results/hybrid/squad_baseline.csv,6971,7fd506c3a7c6a65bc4aebe429aa2ad513e6ab06419fd99a6e18a47f8c0c408e0,yes,include,publication-safe under automated gate,
cleanup_20260506_final_code_artifact_cleanup,root_before_cleanup/submission_package/neurips2026_reviewer_artifact_anonymous/results/hybrid/squad_hcpc.csv,9547,66a360d64c77036378df38de264d6eb62176768bfd5e4ceefc4a5e3e7d057c60,yes,include,publication-safe under automated gate,
cleanup_20260506_final_code_artifact_cleanup,root_before_cleanup/submission_package/neurips2026_reviewer_artifact_anonymous/results/hybrid/summary.csv,482,6b9e33bac7d1e4a13c7a130759747eed89dc13b350c609119ffed5196a02d29b,yes,include,publication-safe under automated gate,
cleanup_20260506_final_code_artifact_cleanup,root_before_cleanup/submission_package/neurips2026_reviewer_artifact_anonymous/results/hybrid/summary.json,1418,19bdc96f24221eb6a014d988e103b381833d4a480b67bacba0ea8ca2f518e58a,yes,include,publication-safe under automated gate,
cleanup_20260506_final_code_artifact_cleanup,root_before_cleanup/submission_package/neurips2026_reviewer_artifact_anonymous/results/latency/cost_projection.csv,316,c14c1515866017d3a7bca6a2638a10e4bfadfdbb5f0e0295e3e695759d00278a,yes,include,publication-safe under automated gate,
cleanup_20260506_final_code_artifact_cleanup,root_before_cleanup/submission_package/neurips2026_reviewer_artifact_anonymous/results/latency/latency_summary.csv,486,a71f25e1ef09d258f412bb6c5158070c7a7f5e83177cb1287f484ef7255695b8,yes,include,publication-safe under automated gate,
cleanup_20260506_final_code_artifact_cleanup,root_before_cleanup/submission_package/neurips2026_reviewer_artifact_anonymous/results/longform/completed_tuples.json,57,4b1cceed8118acce7258de72ab603108f0090b24cd418d10cdfdbde8779610d4,yes,include,publication-safe under automated gate,
cleanup_20260506_final_code_artifact_cleanup,root_before_cleanup/submission_package/neurips2026_reviewer_artifact_anonymous/results/longform/paradox_longform.csv,528,ad6256215e93c56c830229fc549d70c5427e3c5f2e556569798353a02d76f19e,yes,include,publication-safe under automated gate,
cleanup_20260506_final_code_artifact_cleanup,root_before_cleanup/submission_package/neurips2026_reviewer_artifact_anonymous/results/longform/summary.csv,702,36d47ec924e63d797826e08a7bc2bc8dee1afe30ca0ab2ba50452acded948455,yes,include,publication-safe under automated gate,
cleanup_20260506_final_code_artifact_cleanup,root_before_cleanup/submission_package/neurips2026_reviewer_artifact_anonymous/results/longform/summary.md,4313,bda98747badc382e76982f8aa7b62ad938510d8333ea366a5a3a8a06ee3096de,yes,include,publication-safe under automated gate,
cleanup_20260506_final_code_artifact_cleanup,root_before_cleanup/submission_package/neurips2026_reviewer_artifact_anonymous/results/mech_classifier/cv_results.csv,127,65ae56c7da0ff49de510c9e681149f38a3a93de1351b66d6ca27aa15aa0e35a3,yes,include,publication-safe under automated gate,
cleanup_20260506_final_code_artifact_cleanup,root_before_cleanup/submission_package/neurips2026_reviewer_artifact_anonymous/results/mech_classifier/feature_importance.csv,2693,bfdb548f9768dad31cbddeb9a9e40858fdc1e39ec0ebd3eb76009f0649d269b7,yes,include,publication-safe under automated gate,
cleanup_20260506_final_code_artifact_cleanup,root_before_cleanup/submission_package/neurips2026_reviewer_artifact_anonymous/results/mech_classifier/features.csv,16211,f669430f06653733489c5bc75815af5fe3439473aed94c77df7bee08a15bb362,yes,include,publication-safe under automated gate,
cleanup_20260506_final_code_artifact_cleanup,root_before_cleanup/submission_package/neurips2026_reviewer_artifact_anonymous/results/mech_classifier/summary.md,1646,6d2a1a8ab8051a375a0916d8a11dcee38663992d7e0a0e26452a6658d7a28ed2,yes,include,publication-safe under automated gate,
cleanup_20260506_final_code_artifact_cleanup,root_before_cleanup/submission_package/neurips2026_reviewer_artifact_anonymous/results/mechanistic/entropy_by_layer.csv,26667,fdd88b2852c622cdea94ed69b6c0e4dd7db530312c85daec292b8d899185805b,yes,include,publication-safe under automated gate,
cleanup_20260506_final_code_artifact_cleanup,root_before_cleanup/submission_package/neurips2026_reviewer_artifact_anonymous/results/mechanistic/per_pair.csv,6539,5bfb5b370313952bd9fc438b1a3c71545abcd6aef252c376ed70bd78d86cff39,yes,include,publication-safe under automated gate,
cleanup_20260506_final_code_artifact_cleanup,root_before_cleanup/submission_package/neurips2026_reviewer_artifact_anonymous/results/mechanistic/retrieved_mass_by_layer.csv,26666,9dfb5d5dbfe9aead02544a22dacdd2acdc03ad1ce0d2f78e7b54eae38cf3f1fc,yes,include,publication-safe under automated gate,
cleanup_20260506_final_code_artifact_cleanup,root_before_cleanup/submission_package/neurips2026_reviewer_artifact_anonymous/results/mechanistic/summary.md,656,6bacbfbf6fd02477d22d79b46560dea1a95cd2a8061bbb47df101b47a6cf8e0a,yes,include,publication-safe under automated gate,
cleanup_20260506_final_code_artifact_cleanup,root_before_cleanup/submission_package/neurips2026_reviewer_artifact_anonymous/results/mechanistic/top_k_attributions.jsonl,126977,74613d75939d8a3d9953155269f236378974288b41d83de908f9301702180f8a,yes,include,publication-safe under automated gate,
cleanup_20260506_final_code_artifact_cleanup,root_before_cleanup/submission_package/neurips2026_reviewer_artifact_anonymous/results/multi_retriever/completed_tuples.json,230,9b81933237c92491435db037e2eb474789026bca94c7fec60b42a474367fed80,yes,include,publication-safe under automated gate,
cleanup_20260506_final_code_artifact_cleanup,root_before_cleanup/submission_package/neurips2026_reviewer_artifact_anonymous/results/multi_retriever/paradox_by_embedder.csv,886,c10e773692bea1608e5ebdc1191404915949a2982d04e13494caa8a7a3ae7345,yes,include,publication-safe under automated gate,
cleanup_20260506_final_code_artifact_cleanup,root_before_cleanup/submission_package/neurips2026_reviewer_artifact_anonymous/results/multi_retriever/summary.csv,1569,f581f4e134c017462dce7d817f6425ab269d57f759164c02efd54f29d9a4cc0f,yes,include,publication-safe under automated gate,
cleanup_20260506_final_code_artifact_cleanup,root_before_cleanup/submission_package/neurips2026_reviewer_artifact_anonymous/results/multi_retriever/summary.md,6844,0ede46b5b56e71ad29912e0c5c04e86d8904e5aa6fda199c8ffb1053a37b2df0,yes,include,publication-safe under automated gate,
cleanup_20260506_final_code_artifact_cleanup,root_before_cleanup/submission_package/neurips2026_reviewer_artifact_anonymous/results/multidataset/coherence_paradox.csv,595,f0649df1f1a875ea439d17ec6abb3399baa3fc00e0dedae31371f26fd3ea9590,yes,include,publication-safe under automated gate,
cleanup_20260506_final_code_artifact_cleanup,root_before_cleanup/submission_package/neurips2026_reviewer_artifact_anonymous/results/multidataset/completed_tuples.json,524,e3c7fd3401399013bd78956f11f5b6d9c53cadaef2f9411443b294cd9132a8f8,yes,include,publication-safe under automated gate,
cleanup_20260506_final_code_artifact_cleanup,root_before_cleanup/submission_package/neurips2026_reviewer_artifact_anonymous/results/multidataset/summary.csv,2540,b9e98c5976dc1738b10e64a2f1084ac7549969a78d09da2260dfe1e52d7cd643,yes,include,publication-safe under automated gate,
cleanup_20260506_final_code_artifact_cleanup,root_before_cleanup/submission_package/neurips2026_reviewer_artifact_anonymous/results/multidataset/summary.md,4103,e1819094b9df19de5e216b47642afeb22b6f373514e12f5f570a3974705b3ef5,yes,include,publication-safe under automated gate,
cleanup_20260506_final_code_artifact_cleanup,root_before_cleanup/submission_package/neurips2026_reviewer_artifact_anonymous/results/multimodel/llama3_pubmedqa_chunk1024_k3_cot.csv,40643,6ad4f33c8caad81df4c9af02914a8a1231dc456eda5e010d1e3dcae04806b276,yes,include,publication-safe under automated gate,
cleanup_20260506_final_code_artifact_cleanup,root_before_cleanup/submission_package/neurips2026_reviewer_artifact_anonymous/results/multimodel/llama3_pubmedqa_chunk1024_k3_strict.csv,42604,5111e21a26f4b14a671e14b2fce1856982d961c83a8b1fb335deb47392537e7c,yes,include,publication-safe under automated gate,
cleanup_20260506_final_code_artifact_cleanup,root_before_cleanup/submission_package/neurips2026_reviewer_artifact_anonymous/results/multimodel/llama3_pubmedqa_chunk1024_k5_cot.csv,44055,8f109b054d8b3b04a8131ac90e93be6841687495a3b52a944cf7015a343475bc,yes,include,publication-safe under automated gate,
cleanup_20260506_final_code_artifact_cleanup,root_before_cleanup/submission_package/neurips2026_reviewer_artifact_anonymous/results/multimodel/llama3_pubmedqa_chunk1024_k5_strict.csv,43520,b5945c2d9ff4583d4c990744ec0b8d275e7453966848db282b976560cd6ce4a7,yes,include,publication-safe under automated gate,
cleanup_20260506_final_code_artifact_cleanup,root_before_cleanup/submission_package/neurips2026_reviewer_artifact_anonymous/results/multimodel/llama3_pubmedqa_chunk256_k3_cot.csv,36785,1f728680b02a147650a3b1536103cb9f10178573b28d6484a3df55be0dbce98c,yes,include,publication-safe under automated gate,
cleanup_20260506_final_code_artifact_cleanup,root_before_cleanup/submission_package/neurips2026_reviewer_artifact_anonymous/results/multimodel/llama3_pubmedqa_chunk256_k3_strict.csv,38162,95f8242f1e35fa5f88d3c7dbfef52bda780872a91d5abd407c09523e980863a3,yes,include,publication-safe under automated gate,
cleanup_20260506_final_code_artifact_cleanup,root_before_cleanup/submission_package/neurips2026_reviewer_artifact_anonymous/results/multimodel/llama3_pubmedqa_chunk256_k5_cot.csv,37823,a59d87918340e9a4fbe2254964ac39fd02f6c526dc07dfab9dcbcb5afc6d6221,yes,include,publication-safe under automated gate,
cleanup_20260506_final_code_artifact_cleanup,root_before_cleanup/submission_package/neurips2026_reviewer_artifact_anonymous/results/multimodel/llama3_pubmedqa_chunk256_k5_strict.csv,38721,1fea29dc1d76c928efdcc9995c769581028f658fa4647bae01fb88e57870b224,yes,include,publication-safe under automated gate,
cleanup_20260506_final_code_artifact_cleanup,root_before_cleanup/submission_package/neurips2026_reviewer_artifact_anonymous/results/multimodel/llama3_pubmedqa_chunk512_k3_cot.csv,37257,9fc343b221b5bf652e4117025d596589fa44921766b60f05ea9c22a3cee3c02d,yes,include,publication-safe under automated gate,
cleanup_20260506_final_code_artifact_cleanup,root_before_cleanup/submission_package/neurips2026_reviewer_artifact_anonymous/results/multimodel/llama3_pubmedqa_chunk512_k3_strict.csv,40136,e11d8aa649c9b914254653e557c369cb87896c85a7ff1160c84422d22fc816a3,yes,include,publication-safe under automated gate,
cleanup_20260506_final_code_artifact_cleanup,root_before_cleanup/submission_package/neurips2026_reviewer_artifact_anonymous/results/multimodel/llama3_pubmedqa_chunk512_k5_cot.csv,39201,ed4a8ec52cceb9ad7ef99f5997dc7b5f537ba24edb15ca0671bb19a133f6671c,yes,include,publication-safe under automated gate,
cleanup_20260506_final_code_artifact_cleanup,root_before_cleanup/submission_package/neurips2026_reviewer_artifact_anonymous/results/multimodel/llama3_pubmedqa_chunk512_k5_strict.csv,42615,e107b485ec36e784d54de453c4d725b49d0744eb1fe7bb593b02357a26688296,yes,include,publication-safe under automated gate,
cleanup_20260506_final_code_artifact_cleanup,root_before_cleanup/submission_package/neurips2026_reviewer_artifact_anonymous/results/multimodel/llama3_squad_chunk1024_k3_cot.csv,21661,c0542f59ccf3f65d8969a54b616a30839e9df6c5a6fbb3a443ad3635b9759ab4,yes,include,publication-safe under automated gate,
cleanup_20260506_final_code_artifact_cleanup,root_before_cleanup/submission_package/neurips2026_reviewer_artifact_anonymous/results/multimodel/llama3_squad_chunk1024_k3_strict.csv,22056,ca29d8ad73f0bbcb05cf85f5ca87b2a292478bbd34796cb8f0c86b4039bf6f7a,yes,include,publication-safe under automated gate,
cleanup_20260506_final_code_artifact_cleanup,root_before_cleanup/submission_package/neurips2026_reviewer_artifact_anonymous/results/multimodel/llama3_squad_chunk1024_k5_cot.csv,22728,08f8b5551a5beeba3d63a997d4a7ce24c12d5c53c5973d5ac423006d64c569a2,yes,include,publication-safe under automated gate,
cleanup_20260506_final_code_artifact_cleanup,root_before_cleanup/submission_package/neurips2026_reviewer_artifact_anonymous/results/multimodel/llama3_squad_chunk1024_k5_strict.csv,22293,436fb6fdc31fa89498634954b5a6feb50dc254b412b47465c89fd5049a159b7d,yes,include,publication-safe under automated gate,
cleanup_20260506_final_code_artifact_cleanup,root_before_cleanup/submission_package/neurips2026_reviewer_artifact_anonymous/results/multimodel/llama3_squad_chunk256_k3_cot.csv,22121,654e01a6bf1bdb439b567fcc76b82492326d31a8abd33873d78c9b93509d9d77,yes,include,publication-safe under automated gate,
cleanup_20260506_final_code_artifact_cleanup,root_before_cleanup/submission_package/neurips2026_reviewer_artifact_anonymous/results/multimodel/llama3_squad_chunk256_k3_strict.csv,22250,2a4452f71a8e3967fd88fb4281c5c3c3aa7774d5ae5236609b4b36d6876181be,yes,include,publication-safe under automated gate,
cleanup_20260506_final_code_artifact_cleanup,root_before_cleanup/submission_package/neurips2026_reviewer_artifact_anonymous/results/multimodel/llama3_squad_chunk256_k5_cot.csv,22147,a5d9dd4cd12fdddfbe931d702a7f2d92bfd48d065c81134a7b636d427340e842,yes,include,publication-safe under automated gate,
cleanup_20260506_final_code_artifact_cleanup,root_before_cleanup/submission_package/neurips2026_reviewer_artifact_anonymous/results/multimodel/llama3_squad_chunk256_k5_strict.csv,23596,00ca62077ea6b8da21cca76516376252d54e4fa5d8ff4aa0e07f656886c78d09,yes,include,publication-safe under automated gate,
cleanup_20260506_final_code_artifact_cleanup,root_before_cleanup/submission_package/neurips2026_reviewer_artifact_anonymous/results/multimodel/llama3_squad_chunk512_k3_cot.csv,23192,af2fbf3e584f94f53b3a5bb65553b39f2e806f79a6e1ffe9cad4918b5cfbb1a0,yes,include,publication-safe under automated gate,
cleanup_20260506_final_code_artifact_cleanup,root_before_cleanup/submission_package/neurips2026_reviewer_artifact_anonymous/results/multimodel/llama3_squad_chunk512_k3_strict.csv,22830,c0b237dac2a2958d70d076d1a2fc944fc8c05077e73b1fb6f2b7fe02cec005bc,yes,include,publication-safe under automated gate,
cleanup_20260506_final_code_artifact_cleanup,root_before_cleanup/submission_package/neurips2026_reviewer_artifact_anonymous/results/multimodel/llama3_squad_chunk512_k5_cot.csv,21842,6a7676f47d87b64e353a4058d37cef977619c806d2748e76807d7d6672e7c07f,yes,include,publication-safe under automated gate,
cleanup_20260506_final_code_artifact_cleanup,root_before_cleanup/submission_package/neurips2026_reviewer_artifact_anonymous/results/multimodel/llama3_squad_chunk512_k5_strict.csv,22436,ed1a717f9fc93baa1a6c9fff74e59a690016e12dc717a1edef392da09dcca690,yes,include,publication-safe under automated gate,
cleanup_20260506_final_code_artifact_cleanup,root_before_cleanup/submission_package/neurips2026_reviewer_artifact_anonymous/results/multimodel/mistral_pubmedqa_chunk1024_k3_cot.csv,45381,67ecd3137f41f9379dbc3b019e09842fe596d7bea927cfddbaa19140a0da82a9,yes,include,publication-safe under automated gate,
cleanup_20260506_final_code_artifact_cleanup,root_before_cleanup/submission_package/neurips2026_reviewer_artifact_anonymous/results/multimodel/mistral_pubmedqa_chunk1024_k3_strict.csv,44490,33935c3174147557b3a873672e469c6dc5814897aced8413cbf79e5f142aed58,yes,include,publication-safe under automated gate,
cleanup_20260506_final_code_artifact_cleanup,root_before_cleanup/submission_package/neurips2026_reviewer_artifact_anonymous/results/multimodel/mistral_pubmedqa_chunk1024_k5_cot.csv,46366,1b603a2c57f4858b9385b4b9f0d949c4c42e38fee17827e26631160a58bd0f13,yes,include,publication-safe under automated gate,
cleanup_20260506_final_code_artifact_cleanup,root_before_cleanup/submission_package/neurips2026_reviewer_artifact_anonymous/results/multimodel/mistral_pubmedqa_chunk1024_k5_strict.csv,43868,c8d604608ddb9656f8448a5b3d0bc5645ebd369569f64b4eae06fd828d6242f2,yes,include,publication-safe under automated gate,
cleanup_20260506_final_code_artifact_cleanup,root_before_cleanup/submission_package/neurips2026_reviewer_artifact_anonymous/results/multimodel/mistral_pubmedqa_chunk256_k3_cot.csv,37309,6b938c9d66d24ec5ef632c05be7b85bf64cc73e16bace59bab3d3e4817bc30cd,yes,include,publication-safe under automated gate,
cleanup_20260506_final_code_artifact_cleanup,root_before_cleanup/submission_package/neurips2026_reviewer_artifact_anonymous/results/multimodel/mistral_pubmedqa_chunk256_k3_strict.csv,39378,44c4250e160d6539263315f7a9aa39f9d98172aa839aef88da6a4d6d6bbd6da4,yes,include,publication-safe under automated gate,
cleanup_20260506_final_code_artifact_cleanup,root_before_cleanup/submission_package/neurips2026_reviewer_artifact_anonymous/results/multimodel/mistral_pubmedqa_chunk256_k5_cot.csv,37936,3b3f40d25f05b3b31097946616d24af6d36c109335c9124d6bb8088e5459e0b5,yes,include,publication-safe under automated gate,
cleanup_20260506_final_code_artifact_cleanup,root_before_cleanup/submission_package/neurips2026_reviewer_artifact_anonymous/results/multimodel/mistral_pubmedqa_chunk256_k5_strict.csv,40688,2a685e2d4effda4ccec59a3b8156ffedd8a68c0795cc06f99e7e8d6bd365cf92,yes,include,publication-safe under automated gate,
cleanup_20260506_final_code_artifact_cleanup,root_before_cleanup/submission_package/neurips2026_reviewer_artifact_anonymous/results/multimodel/mistral_pubmedqa_chunk512_k3_cot.csv,41117,d749efa3619cad5ddfd23bad57ba2e27a0fdf2539d27fc63e0cbd317ff334200,yes,include,publication-safe under automated gate,
cleanup_20260506_final_code_artifact_cleanup,root_before_cleanup/submission_package/neurips2026_reviewer_artifact_anonymous/results/multimodel/mistral_pubmedqa_chunk512_k3_strict.csv,45086,95ad4871fdddef6809719d63371fb7ec28f361f98a5b6ddfe7707a4a42ac6633,yes,include,publication-safe under automated gate,
cleanup_20260506_final_code_artifact_cleanup,root_before_cleanup/submission_package/neurips2026_reviewer_artifact_anonymous/results/multimodel/mistral_pubmedqa_chunk512_k5_cot.csv,43673,9a36049575867b6ffe78ab9f65b96ccf50ba913822f7b86a16f0fc2e50b31b8c,yes,include,publication-safe under automated gate,
cleanup_20260506_final_code_artifact_cleanup,root_before_cleanup/submission_package/neurips2026_reviewer_artifact_anonymous/results/multimodel/mistral_pubmedqa_chunk512_k5_strict.csv,43498,57d4e57d1cb71954fef3e6f54ad6a29e0977a7ef0592c05805947a0ee81d8963,yes,include,publication-safe under automated gate,
cleanup_20260506_final_code_artifact_cleanup,root_before_cleanup/submission_package/neurips2026_reviewer_artifact_anonymous/results/multimodel/mistral_squad_chunk1024_k3_cot.csv,22839,f5553d8f2fb0d30202c5564976f673dbd7ce66eb209c534181296d228c8e94d4,yes,include,publication-safe under automated gate,
cleanup_20260506_final_code_artifact_cleanup,root_before_cleanup/submission_package/neurips2026_reviewer_artifact_anonymous/results/multimodel/mistral_squad_chunk1024_k3_strict.csv,21904,a9846c00991baf2138d2f7f7d185f303cf1b1d545804b759cd2b13ad336c87ad,yes,include,publication-safe under automated gate,
cleanup_20260506_final_code_artifact_cleanup,root_before_cleanup/submission_package/neurips2026_reviewer_artifact_anonymous/results/multimodel/mistral_squad_chunk1024_k5_cot.csv,21885,0e5ace593444895e919677875ce455ddde5b58de49f0a1f75b0fc72af9b3b68a,yes,include,publication-safe under automated gate,
cleanup_20260506_final_code_artifact_cleanup,root_before_cleanup/submission_package/neurips2026_reviewer_artifact_anonymous/results/multimodel/mistral_squad_chunk1024_k5_strict.csv,22658,f8150480bcb99b1b1622ca2deb9e03adc560d444ef49af2f2bdb4909f2b68733,yes,include,publication-safe under automated gate,
cleanup_20260506_final_code_artifact_cleanup,root_before_cleanup/submission_package/neurips2026_reviewer_artifact_anonymous/results/multimodel/mistral_squad_chunk256_k3_cot.csv,28383,aec843617b91d37676c9f8db399fcd0c4d453a8dd7ea4b014335c54b1e1d77ba,yes,include,publication-safe under automated gate,
cleanup_20260506_final_code_artifact_cleanup,root_before_cleanup/submission_package/neurips2026_reviewer_artifact_anonymous/results/multimodel/mistral_squad_chunk256_k3_strict.csv,26014,6d64efbd3b99058500c7172d5657844ba6517af43eb3a5c0d5734aa9f2ce5171,yes,include,publication-safe under automated gate,
cleanup_20260506_final_code_artifact_cleanup,root_before_cleanup/submission_package/neurips2026_reviewer_artifact_anonymous/results/multimodel/mistral_squad_chunk256_k5_cot.csv,24360,73479ce818c1e9bedfd716861985b7f11e239fdbafba1a706a76631bda3e1278,yes,include,publication-safe under automated gate,
cleanup_20260506_final_code_artifact_cleanup,root_before_cleanup/submission_package/neurips2026_reviewer_artifact_anonymous/results/multimodel/mistral_squad_chunk256_k5_strict.csv,22901,af8576356ae7dd7a10a9354745eb90dc77ee61433bc8b4cfa63d9cdac28b4c5f,yes,include,publication-safe under automated gate,
cleanup_20260506_final_code_artifact_cleanup,root_before_cleanup/submission_package/neurips2026_reviewer_artifact_anonymous/results/multimodel/mistral_squad_chunk512_k3_cot.csv,24393,a3a1e62b92556ef89ed499ba4783a28838c7a757cb7ae3306595384c16011965,yes,include,publication-safe under automated gate,
cleanup_20260506_final_code_artifact_cleanup,root_before_cleanup/submission_package/neurips2026_reviewer_artifact_anonymous/results/multimodel/mistral_squad_chunk512_k3_strict.csv,22705,c35665d994873dc067359b05c48b2ba3303e85393ee38a051d2765e16d57f0d2,yes,include,publication-safe under automated gate,
cleanup_20260506_final_code_artifact_cleanup,root_before_cleanup/submission_package/neurips2026_reviewer_artifact_anonymous/results/multimodel/mistral_squad_chunk512_k5_cot.csv,22764,557689d9f01a9eed03ddaef9592f62decf56077a7f2713384275e0df67299fb1,yes,include,publication-safe under automated gate,
cleanup_20260506_final_code_artifact_cleanup,root_before_cleanup/submission_package/neurips2026_reviewer_artifact_anonymous/results/multimodel/mistral_squad_chunk512_k5_strict.csv,21574,559141c84345da89c361a3421180bb184cc10248496a40d9db42a402ca41a9d6,yes,include,publication-safe under automated gate,
cleanup_20260506_final_code_artifact_cleanup,root_before_cleanup/submission_package/neurips2026_reviewer_artifact_anonymous/results/multimodel/summary.csv,2112,52fd4668fc4f843f4aa8222acae8e02d3d4afb8d452df30e9027339599d53150,yes,include,publication-safe under automated gate,
cleanup_20260506_final_code_artifact_cleanup,root_before_cleanup/submission_package/neurips2026_reviewer_artifact_anonymous/results/multimodel/summary.json,10229,d38ca300e20a3d117d962013d6fb37628711e1a28159fddb104d8edb9e4b678d,yes,include,publication-safe under automated gate,
cleanup_20260506_final_code_artifact_cleanup,root_before_cleanup/submission_package/neurips2026_reviewer_artifact_anonymous/results/multiseed/paradox_variance.csv,163,ebea626f7f697c1ac1785a9d96b50b64e3ca0e1692472d958e383070b47c40c1,yes,include,publication-safe under automated gate,
cleanup_20260506_final_code_artifact_cleanup,root_before_cleanup/submission_package/neurips2026_reviewer_artifact_anonymous/results/multiseed/variance_summary.csv,370,52b3195d43e8b4e7fcb7bb6b2eedf12a4786ada3e05344d3e55f0f0945da85e0,yes,include,publication-safe under automated gate,
cleanup_20260506_final_code_artifact_cleanup,root_before_cleanup/submission_package/neurips2026_reviewer_artifact_anonymous/results/multiseed/variance_summary.md,1636,802491413cb8a8ab8c465356099de7ade603a97b1df7dda6782dc87fb75d4996,yes,include,publication-safe under automated gate,
cleanup_20260506_final_code_artifact_cleanup,root_before_cleanup/submission_package/neurips2026_reviewer_artifact_anonymous/results/noise_injection/coherence_vs_noise.csv,272,b5e22200ea3f82ba67107519c9ad1d451736254223dbeef1f54096f7b7e68110,yes,include,publication-safe under automated gate,
cleanup_20260506_final_code_artifact_cleanup,root_before_cleanup/submission_package/neurips2026_reviewer_artifact_anonymous/results/noise_injection/completed_tuples.json,86,9b01142a6d88603bc0452d1d4a21c59c18d3a9b58eec174797e10d34c3f3e2e3,yes,include,publication-safe under automated gate,
cleanup_20260506_final_code_artifact_cleanup,root_before_cleanup/submission_package/neurips2026_reviewer_artifact_anonymous/results/noise_injection/summary.csv,619,ad7358e6956232d0021feaaffed393af3d81a0cd80bb41d1e7d512ff9c43b066,yes,include,publication-safe under automated gate,
cleanup_20260506_final_code_artifact_cleanup,root_before_cleanup/submission_package/neurips2026_reviewer_artifact_anonymous/results/noise_injection/summary.md,2845,0f00167b135d53f12790c2fd5b5e0c184cfb113d10df7f52fbd087d39c5a5d1a,yes,include,publication-safe under automated gate,
cleanup_20260506_final_code_artifact_cleanup,root_before_cleanup/submission_package/neurips2026_reviewer_artifact_anonymous/results/paper_tables/ALL_TABLES.md,15737,df07af1c997928e9853cea08049b7bedc88720c89cb0fc63c698ef3d4d236388,yes,include,publication-safe under automated gate,
cleanup_20260506_final_code_artifact_cleanup,root_before_cleanup/submission_package/neurips2026_reviewer_artifact_anonymous/results/paper_tables/missing.md,220,f432a6ec306dbb824e6218864cba9fa5ba6b42ee9d5ea2b565298ead4f16a0b5,yes,include,publication-safe under automated gate,
cleanup_20260506_final_code_artifact_cleanup,root_before_cleanup/submission_package/neurips2026_reviewer_artifact_anonymous/results/paper_tables/table_10_gap3_zeroshot.md,1022,77105195471c496ecd44ebde8ff8b883ad21e03b7be7e46fedfbc126eb10b33d,yes,include,publication-safe under automated gate,
cleanup_20260506_final_code_artifact_cleanup,root_before_cleanup/submission_package/neurips2026_reviewer_artifact_anonymous/results/paper_tables/table_11_mech_classifier.md,383,91338d32c3b1ae74452ac8cc2484dc6934481a016a6dae87072e6ef9cc918a2f,yes,include,publication-safe under automated gate,
cleanup_20260506_final_code_artifact_cleanup,root_before_cleanup/submission_package/neurips2026_reviewer_artifact_anonymous/results/paper_tables/table_12_deployment.md,1883,b79ebd58bf422568244555edf0b059eb9f44baa2b2c2c4a5f663d90b6e773b5e,yes,include,publication-safe under automated gate,
cleanup_20260506_final_code_artifact_cleanup,root_before_cleanup/submission_package/neurips2026_reviewer_artifact_anonymous/results/paper_tables/table_1_headtohead.md,1258,73fd04d643154d57612f907f7a9427f06809b1d32ea9583d2810011d67ae3b30,yes,include,publication-safe under automated gate,
cleanup_20260506_final_code_artifact_cleanup,root_before_cleanup/submission_package/neurips2026_reviewer_artifact_anonymous/results/paper_tables/table_2_multidataset.md,2357,31fac4aff5b268b2afdbd46b45beb22eaf3f09586a364376ea5cc0063e12ee16,yes,include,publication-safe under automated gate,
cleanup_20260506_final_code_artifact_cleanup,root_before_cleanup/submission_package/neurips2026_reviewer_artifact_anonymous/results/paper_tables/table_3_multi_retriever.md,2048,b7e3fbe364da023d326b49a6f4921678e192a7caad99911d7f8b654efb8da417,yes,include,publication-safe under automated gate,
cleanup_20260506_final_code_artifact_cleanup,root_before_cleanup/submission_package/neurips2026_reviewer_artifact_anonymous/results/paper_tables/table_4_raptor.md,1268,834fd9dca6089eab3b54ae7fc5b3f77c06cf748308005a30ebe78dcdcebae8e1,yes,include,publication-safe under automated gate,
cleanup_20260506_final_code_artifact_cleanup,root_before_cleanup/submission_package/neurips2026_reviewer_artifact_anonymous/results/paper_tables/table_5_longform.md,1451,7a3aa939592b2d7cbe7ab912734db444b0d78d0776cb1a9ba4fc319f3d367851,yes,include,publication-safe under automated gate,
cleanup_20260506_final_code_artifact_cleanup,root_before_cleanup/submission_package/neurips2026_reviewer_artifact_anonymous/results/paper_tables/table_6_frontier.md,96,32f115522b3e2615565a0aaf9de7930096ac715eef1581ecca70cbdd7871249c,yes,include,publication-safe under automated gate,
cleanup_20260506_final_code_artifact_cleanup,root_before_cleanup/submission_package/neurips2026_reviewer_artifact_anonymous/results/paper_tables/table_7_variance.md,988,a74403cfe722557ef2b1825452abf658f49486e52fce24de0a742b5e811010cb,yes,include,publication-safe under automated gate,
cleanup_20260506_final_code_artifact_cleanup,root_before_cleanup/submission_package/neurips2026_reviewer_artifact_anonymous/results/paper_tables/table_8_gap1_noise.md,709,d658766a7328ec54536b543d8f51e5d64b7481a9a72e548afd37c6b060618deb,yes,include,publication-safe under automated gate,
cleanup_20260506_final_code_artifact_cleanup,root_before_cleanup/submission_package/neurips2026_reviewer_artifact_anonymous/results/paper_tables/table_9_gap2_prompt.md,2283,72786f617da7f7ac633d8db57305becdceb42dfaec508643db7049a99d608bff,yes,include,publication-safe under automated gate,
cleanup_20260506_final_code_artifact_cleanup,root_before_cleanup/submission_package/neurips2026_reviewer_artifact_anonymous/results/prompt_ablation/completed_tuples.json,428,4a4ff4f3fb0a28ef5408a83c4339bbf615232289c9c6ed77bc5ba2323beae8b9,yes,include,publication-safe under automated gate,
cleanup_20260506_final_code_artifact_cleanup,root_before_cleanup/submission_package/neurips2026_reviewer_artifact_anonymous/results/prompt_ablation/paradox_by_prompt.csv,843,3978803f57bced73f27291b4624e75558fe1e504c3517d49ad13eb3095b34bea,yes,include,publication-safe under automated gate,
cleanup_20260506_final_code_artifact_cleanup,root_before_cleanup/submission_package/neurips2026_reviewer_artifact_anonymous/results/prompt_ablation/summary.csv,2519,c681484124646c5d3c885fa5c6e0315292d6de5d8a01cd08557986d4f066a997,yes,include,publication-safe under automated gate,
cleanup_20260506_final_code_artifact_cleanup,root_before_cleanup/submission_package/neurips2026_reviewer_artifact_anonymous/results/prompt_ablation/summary.md,8116,4cdca7fdf3ca3f971a2f364ba59043342e3e8945963ac3e3ad32625e45bfbc4f,yes,include,publication-safe under automated gate,
cleanup_20260506_final_code_artifact_cleanup,root_before_cleanup/submission_package/neurips2026_reviewer_artifact_anonymous/results/pubmedqa/ablation_chunk1024_k3_cot.csv,177311,8964bb340afce0924c195f40d6cb03324e331db9d1c57a874ac913bfe5a809ef,yes,include,publication-safe under automated gate,
cleanup_20260506_final_code_artifact_cleanup,root_before_cleanup/submission_package/neurips2026_reviewer_artifact_anonymous/results/pubmedqa/ablation_chunk1024_k3_strict.csv,178560,d2974f4c3bd5e1488f2bb19f70cc8d29b68c67f4c70daf1f6703851d49b3221c,yes,include,publication-safe under automated gate,
cleanup_20260506_final_code_artifact_cleanup,root_before_cleanup/submission_package/neurips2026_reviewer_artifact_anonymous/results/pubmedqa/ablation_chunk1024_k5_cot.csv,274157,d06df1bb1409162f08f29256b2f26cf771ae74c5fffb12f638e11a0f470624b6,yes,include,publication-safe under automated gate,
cleanup_20260506_final_code_artifact_cleanup,root_before_cleanup/submission_package/neurips2026_reviewer_artifact_anonymous/results/pubmedqa/ablation_chunk1024_k5_strict.csv,274150,150bd33308436925280dd6c9d379ccc3b5fc4058b0ece8f009fbc1ae1882e74c,yes,include,publication-safe under automated gate,
cleanup_20260506_final_code_artifact_cleanup,root_before_cleanup/submission_package/neurips2026_reviewer_artifact_anonymous/results/pubmedqa/ablation_chunk256_k3_cot.csv,70105,5c1f5864efe724a56b0cfb1581952025967bae04726c3125d9bf6bb4f6622cc8,yes,include,publication-safe under automated gate,
cleanup_20260506_final_code_artifact_cleanup,root_before_cleanup/submission_package/neurips2026_reviewer_artifact_anonymous/results/pubmedqa/ablation_chunk256_k3_strict.csv,69313,4a93c6cf159aec04183757dfc3d4664d17ebd28537495c13baf5d9df65a8e961,yes,include,publication-safe under automated gate,
cleanup_20260506_final_code_artifact_cleanup,root_before_cleanup/submission_package/neurips2026_reviewer_artifact_anonymous/results/pubmedqa/ablation_chunk256_k5_cot.csv,100877,660426fe98899045789e51072b696b8f599098662118d65949aac7e5fc457be7,yes,include,publication-safe under automated gate,
cleanup_20260506_final_code_artifact_cleanup,root_before_cleanup/submission_package/neurips2026_reviewer_artifact_anonymous/results/pubmedqa/ablation_chunk256_k5_strict.csv,101102,20010f2e839baa49ca2045e564ec45d4759466f3a980e6a71dbef072eb0f4a43,yes,include,publication-safe under automated gate,
cleanup_20260506_final_code_artifact_cleanup,root_before_cleanup/submission_package/neurips2026_reviewer_artifact_anonymous/results/pubmedqa/ablation_chunk512_k3_cot.csv,113325,f718e5d8904f717ad1d01557e0ce119f7dc0845dbb5cfc7028123602045ca268,yes,include,publication-safe under automated gate,
cleanup_20260506_final_code_artifact_cleanup,root_before_cleanup/submission_package/neurips2026_reviewer_artifact_anonymous/results/pubmedqa/ablation_chunk512_k3_strict.csv,113791,ce4d43dbc0bbd50a0d5c416a6609a4fe2faf8385fd5ca4f7595d84fb70e8a08b,yes,include,publication-safe under automated gate,
cleanup_20260506_final_code_artifact_cleanup,root_before_cleanup/submission_package/neurips2026_reviewer_artifact_anonymous/results/pubmedqa/ablation_chunk512_k5_cot.csv,168664,8798737952b5661acf3a82a6f3fa01eb7179cf26c1f96c80f19c2ca2f73876d4,yes,include,publication-safe under automated gate,
cleanup_20260506_final_code_artifact_cleanup,root_before_cleanup/submission_package/neurips2026_reviewer_artifact_anonymous/results/pubmedqa/ablation_chunk512_k5_strict.csv,167779,fbfd7677d2f93e499e824f616a7cc8f7227a59516e6619123fe059ffdf087d5c,yes,include,publication-safe under automated gate,
cleanup_20260506_final_code_artifact_cleanup,root_before_cleanup/submission_package/neurips2026_reviewer_artifact_anonymous/results/pubmedqa/ablation_summary.csv,523,a37fec61e0c18630de6447255119b1b3aa0d6a64bc72e4a45390be236c955cff,yes,include,publication-safe under automated gate,
cleanup_20260506_final_code_artifact_cleanup,root_before_cleanup/submission_package/neurips2026_reviewer_artifact_anonymous/results/pubmedqa/ablation_summary.json,2298,d987346e8819492b459e80444df9507af7a888996ac7c42919086d568cfa4cd1,yes,include,publication-safe under automated gate,
cleanup_20260506_final_code_artifact_cleanup,root_before_cleanup/submission_package/neurips2026_reviewer_artifact_anonymous/results/qualitative/chunk_comparison.csv,176698,65f6ec688c9a96a18afb1fa693131c69cedf02c407ddcd10928fe0bc23a99c42,yes,include,publication-safe under automated gate,
cleanup_20260506_final_code_artifact_cleanup,root_before_cleanup/submission_package/neurips2026_reviewer_artifact_anonymous/results/qualitative/example_metadata.json,237,e8610f77f30ab1010c3d5a682cf1cda57e6896c8dc48adf1a1fa33250b36a5fc,yes,include,publication-safe under automated gate,
cleanup_20260506_final_code_artifact_cleanup,root_before_cleanup/submission_package/neurips2026_reviewer_artifact_anonymous/results/qualitative/worst_hallucinations.csv,141,f1593f2dd7f4440e09cceae446dba8a82bc2c0f3a1fb6544c014c208fb021727,yes,include,publication-safe under automated gate,
cleanup_20260506_final_code_artifact_cleanup,root_before_cleanup/submission_package/neurips2026_reviewer_artifact_anonymous/results/quantization_sensitivity/completed_tuples.json,153,8bc3c21f148d66f797ac8afef21334077a5aaa6abeacd686f7df630646f074f8,yes,include,publication-safe under automated gate,
cleanup_20260506_final_code_artifact_cleanup,root_before_cleanup/submission_package/neurips2026_reviewer_artifact_anonymous/results/quantization_sensitivity/paradox_by_quant.csv,408,b67c451b232d0ff624bbdf7f18584df7535fdfe5b8e87da07f34781e6de73385,yes,include,publication-safe under automated gate,
cleanup_20260506_final_code_artifact_cleanup,root_before_cleanup/submission_package/neurips2026_reviewer_artifact_anonymous/results/quantization_sensitivity/summary.csv,1133,8225a4ee7d913a67c4b00b4f3b046b4349db3ff6a73c8efe260f47319874dfef,yes,include,publication-safe under automated gate,
cleanup_20260506_final_code_artifact_cleanup,root_before_cleanup/submission_package/neurips2026_reviewer_artifact_anonymous/results/quantization_sensitivity/summary.md,3847,56a300c9e203dd5a4dfb206add1afa4c32026366405100b1439fde27b2caa96d,yes,include,publication-safe under automated gate,
cleanup_20260506_final_code_artifact_cleanup,root_before_cleanup/submission_package/neurips2026_reviewer_artifact_anonymous/results/rag_vs_zeroshot/paradox_vs_strength.csv,167,84e487a3dfc21b28f6d55a412a65e36bcbaad58106a90cf37302406df8b012b7,yes,include,publication-safe under automated gate,
cleanup_20260506_final_code_artifact_cleanup,root_before_cleanup/submission_package/neurips2026_reviewer_artifact_anonymous/results/rag_vs_zeroshot/per_cell_detail.csv,974,e48ba3e5c3692742852a6214b996719c98f990f836fe16b2ec42a7843a739af6,yes,include,publication-safe under automated gate,
cleanup_20260506_final_code_artifact_cleanup,root_before_cleanup/submission_package/neurips2026_reviewer_artifact_anonymous/results/rag_vs_zeroshot/summary.md,4710,66fe6a0b486612243d1ea9750f096a2b9d135f5fd5b951078bda4fae6d974c7e,yes,include,publication-safe under automated gate,
cleanup_20260506_final_code_artifact_cleanup,root_before_cleanup/submission_package/neurips2026_reviewer_artifact_anonymous/results/rag_vs_zeroshot/table_2x2.csv,373,5547a16e0995b323f700925a523efd306296301e38f81ba99d52888710c6d701,yes,include,publication-safe under automated gate,
cleanup_20260506_final_code_artifact_cleanup,root_before_cleanup/submission_package/neurips2026_reviewer_artifact_anonymous/results/raptor/raptor_vs_hcpc.csv,475,4dda196c658bfb2a8d9e4ee88cae1e78d2a1b3401f367d3bd2c970dc1b07a262,yes,include,publication-safe under automated gate,
cleanup_20260506_final_code_artifact_cleanup,root_before_cleanup/submission_package/neurips2026_reviewer_artifact_anonymous/results/raptor/summary.csv,811,ac0951b36dfb81f7ca7f66a8045f92bb2667fb160c8f251269b2e2e4bf39c125,yes,include,publication-safe under automated gate,
cleanup_20260506_final_code_artifact_cleanup,root_before_cleanup/submission_package/neurips2026_reviewer_artifact_anonymous/results/raptor/summary.md,3467,9a1b98a7ef75e196ef10fed887fab13ab89d61f60504566657c04c1d76febe58,yes,include,publication-safe under automated gate,
cleanup_20260506_final_code_artifact_cleanup,root_before_cleanup/submission_package/neurips2026_reviewer_artifact_anonymous/results/reranker/llama3_pubmedqa_chunk1024_baseline.csv,41893,d987236db80fa67285cfe40e442a4cfbfc5e05fbb074e5505f4b46b3a3132d0f,yes,include,publication-safe under automated gate,
cleanup_20260506_final_code_artifact_cleanup,root_before_cleanup/submission_package/neurips2026_reviewer_artifact_anonymous/results/reranker/llama3_pubmedqa_chunk1024_reranked.csv,40190,c044fe76555d47d1e226cb0d37f7eb5a1b5ee3f1ac43aa29745f398d70f2d39e,yes,include,publication-safe under automated gate,
cleanup_20260506_final_code_artifact_cleanup,root_before_cleanup/submission_package/neurips2026_reviewer_artifact_anonymous/results/reranker/llama3_pubmedqa_chunk256_baseline.csv,38149,6e6bc68654fa1ba104eb0f3d8b5d46d64732667a033f883a66b39e49689cd75e,yes,include,publication-safe under automated gate,
cleanup_20260506_final_code_artifact_cleanup,root_before_cleanup/submission_package/neurips2026_reviewer_artifact_anonymous/results/reranker/llama3_pubmedqa_chunk256_reranked.csv,35649,abda0b4477dfa10b70d0f14107ea66f9dd27357bf23c4a1adef74b717d315c33,yes,include,publication-safe under automated gate,
cleanup_20260506_final_code_artifact_cleanup,root_before_cleanup/submission_package/neurips2026_reviewer_artifact_anonymous/results/reranker/llama3_pubmedqa_chunk512_baseline.csv,39241,2de02b8b45da18f9b5a54d4d326564feb348ed680c70f0f4e524bd1b2e030044,yes,include,publication-safe under automated gate,
cleanup_20260506_final_code_artifact_cleanup,root_before_cleanup/submission_package/neurips2026_reviewer_artifact_anonymous/results/reranker/llama3_pubmedqa_chunk512_reranked.csv,36951,1903a05ac3d6673c3c6e09e7978f6ac70e8a894069c033c21ac17377250d1dbd,yes,include,publication-safe under automated gate,
cleanup_20260506_final_code_artifact_cleanup,root_before_cleanup/submission_package/neurips2026_reviewer_artifact_anonymous/results/reranker/llama3_squad_chunk1024_baseline.csv,21020,45086d4246d06a81c6e8e14a23029292639dc25d6024a964c4e12a3cd04af6c9,yes,include,publication-safe under automated gate,
cleanup_20260506_final_code_artifact_cleanup,root_before_cleanup/submission_package/neurips2026_reviewer_artifact_anonymous/results/reranker/llama3_squad_chunk1024_reranked.csv,20493,63a5adb9debd1ce3d479011763acdf87af94667bda995386ea4dac0e362a647e,yes,include,publication-safe under automated gate,
cleanup_20260506_final_code_artifact_cleanup,root_before_cleanup/submission_package/neurips2026_reviewer_artifact_anonymous/results/reranker/llama3_squad_chunk256_baseline.csv,22044,8f93695c4448c6b3e94cd82ee2ae4b4eed75f89434a37df83afcab483e4ca31d,yes,include,publication-safe under automated gate,
cleanup_20260506_final_code_artifact_cleanup,root_before_cleanup/submission_package/neurips2026_reviewer_artifact_anonymous/results/reranker/llama3_squad_chunk256_reranked.csv,20574,8107c2f763f24a3a74ec33c65b2c5157aa5cf7447e623f2213e4fc80aa2dfb3d,yes,include,publication-safe under automated gate,
cleanup_20260506_final_code_artifact_cleanup,root_before_cleanup/submission_package/neurips2026_reviewer_artifact_anonymous/results/reranker/llama3_squad_chunk512_baseline.csv,21705,5623954b92637152398e0415a32279ca8cd904d7bc6d4e36483749e792a66df8,yes,include,publication-safe under automated gate,
cleanup_20260506_final_code_artifact_cleanup,root_before_cleanup/submission_package/neurips2026_reviewer_artifact_anonymous/results/reranker/llama3_squad_chunk512_reranked.csv,21606,a287cd078fd2cf2928b42884b3c278cccea4e79d319ce3b83ee669fbef626cb9,yes,include,publication-safe under automated gate,
cleanup_20260506_final_code_artifact_cleanup,root_before_cleanup/submission_package/neurips2026_reviewer_artifact_anonymous/results/reranker/metrics.csv,540,f05e01633f55e1729f48847f9e38a192c477bd67fa0ca8ca251ac4e188e3106e,yes,include,publication-safe under automated gate,
cleanup_20260506_final_code_artifact_cleanup,root_before_cleanup/submission_package/neurips2026_reviewer_artifact_anonymous/results/reranker/mistral_pubmedqa_chunk1024_baseline.csv,44791,b6370970ca0048a941403c989b56cb89866ef4b8a2f643f411d1697f1815a01d,yes,include,publication-safe under automated gate,
cleanup_20260506_final_code_artifact_cleanup,root_before_cleanup/submission_package/neurips2026_reviewer_artifact_anonymous/results/reranker/mistral_pubmedqa_chunk1024_reranked.csv,45162,b070ae51466a8868d5f2c5ae5d1ebb2c55867b0a1f21b0c81e009727781098a8,yes,include,publication-safe under automated gate,
cleanup_20260506_final_code_artifact_cleanup,root_before_cleanup/submission_package/neurips2026_reviewer_artifact_anonymous/results/reranker/mistral_pubmedqa_chunk256_baseline.csv,39118,3d41d04856c2e01d7aa7fff84fa2e0368ff57c7d6c1b7969fd566fc7e0077e11,yes,include,publication-safe under automated gate,
cleanup_20260506_final_code_artifact_cleanup,root_before_cleanup/submission_package/neurips2026_reviewer_artifact_anonymous/results/reranker/mistral_pubmedqa_chunk256_reranked.csv,37331,a33c8b17d28ea35b464c8db2273e23cee421e17bd10d3c6af73ffc0744487c9c,yes,include,publication-safe under automated gate,
cleanup_20260506_final_code_artifact_cleanup,root_before_cleanup/submission_package/neurips2026_reviewer_artifact_anonymous/results/reranker/mistral_pubmedqa_chunk512_baseline.csv,44587,fcd87d9df1f14f67b6af52911bdac3fd79c86f64047f8922daebf6aa3a14c8b4,yes,include,publication-safe under automated gate,
cleanup_20260506_final_code_artifact_cleanup,root_before_cleanup/submission_package/neurips2026_reviewer_artifact_anonymous/results/reranker/mistral_pubmedqa_chunk512_reranked.csv,40499,c6886e3d1a175986bf65cfb3f8f7c26ac7c939756c9e816b1b5a170e6b8d3ff1,yes,include,publication-safe under automated gate,
cleanup_20260506_final_code_artifact_cleanup,root_before_cleanup/submission_package/neurips2026_reviewer_artifact_anonymous/results/reranker/mistral_squad_chunk1024_baseline.csv,21893,fffbf93b6ed4e23ef8482cacc7e0969ccc326844edc4009999dd6ec2384bb8ac,yes,include,publication-safe under automated gate,
cleanup_20260506_final_code_artifact_cleanup,root_before_cleanup/submission_package/neurips2026_reviewer_artifact_anonymous/results/reranker/mistral_squad_chunk1024_reranked.csv,21963,6c9f36a3d5b8db5fb5ee536bdfd37328fb310b20361f699eab9314e1628eb8ac,yes,include,publication-safe under automated gate,
cleanup_20260506_final_code_artifact_cleanup,root_before_cleanup/submission_package/neurips2026_reviewer_artifact_anonymous/results/reranker/mistral_squad_chunk256_baseline.csv,24899,096325936cef5c015aac1717b4ac03528aed50c29d62f6a78c0e7a76e6d70e0e,yes,include,publication-safe under automated gate,
cleanup_20260506_final_code_artifact_cleanup,root_before_cleanup/submission_package/neurips2026_reviewer_artifact_anonymous/results/reranker/mistral_squad_chunk256_reranked.csv,23947,8a26a5a32fe5c1f0c05bca8b25dc4e426640bf784afbc624f527fd7ae41e90e4,yes,include,publication-safe under automated gate,
cleanup_20260506_final_code_artifact_cleanup,root_before_cleanup/submission_package/neurips2026_reviewer_artifact_anonymous/results/reranker/mistral_squad_chunk512_baseline.csv,21959,1c3aaf2005b5b8d40fcb6fb50fd95956eb7a314b4bba0cfa98750e35166ba2f9,yes,include,publication-safe under automated gate,
cleanup_20260506_final_code_artifact_cleanup,root_before_cleanup/submission_package/neurips2026_reviewer_artifact_anonymous/results/reranker/mistral_squad_chunk512_reranked.csv,21872,ae1b5abcd76479218ba4f500135e421db1e150a966c1d61f5fd30903a02e58d4,yes,include,publication-safe under automated gate,
cleanup_20260506_final_code_artifact_cleanup,root_before_cleanup/submission_package/neurips2026_reviewer_artifact_anonymous/results/reranker/summary.csv,646,4e6c7132d39f116ec5a2c331e4f6444a69461652bad8cc65528855b0611e3a57,yes,include,publication-safe under automated gate,
cleanup_20260506_final_code_artifact_cleanup,root_before_cleanup/submission_package/neurips2026_reviewer_artifact_anonymous/results/reranker/summary.json,2530,f69e5ad3f2588e31e50a7c75b51fa97d5dba9acf4977980d10c0c8641b4cb296,yes,include,publication-safe under automated gate,
cleanup_20260506_final_code_artifact_cleanup,root_before_cleanup/submission_package/neurips2026_reviewer_artifact_anonymous/results/reranker/summary.md,763,b037208992d8ab8b7dd8e2273e74a14585c72db9ea00d05d9897b73767475885,yes,include,publication-safe under automated gate,
cleanup_20260506_final_code_artifact_cleanup,root_before_cleanup/submission_package/neurips2026_reviewer_artifact_anonymous/results/results.csv,7943,cdf006156ad988946f7b2a74d424eb7d8eb9d3a2b1d9b35a15ca15db9436fbcc,yes,include,publication-safe under automated gate,
cleanup_20260506_final_code_artifact_cleanup,root_before_cleanup/submission_package/neurips2026_reviewer_artifact_anonymous/results/revision/context_conditioned_nli/contrasts_n600.csv,938,66071f53c43b107f7ec5898fe580dca96c36ebfe6df935d58b9930d9eee7d99c,yes,include,publication-safe under automated gate,
cleanup_20260506_final_code_artifact_cleanup,root_before_cleanup/submission_package/neurips2026_reviewer_artifact_anonymous/results/revision/context_conditioned_nli/n99_alignment_spearmans.csv,602,ee25150970c23c1e4ad036ccdb3d787f8c00e3aa6902efacc646cbc5ed354680,yes,include,publication-safe under automated gate,
cleanup_20260506_final_code_artifact_cleanup,root_before_cleanup/submission_package/neurips2026_reviewer_artifact_anonymous/results/revision/context_conditioned_nli/n99_alignment_summary.csv,594,1f81dad2aa0ee33b19a0e1d5a37d285e21adfef4318afac44682ba952a8583cd,yes,include,publication-safe under automated gate,
cleanup_20260506_final_code_artifact_cleanup,root_before_cleanup/submission_package/neurips2026_reviewer_artifact_anonymous/results/revision/context_conditioned_nli/n99_with_ctx_scores.csv,160846,5405b3484ba6e0fd5bf102bcc2dd9e4a53b1cbe4d7761d8d7adb591c96ee2955,yes,include,publication-safe under automated gate,
cleanup_20260506_final_code_artifact_cleanup,root_before_cleanup/submission_package/neurips2026_reviewer_artifact_anonymous/results/revision/fix_01/bootstrap_ci.csv,133,cd62c9ccab41319fa2ac668ca47c272360713d2f780a6fca2bb0c6e91e3fe5f0,yes,include,publication-safe under automated gate,
cleanup_20260506_final_code_artifact_cleanup,root_before_cleanup/submission_package/neurips2026_reviewer_artifact_anonymous/results/revision/fix_01/construction_summary.csv,180,e38644ff25376cb4025d20c41ecd784b60d68ecc34ee2b80428a79a0310e3e83,yes,include,publication-safe under automated gate,
cleanup_20260506_final_code_artifact_cleanup,root_before_cleanup/submission_package/neurips2026_reviewer_artifact_anonymous/results/revision/fix_01/match_diagnostics.csv,278,87a4493d5775642a13149feb0ff427b829b004034ed9dfd0f48442255b89a6ee,yes,include,publication-safe under automated gate,
cleanup_20260506_final_code_artifact_cleanup,root_before_cleanup/submission_package/neurips2026_reviewer_artifact_anonymous/results/revision/fix_01/matched_ccs_faithfulness_quantiles.csv,160,a7fa5930aaac4d5e4f69b32efe8f79140bfe9c91540bc762e8501edf951a7eb0,yes,include,publication-safe under automated gate,
cleanup_20260506_final_code_artifact_cleanup,root_before_cleanup/submission_package/neurips2026_reviewer_artifact_anonymous/results/revision/fix_01/matched_ccs_threshold_rates.csv,136,50ba47ea936c337c953b9ff493cd2b471bc8d34fa118e8bb0dfd12710123f5db,yes,include,publication-safe under automated gate,
cleanup_20260506_final_code_artifact_cleanup,root_before_cleanup/submission_package/neurips2026_reviewer_artifact_anonymous/results/revision/fix_01/paired_wilcoxon.csv,562,7046d1aec621bcc2436d706af7fd3b535f65d2b0ff6e04591f7afad312f6ae30,yes,include,publication-safe under automated gate,
cleanup_20260506_final_code_artifact_cleanup,root_before_cleanup/submission_package/neurips2026_reviewer_artifact_anonymous/results/revision/fix_01/summary.md,2710,5153f64d26df90e97623cb2435d96ba60f8b7e3835320d791a2cb4fac172b73a,yes,include,publication-safe under automated gate,
cleanup_20260506_final_code_artifact_cleanup,root_before_cleanup/submission_package/neurips2026_reviewer_artifact_anonymous/results/revision/fix_02/headline_table.csv,545,0fb1b3ad01172ba53769241f589e86236cebd8a203dd3ce81aa40a11df519aef,yes,include,publication-safe under automated gate,
cleanup_20260506_final_code_artifact_cleanup,root_before_cleanup/submission_package/neurips2026_reviewer_artifact_anonymous/results/revision/fix_02/headline_table_gpu0.csv,537,607d976183ce89b94d2b7c1cf22c639e85d58c66c9aeb618b69d0b37c0a33098,yes,include,publication-safe under automated gate,
cleanup_20260506_final_code_artifact_cleanup,root_before_cleanup/submission_package/neurips2026_reviewer_artifact_anonymous/results/revision/fix_02/headline_table_gpu1.csv,539,e85e33508ebc5263ceef61cab3d27cb2ecf712454e55ddfdb1f00fa3a154135e,yes,include,publication-safe under automated gate,
cleanup_20260506_final_code_artifact_cleanup,root_before_cleanup/submission_package/neurips2026_reviewer_artifact_anonymous/results/revision/fix_02/paired_contrasts.csv,1502,3c195666d369848ca935ce14cee1563b03bd03614e4b7cd5375dd59baed51f85,yes,include,publication-safe under automated gate,
cleanup_20260506_final_code_artifact_cleanup,root_before_cleanup/submission_package/neurips2026_reviewer_artifact_anonymous/results/revision/fix_02/paired_contrasts_gpu0.csv,379,fdcbefde9f27600cb59fffd11b53eaa4f960f89fcd176ea3f5b84cc3c284bb2b,yes,include,publication-safe under automated gate,
cleanup_20260506_final_code_artifact_cleanup,root_before_cleanup/submission_package/neurips2026_reviewer_artifact_anonymous/results/revision/fix_02/paired_contrasts_gpu1.csv,664,057d2b08ab697432e586409f798b10ac5375d2f5c6bbf15ba98ce8e4d6a1d4aa,yes,include,publication-safe under automated gate,
cleanup_20260506_final_code_artifact_cleanup,root_before_cleanup/submission_package/neurips2026_reviewer_artifact_anonymous/results/revision/fix_02/summary.md,3994,41489efadf6613d988f88f8b79a7c3b2a55638df088538cf8a6d8aa34c3a8633,yes,include,publication-safe under automated gate,
cleanup_20260506_final_code_artifact_cleanup,root_before_cleanup/submission_package/neurips2026_reviewer_artifact_anonymous/results/revision/fix_02/summary_gpu0.md,2194,fbd78a6bbea8057f15c8ba0e726cdb0a20a9b3881c517aa9c54bbbc2b55bd35f,yes,include,publication-safe under automated gate,
cleanup_20260506_final_code_artifact_cleanup,root_before_cleanup/submission_package/neurips2026_reviewer_artifact_anonymous/results/revision/fix_02/summary_gpu1.md,2644,1250e432dfa9f5d980707463c6b591dce7761e24e90652c34c74e1f12ce24de8,yes,include,publication-safe under automated gate,
cleanup_20260506_final_code_artifact_cleanup,root_before_cleanup/submission_package/neurips2026_reviewer_artifact_anonymous/results/revision/fix_03/bootstrap_correlation_cis.csv,1597,2454083c0148ffef1e14fc1fb83485e0d9fb4ff3974a116c940371b09cf9e7b8,yes,include,publication-safe under automated gate,
cleanup_20260506_final_code_artifact_cleanup,root_before_cleanup/submission_package/neurips2026_reviewer_artifact_anonymous/results/revision/fix_03/disagreement_alignment_n100.csv,1267,fc205b6b792a53f013d7acd7bad3f57584967d32f0c325d4fbe693065919c9d2,yes,include,publication-safe under automated gate,
cleanup_20260506_final_code_artifact_cleanup,root_before_cleanup/submission_package/neurips2026_reviewer_artifact_anonymous/results/revision/fix_03/human_eval_correlations.csv,236,d7a894f84ef620297d53030c5c373432c50bdfdcb52e4743d766c8106e75bb25,yes,include,publication-safe under automated gate,
cleanup_20260506_final_code_artifact_cleanup,root_before_cleanup/submission_package/neurips2026_reviewer_artifact_anonymous/results/revision/fix_03/human_eval_label_distribution.csv,104,41df52b1156990f614118b4c2f17fcfae8313efebdb915a64ec2ec2fdbb2e843,yes,include,publication-safe under automated gate,
cleanup_20260506_final_code_artifact_cleanup,root_before_cleanup/submission_package/neurips2026_reviewer_artifact_anonymous/results/revision/fix_03/human_eval_summary.csv,167,db4ffc9cc343951fa8be55f13a1c047c1d212bae5475a96fbc08d7f18a6d70ce,yes,include,publication-safe under automated gate,
cleanup_20260506_final_code_artifact_cleanup,root_before_cleanup/submission_package/neurips2026_reviewer_artifact_anonymous/results/revision/fix_03/human_eval_verification.csv,220,6e9f7d448f69d5786039b5e48437f6a1249b9fd9b286908e6bfe3b0135b62fa1,yes,include,publication-safe under automated gate,
cleanup_20260506_final_code_artifact_cleanup,root_before_cleanup/submission_package/neurips2026_reviewer_artifact_anonymous/results/revision/fix_03/human_eval_verification.md,741,100dbf531533d82d0faecc0a08edeb8e8399e62bcf4dabad1e15f0adc65b5984,yes,include,publication-safe under automated gate,
cleanup_20260506_final_code_artifact_cleanup,root_before_cleanup/submission_package/neurips2026_reviewer_artifact_anonymous/results/revision/fix_03/metric_correlations.csv,318,6ed98e71c6c3768dbfea3d7e364f19f726e7f09352e929dd4ede2474d05c72e0,yes,include,publication-safe under automated gate,
cleanup_20260506_final_code_artifact_cleanup,root_before_cleanup/submission_package/neurips2026_reviewer_artifact_anonymous/results/revision/fix_03/standardized_scorer_fragility.csv,1619,80728bcacc28415491c07f7fbb26a1437221088a1fddd8afb5c61e1e5da1707f,yes,include,publication-safe under automated gate,
cleanup_20260506_final_code_artifact_cleanup,root_before_cleanup/submission_package/neurips2026_reviewer_artifact_anonymous/results/revision/fix_03/summary.md,982,7a8ceb15fa4b91a3611200b225f6819873903be5b0aba8ebe49df0fdd3904579,yes,include,publication-safe under automated gate,
cleanup_20260506_final_code_artifact_cleanup,root_before_cleanup/submission_package/neurips2026_reviewer_artifact_anonymous/results/revision/fix_03/table1_multimetric.csv,183,6f808491031d27256c0e5d7fd0c4577dd3df555c14c3667985720a280ffa65c3,yes,include,publication-safe under automated gate,
cleanup_20260506_final_code_artifact_cleanup,root_before_cleanup/submission_package/neurips2026_reviewer_artifact_anonymous/results/revision/fix_04/generalization_flags.csv,332,5ed90e7d62ad2c05e38c130c4b5ab0d7177dc9ceb142e33e81ec31df9a907325,yes,include,publication-safe under automated gate,
cleanup_20260506_final_code_artifact_cleanup,root_before_cleanup/submission_package/neurips2026_reviewer_artifact_anonymous/results/revision/fix_04/summary.md,3956,d8e0f7c8537300e45ad9d27d75ac66899794a6e45b492a0c87e442b0afc5f725,yes,include,publication-safe under automated gate,
cleanup_20260506_final_code_artifact_cleanup,root_before_cleanup/submission_package/neurips2026_reviewer_artifact_anonymous/results/revision/fix_04/tau_summary.csv,1282,70057fa52fd77b3e38de5c858da2485e3a719e2678e5efeebd15f0e72b069b21,yes,include,publication-safe under automated gate,
cleanup_20260506_final_code_artifact_cleanup,root_before_cleanup/submission_package/neurips2026_reviewer_artifact_anonymous/results/revision/fix_04/tau_transfer_matrix.csv,353,6eb1d877d190efb93fd556bb2386d7c48688081fcbe51f25a071a5b3726b991e,yes,include,publication-safe under automated gate,
cleanup_20260506_final_code_artifact_cleanup,root_before_cleanup/submission_package/neurips2026_reviewer_artifact_anonymous/results/revision/fix_05/noise_summary.csv,546,286140d064c277f6f58eb16aa609c771d5652593176f93841b203b6cb0529a00,yes,include,publication-safe under automated gate,
cleanup_20260506_final_code_artifact_cleanup,root_before_cleanup/submission_package/neurips2026_reviewer_artifact_anonymous/results/revision/fix_05/slope_response.csv,211,de72dac188a68d2ed87536928875571cb117854fd94825c303c2cdc24dd8280f,yes,include,publication-safe under automated gate,
cleanup_20260506_final_code_artifact_cleanup,root_before_cleanup/submission_package/neurips2026_reviewer_artifact_anonymous/results/revision/fix_05/summary.md,1640,7e6499be72bea4fb706efb93186b09c723ddc377083f29fb000a2f41af99a374,yes,include,publication-safe under automated gate,
cleanup_20260506_final_code_artifact_cleanup,root_before_cleanup/submission_package/neurips2026_reviewer_artifact_anonymous/results/revision/fix_06/h2h_summary.csv,615,b6f8d3280cd8104a46654ca09c59cbbc6d78bfefec102557beffe5ecd9b588c8,yes,include,publication-safe under automated gate,
cleanup_20260506_final_code_artifact_cleanup,root_before_cleanup/submission_package/neurips2026_reviewer_artifact_anonymous/results/revision/fix_06/h2h_summary_with_ci.csv,912,237649fe07cd0bf810b2294ef1f6968eaa9db9d7a5a88c940dd34f49e292dca8,yes,include,publication-safe under automated gate,
cleanup_20260506_final_code_artifact_cleanup,root_before_cleanup/submission_package/neurips2026_reviewer_artifact_anonymous/results/revision/fix_06/summary.md,1533,ec840cfcf3a364a6b1ccf2ddd5c1e030d304f07530331850b7a43e609d8e36db,yes,include,publication-safe under automated gate,
cleanup_20260506_final_code_artifact_cleanup,root_before_cleanup/submission_package/neurips2026_reviewer_artifact_anonymous/results/revision/fix_09/partial_correlations.csv,170,bdacdfffa1a95abad241e4bebe859dcebfa68397e0853b08b1dbd2cac985f8e2,yes,include,publication-safe under automated gate,
cleanup_20260506_final_code_artifact_cleanup,root_before_cleanup/submission_package/neurips2026_reviewer_artifact_anonymous/results/revision/fix_09/summary.md,435,4d6c92ceb48b854cfdcbc14f8dd34a5d24f4d9f43abe80e82b0d028f663c181b,yes,include,publication-safe under automated gate,
cleanup_20260506_final_code_artifact_cleanup,root_before_cleanup/submission_package/neurips2026_reviewer_artifact_anonymous/results/revision/fix_11/raptor_full_table.csv,335,bbef250bd283be0c56b596414b3cdb7da8e12b7af964cb7bf9145115b614321e,yes,include,publication-safe under automated gate,
cleanup_20260506_final_code_artifact_cleanup,root_before_cleanup/submission_package/neurips2026_reviewer_artifact_anonymous/results/revision/fix_11/raptor_indexing_costs.csv,155,15ccdb24eaca661f28704cf360c27642e85989efc2d0f18efae12e2208b1543f,yes,include,publication-safe under automated gate,
cleanup_20260506_final_code_artifact_cleanup,root_before_cleanup/submission_package/neurips2026_reviewer_artifact_anonymous/results/revision/fix_11/summary.md,917,62933fb2249f3828e04f188556fc4b915d0a468f627489ab75036ae6e2ec016b,yes,include,publication-safe under automated gate,
cleanup_20260506_final_code_artifact_cleanup,root_before_cleanup/submission_package/neurips2026_reviewer_artifact_anonymous/results/revision/fix_12/span_control_models.csv,2479,a79841a1b07c1630680a539309eb48742d5bf4077514dd55b0b56b0a63978bb8,yes,include,publication-safe under automated gate,
cleanup_20260506_final_code_artifact_cleanup,root_before_cleanup/submission_package/neurips2026_reviewer_artifact_anonymous/results/revision/fix_12/span_control_report.md,7295,7bcaa0e9f9612608b0a0a69eb868ecf6d1a3dd0eea6df7df26cb223caa350d37,yes,include,publication-safe under automated gate,
cleanup_20260506_final_code_artifact_cleanup,root_before_cleanup/submission_package/neurips2026_reviewer_artifact_anonymous/results/revision/fix_12/span_control_summary.csv,370,a0d2213d3a93d741c9ad761d6c41ecd5ede3f877e5c9a7d60638d0d33ec6166d,yes,include,publication-safe under automated gate,
cleanup_20260506_final_code_artifact_cleanup,root_before_cleanup/submission_package/neurips2026_reviewer_artifact_anonymous/results/revision/fix_13/retriever_sanity_report.md,6212,294c4a498fbdf3c2f9b88755276d87a69e9f2ece4486fbc0a73e490d6704c772,yes,include,publication-safe under automated gate,
cleanup_20260506_final_code_artifact_cleanup,root_before_cleanup/submission_package/neurips2026_reviewer_artifact_anonymous/results/revision/fix_13/retriever_sanity_summary.csv,1674,b8f53335bd955b57e124dbe214303a7079ae93e8aacac5344b21db087b242e64,yes,include,publication-safe under automated gate,
cleanup_20260506_final_code_artifact_cleanup,root_before_cleanup/submission_package/neurips2026_reviewer_artifact_anonymous/results/revision/fix_14/second_generator_correlations.csv,349,549d55fabc09beab0cf27a3f4aef890ca9ca7167ce2c1bedfa5ae73cd353d801,yes,include,publication-safe under automated gate,
cleanup_20260506_final_code_artifact_cleanup,root_before_cleanup/submission_package/neurips2026_reviewer_artifact_anonymous/results/revision/fix_14/second_generator_metrics.csv,374,cdee820e97afe2077d981d45817a8d79431cdf128e6b8d095e3a952fad8c92e1,yes,include,publication-safe under automated gate,
cleanup_20260506_final_code_artifact_cleanup,root_before_cleanup/submission_package/neurips2026_reviewer_artifact_anonymous/results/revision/fix_14/second_generator_report.md,2007,8650891c5826bb8bc9a59b7cfa7e86b2eec384709e93d0d286ed34f4c3affa8d,yes,include,publication-safe under automated gate,
cleanup_20260506_final_code_artifact_cleanup,root_before_cleanup/submission_package/neurips2026_reviewer_artifact_anonymous/results/revision/fix_15/longform_stress_report.md,4257,dc25c18e7a11dc56425ce7bbe65354c89830c39423448f89ef883450c0578b83,yes,include,publication-safe under automated gate,
cleanup_20260506_final_code_artifact_cleanup,root_before_cleanup/submission_package/neurips2026_reviewer_artifact_anonymous/results/revision/fix_15/longform_stress_summary.csv,1039,35f77fc9a17d2425074ee47990a09add58c1e87d39fec48032aa111dbaee4005,yes,include,publication-safe under automated gate,
cleanup_20260506_final_code_artifact_cleanup,root_before_cleanup/submission_package/neurips2026_reviewer_artifact_anonymous/results/stats/significance_tests.json,3314,1380c8a522c79c5a805657d343f60366a21d21f8414ab72b782604d8d3f75af5,yes,include,publication-safe under automated gate,
cleanup_20260506_final_code_artifact_cleanup,root_before_cleanup/submission_package/neurips2026_reviewer_artifact_anonymous/results/stats/summary.csv,329,6b59ae5f7f83d1b85971dab0f6dad866defa61fd53573b805d41db250e767a93,yes,include,publication-safe under automated gate,
cleanup_20260506_final_code_artifact_cleanup,root_before_cleanup/submission_package/neurips2026_reviewer_artifact_anonymous/results/subchunk_sensitivity/completed_tuples.json,209,ef43b2bb56e99bd2bf220ebf4b3b4e3bc7ae3c54674132f2b7a187b5fa0cd3c1,yes,include,publication-safe under automated gate,
cleanup_20260506_final_code_artifact_cleanup,root_before_cleanup/submission_package/neurips2026_reviewer_artifact_anonymous/results/subchunk_sensitivity/paradox_by_sub.csv,485,044e084cb3f45632cab801ab157585b3b19dd6b89da5b8713bb0ad5ab1b4b135,yes,include,publication-safe under automated gate,
cleanup_20260506_final_code_artifact_cleanup,root_before_cleanup/submission_package/neurips2026_reviewer_artifact_anonymous/results/subchunk_sensitivity/summary.csv,964,29ed6cb55d1fbd0155efc974475e0838e4905b5a5e0959c7a2d5ed34fc322df4,yes,include,publication-safe under automated gate,
cleanup_20260506_final_code_artifact_cleanup,root_before_cleanup/submission_package/neurips2026_reviewer_artifact_anonymous/results/subchunk_sensitivity/summary.md,3976,b4f3c2ede0f2a19081f76437b2b39b378377298a79f2b9fe19f688320803e34d,yes,include,publication-safe under automated gate,
cleanup_20260506_final_code_artifact_cleanup,root_before_cleanup/submission_package/neurips2026_reviewer_artifact_anonymous/results/summary.md,9879,540b09488dc78949ca1cdbb1b819e3d88320c6fede8b096be6dffb891b666756,yes,include,publication-safe under automated gate,
cleanup_20260506_final_code_artifact_cleanup,root_before_cleanup/submission_package/neurips2026_reviewer_artifact_anonymous/results/temperature_sensitivity/completed_tuples.json,378,8415133bf3429536230a65e48df5b985bf9aa6b0a6a89ae8d99a21d637aa4a21,yes,include,publication-safe under automated gate,
cleanup_20260506_final_code_artifact_cleanup,root_before_cleanup/submission_package/neurips2026_reviewer_artifact_anonymous/results/temperature_sensitivity/paradox_by_temp.csv,435,65e144c0cc5903ce872f53068c0a8c691b90fcfcff4e37844212869806b3b9f9,yes,include,publication-safe under automated gate,
cleanup_20260506_final_code_artifact_cleanup,root_before_cleanup/submission_package/neurips2026_reviewer_artifact_anonymous/results/temperature_sensitivity/summary.csv,1148,ca628a0ad538bf38257e118d3a6ce7ed466e00a2ed6d004d950f8db463fe530b,yes,include,publication-safe under automated gate,
cleanup_20260506_final_code_artifact_cleanup,root_before_cleanup/submission_package/neurips2026_reviewer_artifact_anonymous/results/temperature_sensitivity/summary.md,1089,710fe30efb365ceb0b0151188f59cc0fe4906d126c6a0a77269f5f4193e85b93,yes,include,publication-safe under automated gate,
cleanup_20260506_final_code_artifact_cleanup,root_before_cleanup/submission_package/neurips2026_reviewer_artifact_anonymous/results/threshold_sensitivity/best_configs.csv,1695,8774a1e48db1e09b86a255f6b077fc91ca669d94761c57d5a3b925ad4d22d5b1,yes,include,publication-safe under automated gate,
cleanup_20260506_final_code_artifact_cleanup,root_before_cleanup/submission_package/neurips2026_reviewer_artifact_anonymous/results/threshold_sensitivity/summary.md,3584,b88f05af0f0e7908631c31e1a43397502b8b8fbb83260601163ccf1ce891c759,yes,include,publication-safe under automated gate,
cleanup_20260506_final_code_artifact_cleanup,root_before_cleanup/submission_package/neurips2026_reviewer_artifact_anonymous/results/threshold_sensitivity/sweep_results.csv,3428,db6534f07242c93954010a220b234bb69ba163c5a2e41890e6736cd766b3d24d,yes,include,publication-safe under automated gate,
cleanup_20260506_final_code_artifact_cleanup,root_before_cleanup/submission_package/neurips2026_reviewer_artifact_anonymous/results/topk_sensitivity/completed_tuples.json,184,ee34a4a397ffbc9fd20081362b07f31f8676f4725129d4532a3b639c424c2a6b,yes,include,publication-safe under automated gate,
cleanup_20260506_final_code_artifact_cleanup,root_before_cleanup/submission_package/neurips2026_reviewer_artifact_anonymous/results/topk_sensitivity/paradox_by_k.csv,573,66efcd3f2a4eb1539e947a3460bcad04c93488f327839da6b13d61af411de9da,yes,include,publication-safe under automated gate,
cleanup_20260506_final_code_artifact_cleanup,root_before_cleanup/submission_package/neurips2026_reviewer_artifact_anonymous/results/topk_sensitivity/summary.csv,2025,6b21987bfa0118ac0c909f38af39f4eaa3d31cc7aee9f324acce76d24440e4e1,yes,include,publication-safe under automated gate,
cleanup_20260506_final_code_artifact_cleanup,root_before_cleanup/submission_package/neurips2026_reviewer_artifact_anonymous/results/topk_sensitivity/summary.md,6374,99e1b5a7dd967822439c1f104ab2b567b02a79d3a4abdebe41b8c8f831db9a2d,yes,include,publication-safe under automated gate,
cleanup_20260506_final_code_artifact_cleanup,root_before_cleanup/submission_package/neurips2026_reviewer_artifact_anonymous/results/zeroshot/llama3_pubmedqa.csv,107672,dce521722ad0856f0a8f2b0ddb6fdce2937cbeea1f02ab53309abe4f299c533b,yes,include,publication-safe under automated gate,
cleanup_20260506_final_code_artifact_cleanup,root_before_cleanup/submission_package/neurips2026_reviewer_artifact_anonymous/results/zeroshot/llama3_squad.csv,36211,a68692ebd5e7b419590f0ae27c0b6859ab0f331c6033e8086ff248bd46f2e041,yes,include,publication-safe under automated gate,
cleanup_20260506_final_code_artifact_cleanup,root_before_cleanup/submission_package/neurips2026_reviewer_artifact_anonymous/results/zeroshot/mistral_pubmedqa.csv,76060,d5f7dfdb5482a835a71b6391df51518bf5d14c010ec850e9a01322158309e0a7,yes,include,publication-safe under automated gate,
cleanup_20260506_final_code_artifact_cleanup,root_before_cleanup/submission_package/neurips2026_reviewer_artifact_anonymous/results/zeroshot/mistral_squad.csv,44517,cb8f993269d76dc4f155e4f202b49673643325f4fe09e4bcc02015466e52c101,yes,include,publication-safe under automated gate,
cleanup_20260506_final_code_artifact_cleanup,root_before_cleanup/submission_package/neurips2026_reviewer_artifact_anonymous/results/zeroshot/summary.csv,181,65f015fb33a6377a8668f0fb0972e184c6bb2811daa06960b58b8ee66c8b1e11,yes,include,publication-safe under automated gate,
cleanup_20260506_final_code_artifact_cleanup,root_before_cleanup/submission_package/neurips2026_reviewer_artifact_anonymous/run_all_analysis.sh,220,f3f802ce7357bb5a3a5fe1b51e197b207bc24280366f296f16ea09dd87ddd265,yes,include,publication-safe under automated gate,
cleanup_20260506_final_code_artifact_cleanup,root_before_cleanup/submission_package/neurips2026_reviewer_artifact_anonymous/scripts/analyze_human_disagreement_labels.py,14322,60a9184bad43b2fd4d78cff440f25efb77fe72eebc01541595c99813b63def51,yes,include,publication-safe under automated gate,
cleanup_20260506_final_code_artifact_cleanup,root_before_cleanup/submission_package/neurips2026_reviewer_artifact_anonymous/scripts/build_benchmark_v2.py,7309,d5e5a9d1ee8872d4ecc784c2347887db6d3cdd5b2474361511c1f9678af9bc0e,yes,include,publication-safe under automated gate,
cleanup_20260506_final_code_artifact_cleanup,root_before_cleanup/submission_package/neurips2026_reviewer_artifact_anonymous/scripts/build_results_summary.py,8584,691c1a0c25dedb7827517689a9806e0fa32c45e0f6a482735f3bfb43f5e7ffc7,yes,include,publication-safe under automated gate,
cleanup_20260506_final_code_artifact_cleanup,root_before_cleanup/submission_package/neurips2026_reviewer_artifact_anonymous/scripts/check_progress.py,283,2ff8676a538924e4bb343f07d8227c9485c864e41ebc5095d186d813cd45d631,yes,include,publication-safe under automated gate,
cleanup_20260506_final_code_artifact_cleanup,root_before_cleanup/submission_package/neurips2026_reviewer_artifact_anonymous/scripts/compute_cost_headtohead_cis.py,3334,ef7fa5e9098bfb0567faada4fa07284c5647c38f0aab668ead87428a5c103cbf,yes,include,publication-safe under automated gate,
cleanup_20260506_final_code_artifact_cleanup,root_before_cleanup/submission_package/neurips2026_reviewer_artifact_anonymous/scripts/compute_matched_ccs_distribution.py,2012,bb9239e933860ced5d12eb74e9dfd3c18561bdcd14caa6c6fff70edeed4fcc20,yes,include,publication-safe under automated gate,
cleanup_20260506_final_code_artifact_cleanup,root_before_cleanup/submission_package/neurips2026_reviewer_artifact_anonymous/scripts/compute_nli_human_correlation.py,954,b5fe07070de0ba8ee347f153bf143d450c4cb16dae30611da2382cc5e5933d03,yes,include,publication-safe under automated gate,
cleanup_20260506_final_code_artifact_cleanup,root_before_cleanup/submission_package/neurips2026_reviewer_artifact_anonymous/scripts/compute_standardized_scorer_fragility.py,4911,26f5fe136f1f98646d00643ab62d01776ef04dd103fea6df2b0b4532b780fff3,yes,include,publication-safe under automated gate,
cleanup_20260506_final_code_artifact_cleanup,root_before_cleanup/submission_package/neurips2026_reviewer_artifact_anonymous/scripts/generate_consolidated_results.py,29082,222829b0d0a3714330b090390dcc01787493408666adf07361c3f649b2f52178,yes,include,publication-safe under automated gate,
cleanup_20260506_final_code_artifact_cleanup,root_before_cleanup/submission_package/neurips2026_reviewer_artifact_anonymous/scripts/generate_validation_sample.py,2899,457d07937a7053d466ae6448211023b86cd475bc74d424a4b57c6170d84cfe33,yes,include,publication-safe under automated gate,
cleanup_20260506_final_code_artifact_cleanup,root_before_cleanup/submission_package/neurips2026_reviewer_artifact_anonymous/scripts/prepare_human_disagreement_eval.py,1552,c1fd549cc14c21760de00c2a173fb132512be412da5831ca2a0ff028e79eb2c4,yes,include,publication-safe under automated gate,
cleanup_20260506_final_code_artifact_cleanup,root_before_cleanup/submission_package/neurips2026_reviewer_artifact_anonymous/scripts/repair_multidataset_rows.py,5698,480e7b6e01f6f5be4fc5024f03096524df2170d64c3c825550503581451b4c77,yes,include,publication-safe under automated gate,
cleanup_20260506_final_code_artifact_cleanup,root_before_cleanup/submission_package/neurips2026_reviewer_artifact_anonymous/scripts/run_context_conditioned_nli_scoring.py,10743,4595fdacbdb85e61fbbb66bbaae0ae9c680c8965d20a98554b37eeada6b6ac79,yes,include,publication-safe under automated gate,
cleanup_20260506_final_code_artifact_cleanup,root_before_cleanup/submission_package/neurips2026_reviewer_artifact_anonymous/scripts/select_human_disagreement_cases.py,10162,082a48e1a251d8553761eecd02f52e7a6d2ccbcc443fc6d2d2561b78e06d024b,yes,include,publication-safe under automated gate,
cleanup_20260506_final_code_artifact_cleanup,root_before_cleanup/submission_package/neurips2026_reviewer_artifact_anonymous/scripts/verify_human_eval.py,5128,71f6b3800f2cf1f821b41a490b5df42f957ff695a9147590f7dfe6a2a547f1d4,yes,include,publication-safe under automated gate,
cleanup_20260506_final_code_artifact_cleanup,root_before_cleanup/submission_package/neurips2026_reviewer_artifact_anonymous/source_tables/longform_stress_summary.csv,1039,35f77fc9a17d2425074ee47990a09add58c1e87d39fec48032aa111dbaee4005,yes,include,publication-safe under automated gate,
cleanup_20260506_final_code_artifact_cleanup,root_before_cleanup/submission_package/neurips2026_reviewer_artifact_anonymous/source_tables/retriever_sanity_summary.csv,1674,b8f53335bd955b57e124dbe214303a7079ae93e8aacac5344b21db087b242e64,yes,include,publication-safe under automated gate,
cleanup_20260506_final_code_artifact_cleanup,root_before_cleanup/submission_package/neurips2026_reviewer_artifact_anonymous/source_tables/second_generator_metrics.csv,374,cdee820e97afe2077d981d45817a8d79431cdf128e6b8d095e3a952fad8c92e1,yes,include,publication-safe under automated gate,
cleanup_20260506_final_code_artifact_cleanup,root_before_cleanup/submission_package/neurips2026_reviewer_artifact_anonymous/source_tables/span_control_summary.csv,1276,703d4c44a6c0522e2b31f919d7bd7bb17914a0bee0fb9c23eb5fc8cca90e4c6a,yes,include,publication-safe under automated gate,
cleanup_20260506_final_code_artifact_cleanup,root_before_cleanup/submission_package/neurips2026_reviewer_artifact_anonymous/src/__init__.py,0,e3b0c44298fc1c149afbf4c8996fb92427ae41e4649b934ca495991b7852b855,yes,include,publication-safe under automated gate,
cleanup_20260506_final_code_artifact_cleanup,root_before_cleanup/submission_package/neurips2026_reviewer_artifact_anonymous/src/ablation.py,5673,1de763df84f67de8d163dc94d4e9f4d198b888010d91552bc5966ff56b56e69b,yes,include,publication-safe under automated gate,
cleanup_20260506_final_code_artifact_cleanup,root_before_cleanup/submission_package/neurips2026_reviewer_artifact_anonymous/src/adaptive_chunker.py,12223,40aca5084c5d5cadfd6aa0eac1bb229c1cab2c0ca1f8d904dbc3a8018098da78,yes,include,publication-safe under automated gate,
cleanup_20260506_final_code_artifact_cleanup,root_before_cleanup/submission_package/neurips2026_reviewer_artifact_anonymous/src/adversarial_cases.py,3995,9a6b5013ff760273aafd820319f2404bb83567e99a2749fc31cc9c4d9936afac,yes,include,publication-safe under automated gate,
cleanup_20260506_final_code_artifact_cleanup,root_before_cleanup/submission_package/neurips2026_reviewer_artifact_anonymous/src/ccs_gate_retriever.py,6523,c6d7233325ce510bf1caf63b626f80c16e2f8eeaa0792ce85fe2cc9e2fe470d3,yes,include,publication-safe under automated gate,
cleanup_20260506_final_code_artifact_cleanup,root_before_cleanup/submission_package/neurips2026_reviewer_artifact_anonymous/src/coherence_metrics.py,13685,b29c9867d3cb8a21e12106b760323348b140103cf9902562d54b0a4c72854f16,yes,include,publication-safe under automated gate,
cleanup_20260506_final_code_artifact_cleanup,root_before_cleanup/submission_package/neurips2026_reviewer_artifact_anonymous/src/crag_retriever.py,8876,5e2bd42806c042c93be513c94a68f39757c5f655abe88eb620950c560fad9a74,yes,include,publication-safe under automated gate,
cleanup_20260506_final_code_artifact_cleanup,root_before_cleanup/submission_package/neurips2026_reviewer_artifact_anonymous/src/data_loader.py,1407,fab6a4c5b7163854efdcf29d4ec5037a1f6e3125ecf8b0d2cee7dc4778907c99,yes,include,publication-safe under automated gate,
cleanup_20260506_final_code_artifact_cleanup,root_before_cleanup/submission_package/neurips2026_reviewer_artifact_anonymous/src/dataset_loaders.py,25551,3ffda5f65adf13890b1366652857f9bc168302aa4ec3482c3d87e65f0cd9785b,yes,include,publication-safe under automated gate,
cleanup_20260506_final_code_artifact_cleanup,root_before_cleanup/submission_package/neurips2026_reviewer_artifact_anonymous/src/embedders.py,7598,819a0867ae596c499fb4d03c1432af0d98ce35401aa3b0a59ab9f3e8c7e5a2a5,yes,include,publication-safe under automated gate,
cleanup_20260506_final_code_artifact_cleanup,root_before_cleanup/submission_package/neurips2026_reviewer_artifact_anonymous/src/evaluator.py,3392,5afc83d1c2467bc5d1cfe4ba77ff0c6f600d6e944d99ae1c79b9f8e905f532c9,yes,include,publication-safe under automated gate,
cleanup_20260506_final_code_artifact_cleanup,root_before_cleanup/submission_package/neurips2026_reviewer_artifact_anonymous/src/failure_logger.py,7463,281325f72d916d0b6be7aee723a523eafc6dfe879179dffc878df0bd1fcf72c8,yes,include,publication-safe under automated gate,
cleanup_20260506_final_code_artifact_cleanup,root_before_cleanup/submission_package/neurips2026_reviewer_artifact_anonymous/src/generators.py,2769,dd4045b2e82f0bac1858f2e1c7e6ec51b65a4408166aafb8e2226ec73c8588a8,yes,include,publication-safe under automated gate,
cleanup_20260506_final_code_artifact_cleanup,root_before_cleanup/submission_package/neurips2026_reviewer_artifact_anonymous/src/groq_llm.py,4895,0336e1ad206d4204d47782db0b7a4c74e6ca91c9e18c68e4e03d262020b7986d,yes,include,publication-safe under automated gate,
cleanup_20260506_final_code_artifact_cleanup,root_before_cleanup/submission_package/neurips2026_reviewer_artifact_anonymous/src/hallucination_detector.py,3808,f29e352e4b02b1181450e860e284d6b560ba42e043df90eda374caa40c28ee5f,yes,include,publication-safe under automated gate,
cleanup_20260506_final_code_artifact_cleanup,root_before_cleanup/submission_package/neurips2026_reviewer_artifact_anonymous/src/hcpc_retriever.py,15246,8670976d7335bd50d7eb92c09d39884bae4492d7fce9cb60ef25a053bc59a65a,yes,include,publication-safe under automated gate,
cleanup_20260506_final_code_artifact_cleanup,root_before_cleanup/submission_package/neurips2026_reviewer_artifact_anonymous/src/hcpc_v2_retriever.py,23622,642df44f74524436232d67abb1de6371e050f1ed8308a9c6f104db93239c4865,yes,include,publication-safe under automated gate,
cleanup_20260506_final_code_artifact_cleanup,root_before_cleanup/submission_package/neurips2026_reviewer_artifact_anonymous/src/longform_metrics.py,7322,370e1707b61cd3d66f0189c9de397379e21db233953cae16ed2adc8569a570a5,yes,include,publication-safe under automated gate,
cleanup_20260506_final_code_artifact_cleanup,root_before_cleanup/submission_package/neurips2026_reviewer_artifact_anonymous/src/mechanistic.py,13358,116fe18940336be8e6e8493fff223e174b043d2aef9be8dfb8ba4cec7919f64b,yes,include,publication-safe under automated gate,
cleanup_20260506_final_code_artifact_cleanup,root_before_cleanup/submission_package/neurips2026_reviewer_artifact_anonymous/src/mmr_retriever.py,4682,bee5f5db3af3920e2e4f6d28b71a9a27b7327cb5342a5d5e02c8a603f5b43726,yes,include,publication-safe under automated gate,
cleanup_20260506_final_code_artifact_cleanup,root_before_cleanup/submission_package/neurips2026_reviewer_artifact_anonymous/src/pubmedqa_loader.py,1014,b17138960a9c1be97bbdc12f79230f71b5b1e0fa82c57f0ef9c02fc9ef9ca2da,yes,include,publication-safe under automated gate,
cleanup_20260506_final_code_artifact_cleanup,root_before_cleanup/submission_package/neurips2026_reviewer_artifact_anonymous/src/rag_pipeline.py,7972,9d794b9b2df0089e621a05d14f624ee73ec2e432b99c423781922e4acf866ea1,yes,include,publication-safe under automated gate,
cleanup_20260506_final_code_artifact_cleanup,root_before_cleanup/submission_package/neurips2026_reviewer_artifact_anonymous/src/ragas_scorer.py,3122,ed7075531170ebbd337bbeceb3e9abd37db2de1d3df9e97bf0b0151c6cf775a0,yes,include,publication-safe under automated gate,
cleanup_20260506_final_code_artifact_cleanup,root_before_cleanup/submission_package/neurips2026_reviewer_artifact_anonymous/src/raptor_retriever.py,14588,37987536bebdeb1c3695c6cc49ea0c3f00672d43a34184e1e389d45ac0b12705,yes,include,publication-safe under automated gate,
cleanup_20260506_final_code_artifact_cleanup,root_before_cleanup/submission_package/neurips2026_reviewer_artifact_anonymous/src/reranker.py,7786,487802a0f33daec6bb33ab6010cc9b11f9e671d80e6a45a4f18d79c37a20c86a,yes,include,publication-safe under automated gate,
cleanup_20260506_final_code_artifact_cleanup,root_before_cleanup/submission_package/neurips2026_reviewer_artifact_anonymous/src/retrieval_metrics.py,3359,9d4a9f47fb6781a1aeca8c84921c3fabf9f11733ca843cb541e3f9ef5a90bea6,yes,include,publication-safe under automated gate,
cleanup_20260506_final_code_artifact_cleanup,root_before_cleanup/submission_package/neurips2026_reviewer_artifact_anonymous/src/together_llm.py,2191,9553b2d457661062b287227e6872026db3859cfe4a77dec7e056d1ff7ed3500c,yes,include,publication-safe under automated gate,
cleanup_20260506_final_code_artifact_cleanup,root_before_cleanup/submission_package/neurips2026_reviewer_artifact_anonymous/src/vectara_hem_scorer.py,3319,1def6db4c5e5c51e96ef4c3c59579ff81b801a3abd0daf92ad08c72d8a145853,yes,include,publication-safe under automated gate,
cleanup_20260506_final_code_artifact_cleanup,root_before_cleanup/submission_package/neurips2026_reviewer_artifact_anonymous/tests/conftest.py,1522,f950a12c794c6e15f7b5ecb8182241513f6c2aa156e7c1517097c3b1239d692c,yes,include,publication-safe under automated gate,
cleanup_20260506_final_code_artifact_cleanup,root_before_cleanup/submission_package/neurips2026_reviewer_artifact_anonymous/tests/test_ccs.py,3823,936814084204edb17fda40477ba6cd70a1cd49f63e2f4782440ff1a3936bd60a,yes,include,publication-safe under automated gate,
cleanup_20260506_final_code_artifact_cleanup,root_before_cleanup/tests/conftest.py,1522,f950a12c794c6e15f7b5ecb8182241513f6c2aa156e7c1517097c3b1239d692c,yes,include,publication-safe under automated gate,
cleanup_20260506_final_code_artifact_cleanup,root_before_cleanup/tests/test_ccs.py,3823,936814084204edb17fda40477ba6cd70a1cd49f63e2f4782440ff1a3936bd60a,yes,include,publication-safe under automated gate,
deleted_from_head,.DS_Store,6148,2e854d407e0f01c4f5260d3c4380998b9aebe429e5bab9d7954869b158e04ed7,no,exclude,operating-system metadata,
deleted_from_head,AGENTS.md,74878,f277963fd3e1035bd8968bce18e003269b98cb426866ba1d5c88fed180caa8ae,no,exclude,internal assistant/revision or private submission material,personal_identity
deleted_from_head,CHANGELOG.md,6775,d134e0898ce17ccca06b6e43c4ea8320e1a0ca1d5011deb6385d01b12cc53e4d,no,exclude,personal author identity in publication copy,personal_identity
deleted_from_head,CLAUDE.md,74879,9f8d23f60d68c27bed52b7ba9e927d6632ab11806c5e31e46896a728edda0600,no,exclude,internal assistant/revision or private submission material,personal_identity
deleted_from_head,OPENREVIEW_ABSTRACT_READY.md,7261,aaf7487b4f65f7f0d52d3ff815295a23d419aab28cb24909c3fc872a48d38fed,no,exclude,internal assistant/revision or private submission material,
deleted_from_head,RESEARCH_FRAMING.md,4393,52e809e1e1ba37c2cd5bb248e869135a93f9864aee374f1c2b65500cc6861214,yes,include,publication-safe under automated gate,
deleted_from_head,RUNBOOK.md,6951,caeda79810a39f04b720aa124382519e59d364a3c55376d39a3d7091c0b584df,no,exclude,internal assistant/revision or private submission material,personal_identity
deleted_from_head,SUBMISSION_CHECKLIST.md,3213,65450b72110a60bd8a095a05107f560ee5ed060a67a9401b7aced42fcb63814c,no,exclude,internal assistant/revision or private submission material,personal_identity
deleted_from_head,SUBMISSION_READINESS_CHECKLIST.md,14675,f087f884f4cfd935e472f358aeb921f99440b989f56c7d6845f229561829c1f9,no,exclude,internal assistant/revision or private submission material,personal_identity
deleted_from_head,SUBMIT_READY.md,7371,ebe74f1c03cd0f79eee05319f92638f519bb61aa993007693a8e9cf1bcff7d11,no,exclude,internal assistant/revision or private submission material,personal_identity
deleted_from_head,analysis.md,14582,4f58671ab7a720e3cdba0fa48401f0bdccd8478c22785ca3c131c39f59671ae9,yes,include,publication-safe under automated gate,
deleted_from_head,archive/old_logs/kaggle_working_snapshot/working/fix2_t4x2_logs/ollama_gpu0.log,471228,40cf700ee6d209a778a3514865bba04d3ab64d636daa251dc500b4ed74b84fb3,yes,include,publication-safe under automated gate,
deleted_from_head,archive/old_logs/kaggle_working_snapshot/working/fix2_t4x2_logs/ollama_gpu0.pid,5,11fea490858bcefc4afb526c76dba4af24bcaca54174f651515cc867eb58738d,yes,include,publication-safe under automated gate,
deleted_from_head,archive/old_logs/kaggle_working_snapshot/working/fix2_t4x2_logs/ollama_gpu1.log,336650,42213e0342f2b5e8ba4ac643b0764928f35e0979d4cd0c9b21506cd0baaf90fa,yes,include,publication-safe under automated gate,
deleted_from_head,archive/old_logs/kaggle_working_snapshot/working/fix2_t4x2_logs/ollama_gpu1.pid,5,20c9b3392d78d0e3a76ca143ba7c50689785e41c40bf778811e64d7983c2a549,yes,include,publication-safe under automated gate,
deleted_from_head,archive/old_logs/logs_snapshot/confidence_ollama.log,5434,cdc0869455a8399d6cb7d58d13a42c35098023eff11f1de603f305bbc7b36e80,no,exclude,absolute home path contains a personal identifier,
deleted_from_head,archive/old_logs/logs_snapshot/crossencoder.log,15337,fb755fc77aeee150b03ad00437232647e3e2547fca94f07da9cfdfbcf3e759a4,no,exclude,absolute home path contains a personal identifier,
deleted_from_head,archive/old_logs/logs_snapshot/frontier_scale.log,10901,776301bd4cd1640f77b15573e2fdb6fab4c5c82d549077736f2d32ae157cec97,no,exclude,absolute home path contains a personal identifier,
deleted_from_head,archive/old_logs/logs_snapshot/pull_q5.log,788501,289957723a552635502734a384d13e67d9067339da7795f4ce0d0f961ad65dc1,yes,include,publication-safe under automated gate,
deleted_from_head,archive/old_logs/logs_snapshot/pull_q8.log,932140,408608d8786231db4d5450de08150e976b6f84da3f3984f8542ef2019cebe2a7,yes,include,publication-safe under automated gate,
deleted_from_head,archive/old_logs/logs_snapshot/quantization.log,32717,2fd6d900e3c4256a7658b95b2570a211a8e795e1c8df2a8d35363cd081702a08,no,exclude,absolute home path contains a personal identifier,
deleted_from_head,archive/old_logs/logs_snapshot/quantization_q4retry.log,5889,8e871589922497d8878b62e9b6774f12ee09651a22dceca2046c16e2727110f9,no,exclude,absolute home path contains a personal identifier,
deleted_from_head,archive/old_logs/logs_snapshot/revision/fix_01_analyze_local_only.log,822,f4231403066b22e0917f038eec9c61b8b414fadad4e00ee1f84221eda4bc3caa,yes,include,publication-safe under automated gate,
deleted_from_head,archive/old_logs/logs_snapshot/revision/fix_01_generate_local.log,4646,8224ba024648ff9a850c69ac6d7d8b4fe2d749abd56e56d562251cdd2c7ce324,no,exclude,absolute home path contains a personal identifier,
deleted_from_head,archive/old_logs/logs_snapshot/revision/fix_01_generate_local_only.log,6649,77b7fb0d014703fca3df472b1d4519733dbdfb5565da4de46001a36088f4cc80,yes,include,publication-safe under automated gate,
deleted_from_head,archive/old_logs/logs_snapshot/revision/fix_02_gpu0_kaggle_t4x2.log,156324,d8848e1d8c9b2e1849f17db5ef3a601529959f25db9736b94ffef12e6989b602,yes,include,publication-safe under automated gate,
deleted_from_head,archive/old_logs/logs_snapshot/revision/fix_02_gpu1_kaggle_t4x2.log,256831,2b9664b307dc6cfde4c1ea1c23ee664d35f153bb1ac7e69148858d5c98921e23,yes,include,publication-safe under automated gate,
deleted_from_head,archive/old_logs/logs_snapshot/revision/fix_03_kaggle_t4x2.log,129125,ee3eb83a887b53e8026757fa92327d993818b069ec37423518f6ce6969b7b8b8,yes,include,publication-safe under automated gate,
deleted_from_head,archive/old_logs/logs_snapshot/revision/fix_04_kaggle_t4x2.log,2423295,180cdedecf70f3a0cdceefe0c6578f1ccd88bae0ff9390836fcc90734f528365,yes,include,publication-safe under automated gate,
deleted_from_head,archive/old_logs/logs_snapshot/revision/fix_05_kaggle_t4x2.log,127731,94de8b227bf608a69bc1226f120d076443c8922fadbec6023e544660052b6d75,yes,include,publication-safe under automated gate,
deleted_from_head,archive/old_logs/logs_snapshot/revision/fix_06_baselines_no_selfrag.log,253306,280ffd355a0e4adc3f280c5d0f5e37e9f5196c50c606e2f364d72526107315b2,yes,include,publication-safe under automated gate,
deleted_from_head,archive/old_logs/logs_snapshot/revision/fix_06_ollama_gpu0.log,146742,b63bb24e652b005db5454d1170dde1a037aefdae3bcc064453fd47dc1fb9f096,yes,include,publication-safe under automated gate,
deleted_from_head,archive/old_logs/logs_snapshot/revision/fix_11_kaggle_t4x2.log,162384,91b7ffa009c98577420528b84d402a569cfa466a3fd0a4fe468ff9f6e6de4ab0,yes,include,publication-safe under automated gate,
deleted_from_head,archive/old_logs/logs_snapshot/revision/local_session1.log,13476,7e69c556a0b56b861ef66df0b27614972111225c6c3ecf9d3431a858d1d16263,no,exclude,absolute home path contains a personal identifier,
deleted_from_head,archive/old_logs/logs_snapshot/revision/ollama_pull_local.log,1401,3587ead3318598f19a31daefc50996238778afc37a94619866e1475bad248492,yes,include,publication-safe under automated gate,
deleted_from_head,archive/old_logs/logs_snapshot/temperature.log,43827,90d8b0d18144f1e06486037666ad479d83d9585c1fce614a157fe2fd5ad364dc,no,exclude,absolute home path contains a personal identifier,
deleted_from_head,archive/old_logs/logs_snapshot/temperature_ollama.log,20067,1b4bdb9dbf8c45f74c491d9e89f0f956f1c23abe8c394bfb7e01b85a1869830c,no,exclude,absolute home path contains a personal identifier,
deleted_from_head,archive/old_logs/logs_snapshot/topk_sensitivity.log,25335,6669e209e5fadead26f357888f685e8f5126db3f296c53c3024fd22654603a55,no,exclude,absolute home path contains a personal identifier,
deleted_from_head,docs/revision/README.md,34548,435b7dd27101aa632135461b2720f7fb111bac8befcd242420ea7b96c4e9cc86,no,exclude,internal assistant/revision or private submission material,personal_identity
deleted_from_head,docs/revision/codex.md,18029,f2cb78d0e9cb89b596edc8b7aae33da932a6948563c91955f6280ee807e99ab7,no,exclude,internal assistant/revision or private submission material,personal_identity
deleted_from_head,docs/revision/kaggle_runs.md,2012,1275557cc2bde43d0ea6b1f2ac525f5e39d0cf2586e8ba8f6288e78c509664d0,no,exclude,internal assistant/revision or private submission material,personal_identity
deleted_from_head,docs/revision/runbook.md,25217,2360a600057567e4f8a7cb026e5f8842c8bb67d0bd49c381a3e39b87e94aca67,no,exclude,internal assistant/revision or private submission material,personal_identity
deleted_from_head,docs/revision/snapshot.md,15396,295eed4e0f7c232cccb2b63dfa8978f96574e36abab9b174207c19e13fc93655,no,exclude,internal assistant/revision or private submission material,
deleted_from_head,docs/revision/status.md,10986,75c5c3a6a8d80d0a7b9d52ace88d95fedce3b6198fcedcb1b8dd398b5b0d0899,no,exclude,internal assistant/revision or private submission material,
deleted_from_head,papers/.DS_Store,6148,0ce42f0c61ea00a26184ac93d5d830d0ea2fc96aef80ab7f46a0a60cdb6d2ba0,no,exclude,operating-system metadata,
deleted_from_head,papers/paper_longform/main.aux,47923,5e6b8137bb8be9fea3866878bacaecf842f8496691abde2c678edebc36fbc4d3,yes,include,publication-safe under automated gate,
deleted_from_head,papers/paper_longform/main.blg,1028,c3d520fde7242ed6ad08b7e29ef40e234f66e242682c9ba05035c3afae125003,yes,include,publication-safe under automated gate,
deleted_from_head,papers/paper_longform/main.log,49972,0c711750f3d674ec6f608d44e9e3e75b97b2e2f29e894f3cf9421071be5359f8,no,exclude,absolute home path contains a personal identifier,personal_identity
deleted_from_head,papers/paper_longform/main.out,15579,6015ad92f8beb37a6722cfee07a9bac603e38bd7c619ced07a2b699ce5c526f6,yes,include,publication-safe under automated gate,
deleted_from_head,papers/paper_neurips/REVISION_PLAN_CONTROLLEDRAG.md,6656,7d7963504b9b4ff735edc02ca245d9ac6d335f000e433dd551e19d0b9123cac5,yes,include,publication-safe under automated gate,
deleted_from_head,papers/paper_neurips/REVISION_SUMMARY_CONTROLLEDRAG.md,5729,26df0510fe11577a7d0af4d594c03ec45957cc72c825137d90e037eacd53806c,yes,include,publication-safe under automated gate,
deleted_from_head,papers/paper_neurips/SUBMISSION_CHECKLIST.md,1729,7c58bd24aa626c132aa478de97a4acab4889fa157b26b7fe7fbb5c661892a768,yes,include,publication-safe under automated gate,
deleted_from_head,papers/paper_neurips/ULTIMATE_REVISION_PLAN.md,8408,cfbc1aed6ecf705200bf3883e975966ec68d073c3235830e0693450e0d161a3e,yes,include,publication-safe under automated gate,
deleted_from_head,papers/paper_neurips/ULTIMATE_REVISION_SUMMARY.md,12340,692646198103405eaa591e2fabaa88529060e4dd298e50cabfd3182a9184ee30,yes,include,publication-safe under automated gate,
deleted_from_head,papers/paper_neurips/main.aux,15472,568294089119940623f601dea76c7b5a1542fe9f648797b3bb4f5c09931f108a,yes,include,publication-safe under automated gate,
deleted_from_head,papers/paper_neurips/main.blg,915,8444cfc251f6b631c8078852c32858a757243651e3485cb54420400db67fc89b,yes,include,publication-safe under automated gate,
deleted_from_head,papers/paper_neurips/main.log,43767,cad2e2088cc952ff94e0c309c8424938967f750d34e89a43c98a9d289e62582f,no,exclude,absolute home path contains a personal identifier,
deleted_from_head,papers/paper_neurips/main.out,3022,5e70ebf179abce5d450c0681621d0038777eda459d978a2d2e707632f8232c03,yes,include,publication-safe under automated gate,
deleted_from_head,papers/paper_neurips/sections/abstract.tex,2463,2a19da96e64d13dbf359b050eb6a6d98210f649738196e823b31a51cff46464d,yes,include,publication-safe under automated gate,
deleted_from_head,papers/paper_neurips/sections/background.tex,3784,95a186d93b81c17cc54c9d6b2ef44d3b4f7937a71eff5b028e1f40b361c390a0,yes,include,publication-safe under automated gate,
deleted_from_head,papers/paper_neurips/sections/conclusion.tex,1829,b8d94f46f624fd72904c14414971323b1b1bc069e3e495da751a4c7d8cae68b4,yes,include,publication-safe under automated gate,
deleted_from_head,papers/paper_neurips/sections/discussion.tex,4007,ed3dc6453f17b6be2b320a2ed5bb93fc6372fcb7e186209b867ec3f6aa3686ed,yes,include,publication-safe under automated gate,
deleted_from_head,papers/paper_neurips/sections/introduction.tex,5505,73f1109f5aa6206fbf07a6b9e2575218f6400f5018bb4279b3c8d4ef8019098a,no,exclude,personal author identity in publication copy,personal_identity
deleted_from_head,papers/paper_neurips/sections/method.tex,4575,5e144024c12feec18960cb08bdb7fb53cf25ef2238979380389db885456de365,yes,include,publication-safe under automated gate,
deleted_from_head,papers/paper_neurips/sections/paradox.tex,4799,0701c94780de1202efbfe883d40c069ecc6be189f19359b52516ed983fd73ed4,yes,include,publication-safe under automated gate,
deleted_from_head,papers/paper_neurips/sections/robustness.tex,5978,2d4d3a6453681d04e7879e0d0888b63892e964c3cdafc177516515445016c1d5,yes,include,publication-safe under automated gate,
deleted_from_head,papers/paper_neurips/sections/setup.tex,3055,9cf7341e7f6672a85de23bf9ccd6ad75c538702dfeb6dc6aa09fa74fe973666a,no,exclude,personal author identity in publication copy,personal_identity
deleted_from_head,papers/paper_neurips/sections/theory.tex,2892,570eb475562b9a7dd42caa1fca60879be3752f62c857fa4f06e732dc667a1bb8,yes,include,publication-safe under automated gate,
deleted_from_head,papers/paper_neurips/supplement.aux,15348,e9dbc821f3e0fca3015e8680e8ac3aa3a5ed6c8525aa3177e46f5e99f8e79b9e,yes,include,publication-safe under automated gate,
deleted_from_head,papers/paper_neurips/supplement.blg,908,144ba8c5079dbacf3a8b4a42c923fe8d3a0349f46e4a149f8b5fed811e1eed2f,yes,include,publication-safe under automated gate,
deleted_from_head,papers/paper_neurips/supplement.log,28360,68e31bb6f3ff76bfb4538680b0ca8862132fc0922dc367e0c987a0f17d60183e,no,exclude,absolute home path contains a personal identifier,
deleted_from_head,papers/paper_neurips/supplement.out,3834,c3f29d8cac68cf06965a22defeeca18dbebb6c01b14c065202f7d33489216adc,yes,include,publication-safe under automated gate,
deleted_from_head,papers/paper_neurips/supplement.toc,2538,03b40b21964d816fd8fb71510ca5d03c27eb1e60db89c10348da35d6d4529b2b,yes,include,publication-safe under automated gate,
deleted_from_head,src/__pycache__/__init__.cpython-311.pyc,172,216b857ec8ea6da3d1d67e8a809b40dfeec43e16ebc35bfe7b6c402939f0c4a3,no,exclude,generated cache or local environment,
deleted_from_head,src/__pycache__/ablation.cpython-311.pyc,7302,e5d4824a86f6e504a9c5f0475114a1ee0351a1aea65acb31f7dce11f8069ee6e,no,exclude,generated cache or local environment,
deleted_from_head,src/__pycache__/data_loader.cpython-311.pyc,2456,e471f0b3f2a75a034f3c92369bd590704ccd213927cae024a5cbf2dec1b6aa2a,no,exclude,generated cache or local environment,
deleted_from_head,src/__pycache__/evaluator.cpython-311.pyc,5945,1d64df0ec0005c641b621b3e48e7535d76eca22a7b4d4f5804227536890e772b,no,exclude,generated cache or local environment,
deleted_from_head,src/__pycache__/hallucination_detector.cpython-311.pyc,5116,575ae773de9f724327305a81f2670c9c6b8245977fca352ea5506aaa77d9769b,no,exclude,generated cache or local environment,
deleted_from_head,src/__pycache__/rag_pipeline.cpython-311.pyc,6400,275d7f1dee4eab1cd2eee8df19d5cefbc9bd44f8521f5b00cfe6de1cdf2ac31c,no,exclude,generated cache or local environment,
deleted_from_head,submission/openreview_checklist.md,6076,5601e2780ce64ae7b781c25ee7cf458c8957c7dc130b5a15ee29f8cdca94eed9,no,exclude,internal assistant/revision or private submission material,
moved_from_repo,.DS_Store,10244,8249a9b5eaa23c225d57cae642c4182d0c7ef9ad99540660f3664481ccc13731,no,exclude,operating-system metadata,
moved_from_repo,CLEANUP_PLAN.md,5778,e2fb53ecb0afaeeca421a62035f49695ae36915b2a4ae7398c8c565af1d76a12,yes,include,publication-safe under automated gate,
moved_from_repo,ControlledRAG_Overleaf_Updated.zip,2847148,64a735c768c2012593b6ebfe93bafd46f4113ea6a5f30fedf08267e3615d722e,yes,include,publication-safe under automated gate,
moved_from_repo,Controlled_RAG___Saket/.DS_Store,6148,38a08245c66a09a061e9ec3a8e0fcef6aacefc612c5414edceb8570d1741f556,no,exclude,operating-system metadata,
moved_from_repo,Controlled_RAG___Saket/checklist.tex,12221,54b8ee05b005f991fa204dd167bd1dd7f4e947f64060863d70944776220e02da,yes,include,publication-safe under automated gate,
moved_from_repo,Controlled_RAG___Saket/figures/controlledrag_overview.png,1133447,8917d3c0820b13125b55bb9f5396875e7314509c77c65a4586f596318b6e0ece,yes,include,publication-safe under automated gate,
moved_from_repo,Controlled_RAG___Saket/figures/metric_fragility_forest.pdf,14599,cbbe64eb2c06851dfd1446052c696f613424527a7aca56295a6be09c781d20eb,yes,include,publication-safe under automated gate,
moved_from_repo,Controlled_RAG___Saket/figures/slice_dependent_ranking.pdf,17445,9330d866c5ad01280510d8a6ecc34d2c47d78d7b1f8d45ec9c18d237e4863c7e,yes,include,publication-safe under automated gate,
moved_from_repo,Controlled_RAG___Saket/figures/teaser_effect_sizes.pdf,15372,ed46bd7d2e4471f0d80fd608d236124cce5e4c0c0292e9ef5de60e4ff7ca96b6,yes,include,publication-safe under automated gate,
moved_from_repo,Controlled_RAG___Saket/figures/teaser_effect_sizes.png,111702,141b74ce67a10b2390c4e82d383b7a2adec4120286583e346bebe8a79a217884,yes,include,publication-safe under automated gate,
moved_from_repo,Controlled_RAG___Saket/figures/teaser_metric_agreement.pdf,16340,380f20fd0a114fd6d127a4b7fa365a15a564c06dad7a8a14d8ac8893fdd3b770,yes,include,publication-safe under automated gate,
moved_from_repo,Controlled_RAG___Saket/figures/teaser_metric_agreement.png,85886,c5debd30877f3e5fc3d550b714f263adb1fbf95a87ca10ba0865c15886d31eec,yes,include,publication-safe under automated gate,
moved_from_repo,Controlled_RAG___Saket/neurips_2026.pdf,1484914,bf44908e4d16d4923135d96aced2358aff199fe52c5e3fb9dee17743908639c3,yes,include,publication-safe under automated gate,
moved_from_repo,Controlled_RAG___Saket/neurips_2026.sty,13337,9bc8f47e63f53a095696de3dee0e2096a47ac1e6844153e3b03d67883451a4a3,yes,include,publication-safe under automated gate,
moved_from_repo,Controlled_RAG___Saket/neurips_2026.tex,5643,61d96a0c43bce1ba0bd68db18e0ea231f7611a4b277f634cce2b74b2643ca541,yes,include,publication-safe under automated gate,
moved_from_repo,Controlled_RAG___Saket/ref.bib,11002,2d34402bf83325db69022caacb49faa4ef59d9cb6618a3317f6d13156af7a9d3,yes,include,publication-safe under automated gate,
moved_from_repo,Controlled_RAG___Saket/sections/controlledrag_main.tex,36346,1af84a28447be74ab05242f4d8b35e0404a572f4e256d4dad6a8fd306897f1c3,yes,include,publication-safe under automated gate,
moved_from_repo,Controlled_RAG___Saket/supplement.tex,38603,08fec9bdc54c80b52745e68ca6db3213565f9e5c06bc315ab81918bb66405fe2,yes,include,publication-safe under automated gate,
moved_from_repo,archive/old_zips/ragpaper_2.zip,898840,c91406c320513ebebfdfa222caa0e34bbe10d99ad68f386274ac9fc4ac0b02a1,no,exclude,high-confidence secret or personal-data pattern: personal_identity:archive-member:ragpaper/main.tex,personal_identity:archive-member:ragpaper/main.tex
moved_from_repo,artifacts/generated/hf_dataset_staging_snapshot/README.md,2427,694aa9e950ee97ec683934eae0636a44221d0baee470c2a395390cc82579aa9c,no,exclude,personal author identity in publication copy,personal_identity
moved_from_repo,artifacts/generated/hf_dataset_staging_snapshot/adversarial/contradict.jsonl,16366,a8119d9f27f96b952d8a01cd992f599d38c90c2669b93ee966bbf9b99e67f6df,yes,include,publication-safe under automated gate,
moved_from_repo,artifacts/generated/hf_dataset_staging_snapshot/adversarial/control.jsonl,35782,deeb0dc7092e2ba646b18badc0ae5b984463bec49c5c7b6d962445fe68d754dd,yes,include,publication-safe under automated gate,
moved_from_repo,artifacts/generated/hf_dataset_staging_snapshot/adversarial/disjoint.jsonl,45355,abdf94e13c8c6430f7760350542c0c31dbaa69507f5f3f6b34cdfda3a10b5e75,yes,include,publication-safe under automated gate,
moved_from_repo,artifacts/generated/hf_dataset_staging_snapshot/adversarial/drift.jsonl,57006,c1f3c64e333b996fcc0d534425eb67cbc63ae644517389078f2514f814148003,yes,include,publication-safe under automated gate,
moved_from_repo,artifacts/generated/hf_dataset_staging_snapshot/paradox/per_query.parquet,124018,cb08f3a181881d4a5f9c42a675603ae79fa9aa9a92ed2c6641c32464f6d658c3,yes,include,publication-safe under automated gate,
moved_from_repo,artifacts/generated/space_deploy_snapshot/.gitattributes,153,d44d75cb697046ca29d5d83c67c7c9dd4d246dadd9c4292f134c4ea6596a5f98,yes,include,publication-safe under automated gate,
moved_from_repo,artifacts/generated/space_deploy_snapshot/README.md,1167,b18a8df290cf7f1759d50a32d5bcc97a64440763ea50eafc76a213651d746a22,yes,include,publication-safe under automated gate,
moved_from_repo,artifacts/generated/space_deploy_snapshot/_PUSH_INSTRUCTIONS.md,376,759d020f6001ce0fcdd8662a473d2242dc29d56460f6e72a19bf3bceb4786dad,yes,include,publication-safe under automated gate,
moved_from_repo,artifacts/generated/space_deploy_snapshot/app.py,11108,125041484b3c1da5c59b36edcfc366626568ba4e9b4d18107ac0b87b595b8a4b,yes,include,publication-safe under automated gate,
moved_from_repo,artifacts/generated/space_deploy_snapshot/requirements.txt,251,1a785eec045d6e29d6d5596f774c5e3c405b75daed0347352f360e2b5f92fdd4,yes,include,publication-safe under automated gate,
moved_from_repo,artifacts/generated/space_deploy_snapshot/results/deployment_figure/latency_vs_faith.png,104646,0ede072fc91644194af32f209c504be1f019a7e0b96eeefd58dfc9cac03853cf,yes,include,publication-safe under automated gate,
moved_from_repo,artifacts/generated/space_deploy_snapshot/results/deployment_figure/pareto_summary.csv,881,9ea264c751535f20abab2874ebc93917eb5a674ddb0c16943dd16132fbc9265f,yes,include,publication-safe under automated gate,
moved_from_repo,artifacts/generated/space_deploy_snapshot/results/headtohead/summary.csv,681,f522d9ddbcd04e776f3aadb1f9424ad2617282c02e95b9b1487af6cd3ae63088,yes,include,publication-safe under automated gate,
moved_from_repo,artifacts/generated/space_deploy_snapshot/results/multidataset/coherence_paradox.csv,595,f0649df1f1a875ea439d17ec6abb3399baa3fc00e0dedae31371f26fd3ea9590,yes,include,publication-safe under automated gate,
moved_from_repo,chroma_db/.DS_Store,14340,5d0fca8a9372a614059db5dc0b7c688423d175a89389a4c79234cc9de90f8168,no,exclude,operating-system metadata,
moved_from_repo,chroma_db/073d268e-e62e-4ff1-ac32-10d3864c08d8/data_level0.bin,167600,13ecc2d9496313da2f996cf734aac7e0d42ef4abc9b7674c9055f552e12d346d,no,exclude,generated vector/database cache; reconstruct rather than publish,
moved_from_repo,chroma_db/073d268e-e62e-4ff1-ac32-10d3864c08d8/header.bin,100,a0e81c3b22454233bc12d0762f06dcca48261a75231cf87c79b75e69a6c00150,no,exclude,generated vector/database cache; reconstruct rather than publish,
moved_from_repo,chroma_db/073d268e-e62e-4ff1-ac32-10d3864c08d8/length.bin,400,7a12e561363385e9dfeeab326368731c030ed4b374e7f5897ac819159d2884c5,no,exclude,generated vector/database cache; reconstruct rather than publish,
moved_from_repo,chroma_db/073d268e-e62e-4ff1-ac32-10d3864c08d8/link_lists.bin,0,e3b0c44298fc1c149afbf4c8996fb92427ae41e4649b934ca495991b7852b855,no,exclude,generated vector/database cache; reconstruct rather than publish,
moved_from_repo,chroma_db/0c9b0d42-ee9c-4a93-8201-3e2cdba0c056/data_level0.bin,167600,ea9ac6972cb4666769a17755f17c5727f676f11a742e9553bf3a21119ab54394,no,exclude,generated vector/database cache; reconstruct rather than publish,
moved_from_repo,chroma_db/0c9b0d42-ee9c-4a93-8201-3e2cdba0c056/header.bin,100,a0e81c3b22454233bc12d0762f06dcca48261a75231cf87c79b75e69a6c00150,no,exclude,generated vector/database cache; reconstruct rather than publish,
moved_from_repo,chroma_db/0c9b0d42-ee9c-4a93-8201-3e2cdba0c056/length.bin,400,7a12e561363385e9dfeeab326368731c030ed4b374e7f5897ac819159d2884c5,no,exclude,generated vector/database cache; reconstruct rather than publish,
moved_from_repo,chroma_db/0c9b0d42-ee9c-4a93-8201-3e2cdba0c056/link_lists.bin,0,e3b0c44298fc1c149afbf4c8996fb92427ae41e4649b934ca495991b7852b855,no,exclude,generated vector/database cache; reconstruct rather than publish,
moved_from_repo,chroma_db/506c2fe5-a79e-4c05-8bce-c8996ee20cab/data_level0.bin,167600,c25f19de4faeb321dfe25c73647b182f4128c93e45adbe8f5829193cf9c70bfd,no,exclude,generated vector/database cache; reconstruct rather than publish,
moved_from_repo,chroma_db/506c2fe5-a79e-4c05-8bce-c8996ee20cab/header.bin,100,a0e81c3b22454233bc12d0762f06dcca48261a75231cf87c79b75e69a6c00150,no,exclude,generated vector/database cache; reconstruct rather than publish,
moved_from_repo,chroma_db/506c2fe5-a79e-4c05-8bce-c8996ee20cab/length.bin,400,7a12e561363385e9dfeeab326368731c030ed4b374e7f5897ac819159d2884c5,no,exclude,generated vector/database cache; reconstruct rather than publish,
moved_from_repo,chroma_db/506c2fe5-a79e-4c05-8bce-c8996ee20cab/link_lists.bin,0,e3b0c44298fc1c149afbf4c8996fb92427ae41e4649b934ca495991b7852b855,no,exclude,generated vector/database cache; reconstruct rather than publish,
moved_from_repo,chroma_db/65d9d432-8088-4961-8b15-9b246ec79aa8/data_level0.bin,167600,93d082e884a01bddfaaa83f89ba9c95836a8d612f83b58fcfa54b6820bb61bbb,no,exclude,generated vector/database cache; reconstruct rather than publish,
moved_from_repo,chroma_db/65d9d432-8088-4961-8b15-9b246ec79aa8/header.bin,100,a0e81c3b22454233bc12d0762f06dcca48261a75231cf87c79b75e69a6c00150,no,exclude,generated vector/database cache; reconstruct rather than publish,
moved_from_repo,chroma_db/65d9d432-8088-4961-8b15-9b246ec79aa8/length.bin,400,7a12e561363385e9dfeeab326368731c030ed4b374e7f5897ac819159d2884c5,no,exclude,generated vector/database cache; reconstruct rather than publish,
moved_from_repo,chroma_db/65d9d432-8088-4961-8b15-9b246ec79aa8/link_lists.bin,0,e3b0c44298fc1c149afbf4c8996fb92427ae41e4649b934ca495991b7852b855,no,exclude,generated vector/database cache; reconstruct rather than publish,
moved_from_repo,chroma_db/6efcfac1-c013-4660-b6f4-5b81c534be04/data_level0.bin,167600,ea9ac6972cb4666769a17755f17c5727f676f11a742e9553bf3a21119ab54394,no,exclude,generated vector/database cache; reconstruct rather than publish,
moved_from_repo,chroma_db/6efcfac1-c013-4660-b6f4-5b81c534be04/header.bin,100,a0e81c3b22454233bc12d0762f06dcca48261a75231cf87c79b75e69a6c00150,no,exclude,generated vector/database cache; reconstruct rather than publish,
moved_from_repo,chroma_db/6efcfac1-c013-4660-b6f4-5b81c534be04/length.bin,400,7a12e561363385e9dfeeab326368731c030ed4b374e7f5897ac819159d2884c5,no,exclude,generated vector/database cache; reconstruct rather than publish,
moved_from_repo,chroma_db/6efcfac1-c013-4660-b6f4-5b81c534be04/link_lists.bin,0,e3b0c44298fc1c149afbf4c8996fb92427ae41e4649b934ca495991b7852b855,no,exclude,generated vector/database cache; reconstruct rather than publish,
moved_from_repo,chroma_db/9aea734d-5241-4f0d-abe9-7d20d6ba9e35/data_level0.bin,167600,ea9ac6972cb4666769a17755f17c5727f676f11a742e9553bf3a21119ab54394,no,exclude,generated vector/database cache; reconstruct rather than publish,
moved_from_repo,chroma_db/9aea734d-5241-4f0d-abe9-7d20d6ba9e35/header.bin,100,a0e81c3b22454233bc12d0762f06dcca48261a75231cf87c79b75e69a6c00150,no,exclude,generated vector/database cache; reconstruct rather than publish,
moved_from_repo,chroma_db/9aea734d-5241-4f0d-abe9-7d20d6ba9e35/length.bin,400,7a12e561363385e9dfeeab326368731c030ed4b374e7f5897ac819159d2884c5,no,exclude,generated vector/database cache; reconstruct rather than publish,
moved_from_repo,chroma_db/9aea734d-5241-4f0d-abe9-7d20d6ba9e35/link_lists.bin,0,e3b0c44298fc1c149afbf4c8996fb92427ae41e4649b934ca495991b7852b855,no,exclude,generated vector/database cache; reconstruct rather than publish,
moved_from_repo,chroma_db/bf7c970e-db93-4295-a786-f3af1b517827/data_level0.bin,167600,a70956f66e26908b0256320ced42adefa10065dd96b186cd3b7c70cbb80e181b,no,exclude,generated vector/database cache; reconstruct rather than publish,
moved_from_repo,chroma_db/bf7c970e-db93-4295-a786-f3af1b517827/header.bin,100,a0e81c3b22454233bc12d0762f06dcca48261a75231cf87c79b75e69a6c00150,no,exclude,generated vector/database cache; reconstruct rather than publish,
moved_from_repo,chroma_db/bf7c970e-db93-4295-a786-f3af1b517827/length.bin,400,7a12e561363385e9dfeeab326368731c030ed4b374e7f5897ac819159d2884c5,no,exclude,generated vector/database cache; reconstruct rather than publish,
moved_from_repo,chroma_db/bf7c970e-db93-4295-a786-f3af1b517827/link_lists.bin,0,e3b0c44298fc1c149afbf4c8996fb92427ae41e4649b934ca495991b7852b855,no,exclude,generated vector/database cache; reconstruct rather than publish,
moved_from_repo,chroma_db/ce9d103a-a315-4cab-b188-1eee44980b52/data_level0.bin,167600,7c7493669717df7ff30e43c27c93012e41c3f2ec0257a7a7ddd0a2f9416e9499,no,exclude,generated vector/database cache; reconstruct rather than publish,
moved_from_repo,chroma_db/ce9d103a-a315-4cab-b188-1eee44980b52/header.bin,100,a0e81c3b22454233bc12d0762f06dcca48261a75231cf87c79b75e69a6c00150,no,exclude,generated vector/database cache; reconstruct rather than publish,
moved_from_repo,chroma_db/ce9d103a-a315-4cab-b188-1eee44980b52/length.bin,400,7a12e561363385e9dfeeab326368731c030ed4b374e7f5897ac819159d2884c5,no,exclude,generated vector/database cache; reconstruct rather than publish,
moved_from_repo,chroma_db/ce9d103a-a315-4cab-b188-1eee44980b52/link_lists.bin,0,e3b0c44298fc1c149afbf4c8996fb92427ae41e4649b934ca495991b7852b855,no,exclude,generated vector/database cache; reconstruct rather than publish,
moved_from_repo,chroma_db/chroma.sqlite3,69365760,68ba6b76e2718b07f7c8915fc4a7468cb5874b8d1b9fd2143091aedfbd503e05,no,exclude,generated vector/database cache; reconstruct rather than publish,
moved_from_repo,chroma_db/d713953a-7168-4fd9-82d1-b455d160db7c/data_level0.bin,167600,d559743858a97a3d2a89cbfbad0388c1b2c5b27c4399f7549374d5e07a922984,no,exclude,generated vector/database cache; reconstruct rather than publish,
moved_from_repo,chroma_db/d713953a-7168-4fd9-82d1-b455d160db7c/header.bin,100,a0e81c3b22454233bc12d0762f06dcca48261a75231cf87c79b75e69a6c00150,no,exclude,generated vector/database cache; reconstruct rather than publish,
moved_from_repo,chroma_db/d713953a-7168-4fd9-82d1-b455d160db7c/length.bin,400,7a12e561363385e9dfeeab326368731c030ed4b374e7f5897ac819159d2884c5,no,exclude,generated vector/database cache; reconstruct rather than publish,
moved_from_repo,chroma_db/d713953a-7168-4fd9-82d1-b455d160db7c/link_lists.bin,0,e3b0c44298fc1c149afbf4c8996fb92427ae41e4649b934ca495991b7852b855,no,exclude,generated vector/database cache; reconstruct rather than publish,
moved_from_repo,chroma_db/db9f450d-29cb-4042-81f7-c4455d439a99/data_level0.bin,167600,0af0d3e6be7729a64c571c2793bfc6d95c10ace42f86d0ee049de97c573a10f1,no,exclude,generated vector/database cache; reconstruct rather than publish,
moved_from_repo,chroma_db/db9f450d-29cb-4042-81f7-c4455d439a99/header.bin,100,a0e81c3b22454233bc12d0762f06dcca48261a75231cf87c79b75e69a6c00150,no,exclude,generated vector/database cache; reconstruct rather than publish,
moved_from_repo,chroma_db/db9f450d-29cb-4042-81f7-c4455d439a99/length.bin,400,7a12e561363385e9dfeeab326368731c030ed4b374e7f5897ac819159d2884c5,no,exclude,generated vector/database cache; reconstruct rather than publish,
moved_from_repo,chroma_db/db9f450d-29cb-4042-81f7-c4455d439a99/link_lists.bin,0,e3b0c44298fc1c149afbf4c8996fb92427ae41e4649b934ca495991b7852b855,no,exclude,generated vector/database cache; reconstruct rather than publish,
moved_from_repo,chroma_db/e3b0aa00-ebeb-45af-a445-231c704bd956/data_level0.bin,167600,8b8860495a95496e483d354cb6dbc0337a0695efa79f88e3b614d84d52df1706,no,exclude,generated vector/database cache; reconstruct rather than publish,
moved_from_repo,chroma_db/e3b0aa00-ebeb-45af-a445-231c704bd956/header.bin,100,a0e81c3b22454233bc12d0762f06dcca48261a75231cf87c79b75e69a6c00150,no,exclude,generated vector/database cache; reconstruct rather than publish,
moved_from_repo,chroma_db/e3b0aa00-ebeb-45af-a445-231c704bd956/length.bin,400,7a12e561363385e9dfeeab326368731c030ed4b374e7f5897ac819159d2884c5,no,exclude,generated vector/database cache; reconstruct rather than publish,
moved_from_repo,chroma_db/e3b0aa00-ebeb-45af-a445-231c704bd956/link_lists.bin,0,e3b0c44298fc1c149afbf4c8996fb92427ae41e4649b934ca495991b7852b855,no,exclude,generated vector/database cache; reconstruct rather than publish,
moved_from_repo,chroma_db/f4645668-4afa-4235-b44a-4cdc6bb04c4a/data_level0.bin,167600,ea9ac6972cb4666769a17755f17c5727f676f11a742e9553bf3a21119ab54394,no,exclude,generated vector/database cache; reconstruct rather than publish,
moved_from_repo,chroma_db/f4645668-4afa-4235-b44a-4cdc6bb04c4a/header.bin,100,a0e81c3b22454233bc12d0762f06dcca48261a75231cf87c79b75e69a6c00150,no,exclude,generated vector/database cache; reconstruct rather than publish,
moved_from_repo,chroma_db/f4645668-4afa-4235-b44a-4cdc6bb04c4a/length.bin,400,7a12e561363385e9dfeeab326368731c030ed4b374e7f5897ac819159d2884c5,no,exclude,generated vector/database cache; reconstruct rather than publish,
moved_from_repo,chroma_db/f4645668-4afa-4235-b44a-4cdc6bb04c4a/link_lists.bin,0,e3b0c44298fc1c149afbf4c8996fb92427ae41e4649b934ca495991b7852b855,no,exclude,generated vector/database cache; reconstruct rather than publish,
moved_from_repo,chroma_db/faa1d722-a24d-4d02-bb81-d45645c5be2e/data_level0.bin,167600,ea5e952a14484cc96aff076a10df36137f992fbe2a18a02e53635a787539c2c5,no,exclude,generated vector/database cache; reconstruct rather than publish,
moved_from_repo,chroma_db/faa1d722-a24d-4d02-bb81-d45645c5be2e/header.bin,100,a0e81c3b22454233bc12d0762f06dcca48261a75231cf87c79b75e69a6c00150,no,exclude,generated vector/database cache; reconstruct rather than publish,
moved_from_repo,chroma_db/faa1d722-a24d-4d02-bb81-d45645c5be2e/length.bin,400,7a12e561363385e9dfeeab326368731c030ed4b374e7f5897ac819159d2884c5,no,exclude,generated vector/database cache; reconstruct rather than publish,
moved_from_repo,chroma_db/faa1d722-a24d-4d02-bb81-d45645c5be2e/link_lists.bin,0,e3b0c44298fc1c149afbf4c8996fb92427ae41e4649b934ca495991b7852b855,no,exclude,generated vector/database cache; reconstruct rather than publish,
moved_from_repo,experiments/build_ccs_calibration.py,7996,baf8f771b5e552434ac016b4aa9d1b6ae626f02f539dff48b32c89323802197f,yes,include,publication-safe under automated gate,
moved_from_repo,experiments/build_coherence_heatmap.py,9734,a34cfd716042e179e81a5f38b0513bb518f6de3be30700fbf54a62cf1bbce3b7,yes,include,publication-safe under automated gate,
moved_from_repo,experiments/build_deployment_figure.py,14098,7929453c675339b5c4aae410adddd8a98453176d8e64fb75948efed11372eed2,yes,include,publication-safe under automated gate,
moved_from_repo,experiments/build_disentanglement_figure.py,7531,7038a70eaa7b3122e72de7f47c04d3d132e8278a62c82388f0b8108fd1057c9b,yes,include,publication-safe under automated gate,
moved_from_repo,experiments/build_embedding_clusters.py,8122,a15214413a506dfdcb3f75d4fe8b8600124b3daca0f8b59ab50fb41f3d62f0e0,yes,include,publication-safe under automated gate,
moved_from_repo,experiments/build_failure_typology.py,6467,613a730caab0604b823b2f0e745f7aebebbf6541203c7ee7d4c2d86736d45381,yes,include,publication-safe under automated gate,
moved_from_repo,experiments/build_final_tables.py,8548,2d543129d566c7b74c67629b52fec9ba1e468ac85d83ca7a6092582ab74592e9,yes,include,publication-safe under automated gate,
moved_from_repo,experiments/build_headline_figure.py,6842,16f3c27e776ba1517eb9cd346e6626ebdf4200e423d422b2307fa5226f07f874,yes,include,publication-safe under automated gate,
moved_from_repo,experiments/build_qualitative_example.py,12875,820c020cb94ffabdacffe8295bd8018fba946562ce7e6a50153fd9abb3e2d7ab,yes,include,publication-safe under automated gate,
moved_from_repo,experiments/build_rag_vs_zeroshot_table.py,12453,4170868187c690faa45a6700ed86b1590844f6d808073103903d8402bd4fc44b,yes,include,publication-safe under automated gate,
moved_from_repo,experiments/build_topk_table.py,2832,98f5359374116f33b2a3bcfe00a53199adbe9a381ee19b25a6b2b26711e07f77,yes,include,publication-safe under automated gate,
moved_from_repo,experiments/fix_01_log.md,6134,fc17927038f8ae5a516a081a9d010490ec505c8a1debe9dcfdbc1a8e3eefc740,yes,include,publication-safe under automated gate,
moved_from_repo,experiments/fix_02_log.md,2001,e521f5c1f6f0942bb03039d42114a206829cba52e24ad7af9dab2a648760e680,yes,include,publication-safe under automated gate,
moved_from_repo,experiments/fix_03_log.md,2738,30221a7035757d61d08a03c5369400f78f29c41f82b69b163a964d998c3e6e45,yes,include,publication-safe under automated gate,
moved_from_repo,experiments/fix_04_log.md,2078,4a79c83f4287c1100d8a06fe52fc8ae5b6036ab6d552ae69b84c5e70a9c2f68c,yes,include,publication-safe under automated gate,
moved_from_repo,experiments/fix_05_log.md,1822,5021415c149ae26c245985d04df70891f3591bf42a69b26c56b894cc0970fcdb,yes,include,publication-safe under automated gate,
moved_from_repo,experiments/fix_06_log.md,4260,006c38e81f264ac996a99ee160b653ae3871ea66acc4bf0e7266f86c1744a374,yes,include,publication-safe under automated gate,
moved_from_repo,experiments/fix_07_log.md,1171,01b8567c0084d8c66633843bd7313f6e9e07c143f64c32180eb491ea8f15520d,yes,include,publication-safe under automated gate,
moved_from_repo,experiments/fix_08_log.md,502,84f7964c7f3d65caa06eae1232211e0acaecffb429e58225621bce014895f68b,yes,include,publication-safe under automated gate,
moved_from_repo,experiments/fix_09_log.md,1591,8b78eec7065818c6be5d75ba8c8b18690f0616a46ba5d827354069f1b713f2fa,yes,include,publication-safe under automated gate,
moved_from_repo,experiments/fix_10_log.md,648,35d8c9f8bf94da5881fdf1d20700e1a5ee99dfbe3d780f9132bbcfb2cb2cf0d7,yes,include,publication-safe under automated gate,
moved_from_repo,experiments/fix_11_log.md,1388,1c0de1b12995c0028f38826cff5e6d038864f455a988fd15683a57ec322bf34b,yes,include,publication-safe under automated gate,
moved_from_repo,experiments/prepare_prolific_study.py,9332,395e78fe79dcc55ba5d893dc236cf3753ebe199c34d3486ebd89f87bf7960a67,yes,include,publication-safe under automated gate,
moved_from_repo,human_eval_final/scripts/analyze_human_disagreement_labels.py,14319,2aebe0f566a03bcc436c343e160d6f04a978988e904d9c20480d9dafb742fea2,yes,include,publication-safe under automated gate,
moved_from_repo,human_eval_final/scripts/complete_human_eval.py,13910,9b7347f0751e395e6955bd4f6fb7d7ef77ae0395d91b9a151c9e77062535a62f,no,exclude,personal adjudication authoring material,
moved_from_repo,human_eval_final/scripts/verify_human_eval.py,13718,a68f657112b0673250aebc032f10b5da291d05639e6044e56f1fb293bba5f0c5,yes,include,publication-safe under automated gate,
moved_from_repo,integrations/langchain/INTEGRATION_NOTES.md,3449,a1d8d7b95728d44b18dc0ba4778c938e074316d2f57dc6603ccf8b352027c481,no,exclude,personal author identity in publication copy,personal_identity
moved_from_repo,integrations/langchain/coherence_gated_retriever.py,6426,dbb37d8acd252a1de1e91aac437835338a13dcca666dacd07988b64dcef57b74,yes,include,publication-safe under automated gate,
moved_from_repo,leaderboard/app.py,11413,7eb3ebc93e8f7306856165958c3c472504ef0556d3f1f7b97ac925c3d2abc91d,no,exclude,personal author identity in publication copy,personal_identity
moved_from_repo,leaderboard/requirements.txt,36,350327b22fa64ea57b7987fbbc79e26ddcd03894e64ca63e8cf70bfb5dee8fed,yes,include,publication-safe under automated gate,
moved_from_repo,main.py,3536,f9e830c10a6b79420a5ae2e22a160c0f35cac5173bdb65c139110dd52456e595,yes,include,publication-safe under automated gate,
moved_from_repo,notebooks/colab_tutorial.ipynb,5968,8ef2baa07a2a20c82f7bfdc47eebb63d3c679f11f3909e2e269237772017b588,no,exclude,personal author identity in publication copy,personal_identity
moved_from_repo,notebooks/revision_fix2_kaggle_t4x2_fresh.ipynb,8387,98e312e5e2901d789cec06a5e2da1e91e0eb4ce37eb11c7bf1e11e9ea5eba6b6,no,exclude,personal author identity in publication copy,personal_identity
moved_from_repo,notebooks/revision_fix3_4_kaggle_t4x2_fresh.ipynb,9942,69fa28b810a2cd6e065262f271ac4b42cff8949c83f4e7b2060b8b2c0563aba8,no,exclude,personal author identity in publication copy,personal_identity
moved_from_repo,notebooks/revision_fix5_11_kaggle_t4x2.ipynb,4193,15f6a8c9cc4e4d5f8aca82d14ef38708a265a6f87ff8e05e4f2e4f5825cb73eb,no,exclude,personal author identity in publication copy,personal_identity
moved_from_repo,notebooks/revision_fix5_11_kaggle_t4x2_fresh.ipynb,5218,08f55cf70cbefeee813e38df41161b05b0e9dbb7c8e7330dc1630811a606f9ec,no,exclude,personal author identity in publication copy,personal_identity
moved_from_repo,notebooks/revision_fix6_kaggle_t4x2_fresh.ipynb,9160,3432e360259ff0b99b2c5a8eb002f0c2254d12e9611cebbf76b9e103ba9c8502,no,exclude,personal author identity in publication copy,personal_identity
moved_from_repo,notebooks/revision_session1_kaggle.ipynb,11373,f6f5ca756da191bb58f6a33ab535229b2b04074b546521c9a6a9833a1fb69493,no,exclude,personal author identity in publication copy,personal_identity
moved_from_repo,notebooks/revision_session1_kaggle_fresh.ipynb,11483,60b0f0f2af161ee89a6cdf18756a9b9ff6d631877a09a7c8eef63eefbf631798,no,exclude,personal author identity in publication copy,personal_identity
moved_from_repo,papers/.DS_Store,6148,0018c305d30161a647a5e1c0049a7d42fef2421124a5ed2cde09ff922b277086,no,exclude,operating-system metadata,
moved_from_repo,papers/paper_longform/figures/architecture.tex,2202,e1247f7738f90a98af0a486c3aed79991d9049f91372bf34f84b63d15165c619,yes,include,publication-safe under automated gate,
moved_from_repo,papers/paper_longform/figures/ccs_and_proxy.tex,1054,2f3b9d73b05d623e82e25a6de023e11c787b12f4f5d33ac0dd7a6dd9b2251025,yes,include,publication-safe under automated gate,
moved_from_repo,papers/paper_longform/figures/ccs_calibration.pdf,20092,f2e7f269e1e881f37fc97597d492d3d57d1e960cbc0dcaa487d9cb83260013b1,yes,include,publication-safe under automated gate,
moved_from_repo,papers/paper_longform/figures/ccs_calibration.tex,716,db95c1a627d4e95fc9671470cd7200895a29d5f3a270b1b556ca427c43ed8472,yes,include,publication-safe under automated gate,
moved_from_repo,papers/paper_longform/figures/ccs_hallucination.pdf,13443,574b069fe93c67b961ce492d251a0fd34ea7d9a5fe0b8029d09bdfbbd570e5cd,yes,include,publication-safe under automated gate,
moved_from_repo,papers/paper_longform/figures/ccs_hallucination.tex,355,0b2fcced4f74323bca1049e6e5ea95f52ef9f881d8bafcdb319f51e91315610f,yes,include,publication-safe under automated gate,
moved_from_repo,papers/paper_longform/figures/coherence_heatmap.pdf,16567,b622728f57cced383b67ecae37cdeabcf2e2b6fb32653ee20a05d4a425a11212,yes,include,publication-safe under automated gate,
moved_from_repo,papers/paper_longform/figures/coherence_heatmap.tex,877,8a89eeef7e54cc1669f482939a25481f2e11eae9fbd7aa0cca9f861d1cd4fc14,yes,include,publication-safe under automated gate,
moved_from_repo,papers/paper_longform/figures/dataset_and_zeroshot.tex,1055,4edae29143b0d1a23dd7686597489a240a32f81110b38104e93ea5b3728ca0c1,yes,include,publication-safe under automated gate,
moved_from_repo,papers/paper_longform/figures/dataset_comparison.pdf,12180,ec4e192d20d8cd1268e4fdf217f4ec94dd0375e8a92bc796af3bc7bedd48836e,yes,include,publication-safe under automated gate,
moved_from_repo,papers/paper_longform/figures/dataset_comparison.tex,369,7786864adb934df583b4cb19163b4fd03dae3c4c53b314086cfb5123c0a19bcb,yes,include,publication-safe under automated gate,
moved_from_repo,papers/paper_longform/figures/disentanglement.pdf,19209,9dffbec6d982429c04bc770e1556a37486f2000444b8688bf6ad78aa16d53906,yes,include,publication-safe under automated gate,
moved_from_repo,papers/paper_longform/figures/disentanglement.tex,806,4a5b120838f223a76ab6426d144c9cc29ac9f28a20cfd1afe420b2caea29a781,yes,include,publication-safe under automated gate,
moved_from_repo,papers/paper_longform/figures/embedding_clusters.pdf,18937,b873300bdc1ed7c834da6c392ce244da45657fc2a61528884478d5a30fbfc126,yes,include,publication-safe under automated gate,
moved_from_repo,papers/paper_longform/figures/embedding_clusters.tex,938,014b0675672a3649f502c4784edbbdbd14dc8955ff3f8094952b221ac1015f7a,yes,include,publication-safe under automated gate,
moved_from_repo,papers/paper_longform/figures/failure_case.tex,1500,e837cce7d74fe103101995746412528b403444ffce9afcade248e7f1d1592e2f,yes,include,publication-safe under automated gate,
moved_from_repo,papers/paper_longform/figures/headline_frontier.pdf,19228,0665c29f40f5ebe0f942e21960dcacb3299f3cf6630882404abc136ae110b9ae,yes,include,publication-safe under automated gate,
moved_from_repo,papers/paper_longform/figures/headline_frontier.tex,948,c6e2d3576f8243a769f12294de3c4b167baf4dcf584760aa21152e0ebbeba01e,yes,include,publication-safe under automated gate,
moved_from_repo,papers/paper_longform/figures/overview.tex,2053,0b94bf3e06e882bf91cf3a200d8279b1eaf2b31ef32da71276b9f20fa1074c17,yes,include,publication-safe under automated gate,
moved_from_repo,papers/paper_longform/figures/paradox_plot.pdf,12384,e1de3850836ef3f1d176e8cc987a896eec8be7ad77fd10c7832386f5b9696a78,yes,include,publication-safe under automated gate,
moved_from_repo,papers/paper_longform/figures/paradox_plot.tex,399,896a65f8d6ea78ef4c324a8eaa840af875ff7e0376585a9acd0747dbdce6f853,yes,include,publication-safe under automated gate,
moved_from_repo,papers/paper_longform/figures/pipeline.tex,1657,b59d60e518abeab761d7ed9c3b4a0b300d74df164282b43ae422884fddf13cc5,yes,include,publication-safe under automated gate,
moved_from_repo,papers/paper_longform/figures/proxy_alignment.pdf,11364,8d9dbadaa06c1b95c81549194f63b422623fe22d88d65ab2e2b3b4259e9bee53,yes,include,publication-safe under automated gate,
moved_from_repo,papers/paper_longform/figures/proxy_alignment.tex,378,bd47fba6023e3b7408ff6399dc542f3a22a42c12fb9e43220644296a21e4d651,yes,include,publication-safe under automated gate,
moved_from_repo,papers/paper_longform/figures/qualitative_cases.tex,3460,1b1cac0f9b8ea83bd5c0b7c48c3be43b6b282b4f72a0e1a6c83424bc2fccad56,yes,include,publication-safe under automated gate,
moved_from_repo,papers/paper_longform/figures/qualitative_paradox.tex,1536,c2c797078541212c06e41af9d1899f21a39c0647718f063e60c9c8bb22c2419e,yes,include,publication-safe under automated gate,
moved_from_repo,papers/paper_longform/figures/refinement_tradeoff.pdf,13141,4f3f7f010dee338768bd934e732fed64980bb667fe09dce9fc076c5c838f23c8,yes,include,publication-safe under automated gate,
moved_from_repo,papers/paper_longform/figures/refinement_tradeoff.tex,378,ac113d86aa79834059263eaf56872183b37583702673b9487c335844eace8eed,yes,include,publication-safe under automated gate,
moved_from_repo,papers/paper_longform/figures/retrieval_and_tradeoff.tex,1113,219fb8251c37e83a3d4c6bd42a9a40edf809cb7a466a3c7ffc0cdd6e437d9f86,yes,include,publication-safe under automated gate,
moved_from_repo,papers/paper_longform/figures/retrieval_comparison.pdf,14121,065cbd113f3f692afb2ca70d57dd10752f603cabe24a899e825aa63362d837db,yes,include,publication-safe under automated gate,
moved_from_repo,papers/paper_longform/figures/retrieval_comparison.tex,403,456a31331369d7a1164699a3a698aecd086dbcc16cab81afed9a955b7a8e5460,yes,include,publication-safe under automated gate,
moved_from_repo,papers/paper_longform/figures/study_design.tex,1367,8a2b780e686c59c8ac01f6c8f6c95332bd162f9d6123684dcedb27e8b039b48d,yes,include,publication-safe under automated gate,
moved_from_repo,papers/paper_longform/figures/threshold_plateau.pdf,12215,134b8ace5c32b8399fce32b7fd009e258938efb164141b6ea59eb7f8d1d825a3,yes,include,publication-safe under automated gate,
moved_from_repo,papers/paper_longform/figures/threshold_plateau.tex,363,63b29b6729e65485699e949c3c76464fcf7373e26204f230c1b4f7b54dfd13c3,yes,include,publication-safe under automated gate,
moved_from_repo,papers/paper_longform/figures/topk_table.tex,845,b7ba178f3101a3274f72e487e3d26074d41efb3e6e022ca68e3efcc53df8aabf,yes,include,publication-safe under automated gate,
moved_from_repo,papers/paper_longform/figures/zeroshot_comparison.pdf,11840,59f46eec51218280c81d2946b858befe0587ff732a724e30600999f178d98d90,yes,include,publication-safe under automated gate,
moved_from_repo,papers/paper_longform/figures/zeroshot_comparison.tex,359,baf30e8f6c0a30fb69d8d6c16dcec720554fcb587b691c80d8f6826de5e2226c,yes,include,publication-safe under automated gate,
moved_from_repo,papers/paper_longform/main.bbl,9563,bd968a9aadeb8ea1aad6552711366c866c7c34f06832a6565c8a8108e20dd445,yes,include,publication-safe under automated gate,
moved_from_repo,papers/paper_longform/main.pdf,696692,e94aa0b84c7055b024a424901685296f567dd3b72428daf4c4f57c09fcc67e71,no,exclude,personal author identity in publication copy,personal_email;personal_identity
moved_from_repo,papers/paper_longform/main.tex,4162,e26a9acf0d8375cf6bb0a2bdaa98afc2ce267f212bfcd4fd4d9acf5169682f7f,no,exclude,personal author identity in publication copy,personal_email;personal_identity
moved_from_repo,papers/paper_longform/references.bib,15811,401d67247e809ceb46ea8674a669c377a3b13d08e1db0d25cf4298bde3359b5f,yes,include,publication-safe under automated gate,
moved_from_repo,papers/paper_longform/sections/abstract.tex,2463,2a19da96e64d13dbf359b050eb6a6d98210f649738196e823b31a51cff46464d,yes,include,publication-safe under automated gate,
moved_from_repo,papers/paper_longform/sections/adversarial.tex,6127,7b349089f985189b99127e733b26e900c558686125a2b2e65b1defc465c2ced4,yes,include,publication-safe under automated gate,
moved_from_repo,papers/paper_longform/sections/analysis.tex,34846,2441e8783b51bcfb5a3700b00e504bfc8f4e5b720d9a0573341c62a60f694496,yes,include,publication-safe under automated gate,
moved_from_repo,papers/paper_longform/sections/appendix.tex,18541,164698db94fd59f0600e6ca99fb5476d7a47d59ff68152ca81fcd3e00e0e49ff,yes,include,publication-safe under automated gate,
moved_from_repo,papers/paper_longform/sections/background.tex,3784,95a186d93b81c17cc54c9d6b2ef44d3b4f7937a71eff5b028e1f40b361c390a0,yes,include,publication-safe under automated gate,
moved_from_repo,papers/paper_longform/sections/benchmark.tex,5038,6182ec80bd0d57ae8ec1184e79265319b0a2873a05ce9040abb6af49d8d25cd3,yes,include,publication-safe under automated gate,
moved_from_repo,papers/paper_longform/sections/conclusion.tex,1829,b8d94f46f624fd72904c14414971323b1b1bc069e3e495da751a4c7d8cae68b4,yes,include,publication-safe under automated gate,
moved_from_repo,papers/paper_longform/sections/discussion.tex,4007,ed3dc6453f17b6be2b320a2ed5bb93fc6372fcb7e186209b867ec3f6aa3686ed,yes,include,publication-safe under automated gate,
moved_from_repo,papers/paper_longform/sections/headtohead.tex,5808,f612493fd70f24998421e3d26cbfb6786d740ff6c4da5ab4c656a6ef6281b271,yes,include,publication-safe under automated gate,
moved_from_repo,papers/paper_longform/sections/human_validation.tex,4470,c5b0cec4ed51026750abac28ec6e03fb479aa13a49af813b1e2fc8bd41b645e2,yes,include,publication-safe under automated gate,
moved_from_repo,papers/paper_longform/sections/introduction.tex,5505,73f1109f5aa6206fbf07a6b9e2575218f6400f5018bb4279b3c8d4ef8019098a,no,exclude,personal author identity in publication copy,personal_identity
moved_from_repo,papers/paper_longform/sections/mechanistic.tex,6372,11a882f95fe6565c8fbd53456737481d0a4a1c5a732e179bc7f36ffd907330ff,yes,include,publication-safe under automated gate,
moved_from_repo,papers/paper_longform/sections/method.tex,5059,12ddd7ceaf8ae5736757afaa062612b003465f21f53e59dd7b2a0998149bc054,yes,include,publication-safe under automated gate,
moved_from_repo,papers/paper_longform/sections/multidataset.tex,4758,f23680f1f44a7e6fe791622e83338562d5e82a61dec610b24845dbe608bafdea,yes,include,publication-safe under automated gate,
moved_from_repo,papers/paper_longform/sections/paradox.tex,5157,35a6601337f88e75f4858690daac5762f63697084d0141ed19ddff4652790b76,yes,include,publication-safe under automated gate,
moved_from_repo,papers/paper_longform/sections/robustness.tex,6262,09c38b320c1a96b72e9486df71e75c7e654274dff0f01be483b06b6a73cb3d0f,yes,include,publication-safe under automated gate,
moved_from_repo,papers/paper_longform/sections/setup.tex,3055,9cf7341e7f6672a85de23bf9ccd6ad75c538702dfeb6dc6aa09fa74fe973666a,no,exclude,personal author identity in publication copy,personal_identity
moved_from_repo,papers/paper_longform/sections/theory.tex,8796,dbf81954093d616d0fca503a677748efb673c52417aa061d4f0a15100b40101d,yes,include,publication-safe under automated gate,
moved_from_repo,papers/paper_neurips.zip,1138419,de7eeb9bc09d9bdd0e0b8a77b8300243c0884a1ef4ddfd86770f1ff2abf51bd0,no,exclude,"high-confidence secret or personal-data pattern: personal_identity:archive-member:paper_neurips/sections/introduction.tex, personal_identity:archive-member:paper_neurips/sections/setup.tex",personal_identity:archive-member:paper_neurips/sections/introduction.tex;personal_identity:archive-member:paper_neurips/sections/setup.tex
moved_from_repo,papers/paper_neurips/CLAIMS_AUDIT.md,1839,1b4254ccc47c7ead863889879bb161b761f4d6f4f3dfe37aaba4c31226afb6d9,yes,include,publication-safe under automated gate,
moved_from_repo,papers/paper_neurips/README.md,1008,04d729491effda38a10bb245a12354db158bfea1e984cede413f34ab3b266bfa,yes,include,publication-safe under automated gate,
moved_from_repo,papers/paper_neurips/SOURCE_TRACE.md,8618,56d668ac0ac65987b02a3c286af4d87af7ef1ab92daa2ecd801ea1aecc59253e,yes,include,publication-safe under automated gate,
moved_from_repo,papers/paper_neurips/audit_log.md,7750,f394c2c5667d90c7e4ba131fe2371d459a757692ecc1d0601011ae8b7231d99f,yes,include,publication-safe under automated gate,
moved_from_repo,papers/paper_neurips/checklist.tex,12179,5152014228514599558c4f59886ba99eeb03162636186c86d05655423ed32e81,yes,include,publication-safe under automated gate,
moved_from_repo,papers/paper_neurips/figures/build_forest_and_bar.py,5006,75f7a5456dfed4552f243aba56b27cdbaf2c05e53655c85373a3569cd3413c65,yes,include,publication-safe under automated gate,
moved_from_repo,papers/paper_neurips/figures/coherence_heatmap.pdf,16567,b622728f57cced383b67ecae37cdeabcf2e2b6fb32653ee20a05d4a425a11212,yes,include,publication-safe under automated gate,
moved_from_repo,papers/paper_neurips/figures/coherence_heatmap.tex,877,8a89eeef7e54cc1669f482939a25481f2e11eae9fbd7aa0cca9f861d1cd4fc14,yes,include,publication-safe under automated gate,
moved_from_repo,papers/paper_neurips/figures/disentanglement.pdf,19209,9dffbec6d982429c04bc770e1556a37486f2000444b8688bf6ad78aa16d53906,yes,include,publication-safe under automated gate,
moved_from_repo,papers/paper_neurips/figures/disentanglement.tex,806,4a5b120838f223a76ab6426d144c9cc29ac9f28a20cfd1afe420b2caea29a781,yes,include,publication-safe under automated gate,
moved_from_repo,papers/paper_neurips/figures/embedding_clusters.pdf,18937,b873300bdc1ed7c834da6c392ce244da45657fc2a61528884478d5a30fbfc126,yes,include,publication-safe under automated gate,
moved_from_repo,papers/paper_neurips/figures/embedding_clusters.tex,938,014b0675672a3649f502c4784edbbdbd14dc8955ff3f8094952b221ac1015f7a,yes,include,publication-safe under automated gate,
moved_from_repo,papers/paper_neurips/figures/headline_frontier.pdf,19228,0665c29f40f5ebe0f942e21960dcacb3299f3cf6630882404abc136ae110b9ae,yes,include,publication-safe under automated gate,
moved_from_repo,papers/paper_neurips/figures/headline_frontier.tex,948,c6e2d3576f8243a769f12294de3c4b167baf4dcf584760aa21152e0ebbeba01e,yes,include,publication-safe under automated gate,
moved_from_repo,papers/paper_neurips/figures/metric_fragility_forest.pdf,14599,cbbe64eb2c06851dfd1446052c696f613424527a7aca56295a6be09c781d20eb,yes,include,publication-safe under automated gate,
moved_from_repo,papers/paper_neurips/figures/qualitative_paradox.tex,1536,c2c797078541212c06e41af9d1899f21a39c0647718f063e60c9c8bb22c2419e,yes,include,publication-safe under automated gate,
moved_from_repo,papers/paper_neurips/figures/slice_dependent_ranking.pdf,17445,9330d866c5ad01280510d8a6ecc34d2c47d78d7b1f8d45ec9c18d237e4863c7e,yes,include,publication-safe under automated gate,
moved_from_repo,papers/paper_neurips/figures/topk_table.tex,845,b7ba178f3101a3274f72e487e3d26074d41efb3e6e022ca68e3efcc53df8aabf,yes,include,publication-safe under automated gate,
moved_from_repo,papers/paper_neurips/main.bbl,10688,098251af42643b03b81b25d9ff2d2d036be1b1fe5516fb02d5ac9a8edadd4d56,yes,include,publication-safe under automated gate,
moved_from_repo,papers/paper_neurips/main.pdf,565396,a1ceb09662973457540607eec982e66a226f3daa071fac1dd44b280b94011646,yes,include,publication-safe under automated gate,
moved_from_repo,papers/paper_neurips/main.tex,4596,52817bda7e9cc58432b10cf0d211bab70f4f7b7f723b76181d640eec82ce9bab,yes,include,publication-safe under automated gate,
moved_from_repo,papers/paper_neurips/references.bib,11002,2d34402bf83325db69022caacb49faa4ef59d9cb6618a3317f6d13156af7a9d3,yes,include,publication-safe under automated gate,
moved_from_repo,papers/paper_neurips/sections/controlledrag_abstract.tex,1366,c388a976a6331faac344a83b081b70608961af0e89d98153ce8477d38a554782,yes,include,publication-safe under automated gate,
moved_from_repo,papers/paper_neurips/sections/controlledrag_main.tex,37580,8145fc56ad67f72d115285593a040aef8b69d1d00e9114b0fc6d54f056b98003,yes,include,publication-safe under automated gate,
moved_from_repo,papers/paper_neurips/supplement.bbl,5466,3a8c341e8859299b5a743ee64a7319a69b7852bae7e85128d3e613bc4cbb991b,yes,include,publication-safe under automated gate,
moved_from_repo,papers/paper_neurips/supplement.pdf,420484,bf328bf848dd072e11dfd6bf24b13c60cbb9853e6c05368f0ac4755983611ee4,yes,include,publication-safe under automated gate,
moved_from_repo,papers/paper_neurips/supplement.tex,39331,53757d392f2c7ada89ea9bb56a20df53ff5f866a5f378bda7077d46d9b8fef4c,yes,include,publication-safe under automated gate,
moved_from_repo,papers/ragpaper/figures/architecture.tex,2202,e1247f7738f90a98af0a486c3aed79991d9049f91372bf34f84b63d15165c619,yes,include,publication-safe under automated gate,
moved_from_repo,papers/ragpaper/figures/ccs_and_proxy.tex,1054,2f3b9d73b05d623e82e25a6de023e11c787b12f4f5d33ac0dd7a6dd9b2251025,yes,include,publication-safe under automated gate,
moved_from_repo,papers/ragpaper/figures/ccs_calibration.pdf,20092,f2e7f269e1e881f37fc97597d492d3d57d1e960cbc0dcaa487d9cb83260013b1,yes,include,publication-safe under automated gate,
moved_from_repo,papers/ragpaper/figures/ccs_calibration.tex,716,db95c1a627d4e95fc9671470cd7200895a29d5f3a270b1b556ca427c43ed8472,yes,include,publication-safe under automated gate,
moved_from_repo,papers/ragpaper/figures/ccs_hallucination.pdf,13443,574b069fe93c67b961ce492d251a0fd34ea7d9a5fe0b8029d09bdfbbd570e5cd,yes,include,publication-safe under automated gate,
moved_from_repo,papers/ragpaper/figures/ccs_hallucination.tex,355,0b2fcced4f74323bca1049e6e5ea95f52ef9f881d8bafcdb319f51e91315610f,yes,include,publication-safe under automated gate,
moved_from_repo,papers/ragpaper/figures/coherence_heatmap.pdf,16567,b622728f57cced383b67ecae37cdeabcf2e2b6fb32653ee20a05d4a425a11212,yes,include,publication-safe under automated gate,
moved_from_repo,papers/ragpaper/figures/coherence_heatmap.tex,877,8a89eeef7e54cc1669f482939a25481f2e11eae9fbd7aa0cca9f861d1cd4fc14,yes,include,publication-safe under automated gate,
moved_from_repo,papers/ragpaper/figures/dataset_and_zeroshot.tex,1055,4edae29143b0d1a23dd7686597489a240a32f81110b38104e93ea5b3728ca0c1,yes,include,publication-safe under automated gate,
moved_from_repo,papers/ragpaper/figures/dataset_comparison.pdf,12180,ec4e192d20d8cd1268e4fdf217f4ec94dd0375e8a92bc796af3bc7bedd48836e,yes,include,publication-safe under automated gate,
moved_from_repo,papers/ragpaper/figures/dataset_comparison.tex,369,7786864adb934df583b4cb19163b4fd03dae3c4c53b314086cfb5123c0a19bcb,yes,include,publication-safe under automated gate,
moved_from_repo,papers/ragpaper/figures/disentanglement.pdf,19209,9dffbec6d982429c04bc770e1556a37486f2000444b8688bf6ad78aa16d53906,yes,include,publication-safe under automated gate,
moved_from_repo,papers/ragpaper/figures/disentanglement.tex,806,4a5b120838f223a76ab6426d144c9cc29ac9f28a20cfd1afe420b2caea29a781,yes,include,publication-safe under automated gate,
moved_from_repo,papers/ragpaper/figures/embedding_clusters.pdf,18937,b873300bdc1ed7c834da6c392ce244da45657fc2a61528884478d5a30fbfc126,yes,include,publication-safe under automated gate,
moved_from_repo,papers/ragpaper/figures/embedding_clusters.tex,938,014b0675672a3649f502c4784edbbdbd14dc8955ff3f8094952b221ac1015f7a,yes,include,publication-safe under automated gate,
moved_from_repo,papers/ragpaper/figures/failure_case.tex,1500,e837cce7d74fe103101995746412528b403444ffce9afcade248e7f1d1592e2f,yes,include,publication-safe under automated gate,
moved_from_repo,papers/ragpaper/figures/fix_01_paired_diff.pdf,16193,313e9af8a118998efa4884c792c9d720274448bb3a384e4941d33b64335b84ed,yes,include,publication-safe under automated gate,
moved_from_repo,papers/ragpaper/figures/fix_06_pareto_faith_latency.pdf,16027,bedaa3281dafb0b33b04937b6c80ed5dd504b01e772430fd57851d38035b1fa5,yes,include,publication-safe under automated gate,
moved_from_repo,papers/ragpaper/figures/headline_frontier.pdf,19228,0665c29f40f5ebe0f942e21960dcacb3299f3cf6630882404abc136ae110b9ae,yes,include,publication-safe under automated gate,
moved_from_repo,papers/ragpaper/figures/headline_frontier.tex,948,c6e2d3576f8243a769f12294de3c4b167baf4dcf584760aa21152e0ebbeba01e,yes,include,publication-safe under automated gate,
moved_from_repo,papers/ragpaper/figures/overview.tex,2053,0b94bf3e06e882bf91cf3a200d8279b1eaf2b31ef32da71276b9f20fa1074c17,yes,include,publication-safe under automated gate,
moved_from_repo,papers/ragpaper/figures/paradox_plot.pdf,12384,e1de3850836ef3f1d176e8cc987a896eec8be7ad77fd10c7832386f5b9696a78,yes,include,publication-safe under automated gate,
moved_from_repo,papers/ragpaper/figures/paradox_plot.tex,399,896a65f8d6ea78ef4c324a8eaa840af875ff7e0376585a9acd0747dbdce6f853,yes,include,publication-safe under automated gate,
moved_from_repo,papers/ragpaper/figures/pipeline.tex,1657,b59d60e518abeab761d7ed9c3b4a0b300d74df164282b43ae422884fddf13cc5,yes,include,publication-safe under automated gate,
moved_from_repo,papers/ragpaper/figures/proxy_alignment.pdf,11364,8d9dbadaa06c1b95c81549194f63b422623fe22d88d65ab2e2b3b4259e9bee53,yes,include,publication-safe under automated gate,
moved_from_repo,papers/ragpaper/figures/proxy_alignment.tex,378,bd47fba6023e3b7408ff6399dc542f3a22a42c12fb9e43220644296a21e4d651,yes,include,publication-safe under automated gate,
moved_from_repo,papers/ragpaper/figures/qualitative_cases.tex,3460,1b1cac0f9b8ea83bd5c0b7c48c3be43b6b282b4f72a0e1a6c83424bc2fccad56,yes,include,publication-safe under automated gate,
moved_from_repo,papers/ragpaper/figures/qualitative_paradox.tex,1536,c2c797078541212c06e41af9d1899f21a39c0647718f063e60c9c8bb22c2419e,yes,include,publication-safe under automated gate,
moved_from_repo,papers/ragpaper/figures/refinement_tradeoff.pdf,13141,4f3f7f010dee338768bd934e732fed64980bb667fe09dce9fc076c5c838f23c8,yes,include,publication-safe under automated gate,
moved_from_repo,papers/ragpaper/figures/refinement_tradeoff.tex,378,ac113d86aa79834059263eaf56872183b37583702673b9487c335844eace8eed,yes,include,publication-safe under automated gate,
moved_from_repo,papers/ragpaper/figures/retrieval_and_tradeoff.tex,1113,219fb8251c37e83a3d4c6bd42a9a40edf809cb7a466a3c7ffc0cdd6e437d9f86,yes,include,publication-safe under automated gate,
moved_from_repo,papers/ragpaper/figures/retrieval_comparison.pdf,14121,065cbd113f3f692afb2ca70d57dd10752f603cabe24a899e825aa63362d837db,yes,include,publication-safe under automated gate,
moved_from_repo,papers/ragpaper/figures/retrieval_comparison.tex,403,456a31331369d7a1164699a3a698aecd086dbcc16cab81afed9a955b7a8e5460,yes,include,publication-safe under automated gate,
moved_from_repo,papers/ragpaper/figures/study_design.tex,1367,8a2b780e686c59c8ac01f6c8f6c95332bd162f9d6123684dcedb27e8b039b48d,yes,include,publication-safe under automated gate,
moved_from_repo,papers/ragpaper/figures/threshold_plateau.pdf,12215,134b8ace5c32b8399fce32b7fd009e258938efb164141b6ea59eb7f8d1d825a3,yes,include,publication-safe under automated gate,
moved_from_repo,papers/ragpaper/figures/threshold_plateau.tex,363,63b29b6729e65485699e949c3c76464fcf7373e26204f230c1b4f7b54dfd13c3,yes,include,publication-safe under automated gate,
moved_from_repo,papers/ragpaper/figures/topk_table.tex,845,b7ba178f3101a3274f72e487e3d26074d41efb3e6e022ca68e3efcc53df8aabf,yes,include,publication-safe under automated gate,
moved_from_repo,papers/ragpaper/figures/zeroshot_comparison.pdf,11840,59f46eec51218280c81d2946b858befe0587ff732a724e30600999f178d98d90,yes,include,publication-safe under automated gate,
moved_from_repo,papers/ragpaper/figures/zeroshot_comparison.tex,359,baf30e8f6c0a30fb69d8d6c16dcec720554fcb587b691c80d8f6826de5e2226c,yes,include,publication-safe under automated gate,
moved_from_repo,papers/ragpaper/main.pdf,696692,8b8efe2b3e806279560c9cfe450de57bbb83f127069cbb9cc483133adb460136,no,exclude,personal author identity in publication copy,personal_email;personal_identity
moved_from_repo,papers/ragpaper/main.tex,4162,e26a9acf0d8375cf6bb0a2bdaa98afc2ce267f212bfcd4fd4d9acf5169682f7f,no,exclude,personal author identity in publication copy,personal_email;personal_identity
moved_from_repo,papers/ragpaper/main_neurips.pdf,628005,9272c9bd4147c1f73ed4e03c923ae790484bf71c9ceb7b2dfb69be62d455529d,no,exclude,personal author identity in publication copy,personal_identity
moved_from_repo,papers/ragpaper/main_neurips.tex,4999,0d571b55379fd58ee425dd8e2b199e227eae66fe787ec9383f5e4c84dd7a0edb,no,exclude,personal author identity in publication copy,personal_email;personal_identity
moved_from_repo,papers/ragpaper/references.bib,15811,401d67247e809ceb46ea8674a669c377a3b13d08e1db0d25cf4298bde3359b5f,yes,include,publication-safe under automated gate,
moved_from_repo,papers/ragpaper/sections/abstract.tex,2463,2a19da96e64d13dbf359b050eb6a6d98210f649738196e823b31a51cff46464d,yes,include,publication-safe under automated gate,
moved_from_repo,papers/ragpaper/sections/adversarial.tex,6127,7b349089f985189b99127e733b26e900c558686125a2b2e65b1defc465c2ced4,yes,include,publication-safe under automated gate,
moved_from_repo,papers/ragpaper/sections/analysis.tex,34846,2441e8783b51bcfb5a3700b00e504bfc8f4e5b720d9a0573341c62a60f694496,yes,include,publication-safe under automated gate,
moved_from_repo,papers/ragpaper/sections/appendix.tex,18541,164698db94fd59f0600e6ca99fb5476d7a47d59ff68152ca81fcd3e00e0e49ff,yes,include,publication-safe under automated gate,
moved_from_repo,papers/ragpaper/sections/background.tex,3784,95a186d93b81c17cc54c9d6b2ef44d3b4f7937a71eff5b028e1f40b361c390a0,yes,include,publication-safe under automated gate,
moved_from_repo,papers/ragpaper/sections/benchmark.tex,5038,6182ec80bd0d57ae8ec1184e79265319b0a2873a05ce9040abb6af49d8d25cd3,yes,include,publication-safe under automated gate,
moved_from_repo,papers/ragpaper/sections/conclusion.tex,1829,b8d94f46f624fd72904c14414971323b1b1bc069e3e495da751a4c7d8cae68b4,yes,include,publication-safe under automated gate,
moved_from_repo,papers/ragpaper/sections/discussion.tex,4007,ed3dc6453f17b6be2b320a2ed5bb93fc6372fcb7e186209b867ec3f6aa3686ed,yes,include,publication-safe under automated gate,
moved_from_repo,papers/ragpaper/sections/headtohead.tex,5808,f612493fd70f24998421e3d26cbfb6786d740ff6c4da5ab4c656a6ef6281b271,yes,include,publication-safe under automated gate,
moved_from_repo,papers/ragpaper/sections/human_validation.tex,4470,c5b0cec4ed51026750abac28ec6e03fb479aa13a49af813b1e2fc8bd41b645e2,yes,include,publication-safe under automated gate,
moved_from_repo,papers/ragpaper/sections/introduction.tex,5505,73f1109f5aa6206fbf07a6b9e2575218f6400f5018bb4279b3c8d4ef8019098a,no,exclude,personal author identity in publication copy,personal_identity
moved_from_repo,papers/ragpaper/sections/mechanistic.tex,6372,11a882f95fe6565c8fbd53456737481d0a4a1c5a732e179bc7f36ffd907330ff,yes,include,publication-safe under automated gate,
moved_from_repo,papers/ragpaper/sections/method.tex,5059,12ddd7ceaf8ae5736757afaa062612b003465f21f53e59dd7b2a0998149bc054,yes,include,publication-safe under automated gate,
moved_from_repo,papers/ragpaper/sections/multidataset.tex,4758,f23680f1f44a7e6fe791622e83338562d5e82a61dec610b24845dbe608bafdea,yes,include,publication-safe under automated gate,
moved_from_repo,papers/ragpaper/sections/paradox.tex,5157,35a6601337f88e75f4858690daac5762f63697084d0141ed19ddff4652790b76,yes,include,publication-safe under automated gate,
moved_from_repo,papers/ragpaper/sections/revision/fix_01_causal_intervention.tex,4538,522abebce9cd416b5061dc0606ee09ae1f20053b5ef379d0cbfad8a127a8474a,yes,include,publication-safe under automated gate,
moved_from_repo,papers/ragpaper/sections/revision/fix_02_scaled_headline.tex,913,c87773294d8b4cf44c2b8ad5a9a615345d1122082052007469fd1836158b5d9a,yes,include,publication-safe under automated gate,
moved_from_repo,papers/ragpaper/sections/revision/fix_03_multimetric.tex,697,3505dc99b9470d6cf79934cc9196f5d04b7bf360640ade2e83b6dedd5afa722e,yes,include,publication-safe under automated gate,
moved_from_repo,papers/ragpaper/sections/revision/fix_04_tau_generalization.tex,539,3a6e10a7804e687ba4d7c46e7c0cfc3e200421efce04855181bdd68a06b5f851,yes,include,publication-safe under automated gate,
moved_from_repo,papers/ragpaper/sections/revision/fix_05_noise_slope.tex,514,f1149f7fb57e0e874def3827c6dd71f4d230ff92406fcae3ea7d0dd36d86b7c7,yes,include,publication-safe under automated gate,
moved_from_repo,papers/ragpaper/sections/revision/fix_06_baselines.tex,2102,128dac5050b5d64a50c0115917a475385db541045c0253b1f3a48473e98f9777,yes,include,publication-safe under automated gate,
moved_from_repo,papers/ragpaper/sections/revision/fix_07_together.tex,468,ffafc28ff2b96e09e3275946555e66ba3b28486e172302da54391cead4e63c02,yes,include,publication-safe under automated gate,
moved_from_repo,papers/ragpaper/sections/revision/fix_08_theory_reframe.tex,1019,0b4f3b043c1d24a39cd56767704337a19e6bee3657d71614342f445be33f3a88,yes,include,publication-safe under automated gate,
moved_from_repo,papers/ragpaper/sections/revision/fix_09_partial_confidence.tex,484,7dbcba13315d9ef93e44c0607f7b982860b78326c97f27bcf021e3f3363676be,yes,include,publication-safe under automated gate,
moved_from_repo,papers/ragpaper/sections/revision/fix_10_scope_deployment.tex,1029,039aa9e63dd50e32571445add47c84c5c61a7e7e70a69a8a3ea03914eb37dc14,yes,include,publication-safe under automated gate,
moved_from_repo,papers/ragpaper/sections/revision/fix_11_raptor_full_table.tex,448,5a2f6321c7068e30da807255cffbb160508c23c6a1596b51b408e8a6b82581d1,yes,include,publication-safe under automated gate,
moved_from_repo,papers/ragpaper/sections/robustness.tex,6262,09c38b320c1a96b72e9486df71e75c7e654274dff0f01be483b06b6a73cb3d0f,yes,include,publication-safe under automated gate,
moved_from_repo,papers/ragpaper/sections/setup.tex,3055,9cf7341e7f6672a85de23bf9ccd6ad75c538702dfeb6dc6aa09fa74fe973666a,no,exclude,personal author identity in publication copy,personal_identity
moved_from_repo,papers/ragpaper/sections/theory.tex,8796,dbf81954093d616d0fca503a677748efb673c52417aa061d4f0a15100b40101d,yes,include,publication-safe under automated gate,
moved_from_repo,pip-package/.DS_Store,6148,da58dabf3a496860b8b69313cb6ba26f0d1919b0ecc149685d90153eab90f232,no,exclude,operating-system metadata,
moved_from_repo,pip-package/README.md,3058,34d2420843eb0c67c6985e11997b06ef14453e4ab0c9e3f1a931631000ead181,no,exclude,personal author identity in publication copy,personal_identity
moved_from_repo,pip-package/pyproject.toml,1594,68be4c2d7985f048e5fbe7d33286ec6516853fda8d246b3e8e8fdf2e268ec16d,no,exclude,personal author identity in publication copy,personal_identity
moved_from_repo,pip-package/src/context_coherence/__init__.py,1047,1b25fb62c3febfaf1bf77e7b1127c5c076585cec4f06586a3705208b01efdf0c,yes,include,publication-safe under automated gate,
moved_from_repo,pip-package/src/context_coherence/core.py,3302,6d11b5df5ea5cc0cc81e44267e7fd22fc075209cb7fa2b9e7d7200c0737ecc64,yes,include,publication-safe under automated gate,
moved_from_repo,pip-package/src/context_coherence/gate.py,2192,41042fe100b9f973ca3a39daf74ad1b16e678ed96fc217a7ae4ef910e5a85d5c,yes,include,publication-safe under automated gate,
moved_from_repo,pip-package/tests/test_core.py,2514,bac3ef8548983a1c406302595517f75eef2a18aabd45a90ad68d67ddc9f05d1a,yes,include,publication-safe under automated gate,
moved_from_repo,release/.DS_Store,6148,a5b6f70f3f629c199e668e91f46653112e9cf8171d06a9897c4079b5a9f0f599,no,exclude,operating-system metadata,
moved_from_repo,release/context_coherence_bench_v1.tar.gz,63006,e9bf600f1e4a64aa9f318198ba7122681d5ae29d3ec3eaad9a4d4b62f2f89d35,yes,include,publication-safe under automated gate,
moved_from_repo,release/context_coherence_bench_v1/CITATION.bib,654,8640492524fa02d1c3a49c8832e4458164171cb1013bbd0ee93ef75a61ac9a15,yes,include,publication-safe under automated gate,
moved_from_repo,release/context_coherence_bench_v1/LICENSE,334,3e54deb2e24a31c54ff7a0d94431b4a971001540cc92a940045a99628d0fc1e7,yes,include,publication-safe under automated gate,
moved_from_repo,release/context_coherence_bench_v1/README.md,4097,38a9d0dff8b7302d8b4d511bc04827cab72c69e73ace63a03fed4d7a8f1ce8cf,yes,include,publication-safe under automated gate,
moved_from_repo,release/context_coherence_bench_v1/adversarial/README.md,2564,30d041d1f70d2b3a43d7b00fcced2a1a2717ffcb58609072327ffcaec1e158af,yes,include,publication-safe under automated gate,
moved_from_repo,release/context_coherence_bench_v1/adversarial/contradict.jsonl,16366,a8119d9f27f96b952d8a01cd992f599d38c90c2669b93ee966bbf9b99e67f6df,yes,include,publication-safe under automated gate,
moved_from_repo,release/context_coherence_bench_v1/adversarial/control.jsonl,13034,00fd0e5747f2139e4283ecbe47491acffa40d84df4fede13840e40364d26ac61,yes,include,publication-safe under automated gate,
moved_from_repo,release/context_coherence_bench_v1/adversarial/disjoint.jsonl,15676,da073bb03061c9b0bdc4a41314f1a17c00a883d9b7750824d14b8e75294aa373,yes,include,publication-safe under automated gate,
moved_from_repo,release/context_coherence_bench_v1/adversarial/drift.jsonl,13409,e1c3e2f23723d2185e4da81f6c5fa10af1beeced157589115b8ebe02fd75059d,yes,include,publication-safe under automated gate,
moved_from_repo,release/context_coherence_bench_v1/coherence_paradox/per_query.csv,250398,39131522707d64ddea96522a519a6d7fe40da9b4d5eb684db82c93ccaf11a64f,yes,include,publication-safe under automated gate,
moved_from_repo,release/context_coherence_bench_v1/coherence_paradox/summary.csv,1243,a950afb48feef5ca881f406cb63569938944c7fc092a2d22b8164e7abbe3d09b,yes,include,publication-safe under automated gate,
moved_from_repo,release/context_coherence_bench_v1/leaderboard.yaml,2433,11a693caaef0376720392657f3c1c2e160ddf865076ed74faf1444d389b01708,yes,include,publication-safe under automated gate,
moved_from_repo,release/context_coherence_bench_v1/metadata.json,3624,a1a7c9af808106a61f572d8d37424d8b3b160cfedde539dda526a076ce7f0d49,yes,include,publication-safe under automated gate,
moved_from_repo,release/context_coherence_bench_v2/CITATION.bib,292,34a9f9720cc450b2d2d56800ae7d58457b9e72d21a12ea4b2b3683743f726834,yes,include,publication-safe under automated gate,
moved_from_repo,release/context_coherence_bench_v2/LICENSE,334,3e54deb2e24a31c54ff7a0d94431b4a971001540cc92a940045a99628d0fc1e7,yes,include,publication-safe under automated gate,
moved_from_repo,release/context_coherence_bench_v2/README.md,1286,d3b1438d07a9df2526a63e6bfc84b91ef8b6a8b5146ffebb12218b262ff83d0c,yes,include,publication-safe under automated gate,
moved_from_repo,release/context_coherence_bench_v2/adversarial/contradict.jsonl,16366,a8119d9f27f96b952d8a01cd992f599d38c90c2669b93ee966bbf9b99e67f6df,yes,include,publication-safe under automated gate,
moved_from_repo,release/context_coherence_bench_v2/adversarial/control.jsonl,13034,00fd0e5747f2139e4283ecbe47491acffa40d84df4fede13840e40364d26ac61,yes,include,publication-safe under automated gate,
moved_from_repo,release/context_coherence_bench_v2/adversarial/disjoint.jsonl,17668,5d8b9260389040d757f873c92cb53e359fac8c9efedf6b5f24ab1bb6ff4c58bc,yes,include,publication-safe under automated gate,
moved_from_repo,release/context_coherence_bench_v2/adversarial/drift.jsonl,13409,e1c3e2f23723d2185e4da81f6c5fa10af1beeced157589115b8ebe02fd75059d,yes,include,publication-safe under automated gate,
moved_from_repo,release/context_coherence_bench_v2/coherence_paradox/coherence_paradox.csv,595,f0649df1f1a875ea439d17ec6abb3399baa3fc00e0dedae31371f26fd3ea9590,yes,include,publication-safe under automated gate,
moved_from_repo,release/context_coherence_bench_v2/leaderboard.yaml,2433,11a693caaef0376720392657f3c1c2e160ddf865076ed74faf1444d389b01708,yes,include,publication-safe under automated gate,
moved_from_repo,release/context_coherence_bench_v2/metadata.json,1967,feffb5107115286ded6dfc41315cc28af49a02097b401a0e75a69ba1a602eeb9,yes,include,publication-safe under automated gate,
moved_from_repo,release/zenodo_metadata.json,3200,66f5f59d1e756888af12c92109cc5ede6f40b254c53e18e8c2de0e8499782297,no,exclude,personal author identity in publication copy,personal_identity
moved_from_repo,scripts/build_colab_tutorial.py,6877,f3c0fe0f99b98d628c2b1070d8ea02848622795422c8e917e80d361ecd570412,no,exclude,personal author identity in publication copy,personal_identity
moved_from_repo,scripts/kaggle_fix1_only.sh,2457,eb6fbe4ab10b358af345ae864a824ef2ffe71ea16d7e9a096291e3bd0f6f1e7c,yes,include,publication-safe under automated gate,
moved_from_repo,scripts/kaggle_fix1_parallel_t4x2.sh,5515,7db0f2e9f475773013b10f831b09ea3d98353cc254bb9297ed8cf02b8aa2be4c,no,exclude,personal author identity in publication copy,personal_identity
moved_from_repo,scripts/kaggle_fix2_t4x2.sh,14159,e2517e8b2c509a0397f2dcc4520f9174ba19b80dcbe7784a40909b089a73728f,no,exclude,personal author identity in publication copy,personal_identity
moved_from_repo,scripts/kaggle_fix3_4_t4x2.sh,15202,58a79dd3e5571859e7a818cf2b98fbc6f7128bf35120b060a5cb86c2dd9cad47,no,exclude,personal author identity in publication copy,personal_identity
moved_from_repo,scripts/kaggle_fix5_11_t4x2.sh,9253,612820784d0cfa2a549538e37ce17e15259d6e35c83da6fd62f303561d2261de,no,exclude,personal author identity in publication copy,personal_identity
moved_from_repo,scripts/kaggle_fix6_t4x2.sh,9411,c5df7888e6eef8926132a07924bb9ae399d8a0673a49f435901adfccdc9ebd32,no,exclude,personal author identity in publication copy,personal_identity
moved_from_repo,scripts/kaggle_frontier_scale.py,7852,7352a4f69646e1fb6d3164752a17d0463a2c9185dab88781be3c0eeb0355444a,no,exclude,personal author identity in publication copy,personal_identity
moved_from_repo,scripts/kaggle_gpu_runs.py,5244,497f8fdff49fc4f1956bd363a75409d77a83b458ce6d787795d704b837ff2f66,no,exclude,personal author identity in publication copy,personal_identity
moved_from_repo,scripts/kaggle_ollama_guard.sh,1584,2bde7d9ed43654c2fe6e96c036fb19278600999856d20ef8481f7262af869f8e,yes,include,publication-safe under automated gate,
moved_from_repo,scripts/kaggle_phase7.py,11698,8bcbf84652f1932a673078bb65f818b70a04f28c7b5d16fe9d3174dd2c7b5579,no,exclude,personal author identity in publication copy,personal_identity
moved_from_repo,scripts/kaggle_session1_background.sh,1179,d5829e7681ed5cf3836132b344cb5f05d20df5909cebbd071989411486f4843b,no,exclude,personal author identity in publication copy,personal_identity
moved_from_repo,scripts/kaggle_session1_fresh.sh,4833,08070be61153444139b53c349d118d854a2e83cf2c5750c766fe44cd580d16ac,no,exclude,personal author identity in publication copy,personal_identity
moved_from_repo,scripts/kaggle_stream_fix1_t4x2.py,1833,4908eb1a91f3bf4e6a69447edebd81562849bb1b6e6a936ff398001a45396d58,yes,include,publication-safe under automated gate,
moved_from_repo,scripts/kaggle_stream_fix2_t4x2.py,3270,e791286973f64cca74dc27a7483401af547439315613ba5f771e6fbc176232a3,yes,include,publication-safe under automated gate,
moved_from_repo,scripts/kaggle_stream_fix3_4_t4x2.py,3393,2ca133838e0f2a0c27588bc58c01b293a8dd4975bdc10d7369b65e98f71f3dc0,yes,include,publication-safe under automated gate,
moved_from_repo,scripts/kaggle_stream_fix5_11_t4x2.py,3296,66779bd769af40854b0b7335572bc0a5972ae2f75682a535595ecf26ec88c50b,yes,include,publication-safe under automated gate,
moved_from_repo,scripts/kaggle_stream_fix6_t4x2.py,3256,feacd2c630514ebec87b27b492f9d517eee0d46c4f6cb3fbacf72f9e9511e7a5,yes,include,publication-safe under automated gate,
moved_from_repo,scripts/kaggle_tail_session1.sh,1185,70c00588d9d1bec77772d44ed1643ce3c33121d4cc40bc7c90174b83f550a537,yes,include,publication-safe under automated gate,
moved_from_repo,scripts/lint_paper.py,11398,75733c3b5f5861482d1b18656002534a51a8f54155632ff544b95dd1a7c098e5,yes,include,publication-safe under automated gate,
moved_from_repo,scripts/local_session1_zero_dollar.sh,6346,454d2f13d6829b915714f25cdf8da962f52d06e828df2d72c2fe40750fd1cdd8,yes,include,publication-safe under automated gate,
moved_from_repo,scripts/package_benchmark.py,13152,90e3e9b5b8871ad17d8ce2e6b68c2a2faf74ed2dc2a6eacd36816bc82940d67d,yes,include,publication-safe under automated gate,
moved_from_repo,scripts/prepare_hf_space.py,5353,368db6d5883eb581a2860c72eff6d0cc0cad85b0bb07e5eb799b1cdcdc9161f7,yes,include,publication-safe under automated gate,
moved_from_repo,scripts/push_to_hf_datasets.py,8180,3653af7430d5768e4dc67abb47aafc7f910719c48c1b403ebfae3f0a9bbbb546,no,exclude,personal author identity in publication copy,personal_identity
moved_from_repo,scripts/release_v2.sh,6872,441cb59eb0e8f73c82c8d173c64f157358bf4bab2fdf99ac0f5da1259b50eeb1,yes,include,publication-safe under automated gate,
moved_from_repo,scripts/run_all_m4.sh,3961,004fba07868d4fea3918c4bb290294291b12f59dc3ad2c64f74fd1ddefb12f87,yes,include,publication-safe under automated gate,
moved_from_repo,scripts/setup_qwen.sh,1142,8a908a2790739088f7f462db97278db5387db25e28ddc0e8c9ebeff7d056773d,yes,include,publication-safe under automated gate,
moved_from_repo,scripts/smoke_test_groq.py,4620,c568a03b7337d929b684fa91a19f1ab360d9f6b11c0f47002ba35d1ce4076f06,yes,include,publication-safe under automated gate,
moved_from_repo,scripts/upload_to_zenodo.py,7078,f20835479c56a19f2ca400b1c26698de5dfe43e5cdd84942479e199704edc47a,yes,include,publication-safe under automated gate,
moved_from_repo,space/README.md,1167,b18a8df290cf7f1759d50a32d5bcc97a64440763ea50eafc76a213651d746a22,yes,include,publication-safe under automated gate,
moved_from_repo,space/app.py,11108,125041484b3c1da5c59b36edcfc366626568ba4e9b4d18107ac0b87b595b8a4b,yes,include,publication-safe under automated gate,
moved_from_repo,space/requirements.txt,251,1a785eec045d6e29d6d5596f774c5e3c405b75daed0347352f360e2b5f92fdd4,yes,include,publication-safe under automated gate,
moved_from_repo,src/anthropic_llm.py,1511,085cc1531c2cabdcc79b6041ba144963f8b97674f39584cf14f230d629cdcf5b,yes,include,publication-safe under automated gate,
moved_from_repo,src/openai_llm.py,1189,7624af24e79f5f6e0bc3945e9c106f292cae9b06b743be13884b048553fa2231,yes,include,publication-safe under automated gate,
moved_from_repo,src/selfrag_wrapper.py,9544,3ddae2b920451afefcab7e5366c2fc93022a66b9e3edf54a572faff8a032f8d3,yes,include,publication-safe under automated gate,
moved_from_repo,submission/paper_metadata.yml,3318,ce3dcecd896c324260f51249ae366cc3c2389c0a42a33629a48af6b6652254d4,no,exclude,personal author identity in publication copy,personal_identity
moved_from_repo,submission/requirements_analysis_only.txt,170,02a1694978d139eeb99cc4280f3db6e6e4c6a6c5754e8292a75a500ff2a933bc,yes,include,publication-safe under automated gate,
moved_from_repo,submission_package/neurips2026_paper_source_anonymous.zip,1034611,2fe844dff12ccbf3eb57e0b6f1ed4653910c24df9a255f0c720235e50e87037f,yes,include,publication-safe under automated gate,
moved_from_repo,submission_package/previous_neurips2026_reviewer_artifact_anonymous.zip,6126128,7e4eaee0f9f8c74cdbc1f7fa02e3ad52a103c2327130b67deab161057dd3258a,yes,include,publication-safe under automated gate,
moved_from_repo,submission_packages/neurips/audit_submission_paper.zip,2390823,9f91e6b7c8637761acf9b95fbd0e607a2522fc984c5da9f680369153a60dc6aa,yes,include,publication-safe under automated gate,
moved_from_repo,tests/test_builders.py,3255,4f559aa7ccb870fb174c883206af39f8f41a02add61fe4902c4337c4ade47e5f,yes,include,publication-safe under automated gate,
moved_from_repo,tests/test_lint_paper.py,2883,a4fa52efd9a15b2ee88cdab5e6241ec1d5311f7a77ae027a9ebb76a2015b88a2,yes,include,publication-safe under automated gate,
rag-hallucination-detection_main,.DS_Store,26628,edc0811435bd4066def63867e0f8c1901d006a68df04fd836a98a05d59e51d11,no,exclude,operating-system metadata,
rag-hallucination-detection_main,.dockerignore,262,01ef65d21e974abe7c5e9df709e825fcc446559cb1d2a030b70a3bc3c7f03188,yes,include,publication-safe under automated gate,
rag-hallucination-detection_main,.git/COMMIT_EDITMSG,37,30a463e22a33a234975fe92a980d68220d3d8b78d4495472fde27efe119ce3c2,no,exclude,nested Git metadata; textual provenance exported separately,
rag-hallucination-detection_main,.git/FETCH_HEAD,120,2f5305e556a43316fa3c96172acf9aef98293ac3593f805d6dcf3c1f89dafaaf,no,exclude,nested Git metadata; textual provenance exported separately,personal_identity
rag-hallucination-detection_main,.git/HEAD,21,28d25bf82af4c0e2b72f50959b2beb859e3e60b9630a5e8c603dad4ddb2b6e80,no,exclude,nested Git metadata; textual provenance exported separately,
rag-hallucination-detection_main,.git/ORIG_HEAD,41,e0672ea4d8526b007a805c6d86db294c9a8e35181abd21e02f2325a26e5e089c,no,exclude,nested Git metadata; textual provenance exported separately,
rag-hallucination-detection_main,.git/config,457,52dc4f33da575e4610fa1dc061dfdf22c56656c9753445922ec5e14c96c3d183,no,exclude,nested Git metadata; textual provenance exported separately,personal_email;personal_identity
rag-hallucination-detection_main,.git/description,73,85ab6c163d43a17ea9cf7788308bca1466f1b0a8d1cc92e26e9bf63da4062aee,no,exclude,nested Git metadata; textual provenance exported separately,
rag-hallucination-detection_main,.git/hooks/applypatch-msg.sample,478,0223497a0b8b033aa58a3a521b8629869386cf7ab0e2f101963d328aa62193f7,no,exclude,nested Git metadata; textual provenance exported separately,
rag-hallucination-detection_main,.git/hooks/commit-msg.sample,896,1f74d5e9292979b573ebd59741d46cb93ff391acdd083d340b94370753d92437,no,exclude,nested Git metadata; textual provenance exported separately,
rag-hallucination-detection_main,.git/hooks/fsmonitor-watchman.sample,4726,e0549964e93897b519bd8e333c037e51fff0f88ba13e086a331592bf801fa1d0,no,exclude,nested Git metadata; textual provenance exported separately,
rag-hallucination-detection_main,.git/hooks/post-update.sample,189,81765af2daef323061dcbc5e61fc16481cb74b3bac9ad8a174b186523586f6c5,no,exclude,nested Git metadata; textual provenance exported separately,
rag-hallucination-detection_main,.git/hooks/pre-applypatch.sample,424,e15c5b469ea3e0a695bea6f2c82bcf8e62821074939ddd85b77e0007ff165475,no,exclude,nested Git metadata; textual provenance exported separately,
rag-hallucination-detection_main,.git/hooks/pre-commit.sample,1649,57185b7b9f05239d7ab52db045f5b89eb31348d7b2177eab214f5eb872e1971b,no,exclude,nested Git metadata; textual provenance exported separately,
rag-hallucination-detection_main,.git/hooks/pre-merge-commit.sample,416,d3825a70337940ebbd0a5c072984e13245920cdf8898bd225c8d27a6dfc9cb53,no,exclude,nested Git metadata; textual provenance exported separately,
rag-hallucination-detection_main,.git/hooks/pre-push.sample,1374,ecce9c7e04d3f5dd9d8ada81753dd1d549a9634b26770042b58dda00217d086a,no,exclude,nested Git metadata; textual provenance exported separately,
rag-hallucination-detection_main,.git/hooks/pre-rebase.sample,4898,4febce867790052338076f4e66cc47efb14879d18097d1d61c8261859eaaa7b3,no,exclude,nested Git metadata; textual provenance exported separately,
rag-hallucination-detection_main,.git/hooks/pre-receive.sample,544,a4c3d2b9c7bb3fd8d1441c31bd4ee71a595d66b44fcf49ddb310252320169989,no,exclude,nested Git metadata; textual provenance exported separately,
rag-hallucination-detection_main,.git/hooks/prepare-commit-msg.sample,1492,e9ddcaa4189fddd25ed97fc8c789eca7b6ca16390b2392ae3276f0c8e1aa4619,no,exclude,nested Git metadata; textual provenance exported separately,
rag-hallucination-detection_main,.git/hooks/push-to-checkout.sample,2783,a53d0741798b287c6dd7afa64aee473f305e65d3f49463bb9d7408ec3b12bf5f,no,exclude,nested Git metadata; textual provenance exported separately,
rag-hallucination-detection_main,.git/hooks/sendemail-validate.sample,2308,44ebfc923dc5466bc009602f0ecf067b9c65459abfe8868ddc49b78e6ced7a92,no,exclude,nested Git metadata; textual provenance exported separately,
rag-hallucination-detection_main,.git/hooks/update.sample,3650,8d5f2fa83e103cf08b57eaa67521df9194f45cbdbcb37da52ad586097a14d106,no,exclude,nested Git metadata; textual provenance exported separately,
rag-hallucination-detection_main,.git/index,22783,beff857295abf40c12f2a20409bd3e7f90aafa17b8dbc9954ab6c34d1d832112,no,exclude,nested Git metadata; textual provenance exported separately,
rag-hallucination-detection_main,.git/info/exclude,240,6671fe83b7a07c8932ee89164d1f2793b2318058eb8b98dc5c06ee0a5a3b0ec1,no,exclude,nested Git metadata; textual provenance exported separately,
rag-hallucination-detection_main,.git/info/refs,260,a61e43056097e3a2b9ce3183204fc8584ba145798474bab786bda99d939a7e63,no,exclude,nested Git metadata; textual provenance exported separately,
rag-hallucination-detection_main,.git/logs/HEAD,534,6be308f94e0e127a5c6d298a0be50e74828359beb5dbfbb3c9ddbf8a4eb2bdcc,no,exclude,nested Git metadata; textual provenance exported separately,personal_email;personal_identity
rag-hallucination-detection_main,.git/logs/refs/heads/main,364,c55f655841d6ab715319a02fa1ce148b036acdb6677c00f923a56137be2a4eaa,no,exclude,nested Git metadata; textual provenance exported separately,personal_email;personal_identity
rag-hallucination-detection_main,.git/logs/refs/remotes/origin/HEAD,0,e3b0c44298fc1c149afbf4c8996fb92427ae41e4649b934ca495991b7852b855,no,exclude,nested Git metadata; textual provenance exported separately,
rag-hallucination-detection_main,.git/logs/refs/remotes/origin/main,312,158a3389d069f5175570a16871e0ce910b3361cb99df82c66fe555d3992f5d35,no,exclude,nested Git metadata; textual provenance exported separately,personal_email;personal_identity
rag-hallucination-detection_main,.git/objects/05/5807719b2e94b3a85742fa8537055e74032af1,50,323b4ebd3d92bddcf1e6ed07cb70548bc85f3b682ba181931bb6c4aa53a39863,no,exclude,nested Git metadata; textual provenance exported separately,
rag-hallucination-detection_main,.git/objects/09/483789e1485a2382ac4134cd2bd290be46b0ba,828,ca00f00a3b5ba95a10035a11b91e3f8b2673d8d891d5d8bade82f331714795f2,no,exclude,nested Git metadata; textual provenance exported separately,
rag-hallucination-detection_main,.git/objects/25/057a74f2b55cfc5687c95a773cb4b7a1461a44,849,4f36343f3b50a99e18bb755a476bc95df00fb9b26ab6b5920d08432b0066f83d,no,exclude,nested Git metadata; textual provenance exported separately,
rag-hallucination-detection_main,.git/objects/2a/91086779552b7f3db0191abbb6d4d5a8612066,630,0700047f14de251383d655e040a10565e5a4bc8f78890fd4ed53b8624c2a02c9,no,exclude,nested Git metadata; textual provenance exported separately,
rag-hallucination-detection_main,.git/objects/42/b5a683671695b668d22ee87b5ea1f05d80161c,755,484f6b026f0b70dbc45892ecf19c6192f6778b8e409d5d3adf99261f8eb3e545,no,exclude,nested Git metadata; textual provenance exported separately,
rag-hallucination-detection_main,.git/objects/59/e94a5418a296acda1892e9165fd43096292f58,187,b3c9990fb7ca891f92d93aa4ec942c7ed26bb2e4578f77a2f59e5c4bdb91bea0,no,exclude,nested Git metadata; textual provenance exported separately,
rag-hallucination-detection_main,.git/objects/95/625151f00bdd2d0c88bb71503ad1ff4cd2343f,63,00896f988cbb5011b05e906826357e9475509f9add49049b1ac5c59bbaa0e7fd,no,exclude,nested Git metadata; textual provenance exported separately,
rag-hallucination-detection_main,.git/objects/f4/e07d496353e77874c592c10dae5a1bcf9b7052,117,225c249ab404f441b1cc39d6425fa4a9049384260e866457657d1c7b02cdd6e2,no,exclude,nested Git metadata; textual provenance exported separately,
rag-hallucination-detection_main,.git/objects/info/commit-graph,1352,d8139967e4419a0d8283dd7521f3ad8e186beab41305aa8387789b288e6c2813,no,exclude,nested Git metadata; textual provenance exported separately,
rag-hallucination-detection_main,.git/objects/info/packs,54,adb8bb3b002dd63a6bacd95d434ce3481b5370b62fb6df83d9fafca0db558fc4,no,exclude,nested Git metadata; textual provenance exported separately,
rag-hallucination-detection_main,.git/objects/pack/pack-9bf379cb20c346ce18583f835c022ab4630afa7c.idx,47076,733f6629b2bb87dbcfef1451ca43aace11fa7b027598c0101167cd041319a0e0,no,exclude,nested Git metadata; textual provenance exported separately,
rag-hallucination-detection_main,.git/objects/pack/pack-9bf379cb20c346ce18583f835c022ab4630afa7c.pack,47723955,ef6017edd0b0e5d2f1714a45fd4bf72d6d4927a47215774aaff110911e299b74,no,exclude,nested Git metadata; textual provenance exported separately,
rag-hallucination-detection_main,.git/objects/pack/pack-9bf379cb20c346ce18583f835c022ab4630afa7c.rev,6624,91e8e12e820304f2bf344f4d9cf7d831a4d89bda0ae846a16f2847051d6b85f1,no,exclude,nested Git metadata; textual provenance exported separately,
rag-hallucination-detection_main,.git/objects/pack/pack-f1013b1f413e66764f92b441586dad21ad842ca5.idx,1640780,eabee32b5f8e2ba14d0c37ce5cec243fd9df556c93e974d291069685bbacd99c,no,exclude,nested Git metadata; textual provenance exported separately,
rag-hallucination-detection_main,.git/objects/pack/pack-f1013b1f413e66764f92b441586dad21ad842ca5.pack,386115565,a7322016dd817944a0b6608ddd7c00832865dec0b18912c2328afa7112257516,no,exclude,nested Git metadata; textual provenance exported separately,
rag-hallucination-detection_main,.git/objects/pack/pack-f1013b1f413e66764f92b441586dad21ad842ca5.rev,234296,3723f7284ffe1c1b38af605fc3fcb3c259e57baff8b14dfb48c3d258a5608a65,no,exclude,nested Git metadata; textual provenance exported separately,
rag-hallucination-detection_main,.git/packed-refs,240,6a4aae5534542f5109b78669cf8e7522494d21ab757e6765d869211c73a06050,no,exclude,nested Git metadata; textual provenance exported separately,
rag-hallucination-detection_main,.git/refs/heads/main,41,549a1b0bc0713c87b108dd592bf477ac1fd09f1e2d088d899bd88706d615f9d4,no,exclude,nested Git metadata; textual provenance exported separately,
rag-hallucination-detection_main,.git/refs/remotes/origin/HEAD,30,2bb6a24aa0fc6c484100f5d51a29bbad841cd2c755f5d93faa204e5dbb4eb2b4,no,exclude,nested Git metadata; textual provenance exported separately,
rag-hallucination-detection_main,.git/refs/remotes/origin/main,41,549a1b0bc0713c87b108dd592bf477ac1fd09f1e2d088d899bd88706d615f9d4,no,exclude,nested Git metadata; textual provenance exported separately,
rag-hallucination-detection_main,.gitignore,546,68b23da25af96b5bf891f4238fc84dc0bc92842d7ce0b56d4c97ba18b4770e50,yes,include,publication-safe under automated gate,
rag-hallucination-detection_main,CLAIMS_AUDIT.md,4305,0d32a472d04391b8fba943429e71a1a795af4059e5bb6d9a567aafcd5c4f2717,yes,include,publication-safe under automated gate,
rag-hallucination-detection_main,Controlled_RAG___Saket/.DS_Store,6148,ae33f2b882ae4eab445731de80d7e3e4b267204fe53ccf4a952d8c860bb172f7,no,exclude,operating-system metadata,
rag-hallucination-detection_main,Controlled_RAG___Saket/bibliography_verification.md,7454,91171030c8b36f0dc03a3b0e2cb20600e9d44c88dc2e4776774decba5d71292d,yes,include,publication-safe under automated gate,
rag-hallucination-detection_main,Controlled_RAG___Saket/checklist.tex,12221,54b8ee05b005f991fa204dd167bd1dd7f4e947f64060863d70944776220e02da,yes,include,publication-safe under automated gate,
rag-hallucination-detection_main,Controlled_RAG___Saket/figures/controlledrag_overview.png,1133447,8917d3c0820b13125b55bb9f5396875e7314509c77c65a4586f596318b6e0ece,yes,include,publication-safe under automated gate,
rag-hallucination-detection_main,Controlled_RAG___Saket/figures/metric_fragility_forest.pdf,14599,cbbe64eb2c06851dfd1446052c696f613424527a7aca56295a6be09c781d20eb,yes,include,publication-safe under automated gate,
rag-hallucination-detection_main,Controlled_RAG___Saket/figures/slice_dependent_ranking.pdf,17445,9330d866c5ad01280510d8a6ecc34d2c47d78d7b1f8d45ec9c18d237e4863c7e,yes,include,publication-safe under automated gate,
rag-hallucination-detection_main,Controlled_RAG___Saket/figures/teaser_effect_sizes.pdf,15372,ed46bd7d2e4471f0d80fd608d236124cce5e4c0c0292e9ef5de60e4ff7ca96b6,yes,include,publication-safe under automated gate,
rag-hallucination-detection_main,Controlled_RAG___Saket/figures/teaser_effect_sizes.png,111702,141b74ce67a10b2390c4e82d383b7a2adec4120286583e346bebe8a79a217884,yes,include,publication-safe under automated gate,
rag-hallucination-detection_main,Controlled_RAG___Saket/figures/teaser_metric_agreement.pdf,16340,380f20fd0a114fd6d127a4b7fa365a15a564c06dad7a8a14d8ac8893fdd3b770,yes,include,publication-safe under automated gate,
rag-hallucination-detection_main,Controlled_RAG___Saket/figures/teaser_metric_agreement.png,85886,c5debd30877f3e5fc3d550b714f263adb1fbf95a87ca10ba0865c15886d31eec,yes,include,publication-safe under automated gate,
rag-hallucination-detection_main,Controlled_RAG___Saket/neurips_2026.aux,31929,918c0384c56b77d957cb4eb500efc938b0f301c721fadbce7f39dc14e4fbf9b9,yes,include,publication-safe under automated gate,
rag-hallucination-detection_main,Controlled_RAG___Saket/neurips_2026.bbl,14171,a9edb9a70acd6ecc32249c013c7fbc468515df9a41a32eeb1914031e71e238f9,yes,include,publication-safe under automated gate,
rag-hallucination-detection_main,Controlled_RAG___Saket/neurips_2026.blg,917,4c2069be12fb80830cbcfc252d80cdc135d41106f0702d7e88c53af360f78812,yes,include,publication-safe under automated gate,
rag-hallucination-detection_main,Controlled_RAG___Saket/neurips_2026.log,33964,164615d956a34055ce3d2df14684bf7910d1040cedbea4229f444907647264ee,no,exclude,absolute home path contains a personal identifier,
rag-hallucination-detection_main,Controlled_RAG___Saket/neurips_2026.out,6712,b6e566855ae3756834337b521e3f93a444474d8bf21af88df77e2ec0480b769d,yes,include,publication-safe under automated gate,
rag-hallucination-detection_main,Controlled_RAG___Saket/neurips_2026.pdf,1491976,93c827f5b66ec22192faacbeb41abd5844df007ba9d5b8924e059358bffb2b15,yes,include,publication-safe under automated gate,
rag-hallucination-detection_main,Controlled_RAG___Saket/neurips_2026.sty,13337,9bc8f47e63f53a095696de3dee0e2096a47ac1e6844153e3b03d67883451a4a3,yes,include,publication-safe under automated gate,
rag-hallucination-detection_main,Controlled_RAG___Saket/neurips_2026.tex,5643,61d96a0c43bce1ba0bd68db18e0ea231f7611a4b277f634cce2b74b2643ca541,yes,include,publication-safe under automated gate,
rag-hallucination-detection_main,Controlled_RAG___Saket/ref.bib,15229,0018596c30fb1e0bf654a4eac198e9571888038b6ad428a0fdb9f88ecc0d54cd,yes,include,publication-safe under automated gate,
rag-hallucination-detection_main,Controlled_RAG___Saket/sections/controlledrag_main.tex,36372,9da9c282167510087305a7a94f2462087523ea8d0f1f6833ed05ba64f980c381,yes,include,publication-safe under automated gate,
rag-hallucination-detection_main,Controlled_RAG___Saket/supplement.tex,38770,297060c6682776d2fa6f48797c923bd002d1be518f1e75e77a4a94f0d7100c94,yes,include,publication-safe under automated gate,
rag-hallucination-detection_main,Dockerfile,376,565cdd484285c36ce39729067737f93f4b1767da4d28c9d801edebb9c556f40c,yes,include,publication-safe under automated gate,
rag-hallucination-detection_main,Makefile,825,634258ff8af92a41b3a0592f74708e98ba164169862ca1740e96da298421c6ea,yes,include,publication-safe under automated gate,
rag-hallucination-detection_main,README.md,10239,c0df0287f771d52e5bc31dbe1fa8729e1053ca650f27da30a77e221b5a73f75a,yes,include,publication-safe under automated gate,
rag-hallucination-detection_main,README_REPRODUCE.md,3565,fc9ab0959244ea8d5003a83c26739408958a99597583a21dee799d9df6e3658a,yes,include,publication-safe under automated gate,
rag-hallucination-detection_main,SOURCE_TRACE.md,3015,10de66a06b5ce683eea6d5a3af54852b3e141904865295bd7674c14f9d330fa4,yes,include,publication-safe under automated gate,
rag-hallucination-detection_main,artifact_manifest.md,3058,1f6323ab9d85ae116233f6978f296bf63f027f2ec7ed9b2030a559ebe4ed2299,yes,include,publication-safe under automated gate,
rag-hallucination-detection_main,controlledrag_reporting_checklist.md,3016,f8e595287e8a52cdb3ba24c787283a9aea4232c513c2b62c6db9f58d33593366,yes,include,publication-safe under automated gate,
rag-hallucination-detection_main,data/adversarial/README.md,2564,30d041d1f70d2b3a43d7b00fcced2a1a2717ffcb58609072327ffcaec1e158af,yes,include,publication-safe under automated gate,
rag-hallucination-detection_main,data/adversarial/_rejected.jsonl,29947,fb51eb203d27aa99c1adc4a9448f5c0a79aceef1790c3facf014458153e54d7d,yes,include,publication-safe under automated gate,
rag-hallucination-detection_main,data/adversarial/contradict.jsonl,16366,a8119d9f27f96b952d8a01cd992f599d38c90c2669b93ee966bbf9b99e67f6df,yes,include,publication-safe under automated gate,
rag-hallucination-detection_main,data/adversarial/control.jsonl,35782,deeb0dc7092e2ba646b18badc0ae5b984463bec49c5c7b6d962445fe68d754dd,yes,include,publication-safe under automated gate,
rag-hallucination-detection_main,data/adversarial/disjoint.jsonl,45355,abdf94e13c8c6430f7760350542c0c31dbaa69507f5f3f6b34cdfda3a10b5e75,yes,include,publication-safe under automated gate,
rag-hallucination-detection_main,data/adversarial/drift.jsonl,57006,c1f3c64e333b996fcc0d534425eb67cbc63ae644517389078f2514f814148003,yes,include,publication-safe under automated gate,
rag-hallucination-detection_main,data/benchmark/README.md,2430,871e88a71153ad814f600c9ebbb37e1defdf2ef6efb735b4a862f33bd333b8af,yes,include,publication-safe under automated gate,
rag-hallucination-detection_main,data/revision/fix_06/per_query_compact.csv,60148,21f9d0c97c80c964ffc4ae42916df5a09898e862e332bddcd0779f1161fe1962,yes,include,publication-safe under automated gate,
rag-hallucination-detection_main,experiments/analyze_human_eval.py,4961,572ce40b888df1624156b800c73955c92b8e157e1ea931f2e74db8cea4f2317b,yes,include,publication-safe under automated gate,
rag-hallucination-detection_main,experiments/analyze_prolific_results.py,9300,e3f8ea01549ce373a4b6816231a7180fefbdbc6c71d7d1fd2332c985a509c5da,yes,include,publication-safe under automated gate,
rag-hallucination-detection_main,experiments/build_human_eval_samples.py,7879,e3040994caab434ee3619d544e90ff0bd135855c0be31e6cf79fb857eded6150,yes,include,publication-safe under automated gate,
rag-hallucination-detection_main,experiments/fix_01_causal_matched_pairs.py,37811,625cb386d70c05d027c2f7137a66870aaeae59cb61ff2089648d1e3c24b69fa4,yes,include,publication-safe under automated gate,
rag-hallucination-detection_main,experiments/fix_02_scaled_headline_n500.py,12874,94f28324a7f60fb6705074e76759c1664e28e4e13a9de5476b2bd471b35ebfa4,yes,include,publication-safe under automated gate,
rag-hallucination-detection_main,experiments/fix_03_multimetric_faithfulness.py,9358,3d895d2046e0c50f821d28dd4d07f0b555e2e199490cdfaf3305aeb9d5e22eb6,yes,include,publication-safe under automated gate,
rag-hallucination-detection_main,experiments/fix_04_tau_generalization.py,8969,a7118cc7323c9e3614bdfc80569b33b7b28904bfccec5046d54133abc0d9e9c3,yes,include,publication-safe under automated gate,
rag-hallucination-detection_main,experiments/fix_05_coherence_preserving_noise.py,8316,9cd425dfc1ee6638dfd7973c89bef3d150c9b871337e927679909d737c88b8ca,yes,include,publication-safe under automated gate,
rag-hallucination-detection_main,experiments/fix_06_baseline_h2h_pareto.py,8869,392496ce51162469b39988bc5998ac65603a41cdd1217e56a699a7d5e8e646b1,yes,include,publication-safe under automated gate,
rag-hallucination-detection_main,experiments/fix_07_together_70b_reproduction.py,4309,22d549e83b9da226b4387c9c323774bfa1dbd43fa75bf962dc2c133e8af35ff5,yes,include,publication-safe under automated gate,
rag-hallucination-detection_main,experiments/fix_09_partial_correlations.py,3401,100bed354100214d1e81b73ae94131ca688127e9d8a386bb2ba5793170fdd8b6,yes,include,publication-safe under automated gate,
rag-hallucination-detection_main,experiments/fix_11_raptor_full_table.py,6027,47012e15347ad80d4d15661ed7561525eb684c3110e3dc2399c1db8966159441,yes,include,publication-safe under automated gate,
rag-hallucination-detection_main,experiments/fix_12_answer_span_diagnostic.py,14406,74836fb00d57aaac8bdc4260f30e1ed1237207ba98527c7a5fb2e59ee73aafd7,yes,include,publication-safe under automated gate,
rag-hallucination-detection_main,experiments/fix_13_retriever_sanity.py,11844,0e153d7c0f3f85f489fd07b89a9c5c1d56e874230913a925275be55f572a2900,yes,include,publication-safe under automated gate,
rag-hallucination-detection_main,experiments/fix_14_second_generator_metric_fragility.py,12730,86d9f421cb61f378f6c57850fe75eab2683a51a894e55a4b24715afcd7bf1582,yes,include,publication-safe under automated gate,
rag-hallucination-detection_main,experiments/fix_15_longform_stress.py,4910,8cdfd9143e6275140370226e5bc2fcc3cd2e2d36e317c350db5f0431352d33cf,yes,include,publication-safe under automated gate,
rag-hallucination-detection_main,experiments/generate_adversarial_cases.py,15028,ea914fad2b5cf05a2ec641e139d021b0f1263e455b149fed48a0e057645c15e7,yes,include,publication-safe under automated gate,
rag-hallucination-detection_main,experiments/revision_utils.py,2953,431614b4254219619141078ea252f1f71adaf7ee7cb4486636ab0487b31f88db,yes,include,publication-safe under automated gate,
rag-hallucination-detection_main,experiments/run_adaptive_chunking_ablation.py,16371,5d4e2cd15ee652181af4727d9c2eb3d9c4556da41a6f541af28f398b6c6f7b00,yes,include,publication-safe under automated gate,
rag-hallucination-detection_main,experiments/run_adversarial_coherence.py,11949,ec764d1386be2ba23bd0f0af081369ec7bfedb20978c80eb6ada8942a17dab69,yes,include,publication-safe under automated gate,
rag-hallucination-detection_main,experiments/run_ccs_alternatives.py,13220,19340ca047f0fdd0ec9079a29df96242962c730131a1da50f94670d40b01cf1b,yes,include,publication-safe under automated gate,
rag-hallucination-detection_main,experiments/run_coherence_analysis.py,12792,186b7457f92aa9a58adbbaab84aa2967e2a33421f476651f8dd63006cf06d873,yes,include,publication-safe under automated gate,
rag-hallucination-detection_main,experiments/run_confidence_calibration.py,9355,6ed28fe91dbc6743a5ef9c39e0f83be599b1ea434fbe1cf7cc5a49d31751c9b4,yes,include,publication-safe under automated gate,
rag-hallucination-detection_main,experiments/run_crag_baseline.py,9201,a1219d74073bd89e0f9b4a8b3db9451145ea5e1bbdc01aee41e1f8357e881cd5,yes,include,publication-safe under automated gate,
rag-hallucination-detection_main,experiments/run_crossencoder_sensitivity.py,7432,651196aa54f71f2e144c6ebe58d89cac6d404698872babd3b51de2a58fc5b5f8,yes,include,publication-safe under automated gate,
rag-hallucination-detection_main,experiments/run_frontier_scale.py,13431,6e4cfc89ce174e2587d8d15bf0354d88a4d4f1113fbdf1d79cd1b0683ea05915,yes,include,publication-safe under automated gate,
rag-hallucination-detection_main,experiments/run_hcpc_ablation.py,18502,28fa0d855e54cbc3bc583fc75c2e614094df764c6ce493c8997f3d71ad413053,yes,include,publication-safe under automated gate,
rag-hallucination-detection_main,experiments/run_hcpc_v2_ablation.py,25905,44ad32fa752595a1c6c3602485dc9023e824f8c7874da85662870f125a38686c,yes,include,publication-safe under automated gate,
rag-hallucination-detection_main,experiments/run_headtohead_comparison.py,9759,9ac57b39d033d9afb0ddbb1a810f6b8934dafba7a43049826a1bb4743616b413,yes,include,publication-safe under automated gate,
rag-hallucination-detection_main,experiments/run_latency_analysis.py,5072,06bf73c8b5ec9cf4850754c909969bd280ae024419ff44636a0b9942dfe6addd,yes,include,publication-safe under automated gate,
rag-hallucination-detection_main,experiments/run_longform_eval.py,13325,072a2d5cae37b0c20e5766d7b8996b23c300665ddfe21b5891f4321e597eebe1,yes,include,publication-safe under automated gate,
rag-hallucination-detection_main,experiments/run_mechanistic_analysis.py,10854,4323efb10cd31d0289ffc80b851e401c0c731ad71272f5bfd6af4252b8ecbf3b,yes,include,publication-safe under automated gate,
rag-hallucination-detection_main,experiments/run_mmr_baseline.py,8689,f6f099da12ddb49b9ce638ef0492cd58c5c1ee5cec04391a5ea3dbf9194cf6a0,yes,include,publication-safe under automated gate,
rag-hallucination-detection_main,experiments/run_multi_retriever_ablation.py,13996,6383a846bcb024a04af2dbf4262d0b10b06f6ae131cc6e2f75bd3f169a26822f,yes,include,publication-safe under automated gate,
rag-hallucination-detection_main,experiments/run_multidataset_validation.py,10152,b1119f2ebbe76f9d9fca18efc3d9f26198c9ccc65062242f731f400e6f9c220d,yes,include,publication-safe under automated gate,
rag-hallucination-detection_main,experiments/run_multimodel_ablation.py,5641,ecf3ac645bfcd056e298e549fe95748083870e8a5048ecc94e43fc0414232d8d,yes,include,publication-safe under automated gate,
rag-hallucination-detection_main,experiments/run_multiseed_variance.py,13909,39c0715ca0a3f81e3eb98e4ef4bad1f89ac65f329678d79073912a6f4d7bcc9a,yes,include,publication-safe under automated gate,
rag-hallucination-detection_main,experiments/run_noise_injection_ablation.py,11692,3a053e6ac7e26ceda30a21b04d261c33dea0a1c01b25bd90113022ee2a83cebb,yes,include,publication-safe under automated gate,
rag-hallucination-detection_main,experiments/run_prompt_template_ablation.py,15454,f8a2d7ba20ba8b5b23565d9252534fc17c6a031e3a6f50fd11070c586e545fec,yes,include,publication-safe under automated gate,
rag-hallucination-detection_main,experiments/run_pubmedqa_ablation.py,2589,3b1fe8bea946bcc9d09873815fd8aa46d794b7e3129812baefbf0e10b8e2fd64,yes,include,publication-safe under automated gate,
rag-hallucination-detection_main,experiments/run_qualitative_analysis.py,2199,409bef862e1a2e444fa4b5ce3c661b48bb8b6bccb84c65c773a0085b7ab6ed36,yes,include,publication-safe under automated gate,
rag-hallucination-detection_main,experiments/run_quantization_sensitivity.py,8984,3b8fa9ee440edbd16f0f95d0a5e7fb9dac7c7f5b5e88081a8839dbc2016b091d,yes,include,publication-safe under automated gate,
rag-hallucination-detection_main,experiments/run_raptor_ablation.py,9792,3b844b6cecfc99ac0974991d1d45600d1c722b0af86212ea5f6a8895e17f5070,yes,include,publication-safe under automated gate,
rag-hallucination-detection_main,experiments/run_reranker_ablation.py,6639,7357ca50e43a12225157e42bab002f86e64fde1adde5f52d21c6ed2c643b812a,yes,include,publication-safe under automated gate,
rag-hallucination-detection_main,experiments/run_reranker_experiment.py,18263,d26a1bb7df396a29382ac675cba977a2ec527a541fb7d5749b7a3f850dc3f8b7,yes,include,publication-safe under automated gate,
rag-hallucination-detection_main,experiments/run_scaled_headline.py,10862,ddaf0fa612ecbd8c4928ee5ec08dc241070df74e73359e229201b79ea2d261db,yes,include,publication-safe under automated gate,
rag-hallucination-detection_main,experiments/run_significance_tests.py,3244,007db36a3788f750ce3871d65a87fb6ea7e1a2282702f60d55b4a0d5f5ea92d5,yes,include,publication-safe under automated gate,
rag-hallucination-detection_main,experiments/run_subchunk_sensitivity.py,9915,e96fa814857fc817532f41c438e0f66788c6442aec2999370c91929529e17a9a,yes,include,publication-safe under automated gate,
rag-hallucination-detection_main,experiments/run_synthetic_causal.py,16081,70c8a2686e623db60afad54d1c818c587774c48340876be2335b2a62b037b820,yes,include,publication-safe under automated gate,
rag-hallucination-detection_main,experiments/run_temperature_sensitivity.py,8745,5599ce2b97f20561a4174ed7d97ff40b8139887f9278210f74be0543cdcbc413,yes,include,publication-safe under automated gate,
rag-hallucination-detection_main,experiments/run_threshold_sensitivity.py,4503,ea09154bb7adfad2123380df543f43df9f38f35a764c95a60d1d9a8ef2964dc1,yes,include,publication-safe under automated gate,
rag-hallucination-detection_main,experiments/run_topk_sensitivity.py,10557,2fb44599bccea8be738788e9102509e4588e9c65f0dd4eda4cd0a6e8ce68fcf9,yes,include,publication-safe under automated gate,
rag-hallucination-detection_main,experiments/run_zeroshot_baseline.py,3738,0bf4332d967baae58fc804cdb14d23da0c518461f310fc3d9a6d40cce88c92fa,yes,include,publication-safe under automated gate,
rag-hallucination-detection_main,experiments/train_mech_classifier.py,11062,dcc01b0971c6dbe0c2ebf75ea1346717bde374006c5180684425409317d0dc9a,yes,include,publication-safe under automated gate,
rag-hallucination-detection_main,human_eval_final/n100_disagreement/annotation_batch_disagreement_100.csv,171192,83ac395bdce120c3b8def310e410191fb2969942d6796dd57dc48dd3dc5643b8,yes,include,publication-safe under automated gate,
rag-hallucination-detection_main,human_eval_final/n100_disagreement/annotation_batch_disagreement_PREANNOTATION.csv,165465,443933634f14a7b1d2383ff97b9cc67898c99d84b498fe4e773386ffea3eafd8,yes,include,publication-safe under automated gate,
rag-hallucination-detection_main,human_eval_final/n100_disagreement/batch_composition.csv,221,724bd0c412b9d97e76a50f8910996b61b6eaa93e20dfdfb27d6272bd63b69858,yes,include,publication-safe under automated gate,
rag-hallucination-detection_main,human_eval_final/n100_disagreement/human_disagreement_agreement.csv,104,70ec535d074d284cb5127e4cf47f45a7dc59d2c741a9fa60a42ccb9b2fbb0406,yes,include,publication-safe under automated gate,
rag-hallucination-detection_main,human_eval_final/n100_disagreement/human_disagreement_auroc_auprc.csv,238,4dcd47bc55d269928621bd5ff1f1a3f531334ee49259d11fc19ccb103d6fd982,yes,include,publication-safe under automated gate,
rag-hallucination-detection_main,human_eval_final/n100_disagreement/human_disagreement_bootstrap_cis.csv,1789,5d3a329634f3d4b56c9dc96c58a6d0eb7e98b9a9726d7dacffbd6118a8c43c5c,yes,include,publication-safe under automated gate,
rag-hallucination-detection_main,human_eval_final/n100_disagreement/human_disagreement_correlations.csv,991,81483a9a8c1747b41e82966a99d724788615333a07d989c0f4b360d0d71f590c,yes,include,publication-safe under automated gate,
rag-hallucination-detection_main,human_eval_final/n100_disagreement/human_disagreement_label_distribution.csv,353,bdba47db5e80b2e510150e0e739dc85f364d11b0b3e5ac289b20ba7526542f9d,yes,include,publication-safe under automated gate,
rag-hallucination-detection_main,human_eval_final/n100_disagreement/human_disagreement_summary.csv,226,9571334a1743d6046226753049f2503a3387ba72e1fc2ba903a68973a426984b,yes,include,publication-safe under automated gate,
rag-hallucination-detection_main,human_eval_final/n100_disagreement/human_eval_adjudicated.csv,166371,f0d797dc4cf3398696c57d1640daaa4bee85ba4651f262d2044d47d0f8869d8b,yes,include,publication-safe under automated gate,
rag-hallucination-detection_main,human_eval_final/n100_disagreement/human_eval_adjudication_template.csv,166371,f0d797dc4cf3398696c57d1640daaa4bee85ba4651f262d2044d47d0f8869d8b,yes,include,publication-safe under automated gate,
rag-hallucination-detection_main,human_eval_final/n100_disagreement/human_eval_rater1.csv,159944,29cf4abdc69d78d9e2dceb665010be5a95f7d06bcd319fff513d850833118a10,yes,include,publication-safe under automated gate,
rag-hallucination-detection_main,human_eval_final/n100_disagreement/human_eval_rater2.csv,159734,60f59d26b2f67233f16c29c5eed3e666eb74a804d358f779a4b1040bd21049e5,yes,include,publication-safe under automated gate,
rag-hallucination-detection_main,human_eval_final/n100_disagreement/missing_human_labels_report.md,680,8277258e6a9871bdb78738efe0dcba9b75174c15d57af9d1fe12de0660e5fe86,yes,include,publication-safe under automated gate,
rag-hallucination-detection_main,human_eval_final/n100_disagreement/scorer_score_summary.csv,212,6867bbac08550c0af3e46a517b47b92a1de0dc565cba32459038b708711c984d,yes,include,publication-safe under automated gate,
rag-hallucination-detection_main,human_eval_final/n99_calibration/bootstrap_correlation_cis.csv,1597,2454083c0148ffef1e14fc1fb83485e0d9fb4ff3974a116c940371b09cf9e7b8,yes,include,publication-safe under automated gate,
rag-hallucination-detection_main,human_eval_final/n99_calibration/human_eval_adjudicated.csv,165619,872b89ca3896769e82c8addc819b2d11c869458927ecb4f816dbda4b0317b4f4,yes,include,publication-safe under automated gate,
rag-hallucination-detection_main,human_eval_final/n99_calibration/human_eval_correlations.csv,236,d7a894f84ef620297d53030c5c373432c50bdfdcb52e4743d766c8106e75bb25,yes,include,publication-safe under automated gate,
rag-hallucination-detection_main,human_eval_final/n99_calibration/human_eval_label_distribution.csv,104,41df52b1156990f614118b4c2f17fcfae8313efebdb915a64ec2ec2fdbb2e843,yes,include,publication-safe under automated gate,
rag-hallucination-detection_main,human_eval_final/n99_calibration/human_eval_n99_with_context.csv,156850,20abee130659119221410090c91f80e63d4fabeb4ee3dcbd278b3108a80ad649,yes,include,publication-safe under automated gate,
rag-hallucination-detection_main,human_eval_final/n99_calibration/human_eval_summary.csv,167,db4ffc9cc343951fa8be55f13a1c047c1d212bae5475a96fbc08d7f18a6d70ce,yes,include,publication-safe under automated gate,
rag-hallucination-detection_main,human_eval_final/n99_calibration/human_eval_verification.csv,398,636afc1d68ceca32ea36a500da1c65aa261ef7d199336f50f040568d620c047d,yes,include,publication-safe under automated gate,
rag-hallucination-detection_main,requirements-full.txt,288,cd6b7f09128f611182a285f9b92c76e15a23e004d294d4fbfb010cc885b900f2,yes,include,publication-safe under automated gate,
rag-hallucination-detection_main,requirements.txt,62,8cfba397b31568af14f01c2a9d4da2897ee9d4dc337abef8baf10d5d2b2227e9,yes,include,publication-safe under automated gate,
rag-hallucination-detection_main,results/multi_retriever/completed_tuples.json,230,9b81933237c92491435db037e2eb474789026bca94c7fec60b42a474367fed80,yes,include,publication-safe under automated gate,
rag-hallucination-detection_main,results/multi_retriever/paradox_by_embedder.csv,886,c10e773692bea1608e5ebdc1191404915949a2982d04e13494caa8a7a3ae7345,yes,include,publication-safe under automated gate,
rag-hallucination-detection_main,results/multi_retriever/summary.csv,1569,f581f4e134c017462dce7d817f6425ab269d57f759164c02efd54f29d9a4cc0f,yes,include,publication-safe under automated gate,
rag-hallucination-detection_main,results/multi_retriever/summary.md,6844,0ede46b5b56e71ad29912e0c5c04e86d8904e5aa6fda199c8ffb1053a37b2df0,yes,include,publication-safe under automated gate,
rag-hallucination-detection_main,results/revision/context_conditioned_nli/contrasts_n600.csv,938,66071f53c43b107f7ec5898fe580dca96c36ebfe6df935d58b9930d9eee7d99c,yes,include,publication-safe under automated gate,
rag-hallucination-detection_main,results/revision/context_conditioned_nli/n99_alignment_spearmans.csv,602,ee25150970c23c1e4ad036ccdb3d787f8c00e3aa6902efacc646cbc5ed354680,yes,include,publication-safe under automated gate,
rag-hallucination-detection_main,results/revision/context_conditioned_nli/n99_alignment_summary.csv,594,1f81dad2aa0ee33b19a0e1d5a37d285e21adfef4318afac44682ba952a8583cd,yes,include,publication-safe under automated gate,
rag-hallucination-detection_main,results/revision/context_conditioned_nli/n99_with_ctx_scores.csv,160846,5405b3484ba6e0fd5bf102bcc2dd9e4a53b1cbe4d7761d8d7adb591c96ee2955,yes,include,publication-safe under automated gate,
rag-hallucination-detection_main,results/revision/fix_01/bootstrap_ci.csv,133,cd62c9ccab41319fa2ac668ca47c272360713d2f780a6fca2bb0c6e91e3fe5f0,yes,include,publication-safe under automated gate,
rag-hallucination-detection_main,results/revision/fix_01/construction_summary.csv,180,e38644ff25376cb4025d20c41ecd784b60d68ecc34ee2b80428a79a0310e3e83,yes,include,publication-safe under automated gate,
rag-hallucination-detection_main,results/revision/fix_01/match_diagnostics.csv,278,87a4493d5775642a13149feb0ff427b829b004034ed9dfd0f48442255b89a6ee,yes,include,publication-safe under automated gate,
rag-hallucination-detection_main,results/revision/fix_01/matched_ccs_faithfulness_quantiles.csv,160,a7fa5930aaac4d5e4f69b32efe8f79140bfe9c91540bc762e8501edf951a7eb0,yes,include,publication-safe under automated gate,
rag-hallucination-detection_main,results/revision/fix_01/matched_ccs_threshold_rates.csv,136,50ba47ea936c337c953b9ff493cd2b471bc8d34fa118e8bb0dfd12710123f5db,yes,include,publication-safe under automated gate,
rag-hallucination-detection_main,results/revision/fix_01/paired_wilcoxon.csv,562,7046d1aec621bcc2436d706af7fd3b535f65d2b0ff6e04591f7afad312f6ae30,yes,include,publication-safe under automated gate,
rag-hallucination-detection_main,results/revision/fix_01/summary.md,2710,5153f64d26df90e97623cb2435d96ba60f8b7e3835320d791a2cb4fac172b73a,yes,include,publication-safe under automated gate,
rag-hallucination-detection_main,results/revision/fix_02/headline_table.csv,545,0fb1b3ad01172ba53769241f589e86236cebd8a203dd3ce81aa40a11df519aef,yes,include,publication-safe under automated gate,
rag-hallucination-detection_main,results/revision/fix_02/headline_table_gpu0.csv,537,607d976183ce89b94d2b7c1cf22c639e85d58c66c9aeb618b69d0b37c0a33098,yes,include,publication-safe under automated gate,
rag-hallucination-detection_main,results/revision/fix_02/headline_table_gpu1.csv,539,e85e33508ebc5263ceef61cab3d27cb2ecf712454e55ddfdb1f00fa3a154135e,yes,include,publication-safe under automated gate,
rag-hallucination-detection_main,results/revision/fix_02/paired_contrasts.csv,1502,3c195666d369848ca935ce14cee1563b03bd03614e4b7cd5375dd59baed51f85,yes,include,publication-safe under automated gate,
rag-hallucination-detection_main,results/revision/fix_02/paired_contrasts_gpu0.csv,379,fdcbefde9f27600cb59fffd11b53eaa4f960f89fcd176ea3f5b84cc3c284bb2b,yes,include,publication-safe under automated gate,
rag-hallucination-detection_main,results/revision/fix_02/paired_contrasts_gpu1.csv,664,057d2b08ab697432e586409f798b10ac5375d2f5c6bbf15ba98ce8e4d6a1d4aa,yes,include,publication-safe under automated gate,
rag-hallucination-detection_main,results/revision/fix_02/summary.md,3994,41489efadf6613d988f88f8b79a7c3b2a55638df088538cf8a6d8aa34c3a8633,yes,include,publication-safe under automated gate,
rag-hallucination-detection_main,results/revision/fix_02/summary_gpu0.md,2194,fbd78a6bbea8057f15c8ba0e726cdb0a20a9b3881c517aa9c54bbbc2b55bd35f,yes,include,publication-safe under automated gate,
rag-hallucination-detection_main,results/revision/fix_02/summary_gpu1.md,2644,1250e432dfa9f5d980707463c6b591dce7761e24e90652c34c74e1f12ce24de8,yes,include,publication-safe under automated gate,
rag-hallucination-detection_main,results/revision/fix_03/bootstrap_correlation_cis.csv,1597,2454083c0148ffef1e14fc1fb83485e0d9fb4ff3974a116c940371b09cf9e7b8,yes,include,publication-safe under automated gate,
rag-hallucination-detection_main,results/revision/fix_03/disagreement_alignment_n100.csv,1266,6ad02f9f30c99b7a720cb2ac4330dc908f20784ee2cf88900c9585d27e6c9e96,yes,include,publication-safe under automated gate,
rag-hallucination-detection_main,results/revision/fix_03/human_eval_correlations.csv,236,d7a894f84ef620297d53030c5c373432c50bdfdcb52e4743d766c8106e75bb25,yes,include,publication-safe under automated gate,
rag-hallucination-detection_main,results/revision/fix_03/human_eval_label_distribution.csv,104,41df52b1156990f614118b4c2f17fcfae8313efebdb915a64ec2ec2fdbb2e843,yes,include,publication-safe under automated gate,
rag-hallucination-detection_main,results/revision/fix_03/human_eval_summary.csv,167,db4ffc9cc343951fa8be55f13a1c047c1d212bae5475a96fbc08d7f18a6d70ce,yes,include,publication-safe under automated gate,
rag-hallucination-detection_main,results/revision/fix_03/human_eval_verification.csv,220,6e9f7d448f69d5786039b5e48437f6a1249b9fd9b286908e6bfe3b0135b62fa1,yes,include,publication-safe under automated gate,
rag-hallucination-detection_main,results/revision/fix_03/human_eval_verification.md,741,100dbf531533d82d0faecc0a08edeb8e8399e62bcf4dabad1e15f0adc65b5984,yes,include,publication-safe under automated gate,
rag-hallucination-detection_main,results/revision/fix_03/metric_correlations.csv,318,6ed98e71c6c3768dbfea3d7e364f19f726e7f09352e929dd4ede2474d05c72e0,yes,include,publication-safe under automated gate,
rag-hallucination-detection_main,results/revision/fix_03/standardized_scorer_fragility.csv,1619,80728bcacc28415491c07f7fbb26a1437221088a1fddd8afb5c61e1e5da1707f,yes,include,publication-safe under automated gate,
rag-hallucination-detection_main,results/revision/fix_03/summary.md,982,7a8ceb15fa4b91a3611200b225f6819873903be5b0aba8ebe49df0fdd3904579,yes,include,publication-safe under automated gate,
rag-hallucination-detection_main,results/revision/fix_03/table1_multimetric.csv,183,6f808491031d27256c0e5d7fd0c4577dd3df555c14c3667985720a280ffa65c3,yes,include,publication-safe under automated gate,
rag-hallucination-detection_main,results/revision/fix_04/generalization_flags.csv,332,5ed90e7d62ad2c05e38c130c4b5ab0d7177dc9ceb142e33e81ec31df9a907325,yes,include,publication-safe under automated gate,
rag-hallucination-detection_main,results/revision/fix_04/summary.md,3956,d8e0f7c8537300e45ad9d27d75ac66899794a6e45b492a0c87e442b0afc5f725,yes,include,publication-safe under automated gate,
rag-hallucination-detection_main,results/revision/fix_04/tau_summary.csv,1282,70057fa52fd77b3e38de5c858da2485e3a719e2678e5efeebd15f0e72b069b21,yes,include,publication-safe under automated gate,
rag-hallucination-detection_main,results/revision/fix_04/tau_transfer_matrix.csv,353,6eb1d877d190efb93fd556bb2386d7c48688081fcbe51f25a071a5b3726b991e,yes,include,publication-safe under automated gate,
rag-hallucination-detection_main,results/revision/fix_05/noise_summary.csv,546,286140d064c277f6f58eb16aa609c771d5652593176f93841b203b6cb0529a00,yes,include,publication-safe under automated gate,
rag-hallucination-detection_main,results/revision/fix_05/slope_response.csv,211,de72dac188a68d2ed87536928875571cb117854fd94825c303c2cdc24dd8280f,yes,include,publication-safe under automated gate,
rag-hallucination-detection_main,results/revision/fix_05/summary.md,1640,7e6499be72bea4fb706efb93186b09c723ddc377083f29fb000a2f41af99a374,yes,include,publication-safe under automated gate,
rag-hallucination-detection_main,results/revision/fix_06/h2h_summary.csv,615,b6f8d3280cd8104a46654ca09c59cbbc6d78bfefec102557beffe5ecd9b588c8,yes,include,publication-safe under automated gate,
rag-hallucination-detection_main,results/revision/fix_06/h2h_summary_with_ci.csv,912,237649fe07cd0bf810b2294ef1f6968eaa9db9d7a5a88c940dd34f49e292dca8,yes,include,publication-safe under automated gate,
rag-hallucination-detection_main,results/revision/fix_06/summary.md,1533,ec840cfcf3a364a6b1ccf2ddd5c1e030d304f07530331850b7a43e609d8e36db,yes,include,publication-safe under automated gate,
rag-hallucination-detection_main,results/revision/fix_11/raptor_full_table.csv,335,bbef250bd283be0c56b596414b3cdb7da8e12b7af964cb7bf9145115b614321e,yes,include,publication-safe under automated gate,
rag-hallucination-detection_main,results/revision/fix_11/raptor_indexing_costs.csv,155,15ccdb24eaca661f28704cf360c27642e85989efc2d0f18efae12e2208b1543f,yes,include,publication-safe under automated gate,
rag-hallucination-detection_main,results/revision/fix_11/summary.md,917,62933fb2249f3828e04f188556fc4b915d0a468f627489ab75036ae6e2ec016b,yes,include,publication-safe under automated gate,
rag-hallucination-detection_main,results/revision/fix_12/span_control_models.csv,2479,a79841a1b07c1630680a539309eb48742d5bf4077514dd55b0b56b0a63978bb8,yes,include,publication-safe under automated gate,
rag-hallucination-detection_main,results/revision/fix_12/span_control_report.md,7295,7bcaa0e9f9612608b0a0a69eb868ecf6d1a3dd0eea6df7df26cb223caa350d37,yes,include,publication-safe under automated gate,
rag-hallucination-detection_main,results/revision/fix_12/span_control_summary.csv,370,a0d2213d3a93d741c9ad761d6c41ecd5ede3f877e5c9a7d60638d0d33ec6166d,yes,include,publication-safe under automated gate,
rag-hallucination-detection_main,results/revision/fix_13/retriever_sanity_report.md,6212,294c4a498fbdf3c2f9b88755276d87a69e9f2ece4486fbc0a73e490d6704c772,yes,include,publication-safe under automated gate,
rag-hallucination-detection_main,results/revision/fix_13/retriever_sanity_summary.csv,1674,b8f53335bd955b57e124dbe214303a7079ae93e8aacac5344b21db087b242e64,yes,include,publication-safe under automated gate,
rag-hallucination-detection_main,results/revision/fix_14/second_generator_correlations.csv,349,549d55fabc09beab0cf27a3f4aef890ca9ca7167ce2c1bedfa5ae73cd353d801,yes,include,publication-safe under automated gate,
rag-hallucination-detection_main,results/revision/fix_14/second_generator_metrics.csv,374,cdee820e97afe2077d981d45817a8d79431cdf128e6b8d095e3a952fad8c92e1,yes,include,publication-safe under automated gate,
rag-hallucination-detection_main,results/revision/fix_14/second_generator_report.md,2007,8650891c5826bb8bc9a59b7cfa7e86b2eec384709e93d0d286ed34f4c3affa8d,yes,include,publication-safe under automated gate,
rag-hallucination-detection_main,results/revision/fix_15/longform_stress_report.md,4257,dc25c18e7a11dc56425ce7bbe65354c89830c39423448f89ef883450c0578b83,yes,include,publication-safe under automated gate,
rag-hallucination-detection_main,results/revision/fix_15/longform_stress_summary.csv,1039,35f77fc9a17d2425074ee47990a09add58c1e87d39fec48032aa111dbaee4005,yes,include,publication-safe under automated gate,
rag-hallucination-detection_main,run_all_analysis.sh,220,f3f802ce7357bb5a3a5fe1b51e197b207bc24280366f296f16ea09dd87ddd265,yes,include,publication-safe under automated gate,
rag-hallucination-detection_main,scripts/analyze_human_disagreement_labels.py,14235,142e40516fd165eae76f71a4feb10d655c5d50d13abbd7481c2a8112b1c48a16,yes,include,publication-safe under automated gate,
rag-hallucination-detection_main,scripts/build_benchmark_v2.py,7309,d5e5a9d1ee8872d4ecc784c2347887db6d3cdd5b2474361511c1f9678af9bc0e,yes,include,publication-safe under automated gate,
rag-hallucination-detection_main,scripts/build_results_summary.py,8584,691c1a0c25dedb7827517689a9806e0fa32c45e0f6a482735f3bfb43f5e7ffc7,yes,include,publication-safe under automated gate,
rag-hallucination-detection_main,scripts/check_progress.py,283,2ff8676a538924e4bb343f07d8227c9485c864e41ebc5095d186d813cd45d631,yes,include,publication-safe under automated gate,
rag-hallucination-detection_main,scripts/compute_cost_headtohead_cis.py,3334,ef7fa5e9098bfb0567faada4fa07284c5647c38f0aab668ead87428a5c103cbf,yes,include,publication-safe under automated gate,
rag-hallucination-detection_main,scripts/compute_matched_ccs_distribution.py,2012,bb9239e933860ced5d12eb74e9dfd3c18561bdcd14caa6c6fff70edeed4fcc20,yes,include,publication-safe under automated gate,
rag-hallucination-detection_main,scripts/compute_nli_human_correlation.py,954,b5fe07070de0ba8ee347f153bf143d450c4cb16dae30611da2382cc5e5933d03,yes,include,publication-safe under automated gate,
rag-hallucination-detection_main,scripts/compute_standardized_scorer_fragility.py,4911,26f5fe136f1f98646d00643ab62d01776ef04dd103fea6df2b0b4532b780fff3,yes,include,publication-safe under automated gate,
rag-hallucination-detection_main,scripts/generate_consolidated_results.py,29082,222829b0d0a3714330b090390dcc01787493408666adf07361c3f649b2f52178,yes,include,publication-safe under automated gate,
rag-hallucination-detection_main,scripts/generate_validation_sample.py,2899,457d07937a7053d466ae6448211023b86cd475bc74d424a4b57c6170d84cfe33,yes,include,publication-safe under automated gate,
rag-hallucination-detection_main,scripts/prepare_human_disagreement_eval.py,1552,c1fd549cc14c21760de00c2a173fb132512be412da5831ca2a0ff028e79eb2c4,yes,include,publication-safe under automated gate,
rag-hallucination-detection_main,scripts/repair_multidataset_rows.py,5698,480e7b6e01f6f5be4fc5024f03096524df2170d64c3c825550503581451b4c77,yes,include,publication-safe under automated gate,
rag-hallucination-detection_main,scripts/run_context_conditioned_nli_scoring.py,10743,4595fdacbdb85e61fbbb66bbaae0ae9c680c8965d20a98554b37eeada6b6ac79,yes,include,publication-safe under automated gate,
rag-hallucination-detection_main,scripts/select_human_disagreement_cases.py,10162,082a48e1a251d8553761eecd02f52e7a6d2ccbcc443fc6d2d2561b78e06d024b,yes,include,publication-safe under automated gate,
rag-hallucination-detection_main,scripts/verify_human_eval.py,5128,71f6b3800f2cf1f821b41a490b5df42f957ff695a9147590f7dfe6a2a547f1d4,yes,include,publication-safe under automated gate,
rag-hallucination-detection_main,source_tables/longform_stress_summary.csv,1039,35f77fc9a17d2425074ee47990a09add58c1e87d39fec48032aa111dbaee4005,yes,include,publication-safe under automated gate,
rag-hallucination-detection_main,source_tables/retriever_sanity_summary.csv,1674,b8f53335bd955b57e124dbe214303a7079ae93e8aacac5344b21db087b242e64,yes,include,publication-safe under automated gate,
rag-hallucination-detection_main,source_tables/second_generator_metrics.csv,374,cdee820e97afe2077d981d45817a8d79431cdf128e6b8d095e3a952fad8c92e1,yes,include,publication-safe under automated gate,
rag-hallucination-detection_main,source_tables/span_control_summary.csv,1276,703d4c44a6c0522e2b31f919d7bd7bb17914a0bee0fb9c23eb5fc8cca90e4c6a,yes,include,publication-safe under automated gate,
rag-hallucination-detection_main,src/__init__.py,0,e3b0c44298fc1c149afbf4c8996fb92427ae41e4649b934ca495991b7852b855,yes,include,publication-safe under automated gate,
rag-hallucination-detection_main,src/ablation.py,5673,1de763df84f67de8d163dc94d4e9f4d198b888010d91552bc5966ff56b56e69b,yes,include,publication-safe under automated gate,
rag-hallucination-detection_main,src/adaptive_chunker.py,12223,40aca5084c5d5cadfd6aa0eac1bb229c1cab2c0ca1f8d904dbc3a8018098da78,yes,include,publication-safe under automated gate,
rag-hallucination-detection_main,src/adversarial_cases.py,3995,9a6b5013ff760273aafd820319f2404bb83567e99a2749fc31cc9c4d9936afac,yes,include,publication-safe under automated gate,
rag-hallucination-detection_main,src/ccs_gate_retriever.py,6523,c6d7233325ce510bf1caf63b626f80c16e2f8eeaa0792ce85fe2cc9e2fe470d3,yes,include,publication-safe under automated gate,
rag-hallucination-detection_main,src/coherence_metrics.py,13685,b29c9867d3cb8a21e12106b760323348b140103cf9902562d54b0a4c72854f16,yes,include,publication-safe under automated gate,
rag-hallucination-detection_main,src/crag_retriever.py,8876,5e2bd42806c042c93be513c94a68f39757c5f655abe88eb620950c560fad9a74,yes,include,publication-safe under automated gate,
rag-hallucination-detection_main,src/data_loader.py,1407,fab6a4c5b7163854efdcf29d4ec5037a1f6e3125ecf8b0d2cee7dc4778907c99,yes,include,publication-safe under automated gate,
rag-hallucination-detection_main,src/dataset_loaders.py,25551,3ffda5f65adf13890b1366652857f9bc168302aa4ec3482c3d87e65f0cd9785b,yes,include,publication-safe under automated gate,
rag-hallucination-detection_main,src/embedders.py,7598,819a0867ae596c499fb4d03c1432af0d98ce35401aa3b0a59ab9f3e8c7e5a2a5,yes,include,publication-safe under automated gate,
rag-hallucination-detection_main,src/evaluator.py,3392,5afc83d1c2467bc5d1cfe4ba77ff0c6f600d6e944d99ae1c79b9f8e905f532c9,yes,include,publication-safe under automated gate,
rag-hallucination-detection_main,src/failure_logger.py,7463,281325f72d916d0b6be7aee723a523eafc6dfe879179dffc878df0bd1fcf72c8,yes,include,publication-safe under automated gate,
rag-hallucination-detection_main,src/generators.py,2769,dd4045b2e82f0bac1858f2e1c7e6ec51b65a4408166aafb8e2226ec73c8588a8,yes,include,publication-safe under automated gate,
rag-hallucination-detection_main,src/groq_llm.py,4895,0336e1ad206d4204d47782db0b7a4c74e6ca91c9e18c68e4e03d262020b7986d,yes,include,publication-safe under automated gate,
rag-hallucination-detection_main,src/hallucination_detector.py,3808,f29e352e4b02b1181450e860e284d6b560ba42e043df90eda374caa40c28ee5f,yes,include,publication-safe under automated gate,
rag-hallucination-detection_main,src/hcpc_retriever.py,15246,8670976d7335bd50d7eb92c09d39884bae4492d7fce9cb60ef25a053bc59a65a,yes,include,publication-safe under automated gate,
rag-hallucination-detection_main,src/hcpc_v2_retriever.py,23622,642df44f74524436232d67abb1de6371e050f1ed8308a9c6f104db93239c4865,yes,include,publication-safe under automated gate,
rag-hallucination-detection_main,src/longform_metrics.py,7322,370e1707b61cd3d66f0189c9de397379e21db233953cae16ed2adc8569a570a5,yes,include,publication-safe under automated gate,
rag-hallucination-detection_main,src/mechanistic.py,13358,116fe18940336be8e6e8493fff223e174b043d2aef9be8dfb8ba4cec7919f64b,yes,include,publication-safe under automated gate,
rag-hallucination-detection_main,src/mmr_retriever.py,4682,bee5f5db3af3920e2e4f6d28b71a9a27b7327cb5342a5d5e02c8a603f5b43726,yes,include,publication-safe under automated gate,
rag-hallucination-detection_main,src/pubmedqa_loader.py,1014,b17138960a9c1be97bbdc12f79230f71b5b1e0fa82c57f0ef9c02fc9ef9ca2da,yes,include,publication-safe under automated gate,
rag-hallucination-detection_main,src/rag_pipeline.py,7972,9d794b9b2df0089e621a05d14f624ee73ec2e432b99c423781922e4acf866ea1,yes,include,publication-safe under automated gate,
rag-hallucination-detection_main,src/ragas_scorer.py,3122,ed7075531170ebbd337bbeceb3e9abd37db2de1d3df9e97bf0b0151c6cf775a0,yes,include,publication-safe under automated gate,
rag-hallucination-detection_main,src/raptor_retriever.py,14588,37987536bebdeb1c3695c6cc49ea0c3f00672d43a34184e1e389d45ac0b12705,yes,include,publication-safe under automated gate,
rag-hallucination-detection_main,src/reranker.py,7786,487802a0f33daec6bb33ab6010cc9b11f9e671d80e6a45a4f18d79c37a20c86a,yes,include,publication-safe under automated gate,
rag-hallucination-detection_main,src/retrieval_metrics.py,3359,9d4a9f47fb6781a1aeca8c84921c3fabf9f11733ca843cb541e3f9ef5a90bea6,yes,include,publication-safe under automated gate,
rag-hallucination-detection_main,src/together_llm.py,2191,9553b2d457661062b287227e6872026db3859cfe4a77dec7e056d1ff7ed3500c,yes,include,publication-safe under automated gate,
rag-hallucination-detection_main,src/vectara_hem_scorer.py,3319,1def6db4c5e5c51e96ef4c3c59579ff81b801a3abd0daf92ad08c72d8a145853,yes,include,publication-safe under automated gate,
rag-hallucination-detection_main,submission_package/neurips2026_reviewer_artifact_anonymous.zip,852224,7e03cb61734f7cd9a56cd6f3ff9acecffdbc9726c835d3f8ec59dffeccce8528,yes,include,publication-safe under automated gate,
rag-hallucination-detection_main,tests/conftest.py,1522,f950a12c794c6e15f7b5ecb8182241513f6c2aa156e7c1517097c3b1239d692c,yes,include,publication-safe under automated gate,
rag-hallucination-detection_main,tests/test_ccs.py,3823,936814084204edb17fda40477ba6cd70a1cd49f63e2f4782440ff1a3936bd60a,yes,include,publication-safe under automated gate,
