source_row,question,ground_truth,condition,answer,context,faithfulness_score,is_hallucination,mean_retrieval_similarity,refined,ccs,latency_s,dataset,seed,model,backend
129,What does refusing to preach the Ten Commandments not do?,eliminate the accusing law,baseline," Refusing to preach the Ten Commandments among Christians, according to the provided context, does not eliminate the accusing law.","In his theses and disputations against the antinomians, Luther reviews and reaffirms, on the one hand, what has been called the ""second use of the law,"" that is, the law as the Holy Spirit's tool to work sorrow over sin in man's heart, thus preparing him for Christ's fulfillment of the law offered in the gospel. Luther states that everything that is used to work sorrow over sin is called the law, even if it is Christ's life, Christ's death for sin, or God's goodness experienced in creation. Simply refusing to preach the Ten Commandments among Christians – thereby, as it were, removing the three letters l-a-w from the church – does not eliminate the accusing law. Claiming that the law – in any form – should not be preached to Christians anymore would be tantamount to asserting that Christians are no longer sinners in themselves and that the church consists only of essentially holy people.

---

On the other hand, Luther also points out that the Ten Commandments – when considered not as God's condemning judgment but as an expression of his eternal will, that is, of the natural law – also positively teach how the Christian ought to live. This has traditionally been called the ""third use of the law."" For Luther, also Christ's life, when understood as an example, is nothing more than an illustration of the Ten Commandments, which a Christian should follow in his or her vocations on a daily basis.

---

The Ten Commandments, and the beginnings of the renewed life of Christians accorded to them by the sacrament of baptism, are a present foreshadowing of the believers' future angel-like life in heaven in the midst of this life. Luther's teaching of the Ten Commandments, therefore, has clear eschatological overtones, which, characteristically for Luther, do not encourage world-flight but direct the Christian to service to the neighbor in the common, daily vocations of this perishing world.",0.4231,True,0.4918,False,-1.0,1.334,squad,41,mistral,ollama
130,What does refusing to preach the Ten Commandments not do?,eliminate the accusing law,hcpc_v1," I cannot find this information in the provided context about what refusing to preach the Ten Commandments does not do. The context only mentions that it doesn't eliminate the accusing law, but it doesn't specify what it doesn't do beyond that.",". Simply refusing to preach the Ten Commandments among Christians – thereby, as it were, removing the three letters l-a-w from the church – does not eliminate the accusing law

---

On the other hand, Luther also points out that the Ten Commandments – when considered not as God's condemning judgment but as an expression of his eternal will, that is, of the natural law – also positively teach how the Christian ought to live

---

. Luther's teaching of the Ten Commandments, therefore, has clear eschatological overtones, which, characteristically for Luther, do not encourage world-flight but direct the Christian to service to the neighbor in the common, daily vocations of this",0.527,False,0.6113,False,-1.0,1.917,squad,41,mistral,ollama
131,What does refusing to preach the Ten Commandments not do?,eliminate the accusing law,hcpc_v2," Refusing to preach the Ten Commandments among Christians, according to the provided context, does not eliminate the accusing law.","In his theses and disputations against the antinomians, Luther reviews and reaffirms, on the one hand, what has been called the ""second use of the law,"" that is, the law as the Holy Spirit's tool to work sorrow over sin in man's heart, thus preparing him for Christ's fulfillment of the law offered in the gospel. Luther states that everything that is used to work sorrow over sin is called the law, even if it is Christ's life, Christ's death for sin, or God's goodness experienced in creation. Simply refusing to preach the Ten Commandments among Christians – thereby, as it were, removing the three letters l-a-w from the church – does not eliminate the accusing law. Claiming that the law – in any form – should not be preached to Christians anymore would be tantamount to asserting that Christians are no longer sinners in themselves and that the church consists only of essentially holy people.

---

On the other hand, Luther also points out that the Ten Commandments – when considered not as God's condemning judgment but as an expression of his eternal will, that is, of the natural law – also positively teach how the Christian ought to live. This has traditionally been called the ""third use of the law."" For Luther, also Christ's life, when understood as an example, is nothing more than an illustration of the Ten Commandments, which a Christian should follow in his or her vocations on a daily basis.

---

The Ten Commandments, and the beginnings of the renewed life of Christians accorded to them by the sacrament of baptism, are a present foreshadowing of the believers' future angel-like life in heaven in the midst of this life. Luther's teaching of the Ten Commandments, therefore, has clear eschatological overtones, which, characteristically for Luther, do not encourage world-flight but direct the Christian to service to the neighbor in the common, daily vocations of this perishing world.",0.4231,True,0.4918,False,0.6114,1.313,squad,41,mistral,ollama
132,What does the Museum of the Polish Army portray the history of?,arms,baseline, The Museum of the Polish Army portrays the history of arms.,"A fine tribute to the fall of Warsaw and history of Poland can be found in the Warsaw Uprising Museum and in the Katyń Museum which preserves the memory of the crime. The Warsaw Uprising Museum also operates a rare preserved and operating historic stereoscopic theatre, the Warsaw Fotoplastikon. The Museum of Independence preserves patriotic and political objects connected with Poland's struggles for independence. Dating back to 1936 Warsaw Historical Museum contains 60 rooms which host a permanent exhibition of the history of Warsaw from its origins until today.

---

As interesting examples of expositions the most notable are: the world's first Museum of Posters boasting one of the largest collections of art posters in the world, Museum of Hunting and Riding and the Railway Museum. From among Warsaw's 60 museums, the most prestigious ones are National Museum with a collection of works whose origin ranges in time from antiquity till the present epoch as well as one of the best collections of paintings in the country including some paintings from Adolf Hitler's private collection, and Museum of the Polish Army whose set portrays the history of arms.

---

The city is the seat of a Roman Catholic archdiocese (left bank of the Vistula) and diocese (right bank), and possesses various universities, most notably the Polish Academy of Sciences and the University of Warsaw, two opera houses, theatres, museums, libraries and monuments. The historic city-centre of Warsaw with its picturesque Old Town in 1980 was listed as a UNESCO World Heritage Site. Other main architectural attractions include the Castle Square with the Royal Castle and the iconic King Sigismund's Column, St. John's Cathedral, Market Square, palaces, churches and mansions all displaying a richness of colour and architectural detail. Buildings represent examples of nearly every European architectural style and historical period. Warsaw provides many examples of architecture from the gothic, renaissance, baroque and neoclassical periods, and around a quarter of the city is filled with luxurious parks and royal gardens.",0.7666,False,0.5275,False,-1.0,0.947,squad,41,mistral,ollama
133,What does the Museum of the Polish Army portray the history of?,arms,hcpc_v1, The Museum of the Polish Army set portrays the history of arms.,". The Warsaw Uprising Museum also operates a rare preserved and operating historic stereoscopic theatre, the Warsaw Fotoplastikon. The Museum of Independence preserves patriotic and political objects connected with Poland's struggles for independence

---

in the country including some paintings from Adolf Hitler's private collection, and Museum of the Polish Army whose set portrays the history of arms.

---

The city is the seat of a Roman Catholic archdiocese (left bank of the Vistula) and diocese (right bank), and possesses various universities, most notably the Polish Academy of Sciences and the University of Warsaw, two opera houses, theatres, museums,",0.7321,False,0.6015,False,-1.0,0.688,squad,41,mistral,ollama
134,What does the Museum of the Polish Army portray the history of?,arms,hcpc_v2, The Museum of the Polish Army portrays the history of arms.,"A fine tribute to the fall of Warsaw and history of Poland can be found in the Warsaw Uprising Museum and in the Katyń Museum which preserves the memory of the crime. The Warsaw Uprising Museum also operates a rare preserved and operating historic stereoscopic theatre, the Warsaw Fotoplastikon. The Museum of Independence preserves patriotic and political objects connected with Poland's struggles for independence. Dating back to 1936 Warsaw Historical Museum contains 60 rooms which host a permanent exhibition of the history of Warsaw from its origins until today.

---

As interesting examples of expositions the most notable are: the world's first Museum of Posters boasting one of the largest collections of art posters in the world, Museum of Hunting and Riding and the Railway Museum. From among Warsaw's 60 museums, the most prestigious ones are National Museum with a collection of works whose origin ranges in time from antiquity till the present epoch as well as one of the best collections of paintings in the country including some paintings from Adolf Hitler's private collection, and Museum of the Polish Army whose set portrays the history of arms.

---

The city is the seat of a Roman Catholic archdiocese (left bank of the Vistula) and diocese (right bank), and possesses various universities, most notably the Polish Academy of Sciences and the University of Warsaw, two opera houses, theatres, museums, houses, theatres, museums, libraries and monuments . The historic city-centre of Warsaw with its picturesque Old Town in 1980 was listed as a UNESCO World Heritage Site. Other main architectural attractions include the Castle Square with the Royal Castle and the iconic King Sigismund's Column, St . John's Cathedral, Market Square, palaces, churches and mansions all displaying a richness of colour and architectural detail. Buildings represent examples of nearly every European architectural style and historical period . Warsaw provides many examples of architecture from the gothic, renaissance, baroque and neoclassical periods, and around a quarter of the city is filled with luxurious parks and royal gardens.",0.7666,False,0.5342,True,0.4673,1.019,squad,41,mistral,ollama
168,Which city is the most populous in California?,Los Angeles,baseline, Los Angeles,"Within southern California are two major cities, Los Angeles and San Diego, as well as three of the country's largest metropolitan areas. With a population of 3,792,621, Los Angeles is the most populous city in California and the second most populous in the United States. To the south and with a population of 1,307,402 is San Diego, the second most populous city in the state and the eighth most populous in the nation.

---

Los Angeles (at 3.7 million people) and San Diego (at 1.3 million people), both in southern California, are the two largest cities in all of California (and two of the eight largest cities in the United States). In southern California there are also twelve cities with more than 200,000 residents and 34 cities over 100,000 in population. Many of southern California's most developed cities lie along or in close proximity to the coast, with the exception of San Bernardino and Riverside.

---

Its counties of Los Angeles, Orange, San Diego, San Bernardino, and Riverside are the five most populous in the state and all are in the top 15 most populous counties in the United States.",0.4172,True,0.706,False,-1.0,0.421,squad,41,mistral,ollama
169,Which city is the most populous in California?,Los Angeles,hcpc_v1, Los Angeles,". With a population of 3,792,621, Los Angeles is the most populous city in California and the second most populous in the United States

---

Los Angeles (at 3.7 million people) and San Diego (at 1.3 million people), both in southern California, are the two largest cities in all of California (and two of the eight largest cities in the United States)

---

Its counties of Los Angeles, Orange, San Diego, San Bernardino, and Riverside are the five most populous in the state and all are in the top 15 most populous counties in the United States.",0.4172,True,0.6942,False,-1.0,0.273,squad,41,mistral,ollama
170,Which city is the most populous in California?,Los Angeles,hcpc_v2, Los Angeles,"Within southern California are two major cities, Los Angeles and San Diego, as well as three of the country's largest metropolitan areas. With a population of 3,792,621, Los Angeles is the most populous city in California and the second most populous in the United States. To the south and with a population of 1,307,402 is San Diego, the second most populous city in the state and the eighth most populous in the nation.

---

Los Angeles (at 3.7 million people) and San Diego (at 1.3 million people), both in southern California, are the two largest cities in all of California (and two of the eight largest cities in the United States). In southern California there are also twelve cities with more than 200,000 residents and 34 cities over 100,000 in population. Many of southern California's most developed cities lie along or in close proximity to the coast, with the exception of San Bernardino and Riverside.

---

Its counties of Los Angeles, Orange, San Diego, San Bernardino, and Riverside are the five most populous in the state and all are in the top 15 most populous counties in the United States.",0.4172,True,0.706,False,0.6225,0.425,squad,41,mistral,ollama
279,What area in modern-day Canada received Huguenot immigrants?,Quebec,baseline," I cannot find this information in the provided context. The context only mentions Quebec in relation to North America, but it does not specify any specific area in modern-day Canada that received Huguenot immigrants.","Approximately one million Protestants in modern France represent some 2% of its population. Most are concentrated in Alsace in northeast France and the Cévennes mountain region in the south, who still regard themselves as Huguenots to this day.[citation needed] A diaspora of French Australians still considers itself Huguenot, even after centuries of exile. Long integrated into Australian society, it is encouraged by the Huguenot Society of Australia to embrace and conserve its cultural heritage, aided by the Society's genealogical research services.

---

The bulk of Huguenot émigrés relocated to Protestant European nations such as England, Wales, Scotland, Denmark, Sweden, Switzerland, the Dutch Republic, the Electorate of Brandenburg and Electorate of the Palatinate in the Holy Roman Empire, the Duchy of Prussia, the Channel Islands, and Ireland. They also spread beyond Europe to the Dutch Cape Colony in South Africa, the Dutch East Indies, the Caribbean, and several of the English colonies of North America, and Quebec, where they were accepted and allowed to worship freely.

---

In 1700 several hundred French Huguenots migrated from England to the colony of Virginia, where the English Crown had promised them land grants in Lower Norfolk County. When they arrived, colonial authorities offered them instead land 20 miles above the falls of the James River, at the abandoned Monacan village known as Manakin Town, now in Powhatan County. Some settlers landed in present-day Chesterfield County. On 12 May 1705, the Virginia General Assembly passed an act to naturalise the 148 Huguenots still resident at Manakintown. Of the original 390 settlers in the isolated settlement, many had died; others lived outside town on farms in the English style; and others moved to different areas. Gradually they intermarried with their English neighbors. Through the 18th and 19th centuries, descendants of the French migrated west into the Piedmont, and across the Appalachian Mountains into the West of what became Kentucky, Tennessee, Missouri, and other states",0.5611,False,0.5755,False,-1.0,1.823,squad,41,mistral,ollama
280,What area in modern-day Canada received Huguenot immigrants?,Quebec,hcpc_v1," I cannot find this information in the provided context. The context only mentions migrations to various European countries and Virginia, USA, but not any specific area in modern-day Canada.",". Most are concentrated in Alsace in northeast France and the Cévennes mountain region in the south, who still regard themselves as Huguenots to this day.[citation needed] A diaspora of French Australians still considers itself Huguenot, even after

---

The bulk of Huguenot émigrés relocated to Protestant European nations such as England, Wales, Scotland, Denmark, Sweden, Switzerland, the Dutch Republic, the Electorate of Brandenburg and Electorate of the Palatinate in the Holy Roman Empire, the Duchy of

---

In 1700 several hundred French Huguenots migrated from England to the colony of Virginia, where the English Crown had promised them land grants in Lower Norfolk County",0.7443,False,0.5427,False,-1.0,1.341,squad,41,mistral,ollama
281,What area in modern-day Canada received Huguenot immigrants?,Quebec,hcpc_v2," I cannot find this information in the provided context. The context only mentions that Huguenots immigrated to several English colonies of North America, but it does not specify any particular area in Canada.","Approximately one million Protestants in modern France represent some 2% of its population. Most are concentrated in Alsace in northeast France and the Cévennes mountain region in the south, who still regard themselves as Huguenots to this day.[citation needed] A diaspora of French Australians still considers itself Huguenot, even after centuries of exile. Long integrated into Australian society, it is encouraged by the Huguenot Society of Australia to embrace and conserve its cultural heritage, aided by the Society's genealogical research services.

---

The bulk of Huguenot émigrés relocated to Protestant European nations such as England, Wales, Scotland, Denmark, Sweden, Switzerland, the Dutch Republic, the Electorate of Brandenburg and Electorate of the Palatinate in the Holy Roman Empire, the Duchy of Prussia, the Channel Islands, and Ireland. They also spread beyond Europe to the Dutch Cape Colony in South Africa, the Dutch East Indies, the Caribbean, and several of the English colonies of North America, and Quebec, where they were accepted and allowed to worship freely.

---

In 1700 several hundred French Huguenots migrated from England to the colony of Virginia, where the English Crown had promised them land grants in Lower Norfolk County . When they arrived, colonial authorities offered them instead land 20 miles above the falls of the James River, at the abandoned Monacan village known as Manakin Town, now in Powhatan County. Some settlers landed in present-day Chesterfield County . On 12 May 1705, the Virginia General Assembly passed an act to naturalise the 148 Huguenots still resident at Manakintown . Of the original 390 settlers in the isolated settlement, many had died; others lived outside town on farms in the English style; and others moved to different areas. Gradually they intermarried with their English neighbors . Through the 18th and 19th centuries, descendants of the French migrated west into the Piedmont, and across the Appalachian Mountains into the West of what became Kentucky, Tennessee, Missouri, and other states",0.6711,False,0.5781,True,0.4705,1.782,squad,41,mistral,ollama
402,Who presented the Edict of Worms declaring Luther to be an outlaw?,Emperor,baseline, The Emperor presented the Edict of Worms declaring Luther to be an outlaw.,"Over the next five days, private conferences were held to determine Luther's fate. The Emperor presented the final draft of the Edict of Worms on 25 May 1521, declaring Luther an outlaw, banning his literature, and requiring his arrest: ""We want him to be apprehended and punished as a notorious heretic."" It also made it a crime for anyone in Germany to give Luther food or shelter. It permitted anyone to kill Luther without legal consequence.

---

The enforcement of the ban on the 95 Theses fell to the secular authorities. On 18 April 1521, Luther appeared as ordered before the Diet of Worms. This was a general assembly of the estates of the Holy Roman Empire that took place in Worms, a town on the Rhine. It was conducted from 28 January to 25 May 1521, with Emperor Charles V presiding. Prince Frederick III, Elector of Saxony, obtained a safe conduct for Luther to and from the meeting.

---

Martin Luther (/ˈluːθər/ or /ˈluːðər/; German: [ˈmaɐ̯tiːn ˈlʊtɐ] ( listen); 10 November 1483 – 18 February 1546) was a German professor of theology, composer, priest, former monk and a seminal figure in the Protestant Reformation. Luther came to reject several teachings and practices of the Late Medieval Catholic Church. He strongly disputed the claim that freedom from God's punishment for sin could be purchased with money. He proposed an academic discussion of the power and usefulness of indulgences in his Ninety-Five Theses of 1517. His refusal to retract all of his writings at the demand of Pope Leo X in 1520 and the Holy Roman Emperor Charles V at the Diet of Worms in 1521 resulted in his excommunication by the Pope and condemnation as an outlaw by the Emperor.",0.4035,True,0.6735,False,-1.0,1.111,squad,41,mistral,ollama
403,Who presented the Edict of Worms declaring Luther to be an outlaw?,Emperor,hcpc_v1, The Emperor presented the Edict of Worms declaring Luther to be an outlaw.,"Over the next five days, private conferences were held to determine Luther's fate. The Emperor presented the final draft of the Edict of Worms on 25 May 1521, declaring Luther an outlaw, banning his literature, and requiring his arrest: ""We want him to be apprehended and punished as a notorious heretic."" It also made it a crime for anyone in Germany to give Luther food or shelter. It permitted anyone to kill Luther without legal consequence.

---

The enforcement of the ban on the 95 Theses fell to the secular authorities. On 18 April 1521, Luther appeared as ordered before the Diet of Worms

---

. His refusal to retract all of his writings at the demand of Pope Leo X in 1520 and the Holy Roman Emperor Charles V at the Diet of Worms in 1521 resulted in his excommunication by the Pope and condemnation as an outlaw by the Emperor.",0.4035,True,0.6966,False,-1.0,0.732,squad,41,mistral,ollama
404,Who presented the Edict of Worms declaring Luther to be an outlaw?,Emperor,hcpc_v2, The Emperor presented the Edict of Worms declaring Luther to be an outlaw.,"Over the next five days, private conferences were held to determine Luther's fate. The Emperor presented the final draft of the Edict of Worms on 25 May 1521, declaring Luther an outlaw, banning his literature, and requiring his arrest: ""We want him to be apprehended and punished as a notorious heretic."" It also made it a crime for anyone in Germany to give Luther food or shelter. It permitted anyone to kill Luther without legal consequence.

---

The enforcement of the ban on the 95 Theses fell to the secular authorities. On 18 April 1521, Luther appeared as ordered before the Diet of Worms. This was a general assembly of the estates of the Holy Roman Empire that took place in Worms, a town on the Rhine. It was conducted from 28 January to 25 May 1521, with Emperor Charles V presiding. Prince Frederick III, Elector of Saxony, obtained a safe conduct for Luther to and from the meeting.

---

Martin Luther (/ˈluːθər/ or /ˈluːðər/; German: [ˈmaɐ̯tiːn ˈlʊtɐ] ( listen); 10 November 1483 – 18 February 1546) was a German professor of theology, composer, priest, former monk and a seminal figure in the Protestant Reformation . Luther came to reject several teachings and practices of the Late Medieval Catholic Church. He strongly disputed the claim that freedom from God's punishment for sin could be purchased with money . He proposed an academic discussion of the power and usefulness of indulgences in his Ninety-Five Theses of 1517 . His refusal to retract all of his writings at the demand of Pope Leo X in 1520 and the Holy Roman Emperor Charles V at the Diet of Worms in 1521 resulted in his excommunication by the Pope and condemnation as an outlaw by the Emperor.",0.4035,True,0.6818,True,0.5596,0.985,squad,41,mistral,ollama
510,"The term ""southern"" California usually refers to how many of the southern-most counties of the state?",ten,baseline," The term ""southern"" California usually refers to ten of the southern-most counties of the state, according to the provided context.","Southern California, often abbreviated SoCal, is a geographic and cultural region that generally comprises California's southernmost 10 counties. The region is traditionally described as ""eight counties"", based on demographics and economic ties: Imperial, Los Angeles, Orange, Riverside, San Bernardino, San Diego, Santa Barbara, and Ventura. The more extensive 10-county definition, including Kern and San Luis Obispo counties, is also used based on historical political divisions. Southern California is a major economic center for the state of California and the United States.

---

""Southern California"" is not a formal geographic designation, and definitions of what constitutes southern California vary. Geographically, California's north-south midway point lies at exactly 37° 9' 58.23"" latitude, around 11 miles (18 km) south of San Jose; however, this does not coincide with popular use of the term. When the state is divided into two areas (northern and southern California), the term ""southern California"" usually refers to the ten southern-most counties of the state. This definition coincides neatly with the county lines at 35° 47′ 28″ north latitude, which form the northern borders of San Luis Obispo, Kern, and San Bernardino counties. Another definition for southern California uses Point Conception and the Tehachapi Mountains as the northern boundary.

---

Southern California consists of one of the more varied collections of geologic, topographic, and natural ecosystem landscapes in a diversity outnumbering other major regions in the state and country. The region spans from Pacific Ocean islands, shorelines, beaches, and coastal plains, through the Transverse and Peninsular Ranges with their peaks, into the large and small interior valleys, to the vast deserts of California.",0.7674,False,0.7258,False,-1.0,1.408,squad,41,mistral,ollama
511,"The term ""southern"" California usually refers to how many of the southern-most counties of the state?",ten,hcpc_v1," The term ""Southern California"" usually refers to ten of the southern-most counties of the state.","Southern California, often abbreviated SoCal, is a geographic and cultural region that generally comprises California's southernmost 10 counties. The region is traditionally described as ""eight counties"", based on demographics and economic ties: Imperial, Los Angeles, Orange, Riverside, San Bernardino, San Diego, Santa Barbara, and Ventura. The more extensive 10-county definition, including Kern and San Luis Obispo counties, is also used based on historical political divisions. Southern California is a major economic center for the state of California and the United States.

---

. When the state is divided into two areas (northern and southern California), the term ""southern California"" usually refers to the ten southern-most counties of the state

---

Southern California consists of one of the more varied collections of geologic, topographic, and natural ecosystem landscapes in a diversity outnumbering other major regions in the state and country",0.7909,False,0.773,False,-1.0,0.865,squad,41,mistral,ollama
512,"The term ""southern"" California usually refers to how many of the southern-most counties of the state?",ten,hcpc_v2," The term ""southern"" California usually refers to ten of the southern-most counties of the state, according to the provided context.","Southern California, often abbreviated SoCal, is a geographic and cultural region that generally comprises California's southernmost 10 counties. The region is traditionally described as ""eight counties"", based on demographics and economic ties: Imperial, Los Angeles, Orange, Riverside, San Bernardino, San Diego, Santa Barbara, and Ventura. The more extensive 10-county definition, including Kern and San Luis Obispo counties, is also used based on historical political divisions. Southern California is a major economic center for the state of California and the United States.

---

""Southern California"" is not a formal geographic designation, and definitions of what constitutes southern California vary. Geographically, California's north-south midway point lies at exactly 37° 9' 58.23"" latitude, around 11 miles (18 km) south of San Jose; however, this does not coincide with popular use of the term. When the state is divided into two areas (northern and southern California), the term ""southern California"" usually refers to the ten southern-most counties of the state. This definition coincides neatly with the county lines at 35° 47′ 28″ north latitude, which form the northern borders of San Luis Obispo, Kern, and San Bernardino counties. Another definition for southern California uses Point Conception and the Tehachapi Mountains as the northern boundary.

---

Southern California consists of one of the more varied collections of geologic, topographic, and natural ecosystem landscapes in a diversity outnumbering other major regions in the state and country . The region spans from Pacific Ocean islands, shorelines, beaches, and coastal plains, through the Transverse and Peninsular Ranges with their peaks, into the large and small interior valleys, to the vast deserts of California.",0.7674,False,0.7258,True,0.6894,1.244,squad,41,mistral,ollama
534,Where was France's Huguenot population largely centered?,the southern and central parts of France,baseline," The context mentions that most Protestants in modern France are concentrated in Alsace in northeast France and the Cévennes mountain region in the south, who still regard themselves as Huguenots to this day.","Approximately one million Protestants in modern France represent some 2% of its population. Most are concentrated in Alsace in northeast France and the Cévennes mountain region in the south, who still regard themselves as Huguenots to this day.[citation needed] A diaspora of French Australians still considers itself Huguenot, even after centuries of exile. Long integrated into Australian society, it is encouraged by the Huguenot Society of Australia to embrace and conserve its cultural heritage, aided by the Society's genealogical research services.

---

After the revocation of the Edict of Nantes, the Dutch Republic received the largest group of Huguenot refugees, an estimated total of 75,000 to 100,000 people. Amongst them were 200 clergy. Many came from the region of the Cévennes, for instance, the village of Fraissinet-de-Lozère. This was a huge influx as the entire population of the Dutch Republic amounted to ca. 2 million at that time. Around 1700, it is estimated that nearly 25% of the Amsterdam population was Huguenot.[citation needed] In 1705, Amsterdam and the area of West Frisia were the first areas to provide full citizens rights to Huguenot immigrants, followed by the Dutch Republic in 1715. Huguenots intermarried with Dutch from the outset.

---

The exodus of Huguenots from France created a brain drain, as many Huguenots had occupied important places in society. The kingdom did not fully recover for years. The French crown's refusal to allow non-Catholics to settle in New France may help to explain that colony's slow rate of population growth compared to that of the neighbouring British colonies, which opened settlement to religious dissenters. By the time of the French and Indian War (the North American front of the Seven Years' War), a sizeable population of Huguenot descent lived in the British colonies, and many participated in the British defeat of New France in 1759-60.",0.5783,False,0.6667,False,-1.0,1.87,squad,41,mistral,ollama
535,Where was France's Huguenot population largely centered?,the southern and central parts of France,hcpc_v1, The provided context suggests that most of France's Huguenot population was concentrated in Alsace in northeast France and the Cévennes mountain region in the south.,". Most are concentrated in Alsace in northeast France and the Cévennes mountain region in the south, who still regard themselves as Huguenots to this day.[citation needed] A diaspora of French Australians still considers itself Huguenot, even after

---

. Around 1700, it is estimated that nearly 25% of the Amsterdam population was Huguenot.[citation needed] In 1705, Amsterdam and the area of West Frisia were the first areas to provide full citizens rights to Huguenot immigrants, followed by the Dutch

---

The exodus of Huguenots from France created a brain drain, as many Huguenots had occupied important places in society. The kingdom did not fully recover for years",0.8435,False,0.6559,False,-1.0,1.314,squad,41,mistral,ollama
536,Where was France's Huguenot population largely centered?,the southern and central parts of France,hcpc_v2," The context mentions that most Protestants in modern France are concentrated in Alsace in northeast France and the Cévennes mountain region in the south, who still regard themselves as Huguenots to this day.","Approximately one million Protestants in modern France represent some 2% of its population. Most are concentrated in Alsace in northeast France and the Cévennes mountain region in the south, who still regard themselves as Huguenots to this day.[citation needed] A diaspora of French Australians still considers itself Huguenot, even after centuries of exile. Long integrated into Australian society, it is encouraged by the Huguenot Society of Australia to embrace and conserve its cultural heritage, aided by the Society's genealogical research services.

---

After the revocation of the Edict of Nantes, the Dutch Republic received the largest group of Huguenot refugees, an estimated total of 75,000 to 100,000 people. Amongst them were 200 clergy. Many came from the region of the Cévennes, for instance, the village of Fraissinet-de-Lozère. This was a huge influx as the entire population of the Dutch Republic amounted to ca. 2 million at that time. Around 1700, it is estimated that nearly 25% of the Amsterdam population was Huguenot.[citation needed] In 1705, Amsterdam and the area of West Frisia were the first areas to provide full citizens rights to Huguenot immigrants, followed by the Dutch Republic in 1715. Huguenots intermarried with Dutch from the outset.

---

The exodus of Huguenots from France created a brain drain, as many Huguenots had occupied important places in society. The kingdom did not fully recover for years. The French crown's refusal to allow non-Catholics to settle in New France may help to explain that colony's slow rate of population growth compared to that of the neighbouring British colonies, which opened settlement to religious dissenters. By the time of the French and Indian War (the North American front of the Seven Years' War), a sizeable population of Huguenot descent lived in the British colonies, and many participated in the British defeat of New France in 1759-60.",0.5783,False,0.6667,False,0.5723,1.871,squad,41,mistral,ollama
564,What did Paul Rose say Luther added to German thought?,hysterical and demonizing mentality,baseline, I cannot find this information in the provided context about what Paul Rose said Luther added to German thought.,"A piece of paper was later found on which Luther had written his last statement. The statement was in Latin, apart from ""We are beggars,"" which was in German.

---

Luther's translation used the variant of German spoken at the Saxon chancellery, intelligible to both northern and southern Germans. He intended his vigorous, direct language to make the Bible accessible to everyday Germans, ""for we are removing impediments and difficulties so that other people may read it without hindrance.""

---

. Hans J. Hillerbrand agreed that to focus on Luther was to adopt an essentially ahistorical perspective of Nazi antisemitism that ignored other contributory factors in German history. Similarly, Roland Bainton, noted church historian and Luther biographer, wrote ""One could wish that Luther had died before ever [On the Jews and Their Lies] was written. His position was entirely religious and in no respect racial.""",0.4952,True,0.6235,False,-1.0,0.891,squad,41,mistral,ollama
565,What did Paul Rose say Luther added to German thought?,hysterical and demonizing mentality,hcpc_v1, I cannot find this information in the provided context. The context does not mention any statements by Paul Rose regarding Luther's contributions to German thought.,"A piece of paper was later found on which Luther had written his last statement. The statement was in Latin, apart from ""We are beggars,"" which was in German.

---

Luther's translation used the variant of German spoken at the Saxon chancellery, intelligible to both northern and southern Germans

---

. Similarly, Roland Bainton, noted church historian and Luther biographer, wrote ""One could wish that Luther had died before ever [On the Jews and Their Lies] was written. His position was entirely religious and in no respect racial.""",0.541,False,0.5928,False,-1.0,1.019,squad,41,mistral,ollama
566,What did Paul Rose say Luther added to German thought?,hysterical and demonizing mentality,hcpc_v2, I cannot find this information in the provided context about what Paul Rose said Luther added to German thought.,"A piece of paper was later found on which Luther had written his last statement. The statement was in Latin, apart from ""We are beggars,"" which was in German.

---

Luther's translation used the variant of German spoken at the Saxon chancellery, intelligible to both northern and southern Germans. He intended his vigorous, direct language to make the Bible accessible to everyday Germans, ""for we are removing impediments and difficulties so that other people may read it without hindrance.""

---

. Hans J. Hillerbrand agreed that to focus on Luther was to adopt an essentially ahistorical perspective of Nazi antisemitism that ignored other contributory factors in German history . Similarly, Roland Bainton, noted church historian and Luther biographer, wrote ""One could wish that Luther had died before ever [On the Jews and Their Lies] was written. His position was entirely religious and in no respect racial.""",0.4952,True,0.6235,True,0.5069,0.806,squad,41,mistral,ollama
582,Who did Philip I want to marry?,one of his wife's ladies-in-waiting,baseline," From the provided context, it is not explicitly stated who Philip I wanted to marry other than a lady-in-waiting of his current wife. However, it is mentioned that he married Margarethe von der Saale on March 4, 1540.","From December 1539, Luther became implicated in the bigamy of Philip I, Landgrave of Hesse, who wanted to marry one of his wife's ladies-in-waiting. Philip solicited the approval of Luther, Melanchthon, and Bucer, citing as a precedent the polygamy of the patriarchs. The theologians were not prepared to make a general ruling, and they reluctantly advised the landgrave that if he was determined, he should marry secretly and keep quiet about the matter. As a result, on 4 March 1540, Philip married a second wife, Margarethe von der Saale, with Melanchthon and Bucer among the witnesses. However, Philip was unable to keep the marriage secret, and he threatened to make Luther's advice public. Luther told him to ""tell a good, strong lie"" and deny the marriage completely, which Philip did during the subsequent public controversy

---

Some priests and former religious had already married, including Andreas Karlstadt and Justus Jonas, but Luther's wedding set the seal of approval on clerical marriage. He had long condemned vows of celibacy on Biblical grounds, but his decision to marry surprised many, not least Melanchthon, who called it reckless. Luther had written to George Spalatin on 30 November 1524, ""I shall never take a wife, as I feel at present. Not that I am insensible to my flesh or sex (for I am neither wood nor stone); but my mind is averse to wedlock because I daily expect the death of a heretic."" Before marrying, Luther had been living on the plainest food, and, as he admitted himself, his mildewed bed was not properly made for months at a time.

---

The two most prominent Norman families to arrive in the Mediterranean were descendants of Tancred of Hauteville and the Drengot family, of whom Rainulf Drengot received the county of Aversa, the first Norman toehold in the south, from Duke Sergius IV of Naples in 1030. The Hauteville family achieved princely rank by proclaiming prince Guaimar IV of Salerno ""Duke of Apulia and Calabria"". He promptly awarded their elected leader, William Iron Arm, with the title of count in his capital of Melfi. The Drengot family thereafter attained the principality of Capua, and emperor Henry III legally ennobled the Hauteville leader, Drogo, as ""dux et magister Italiae comesque Normannorum totius Apuliae et Calabriae"" (""Duke and Master of Italy and Count of the Normans of all Apulia and Calabria"") in 1047.",0.6015,False,0.4403,False,-1.0,2.403,squad,41,mistral,ollama
583,Who did Philip I want to marry?,one of his wife's ladies-in-waiting,hcpc_v1, Margarethe von der Saale,". As a result, on 4 March 1540, Philip married a second wife, Margarethe von der Saale, with Melanchthon and Bucer among the witnesses. However, Philip was unable to keep the marriage secret, and he threatened to make Luther's advice public

---

. He had long condemned vows of celibacy on Biblical grounds, but his decision to marry surprised many, not least Melanchthon, who called it reckless

---

. The Drengot family thereafter attained the principality of Capua, and emperor Henry III legally ennobled the Hauteville leader, Drogo, as ""dux et magister Italiae comesque Normannorum totius Apuliae et Calabriae"" (""Duke and Master of Italy and Count of",0.4138,True,0.4389,False,-1.0,0.454,squad,41,mistral,ollama
584,Who did Philip I want to marry?,one of his wife's ladies-in-waiting,hcpc_v2, Margarethe von der Saale,"From December 1539, Luther became implicated in the bigamy of Philip I, Landgrave of Hesse, who wanted to marry one of his wife's ladies-in-waiting. Philip solicited the approval of Luther, Melanchthon, and Bucer, citing as a precedent the polygamy of the patriarchs. The theologians were not prepared to make a general ruling, and they reluctantly advised the landgrave that if he was determined, he should marry secretly and keep quiet about the matter. As a result, on 4 March 1540, Philip married a second wife, Margarethe von der Saale, with Melanchthon and Bucer among the witnesses. However, Philip was unable to keep the marriage secret, and he threatened to make Luther's advice public. Luther told him to ""tell a good, strong lie"" and deny the marriage completely, which Philip did during the subsequent public controversy

---

Some priests and former religious had already married, including Andreas Karlstadt and Justus Jonas, but Luther's wedding set the seal of approval on clerical marriage. He had long condemned vows of celibacy on Biblical grounds, but his decision to marry surprised many, not least Melanchthon, who called it reckless. Luther had written to George Spalatin on 30 November 1524, ""I shall never take a wife, as I feel at present. Not that I am insensible to my flesh or sex (for I am neither wood nor stone); but my mind is averse to wedlock because I daily expect the death of a heretic."" Before marrying, Luther had been living on the plainest food, and, as he admitted himself, his mildewed bed was not properly made for months at a time.

---

The two most prominent Norman families to arrive in the Mediterranean were descendants of Tancred of Hauteville and the Drengot family, of whom Rainulf Drengot received the county of Aversa, the first Norman toehold in the south, from Duke Sergius IV of south, from Duke Sergius IV of Naples in 1030 . The Hauteville family achieved princely rank by proclaiming prince Guaimar IV of Salerno ""Duke of Apulia and Calabria"". He promptly awarded their elected leader, William Iron Arm, with the title of count in his capital of Melfi . The Drengot family thereafter attained the principality of Capua, and emperor Henry III legally ennobled the Hauteville leader, Drogo, as ""dux et magister Italiae comesque Normannorum totius Apuliae et Calabriae"" (""Duke and Master of Italy and Count of Master of Italy and Count of the Normans of all Apulia and Calabria"") in 1047.",0.4138,True,0.4373,True,0.1966,0.911,squad,41,mistral,ollama
588,How many residents does the greater metropolitan area have?,2.666 million,baseline," The context provides two extended metropolitan areas that exceed five million in population. One of them is the Greater Los Angeles Area at 17,786,419. So, the greater metropolitan area has 17,786,419 residents.","Southern California includes the heavily built-up urban area stretching along the Pacific coast from Ventura, through the Greater Los Angeles Area and the Inland Empire, and down to Greater San Diego. Southern California's population encompasses seven metropolitan areas, or MSAs: the Los Angeles metropolitan area, consisting of Los Angeles and Orange counties; the Inland Empire, consisting of Riverside and San Bernardino counties; the San Diego metropolitan area; the Oxnard–Thousand Oaks–Ventura metropolitan area; the Santa Barbara metro area; the San Luis Obispo metropolitan area; and the El Centro area. Out of these, three are heavy populated areas: the Los Angeles area with over 12 million inhabitants, the Riverside-San Bernardino area with over four million inhabitants, and the San Diego area with over 3 million inhabitants

---

Los Angeles (at 3.7 million people) and San Diego (at 1.3 million people), both in southern California, are the two largest cities in all of California (and two of the eight largest cities in the United States). In southern California there are also twelve cities with more than 200,000 residents and 34 cities over 100,000 in population. Many of southern California's most developed cities lie along or in close proximity to the coast, with the exception of San Bernardino and Riverside.

---

Southern California consists of one Combined Statistical Area, eight Metropolitan Statistical Areas, one international metropolitan area, and multiple metropolitan divisions. The region is home to two extended metropolitan areas that exceed five million in population. These are the Greater Los Angeles Area at 17,786,419, and San Diego–Tijuana at 5,105,768. Of these metropolitan areas, the Los Angeles-Long Beach-Santa Ana metropolitan area, Riverside-San Bernardino-Ontario metropolitan area, and Oxnard-Thousand Oaks-Ventura metropolitan area form Greater Los Angeles; while the El Centro metropolitan area and San Diego-Carlsbad-San Marcos metropolitan area form the Southern Border Region. North of Greater Los Angeles are the Santa Barbara, San Luis Obispo, and Bakersfield metropolitan areas.",0.7203,False,0.4836,False,-1.0,2.38,squad,41,mistral,ollama
589,How many residents does the greater metropolitan area have?,2.666 million,hcpc_v1," The greater metropolitan area with the most residents is the Greater Los Angeles Area, which has 17,786,419 inhabitants.",". Out of these, three are heavy populated areas: the Los Angeles area with over 12 million inhabitants, the Riverside-San Bernardino area with over four million inhabitants, and the San Diego area with over 3 million inhabitants

---

. In southern California there are also twelve cities with more than 200,000 residents and 34 cities over 100,000 in population

---

. The region is home to two extended metropolitan areas that exceed five million in population. These are the Greater Los Angeles Area at 17,786,419, and San Diego–Tijuana at 5,105,768",0.8548,False,0.536,False,-1.0,1.188,squad,41,mistral,ollama
590,How many residents does the greater metropolitan area have?,2.666 million,hcpc_v2," The context provides two extended metropolitan areas that exceed five million in population. One of them is the Greater Los Angeles Area at 17,786,419. So, the greater metropolitan area has 17,786,419 residents.","Southern California includes the heavily built-up urban area stretching along the Pacific coast from Ventura, through the Greater Los Angeles Area and the Inland Empire, and down to Greater San Diego. Southern California's population encompasses seven metropolitan areas, or MSAs: the Los Angeles metropolitan area, consisting of Los Angeles and Orange counties; the Inland Empire, consisting of Riverside and San Bernardino counties; the San Diego metropolitan area; the Oxnard–Thousand Oaks–Ventura metropolitan area; the Santa Barbara metro area; the San Luis Obispo metropolitan area; and the El Centro area. Out of these, three are heavy populated areas: the Los Angeles area with over 12 million inhabitants, the Riverside-San Bernardino area with over four million inhabitants, and the San Diego area with over 3 million inhabitants

---

Los Angeles (at 3.7 million people) and San Diego (at 1.3 million people), both in southern California, are the two largest cities in all of California (and two of the eight largest cities in the United States). In southern California there are also twelve cities with more than 200,000 residents and 34 cities over 100,000 in population. Many of southern California's most developed cities lie along or in close proximity to the coast, with the exception of San Bernardino and Riverside.

---

Southern California consists of one Combined Statistical Area, eight Metropolitan Statistical Areas, one international metropolitan area, and multiple metropolitan divisions. The region is home to two extended metropolitan areas that exceed five million in population. These are the Greater Los Angeles Area at 17,786,419, and San Diego–Tijuana at 5,105,768. Of these metropolitan areas, the Los Angeles-Long Beach-Santa Ana metropolitan area, Riverside-San Bernardino-Ontario metropolitan area, and Oxnard-Thousand Oaks-Ventura metropolitan area form Greater Los Angeles; while the El Centro metropolitan area and San Diego-Carlsbad-San Marcos metropolitan area form the Southern Border Region. North of Greater Los Angeles are the Santa Barbara, San Luis Obispo, and Bakersfield metropolitan areas.",0.7203,False,0.4836,False,0.7499,2.383,squad,41,mistral,ollama
636,What 2015 NFL team one the AFC playoff?,Denver Broncos,baseline, The Denver Broncos,"The Panthers finished the regular season with a 15–1 record, and quarterback Cam Newton was named the NFL Most Valuable Player (MVP). They defeated the Arizona Cardinals 49–15 in the NFC Championship Game and advanced to their second Super Bowl appearance since the franchise was founded in 1995. The Broncos finished the regular season with a 12–4 record, and denied the New England Patriots a chance to defend their title from Super Bowl XLIX by defeating them 20–18 in the AFC Championship Game. They joined the Patriots, Dallas Cowboys, and Pittsburgh Steelers as one of four teams that have made eight appearances in the Super Bowl.

---

. With the defense carrying the team despite the issues with the offense, the Broncos finished the regular season with a 12–4 record and earned home-field advantage throughout the AFC playoffs.

---

Super Bowl 50 was an American football game to determine the champion of the National Football League (NFL) for the 2015 season. The American Football Conference (AFC) champion Denver Broncos defeated the National Football Conference (NFC) champion Carolina Panthers 24–10 to earn their third Super Bowl title. The game was played on February 7, 2016, at Levi's Stadium in the San Francisco Bay Area at Santa Clara, California. As this was the 50th Super Bowl, the league emphasized the ""golden anniversary"" with various gold-themed initiatives, as well as temporarily suspending the tradition of naming each Super Bowl game with Roman numerals (under which the game would have been known as ""Super Bowl L""), so that the logo could prominently feature the Arabic numerals 50.",0.6985,False,0.5456,False,-1.0,0.575,squad,41,mistral,ollama
637,What 2015 NFL team one the AFC playoff?,Denver Broncos,hcpc_v1," The provided context does not specify which 2015 NFL team won the AFC Championship Game and advanced to Super Bowl 50. However, it is implied that the team in question was the Denver Broncos, as they defeated the New England Patriots in the AFC Championship Game and earned home-field advantage throughout the AFC playoffs.",". The Broncos finished the regular season with a 12–4 record, and denied the New England Patriots a chance to defend their title from Super Bowl XLIX by defeating them 20–18 in the AFC Championship Game

---

. With the defense carrying the team despite the issues with the offense, the Broncos finished the regular season with a 12–4 record and earned home-field advantage throughout the AFC playoffs.

---

Super Bowl 50 was an American football game to determine the champion of the National Football League (NFL) for the 2015 season",0.8463,False,0.5624,False,-1.0,2.418,squad,41,mistral,ollama
638,What 2015 NFL team one the AFC playoff?,Denver Broncos,hcpc_v2, The Denver Broncos,"The Panthers finished the regular season with a 15–1 record, and quarterback Cam Newton was named the NFL Most Valuable Player (MVP). They defeated the Arizona Cardinals 49–15 in the NFC Championship Game and advanced to their second Super Bowl appearance since the franchise was founded in 1995. The Broncos finished the regular season with a 12–4 record, and denied the New England Patriots a chance to defend their title from Super Bowl XLIX by defeating them 20–18 in the AFC Championship Game. They joined the Patriots, Dallas Cowboys, and Pittsburgh Steelers as one of four teams that have made eight appearances in the Super Bowl.

---

. With the defense carrying the team despite the issues with the offense, the Broncos finished the regular season with a 12–4 record and earned home-field advantage throughout the AFC playoffs.

---

Super Bowl 50 was an American football game to determine the champion of the National Football League (NFL) for the 2015 season. The American Football Conference (AFC) champion Denver Broncos defeated the National Football Conference (NFC) champion Carolina Panthers 24–10 to earn their third Super Bowl title. The game was played on February 7, 2016, at Levi's Stadium in the San Francisco Bay Area at Santa Clara, California. As this was the 50th Super Bowl, the league emphasized the ""golden anniversary"" with various gold-themed initiatives, as well as temporarily suspending the tradition of naming each Super Bowl game with Roman numerals (under which the game would have been known as ""Super Bowl L""), so that the logo could prominently feature the Arabic numerals 50.",0.6985,False,0.5456,False,0.5132,0.577,squad,41,mistral,ollama
654,Who was the mayor of San Francisco during Super Bowl 50? ,Ed Lee,baseline," I cannot find this information in the provided context as it does not mention who the mayor of San Francisco was during Super Bowl 50. However, Super Bowl 50 was held in 2016 and according to other sources, Ed Lee was the Mayor of San Francisco from 2011 until his death in 2017.","The annual NFL Experience was held at the Moscone Center in San Francisco. In addition, ""Super Bowl City"" opened on January 30 at Justin Herman Plaza on The Embarcadero, featuring games and activities that will highlight the Bay Area's technology, culinary creations, and cultural diversity. More than 1 million people are expected to attend the festivities in San Francisco during Super Bowl Week. San Francisco mayor Ed Lee said of the highly visible homeless presence in this area ""they are going to have to leave"". San Francisco city supervisor Jane Kim unsuccessfully lobbied for the NFL to reimburse San Francisco for city services in the amount of $5 million.

---

In honor of the 50th Super Bowl, the pregame ceremony featured the on-field introduction of 39 of the 43 previous Super Bowl Most Valuable Players. Bart Starr (MVP of Super Bowls I and II) and Chuck Howley (MVP of Super Bowl V) appeared via video, while Peyton Manning (MVP of Super Bowl XLI and current Broncos quarterback) was shown in the locker room preparing for the game. No plans were announced regarding the recognition of Harvey Martin, co-MVP of Super Bowl XII, who died in 2001.

---

On May 21, 2013, NFL owners at their spring meetings in Boston voted and awarded the game to Levi's Stadium. The $1.2 billion stadium opened in 2014. It is the first Super Bowl held in the San Francisco Bay Area since Super Bowl XIX in 1985, and the first in California since Super Bowl XXXVII took place in San Diego in 2003.",0.3903,True,0.5761,False,-1.0,2.71,squad,41,mistral,ollama
655,Who was the mayor of San Francisco during Super Bowl 50? ,Ed Lee,hcpc_v1," I cannot find this information in the provided context. The context does not specify the year of Super Bowl 50, and therefore it is impossible to determine who the mayor of San Francisco was at that time.",". More than 1 million people are expected to attend the festivities in San Francisco during Super Bowl Week. San Francisco mayor Ed Lee said of the highly visible homeless presence in this area ""they are going to have to leave""

---

. Bart Starr (MVP of Super Bowls I and II) and Chuck Howley (MVP of Super Bowl V) appeared via video, while Peyton Manning (MVP of Super Bowl XLI and current Broncos quarterback) was shown in the locker room preparing for the game

---

. It is the first Super Bowl held in the San Francisco Bay Area since Super Bowl XIX in 1985, and the first in California since Super Bowl XXXVII took place in San Diego in 2003.",0.5644,False,0.5491,False,-1.0,1.53,squad,41,mistral,ollama
656,Who was the mayor of San Francisco during Super Bowl 50? ,Ed Lee,hcpc_v2," I cannot find this information in the provided context. The context does not specify the name of the mayor of San Francisco during Super Bowl 50, which took place in February 2016.","The annual NFL Experience was held at the Moscone Center in San Francisco. In addition, ""Super Bowl City"" opened on January 30 at Justin Herman Plaza on The Embarcadero, featuring games and activities that will highlight the Bay Area's technology, culinary creations, and cultural diversity. More than 1 million people are expected to attend the festivities in San Francisco during Super Bowl Week. San Francisco mayor Ed Lee said of the highly visible homeless presence in this area ""they are going to have to leave"". San Francisco city supervisor Jane Kim unsuccessfully lobbied for the NFL to reimburse San Francisco for city services in the amount of $5 million.

---

In honor of the 50th Super Bowl, the pregame ceremony featured the on-field introduction of 39 of the 43 previous Super Bowl Most Valuable Players. Bart Starr (MVP of Super Bowls I and II) and Chuck Howley (MVP of Super Bowl V) appeared via video, while Peyton Manning (MVP of Super Bowl XLI and current Broncos quarterback) was shown in the locker room preparing for the game. No plans were announced regarding the recognition of Harvey Martin, co-MVP of Super Bowl XII, who died in 2001.

---

On May 21, 2013, NFL owners at their spring meetings in Boston voted and awarded the game to Levi's Stadium. The $1.2 billion stadium opened in 2014 . It is the first Super Bowl held in the San Francisco Bay Area since Super Bowl XIX in 1985, and the first in California since Super Bowl XXXVII took place in San Diego in 2003.",0.7315,False,0.5761,True,0.4068,1.725,squad,41,mistral,ollama
738,What year was Super Bowl 50?,2015,baseline," The provided context states that Super Bowl 50 was played on February 7, 2016.","Super Bowl 50 was an American football game to determine the champion of the National Football League (NFL) for the 2015 season. The American Football Conference (AFC) champion Denver Broncos defeated the National Football Conference (NFC) champion Carolina Panthers 24–10 to earn their third Super Bowl title. The game was played on February 7, 2016, at Levi's Stadium in the San Francisco Bay Area at Santa Clara, California. As this was the 50th Super Bowl, the league emphasized the ""golden anniversary"" with various gold-themed initiatives, as well as temporarily suspending the tradition of naming each Super Bowl game with Roman numerals (under which the game would have been known as ""Super Bowl L""), so that the logo could prominently feature the Arabic numerals 50.

---

On May 21, 2013, NFL owners at their spring meetings in Boston voted and awarded the game to Levi's Stadium. The $1.2 billion stadium opened in 2014. It is the first Super Bowl held in the San Francisco Bay Area since Super Bowl XIX in 1985, and the first in California since Super Bowl XXXVII took place in San Diego in 2003.

---

In early 2012, NFL Commissioner Roger Goodell stated that the league planned to make the 50th Super Bowl ""spectacular"" and that it would be ""an important game for us as a league"".",0.9731,False,0.6133,False,-1.0,1.091,squad,41,mistral,ollama
739,What year was Super Bowl 50?,2015,hcpc_v1," The provided context does not specify the exact year of Super Bowl 50, but since we know it was held in 2015, we can infer that Super Bowl 50 took place in the year 2015.","Super Bowl 50 was an American football game to determine the champion of the National Football League (NFL) for the 2015 season

---

. It is the first Super Bowl held in the San Francisco Bay Area since Super Bowl XIX in 1985, and the first in California since Super Bowl XXXVII took place in San Diego in 2003.

---

In early 2012, NFL Commissioner Roger Goodell stated that the league planned to make the 50th Super Bowl ""spectacular"" and that it would be ""an important game for us as a league"".",0.9387,False,0.6094,False,-1.0,1.72,squad,41,mistral,ollama
740,What year was Super Bowl 50?,2015,hcpc_v2," The provided context states that Super Bowl 50 was played on February 7, 2016.","Super Bowl 50 was an American football game to determine the champion of the National Football League (NFL) for the 2015 season. The American Football Conference (AFC) champion Denver Broncos defeated the National Football Conference (NFC) champion Carolina Panthers 24–10 to earn their third Super Bowl title. The game was played on February 7, 2016, at Levi's Stadium in the San Francisco Bay Area at Santa Clara, California. As this was the 50th Super Bowl, the league emphasized the ""golden anniversary"" with various gold-themed initiatives, as well as temporarily suspending the tradition of naming each Super Bowl game with Roman numerals (under which the game would have been known as ""Super Bowl L""), so that the logo could prominently feature the Arabic numerals 50.

---

On May 21, 2013, NFL owners at their spring meetings in Boston voted and awarded the game to Levi's Stadium. The $1.2 billion stadium opened in 2014. It is the first Super Bowl held in the San Francisco Bay Area since Super Bowl XIX in 1985, and the first in California since Super Bowl XXXVII took place in San Diego in 2003.

---

In early 2012, NFL Commissioner Roger Goodell stated that the league planned to make the 50th Super Bowl ""spectacular"" and that it would be ""an important game for us as a league"".",0.9731,False,0.6133,False,0.5294,1.07,squad,41,mistral,ollama
762,What happened to Tesla's belongings?,FBI ordered the Alien Property Custodian to seize Tesla's belongings,baseline," The context does not provide information about what happened to Tesla's belongings after he left Colorado Springs, only that his lab was torn down and its contents were sold two years later to satisfy a debt.","On 7 January 1900, Tesla left Colorado Springs.[citation needed] His lab was torn down in 1904, and its contents were sold two years later to satisfy a debt.

---

Near the end of his life, Tesla walked to the park every day to feed the pigeons and even brought injured ones into his hotel room to nurse back to health. He said that he had been visited by a specific injured white pigeon daily. Tesla spent over $2,000, including building a device that comfortably supported her so her bones could heal, to fix her broken wing and leg. Tesla stated,

---

During the period in which the negotiations were being conducted, Tesla said that efforts had been made to steal the invention. His room had been entered and his papers had been scrutinized, but the thieves, or spies, left empty-handed. He said that there was no danger that his invention could be stolen, for he had at no time committed any part of it to paper; the blueprint for the teleforce weapon was all in his mind.",0.4896,True,0.6316,False,-1.0,1.609,squad,41,mistral,ollama
763,What happened to Tesla's belongings?,FBI ordered the Alien Property Custodian to seize Tesla's belongings,hcpc_v1," I cannot find information in the provided context about what happened specifically to Nikola Tesla's personal belongings after he left Colorado Springs. However, it is mentioned that his lab was torn down in 1904 and its contents were sold two years later to satisfy a debt.","On 7 January 1900, Tesla left Colorado Springs.[citation needed] His lab was torn down in 1904, and its contents were sold two years later to satisfy a debt.

---

. Tesla spent over $2,000, including building a device that comfortably supported her so her bones could heal, to fix her broken wing and leg. Tesla stated,

---

During the period in which the negotiations were being conducted, Tesla said that efforts had been made to steal the invention. His room had been entered and his papers had been scrutinized, but the thieves, or spies, left empty-handed",0.6695,False,0.6234,False,-1.0,1.926,squad,41,mistral,ollama
764,What happened to Tesla's belongings?,FBI ordered the Alien Property Custodian to seize Tesla's belongings,hcpc_v2," I cannot find information about what happened to Tesla's belongings after he left Colorado Springs, as stated in the provided context, only that his lab was torn down in 1904 and its contents were sold two years later to satisfy a debt.","On 7 January 1900, Tesla left Colorado Springs.[citation needed] His lab was torn down in 1904, and its contents were sold two years later to satisfy a debt.

---

Near the end of his life, Tesla walked to the park every day to feed the pigeons and even brought injured ones into his hotel room to nurse back to health. He said that he had been visited by a specific injured white pigeon daily. Tesla spent over $2,000, including building a device that comfortably supported her so her bones could heal, to fix her broken wing and leg. Tesla stated,

---

During the period in which the negotiations were being conducted, Tesla said that efforts had been made to steal the invention. His room had been entered and his papers had been scrutinized, but the thieves, or spies, left empty-handed . He said that there was no danger that his invention could be stolen, for he had at no time committed any part of it to paper; the blueprint for the teleforce weapon was all in his mind.",0.3648,True,0.6316,True,0.445,1.878,squad,41,mistral,ollama
894,What is the low end of the temperature range in summer?,60's,baseline," In Victoria, the low end of the temperature range in summer is approximately 60°F (15.56°C). However, it's important to note that this information is provided for the Mallee and upper Wimmera regions, which are Victoria's warmest areas. The context does not specify a lower limit for Southern California's summer temperatures, but based on the description of its Mediterranean climate, it can be inferred that the low end of the temperature range in summer is likely similar or slightly higher than 60°F (15.56°C).","The Victorian Alps in the northeast are the coldest part of Victoria. The Alps are part of the Great Dividing Range mountain system extending east-west through the centre of Victoria. Average temperatures are less than 9 °C (48 °F) in winter and below 0 °C (32 °F) in the highest parts of the ranges. The state's lowest minimum temperature of −11.7 °C (10.9 °F) was recorded at Omeo on 13 June 1965, and again at Falls Creek on 3 July 1970. Temperature extremes for the state are listed in the table below:

---

The Mallee and upper Wimmera are Victoria's warmest regions with hot winds blowing from nearby semi-deserts. Average temperatures exceed 32 °C (90 °F) during summer and 15 °C (59 °F) in winter. Except at cool mountain elevations, the inland monthly temperatures are 2–7 °C (4–13 °F) warmer than around Melbourne (see chart). Victoria's highest maximum temperature since World War II, of 48.8 °C (119.8 °F) was recorded in Hopetoun on 7 February 2009, during the 2009 southeastern Australia heat wave.

---

Southern California contains a Mediterranean climate, with infrequent rain and many sunny days. Summers are hot and dry, while winters are a bit warm or mild and wet. Serious rain can occur unusually. In the summers, temperature ranges are 90-60's while as winters are 70-50's, usually all of Southern California have Mediterranean climate. But snow is very rare in the Southwest of the state, it occurs on the Southeast of the state.",0.4725,True,0.4646,False,-1.0,4.238,squad,41,mistral,ollama
895,What is the low end of the temperature range in summer?,60's,hcpc_v1," The low end of the temperature range in summer, according to the provided context, is 60's (degrees Fahrenheit).",". Average temperatures are less than 9 °C (48 °F) in winter and below 0 °C (32 °F) in the highest parts of the ranges

---

. Except at cool mountain elevations, the inland monthly temperatures are 2–7 °C (4–13 °F) warmer than around Melbourne (see chart)

---

. In the summers, temperature ranges are 90-60's while as winters are 70-50's, usually all of Southern California have Mediterranean climate. But snow is very rare in the Southwest of the state, it occurs on the Southeast of the state.",0.626,False,0.5156,False,-1.0,1.104,squad,41,mistral,ollama
896,What is the low end of the temperature range in summer?,60's,hcpc_v2," Based on the provided context, the lowest temperature range mentioned for summer is 90-60's (degrees Fahrenheit), which corresponds to a range of 32.2-15.6 degrees Celsius. This information is from the description of Southern California's climate in the context.","The Victorian Alps in the northeast are the coldest part of Victoria. The Alps are part of the Great Dividing Range mountain system extending east-west through the centre of Victoria. Average temperatures are less than 9 °C (48 °F) in winter and below 0 °C (32 °F) in the highest parts of the ranges. The state's lowest minimum temperature of −11.7 °C (10.9 °F) was recorded at Omeo on 13 June 1965, and again at Falls Creek on 3 July 1970. Temperature extremes for the state are listed in the table below:

---

The Mallee and upper Wimmera are Victoria's warmest regions with hot winds blowing from nearby semi-deserts. Average temperatures exceed 32 °C (90 °F) during summer and 15 °C (59 °F) in winter. Except at cool mountain elevations, the inland monthly temperatures are 2–7 °C (4–13 °F) warmer than around Melbourne (see chart). Victoria's highest maximum temperature since World War II, of 48.8 °C (119.8 °F) was recorded in Hopetoun on 7 February 2009, during the 2009 southeastern Australia heat wave.

---

Southern California contains a Mediterranean climate, with infrequent rain and many sunny days. Summers are hot and dry, while winters are a bit warm or mild and wet. Serious rain can occur unusually . In the summers, temperature ranges are 90-60's while as winters are 70-50's, usually all of Southern California have Mediterranean climate. But snow is very rare in the Southwest of the state, it occurs on the Southeast of the state.",0.6192,False,0.4646,True,0.3324,2.489,squad,41,mistral,ollama
1206,Difficulty in establishing a framework for complexity classes can be caused by what variable?,complicated definitions,baseline," I cannot find this information in the provided context about difficulty in establishing a framework for complexity classes being caused by a specific variable. The context only discusses that some complexity classes have complicated definitions and that they are often defined by bounding the time or space used by the algorithm, but it does not specify any variables causing difficulties in establishing a framework.","Of course, some complexity classes have complicated definitions that do not fit into this framework. Thus, a typical complexity class has a definition like the following:

---

Many important complexity classes can be defined by bounding the time or space used by the algorithm. Some important complexity classes of decision problems defined in this manner are the following:

---

Computational complexity theory is a branch of the theory of computation in theoretical computer science that focuses on classifying computational problems according to their inherent difficulty, and relating those classes to each other. A computational problem is understood to be a task that is in principle amenable to being solved by a computer, which is equivalent to stating that the problem may be solved by mechanical application of mathematical steps, such as an algorithm.",0.5086,False,0.585,False,-1.0,2.341,squad,41,mistral,ollama
1207,Difficulty in establishing a framework for complexity classes can be caused by what variable?,complicated definitions,hcpc_v1, I cannot find this information in the provided context. The context does not mention any specific variable causing difficulty in establishing a framework for complexity classes.,"Of course, some complexity classes have complicated definitions that do not fit into this framework. Thus, a typical complexity class has a definition like the following:

---

Many important complexity classes can be defined by bounding the time or space used by the algorithm. Some important complexity classes of decision problems defined in this manner are the following:

---

Computational complexity theory is a branch of the theory of computation in theoretical computer science that focuses on classifying computational problems according to their inherent difficulty, and relating those classes to each other",0.6483,False,0.5913,False,-1.0,0.936,squad,41,mistral,ollama
1208,Difficulty in establishing a framework for complexity classes can be caused by what variable?,complicated definitions,hcpc_v2," I cannot find this information in the provided context about difficulty in establishing a framework for complexity classes being caused by a specific variable. The context only discusses that some complexity classes have complicated definitions and that they are often defined by bounding the time or space used by the algorithm, but it does not provide details on why establishing a framework can be difficult.","Of course, some complexity classes have complicated definitions that do not fit into this framework. Thus, a typical complexity class has a definition like the following:

---

Many important complexity classes can be defined by bounding the time or space used by the algorithm. Some important complexity classes of decision problems defined in this manner are the following:

---

Computational complexity theory is a branch of the theory of computation in theoretical computer science that focuses on classifying computational problems according to their inherent difficulty, and relating those classes to each other . A computational problem is understood to be a task that is in principle amenable to being solved by a computer, which is equivalent to stating that the problem may be solved by mechanical application of mathematical steps, such as an algorithm.",0.5082,False,0.585,True,0.6023,2.265,squad,41,mistral,ollama
1260,"Where was a beer, wine and food festival held at prior to the Super Bowl?",Bellomy Field,baseline," I cannot find this information in the provided context. The context does not mention any details about a beer, wine, and food festival being held before the Super Bowl.","The game's media day, which was typically held on the Tuesday afternoon prior to the game, was moved to the Monday evening and re-branded as Super Bowl Opening Night. The event was held on February 1, 2016 at SAP Center in San Jose. Alongside the traditional media availabilities, the event featured an opening ceremony with player introductions on a replica of the Golden Gate Bridge.

---

On May 21, 2013, NFL owners at their spring meetings in Boston voted and awarded the game to Levi's Stadium. The $1.2 billion stadium opened in 2014. It is the first Super Bowl held in the San Francisco Bay Area since Super Bowl XIX in 1985, and the first in California since Super Bowl XXXVII took place in San Diego in 2003.

---

The league announced on October 16, 2012, that the two finalists were Sun Life Stadium and Levi's Stadium. The South Florida/Miami area has previously hosted the event 10 times (tied for most with New Orleans), with the most recent one being Super Bowl XLIV in 2010. The San Francisco Bay Area last hosted in 1985 (Super Bowl XIX), held at Stanford Stadium in Stanford, California, won by the home team 49ers. The Miami bid depended on whether the stadium underwent renovations. However, on May 3, 2013, the Florida legislature refused to approve the funding plan to pay for the renovations, dealing a significant blow to Miami's chances.",0.6756,False,0.569,False,-1.0,1.474,squad,41,mistral,ollama
1261,"Where was a beer, wine and food festival held at prior to the Super Bowl?",Bellomy Field,hcpc_v1," I cannot find this information in the provided context. The context only discusses the location of the Super Bowl events, not any beer, wine, or food festivals associated with them.","The game's media day, which was typically held on the Tuesday afternoon prior to the game, was moved to the Monday evening and re-branded as Super Bowl Opening Night. The event was held on February 1, 2016 at SAP Center in San Jose

---

. It is the first Super Bowl held in the San Francisco Bay Area since Super Bowl XIX in 1985, and the first in California since Super Bowl XXXVII took place in San Diego in 2003.

---

. The South Florida/Miami area has previously hosted the event 10 times (tied for most with New Orleans), with the most recent one being Super Bowl XLIV in 2010",0.7225,False,0.5614,False,-1.0,1.331,squad,41,mistral,ollama
1262,"Where was a beer, wine and food festival held at prior to the Super Bowl?",Bellomy Field,hcpc_v2," I cannot find this information in the provided context. The context does not mention any details about a beer, wine, and food festival being held before the Super Bowl.","The game's media day, which was typically held on the Tuesday afternoon prior to the game, was moved to the Monday evening and re-branded as Super Bowl Opening Night. The event was held on February 1, 2016 at SAP Center in San Jose. Alongside the traditional media availabilities, the event featured an opening ceremony with player introductions on a replica of the Golden Gate Bridge.

---

On May 21, 2013, NFL owners at their spring meetings in Boston voted and awarded the game to Levi's Stadium. The $1.2 billion stadium opened in 2014. It is the first Super Bowl held in the San Francisco Bay Area since Super Bowl XIX in 1985, and the first in California since Super Bowl XXXVII took place in San Diego in 2003.

---

The league announced on October 16, 2012, that the two finalists were Sun Life Stadium and Levi's Stadium . The South Florida/Miami area has previously hosted the event 10 times (tied for most with New Orleans), with the most recent one being Super Bowl XLIV in 2010 . The San Francisco Bay Area last hosted in 1985 (Super Bowl XIX), held at Stanford Stadium in Stanford, California, won by the home team 49ers. The Miami bid depended on whether the stadium underwent renovations . However, on May 3, 2013, the Florida legislature refused to approve the funding plan to pay for the renovations, dealing a significant blow to Miami's chances.",0.6756,False,0.5701,True,0.6,1.369,squad,41,mistral,ollama
1299,"According to the text, how much money did the Host Committee raise?",over $40 million,baseline, The text states that the Super Bowl 50 Host Committee has already raised over $40 million through sponsors.,"For the first time, the Super Bowl 50 Host Committee and the NFL have openly sought disabled veteran and lesbian, gay, bisexual and transgender-owned businesses in Business Connect, the Super Bowl program that provides local companies with contracting opportunities in and around the Super Bowl. The host committee has already raised over $40 million through sponsors including Apple, Google, Yahoo!, Intel, Gap, Chevron, and Dignity Health.

---

The Super Bowl 50 Host Committee has vowed to be ""the most giving Super Bowl ever"", and will dedicate 25 percent of all money it raises for philanthropic causes in the Bay Area. The committee created the 50 fund as its philanthropic initiative and focuses on providing grants to aid with youth development, community investment and sustainable environments.

---

In addition, there are $2 million worth of other ancillary events, including a week-long event at the Santa Clara Convention Center, a beer, wine and food festival at Bellomy Field at Santa Clara University, and a pep rally. A professional fundraiser will aid in finding business sponsors and individual donors, but still may need the city council to help fund the event. Additional funding will be provided by the city council, which has announced plans to set aside seed funding for the event.",0.7417,False,0.4602,False,-1.0,1.084,squad,41,mistral,ollama
1300,"According to the text, how much money did the Host Committee raise?",over $40 million,hcpc_v1, The text states that the Super Bowl 50 Host Committee has already raised over $40 million.,". The host committee has already raised over $40 million through sponsors including Apple, Google, Yahoo!, Intel, Gap, Chevron, and Dignity Health.

---

The Super Bowl 50 Host Committee has vowed to be ""the most giving Super Bowl ever"", and will dedicate 25 percent of all money it raises for philanthropic causes in the Bay Area

---

. Additional funding will be provided by the city council, which has announced plans to set aside seed funding for the event.",0.7613,False,0.5217,False,-1.0,0.842,squad,41,mistral,ollama
1301,"According to the text, how much money did the Host Committee raise?",over $40 million,hcpc_v2, The text states that the Super Bowl 50 Host Committee has already raised over $40 million through sponsors.,"For the first time, the Super Bowl 50 Host Committee and the NFL have openly sought disabled veteran and lesbian, gay, bisexual and transgender-owned businesses in Business Connect, the Super Bowl program that provides local companies with contracting opportunities in and around the Super Bowl. The host committee has already raised over $40 million through sponsors including Apple, Google, Yahoo!, Intel, Gap, Chevron, and Dignity Health.

---

The Super Bowl 50 Host Committee has vowed to be ""the most giving Super Bowl ever"", and will dedicate 25 percent of all money it raises for philanthropic causes in the Bay Area. The committee created the 50 fund as its philanthropic initiative and focuses on providing grants to aid with youth development, community investment and sustainable environments.

---

In addition, there are $2 million worth of other ancillary events, including a week-long event at the Santa Clara Convention Center, a beer, wine and food festival at Bellomy Field at Santa Clara University, and a pep rally . A professional fundraiser will aid in finding business sponsors and individual donors, but still may need the city council to help fund the event . Additional funding will be provided by the city council, which has announced plans to set aside seed funding for the event.",0.7417,False,0.4602,True,0.3579,1.088,squad,41,mistral,ollama
1350,What was special about Tesla's memory?,eidetic,baseline," According to the provided context, Tesla had a remarkable memory that allowed him to memorize complete books and visualize inventions with extreme precision, including all dimensions, without making hand-drawn sketches. He also experienced blinding flashes of light before his eyes, often accompanied by visions, which were linked to words or ideas he might have come across or provided solutions to problems he had encountered.","Tesla read many works, memorizing complete books, and supposedly possessed a photographic memory.:33 He was a polyglot, speaking eight languages: Serbo-Croatian, Czech, English, French, German, Hungarian, Italian, and Latin.:282 Tesla related in his autobiography that he experienced detailed moments of inspiration. During his early life, Tesla was repeatedly stricken with illness. He suffered a peculiar affliction in which blinding flashes of light would appear before his eyes, often accompanied by visions.:33 Often, the visions were linked to a word or idea he might have come across; at other times they would provide the solution to a particular problem he had encountered. Just by hearing the name of an item, he would be able to envision it in realistic detail.:33 Tesla would visualize an invention in his mind with extreme precision, including all dimensions, before moving to the construction stage, a technique sometimes known as picture thinking

---

. He typically did not make drawings by hand but worked from memory. Beginning in his childhood, Tesla had frequent flashbacks to events that had happened previously in his life.:33

---

Tesla's legacy has endured in books, films, radio, TV, music, live theater, comics and video games. The impact of the technologies invented or envisioned by Tesla is a recurring theme in several types of science fiction.",0.5567,False,0.5852,False,-1.0,2.923,squad,41,mistral,ollama
1351,What was special about Tesla's memory?,eidetic,hcpc_v1," Tesla's memory was special as he supposedly possessed a photographic memory, meaning he could remember complete books.","Tesla read many works, memorizing complete books, and supposedly possessed a photographic memory.:33 He was a polyglot, speaking eight languages: Serbo-Croatian, Czech, English, French, German, Hungarian, Italian, and Latin.:282 Tesla related in his

---

. He typically did not make drawings by hand but worked from memory. Beginning in his childhood, Tesla had frequent flashbacks to events that had happened previously in his life.:33

---

Tesla's legacy has endured in books, films, radio, TV, music, live theater, comics and video games. The impact of the technologies invented or envisioned by Tesla is a recurring theme in several types of science fiction.",0.4871,True,0.599,False,-1.0,0.887,squad,41,mistral,ollama
1352,What was special about Tesla's memory?,eidetic,hcpc_v2," According to the provided context, Tesla had a remarkable memory that allowed him to memorize complete books and visualize inventions with extreme precision, including all dimensions, without making hand-drawn sketches. He also experienced blinding flashes of light before his eyes, often accompanied by visions, which were linked to words or ideas he might have come across or provided solutions to problems he had encountered.","Tesla read many works, memorizing complete books, and supposedly possessed a photographic memory.:33 He was a polyglot, speaking eight languages: Serbo-Croatian, Czech, English, French, German, Hungarian, Italian, and Latin.:282 Tesla related in his autobiography that he experienced detailed moments of inspiration. During his early life, Tesla was repeatedly stricken with illness. He suffered a peculiar affliction in which blinding flashes of light would appear before his eyes, often accompanied by visions.:33 Often, the visions were linked to a word or idea he might have come across; at other times they would provide the solution to a particular problem he had encountered. Just by hearing the name of an item, he would be able to envision it in realistic detail.:33 Tesla would visualize an invention in his mind with extreme precision, including all dimensions, before moving to the construction stage, a technique sometimes known as picture thinking

---

. He typically did not make drawings by hand but worked from memory. Beginning in his childhood, Tesla had frequent flashbacks to events that had happened previously in his life.:33

---

Tesla's legacy has endured in books, films, radio, TV, music, live theater, comics and video games. The impact of the technologies invented or envisioned by Tesla is a recurring theme in several types of science fiction.",0.5567,False,0.5852,True,0.5226,2.853,squad,41,mistral,ollama
1413,Who controlled Sicily before the Normans?,Saracens,baseline, The Saracens controlled Sicily before the Normans.,". Norman adventurers founded the Kingdom of Sicily under Roger II after conquering southern Italy on the Saracens and Byzantines, and an expedition on behalf of their duke, William the Conqueror, led to the Norman conquest of England at the Battle of Hastings in 1066. Norman cultural and military influence spread from these new European centres to the Crusader states of the Near East, where their prince Bohemond I founded the Principality of Antioch in the Levant, to Scotland and Wales in Great Britain, to Ireland, and to the coasts of north Africa and the Canary Islands.

---

In England, the period of Norman architecture immediately succeeds that of the Anglo-Saxon and precedes the Early Gothic. In southern Italy, the Normans incorporated elements of Islamic, Lombard, and Byzantine building techniques into their own, initiating a unique style known as Norman-Arab architecture within the Kingdom of Sicily.

---

From these bases, the Normans eventually captured Sicily and Malta from the Saracens, under the leadership of the famous Robert Guiscard, a Hauteville, and his younger brother Roger the Great Count. Roger's son, Roger II of Sicily, was crowned king in 1130 (exactly one century after Rainulf was ""crowned"" count) by Antipope Anacletus II. The Kingdom of Sicily lasted until 1194, when it was transferred to the House of Hohenstaufen through marriage. The Normans left their legacy in many castles, such as William Iron Arm's citadel at Squillace, and cathedrals, such as Roger II's Cappella Palatina chapel at Palermo, which dot the landscape and give a wholly distinct architectural flavor to accompany its unique history.",0.6733,False,0.6116,False,-1.0,0.832,squad,41,mistral,ollama
1414,Who controlled Sicily before the Normans?,Saracens,hcpc_v1," The context does not specify who controlled Sicily before the Normans. However, it is mentioned that the Normans conquered Sicily from the Saracens.",". Norman adventurers founded the Kingdom of Sicily under Roger II after conquering southern Italy on the Saracens and Byzantines, and an expedition on behalf of their duke, William the Conqueror, led to the Norman conquest of England at the Battle of

---

. In southern Italy, the Normans incorporated elements of Islamic, Lombard, and Byzantine building techniques into their own, initiating a unique style known as Norman-Arab architecture within the Kingdom of Sicily.

---

From these bases, the Normans eventually captured Sicily and Malta from the Saracens, under the leadership of the famous Robert Guiscard, a Hauteville, and his younger brother Roger the Great Count",0.7744,False,0.6242,False,-1.0,1.151,squad,41,mistral,ollama
1415,Who controlled Sicily before the Normans?,Saracens,hcpc_v2, The Saracens controlled Sicily before the Normans.,". Norman adventurers founded the Kingdom of Sicily under Roger II after conquering southern Italy on the Saracens and Byzantines, and an expedition on behalf of their duke, William the Conqueror, led to the Norman conquest of England at the Battle of Hastings in 1066. Norman cultural and military influence spread from these new European centres to the Crusader states of the Near East, where their prince Bohemond I founded the Principality of Antioch in the Levant, to Scotland and Wales in Great Britain, to Ireland, and to the coasts of north Africa and the Canary Islands.

---

In England, the period of Norman architecture immediately succeeds that of the Anglo-Saxon and precedes the Early Gothic. In southern Italy, the Normans incorporated elements of Islamic, Lombard, and Byzantine building techniques into their own, initiating a unique style known as Norman-Arab architecture within the Kingdom of Sicily.

---

From these bases, the Normans eventually captured Sicily and Malta from the Saracens, under the leadership of the famous Robert Guiscard, a Hauteville, and his younger brother Roger the Great Count. Roger's son, Roger II of Sicily, was crowned king in 1130 (exactly one century after Rainulf was ""crowned"" count) by Antipope Anacletus II. The Kingdom of Sicily lasted until 1194, when it was transferred to the House of Hohenstaufen through marriage. The Normans left their legacy in many castles, such as William Iron Arm's citadel at Squillace, and cathedrals, such as Roger II's Cappella Palatina chapel at Palermo, which dot the landscape and give a wholly distinct architectural flavor to accompany its unique history.",0.6733,False,0.6116,False,0.4219,0.771,squad,41,mistral,ollama
1491,When did Tesla come to the US?,1884,baseline, Tesla emigrated to the United States in 1884.,"On 30 July 1891, at the age of 35, Tesla became a naturalized citizen of the United States, and established his South Fifth Avenue laboratory, and later another at 46 E. Houston Street, in New York. He lit electric lamps wirelessly at both locations, demonstrating the potential of wireless power transmission. In the same year, he patented the Tesla coil.

---

Tesla gained experience in telephony and electrical engineering before emigrating to the United States in 1884 to work for Thomas Edison in New York City. He soon struck out on his own with financial backers, setting up laboratories and companies to develop a range of electrical devices. His patented AC induction motor and transformer were licensed by George Westinghouse, who also hired Tesla for a short time as a consultant. His work in the formative years of electric power development was involved in a corporate alternating current/direct current ""War of Currents"" as well as various patent battles.

---

On 7 January 1900, Tesla left Colorado Springs.[citation needed] His lab was torn down in 1904, and its contents were sold two years later to satisfy a debt.",0.7239,False,0.6328,False,-1.0,0.839,squad,41,mistral,ollama
1492,When did Tesla come to the US?,1884,hcpc_v1, Tesla emigrated to the United States in 1884.,"On 30 July 1891, at the age of 35, Tesla became a naturalized citizen of the United States, and established his South Fifth Avenue laboratory, and later another at 46 E. Houston Street, in New York

---

Tesla gained experience in telephony and electrical engineering before emigrating to the United States in 1884 to work for Thomas Edison in New York City

---

On 7 January 1900, Tesla left Colorado Springs.[citation needed] His lab was torn down in 1904, and its contents were sold two years later to satisfy a debt.",0.7239,False,0.6292,False,-1.0,0.637,squad,41,mistral,ollama
1493,When did Tesla come to the US?,1884,hcpc_v2, Tesla emigrated to the United States in 1884.,"On 30 July 1891, at the age of 35, Tesla became a naturalized citizen of the United States, and established his South Fifth Avenue laboratory, and later another at 46 E. Houston Street, in New York. He lit electric lamps wirelessly at both locations, demonstrating the potential of wireless power transmission. In the same year, he patented the Tesla coil.

---

Tesla gained experience in telephony and electrical engineering before emigrating to the United States in 1884 to work for Thomas Edison in New York City. He soon struck out on his own with financial backers, setting up laboratories and companies to develop a range of electrical devices. His patented AC induction motor and transformer were licensed by George Westinghouse, who also hired Tesla for a short time as a consultant. His work in the formative years of electric power development was involved in a corporate alternating current/direct current ""War of Currents"" as well as various patent battles.

---

On 7 January 1900, Tesla left Colorado Springs.[citation needed] His lab was torn down in 1904, and its contents were sold two years later to satisfy a debt.",0.7239,False,0.6328,False,0.5168,0.761,squad,41,mistral,ollama
1527,What did the new mass allow as regards ceremony?,freedom of ceremony,baseline," The new mass allowed freedom of ceremony, as trappings such as Mass vestments, altar, and candles were made optional.","In response to demands for a German liturgy, Luther wrote a German Mass, which he published in early 1526. He did not intend it as a replacement for his 1523 adaptation of the Latin Mass but as an alternative for the ""simple people"", a ""public stimulation for people to believe and become Christians."" Luther based his order on the Catholic service but omitted ""everything that smacks of sacrifice""; and the Mass became a celebration where everyone received the wine as well as the bread. He retained the elevation of the host and chalice, while trappings such as the Mass vestments, altar, and candles were made optional, allowing freedom of ceremony. Some reformers, including followers of Huldrych Zwingli, considered Luther's service too papistic; and modern scholars note the conservatism of his alternative to the Catholic mass. Luther's service, however, included congregational singing of hymns and psalms in German, as well as of parts of the liturgy, including Luther's unison setting of the Creed

---

In October 1529, Philip I, Landgrave of Hesse, convoked an assembly of German and Swiss theologians at the Marburg Colloquy, to establish doctrinal unity in the emerging Protestant states. Agreement was achieved on fourteen points out of fifteen, the exception being the nature of the Eucharist – the sacrament of the Lord's Supper—an issue crucial to Luther.

---

. Even Priesthood representatives are expected to defer to the father of the house when in his home. Further, additional spiritual guidance is offered by those holding the office of Patriarch, which is supposed by Latter-day Saints to grant certain gifts of the Spirit, such as the ability to prophesy, to its holders. This guidance is generally offered during a ceremony called the patriarchal blessing.",0.6007,False,0.3789,False,-1.0,1.309,squad,42,mistral,ollama
1528,What did the new mass allow as regards ceremony?,freedom of ceremony,hcpc_v1," The new mass allowed freedom of ceremony, specifically making trappings such as Mass vestments, altar, and candles optional.",". He retained the elevation of the host and chalice, while trappings such as the Mass vestments, altar, and candles were made optional, allowing freedom of ceremony

---

. Agreement was achieved on fourteen points out of fifteen, the exception being the nature of the Eucharist – the sacrament of the Lord's Supper—an issue crucial to Luther.

---

. This guidance is generally offered during a ceremony called the patriarchal blessing.",0.4777,True,0.4548,False,-1.0,0.995,squad,42,mistral,ollama
1529,What did the new mass allow as regards ceremony?,freedom of ceremony,hcpc_v2," The new mass allowed freedom of ceremony, as trappings such as Mass vestments, altar, and candles were made optional.","In response to demands for a German liturgy, Luther wrote a German Mass, which he published in early 1526. He did not intend it as a replacement for his 1523 adaptation of the Latin Mass but as an alternative for the ""simple people"", a ""public stimulation for people to believe and become Christians."" Luther based his order on the Catholic service but omitted ""everything that smacks of sacrifice""; and the Mass became a celebration where everyone received the wine as well as the bread. He retained the elevation of the host and chalice, while trappings such as the Mass vestments, altar, and candles were made optional, allowing freedom of ceremony. Some reformers, including followers of Huldrych Zwingli, considered Luther's service too papistic; and modern scholars note the conservatism of his alternative to the Catholic mass. Luther's service, however, included congregational singing of hymns and psalms in German, as well as of parts of the liturgy, including Luther's unison setting of the Creed

---

In October 1529, Philip I, Landgrave of Hesse, convoked an assembly of German and Swiss theologians at the Marburg Colloquy, to establish doctrinal unity in the emerging Protestant states. Agreement was achieved on fourteen points out of fifteen, the exception being the nature of the Eucharist – the sacrament of the Lord's Supper—an issue crucial to Luther.

---

. Even Priesthood representatives are expected to defer to the father of the house when in his home . Further, additional spiritual guidance is offered by those holding the office of Patriarch, which is supposed by Latter-day Saints to grant certain gifts of the Spirit, such as the ability to prophesy, to its holders . This guidance is generally offered during a ceremony called the patriarchal blessing.",0.6007,False,0.3789,True,0.1735,1.307,squad,42,mistral,ollama
1554,What helped spread Protestantism in France?,availability of the Bible in vernacular languages,baseline," The text mentions that as Huguenots (Protestants) gained influence, they more openly displayed their faith. However, it also states that Catholic hostility grew due to this open display of faith, and religious conflicts followed, known as the Wars of Religion. The Edict of Nantes, issued in 1598, granted the Huguenots substantial religious, political, and military autonomy, which could be seen as a factor that helped spread Protestantism within certain domains in France. However, it's important to note that the text does not explicitly state that these events directly caused the spread of Protestantism across France.","Huguenot numbers peaked near an estimated two million by 1562, concentrated mainly in the southern and central parts of France, about one-eighth the number of French Catholics. As Huguenots gained influence and more openly displayed their faith, Catholic hostility grew, in spite of increasingly liberal political concessions and edicts of toleration from the French crown. A series of religious conflicts followed, known as the Wars of Religion, fought intermittently from 1562 to 1598. The wars finally ended with the granting of the Edict of Nantes, which granted the Huguenots substantial religious, political and military autonomy.

---

The pattern of warfare, followed by brief periods of peace, continued for nearly another quarter-century. The warfare was definitively quelled in 1598, when Henry of Navarre, having succeeded to the French throne as Henry IV, and having recanted Protestantism in favour of Roman Catholicism, issued the Edict of Nantes. The Edict reaffirmed Catholicism as the state religion of France, but granted the Protestants equality with Catholics under the throne and a degree of religious and political freedom within their domains. The Edict simultaneously protected Catholic interests by discouraging the founding of new Protestant churches in Catholic-controlled regions.[citation needed]

---

The revocation forbade Protestant services, required education of children as Catholics, and prohibited emigration. It proved disastrous to the Huguenots and costly for France. It precipitated civil bloodshed, ruined commerce, and resulted in the illegal flight from the country of hundreds of thousands of Protestants, many of whom became intellectuals, doctors and business leaders in Britain as well as Holland, Prussia, and South Africa. Four thousand emigrated to the North American colonies, where they settled in New York and Virginia, especially. The English welcomed the French refugees, providing money from both government and private agencies to aid their relocation. Those Huguenots who stayed in France became Catholics and were called ""new converts"".",0.5733,False,0.519,False,-1.0,4.545,squad,42,mistral,ollama
1555,What helped spread Protestantism in France?,availability of the Bible in vernacular languages,hcpc_v1," I cannot find this information in the provided context about what helped spread Protestantism in France. The context only mentions that as Huguenots gained influence, Catholic hostility grew despite political concessions and edicts of toleration from the French crown. It also mentions that some Huguenots who stayed in France became Catholics. However, it does not provide information about what helped spread Protestantism.",". As Huguenots gained influence and more openly displayed their faith, Catholic hostility grew, in spite of increasingly liberal political concessions and edicts of toleration from the French crown

---

. The Edict reaffirmed Catholicism as the state religion of France, but granted the Protestants equality with Catholics under the throne and a degree of religious and political freedom within their domains

---

. Those Huguenots who stayed in France became Catholics and were called ""new converts"".",0.5028,False,0.584,False,-1.0,2.762,squad,42,mistral,ollama
1556,What helped spread Protestantism in France?,availability of the Bible in vernacular languages,hcpc_v2," The context does not provide specific information about what helped spread Protestantism in France. However, it mentions that Huguenot numbers peaked near two million by 1562 and that as they gained influence and openly displayed their faith, Catholic hostility grew. This suggests that the growth of Protestantism may have been due to its increasing presence and visibility within French society, despite growing Catholic opposition. The Wars of Religion also played a role in spreading Protestantism, as the Edict of Nantes granted them substantial religious, political, and military autonomy after the wars ended in 1598. However, the context does not provide direct evidence about specific factors that helped spread Protestantism in France.","Huguenot numbers peaked near an estimated two million by 1562, concentrated mainly in the southern and central parts of France, about one-eighth the number of French Catholics. As Huguenots gained influence and more openly displayed their faith, Catholic hostility grew, in spite of increasingly liberal political concessions and edicts of toleration from the French crown. A series of religious conflicts followed, known as the Wars of Religion, fought intermittently from 1562 to 1598. The wars finally ended with the granting of the Edict of Nantes, which granted the Huguenots substantial religious, political and military autonomy.

---

The pattern of warfare, followed by brief periods of peace, continued for nearly another quarter-century. The warfare was definitively quelled in 1598, when Henry of Navarre, having succeeded to the French throne as Henry IV, and having recanted Protestantism in favour of Roman Catholicism, issued the Edict of Nantes. The Edict reaffirmed Catholicism as the state religion of France, but granted the Protestants equality with Catholics under the throne and a degree of religious and political freedom within their domains. The Edict simultaneously protected Catholic interests by discouraging the founding of new Protestant churches in Catholic-controlled regions.[citation needed]

---

The revocation forbade Protestant services, required education of children as Catholics, and prohibited emigration. It proved disastrous to the Huguenots and costly for France . It precipitated civil bloodshed, ruined commerce, and resulted in the illegal flight from the country of hundreds of thousands of Protestants, many of whom became intellectuals, doctors and business leaders in Britain as well as Holland, Prussia, and well as Holland, Prussia, and South Africa . Four thousand emigrated to the North American colonies, where they settled in New York and Virginia, especially. The English welcomed the French refugees, providing money from both government and private agencies to aid their relocation . Those Huguenots who stayed in France became Catholics and were called ""new converts"".",0.5005,False,0.5203,True,0.407,5.028,squad,42,mistral,ollama
1692,What is the foundation for separation results within complexity classes?,time and space hierarchy theorems,baseline, The time and space hierarchy theorems form the basis for most separation results within complexity classes.,"The time and space hierarchy theorems form the basis for most separation results of complexity classes. For instance, the time hierarchy theorem tells us that P is strictly contained in EXPTIME, and the space hierarchy theorem tells us that L is strictly contained in PSPACE.

---

Of course, some complexity classes have complicated definitions that do not fit into this framework. Thus, a typical complexity class has a definition like the following:

---

Many complexity classes are defined using the concept of a reduction. A reduction is a transformation of one problem into another problem. It captures the informal notion of a problem being at least as difficult as another problem. For instance, if a problem X can be solved using an algorithm for Y, X is no more difficult than Y, and we say that X reduces to Y. There are many different types of reductions, based on the method of reduction, such as Cook reductions, Karp reductions and Levin reductions, and the bound on the complexity of reductions, such as polynomial-time reductions or log-space reductions.",0.6221,False,0.6298,False,-1.0,0.849,squad,42,mistral,ollama
1693,What is the foundation for separation results within complexity classes?,time and space hierarchy theorems,hcpc_v1, The time and space hierarchy theorems form the basis for most separation results of complexity classes.,"The time and space hierarchy theorems form the basis for most separation results of complexity classes

---

Of course, some complexity classes have complicated definitions that do not fit into this framework. Thus, a typical complexity class has a definition like the following:

---

Many complexity classes are defined using the concept of a reduction. A reduction is a transformation of one problem into another problem. It captures the informal notion of a problem being at least as difficult as another problem",0.6326,False,0.6709,False,-1.0,0.705,squad,42,mistral,ollama
1694,What is the foundation for separation results within complexity classes?,time and space hierarchy theorems,hcpc_v2, The time and space hierarchy theorems form the basis for most separation results within complexity classes.,"The time and space hierarchy theorems form the basis for most separation results of complexity classes. For instance, the time hierarchy theorem tells us that P is strictly contained in EXPTIME, and the space hierarchy theorem tells us that L is strictly contained in PSPACE.

---

Of course, some complexity classes have complicated definitions that do not fit into this framework. Thus, a typical complexity class has a definition like the following:

---

Many complexity classes are defined using the concept of a reduction. A reduction is a transformation of one problem into another problem. It captures the informal notion of a problem being at least as difficult as another problem . For instance, if a problem X can be solved using an algorithm for Y, X is no more difficult than Y, and we say that X reduces to Y . There are many different types of reductions, based on the method of reduction, such as Cook reductions, Karp reductions and Levin reductions, and the bound on the complexity of reductions, such as polynomial-time reductions or log-space reductions.",0.6221,False,0.6299,True,0.4091,0.854,squad,42,mistral,ollama
1716,what did Tesla think nitrous acid contributed to? ,skin damage,baseline," Based on the provided context, it is not explicitly stated what Tesla thought nitrous acid contributed to. However, it is mentioned that he believed early on that damage to the skin was to a lesser extent caused by nitrous acid while working with his X-ray producing devices.","In 1937, at a luncheon in his honor concerning the death ray, Tesla stated, ""But it is not an experiment ... I have built, demonstrated and used it. Only a little time will pass before I can give it to the world."" His records indicate that the device is based on a narrow stream of small tungsten pellets that are accelerated via high voltage (by means akin to his magnifying transformer).

---

Tesla was generally antagonistic towards theories about the conversion of matter into energy.:247 He was also critical of Einstein's theory of relativity, saying:

---

Tesla noted the hazards of working with his circuit and single-node X-ray-producing devices. In his many notes on the early investigation of this phenomenon, he attributed the skin damage to various causes. He believed early on that damage to the skin was not caused by the Roentgen rays, but by the ozone generated in contact with the skin, and to a lesser extent, by nitrous acid. Tesla incorrectly believed that X-rays were longitudinal waves, such as those produced in waves in plasmas. These plasma waves can occur in force-free magnetic fields.",0.4226,True,0.5157,False,-1.0,2.052,squad,42,mistral,ollama
1717,what did Tesla think nitrous acid contributed to? ,skin damage,hcpc_v1," The provided context does not mention specifically what Tesla believed nitrous acid contributed to. However, it is stated that he believed damage to the skin was caused by ozone generated in contact with the skin, and to a lesser extent, by nitrous acid. So, it can be inferred that Tesla may have thought nitrous acid played a role in causing skin damage, but this is not explicitly stated.","In 1937, at a luncheon in his honor concerning the death ray, Tesla stated, ""But it is not an experiment ... I have built, demonstrated and used it

---

Tesla was generally antagonistic towards theories about the conversion of matter into energy.:247 He was also critical of Einstein's theory of relativity, saying:

---

. He believed early on that damage to the skin was not caused by the Roentgen rays, but by the ozone generated in contact with the skin, and to a lesser extent, by nitrous acid",0.481,True,0.5015,False,-1.0,2.695,squad,42,mistral,ollama
1718,what did Tesla think nitrous acid contributed to? ,skin damage,hcpc_v2," Based on the provided context, it is not explicitly stated what Tesla thought nitrous acid contributed to. However, it is mentioned that he believed early on that damage to the skin was to a lesser extent caused by nitrous acid while working with his X-ray producing devices.","In 1937, at a luncheon in his honor concerning the death ray, Tesla stated, ""But it is not an experiment ... I have built, demonstrated and used it. Only a little time will pass before I can give it to the world."" His records indicate that the device is based on a narrow stream of small tungsten pellets that are accelerated via high voltage (by means akin to his magnifying transformer).

---

Tesla was generally antagonistic towards theories about the conversion of matter into energy.:247 He was also critical of Einstein's theory of relativity, saying:

---

Tesla noted the hazards of working with his circuit and single-node X-ray-producing devices. In his many notes on the early investigation of this phenomenon, he attributed the skin damage to various causes. He believed early on that damage to the skin was not caused by the Roentgen rays, but by the ozone generated in contact with the skin, and to a lesser extent, by nitrous acid. Tesla incorrectly believed that X-rays were longitudinal waves, such as those produced in waves in plasmas. These plasma waves can occur in force-free magnetic fields.",0.4226,True,0.5157,False,0.4572,1.993,squad,42,mistral,ollama
2004,What did Tesla work on in 1888?,system to power the city's streetcars,baseline," In 1888, Tesla worked on an induction motor that ran on alternating current and used polyphase current to generate a rotating magnetic field. This motor was patented in May 1888.","Tesla went on to pursue his ideas of wireless lighting and electricity distribution in his high-voltage, high-frequency power experiments in New York and Colorado Springs, and made early (1893) pronouncements on the possibility of wireless communication with his devices. He tried to put these ideas to practical use in an ill-fated attempt at intercontinental wireless transmission, his unfinished Wardenclyffe Tower project. In his lab he also conducted a range of experiments with mechanical oscillators/generators, electrical discharge tubes, and early X-ray imaging. He also built a wireless controlled boat, one of the first ever exhibited.

---

One of the things Tesla developed at that laboratory in 1887 was an induction motor that ran on alternating current, a power system format that was starting to be built in Europe and the United States because of its advantages in long-distance, high-voltage transmission. The motor used polyphase current which generated a rotating magnetic field to turn the motor (a principle Tesla claimed to have conceived in 1882). This innovative electric motor, patented in May 1888, was a simple self-starting design that did not need a commutator, thus avoiding sparking and the high maintenance of constantly servicing and replacing mechanical brushes.

---

The investors showed little interest in Tesla's ideas for new types of motors and electrical transmission equipment and also seemed to think it was better to develop an electrical utility than invent new systems. They eventually forced Tesla out leaving him penniless. He even lost control of the patents he had generated since he had assigned them to the company in lieu of stock. He had to work at various electrical repair jobs and even as a ditch digger for $2 per day. Tesla considered the winter of 1886/1887 as a time of ""terrible headaches and bitter tears."" During this time, he questioned the value of his education.",0.7392,False,0.6591,False,-1.0,1.957,squad,42,mistral,ollama
2005,What did Tesla work on in 1888?,system to power the city's streetcars,hcpc_v1, I cannot find information about what Tesla worked on in 1888 in the provided context. The context only mentions events up until 1887.,"Tesla went on to pursue his ideas of wireless lighting and electricity distribution in his high-voltage, high-frequency power experiments in New York and Colorado Springs, and made early (1893) pronouncements on the possibility of wireless communication

---

One of the things Tesla developed at that laboratory in 1887 was an induction motor that ran on alternating current, a power system format that was starting to be built in Europe and the United States because of its advantages in long-distance,

---

. He had to work at various electrical repair jobs and even as a ditch digger for $2 per day. Tesla considered the winter of 1886/1887 as a time of ""terrible headaches and bitter tears."" During this time, he questioned the value of his education.",0.7453,False,0.665,False,-1.0,1.287,squad,42,mistral,ollama
2006,What did Tesla work on in 1888?,system to power the city's streetcars,hcpc_v2," In 1888, Tesla worked on an induction motor that ran on alternating current and used polyphase current to generate a rotating magnetic field. This motor was patented in May 1888.","Tesla went on to pursue his ideas of wireless lighting and electricity distribution in his high-voltage, high-frequency power experiments in New York and Colorado Springs, and made early (1893) pronouncements on the possibility of wireless communication with his devices. He tried to put these ideas to practical use in an ill-fated attempt at intercontinental wireless transmission, his unfinished Wardenclyffe Tower project. In his lab he also conducted a range of experiments with mechanical oscillators/generators, electrical discharge tubes, and early X-ray imaging. He also built a wireless controlled boat, one of the first ever exhibited.

---

One of the things Tesla developed at that laboratory in 1887 was an induction motor that ran on alternating current, a power system format that was starting to be built in Europe and the United States because of its advantages in long-distance, high-voltage transmission. The motor used polyphase current which generated a rotating magnetic field to turn the motor (a principle Tesla claimed to have conceived in 1882). This innovative electric motor, patented in May 1888, was a simple self-starting design that did not need a commutator, thus avoiding sparking and the high maintenance of constantly servicing and replacing mechanical brushes.

---

The investors showed little interest in Tesla's ideas for new types of motors and electrical transmission equipment and also seemed to think it was better to develop an electrical utility than invent new systems. They eventually forced Tesla out leaving him penniless. He even lost control of the patents he had generated since he had assigned them to the company in lieu of stock. He had to work at various electrical repair jobs and even as a ditch digger for $2 per day. Tesla considered the winter of 1886/1887 as a time of ""terrible headaches and bitter tears."" During this time, he questioned the value of his education.",0.7392,False,0.6591,False,0.5127,1.89,squad,42,mistral,ollama
2010,Which fullback fumbled the ball after a Darian Stewart tackle?,Mike Tolbert,baseline, Mike Tolbert,"On Carolina's next possession fullback Mike Tolbert lost a fumble while being tackled by safety Darian Stewart, which linebacker Danny Trevathan recovered on the Broncos 40-yard line. However, the Panthers soon took the ball back when defensive end Kony Ealy tipped a Manning pass to himself and then intercepted it, returning the ball 19 yards to the Panthers 39-yard line with 1:55 left on the clock. The Panthers could not gain any yards with their possession and had to punt. After a Denver punt, Carolina drove to the Broncos 45-yard line. But with 11 seconds left, Newton was sacked by DeMarcus Ware as time expired in the half.

---

After a punt from both teams, Carolina got on track with a 9-play, 73-yard scoring drive. Newton completed 4 of 4 passes for 51 yards and rushed twice for 25 yards, while Jonathan Stewart finished the drive with a 1-yard touchdown run, cutting the score to 10–7 with 11:28 left in the second quarter. Later on, Broncos receiver Jordan Norwood received Brad Nortman's short 28-yard punt surrounded by Panthers players, but none of them attempted to make a tackle, apparently thinking Norwood had called a fair catch. Norwood had not done so, and with no resistance around him, he took off for a Super Bowl record 61-yard return before Mario Addison dragged him down on the Panthers 14-yard line. Despite Denver's excellent field position, they could not get the ball into the end zone, so McManus kicked a 33-yard field goal that increased their lead to 13–7.

---

. The Panthers backfield featured Pro Bowl running back Jonathan Stewart, who led the team with 989 rushing yards and six touchdowns in 13 games, along with Pro Bowl fullback Mike Tolbert, who rushed for 256 yards and caught 18 passes for another 154 yards. Carolina's offensive line also featured two Pro Bowl selections: center Ryan Kalil and guard Trai Turner.",0.4032,True,0.6165,False,-1.0,0.69,squad,42,mistral,ollama
2011,Which fullback fumbled the ball after a Darian Stewart tackle?,Mike Tolbert,hcpc_v1, Mike Tolbert,"On Carolina's next possession fullback Mike Tolbert lost a fumble while being tackled by safety Darian Stewart, which linebacker Danny Trevathan recovered on the Broncos 40-yard line

---

. Newton completed 4 of 4 passes for 51 yards and rushed twice for 25 yards, while Jonathan Stewart finished the drive with a 1-yard touchdown run, cutting the score to 10–7 with 11:28 left in the second quarter

---

. The Panthers backfield featured Pro Bowl running back Jonathan Stewart, who led the team with 989 rushing yards and six touchdowns in 13 games, along with Pro Bowl fullback Mike Tolbert, who rushed for 256 yards and caught 18 passes for another 154 yards",0.4032,True,0.6273,False,-1.0,0.301,squad,42,mistral,ollama
2012,Which fullback fumbled the ball after a Darian Stewart tackle?,Mike Tolbert,hcpc_v2, Mike Tolbert,"On Carolina's next possession fullback Mike Tolbert lost a fumble while being tackled by safety Darian Stewart, which linebacker Danny Trevathan recovered on the Broncos 40-yard line. However, the Panthers soon took the ball back when defensive end Kony Ealy tipped a Manning pass to himself and then intercepted it, returning the ball 19 yards to the Panthers 39-yard line with 1:55 left on the clock. The Panthers could not gain any yards with their possession and had to punt. After a Denver punt, Carolina drove to the Broncos 45-yard line. But with 11 seconds left, Newton was sacked by DeMarcus Ware as time expired in the half.

---

After a punt from both teams, Carolina got on track with a 9-play, 73-yard scoring drive. Newton completed 4 of 4 passes for 51 yards and rushed twice for 25 yards, while Jonathan Stewart finished the drive with a 1-yard touchdown run, cutting the score to 10–7 with 11:28 left in the second quarter. Later on, Broncos receiver Jordan Norwood received Brad Nortman's short 28-yard punt surrounded by Panthers players, but none of them attempted to make a tackle, apparently thinking Norwood had called a fair catch. Norwood had not done so, and with no resistance around him, he took off for a Super Bowl record 61-yard return before Mario Addison dragged him down on the Panthers 14-yard line. Despite Denver's excellent field position, they could not get the ball into the end zone, so McManus kicked a 33-yard field goal that increased their lead to 13–7.

---

. The Panthers backfield featured Pro Bowl running back Jonathan Stewart, who led the team with 989 rushing yards and six touchdowns in 13 games, along with Pro Bowl fullback Mike Tolbert, who rushed for 256 yards and caught 18 passes for another 154 yards . Carolina's offensive line also featured two Pro Bowl selections: center Ryan Kalil and guard Trai Turner.",0.4032,True,0.6165,True,0.5765,0.609,squad,42,mistral,ollama
2121,When did Tesla go to Prague?,1880,baseline, I cannot find any information in the provided context that indicates Tesla went to Prague.,"In 1952, following pressure from Tesla's nephew, Sava Kosanović, Tesla's entire estate was shipped to Belgrade in 80 trunks marked N.T. In 1957, Kosanović's secretary Charlotte Muzar transported Tesla's ashes from the United States to Belgrade. The ashes are displayed in a gold-plated sphere on a marble pedestal in the Nikola Tesla Museum.

---

In 1881, Tesla moved to Budapest to work under Ferenc Puskás at a telegraph company, the Budapest Telephone Exchange. Upon arrival, Tesla realized that the company, then under construction, was not functional, so he worked as a draftsman in the Central Telegraph Office instead. Within a few months, the Budapest Telephone Exchange became functional and Tesla was allocated the chief electrician position. During his employment, Tesla made many improvements to the Central Station equipment and claimed to have perfected a telephone repeater or amplifier, which was never patented nor publicly described.

---

During that year, Tesla worked in Pittsburgh, helping to create an alternating current system to power the city's streetcars. He found the time there frustrating because of conflicts between him and the other Westinghouse engineers over how best to implement AC power. Between them, they settled on a 60-cycle AC current system Tesla proposed (to match the working frequency of Tesla's motor), although they soon found that, since Tesla's induction motor could only run at a constant speed, it would not work for street cars. They ended up using a DC traction motor instead.",0.8202,False,0.5858,False,-1.0,1.027,squad,42,mistral,ollama
2122,When did Tesla go to Prague?,1880,hcpc_v1, I cannot find this information in the provided context. The context does not mention any visit of Tesla to Prague.,"In 1952, following pressure from Tesla's nephew, Sava Kosanović, Tesla's entire estate was shipped to Belgrade in 80 trunks marked N.T. In 1957, Kosanović's secretary Charlotte Muzar transported Tesla's ashes from the United States to Belgrade

---

In 1881, Tesla moved to Budapest to work under Ferenc Puskás at a telegraph company, the Budapest Telephone Exchange

---

. Between them, they settled on a 60-cycle AC current system Tesla proposed (to match the working frequency of Tesla's motor), although they soon found that, since Tesla's induction motor could only run at a constant speed, it would not work for street",0.6055,False,0.5963,False,-1.0,0.894,squad,42,mistral,ollama
2123,When did Tesla go to Prague?,1880,hcpc_v2, I cannot find any information in the provided context that indicates Tesla went to Prague.,"In 1952, following pressure from Tesla's nephew, Sava Kosanović, Tesla's entire estate was shipped to Belgrade in 80 trunks marked N.T. In 1957, Kosanović's secretary Charlotte Muzar transported Tesla's ashes from the United States to Belgrade. The ashes are displayed in a gold-plated sphere on a marble pedestal in the Nikola Tesla Museum.

---

In 1881, Tesla moved to Budapest to work under Ferenc Puskás at a telegraph company, the Budapest Telephone Exchange. Upon arrival, Tesla realized that the company, then under construction, was not functional, so he worked as a draftsman in the Central Telegraph Office instead. Within a few months, the Budapest Telephone Exchange became functional and Tesla was allocated the chief electrician position. During his employment, Tesla made many improvements to the Central Station equipment and claimed to have perfected a telephone repeater or amplifier, which was never patented nor publicly described.

---

During that year, Tesla worked in Pittsburgh, helping to create an alternating current system to power the city's streetcars . He found the time there frustrating because of conflicts between him and the other Westinghouse engineers over how best to implement AC power . Between them, they settled on a 60-cycle AC current system Tesla proposed (to match the working frequency of Tesla's motor), although they soon found that, since Tesla's induction motor could only run at a constant speed, it would not work for street it would not work for street cars . They ended up using a DC traction motor instead.",0.8202,False,0.5869,True,0.4262,0.904,squad,42,mistral,ollama
2157,How many times has a Super Bowl taken place at Miami's Sun Life Stadium?,two,baseline," I cannot find this information in the provided context. The context only mentions that Miami's Sun Life Stadium was one of the finalists for hosting a Super Bowl, but it does not specify how many times a Super Bowl has been held there.","The league announced on October 16, 2012, that the two finalists were Sun Life Stadium and Levi's Stadium. The South Florida/Miami area has previously hosted the event 10 times (tied for most with New Orleans), with the most recent one being Super Bowl XLIV in 2010. The San Francisco Bay Area last hosted in 1985 (Super Bowl XIX), held at Stanford Stadium in Stanford, California, won by the home team 49ers. The Miami bid depended on whether the stadium underwent renovations. However, on May 3, 2013, the Florida legislature refused to approve the funding plan to pay for the renovations, dealing a significant blow to Miami's chances.

---

The league eventually narrowed the bids to three sites: New Orleans' Mercedes-Benz Superdome, Miami's Sun Life Stadium, and the San Francisco Bay Area's Levi's Stadium.

---

On May 21, 2013, NFL owners at their spring meetings in Boston voted and awarded the game to Levi's Stadium. The $1.2 billion stadium opened in 2014. It is the first Super Bowl held in the San Francisco Bay Area since Super Bowl XIX in 1985, and the first in California since Super Bowl XXXVII took place in San Diego in 2003.",0.5672,False,0.6413,False,-1.0,1.922,squad,42,mistral,ollama
2158,How many times has a Super Bowl taken place at Miami's Sun Life Stadium?,two,hcpc_v1," I cannot find this information in the provided context. The context only mentions that Miami's Sun Life Stadium was one of the three final bids for hosting a Super Bowl, but it does not specify how many times a Super Bowl has been held there.",". The South Florida/Miami area has previously hosted the event 10 times (tied for most with New Orleans), with the most recent one being Super Bowl XLIV in 2010

---

The league eventually narrowed the bids to three sites: New Orleans' Mercedes-Benz Superdome, Miami's Sun Life Stadium, and the San Francisco Bay Area's Levi's Stadium.

---

. It is the first Super Bowl held in the San Francisco Bay Area since Super Bowl XIX in 1985, and the first in California since Super Bowl XXXVII took place in San Diego in 2003.",0.5769,False,0.6293,False,-1.0,1.81,squad,42,mistral,ollama
2159,How many times has a Super Bowl taken place at Miami's Sun Life Stadium?,two,hcpc_v2," I cannot find this information in the provided context. The context only mentions that Miami's Sun Life Stadium was one of the finalists for hosting a Super Bowl, but it does not specify how many times a Super Bowl has been held there.","The league announced on October 16, 2012, that the two finalists were Sun Life Stadium and Levi's Stadium. The South Florida/Miami area has previously hosted the event 10 times (tied for most with New Orleans), with the most recent one being Super Bowl XLIV in 2010. The San Francisco Bay Area last hosted in 1985 (Super Bowl XIX), held at Stanford Stadium in Stanford, California, won by the home team 49ers. The Miami bid depended on whether the stadium underwent renovations. However, on May 3, 2013, the Florida legislature refused to approve the funding plan to pay for the renovations, dealing a significant blow to Miami's chances.

---

The league eventually narrowed the bids to three sites: New Orleans' Mercedes-Benz Superdome, Miami's Sun Life Stadium, and the San Francisco Bay Area's Levi's Stadium.

---

On May 21, 2013, NFL owners at their spring meetings in Boston voted and awarded the game to Levi's Stadium. The $1.2 billion stadium opened in 2014 . It is the first Super Bowl held in the San Francisco Bay Area since Super Bowl XIX in 1985, and the first in California since Super Bowl XXXVII took place in San Diego in 2003.",0.5672,False,0.6413,True,0.6241,1.91,squad,42,mistral,ollama
2226,What color was featured in promotions related to Super Bowl 50?,gold,baseline, The color that was featured in promotions related to Super Bowl 50 was gold.,"Various gold-themed promotions and initiatives were held throughout the 2015 NFL season to tie into the ""Golden Super Bowl""; gold-tinted logos were implemented across the NFL's properties and painted on fields, the numbering of the 50-yard line on fields was colored gold, and beginning on week 7, all sideline jackets and hats featured gold-trimmed logos. Gold footballs were given to each high school that has had a player or coach appear in the Super Bowl, and ""homecoming"" events were also held by Super Bowl-winning teams at games.

---

Super Bowl 50 was an American football game to determine the champion of the National Football League (NFL) for the 2015 season. The American Football Conference (AFC) champion Denver Broncos defeated the National Football Conference (NFC) champion Carolina Panthers 24–10 to earn their third Super Bowl title. The game was played on February 7, 2016, at Levi's Stadium in the San Francisco Bay Area at Santa Clara, California. As this was the 50th Super Bowl, the league emphasized the ""golden anniversary"" with various gold-themed initiatives, as well as temporarily suspending the tradition of naming each Super Bowl game with Roman numerals (under which the game would have been known as ""Super Bowl L""), so that the logo could prominently feature the Arabic numerals 50.

---

As the designated home team in the annual rotation between AFC and NFC teams, the Broncos elected to wear their road white jerseys with matching white pants. Elway stated, ""We've had Super Bowl success in our white uniforms."" The Broncos last wore matching white jerseys and pants in the Super Bowl in Super Bowl XXXIII, Elway's last game as Denver QB, when they defeated the Atlanta Falcons 34–19. In their only other Super Bowl win in Super Bowl XXXII, Denver wore blue jerseys, which was their primary color at the time. They also lost Super Bowl XXI when they wore white jerseys, but they are 0-4 in Super Bowls when wearing orange jerseys, losing in Super Bowl XII, XXII, XXIV, and XLVIII. The only other AFC champion team to have worn white as the designated home team in the Super Bowl was the Pittsburgh Steelers; they defeated the Seattle Seahawks 21–10 in Super Bowl XL 10 seasons prior",0.7438,False,0.5666,False,-1.0,1.172,squad,42,mistral,ollama
2227,What color was featured in promotions related to Super Bowl 50?,gold,hcpc_v1, The color that was featured in promotions related to Super Bowl 50 is gold.,"Various gold-themed promotions and initiatives were held throughout the 2015 NFL season to tie into the ""Golden Super Bowl""; gold-tinted logos were implemented across the NFL's properties and painted on fields, the numbering of the 50-yard line on fields

---

which the game would have been known as ""Super Bowl L""), so that the logo could prominently feature the Arabic numerals 50.

---

. In their only other Super Bowl win in Super Bowl XXXII, Denver wore blue jerseys, which was their primary color at the time",0.7706,False,0.6453,False,-1.0,0.688,squad,42,mistral,ollama
2228,What color was featured in promotions related to Super Bowl 50?,gold,hcpc_v2, The color that was featured in promotions related to Super Bowl 50 was gold.,"Various gold-themed promotions and initiatives were held throughout the 2015 NFL season to tie into the ""Golden Super Bowl""; gold-tinted logos were implemented across the NFL's properties and painted on fields, the numbering of the 50-yard line on fields was colored gold, and beginning on week 7, all sideline jackets and hats featured gold-trimmed logos. Gold footballs were given to each high school that has had a player or coach appear in the Super Bowl, and ""homecoming"" events were also held by Super Bowl-winning teams at games.

---

Super Bowl 50 was an American football game to determine the champion of the National Football League (NFL) for the 2015 season. The American Football Conference (AFC) champion Denver Broncos defeated the National Football Conference (NFC) champion Carolina Panthers 24–10 to earn their third Super Bowl title. The game was played on February 7, 2016, at Levi's Stadium in the San Francisco Bay Area at Santa Clara, California. As this was the 50th Super Bowl, the league emphasized the ""golden anniversary"" with various gold-themed initiatives, as well as temporarily suspending the tradition of naming each Super Bowl game with Roman numerals (under which the game would have been known as ""Super Bowl L""), so that the logo could prominently feature the Arabic numerals 50.

---

As the designated home team in the annual rotation between AFC and NFC teams, the Broncos elected to wear their road white jerseys with matching white pants . Elway stated, ""We've had Super Bowl success in our white uniforms."" The Broncos last wore matching white jerseys and pants in the Super Bowl in Super Bowl XXXIII, Elway's last game as Denver QB, when they defeated the Atlanta Falcons 34–19 . In their only other Super Bowl win in Super Bowl XXXII, Denver wore blue jerseys, which was their primary color at the time . They also lost Super Bowl XXI when they wore white jerseys, but they are 0-4 in Super Bowls when wearing orange jerseys, losing in Super Bowl XII, XXII, XXIV, and XLVIII . The only other AFC champion team to have worn white as the designated home team in the Super Bowl was the Pittsburgh Steelers; they defeated the Seattle Seahawks 21–10 in Super Bowl XL 10 seasons prior",0.7438,False,0.5687,True,0.5261,1.129,squad,42,mistral,ollama
2316,What lies between L and P that prevents a definitive determination of the relationship between L and P?,complexity classes,baseline," The context does not provide specific information about what lies between L and P that prevents a definitive determination of their relationship. However, it is mentioned that there are many complexity classes between L and P, such as NL and NC, but no further details are given about these classes or how they contribute to the uncertainty regarding the relationship between L and P.","Similarly, it is not known if L (the set of all problems that can be solved in logarithmic space) is strictly contained in P or equal to P. Again, there are many complexity classes between the two, such as NL and NC, and it is not known if they are distinct or equal classes.

---

The time and space hierarchy theorems form the basis for most separation results of complexity classes. For instance, the time hierarchy theorem tells us that P is strictly contained in EXPTIME, and the space hierarchy theorem tells us that L is strictly contained in PSPACE.

---

If a problem X is in C and hard for C, then X is said to be complete for C. This means that X is the hardest problem in C. (Since many problems could be equally hard, one might say that X is one of the hardest problems in C.) Thus the class of NP-complete problems contains the most difficult problems in NP, in the sense that they are the ones most likely not to be in P. Because the problem P = NP is not solved, being able to reduce a known NP-complete problem, Π2, to another problem, Π1, would indicate that there is no known polynomial-time solution for Π1. This is because a polynomial-time solution to Π1 would yield a polynomial-time solution to Π2. Similarly, because all NP problems can be reduced to the set, finding an NP-complete problem that can be solved in polynomial time would mean that P = NP.",0.4594,True,0.4219,False,-1.0,2.515,squad,42,mistral,ollama
2317,What lies between L and P that prevents a definitive determination of the relationship between L and P?,complexity classes,hcpc_v1," I cannot find this information in the provided context. The context does not specify any set or concept that lies between L and P, only that it is unknown if L is strictly contained in P or equal to P.","Similarly, it is not known if L (the set of all problems that can be solved in logarithmic space) is strictly contained in P or equal to P

---

. For instance, the time hierarchy theorem tells us that P is strictly contained in EXPTIME, and the space hierarchy theorem tells us that L is strictly contained in PSPACE.

---

. Because the problem P = NP is not solved, being able to reduce a known NP-complete problem, Π2, to another problem, Π1, would indicate that there is no known polynomial-time solution for Π1",0.5053,False,0.4679,False,-1.0,1.509,squad,42,mistral,ollama
2318,What lies between L and P that prevents a definitive determination of the relationship between L and P?,complexity classes,hcpc_v2," The context does not provide specific information about what lies between L and P that prevents a definitive determination of their relationship. However, it is mentioned that there are many complexity classes between L and P, such as NL and NC, but no further details are given about these classes or how they contribute to the uncertainty regarding the relationship between L and P.","Similarly, it is not known if L (the set of all problems that can be solved in logarithmic space) is strictly contained in P or equal to P. Again, there are many complexity classes between the two, such as NL and NC, and it is not known if they are distinct or equal classes.

---

The time and space hierarchy theorems form the basis for most separation results of complexity classes. For instance, the time hierarchy theorem tells us that P is strictly contained in EXPTIME, and the space hierarchy theorem tells us that L is strictly contained in PSPACE.

---

If a problem X is in C and hard for C, then X is said to be complete for C. This means that X is the hardest problem in C . (Since many problems could be equally hard, one might say that X is one of the hardest problems in C.) Thus the class of NP-complete problems contains the most difficult problems in NP, in the sense that they are the ones most likely not to be in P . Because the problem P = NP is not solved, being able to reduce a known NP-complete problem, Π2, to another problem, Π1, would indicate that there is no known polynomial-time solution for Π1 . This is because a polynomial-time solution to Π1 would yield a polynomial-time solution to Π2. Similarly, because all NP problems can be reduced to the set, finding an NP-complete problem that can be solved in polynomial time would mean that P = NP.",0.4594,True,0.4201,True,0.4215,2.494,squad,42,mistral,ollama
2598,In what year did the NFL switch to a 16-game regular season?,1978,baseline," I cannot find this information in the provided context. The context does mention that the Panthers had their best regular season in franchise history after the league expanded to a 16-game schedule, but it doesn't specify when exactly that expansion occurred.","Despite waiving longtime running back DeAngelo Williams and losing top wide receiver Kelvin Benjamin to a torn ACL in the preseason, the Carolina Panthers had their best regular season in franchise history, becoming the seventh team to win at least 15 regular season games since the league expanded to a 16-game schedule in 1978. Carolina started the season 14–0, not only setting franchise records for the best start and the longest single-season winning streak, but also posting the best start to a season by an NFC team in NFL history, breaking the 13–0 record previously shared with the 2009 New Orleans Saints and the 2011 Green Bay Packers. With their NFC-best 15–1 regular season record, the Panthers clinched home-field advantage throughout the NFC playoffs for the first time in franchise history. Ten players were selected to the Pro Bowl (the most in franchise history) along with eight All-Pro selections.

---

There would be no more scoring in the third quarter, but early in the fourth, the Broncos drove to the Panthers 41-yard line. On the next play, Ealy knocked the ball out of Manning's hand as he was winding up for a pass, and then recovered it for Carolina on the 50-yard line. A 16-yard reception by Devin Funchess and a 12-yard run by Stewart then set up Gano's 39-yard field goal, cutting the Panthers deficit to one score at 16–10. The next three drives of the game would end in punts.

---

. With the defense carrying the team despite the issues with the offense, the Broncos finished the regular season with a 12–4 record and earned home-field advantage throughout the AFC playoffs.",0.5535,False,0.4869,False,-1.0,2.023,squad,42,mistral,ollama
2599,In what year did the NFL switch to a 16-game regular season?,1978,hcpc_v1," I cannot find this information in the provided context. The context only mentions that the league has been using a 16-game schedule since 1978, but it does not specify when the switch from a different number of games occurred.","seventh team to win at least 15 regular season games since the league expanded to a 16-game schedule in 1978

---

. A 16-yard reception by Devin Funchess and a 12-yard run by Stewart then set up Gano's 39-yard field goal, cutting the Panthers deficit to one score at 16–10. The next three drives of the game would end in punts.

---

. With the defense carrying the team despite the issues with the offense, the Broncos finished the regular season with a 12–4 record and earned home-field advantage throughout the AFC playoffs.",0.546,False,0.5155,False,-1.0,1.777,squad,42,mistral,ollama
2600,In what year did the NFL switch to a 16-game regular season?,1978,hcpc_v2," I cannot find this information in the provided context. The context does mention that the Panthers had their best regular season in franchise history after the league expanded to a 16-game schedule, but it doesn't specify when exactly that expansion occurred.","Despite waiving longtime running back DeAngelo Williams and losing top wide receiver Kelvin Benjamin to a torn ACL in the preseason, the Carolina Panthers had their best regular season in franchise history, becoming the seventh team to win at least 15 regular season games since the league expanded to a 16-game schedule in 1978. Carolina started the season 14–0, not only setting franchise records for the best start and the longest single-season winning streak, but also posting the best start to a season by an NFC team in NFL history, breaking the 13–0 record previously shared with the 2009 New Orleans Saints and the 2011 Green Bay Packers. With their NFC-best 15–1 regular season record, the Panthers clinched home-field advantage throughout the NFC playoffs for the first time in franchise history. Ten players were selected to the Pro Bowl (the most in franchise history) along with eight All-Pro selections.

---

There would be no more scoring in the third quarter, but early in the fourth, the Broncos drove to the Panthers 41-yard line. On the next play, Ealy knocked the ball out of Manning's hand as he was winding up for a pass, and then recovered it for Carolina on the 50-yard line. A 16-yard reception by Devin Funchess and a 12-yard run by Stewart then set up Gano's 39-yard field goal, cutting the Panthers deficit to one score at 16–10. The next three drives of the game would end in punts.

---

. With the defense carrying the team despite the issues with the offense, the Broncos finished the regular season with a 12–4 record and earned home-field advantage throughout the AFC playoffs.",0.5535,False,0.4869,True,0.4684,2.025,squad,42,mistral,ollama
2673,What evidence between and among complexity classes would signify a theoretical watershed for complexity theory?,Proving that any of these classes are unequal,baseline," In the provided context, a major breakthrough in complexity theory would be proving that any of the known complexity classes between P and PSPACE are unequal. This is because it is currently suspected that many known complexity classes are equal or nested within each other (P ⊆ NP ⊆ PP ⊆ PSPACE), but it's possible that they collapse to one class. Proving that any of these classes are unequal would challenge the current understanding and potentially lead to new insights in complexity theory.","Of course, some complexity classes have complicated definitions that do not fit into this framework. Thus, a typical complexity class has a definition like the following:

---

Many known complexity classes are suspected to be unequal, but this has not been proved. For instance P ⊆ NP ⊆ PP ⊆ PSPACE, but it is possible that P = PSPACE. If P is not equal to NP, then P is not equal to PSPACE either. Since there are many known complexity classes between P and PSPACE, such as RP, BPP, PP, BQP, MA, PH, etc., it is possible that all these complexity classes collapse to one class. Proving that any of these classes are unequal would be a major breakthrough in complexity theory.

---

Analogous definitions can be made for space requirements. Although time and space are the most well-known complexity resources, any complexity measure can be viewed as a computational resource. Complexity measures are very generally defined by the Blum complexity axioms. Other complexity measures used in complexity theory include communication complexity, circuit complexity, and decision tree complexity.",0.5024,False,0.6661,False,-1.0,3.64,squad,42,mistral,ollama
2674,What evidence between and among complexity classes would signify a theoretical watershed for complexity theory?,Proving that any of these classes are unequal,hcpc_v1," In the provided context, a major breakthrough in complexity theory would be proven when any of the complexity classes are unequal, according to the statement ""Proving that any of these classes are unequal would be a major breakthrough in complexity theory."" However, the context does not specify what evidence or criteria would be used to establish this inequality.","Of course, some complexity classes have complicated definitions that do not fit into this framework. Thus, a typical complexity class has a definition like the following:

---

. Proving that any of these classes are unequal would be a major breakthrough in complexity theory.

---

. Complexity measures are very generally defined by the Blum complexity axioms. Other complexity measures used in complexity theory include communication complexity, circuit complexity, and decision tree complexity.",0.7704,False,0.6825,False,-1.0,2.226,squad,42,mistral,ollama
2675,What evidence between and among complexity classes would signify a theoretical watershed for complexity theory?,Proving that any of these classes are unequal,hcpc_v2," In the provided context, a major breakthrough in complexity theory would be proving that any of the known complexity classes (such as RP, BPP, PP, BQP, MA, PH, etc.) are unequal. This is because it is currently suspected that many of these classes are equal or nested within each other, but this has not been proven. If a distinction could be made between them, it would significantly advance our understanding of complexity theory.","Of course, some complexity classes have complicated definitions that do not fit into this framework. Thus, a typical complexity class has a definition like the following:

---

Many known complexity classes are suspected to be unequal, but this has not been proved. For instance P ⊆ NP ⊆ PP ⊆ PSPACE, but it is possible that P = PSPACE. If P is not equal to NP, then P is not equal to PSPACE either. Since there are many known complexity classes between P and PSPACE, such as RP, BPP, PP, BQP, MA, PH, etc., it is possible that all these complexity classes collapse to one class. Proving that any of these classes are unequal would be a major breakthrough in complexity theory.

---

Analogous definitions can be made for space requirements. Although time and space are the most well-known complexity resources, any complexity measure can be viewed as a computational resource . Complexity measures are very generally defined by the Blum complexity axioms. Other complexity measures used in complexity theory include communication complexity, circuit complexity, and decision tree complexity.",0.538,False,0.6661,True,0.4791,3.162,squad,42,mistral,ollama
2748,What country are all the counties in?,United States,baseline," The context does not provide information about the countries where these counties are located. However, it is known that they are part of California, which is a state in the United States of America.","Its counties of Los Angeles, Orange, San Diego, San Bernardino, and Riverside are the five most populous in the state and all are in the top 15 most populous counties in the United States.

---

Southern California, often abbreviated SoCal, is a geographic and cultural region that generally comprises California's southernmost 10 counties. The region is traditionally described as ""eight counties"", based on demographics and economic ties: Imperial, Los Angeles, Orange, Riverside, San Bernardino, San Diego, Santa Barbara, and Ventura. The more extensive 10-county definition, including Kern and San Luis Obispo counties, is also used based on historical political divisions. Southern California is a major economic center for the state of California and the United States.

---

The 8- and 10-county definitions are not used for the greater Southern California Megaregion, one of the 11 megaregions of the United States. The megaregion's area is more expansive, extending east into Las Vegas, Nevada, and south across the Mexican border into Tijuana.",0.8298,False,0.417,False,-1.0,1.513,squad,42,mistral,ollama
2749,What country are all the counties in?,United States,hcpc_v1," I cannot find this information in the provided context. The context only mentions that the counties are within the state of California, but it does not specify the country.","Its counties of Los Angeles, Orange, San Diego, San Bernardino, and Riverside are the five most populous in the state and all are in the top 15 most populous counties in the United States.

---

. The region is traditionally described as ""eight counties"", based on demographics and economic ties: Imperial, Los Angeles, Orange, Riverside, San Bernardino, San Diego, Santa Barbara, and Ventura

---

The 8- and 10-county definitions are not used for the greater Southern California Megaregion, one of the 11 megaregions of the United States",0.7174,False,0.4617,False,-1.0,1.18,squad,42,mistral,ollama
2750,What country are all the counties in?,United States,hcpc_v2," The provided context does not specify a country for these counties. However, it's implied that they are located in the United States.","Its counties of Los Angeles, Orange, San Diego, San Bernardino, and Riverside are the five most populous in the state and all are in the top 15 most populous counties in the United States.

---

Southern California, often abbreviated SoCal, is a geographic and cultural region that generally comprises California's southernmost 10 counties. The region is traditionally described as ""eight counties"", based on demographics and economic ties: Imperial, Los Angeles, Orange, Riverside, San Bernardino, San Diego, Santa Barbara, and Ventura. The more extensive 10-county definition, including Kern and San Luis Obispo counties, is also used based on historical political divisions. Southern California is a major economic center for the state of California and the United States.

---

The 8- and 10-county definitions are not used for the greater Southern California Megaregion, one of the 11 megaregions of the United States . The megaregion's area is more expansive, extending east into Las Vegas, Nevada, and south across the Mexican border into Tijuana.",0.8581,False,0.417,True,0.5529,1.135,squad,42,mistral,ollama
2769,Is the focus on spiritual mentorship in Hinduism high or low?,extremely high,baseline, The focus on spiritual mentorship in Hinduism is extremely high.,"In Hinduism the spiritual teacher is known as a guru, and, in many traditions of Hinduism - especially those common in the West - the emphasis on spiritual mentorship is extremely high, with gurus often exercising a great deal of control over the lives of their disciples.

---

In The Church of Jesus Christ of Latter-day Saints (LDS Church), the teacher is an office in the Aaronic priesthood, generally conferred on young boys or recent converts, and has little in common with the ""spiritual teacher"" archetype. The role of ""spiritual teacher"" may be filled by many individuals in the LDS Church, often a trusted friend, who may hold any office, from Elder to Bishop, or no office at all. The emphasis on spiritual mentorship in the LDS Church is similar to that in the more ""low-church"" traditions of Protestantism, with a stronger emphasis placed on the husband and father of a family to provide spiritual guidance for all of his family, ideally in consultation with his wife, even if the husband is not a member of the LDS Church, based on interpretatios of certain Biblical texts which proclaim the spiritual authority of husbands in marriage. Even Priesthood representatives are expected to defer to the father of the house when in his home

---

There are many forms of spiritual or religious teachers in Christianity, across all three major traditions - (Roman) Catholic, (Eastern) Orthodox Catholic, and Protestant/Non-Denominational, with a stronger tradition of spiritual formation in the more historic and authoritarian/hierarchical Christian traditions with a long tradition of ""discernment of spirits"", of vocations, and other aspects of spiritual life, especially the Roman and Orthodox Catholic Churches",0.8296,False,0.6038,False,-1.0,0.855,squad,42,mistral,ollama
2770,Is the focus on spiritual mentorship in Hinduism high or low?,extremely high,hcpc_v1, The focus on spiritual mentorship in Hinduism is high.,"In Hinduism the spiritual teacher is known as a guru, and, in many traditions of Hinduism - especially those common in the West - the emphasis on spiritual mentorship is extremely high, with gurus often exercising a great deal of control over the lives of their disciples.

---

. The emphasis on spiritual mentorship in the LDS Church is similar to that in the more ""low-church"" traditions of Protestantism, with a stronger emphasis placed on the husband and father of a family to provide spiritual guidance for all of his family,

---

There are many forms of spiritual or religious teachers in Christianity, across all three major traditions - (Roman) Catholic, (Eastern) Orthodox Catholic, and Protestant/Non-Denominational, with a stronger tradition of spiritual formation in the more",0.8876,False,0.6633,False,-1.0,0.573,squad,42,mistral,ollama
2771,Is the focus on spiritual mentorship in Hinduism high or low?,extremely high,hcpc_v2, The focus on spiritual mentorship in Hinduism is extremely high.,"In Hinduism the spiritual teacher is known as a guru, and, in many traditions of Hinduism - especially those common in the West - the emphasis on spiritual mentorship is extremely high, with gurus often exercising a great deal of control over the lives of their disciples.

---

In The Church of Jesus Christ of Latter-day Saints (LDS Church), the teacher is an office in the Aaronic priesthood, generally conferred on young boys or recent converts, and has little in common with the ""spiritual teacher"" archetype. The role of ""spiritual teacher"" may be filled by many individuals in the LDS Church, often a trusted friend, who may hold any office, from Elder to Bishop, or no office at all. The emphasis on spiritual mentorship in the LDS Church is similar to that in the more ""low-church"" traditions of Protestantism, with a stronger emphasis placed on the husband and father of a family to provide spiritual guidance for all of his family, ideally in consultation with his wife, even if the husband is not a member of the LDS Church, based on interpretatios of certain Biblical texts which proclaim the spiritual authority of husbands in marriage. Even Priesthood representatives are expected to defer to the father of the house when in his home

---

There are many forms of spiritual or religious teachers in Christianity, across all three major traditions - (Roman) Catholic, (Eastern) Orthodox Catholic, and Protestant/Non-Denominational, with a stronger tradition of spiritual formation in the more spiritual formation in the more historic and authoritarian/hierarchical Christian traditions with a long tradition of ""discernment of spirits"", of vocations, and other aspects of spiritual life, especially the Roman and Orthodox Catholic Churches",0.8296,False,0.6058,True,0.5239,0.814,squad,42,mistral,ollama
2796,What is another term for the string of a problem instance?,bitstrings,baseline," Another term for the string of a problem instance in the provided context is referred to as an ""input string"" or simply ""instance"".","A computational problem can be viewed as an infinite collection of instances together with a solution for every instance. The input string for a computational problem is referred to as a problem instance, and should not be confused with the problem itself. In computational complexity theory, a problem refers to the abstract question to be solved. In contrast, an instance of this problem is a rather concrete utterance, which can serve as the input for a decision problem. For example, consider the problem of primality testing. The instance is a number (e.g. 15) and the solution is ""yes"" if the number is prime and ""no"" otherwise (in this case ""no""). Stated another way, the instance is a particular input to the problem, and the solution is the output corresponding to the given input.

---

When considering computational problems, a problem instance is a string over an alphabet. Usually, the alphabet is taken to be the binary alphabet (i.e., the set {0,1}), and thus the strings are bitstrings. As in a real-world computer, mathematical objects other than bitstrings must be suitably encoded. For example, integers can be represented in binary notation, and graphs can be encoded directly via their adjacency matrices, or by encoding their adjacency lists in binary.

---

Decision problems are one of the central objects of study in computational complexity theory. A decision problem is a special type of computational problem whose answer is either yes or no, or alternately either 1 or 0. A decision problem can be viewed as a formal language, where the members of the language are instances whose output is yes, and the non-members are those instances whose output is no. The objective is to decide, with the aid of an algorithm, whether a given input string is a member of the formal language under consideration. If the algorithm deciding this problem returns the answer yes, the algorithm is said to accept the input string, otherwise it is said to reject the input.",0.6962,False,0.5408,False,-1.0,1.334,squad,42,mistral,ollama
2797,What is another term for the string of a problem instance?,bitstrings,hcpc_v1," Another term for the string of a problem instance in the provided context is ""input string"" or simply ""string"".","A computational problem can be viewed as an infinite collection of instances together with a solution for every instance. The input string for a computational problem is referred to as a problem instance, and should not be confused with the problem itself

---

When considering computational problems, a problem instance is a string over an alphabet. Usually, the alphabet is taken to be the binary alphabet (i.e., the set {0,1}), and thus the strings are bitstrings

---

. The objective is to decide, with the aid of an algorithm, whether a given input string is a member of the formal language under consideration",0.6941,False,0.571,False,-1.0,0.832,squad,42,mistral,ollama
2798,What is another term for the string of a problem instance?,bitstrings,hcpc_v2," Another term for the string of a problem instance in the provided context is ""input string"" or simply ""instance"".","A computational problem can be viewed as an infinite collection of instances together with a solution for every instance. The input string for a computational problem is referred to as a problem instance, and should not be confused with the problem itself. In computational complexity theory, a problem refers to the abstract question to be solved. In contrast, an instance of this problem is a rather concrete utterance, which can serve as the input for a decision problem. For example, consider the problem of primality testing. The instance is a number (e.g. 15) and the solution is ""yes"" if the number is prime and ""no"" otherwise (in this case ""no""). Stated another way, the instance is a particular input to the problem, and the solution is the output corresponding to the given input.

---

When considering computational problems, a problem instance is a string over an alphabet. Usually, the alphabet is taken to be the binary alphabet (i.e., the set {0,1}), and thus the strings are bitstrings. As in a real-world computer, mathematical objects other than bitstrings must be suitably encoded. For example, integers can be represented in binary notation, and graphs can be encoded directly via their adjacency matrices, or by encoding their adjacency lists in binary.

---

Decision problems are one of the central objects of study in computational complexity theory. A decision problem is a special type of computational problem whose answer is either yes or no, or alternately either 1 or 0 . A decision problem can be viewed as a formal language, where the members of the language are instances whose output is yes, and the non-members are those instances whose output is no . The objective is to decide, with the aid of an algorithm, whether a given input string is a member of the formal language under consideration . If the algorithm deciding this problem returns the answer yes, the algorithm is said to accept the input string, otherwise it is said to reject the input.",0.632,False,0.5427,True,0.4915,1.162,squad,42,mistral,ollama
3051,The two listed teams play for which NCAA group?,Division I,baseline," NCAA Division I in the Pac-12 Conference, according to the provided context.","College sports are also popular in southern California. The UCLA Bruins and the USC Trojans both field teams in NCAA Division I in the Pac-12 Conference, and there is a longtime rivalry between the schools.

---

Professional sports teams in Southern California include teams from the NFL (Los Angeles Rams, San Diego Chargers); NBA (Los Angeles Lakers, Los Angeles Clippers); MLB (Los Angeles Dodgers, Los Angeles Angels of Anaheim, San Diego Padres); NHL (Los Angeles Kings, Anaheim Ducks); and MLS (LA Galaxy).

---

Westwood One will carry the game throughout North America, with Kevin Harlan as play-by-play announcer, Boomer Esiason and Dan Fouts as color analysts, and James Lofton and Mark Malone as sideline reporters. Jim Gray will anchor the pre-game and halftime coverage.",0.6189,False,0.4144,False,-1.0,0.815,squad,43,mistral,ollama
3052,The two listed teams play for which NCAA group?,Division I,hcpc_v1," NCAA Division I in the Pac-12 Conference. (The context mentions UCLA Bruins and USC Trojans, both of which are part of the Pac-12 Conference in NCAA Division I.)","College sports are also popular in southern California. The UCLA Bruins and the USC Trojans both field teams in NCAA Division I in the Pac-12 Conference, and there is a longtime rivalry between the schools.

---

Professional sports teams in Southern California include teams from the NFL (Los Angeles Rams, San Diego Chargers); NBA (Los Angeles Lakers, Los Angeles Clippers); MLB (Los Angeles Dodgers, Los Angeles Angels of Anaheim, San Diego Padres); NHL (Los Angeles

---

Westwood One will carry the game throughout North America, with Kevin Harlan as play-by-play announcer, Boomer Esiason and Dan Fouts as color analysts, and James Lofton and Mark Malone as sideline reporters",0.822,False,0.4059,False,-1.0,1.548,squad,43,mistral,ollama
3053,The two listed teams play for which NCAA group?,Division I,hcpc_v2," NCAA Division I in the Pac-12 Conference, according to the provided context.","College sports are also popular in southern California. The UCLA Bruins and the USC Trojans both field teams in NCAA Division I in the Pac-12 Conference, and there is a longtime rivalry between the schools.

---

Professional sports teams in Southern California include teams from the NFL (Los Angeles Rams, San Diego Chargers); NBA (Los Angeles Lakers, Los Angeles Clippers); MLB (Los Angeles Dodgers, Los Angeles Angels of Anaheim, San Diego Padres); NHL (Los Angeles Kings, Anaheim Ducks); and MLS (LA Galaxy).

---

Westwood One will carry the game throughout North America, with Kevin Harlan as play-by-play announcer, Boomer Esiason and Dan Fouts as color analysts, and James Lofton and Mark Malone as sideline reporters . Jim Gray will anchor the pre-game and halftime coverage.",0.6189,False,0.4144,True,0.1721,0.702,squad,43,mistral,ollama
3102,"What ""dynamic theory"" did Tesla say he finished in 1937?",gravity,baseline," The provided context mentions that Tesla claimed to have completed a ""dynamic theory of gravity"" in 1937.","Tesla claimed to have developed his own physical principle regarding matter and energy that he started working on in 1892, and in 1937, at age 81, claimed in a letter to have completed a ""dynamic theory of gravity"" that ""[would] put an end to idle speculations and false conceptions, as that of curved space."" He stated that the theory was ""worked out in all details"" and that he hoped to soon give it to the world. Further elucidation of his theory was never found in his writings.:309

---

However, his religious views remain uncertain due to other statements that he made. For example, in his article, ""A Machine to End War"", published in 1937, Tesla stated:

---

Tesla was generally antagonistic towards theories about the conversion of matter into energy.:247 He was also critical of Einstein's theory of relativity, saying:",0.8693,False,0.6909,False,-1.0,1.08,squad,43,mistral,ollama
3103,"What ""dynamic theory"" did Tesla say he finished in 1937?",gravity,hcpc_v1," The provided context mentions that Tesla claimed to have completed a ""dynamic theory of gravity"" in 1937.","Tesla claimed to have developed his own physical principle regarding matter and energy that he started working on in 1892, and in 1937, at age 81, claimed in a letter to have completed a ""dynamic theory of gravity"" that ""[would] put an end to idle speculations and false conceptions, as that of curved space."" He stated that the theory was ""worked out in all details"" and that he hoped to soon give it to the world. Further elucidation of his theory was never found in his writings.:309

---

However, his religious views remain uncertain due to other statements that he made. For example, in his article, ""A Machine to End War"", published in 1937, Tesla stated:

---

Tesla was generally antagonistic towards theories about the conversion of matter into energy.:247 He was also critical of Einstein's theory of relativity, saying:",0.8693,False,0.6909,False,-1.0,0.851,squad,43,mistral,ollama
3104,"What ""dynamic theory"" did Tesla say he finished in 1937?",gravity,hcpc_v2," The provided context mentions that Tesla claimed to have completed a ""dynamic theory of gravity"" in 1937.","Tesla claimed to have developed his own physical principle regarding matter and energy that he started working on in 1892, and in 1937, at age 81, claimed in a letter to have completed a ""dynamic theory of gravity"" that ""[would] put an end to idle speculations and false conceptions, as that of curved space."" He stated that the theory was ""worked out in all details"" and that he hoped to soon give it to the world. Further elucidation of his theory was never found in his writings.:309

---

However, his religious views remain uncertain due to other statements that he made. For example, in his article, ""A Machine to End War"", published in 1937, Tesla stated:

---

Tesla was generally antagonistic towards theories about the conversion of matter into energy.:247 He was also critical of Einstein's theory of relativity, saying:",0.8693,False,0.6909,False,0.588,0.848,squad,43,mistral,ollama
3108,What kind of representational system does the Victorian Legislative Council have?,multi-member proportional,baseline, The Victorian Legislative Council has a multi-member proportional representation system with each electorate represented by five representatives elected by Single Transferable Vote.,"In November 2006, the Victorian Legislative Council elections were held under a new multi-member proportional representation system. The State of Victoria was divided into eight electorates with each electorate represented by five representatives elected by Single Transferable Vote. The total number of upper house members was reduced from 44 to 40 and their term of office is now the same as the lower house members—four years. Elections for the Victorian Parliament are now fixed and occur in November every four years. Prior to the 2006 election, the Legislative Council consisted of 44 members elected to eight-year terms from 22 two-member electorates.

---

Victoria has a written constitution enacted in 1975, but based on the 1855 colonial constitution, passed by the United Kingdom Parliament as the Victoria Constitution Act 1855, which establishes the Parliament as the state's law-making body for matters coming under state responsibility. The Victorian Constitution can be amended by the Parliament of Victoria, except for certain ""entrenched"" provisions that require either an absolute majority in both houses, a three-fifths majority in both houses, or the approval of the Victorian people in a referendum, depending on the provision.

---

Politically, Victoria has 37 seats in the Australian House of Representatives and 12 seats in the Australian Senate. At state level, the Parliament of Victoria consists of the Legislative Assembly (the lower house) and the Legislative Council (the upper house). Victoria is currently governed by the Labor Party, with Daniel Andrews the current Premier. The personal representative of the Queen of Australia in the state is the Governor of Victoria, currently Linda Dessau. Local government is concentrated in 79 municipal districts, including 33 cities, although a number of unincorporated areas still exist, which are administered directly by the state.",0.6973,False,0.5199,False,-1.0,1.408,squad,43,mistral,ollama
3109,What kind of representational system does the Victorian Legislative Council have?,multi-member proportional,hcpc_v1," The context provided states that in November 2006, the Victorian Legislative Council elections were held under a new multi-member proportional representation system.","In November 2006, the Victorian Legislative Council elections were held under a new multi-member proportional representation system

---

of the Victorian people in a referendum, depending on the provision.

---

. At state level, the Parliament of Victoria consists of the Legislative Assembly (the lower house) and the Legislative Council (the upper house). Victoria is currently governed by the Labor Party, with Daniel Andrews the current Premier",0.7313,False,0.5844,False,-1.0,1.125,squad,43,mistral,ollama
3110,What kind of representational system does the Victorian Legislative Council have?,multi-member proportional,hcpc_v2, The Victorian Legislative Council has a multi-member proportional representation system with each electorate represented by five representatives elected by Single Transferable Vote.,"In November 2006, the Victorian Legislative Council elections were held under a new multi-member proportional representation system. The State of Victoria was divided into eight electorates with each electorate represented by five representatives elected by Single Transferable Vote. The total number of upper house members was reduced from 44 to 40 and their term of office is now the same as the lower house members—four years. Elections for the Victorian Parliament are now fixed and occur in November every four years. Prior to the 2006 election, the Legislative Council consisted of 44 members elected to eight-year terms from 22 two-member electorates.

---

Victoria has a written constitution enacted in 1975, but based on the 1855 colonial constitution, passed by the United Kingdom Parliament as the Victoria Constitution Act 1855, which establishes the Parliament as the state's law-making body for matters coming under state responsibility. The Victorian Constitution can be amended by the Parliament of Victoria, except for certain ""entrenched"" provisions that require either an absolute majority in both houses, a three-fifths majority in both houses, or the approval of the Victorian people in a referendum, depending on the provision.

---

Politically, Victoria has 37 seats in the Australian House of Representatives and 12 seats in the Australian Senate. At state level, the Parliament of Victoria consists of the Legislative Assembly (the lower house) and the Legislative Council (the upper house). Victoria is currently governed by the Labor Party, with Daniel Andrews the current Premier. The personal representative of the Queen of Australia in the state is the Governor of Victoria, currently Linda Dessau. Local government is concentrated in 79 municipal districts, including 33 cities, although a number of unincorporated areas still exist, which are administered directly by the state.",0.6973,False,0.5199,False,0.4924,1.408,squad,43,mistral,ollama
3141,What was the final score of Super Bowl 50? ,24–10,baseline," The final score of Super Bowl 50 was 24–10, with the American Football Conference (AFC) champion Denver Broncos defeating the National Football Conference (NFC) champion Carolina Panthers.","Super Bowl 50 was an American football game to determine the champion of the National Football League (NFL) for the 2015 season. The American Football Conference (AFC) champion Denver Broncos defeated the National Football Conference (NFC) champion Carolina Panthers 24–10 to earn their third Super Bowl title. The game was played on February 7, 2016, at Levi's Stadium in the San Francisco Bay Area at Santa Clara, California. As this was the 50th Super Bowl, the league emphasized the ""golden anniversary"" with various gold-themed initiatives, as well as temporarily suspending the tradition of naming each Super Bowl game with Roman numerals (under which the game would have been known as ""Super Bowl L""), so that the logo could prominently feature the Arabic numerals 50.

---

The Broncos took an early lead in Super Bowl 50 and never trailed. Newton was limited by Denver's defense, which sacked him seven times and forced him into three turnovers, including a fumble which they recovered for a touchdown. Denver linebacker Von Miller was named Super Bowl MVP, recording five solo tackles, 2½ sacks, and two forced fumbles.

---

The Broncos defeated the Pittsburgh Steelers in the divisional round, 23–16, by scoring 11 points in the final three minutes of the game. They then beat the defending Super Bowl XLIX champion New England Patriots in the AFC Championship Game, 20–18, by intercepting a pass on New England's 2-point conversion attempt with 17 seconds left on the clock. Despite Manning's problems with interceptions during the season, he didn't throw any in their two playoff games.",0.8695,False,0.584,False,-1.0,1.842,squad,43,mistral,ollama
3142,What was the final score of Super Bowl 50? ,24–10,hcpc_v1, I cannot find this information in the provided context. The context only mentions that the Broncos won Super Bowl 50 but does not provide the final score.,"Super Bowl 50 was an American football game to determine the champion of the National Football League (NFL) for the 2015 season

---

The Broncos took an early lead in Super Bowl 50 and never trailed. Newton was limited by Denver's defense, which sacked him seven times and forced him into three turnovers, including a fumble which they recovered for a touchdown

---

The Broncos defeated the Pittsburgh Steelers in the divisional round, 23–16, by scoring 11 points in the final three minutes of the game",0.5817,False,0.562,False,-1.0,1.169,squad,43,mistral,ollama
3143,What was the final score of Super Bowl 50? ,24–10,hcpc_v2," The final score of Super Bowl 50 was 24–10, with the American Football Conference (AFC) champion Denver Broncos defeating the National Football Conference (NFC) champion Carolina Panthers.","Super Bowl 50 was an American football game to determine the champion of the National Football League (NFL) for the 2015 season. The American Football Conference (AFC) champion Denver Broncos defeated the National Football Conference (NFC) champion Carolina Panthers 24–10 to earn their third Super Bowl title. The game was played on February 7, 2016, at Levi's Stadium in the San Francisco Bay Area at Santa Clara, California. As this was the 50th Super Bowl, the league emphasized the ""golden anniversary"" with various gold-themed initiatives, as well as temporarily suspending the tradition of naming each Super Bowl game with Roman numerals (under which the game would have been known as ""Super Bowl L""), so that the logo could prominently feature the Arabic numerals 50.

---

The Broncos took an early lead in Super Bowl 50 and never trailed. Newton was limited by Denver's defense, which sacked him seven times and forced him into three turnovers, including a fumble which they recovered for a touchdown. Denver linebacker Von Miller was named Super Bowl MVP, recording five solo tackles, 2½ sacks, and two forced fumbles.

---

The Broncos defeated the Pittsburgh Steelers in the divisional round, 23–16, by scoring 11 points in the final three minutes of the game . They then beat the defending Super Bowl XLIX champion New England Patriots in the AFC Championship Game, 20–18, by intercepting a pass on New England's 2-point conversion attempt with 17 seconds left on the clock . Despite Manning's problems with interceptions during the season, he didn't throw any in their two playoff games.",0.8695,False,0.584,True,0.5147,1.84,squad,43,mistral,ollama
3192,When did Martin Luther publish his translation of the New Testament?,1522,baseline, Martin Luther published his German translation of the New Testament in 1522.,"Luther had published his German translation of the New Testament in 1522, and he and his collaborators completed the translation of the Old Testament in 1534, when the whole Bible was published. He continued to work on refining the translation until the end of his life. Others had translated the Bible into German, but Luther tailored his translation to his own doctrine. When he was criticised for inserting the word ""alone"" after ""faith"" in Romans 3:28, he replied in part: ""[T]he text itself and the meaning of St. Paul urgently require and demand it. For in that very passage he is dealing with the main point of Christian doctrine, namely, that we are justified by faith in Christ without any works of the Law. ... But when works are so completely cut away – and that must mean that faith alone justifies – whoever would speak plainly and clearly about this cutting away of works will have to say, 'Faith alone justifies us, and not works'.""

---

Luther's translation used the variant of German spoken at the Saxon chancellery, intelligible to both northern and southern Germans. He intended his vigorous, direct language to make the Bible accessible to everyday Germans, ""for we are removing impediments and difficulties so that other people may read it without hindrance.""

---

Published at a time of rising demand for German-language publications, Luther's version quickly became a popular and influential Bible translation. As such, it made a significant contribution to the evolution of the German language and literature. Furnished with notes and prefaces by Luther, and with woodcuts by Lucas Cranach that contained anti-papal imagery, it played a major role in the spread of Luther's doctrine throughout Germany. The Luther Bible influenced other vernacular translations, such as William Tyndale's English Bible (1525 forward), a precursor of the King James Bible.",0.8198,False,0.6787,False,-1.0,1.032,squad,43,mistral,ollama
3193,When did Martin Luther publish his translation of the New Testament?,1522,hcpc_v1, Martin Luther published his translation of the New Testament in 1522.,"Luther had published his German translation of the New Testament in 1522, and he and his collaborators completed the translation of the Old Testament in 1534, when the whole Bible was published

---

Luther's translation used the variant of German spoken at the Saxon chancellery, intelligible to both northern and southern Germans

---

Published at a time of rising demand for German-language publications, Luther's version quickly became a popular and influential Bible translation. As such, it made a significant contribution to the evolution of the German language and literature",0.873,False,0.6707,False,-1.0,0.624,squad,43,mistral,ollama
3194,When did Martin Luther publish his translation of the New Testament?,1522,hcpc_v2, Martin Luther published his German translation of the New Testament in 1522.,"Luther had published his German translation of the New Testament in 1522, and he and his collaborators completed the translation of the Old Testament in 1534, when the whole Bible was published. He continued to work on refining the translation until the end of his life. Others had translated the Bible into German, but Luther tailored his translation to his own doctrine. When he was criticised for inserting the word ""alone"" after ""faith"" in Romans 3:28, he replied in part: ""[T]he text itself and the meaning of St. Paul urgently require and demand it. For in that very passage he is dealing with the main point of Christian doctrine, namely, that we are justified by faith in Christ without any works of the Law. ... But when works are so completely cut away – and that must mean that faith alone justifies – whoever would speak plainly and clearly about this cutting away of works will have to say, 'Faith alone justifies us, and not works'.""

---

Luther's translation used the variant of German spoken at the Saxon chancellery, intelligible to both northern and southern Germans. He intended his vigorous, direct language to make the Bible accessible to everyday Germans, ""for we are removing impediments and difficulties so that other people may read it without hindrance.""

---

Published at a time of rising demand for German-language publications, Luther's version quickly became a popular and influential Bible translation. As such, it made a significant contribution to the evolution of the German language and literature. Furnished with notes and prefaces by Luther, and with woodcuts by Lucas Cranach that contained anti-papal imagery, it played a major role in the spread of Luther's doctrine throughout Germany. The Luther Bible influenced other vernacular translations, such as William Tyndale's English Bible (1525 forward), a precursor of the King James Bible.",0.8198,False,0.6787,False,0.632,0.984,squad,43,mistral,ollama
3252,Along with the American Institute of Electrical Engineers what other institute eventually became the IEEE?,the Institute of Radio Engineers,baseline," The Institute of Radio Engineers, as mentioned in the initial context.","Tesla served as a vice president of the American Institute of Electrical Engineers, the forerunner (along with the Institute of Radio Engineers) of the modern-day IEEE, from 1892 to 1894.

---

. The competition resulted in Edison Machine Works pursuing AC development in 1890 and by 1892 Thomas Edison was no longer in control of his own company, which was consolidated into the conglomerate General Electric and converting to an AC delivery system at that point.

---

In 1888, the editor of Electrical World magazine, Thomas Commerford Martin (a friend and publicist), arranged for Tesla to demonstrate his alternating current system, including his induction motor, at the American Institute of Electrical Engineers (now IEEE). Engineers working for the Westinghouse Electric & Manufacturing Company reported to George Westinghouse that Tesla had a viable AC motor and related power system — something for which Westinghouse had been trying to secure patents. Westinghouse looked into getting a patent on a similar commutator-less, rotating magnetic field-based induction motor presented in a paper in March 1888 by the Italian physicist Galileo Ferraris, but decided Tesla's patent would probably control the market.",0.8142,False,0.5393,False,-1.0,0.794,squad,43,mistral,ollama
3253,Along with the American Institute of Electrical Engineers what other institute eventually became the IEEE?,the Institute of Radio Engineers,hcpc_v1," The Institute of Radio Engineers, according to the provided context. However, it's important to note that the consolidation and transformation into the IEEE likely involved more than just these two institutions.","Tesla served as a vice president of the American Institute of Electrical Engineers, the forerunner (along with the Institute of Radio Engineers) of the modern-day IEEE, from 1892 to 1894.

---

. The competition resulted in Edison Machine Works pursuing AC development in 1890 and by 1892 Thomas Edison was no longer in control of his own company, which was consolidated into the conglomerate General Electric and converting to an AC delivery system

---

of Electrical Engineers (now IEEE)",0.6349,False,0.6472,False,-1.0,1.32,squad,43,mistral,ollama
3254,Along with the American Institute of Electrical Engineers what other institute eventually became the IEEE?,the Institute of Radio Engineers,hcpc_v2," The Institute of Radio Engineers, as mentioned in the initial context.","Tesla served as a vice president of the American Institute of Electrical Engineers, the forerunner (along with the Institute of Radio Engineers) of the modern-day IEEE, from 1892 to 1894.

---

. The competition resulted in Edison Machine Works pursuing AC development in 1890 and by 1892 Thomas Edison was no longer in control of his own company, which was consolidated into the conglomerate General Electric and converting to an AC delivery system at that point.

---

In 1888, the editor of Electrical World magazine, Thomas Commerford Martin (a friend and publicist), arranged for Tesla to demonstrate his alternating current system, including his induction motor, at the American Institute of Electrical Engineers (now IEEE). Engineers working for the Westinghouse Electric & Manufacturing Company reported to George Westinghouse that Tesla had a viable AC motor and related power system — something for which Westinghouse had been trying to secure patents. Westinghouse looked into getting a patent on a similar commutator-less, rotating magnetic field-based induction motor presented in a paper in March 1888 by the Italian physicist Galileo Ferraris, but decided Tesla's patent would probably control the market.",0.8142,False,0.5393,False,0.5158,0.683,squad,43,mistral,ollama
3309,What type of power was displayed at the World's fair by Westinghouse and Tesla?,AC power,baseline, The type of power displayed at the World's Fair by Westinghouse and Tesla was alternating current (AC).,"In 1893, George Westinghouse won the bid to light the 1893 World's Columbian Exposition in Chicago with alternating current, beating out a General Electric bid by one million dollars. This World's Fair devoted a building to electrical exhibits. It was a key event in the history of AC power, as Westinghouse demonstrated the safety, reliability, and efficiency of a fully integrated alternating current system to the American public. At the Columbian Exposition, under a banner announcing the ""Tesla Polyphase System"", Tesla demonstrated a series of electrical effects previously performed throughout America and Europe,:76 included using high-voltage, high-frequency alternating current to light a wireless gas-discharge lamp.:79 An observer noted:

---

Tesla's demonstration of his induction motor and Westinghouse's subsequent licensing of the patent, both in 1888, put Tesla firmly on the ""AC"" side of the so-called ""War of Currents,"" an electrical distribution battle being waged between Thomas Edison and George Westinghouse that had been simmering since Westinghouse's first AC system in 1886 and had reached the point of all-out warfare by 1888. This started out as a competition between rival lighting systems with Edison holding all the patents for DC and the incandescent light and Westinghouse using his own patented AC system to power arc lights as well as incandescent lamps of a slightly different design to get around the Edison patent. The acquisition of a feasible AC motor gave Westinghouse a key patent in building a completely integrated AC system, but the financial strain of buying up patents and hiring the engineers needed to build it meant development of Tesla's motor had to be put on hold for a while

---

. Westinghouse convinced Tesla to release his company from the licensing agreement over Tesla's AC patents in exchange for Westinghouse Electric purchasing the patents for a lump sum payment of $216,000; this provided Westinghouse a break from what, due to alternating current's rapid gain in popularity, had turned out to be an overly generous $2.50 per AC horsepower royalty.",0.6752,False,0.5921,False,-1.0,1.36,squad,43,mistral,ollama
3310,What type of power was displayed at the World's fair by Westinghouse and Tesla?,AC power,hcpc_v1, The power displayed at the World's Fair by Westinghouse and Tesla was Alternating Current (AC).,"In 1893, George Westinghouse won the bid to light the 1893 World's Columbian Exposition in Chicago with alternating current, beating out a General Electric bid by one million dollars. This World's Fair devoted a building to electrical exhibits

---

Tesla's demonstration of his induction motor and Westinghouse's subsequent licensing of the patent, both in 1888, put Tesla firmly on the ""AC"" side of the so-called ""War of Currents,"" an electrical distribution battle being waged between Thomas Edison and

---

. Westinghouse convinced Tesla to release his company from the licensing agreement over Tesla's AC patents in exchange for Westinghouse Electric purchasing the patents for a lump sum payment of $216,000; this provided Westinghouse a break from what, due to",0.6391,False,0.5329,False,-1.0,0.934,squad,43,mistral,ollama
3311,What type of power was displayed at the World's fair by Westinghouse and Tesla?,AC power,hcpc_v2, The type of power displayed at the World's Fair by Westinghouse and Tesla was alternating current (AC).,"In 1893, George Westinghouse won the bid to light the 1893 World's Columbian Exposition in Chicago with alternating current, beating out a General Electric bid by one million dollars. This World's Fair devoted a building to electrical exhibits. It was a key event in the history of AC power, as Westinghouse demonstrated the safety, reliability, and efficiency of a fully integrated alternating current system to the American public. At the Columbian Exposition, under a banner announcing the ""Tesla Polyphase System"", Tesla demonstrated a series of electrical effects previously performed throughout America and Europe,:76 included using high-voltage, high-frequency alternating current to light a wireless gas-discharge lamp.:79 An observer noted:

---

Tesla's demonstration of his induction motor and Westinghouse's subsequent licensing of the patent, both in 1888, put Tesla firmly on the ""AC"" side of the so-called ""War of Currents,"" an electrical distribution battle being waged between Thomas Edison and George Westinghouse that had been simmering since Westinghouse's first AC system in 1886 and had reached the point of all-out warfare by 1888. This started out as a competition between rival lighting systems with Edison holding all the patents for DC and the incandescent light and Westinghouse using his own patented AC system to power arc lights as well as incandescent lamps of a slightly different design to get around the Edison patent. The acquisition of a feasible AC motor gave Westinghouse a key patent in building a completely integrated AC system, but the financial strain of buying up patents and hiring the engineers needed to build it meant development of Tesla's motor had to be put on hold for a while

---

. Westinghouse convinced Tesla to release his company from the licensing agreement over Tesla's AC patents in exchange for Westinghouse Electric purchasing the patents for a lump sum payment of $216,000; this provided Westinghouse a break from what, due to a break from what, due to alternating current's rapid gain in popularity, had turned out to be an overly generous $2.50 per AC horsepower royalty.",0.6752,False,0.5899,True,0.59,1.288,squad,43,mistral,ollama
3342,What resolution were the cameras increased to for the game?,5K resolution,baseline," The context does not provide information about any increase in camera resolution for the game in question (Super Bowl). However, it is mentioned that for Super Bowl 50, the EyeVision cameras were upgraded to 5K resolution compared to an earlier version used in Super Bowl XXXV.","In the United States, the game was televised by CBS, as part of a cycle between the three main broadcast television partners of the NFL. The network's lead broadcast team of Jim Nantz and Phil Simms called the contest, with Tracy Wolfson and Evan Washburn on the sidelines. CBS introduced new features during the telecast, including pylon cameras and microphones along with EyeVision 360—an array of 36 cameras along the upper deck that can be used to provide a 360-degree view of plays and ""bullet time"" effects. (An earlier version of EyeVision was last used in Super Bowl XXXV; for Super Bowl 50, the cameras were upgraded to 5K resolution.)

---

When Sky Digital was launched in 1998 the new service used the Astra 2A satellite which was located at the 28.5°E orbital position, unlike the analogue service which was broadcast from 19.2°E. This was subsequently followed by more Astra satellites as well as Eutelsat's Eurobird 1 (now Eutelsat 33C) at 28.5°E), enabled the company to launch a new all-digital service, Sky, with the potential to carry hundreds of television and radio channels. The old position was shared with broadcasters from several European countries, while the new position at 28.5°E came to be used almost exclusively for channels that broadcast to the United Kingdom.

---

CBS set the base rate for a 30-second advertisement at $5,000,000, a record high price for a Super Bowl ad. As of January 26, the advertisements had not yet sold out. CBS mandated that all advertisers purchase a package covering time on both the television and digital broadcasts of the game, meaning that for the first time, digital streams of the game would carry all national advertising in pattern with the television broadcast. This would be the final year in a multi-year contract with Anheuser-Busch InBev that allowed the beer manufacturer to air multiple advertisements during the game at a steep discount. It was also the final year that Doritos, a longtime sponsor of the game, held its ""Crash the Super Bowl"" contest that allowed viewers to create their own Doritos ads for a chance to have it aired during the game. Nintendo and The Pokémon Company also made their Super Bowl debut, promoting the 20th anniversary of the Pokémon video game and media franchise.",0.6953,False,0.3488,False,-1.0,2.432,squad,43,mistral,ollama
3343,What resolution were the cameras increased to for the game?,5K resolution,hcpc_v1, The cameras were upgraded to 5K resolution.,". (An earlier version of EyeVision was last used in Super Bowl XXXV; for Super Bowl 50, the cameras were upgraded to 5K resolution.)

---

. This was subsequently followed by more Astra satellites as well as Eutelsat's Eurobird 1 (now Eutelsat 33C) at 28.5°E), enabled the company to launch a new all-digital service, Sky, with the potential to carry hundreds of television and radio channels

---

. CBS mandated that all advertisers purchase a package covering time on both the television and digital broadcasts of the game, meaning that for the first time, digital streams of the game would carry all national advertising in pattern with the television",0.7599,False,0.4328,False,-1.0,0.569,squad,43,mistral,ollama
3344,What resolution were the cameras increased to for the game?,5K resolution,hcpc_v2," The context does not provide information about any increase in camera resolution for the game in the provided context. However, it is mentioned that for Super Bowl 50, the EyeVision cameras were upgraded to 5K resolution compared to an earlier version used in Super Bowl XXXV.","In the United States, the game was televised by CBS, as part of a cycle between the three main broadcast television partners of the NFL. The network's lead broadcast team of Jim Nantz and Phil Simms called the contest, with Tracy Wolfson and Evan Washburn on the sidelines. CBS introduced new features during the telecast, including pylon cameras and microphones along with EyeVision 360—an array of 36 cameras along the upper deck that can be used to provide a 360-degree view of plays and ""bullet time"" effects. (An earlier version of EyeVision was last used in Super Bowl XXXV; for Super Bowl 50, the cameras were upgraded to 5K resolution.)

---

When Sky Digital was launched in 1998 the new service used the Astra 2A satellite which was located at the 28.5°E orbital position, unlike the analogue service which was broadcast from 19.2°E. This was subsequently followed by more Astra satellites as well as Eutelsat's Eurobird 1 (now Eutelsat 33C) at 28.5°E), enabled the company to launch a new all-digital service, Sky, with the potential to carry hundreds of television and radio channels. The old position was shared with broadcasters from several European countries, while the new position at 28.5°E came to be used almost exclusively for channels that broadcast to the United Kingdom.

---

CBS set the base rate for a 30-second advertisement at $5,000,000, a record high price for a Super Bowl ad. As of January 26, the advertisements had not yet sold out . CBS mandated that all advertisers purchase a package covering time on both the television and digital broadcasts of the game, meaning that for the first time, digital streams of the game would carry all national advertising in pattern with the television in pattern with the television broadcast . This would be the final year in a multi-year contract with Anheuser-Busch InBev that allowed the beer manufacturer to air multiple advertisements during the game at a steep discount . It was also the final year that Doritos, a longtime sponsor of the game, held its ""Crash the Super Bowl"" contest that allowed viewers to create their own Doritos ads for a chance to have it aired during the game . Nintendo and The Pokémon Company also made their Super Bowl debut, promoting the 20th anniversary of the Pokémon video game and media franchise.",0.5786,False,0.3518,True,0.2533,2.4,squad,43,mistral,ollama
3369,Where did Tesla return to in 1873?,Smiljan,baseline, I cannot find this information in the provided context as it does not mention any return of Tesla to a specific location in 1873.,"On 7 January 1900, Tesla left Colorado Springs.[citation needed] His lab was torn down in 1904, and its contents were sold two years later to satisfy a debt.

---

The investors showed little interest in Tesla's ideas for new types of motors and electrical transmission equipment and also seemed to think it was better to develop an electrical utility than invent new systems. They eventually forced Tesla out leaving him penniless. He even lost control of the patents he had generated since he had assigned them to the company in lieu of stock. He had to work at various electrical repair jobs and even as a ditch digger for $2 per day. Tesla considered the winter of 1886/1887 as a time of ""terrible headaches and bitter tears."" During this time, he questioned the value of his education.

---

In 1882, Tesla began working for the Continental Edison Company in France, designing and making improvements to electrical equipment. In June 1884, he relocated to New York City:57–60 where he was hired by Thomas Edison to work at his Edison Machine Works on Manhattan's lower east side. Tesla's work for Edison began with simple electrical engineering and quickly progressed to solving more difficult problems.",0.5585,False,0.6713,False,-1.0,1.278,squad,43,mistral,ollama
3370,Where did Tesla return to in 1873?,Smiljan,hcpc_v1, I cannot find this information in the provided context as it does not mention any location where Tesla returned to in 1873.,"On 7 January 1900, Tesla left Colorado Springs.[citation needed] His lab was torn down in 1904, and its contents were sold two years later to satisfy a debt.

---

. He had to work at various electrical repair jobs and even as a ditch digger for $2 per day. Tesla considered the winter of 1886/1887 as a time of ""terrible headaches and bitter tears."" During this time, he questioned the value of his education.

---

. Tesla's work for Edison began with simple electrical engineering and quickly progressed to solving more difficult problems.",0.6749,False,0.6432,False,-1.0,1.003,squad,43,mistral,ollama
3371,Where did Tesla return to in 1873?,Smiljan,hcpc_v2, I cannot find this information in the provided context as it does not mention any return of Tesla in 1873.,"On 7 January 1900, Tesla left Colorado Springs.[citation needed] His lab was torn down in 1904, and its contents were sold two years later to satisfy a debt.

---

The investors showed little interest in Tesla's ideas for new types of motors and electrical transmission equipment and also seemed to think it was better to develop an electrical utility than invent new systems. They eventually forced Tesla out leaving him penniless. He even lost control of the patents he had generated since he had assigned them to the company in lieu of stock. He had to work at various electrical repair jobs and even as a ditch digger for $2 per day. Tesla considered the winter of 1886/1887 as a time of ""terrible headaches and bitter tears."" During this time, he questioned the value of his education.

---

In 1882, Tesla began working for the Continental Edison Company in France, designing and making improvements to electrical equipment. In June 1884, he relocated to New York City:57–60 where he was hired by Thomas Edison to work at his Edison Machine Works on Manhattan's lower east side. Tesla's work for Edison began with simple electrical engineering and quickly progressed to solving more difficult problems.",0.5893,False,0.6713,False,0.559,1.106,squad,43,mistral,ollama
3372,What was happening to subscriber numbers in other areas of europe?,flattened,baseline, I cannot find this information in the provided context. The context only discusses Sky Digital's growth in the UK and does not provide details about subscriber numbers in other areas of Europe.,"BSkyB's direct-to-home satellite service became available in 10 million homes in 2010, Europe's first pay-TV platform in to achieve that milestone. Confirming it had reached its target, the broadcaster said its reach into 36% of households in the UK represented an audience of more than 25m people. The target was first announced in August 2004, since then an additional 2.4m customers had subscribed to BSkyB's direct-to-home service. Media commentators had debated whether the figure could be reached as the growth in subscriber numbers elsewhere in Europe flattened.

---

When Sky Digital was launched in 1998 the new service used the Astra 2A satellite which was located at the 28.5°E orbital position, unlike the analogue service which was broadcast from 19.2°E. This was subsequently followed by more Astra satellites as well as Eutelsat's Eurobird 1 (now Eutelsat 33C) at 28.5°E), enabled the company to launch a new all-digital service, Sky, with the potential to carry hundreds of television and radio channels. The old position was shared with broadcasters from several European countries, while the new position at 28.5°E came to be used almost exclusively for channels that broadcast to the United Kingdom.

---

It was not until January 1518 that friends of Luther translated the 95 Theses from Latin into German and printed and widely copied them, making the controversy one of the first in history to be aided by the printing press. Within two weeks, copies of the theses had spread throughout Germany; within two months, they had spread throughout Europe.",0.6033,False,0.3344,False,-1.0,1.621,squad,43,mistral,ollama
3373,What was happening to subscriber numbers in other areas of europe?,flattened,hcpc_v1," I cannot find this information in the provided context about what was happening to subscriber numbers in other areas of Europe. The context only mentions a debate about reaching a figure, but it does not provide details about the current state or changes in subscriber numbers elsewhere in Europe.",". Media commentators had debated whether the figure could be reached as the growth in subscriber numbers elsewhere in Europe flattened.

---

. The old position was shared with broadcasters from several European countries, while the new position at 28.5°E came to be used almost exclusively for channels that broadcast to the United Kingdom.

---

. Within two weeks, copies of the theses had spread throughout Germany; within two months, they had spread throughout Europe.",0.6445,False,0.4969,False,-1.0,1.87,squad,43,mistral,ollama
3374,What was happening to subscriber numbers in other areas of europe?,flattened,hcpc_v2, I cannot find this information in the provided context. The context only discusses Sky Digital's growth in the UK and does not provide details about subscriber numbers in other areas of Europe.,"BSkyB's direct-to-home satellite service became available in 10 million homes in 2010, Europe's first pay-TV platform in to achieve that milestone. Confirming it had reached its target, the broadcaster said its reach into 36% of households in the UK represented an audience of more than 25m people. The target was first announced in August 2004, since then an additional 2.4m customers had subscribed to BSkyB's direct-to-home service. Media commentators had debated whether the figure could be reached as the growth in subscriber numbers elsewhere in Europe flattened.

---

When Sky Digital was launched in 1998 the new service used the Astra 2A satellite which was located at the 28.5°E orbital position, unlike the analogue service which was broadcast from 19.2°E. This was subsequently followed by more Astra satellites as well as Eutelsat's Eurobird 1 (now Eutelsat 33C) at 28.5°E), enabled the company to launch a new all-digital service, Sky, with the potential to carry hundreds of television and radio channels. The old position was shared with broadcasters from several European countries, while the new position at 28.5°E came to be used almost exclusively for channels that broadcast to the United Kingdom.

---

It was not until January 1518 that friends of Luther translated the 95 Theses from Latin into German and printed and widely copied them, making the controversy one of the first in history to be aided by the printing press . Within two weeks, copies of the theses had spread throughout Germany; within two months, they had spread throughout Europe.",0.6033,False,0.3344,True,0.0259,1.608,squad,43,mistral,ollama
3393,What type of system takes students from one specialist to another for each subject?,platoon,baseline," The type of system that takes students from one specialist to another for each subject is referred to as a ""platoon"" system, as mentioned in the provided context.","This is true throughout most of the United States as well. However, alternative approaches for primary education do exist. One of these, sometimes referred to as a ""platoon"" system, involves placing a group of students together in one class that moves from one specialist to another for every subject. The advantage here is that students learn from teachers who specialize in one subject and who tend to be more knowledgeable in that one area than a teacher who teaches many subjects. Students still derive a strong sense of security by staying with the same group of peers for all classes.

---

The objective is typically a course of study, lesson plan, or a practical skill. A teacher may follow standardized curricula as determined by the relevant authority. The teacher may interact with students of different ages, from infants to adults, students with different abilities and students with learning disabilities.

---

Teaching may be carried out informally, within the family, which is called homeschooling, or in the wider community. Formal teaching may be carried out by paid professionals. Such professionals enjoy a status in some societies on a par with physicians, lawyers, engineers, and accountants (Chartered or CPA).",0.6245,False,0.5079,False,-1.0,1.352,squad,43,mistral,ollama
3394,What type of system takes students from one specialist to another for each subject?,platoon,hcpc_v1," A ""platoon"" system, as sometimes referred to in the provided context, is a type of system that takes students from one specialist to another for each subject.",". One of these, sometimes referred to as a ""platoon"" system, involves placing a group of students together in one class that moves from one specialist to another for every subject

---

The objective is typically a course of study, lesson plan, or a practical skill. A teacher may follow standardized curricula as determined by the relevant authority

---

. Such professionals enjoy a status in some societies on a par with physicians, lawyers, engineers, and accountants (Chartered or CPA).",0.655,False,0.5339,False,-1.0,1.236,squad,43,mistral,ollama
3395,What type of system takes students from one specialist to another for each subject?,platoon,hcpc_v2," The type of system that takes students from one specialist to another for each subject is referred to as a ""platoon"" system, as mentioned in the provided context.","This is true throughout most of the United States as well. However, alternative approaches for primary education do exist. One of these, sometimes referred to as a ""platoon"" system, involves placing a group of students together in one class that moves from one specialist to another for every subject. The advantage here is that students learn from teachers who specialize in one subject and who tend to be more knowledgeable in that one area than a teacher who teaches many subjects. Students still derive a strong sense of security by staying with the same group of peers for all classes.

---

The objective is typically a course of study, lesson plan, or a practical skill. A teacher may follow standardized curricula as determined by the relevant authority. The teacher may interact with students of different ages, from infants to adults, students with different abilities and students with learning disabilities.

---

Teaching may be carried out informally, within the family, which is called homeschooling, or in the wider community. Formal teaching may be carried out by paid professionals . Such professionals enjoy a status in some societies on a par with physicians, lawyers, engineers, and accountants (Chartered or CPA).",0.6245,False,0.5079,True,0.4374,1.361,squad,43,mistral,ollama
3537,Point Conception is an example of a landmark among what boundary of southern California?,northern,baseline," Point Conception is an example of a landmark among the northern boundary of southern California, according to one definition for southern California in the provided context.","""Southern California"" is not a formal geographic designation, and definitions of what constitutes southern California vary. Geographically, California's north-south midway point lies at exactly 37° 9' 58.23"" latitude, around 11 miles (18 km) south of San Jose; however, this does not coincide with popular use of the term. When the state is divided into two areas (northern and southern California), the term ""southern California"" usually refers to the ten southern-most counties of the state. This definition coincides neatly with the county lines at 35° 47′ 28″ north latitude, which form the northern borders of San Luis Obispo, Kern, and San Bernardino counties. Another definition for southern California uses Point Conception and the Tehachapi Mountains as the northern boundary.

---

Southern California consists of one of the more varied collections of geologic, topographic, and natural ecosystem landscapes in a diversity outnumbering other major regions in the state and country. The region spans from Pacific Ocean islands, shorelines, beaches, and coastal plains, through the Transverse and Peninsular Ranges with their peaks, into the large and small interior valleys, to the vast deserts of California.

---

The state is most commonly divided and promoted by its regional tourism groups as consisting of northern, central, and southern California regions. The two AAA Auto Clubs of the state, the California State Automobile Association and the Automobile Club of Southern California, choose to simplify matters by dividing the state along the lines where their jurisdictions for membership apply, as either northern or southern California, in contrast to the three-region point of view. Another influence is the geographical phrase South of the Tehachapis, which would split the southern region off at the crest of that transverse range, but in that definition, the desert portions of north Los Angeles County and eastern Kern and San Bernardino Counties would be included in the southern California region due to their remoteness from the central valley and interior desert landscape.",0.7756,False,0.532,False,-1.0,1.438,squad,43,mistral,ollama
3538,Point Conception is an example of a landmark among what boundary of southern California?,northern,hcpc_v1, Point Conception is an example of a landmark among the northern boundary of southern California.,". Another definition for southern California uses Point Conception and the Tehachapi Mountains as the northern boundary.

---

. The region spans from Pacific Ocean islands, shorelines, beaches, and coastal plains, through the Transverse and Peninsular Ranges with their peaks, into the large and small interior valleys, to the vast deserts of California.

---

for membership apply, as either northern or southern California, in contrast to the three-region point of view",0.5887,False,0.6517,False,-1.0,0.734,squad,43,mistral,ollama
3539,Point Conception is an example of a landmark among what boundary of southern California?,northern,hcpc_v2," Point Conception is an example of a landmark among the northern boundary of the definition for southern California that uses it as a marker, along with the Tehachapi Mountains.","""Southern California"" is not a formal geographic designation, and definitions of what constitutes southern California vary. Geographically, California's north-south midway point lies at exactly 37° 9' 58.23"" latitude, around 11 miles (18 km) south of San Jose; however, this does not coincide with popular use of the term. When the state is divided into two areas (northern and southern California), the term ""southern California"" usually refers to the ten southern-most counties of the state. This definition coincides neatly with the county lines at 35° 47′ 28″ north latitude, which form the northern borders of San Luis Obispo, Kern, and San Bernardino counties. Another definition for southern California uses Point Conception and the Tehachapi Mountains as the northern boundary.

---

Southern California consists of one of the more varied collections of geologic, topographic, and natural ecosystem landscapes in a diversity outnumbering other major regions in the state and country. The region spans from Pacific Ocean islands, shorelines, beaches, and coastal plains, through the Transverse and Peninsular Ranges with their peaks, into the large and small interior valleys, to the vast deserts of California.

---

The state is most commonly divided and promoted by its regional tourism groups as consisting of northern, central, and southern California regions . The two AAA Auto Clubs of the state, the California State Automobile Association and the Automobile Club of Southern California, choose to simplify matters by dividing the state along the lines where their jurisdictions for membership apply, as either for membership apply, as either northern or southern California, in contrast to the three-region point of view . Another influence is the geographical phrase South of the Tehachapis, which would split the southern region off at the crest of that transverse range, but in that definition, the desert portions of north Los Angeles County and eastern Kern and San County and eastern Kern and San Bernardino Counties would be included in the southern California region due to their remoteness from the central valley and interior desert landscape.",0.6626,False,0.5161,True,0.6419,1.627,squad,43,mistral,ollama
3561,Which fault can produce a magnitude earthquake of 8.0?,San Andreas,baseline," The San Andreas Fault can produce a magnitude 8.0 earthquake, according to the provided context.","Many faults are able to produce a magnitude 6.7+ earthquake, such as the San Andreas Fault, which can produce a magnitude 8.0 event. Other faults include the San Jacinto Fault, the Puente Hills Fault, and the Elsinore Fault Zone. The USGS has released a California Earthquake forecast which models Earthquake occurrence in California.

---

Each year, the southern California area has about 10,000 earthquakes. Nearly all of them are so small that they are not felt. Only several hundred are greater than magnitude 3.0, and only about 15–20 are greater than magnitude 4.0. The magnitude 6.7 1994 Northridge earthquake was particularly destructive, causing a substantial number of deaths, injuries, and structural collapses. It caused the most property damage of any earthquake in U.S. history, estimated at over $20 billion.

---

Tesla invented a steam-powered mechanical oscillator—Tesla's oscillator. While experimenting with mechanical oscillators at his Houston Street lab, Tesla allegedly generated a resonance of several buildings. As the speed grew, it is said that the machine oscillated at the resonance frequency of his own building and, belatedly realizing the danger, he was forced to use a sledge hammer to terminate the experiment, just as the police arrived.:162–164 In February 1912, an article—""Nikola Tesla, Dreamer"" by Allan L. Benson—was published in World Today, in which an artist's illustration appears showing the entire earth cracking in half with the caption, ""Tesla claims that in a few weeks he could set the earth's crust into such a state of vibration that it would rise and fall hundreds of feet and practically destroy civilization. A continuation of this process would, he says, eventually split the earth in two.""",0.4535,True,0.4557,False,-1.0,1.208,squad,43,mistral,ollama
3562,Which fault can produce a magnitude earthquake of 8.0?,San Andreas,hcpc_v1," The San Andreas Fault, according to the provided context, can produce a magnitude 8.0 event.","Many faults are able to produce a magnitude 6.7+ earthquake, such as the San Andreas Fault, which can produce a magnitude 8.0 event. Other faults include the San Jacinto Fault, the Puente Hills Fault, and the Elsinore Fault Zone

---

. The magnitude 6.7 1994 Northridge earthquake was particularly destructive, causing a substantial number of deaths, injuries, and structural collapses. It caused the most property damage of any earthquake in U.S. history, estimated at over $20 billion.

---

of vibration that it would rise and fall hundreds of feet and practically destroy civilization",0.3503,True,0.5479,False,-1.0,0.845,squad,43,mistral,ollama
3563,Which fault can produce a magnitude earthquake of 8.0?,San Andreas,hcpc_v2," The San Andreas Fault can produce a magnitude 8.0 earthquake, according to the provided context.","Many faults are able to produce a magnitude 6.7+ earthquake, such as the San Andreas Fault, which can produce a magnitude 8.0 event. Other faults include the San Jacinto Fault, the Puente Hills Fault, and the Elsinore Fault Zone. The USGS has released a California Earthquake forecast which models Earthquake occurrence in California.

---

Each year, the southern California area has about 10,000 earthquakes. Nearly all of them are so small that they are not felt. Only several hundred are greater than magnitude 3.0, and only about 15–20 are greater than magnitude 4.0. The magnitude 6.7 1994 Northridge earthquake was particularly destructive, causing a substantial number of deaths, injuries, and structural collapses. It caused the most property damage of any earthquake in U.S. history, estimated at over $20 billion.

---

Tesla invented a steam-powered mechanical oscillator—Tesla's oscillator. While experimenting with mechanical oscillators at his Houston Street lab, Tesla allegedly generated a resonance of several buildings . As the speed grew, it is said that the machine oscillated at the resonance frequency of his own building and, belatedly realizing the danger, he was forced to use a sledge hammer to terminate the experiment, just as the police arrived.:162–164 In the police arrived.:162–164 In February 1912, an article—""Nikola Tesla, Dreamer"" by Allan L . Benson—was published in World Today, in which an artist's illustration appears showing the entire earth cracking in half with the caption, ""Tesla claims that in a few weeks he could set the earth's crust into such a state of vibration that it would rise of vibration that it would rise and fall hundreds of feet and practically destroy civilization . A continuation of this process would, he says, eventually split the earth in two.""",0.4535,True,0.4604,True,0.2071,1.171,squad,43,mistral,ollama
3753,Who did Tesla think would run the world of the future?,women,baseline," Women, as Tesla believed they would become the dominant sex in the future.","Tesla made predictions about the relevant issues of a post-World War I environment in a printed article, ""Science and Discovery are the great Forces which will lead to the Consummation of the War"" (20 December 1914). Tesla believed that the League of Nations was not a remedy for the times and issues.[citation needed]

---

Tesla's legacy has endured in books, films, radio, TV, music, live theater, comics and video games. The impact of the technologies invented or envisioned by Tesla is a recurring theme in several types of science fiction.

---

In 1926, Tesla commented on the ills of the social subservience of women and the struggle of women toward gender equality, and indicated that humanity's future would be run by ""Queen Bees."" He believed that women would become the dominant sex in the future.",0.6406,False,0.5921,False,-1.0,0.753,squad,43,mistral,ollama
3754,Who did Tesla think would run the world of the future?,women,hcpc_v1," Women, specifically referred to as ""Queen Bees"" according to the provided context.","Tesla made predictions about the relevant issues of a post-World War I environment in a printed article, ""Science and Discovery are the great Forces which will lead to the Consummation of the War"" (20 December 1914)

---

Tesla's legacy has endured in books, films, radio, TV, music, live theater, comics and video games. The impact of the technologies invented or envisioned by Tesla is a recurring theme in several types of science fiction.

---

In 1926, Tesla commented on the ills of the social subservience of women and the struggle of women toward gender equality, and indicated that humanity's future would be run by ""Queen Bees."" He believed that women would become the dominant sex in the",0.5266,False,0.5591,False,-1.0,0.742,squad,43,mistral,ollama
3755,Who did Tesla think would run the world of the future?,women,hcpc_v2," Women, as Tesla believed they would become the dominant sex in the future, referred to as ""Queen Bees.""","Tesla made predictions about the relevant issues of a post-World War I environment in a printed article, ""Science and Discovery are the great Forces which will lead to the Consummation of the War"" (20 December 1914). Tesla believed that the League of Nations was not a remedy for the times and issues.[citation needed]

---

Tesla's legacy has endured in books, films, radio, TV, music, live theater, comics and video games. The impact of the technologies invented or envisioned by Tesla is a recurring theme in several types of science fiction.

---

In 1926, Tesla commented on the ills of the social subservience of women and the struggle of women toward gender equality, and indicated that humanity's future would be run by ""Queen Bees."" He believed that women would become the dominant sex in the future.",0.5073,False,0.5921,False,0.4939,0.985,squad,43,mistral,ollama
3774,"What is the name of the Bronco's head coach, who was hired after John Fox? ",Gary Kubiak,baseline," The name of the Broncos' head coach, who was hired after John Fox, is Gary Kubiak.","With Rivera having been a linebacker with the Chicago Bears in Super Bowl XX, and Kubiak replacing Elway at the end of the Broncos' defeats in Super Bowls XXI and XXIV, this will be the first Super Bowl in which both head coaches played in the game themselves.

---

Following their loss in the divisional round of the previous season's playoffs, the Denver Broncos underwent numerous coaching changes, including a mutual parting with head coach John Fox (who had won four divisional championships in his four years as Broncos head coach), and the hiring of Gary Kubiak as the new head coach. Under Kubiak, the Broncos planned to install a run-oriented offense with zone blocking to blend in with quarterback Peyton Manning's shotgun passing skills, but struggled with numerous changes and injuries to the offensive line, as well as Manning having his worst statistical season since his rookie year with the Indianapolis Colts in 1998, due to a plantar fasciitis injury in his heel that he had suffered since the summer, and the simple fact that Manning was getting old, as he turned 39 in the 2015 off-season. Although the team had a 7–0 start, Manning led the NFL in interceptions. In week 10, Manning suffered a partial tear of the plantar fasciitis in his left foot

---

On December 28, 2015, ESPN Deportes announced that they had reached an agreement with CBS and the NFL to be the exclusive Spanish-language broadcaster of the game, marking the third dedicated Spanish-language broadcast of the Super Bowl. Unlike NBC and Fox, CBS does not have a Spanish-language outlet of its own that could broadcast the game (though per league policy, a separate Spanish play-by-play call was carried on CBS's second audio program channel for over-the-air viewers). The game was called by ESPN Deportes' Monday Night Football commentary crew of Alvaro Martin and Raul Allegre, and sideline reporter John Sutcliffe. ESPN Deportes broadcast pre-game and post-game coverage, while Martin, Allegre, and Sutcliffe contributed English-language reports for ESPN's SportsCenter and Mike & Mike.",0.7439,False,0.5265,False,-1.0,1.316,squad,43,mistral,ollama
3775,"What is the name of the Bronco's head coach, who was hired after John Fox? ",Gary Kubiak,hcpc_v1, I cannot find this information in the provided context. The context does not mention the name of the head coach who replaced John Fox with the Denver Broncos.,"With Rivera having been a linebacker with the Chicago Bears in Super Bowl XX, and Kubiak replacing Elway at the end of the Broncos' defeats in Super Bowls XXI and XXIV, this will be the first Super Bowl in which both head coaches played in the game

---

Following their loss in the divisional round of the previous season's playoffs, the Denver Broncos underwent numerous coaching changes, including a mutual parting with head coach John Fox (who had won four divisional championships in his four years as

---

On December 28, 2015, ESPN Deportes announced that they had reached an agreement with CBS and the NFL to be the exclusive Spanish-language broadcaster of the game, marking the third dedicated Spanish-language broadcast of the Super Bowl",0.7563,False,0.5244,False,-1.0,1.143,squad,43,mistral,ollama
3776,"What is the name of the Bronco's head coach, who was hired after John Fox? ",Gary Kubiak,hcpc_v2," The name of the Broncos' head coach, who was hired after John Fox, is Gary Kubiak.","With Rivera having been a linebacker with the Chicago Bears in Super Bowl XX, and Kubiak replacing Elway at the end of the Broncos' defeats in Super Bowls XXI and XXIV, this will be the first Super Bowl in which both head coaches played in the game themselves.

---

Following their loss in the divisional round of the previous season's playoffs, the Denver Broncos underwent numerous coaching changes, including a mutual parting with head coach John Fox (who had won four divisional championships in his four years as Broncos head coach), and the hiring of Gary Kubiak as the new head coach. Under Kubiak, the Broncos planned to install a run-oriented offense with zone blocking to blend in with quarterback Peyton Manning's shotgun passing skills, but struggled with numerous changes and injuries to the offensive line, as well as Manning having his worst statistical season since his rookie year with the Indianapolis Colts in 1998, due to a plantar fasciitis injury in his heel that he had suffered since the summer, and the simple fact that Manning was getting old, as he turned 39 in the 2015 off-season. Although the team had a 7–0 start, Manning led the NFL in interceptions. In week 10, Manning suffered a partial tear of the plantar fasciitis in his left foot

---

On December 28, 2015, ESPN Deportes announced that they had reached an agreement with CBS and the NFL to be the exclusive Spanish-language broadcaster of the game, marking the third dedicated Spanish-language broadcast of the Super Bowl . Unlike NBC and Fox, CBS does not have a Spanish-language outlet of its own that could broadcast the game (though per league policy, a separate Spanish play-by-play call was carried on CBS's second audio program channel for over-the-air viewers) . The game was called by ESPN Deportes' Monday Night Football commentary crew of Alvaro Martin and Raul Allegre, and sideline reporter John Sutcliffe . ESPN Deportes broadcast pre-game and post-game coverage, while Martin, Allegre, and Sutcliffe contributed English-language reports for ESPN's SportsCenter and Mike & Mike.",0.7439,False,0.5265,True,0.2486,1.238,squad,43,mistral,ollama
3792,"When did Luther's writings to spread to France, England and Italy?",1519,baseline, As early as 1519.,"Luther's writings circulated widely, reaching France, England, and Italy as early as 1519. Students thronged to Wittenberg to hear Luther speak. He published a short commentary on Galatians and his Work on the Psalms. This early part of Luther's career was one of his most creative and productive. Three of his best-known works were published in 1520: To the Christian Nobility of the German Nation, On the Babylonian Captivity of the Church, and On the Freedom of a Christian.

---

Luther's rediscovery of ""Christ and His salvation"" was the first of two points that became the foundation for the Reformation. His railing against the sale of indulgences was based on it.

---

A piece of paper was later found on which Luther had written his last statement. The statement was in Latin, apart from ""We are beggars,"" which was in German.",0.4494,True,0.658,False,-1.0,0.543,squad,43,mistral,ollama
3793,"When did Luther's writings to spread to France, England and Italy?",1519,hcpc_v1, As early as 1519,"Luther's writings circulated widely, reaching France, England, and Italy as early as 1519. Students thronged to Wittenberg to hear Luther speak. He published a short commentary on Galatians and his Work on the Psalms

---

Luther's rediscovery of ""Christ and His salvation"" was the first of two points that became the foundation for the Reformation. His railing against the sale of indulgences was based on it.

---

A piece of paper was later found on which Luther had written his last statement. The statement was in Latin, apart from ""We are beggars,"" which was in German.",0.4494,True,0.6712,False,-1.0,0.389,squad,43,mistral,ollama
3794,"When did Luther's writings to spread to France, England and Italy?",1519,hcpc_v2, As early as 1519.,"Luther's writings circulated widely, reaching France, England, and Italy as early as 1519. Students thronged to Wittenberg to hear Luther speak. He published a short commentary on Galatians and his Work on the Psalms. This early part of Luther's career was one of his most creative and productive. Three of his best-known works were published in 1520: To the Christian Nobility of the German Nation, On the Babylonian Captivity of the Church, and On the Freedom of a Christian.

---

Luther's rediscovery of ""Christ and His salvation"" was the first of two points that became the foundation for the Reformation. His railing against the sale of indulgences was based on it.

---

A piece of paper was later found on which Luther had written his last statement. The statement was in Latin, apart from ""We are beggars,"" which was in German.",0.4494,True,0.658,True,0.536,0.487,squad,43,mistral,ollama
3798,When did this attempt take place?,1560,baseline," I cannot find information about when the attempt took place in the provided context. The context only discusses that the story of the posting on the door has little foundation in truth, and it mentions Philipp Melanchthon's comments but does not specify a time or date for any event related to this story.","According to scholars Walter Krämer, Götz Trenkler, Gerhard Ritter, and Gerhard Prause, the story of the posting on the door, even though it has settled as one of the pillars of history, has little foundation in truth. The story is based on comments made by Philipp Melanchthon, though it is thought that he was not in Wittenberg at the time.

---

. Cajetan's original instructions had been to arrest Luther if he failed to recant, but the legate desisted from doing so. Luther slipped out of the city at night, unbeknownst to Cajetan.

---

. It was publicly exhibited in a glass case at the Nuremberg rallies and quoted in a 54-page explanation of the Aryan Law by Dr. E.H. Schulz and Dr. R. Frercks.",0.5442,False,0.3481,False,-1.0,2.129,squad,43,mistral,ollama
3799,When did this attempt take place?,1560,hcpc_v1, I cannot find the specific date for this attempt in the provided context.,". The story is based on comments made by Philipp Melanchthon, though it is thought that he was not in Wittenberg at the time.

---

. Cajetan's original instructions had been to arrest Luther if he failed to recant, but the legate desisted from doing so. Luther slipped out of the city at night, unbeknownst to Cajetan.

---

. It was publicly exhibited in a glass case at the Nuremberg rallies and quoted in a 54-page explanation of the Aryan Law by Dr. E.H. Schulz and Dr. R. Frercks.",0.4224,True,0.3461,False,-1.0,0.632,squad,43,mistral,ollama
3800,When did this attempt take place?,1560,hcpc_v2," I cannot find information about when the attempt took place in the provided context. The context only discusses that the story of the posting on the door has little foundation in truth, and it mentions Philipp Melanchthon's comments but does not specify a time or date for any event related to this story.","According to scholars Walter Krämer, Götz Trenkler, Gerhard Ritter, and Gerhard Prause, the story of the posting on the door, even though it has settled as one of the pillars of history, has little foundation in truth. The story is based on comments made by Philipp Melanchthon, though it is thought that he was not in Wittenberg at the time.

---

. Cajetan's original instructions had been to arrest Luther if he failed to recant, but the legate desisted from doing so. Luther slipped out of the city at night, unbeknownst to Cajetan.

---

. It was publicly exhibited in a glass case at the Nuremberg rallies and quoted in a 54-page explanation of the Aryan Law by Dr. E.H. Schulz and Dr. R. Frercks.",0.5442,False,0.3481,True,0.1139,2.131,squad,43,mistral,ollama
3819,What year did Levi's Stadium become fully approved to host Super Bowl 50?,2013,baseline," The context does not provide specific information about when Levi's Stadium was fully approved to host Super Bowl 50, but it was awarded the game in May 21, 2013. However, the final decision was announced by the league on October 16, 2012, making it likely that the approval process was completed around this time or shortly after.","On May 21, 2013, NFL owners at their spring meetings in Boston voted and awarded the game to Levi's Stadium. The $1.2 billion stadium opened in 2014. It is the first Super Bowl held in the San Francisco Bay Area since Super Bowl XIX in 1985, and the first in California since Super Bowl XXXVII took place in San Diego in 2003.

---

Super Bowl 50 was an American football game to determine the champion of the National Football League (NFL) for the 2015 season. The American Football Conference (AFC) champion Denver Broncos defeated the National Football Conference (NFC) champion Carolina Panthers 24–10 to earn their third Super Bowl title. The game was played on February 7, 2016, at Levi's Stadium in the San Francisco Bay Area at Santa Clara, California. As this was the 50th Super Bowl, the league emphasized the ""golden anniversary"" with various gold-themed initiatives, as well as temporarily suspending the tradition of naming each Super Bowl game with Roman numerals (under which the game would have been known as ""Super Bowl L""), so that the logo could prominently feature the Arabic numerals 50.

---

The league announced on October 16, 2012, that the two finalists were Sun Life Stadium and Levi's Stadium. The South Florida/Miami area has previously hosted the event 10 times (tied for most with New Orleans), with the most recent one being Super Bowl XLIV in 2010. The San Francisco Bay Area last hosted in 1985 (Super Bowl XIX), held at Stanford Stadium in Stanford, California, won by the home team 49ers. The Miami bid depended on whether the stadium underwent renovations. However, on May 3, 2013, the Florida legislature refused to approve the funding plan to pay for the renovations, dealing a significant blow to Miami's chances.",0.4032,True,0.6606,False,-1.0,2.994,squad,43,mistral,ollama
3820,What year did Levi's Stadium become fully approved to host Super Bowl 50?,2013,hcpc_v1," The context does not provide information about when exactly Levi's Stadium was fully approved to host Super Bowl 50. However, we know that the game was played on February 7, 2016, at Levi's Stadium, so it can be inferred that the stadium was approved for hosting Super Bowl 50 sometime between the awarding of the game in May 2013 and February 2016.","On May 21, 2013, NFL owners at their spring meetings in Boston voted and awarded the game to Levi's Stadium. The $1.2 billion stadium opened in 2014. It is the first Super Bowl held in the San Francisco Bay Area since Super Bowl XIX in 1985, and the first in California since Super Bowl XXXVII took place in San Diego in 2003.

---

. The game was played on February 7, 2016, at Levi's Stadium in the San Francisco Bay Area at Santa Clara, California

---

. The San Francisco Bay Area last hosted in 1985 (Super Bowl XIX), held at Stanford Stadium in Stanford, California, won by the home team 49ers. The Miami bid depended on whether the stadium underwent renovations",0.5595,False,0.6656,False,-1.0,2.98,squad,43,mistral,ollama
3821,What year did Levi's Stadium become fully approved to host Super Bowl 50?,2013,hcpc_v2," The context does not provide information about when exactly Levi's Stadium was fully approved to host Super Bowl 50, but it was awarded the game in May 21, 2013. However, the final decision was announced by the league on October 16, 2012, making it likely that the approval process was completed before this date.","On May 21, 2013, NFL owners at their spring meetings in Boston voted and awarded the game to Levi's Stadium. The $1.2 billion stadium opened in 2014. It is the first Super Bowl held in the San Francisco Bay Area since Super Bowl XIX in 1985, and the first in California since Super Bowl XXXVII took place in San Diego in 2003.

---

Super Bowl 50 was an American football game to determine the champion of the National Football League (NFL) for the 2015 season. The American Football Conference (AFC) champion Denver Broncos defeated the National Football Conference (NFC) champion Carolina Panthers 24–10 to earn their third Super Bowl title. The game was played on February 7, 2016, at Levi's Stadium in the San Francisco Bay Area at Santa Clara, California. As this was the 50th Super Bowl, the league emphasized the ""golden anniversary"" with various gold-themed initiatives, as well as temporarily suspending the tradition of naming each Super Bowl game with Roman numerals (under which the game would have been known as ""Super Bowl L""), so that the logo could prominently feature the Arabic numerals 50.

---

The league announced on October 16, 2012, that the two finalists were Sun Life Stadium and Levi's Stadium. The South Florida/Miami area has previously hosted the event 10 times (tied for most with New Orleans), with the most recent one being Super Bowl XLIV in 2010. The San Francisco Bay Area last hosted in 1985 (Super Bowl XIX), held at Stanford Stadium in Stanford, California, won by the home team 49ers. The Miami bid depended on whether the stadium underwent renovations. However, on May 3, 2013, the Florida legislature refused to approve the funding plan to pay for the renovations, dealing a significant blow to Miami's chances.",0.4198,True,0.6606,False,0.6083,2.835,squad,43,mistral,ollama
3849,What did Virgin Media concentrate on instead of offering linear channels?,Video On Demand,baseline," Virgin Media concentrated on its Video On Demand service to carry a modest selection of HD content, instead of offering more linear HD channels.","Virgin Media (re-branded in 2007 from NTL:Telewest) started to offer a high-definition television (HDTV) capable set top box, although from 30 November 2006 until 30 July 2009 it only carried one linear HD channel, BBC HD, after the conclusion of the ITV HD trial. Virgin Media has claimed that other HD channels were ""locked up"" or otherwise withheld from their platform, although Virgin Media did in fact have an option to carry Channel 4 HD in the future. Nonetheless, the linear channels were not offered, Virgin Media instead concentrating on its Video On Demand service to carry a modest selection of HD content. Virgin Media has nevertheless made a number of statements over the years, suggesting that more linear HD channels are on the way.

---

In 2007, BSkyB and Virgin Media became involved in a dispute over the carriage of Sky channels on cable TV. The failure to renew the existing carriage agreements negotiated with NTL and Telewest resulted in Virgin Media removing the basic channels from the network on 1 March 2007. Virgin Media claimed that BSkyB had substantially increased the asking price for the channels, a claim which BSkyB denied, on the basis that their new deal offered ""substantially more value"" by including HD channels and Video On Demand content which was not previously carried by cable.

---

The agreements include fixed annual carriage fees of £30m for the channels with both channel suppliers able to secure additional capped payments if their channels meet certain performance-related targets. Currently there is no indication as to whether the new deal includes the additional Video On Demand and High Definition content which had previously been offered by BSkyB. As part of the agreements, both BSkyB and Virgin Media agreed to terminate all High Court proceedings against each other relating to the carriage of their respective basic channels.",0.5181,False,0.5545,False,-1.0,1.288,squad,43,mistral,ollama
3850,What did Virgin Media concentrate on instead of offering linear channels?,Video On Demand,hcpc_v1, Virgin Media concentrated on its Video On Demand service instead of offering linear channels.,". Nonetheless, the linear channels were not offered, Virgin Media instead concentrating on its Video On Demand service to carry a modest selection of HD content

---

. The failure to renew the existing carriage agreements negotiated with NTL and Telewest resulted in Virgin Media removing the basic channels from the network on 1 March 2007

---

. As part of the agreements, both BSkyB and Virgin Media agreed to terminate all High Court proceedings against each other relating to the carriage of their respective basic channels.",0.6172,False,0.6412,False,-1.0,0.662,squad,43,mistral,ollama
3851,What did Virgin Media concentrate on instead of offering linear channels?,Video On Demand,hcpc_v2," Virgin Media concentrated on its Video On Demand service to carry a modest selection of HD content, instead of offering more linear HD channels.","Virgin Media (re-branded in 2007 from NTL:Telewest) started to offer a high-definition television (HDTV) capable set top box, although from 30 November 2006 until 30 July 2009 it only carried one linear HD channel, BBC HD, after the conclusion of the ITV HD trial. Virgin Media has claimed that other HD channels were ""locked up"" or otherwise withheld from their platform, although Virgin Media did in fact have an option to carry Channel 4 HD in the future. Nonetheless, the linear channels were not offered, Virgin Media instead concentrating on its Video On Demand service to carry a modest selection of HD content. Virgin Media has nevertheless made a number of statements over the years, suggesting that more linear HD channels are on the way.

---

In 2007, BSkyB and Virgin Media became involved in a dispute over the carriage of Sky channels on cable TV. The failure to renew the existing carriage agreements negotiated with NTL and Telewest resulted in Virgin Media removing the basic channels from the network on 1 March 2007. Virgin Media claimed that BSkyB had substantially increased the asking price for the channels, a claim which BSkyB denied, on the basis that their new deal offered ""substantially more value"" by including HD channels and Video On Demand content which was not previously carried by cable.

---

The agreements include fixed annual carriage fees of £30m for the channels with both channel suppliers able to secure additional capped payments if their channels meet certain performance-related targets . Currently there is no indication as to whether the new deal includes the additional Video On Demand and High Definition content which had previously been offered by BSkyB . As part of the agreements, both BSkyB and Virgin Media agreed to terminate all High Court proceedings against each other relating to the carriage of their respective basic channels.",0.5181,False,0.5553,True,0.5857,1.289,squad,43,mistral,ollama
3864,When did the first French language bible appear?,Around 1294,baseline," The first French language Bible appeared in 1487, specifically a two-volume illustrated folio paraphrase version based on Guyard de Moulin's manuscript, by Jean de Rély. However, it should be noted that Jacques Lefevre published his French translation of the New Testament in 1523, followed by the whole Bible in 1530, which were significant later developments in the availability of the Bible in French.","The availability of the Bible in vernacular languages was important to the spread of the Protestant movement and development of the Reformed church in France. The country had a long history of struggles with the papacy by the time the Protestant Reformation finally arrived. Around 1294, a French version of the Scriptures was prepared by the Roman Catholic priest, Guyard de Moulin. A two-volume illustrated folio paraphrase version based on his manuscript, by Jean de Rély, was printed in Paris in 1487.

---

Other predecessors of the Reformed church included the pro-reform and Gallican Roman Catholics, such as Jacques Lefevre (c. 1455–1536). The Gallicans briefly achieved independence for the French church, on the principle that the religion of France could not be controlled by the Bishop of Rome, a foreign power. During the Protestant Reformation, Lefevre, a professor at the University of Paris, published his French translation of the New Testament in 1523, followed by the whole Bible in the French language in 1530. William Farel was a student of Lefevre who went on to become a leader of the Swiss Reformation, establishing a Protestant government in Geneva. Jean Cauvin (John Calvin), another student at the University of Paris, also converted to Protestantism. Long after the sect was suppressed by Francis I, the remaining French Waldensians, then mostly in the Luberon region, sought to join William Farel, Calvin and the Reformation, and Olivetan published a French Bible for them

---

Published at a time of rising demand for German-language publications, Luther's version quickly became a popular and influential Bible translation. As such, it made a significant contribution to the evolution of the German language and literature. Furnished with notes and prefaces by Luther, and with woodcuts by Lucas Cranach that contained anti-papal imagery, it played a major role in the spread of Luther's doctrine throughout Germany. The Luther Bible influenced other vernacular translations, such as William Tyndale's English Bible (1525 forward), a precursor of the King James Bible.",0.6489,False,0.4798,False,-1.0,3.54,squad,43,mistral,ollama
3865,When did the first French language bible appear?,Around 1294,hcpc_v1," The first French language Bible appeared in 1530, according to the provided context.","The availability of the Bible in vernacular languages was important to the spread of the Protestant movement and development of the Reformed church in France

---

. During the Protestant Reformation, Lefevre, a professor at the University of Paris, published his French translation of the New Testament in 1523, followed by the whole Bible in the French language in 1530

---

. The Luther Bible influenced other vernacular translations, such as William Tyndale's English Bible (1525 forward), a precursor of the King James Bible.",0.738,False,0.5571,False,-1.0,0.73,squad,43,mistral,ollama
3866,When did the first French language bible appear?,Around 1294,hcpc_v2," The first French language Bible appeared in 1487, with Jean de Rély's two-volume illustrated folio paraphrase version based on Guyard de Moulin's manuscript. However, it should be noted that Jacques Lefevre published a French translation of the New Testament in 1523 and the whole Bible in 1530, which were significant for the Protestant Reformation in France.","The availability of the Bible in vernacular languages was important to the spread of the Protestant movement and development of the Reformed church in France. The country had a long history of struggles with the papacy by the time the Protestant Reformation finally arrived. Around 1294, a French version of the Scriptures was prepared by the Roman Catholic priest, Guyard de Moulin. A two-volume illustrated folio paraphrase version based on his manuscript, by Jean de Rély, was printed in Paris in 1487.

---

Other predecessors of the Reformed church included the pro-reform and Gallican Roman Catholics, such as Jacques Lefevre (c. 1455–1536). The Gallicans briefly achieved independence for the French church, on the principle that the religion of France could not be controlled by the Bishop of Rome, a foreign power. During the Protestant Reformation, Lefevre, a professor at the University of Paris, published his French translation of the New Testament in 1523, followed by the whole Bible in the French language in 1530. William Farel was a student of Lefevre who went on to become a leader of the Swiss Reformation, establishing a Protestant government in Geneva. Jean Cauvin (John Calvin), another student at the University of Paris, also converted to Protestantism. Long after the sect was suppressed by Francis I, the remaining French Waldensians, then mostly in the Luberon region, sought to join William Farel, Calvin and the Reformation, and Olivetan published a French Bible for them

---

Published at a time of rising demand for German-language publications, Luther's version quickly became a popular and influential Bible translation. As such, it made a significant contribution to the evolution of the German language and literature . Furnished with notes and prefaces by Luther, and with woodcuts by Lucas Cranach that contained anti-papal imagery, it played a major role in the spread of Luther's doctrine throughout Germany . The Luther Bible influenced other vernacular translations, such as William Tyndale's English Bible (1525 forward), a precursor of the King James Bible.",0.6234,False,0.4783,True,0.4632,3.33,squad,43,mistral,ollama
3879,What is a particular problem in biology that would benefit from determining that P = NP?,protein structure prediction,baseline," The provided context does not specify a particular problem in biology that would benefit from determining that P = NP, but it does mention protein structure prediction in biology as an example of a problem that could potentially have more efficient solutions if P equals NP.","The question of whether P equals NP is one of the most important open questions in theoretical computer science because of the wide implications of a solution. If the answer is yes, many important problems can be shown to have more efficient solutions. These include various types of integer programming problems in operations research, many problems in logistics, protein structure prediction in biology, and the ability to find formal proofs of pure mathematics theorems. The P versus NP problem is one of the Millennium Prize Problems proposed by the Clay Mathematics Institute. There is a US$1,000,000 prize for resolving the problem.

---

This motivates the concept of a problem being hard for a complexity class. A problem X is hard for a class of problems C if every problem in C can be reduced to X. Thus no problem in C is harder than X, since an algorithm for X allows us to solve any problem in C. Of course, the notion of hard problems depends on the type of reduction being used. For complexity classes larger than P, polynomial-time reductions are commonly used. In particular, the set of problems that are hard for NP is the set of NP-hard problems.

---

If a problem X is in C and hard for C, then X is said to be complete for C. This means that X is the hardest problem in C. (Since many problems could be equally hard, one might say that X is one of the hardest problems in C.) Thus the class of NP-complete problems contains the most difficult problems in NP, in the sense that they are the ones most likely not to be in P. Because the problem P = NP is not solved, being able to reduce a known NP-complete problem, Π2, to another problem, Π1, would indicate that there is no known polynomial-time solution for Π1. This is because a polynomial-time solution to Π1 would yield a polynomial-time solution to Π2. Similarly, because all NP problems can be reduced to the set, finding an NP-complete problem that can be solved in polynomial time would mean that P = NP.",0.474,True,0.6061,False,-1.0,2.099,squad,43,mistral,ollama
3880,What is a particular problem in biology that would benefit from determining that P = NP?,protein structure prediction,hcpc_v1, I cannot find this information in the provided context. The context does not specify any particular problem in biology that would benefit from determining that P = NP.,"The question of whether P equals NP is one of the most important open questions in theoretical computer science because of the wide implications of a solution. If the answer is yes, many important problems can be shown to have more efficient solutions

---

. For complexity classes larger than P, polynomial-time reductions are commonly used. In particular, the set of problems that are hard for NP is the set of NP-hard problems.

---

. Because the problem P = NP is not solved, being able to reduce a known NP-complete problem, Π2, to another problem, Π1, would indicate that there is no known polynomial-time solution for Π1",0.607,False,0.5823,False,-1.0,1.159,squad,43,mistral,ollama
3881,What is a particular problem in biology that would benefit from determining that P = NP?,protein structure prediction,hcpc_v2," The provided context does not specify a particular problem in biology that would benefit from determining that P = NP, but it does mention protein structure prediction in biology as an example of a problem that could potentially have more efficient solutions if P equals NP.","The question of whether P equals NP is one of the most important open questions in theoretical computer science because of the wide implications of a solution. If the answer is yes, many important problems can be shown to have more efficient solutions. These include various types of integer programming problems in operations research, many problems in logistics, protein structure prediction in biology, and the ability to find formal proofs of pure mathematics theorems. The P versus NP problem is one of the Millennium Prize Problems proposed by the Clay Mathematics Institute. There is a US$1,000,000 prize for resolving the problem.

---

This motivates the concept of a problem being hard for a complexity class. A problem X is hard for a class of problems C if every problem in C can be reduced to X. Thus no problem in C is harder than X, since an algorithm for X allows us to solve any problem in C. Of course, the notion of hard problems depends on the type of reduction being used. For complexity classes larger than P, polynomial-time reductions are commonly used. In particular, the set of problems that are hard for NP is the set of NP-hard problems.

---

If a problem X is in C and hard for C, then X is said to be complete for C. This means that X is the hardest problem in C. (Since many problems could be equally hard, one might say that X is one of the hardest problems in C.) Thus the class of NP-complete problems contains the most difficult problems in NP, in the sense that they are the ones most likely not to be in P. Because the problem P = NP is not solved, being able to reduce a known NP-complete problem, Π2, to another problem, Π1, would indicate that there is no known polynomial-time solution for Π1. This is because a polynomial-time solution to Π1 would yield a polynomial-time solution to Π2. Similarly, because all NP problems can be reduced to the set, finding an NP-complete problem that can be solved in polynomial time would mean that P = NP.",0.474,True,0.6061,False,0.598,2.098,squad,43,mistral,ollama
3933,Who was the sideline reporter for ESPN Deportes?,John Sutcliffe.,baseline, John Sutcliffe,"On December 28, 2015, ESPN Deportes announced that they had reached an agreement with CBS and the NFL to be the exclusive Spanish-language broadcaster of the game, marking the third dedicated Spanish-language broadcast of the Super Bowl. Unlike NBC and Fox, CBS does not have a Spanish-language outlet of its own that could broadcast the game (though per league policy, a separate Spanish play-by-play call was carried on CBS's second audio program channel for over-the-air viewers). The game was called by ESPN Deportes' Monday Night Football commentary crew of Alvaro Martin and Raul Allegre, and sideline reporter John Sutcliffe. ESPN Deportes broadcast pre-game and post-game coverage, while Martin, Allegre, and Sutcliffe contributed English-language reports for ESPN's SportsCenter and Mike & Mike.

---

Westwood One will carry the game throughout North America, with Kevin Harlan as play-by-play announcer, Boomer Esiason and Dan Fouts as color analysts, and James Lofton and Mark Malone as sideline reporters. Jim Gray will anchor the pre-game and halftime coverage.

---

CBS provided digital streams of the game via CBSSports.com, and the CBS Sports apps on tablets, Windows 10, Xbox One and other digital media players (such as Chromecast and Roku). Due to Verizon Communications exclusivity, streaming on smartphones was only provided to Verizon Wireless customers via the NFL Mobile service. The ESPN Deportes Spanish broadcast was made available through WatchESPN.",0.4022,True,0.4194,False,-1.0,0.605,squad,43,mistral,ollama
3934,Who was the sideline reporter for ESPN Deportes?,John Sutcliffe.,hcpc_v1, John Sutcliffe,". The game was called by ESPN Deportes' Monday Night Football commentary crew of Alvaro Martin and Raul Allegre, and sideline reporter John Sutcliffe

---

Westwood One will carry the game throughout North America, with Kevin Harlan as play-by-play announcer, Boomer Esiason and Dan Fouts as color analysts, and James Lofton and Mark Malone as sideline reporters

---

. Due to Verizon Communications exclusivity, streaming on smartphones was only provided to Verizon Wireless customers via the NFL Mobile service. The ESPN Deportes Spanish broadcast was made available through WatchESPN.",0.4022,True,0.4973,False,-1.0,0.361,squad,43,mistral,ollama
3935,Who was the sideline reporter for ESPN Deportes?,John Sutcliffe.,hcpc_v2, John Sutcliffe,"On December 28, 2015, ESPN Deportes announced that they had reached an agreement with CBS and the NFL to be the exclusive Spanish-language broadcaster of the game, marking the third dedicated Spanish-language broadcast of the Super Bowl. Unlike NBC and Fox, CBS does not have a Spanish-language outlet of its own that could broadcast the game (though per league policy, a separate Spanish play-by-play call was carried on CBS's second audio program channel for over-the-air viewers). The game was called by ESPN Deportes' Monday Night Football commentary crew of Alvaro Martin and Raul Allegre, and sideline reporter John Sutcliffe. ESPN Deportes broadcast pre-game and post-game coverage, while Martin, Allegre, and Sutcliffe contributed English-language reports for ESPN's SportsCenter and Mike & Mike.

---

Westwood One will carry the game throughout North America, with Kevin Harlan as play-by-play announcer, Boomer Esiason and Dan Fouts as color analysts, and James Lofton and Mark Malone as sideline reporters. Jim Gray will anchor the pre-game and halftime coverage.

---

CBS provided digital streams of the game via CBSSports.com, and the CBS Sports apps on tablets, Windows 10, Xbox One and other digital media players (such as Chromecast and Roku) . Due to Verizon Communications exclusivity, streaming on smartphones was only provided to Verizon Wireless customers via the NFL Mobile service. The ESPN Deportes Spanish broadcast was made available through WatchESPN.",0.4022,True,0.4194,True,0.3642,0.602,squad,43,mistral,ollama
3975,What type of intervention would changing the work environment be?,Organizational interventions,baseline, Changing the work environment would be an example of an organizational intervention to mitigate occupational hazards among teachers.,"There are several ways to mitigate the occupational hazards of teaching. Organizational interventions, like changing teachers' schedules, providing support networks and mentoring, changing the work environment, and offering promotions and bonuses, may be effective in helping to reduce occupational stress among teachers. Individual-level interventions, including stress-management training and counseling, are also used to relieve occupational stress among teachers.

---

Teachers face several occupational hazards in their line of work, including occupational stress, which can negatively impact teachers' mental and physical health, productivity, and students' performance. Stress can be caused by organizational change, relationships with students, fellow teachers, and administrative personnel, working environment, expectations to substitute, long hours with a heavy workload, and inspections. Teachers are also at high risk for occupational burnout.

---

A 2000 study found that 42% of UK teachers experienced occupational stress, twice the figure for the average profession. A 2012 study found that teachers experienced double the rate of anxiety, depression, and stress than average workers.",0.6061,False,0.3607,False,-1.0,1.055,squad,43,mistral,ollama
3976,What type of intervention would changing the work environment be?,Organizational interventions,hcpc_v1, The provided context indicates that changing the work environment is an example of an organizational intervention aimed at reducing occupational stress among teachers.,". Organizational interventions, like changing teachers' schedules, providing support networks and mentoring, changing the work environment, and offering promotions and bonuses, may be effective in helping to reduce occupational stress among teachers

---

Teachers face several occupational hazards in their line of work, including occupational stress, which can negatively impact teachers' mental and physical health, productivity, and students' performance

---

A 2000 study found that 42% of UK teachers experienced occupational stress, twice the figure for the average profession. A 2012 study found that teachers experienced double the rate of anxiety, depression, and stress than average workers.",0.6055,False,0.3999,False,-1.0,1.004,squad,43,mistral,ollama
3977,What type of intervention would changing the work environment be?,Organizational interventions,hcpc_v2, Changing the work environment would be an example of an organizational intervention to mitigate occupational hazards among teachers.,"There are several ways to mitigate the occupational hazards of teaching. Organizational interventions, like changing teachers' schedules, providing support networks and mentoring, changing the work environment, and offering promotions and bonuses, may be effective in helping to reduce occupational stress among teachers. Individual-level interventions, including stress-management training and counseling, are also used to relieve occupational stress among teachers.

---

Teachers face several occupational hazards in their line of work, including occupational stress, which can negatively impact teachers' mental and physical health, productivity, and students' performance. Stress can be caused by organizational change, relationships with students, fellow teachers, and administrative personnel, working environment, expectations to substitute, long hours with a heavy workload, and inspections. Teachers are also at high risk for occupational burnout.

---

A 2000 study found that 42% of UK teachers experienced occupational stress, twice the figure for the average profession. A 2012 study found that teachers experienced double the rate of anxiety, depression, and stress than average workers.",0.6061,False,0.3607,True,0.6323,1.051,squad,43,mistral,ollama
4023,Full size working engines on what vehicles sometimes use oscillating cylinder steam engines?,ships,baseline," According to the provided context, full size working engines that use oscillating cylinder steam engines have been used mainly on ships.","An oscillating cylinder steam engine is a variant of the simple expansion steam engine which does not require valves to direct steam into and out of the cylinder. Instead of valves, the entire cylinder rocks, or oscillates, such that one or more holes in the cylinder line up with holes in a fixed port face or in the pivot mounting (trunnion). These engines are mainly used in toys and models, because of their simplicity, but have also been used in full size working engines, mainly on ships where their compactness is valued.[citation needed]

---

Uniflow engines attempt to remedy the difficulties arising from the usual counterflow cycle where, during each stroke, the port and the cylinder walls will be cooled by the passing exhaust steam, whilst the hotter incoming admission steam will waste some of its energy in restoring working temperature. The aim of the uniflow is to remedy this defect and improve efficiency by providing an additional port uncovered by the piston at the end of each stroke making the steam flow only in one direction. By this means, the simple-expansion uniflow engine gives efficiency equivalent to that of classic compound systems with the added advantage of superior part-load performance, and comparable efficiency to turbines for smaller engines below one thousand horsepower. However, the thermal expansion gradient uniflow engines produce along the cylinder wall gives practical difficulties.[citation needed]. The Quasiturbine is a uniflow rotary steam engine where steam intakes in hot areas, while exhausting in cold areas.

---

Steam engines are external combustion engines, where the working fluid is separate from the combustion products. Non-combustion heat sources such as solar power, nuclear power or geothermal energy may be used. The ideal thermodynamic cycle used to analyze this process is called the Rankine cycle. In the cycle, water is heated and transforms into steam within a boiler operating at a high pressure. When expanded through pistons or turbines, mechanical work is done. The reduced-pressure steam is then condensed and pumped back into the boiler.",0.6343,False,0.5956,False,-1.0,1.282,squad,43,mistral,ollama
4024,Full size working engines on what vehicles sometimes use oscillating cylinder steam engines?,ships,hcpc_v1," I cannot find this information in the provided context about which vehicles full-size working engines using oscillating cylinder steam engines are commonly found. The context only mentions their usage in toys, models, and ships, but not specific vehicles.","An oscillating cylinder steam engine is a variant of the simple expansion steam engine which does not require valves to direct steam into and out of the cylinder. Instead of valves, the entire cylinder rocks, or oscillates, such that one or more holes in the cylinder line up with holes in a fixed port face or in the pivot mounting (trunnion). These engines are mainly used in toys and models, because of their simplicity, but have also been used in full size working engines, mainly on ships where their compactness is valued.[citation needed]

---

. However, the thermal expansion gradient uniflow engines produce along the cylinder wall gives practical difficulties.[citation needed]. The Quasiturbine is a uniflow rotary steam engine where steam intakes in hot areas, while exhausting in cold areas.

---

Steam engines are external combustion engines, where the working fluid is separate from the combustion products. Non-combustion heat sources such as solar power, nuclear power or geothermal energy may be used",0.67,False,0.6351,False,-1.0,1.659,squad,43,mistral,ollama
4025,Full size working engines on what vehicles sometimes use oscillating cylinder steam engines?,ships,hcpc_v2," According to the provided context, full size working engines that use oscillating cylinder steam engines have been used mainly on ships.","An oscillating cylinder steam engine is a variant of the simple expansion steam engine which does not require valves to direct steam into and out of the cylinder. Instead of valves, the entire cylinder rocks, or oscillates, such that one or more holes in the cylinder line up with holes in a fixed port face or in the pivot mounting (trunnion). These engines are mainly used in toys and models, because of their simplicity, but have also been used in full size working engines, mainly on ships where their compactness is valued.[citation needed]

---

Uniflow engines attempt to remedy the difficulties arising from the usual counterflow cycle where, during each stroke, the port and the cylinder walls will be cooled by the passing exhaust steam, whilst the hotter incoming admission steam will waste some of its energy in restoring working temperature. The aim of the uniflow is to remedy this defect and improve efficiency by providing an additional port uncovered by the piston at the end of each stroke making the steam flow only in one direction. By this means, the simple-expansion uniflow engine gives efficiency equivalent to that of classic compound systems with the added advantage of superior part-load performance, and comparable efficiency to turbines for smaller engines below one thousand horsepower. However, the thermal expansion gradient uniflow engines produce along the cylinder wall gives practical difficulties.[citation needed]. The Quasiturbine is a uniflow rotary steam engine where steam intakes in hot areas, while exhausting in cold areas.

---

Steam engines are external combustion engines, where the working fluid is separate from the combustion products. Non-combustion heat sources such as solar power, nuclear power or geothermal energy may be used . The ideal thermodynamic cycle used to analyze this process is called the Rankine cycle. In the cycle, water is heated and transforms into steam within a boiler operating at a high pressure . When expanded through pistons or turbines, mechanical work is done. The reduced-pressure steam is then condensed and pumped back into the boiler.",0.6343,False,0.5956,True,0.5528,1.158,squad,43,mistral,ollama
4098,What did Alec Shelbrooke propose payments of benefits to be made on?,Welfare Cash Card,baseline," The provided context does not mention what Alec Shelbrooke proposed payments of benefits to be made on, only that he was proposing the payments in the style of the Supplemental Nutrition Assistance Program.","The Daily Mail newspaper reported in 2012 that the UK government's benefits agency was checking claimants' ""Sky TV bills to establish if a woman in receipt of benefits as a single mother is wrongly claiming to be living alone"" – as, it claimed, subscription to sports channels would betray a man's presence in the household. In December, the UK’s parliament heard a claim that a subscription to BSkyB was ‘often damaging’, along with alcohol, tobacco and gambling. Conservative MP Alec Shelbrooke was proposing the payments of benefits and tax credits on a ""Welfare Cash Card"", in the style of the Supplemental Nutrition Assistance Program, that could be used to buy only ""essentials"".

---

. A further contract to build the AC distribution system was awarded to General Electric.

---

Starting in 1934, the Westinghouse Electric & Manufacturing Company began paying Tesla $125 per month as well as paying his rent at the Hotel New Yorker, expenses the Company would pay for the rest of Tesla's life. Accounts on how this came about vary. Several sources say Westinghouse was worried about potential bad publicity surrounding the impoverished conditions their former star inventor was living under. It has been described as being couched in the form of a ""consulting fee"" to get around Tesla's aversion to accept charity, or by one biographer (Marc Seifer), as a type of unspecified settlement.",0.4778,True,0.3441,False,-1.0,1.701,squad,43,mistral,ollama
4099,What did Alec Shelbrooke propose payments of benefits to be made on?,Welfare Cash Card,hcpc_v1," The provided context does not mention what ""essentials"" are, but it states that Conservative MP Alec Shelbrooke proposed payments of benefits and tax credits on a ""Welfare Cash Card"", which can be used to buy only these ""essentials"".",". Conservative MP Alec Shelbrooke was proposing the payments of benefits and tax credits on a ""Welfare Cash Card"", in the style of the Supplemental Nutrition Assistance Program, that could be used to buy only ""essentials"".

---

. A further contract to build the AC distribution system was awarded to General Electric.

---

. It has been described as being couched in the form of a ""consulting fee"" to get around Tesla's aversion to accept charity, or by one biographer (Marc Seifer), as a type of unspecified settlement.",0.624,False,0.4562,False,-1.0,1.775,squad,43,mistral,ollama
4100,What did Alec Shelbrooke propose payments of benefits to be made on?,Welfare Cash Card,hcpc_v2," The provided context does not mention what Alec Shelbrooke proposed payments of benefits to be made on, only that he was proposing the payments in the style of the Supplemental Nutrition Assistance Program.","The Daily Mail newspaper reported in 2012 that the UK government's benefits agency was checking claimants' ""Sky TV bills to establish if a woman in receipt of benefits as a single mother is wrongly claiming to be living alone"" – as, it claimed, subscription to sports channels would betray a man's presence in the household. In December, the UK’s parliament heard a claim that a subscription to BSkyB was ‘often damaging’, along with alcohol, tobacco and gambling. Conservative MP Alec Shelbrooke was proposing the payments of benefits and tax credits on a ""Welfare Cash Card"", in the style of the Supplemental Nutrition Assistance Program, that could be used to buy only ""essentials"".

---

. A further contract to build the AC distribution system was awarded to General Electric.

---

Starting in 1934, the Westinghouse Electric & Manufacturing Company began paying Tesla $125 per month as well as paying his rent at the Hotel New Yorker, expenses the Company would pay for the rest of Tesla's life. Accounts on how this came about vary . Several sources say Westinghouse was worried about potential bad publicity surrounding the impoverished conditions their former star inventor was living under . It has been described as being couched in the form of a ""consulting fee"" to get around Tesla's aversion to accept charity, or by one biographer (Marc Seifer), as a type of unspecified settlement.",0.4778,True,0.3431,True,0.1228,1.707,squad,43,mistral,ollama
4242,What types of pumps are typically used in industrial boilers?,multi-stage centrifugal,baseline," Multi-stage centrifugal pumps are commonly used in industrial boilers, according to the provided context.","The Rankine cycle and most practical steam engines have a water pump to recycle or top up the boiler water, so that they may be run continuously. Utility and industrial boilers commonly use multi-stage centrifugal pumps; however, other types are used. Another means of supplying lower-pressure boiler feed water is an injector, which uses a steam jet usually supplied from the boiler. Injectors became popular in the 1850s but are no longer widely used, except in applications such as steam locomotives.

---

Steam engines are external combustion engines, where the working fluid is separate from the combustion products. Non-combustion heat sources such as solar power, nuclear power or geothermal energy may be used. The ideal thermodynamic cycle used to analyze this process is called the Rankine cycle. In the cycle, water is heated and transforms into steam within a boiler operating at a high pressure. When expanded through pistons or turbines, mechanical work is done. The reduced-pressure steam is then condensed and pumped back into the boiler.

---

The final major evolution of the steam engine design was the use of steam turbines starting in the late part of the 19th century. Steam turbines are generally more efficient than reciprocating piston type steam engines (for outputs above several hundred horsepower), have fewer moving parts, and provide rotary power directly instead of through a connecting rod system or similar means. Steam turbines virtually replaced reciprocating engines in electricity generating stations early in the 20th century, where their efficiency, higher speed appropriate to generator service, and smooth rotation were advantages. Today most electric power is provided by steam turbines. In the United States 90% of the electric power is produced in this way using a variety of heat sources. Steam turbines were extensively applied for propulsion of large ships throughout most of the 20th century.",0.593,False,0.5797,False,-1.0,1.165,squad,43,mistral,ollama
4243,What types of pumps are typically used in industrial boilers?,multi-stage centrifugal,hcpc_v1," Multi-stage centrifugal pumps are typically used in industrial boilers, according to the provided context.","The Rankine cycle and most practical steam engines have a water pump to recycle or top up the boiler water, so that they may be run continuously. Utility and industrial boilers commonly use multi-stage centrifugal pumps; however, other types are used. Another means of supplying lower-pressure boiler feed water is an injector, which uses a steam jet usually supplied from the boiler. Injectors became popular in the 1850s but are no longer widely used, except in applications such as steam locomotives.

---

. When expanded through pistons or turbines, mechanical work is done. The reduced-pressure steam is then condensed and pumped back into the boiler.

---

. Steam turbines were extensively applied for propulsion of large ships throughout most of the 20th century.",0.6059,False,0.6023,False,-1.0,0.82,squad,43,mistral,ollama
4244,What types of pumps are typically used in industrial boilers?,multi-stage centrifugal,hcpc_v2," Multi-stage centrifugal pumps are commonly used in industrial boilers, according to the provided context.","The Rankine cycle and most practical steam engines have a water pump to recycle or top up the boiler water, so that they may be run continuously. Utility and industrial boilers commonly use multi-stage centrifugal pumps; however, other types are used. Another means of supplying lower-pressure boiler feed water is an injector, which uses a steam jet usually supplied from the boiler. Injectors became popular in the 1850s but are no longer widely used, except in applications such as steam locomotives.

---

Steam engines are external combustion engines, where the working fluid is separate from the combustion products. Non-combustion heat sources such as solar power, nuclear power or geothermal energy may be used. The ideal thermodynamic cycle used to analyze this process is called the Rankine cycle. In the cycle, water is heated and transforms into steam within a boiler operating at a high pressure. When expanded through pistons or turbines, mechanical work is done. The reduced-pressure steam is then condensed and pumped back into the boiler.

---

The final major evolution of the steam engine design was the use of steam turbines starting in the late part of the 19th century . Steam turbines are generally more efficient than reciprocating piston type steam engines (for outputs above several hundred horsepower), have fewer moving parts, and provide rotary power directly instead of through a connecting rod system or similar rod system or similar means . Steam turbines virtually replaced reciprocating engines in electricity generating stations early in the 20th century, where their efficiency, higher speed appropriate to generator service, and smooth rotation were advantages . Today most electric power is provided by steam turbines. In the United States 90% of the electric power is produced in this way using a variety of heat sources . Steam turbines were extensively applied for propulsion of large ships throughout most of the 20th century.",0.593,False,0.5794,True,0.6147,1.056,squad,43,mistral,ollama
4281,What theorem was implicated by Manuel Blum's axioms?,speed-up theorem,baseline," The provided context does not specify which theorem was implicated by Manuel Blum's axioms, but it mentions that he developed an axiomatic complexity theory and proved the speed-up theorem.","In 1967, Manuel Blum developed an axiomatic complexity theory based on his axioms and proved an important result, the so-called, speed-up theorem. The field really began to flourish in 1971 when the US researcher Stephen Cook and, working independently, Leonid Levin in the USSR, proved that there exist practically relevant problems that are NP-complete. In 1972, Richard Karp took this idea a leap forward with his landmark paper, ""Reducibility Among Combinatorial Problems"", in which he showed that 21 diverse combinatorial and graph theoretical problems, each infamous for its computational intractability, are NP-complete.

---

Earlier papers studying problems solvable by Turing machines with specific bounded resources include  John Myhill's definition of linear bounded automata (Myhill 1960), Raymond Smullyan's study of rudimentary sets (1961), as well as Hisao Yamada's paper on real-time computations (1962). Somewhat earlier, Boris Trakhtenbrot (1956), a pioneer in the field from the USSR, studied another specific complexity measure. As he remembers:

---

As Fortnow & Homer (2003) point out, the beginning of systematic studies in computational complexity is attributed to the seminal paper ""On the Computational Complexity of Algorithms"" by Juris Hartmanis and Richard Stearns (1965), which laid out the definitions of time and space complexity and proved the hierarchy theorems. Also, in 1965 Edmonds defined a ""good"" algorithm as one with running time bounded by a polynomial of the input size.",0.5059,False,0.4206,False,-1.0,1.759,squad,43,mistral,ollama
4282,What theorem was implicated by Manuel Blum's axioms?,speed-up theorem,hcpc_v1," The provided context does not specify which theorem was implied by Manuel Blum's axioms. However, it mentions that he proved an important result known as the speed-up theorem in his development of axiomatic complexity theory in 1967.","In 1967, Manuel Blum developed an axiomatic complexity theory based on his axioms and proved an important result, the so-called, speed-up theorem

---

Earlier papers studying problems solvable by Turing machines with specific bounded resources include  John Myhill's definition of linear bounded automata (Myhill 1960), Raymond Smullyan's study of rudimentary sets (1961), as well as Hisao Yamada's paper on

---

(1965), which laid out the definitions of time and space complexity and proved the hierarchy theorems",0.5284,False,0.5235,False,-1.0,1.859,squad,43,mistral,ollama
4283,What theorem was implicated by Manuel Blum's axioms?,speed-up theorem,hcpc_v2," The provided context does not specify which theorem was implicated by Manuel Blum's axioms. However, it mentions that he developed an axiomatic complexity theory and proved the speed-up theorem in 1967.","In 1967, Manuel Blum developed an axiomatic complexity theory based on his axioms and proved an important result, the so-called, speed-up theorem. The field really began to flourish in 1971 when the US researcher Stephen Cook and, working independently, Leonid Levin in the USSR, proved that there exist practically relevant problems that are NP-complete. In 1972, Richard Karp took this idea a leap forward with his landmark paper, ""Reducibility Among Combinatorial Problems"", in which he showed that 21 diverse combinatorial and graph theoretical problems, each infamous for its computational intractability, are NP-complete.

---

Earlier papers studying problems solvable by Turing machines with specific bounded resources include  John Myhill's definition of linear bounded automata (Myhill 1960), Raymond Smullyan's study of rudimentary sets (1961), as well as Hisao Yamada's paper on real-time computations (1962). Somewhat earlier, Boris Trakhtenbrot (1956), a pioneer in the field from the USSR, studied another specific complexity measure. As he remembers:

---

As Fortnow & Homer (2003) point out, the beginning of systematic studies in computational complexity is attributed to the seminal paper ""On the Computational Complexity of Algorithms"" by Juris Hartmanis and Richard Stearns (1965), which laid out the (1965), which laid out the definitions of time and space complexity and proved the hierarchy theorems . Also, in 1965 Edmonds defined a ""good"" algorithm as one with running time bounded by a polynomial of the input size.",0.4733,True,0.422,True,0.5979,1.987,squad,43,mistral,ollama
4341,What is the lone MLS team that belongs to southern California?,LA Galaxy,baseline," I cannot find this information in the provided context as it does not mention any MLS team that belongs solely to Southern California after Chivas USA was suspended following the 2014 season. The context only mentions LA Galaxy and states that another MLS team was scheduled to return in 2018, but it doesn't specify which one.","Professional sports teams in Southern California include teams from the NFL (Los Angeles Rams, San Diego Chargers); NBA (Los Angeles Lakers, Los Angeles Clippers); MLB (Los Angeles Dodgers, Los Angeles Angels of Anaheim, San Diego Padres); NHL (Los Angeles Kings, Anaheim Ducks); and MLS (LA Galaxy).

---

From 2005 to 2014, there were two Major League Soccer teams in Los Angeles — the LA Galaxy and Chivas USA — that both played at the StubHub Center and were local rivals. However, Chivas were suspended following the 2014 MLS season, with a second MLS team scheduled to return in 2018.

---

College sports are also popular in southern California. The UCLA Bruins and the USC Trojans both field teams in NCAA Division I in the Pac-12 Conference, and there is a longtime rivalry between the schools.",0.6698,False,0.548,False,-1.0,2.507,squad,43,mistral,ollama
4342,What is the lone MLS team that belongs to southern California?,LA Galaxy,hcpc_v1," I cannot find this information in the provided context as it only mentions two MLS teams (LA Galaxy and Chivas USA) that were present from 2005 to 2014. After 2014, Chivas USA disbanded, so there is currently no lone MLS team mentioned in the context for Southern California.","Professional sports teams in Southern California include teams from the NFL (Los Angeles Rams, San Diego Chargers); NBA (Los Angeles Lakers, Los Angeles Clippers); MLB (Los Angeles Dodgers, Los Angeles Angels of Anaheim, San Diego Padres); NHL (Los Angeles

---

From 2005 to 2014, there were two Major League Soccer teams in Los Angeles — the LA Galaxy and Chivas USA — that both played at the StubHub Center and were local rivals

---

College sports are also popular in southern California. The UCLA Bruins and the USC Trojans both field teams in NCAA Division I in the Pac-12 Conference, and there is a longtime rivalry between the schools.",0.5034,False,0.5372,False,-1.0,2.439,squad,43,mistral,ollama
4343,What is the lone MLS team that belongs to southern California?,LA Galaxy,hcpc_v2," I cannot find this information in the provided context as it does not mention any specific MLS team that belongs solely to Southern California after Chivas USA was suspended following the 2014 season. The context only mentions LA Galaxy and states that another MLS team was scheduled to return in 2018, but it doesn't specify which one.","Professional sports teams in Southern California include teams from the NFL (Los Angeles Rams, San Diego Chargers); NBA (Los Angeles Lakers, Los Angeles Clippers); MLB (Los Angeles Dodgers, Los Angeles Angels of Anaheim, San Diego Padres); NHL (Los Angeles Kings, Anaheim Ducks); and MLS (LA Galaxy).

---

From 2005 to 2014, there were two Major League Soccer teams in Los Angeles — the LA Galaxy and Chivas USA — that both played at the StubHub Center and were local rivals. However, Chivas were suspended following the 2014 MLS season, with a second MLS team scheduled to return in 2018.

---

College sports are also popular in southern California. The UCLA Bruins and the USC Trojans both field teams in NCAA Division I in the Pac-12 Conference, and there is a longtime rivalry between the schools.",0.6623,False,0.548,True,0.2803,2.491,squad,43,mistral,ollama
4347,What did he think was everywhere in the universe?,ether,baseline," The provided context does not explicitly state what Tesla thought was everywhere in the universe. However, it mentions that Tesla believed in the 19th century concept of an all-pervasive ""ether"" that transmitted electrical energy.","Tesla exhibited a pre-atomic understanding of physics in his writings; he disagreed with the theory of atoms being composed of smaller subatomic particles, stating there was no such thing as an electron creating an electric charge (he believed that if electrons existed at all, they were some fourth state of matter or ""sub-atom"" that could only exist in an experimental vacuum and that they had nothing to do with electricity).:249 Tesla believed that atoms are immutable—they could not change state or be split in any way. He was a believer in the 19th century concept of an all pervasive ""ether"" that transmitted electrical energy.

---

Tesla investigated atmospheric electricity, observing lightning signals via his receivers. He stated that he observed stationary waves during this time. The great distances and the nature of what Tesla was detecting from lightning storms confirmed his belief that the earth had a resonant frequency.

---

Tesla read many works, memorizing complete books, and supposedly possessed a photographic memory.:33 He was a polyglot, speaking eight languages: Serbo-Croatian, Czech, English, French, German, Hungarian, Italian, and Latin.:282 Tesla related in his autobiography that he experienced detailed moments of inspiration. During his early life, Tesla was repeatedly stricken with illness. He suffered a peculiar affliction in which blinding flashes of light would appear before his eyes, often accompanied by visions.:33 Often, the visions were linked to a word or idea he might have come across; at other times they would provide the solution to a particular problem he had encountered. Just by hearing the name of an item, he would be able to envision it in realistic detail.:33 Tesla would visualize an invention in his mind with extreme precision, including all dimensions, before moving to the construction stage, a technique sometimes known as picture thinking",0.3134,True,0.356,False,-1.0,1.99,squad,43,mistral,ollama
4348,What did he think was everywhere in the universe?,ether,hcpc_v1, I cannot find this information in the provided context. The context does not mention what Tesla believed was everywhere in the universe.,"charge (he believed that if electrons existed at all, they were some fourth state of matter or ""sub-atom"" that could only exist in an experimental vacuum and that they had nothing to do with electricity).:249 Tesla believed that atoms are immutable—they

---

. The great distances and the nature of what Tesla was detecting from lightning storms confirmed his belief that the earth had a resonant frequency.

---

. Just by hearing the name of an item, he would be able to envision it in realistic detail.:33 Tesla would visualize an invention in his mind with extreme precision, including all dimensions, before moving to the construction stage, a technique sometimes",0.7034,False,0.4412,False,-1.0,0.978,squad,43,mistral,ollama
4349,What did he think was everywhere in the universe?,ether,hcpc_v2," The provided context does not explicitly state what Tesla thought was everywhere in the universe. However, it mentions that Tesla believed in an all-pervasive ""ether"" that transmitted electrical energy.","Tesla exhibited a pre-atomic understanding of physics in his writings; he disagreed with the theory of atoms being composed of smaller subatomic particles, stating there was no such thing as an electron creating an electric charge (he believed that if electrons existed at all, they were some fourth state of matter or ""sub-atom"" that could only exist in an experimental vacuum and that they had nothing to do with electricity).:249 Tesla believed that atoms are immutable—they could not change state or be split in any way. He was a believer in the 19th century concept of an all pervasive ""ether"" that transmitted electrical energy.

---

Tesla investigated atmospheric electricity, observing lightning signals via his receivers. He stated that he observed stationary waves during this time. The great distances and the nature of what Tesla was detecting from lightning storms confirmed his belief that the earth had a resonant frequency.

---

Tesla read many works, memorizing complete books, and supposedly possessed a photographic memory.:33 He was a polyglot, speaking eight languages: Serbo-Croatian, Czech, English, French, German, Hungarian, Italian, and Latin.:282 Tesla related in his Latin.:282 Tesla related in his autobiography that he experienced detailed moments of inspiration . During his early life, Tesla was repeatedly stricken with illness . He suffered a peculiar affliction in which blinding flashes of light would appear before his eyes, often accompanied by visions.:33 Often, the visions were linked to a word or idea he might have come across; at other times they would provide the solution they would provide the solution to a particular problem he had encountered . Just by hearing the name of an item, he would be able to envision it in realistic detail.:33 Tesla would visualize an invention in his mind with extreme precision, including all dimensions, before moving to the construction stage, a technique sometimes stage, a technique sometimes known as picture thinking",0.334,True,0.3486,True,0.5069,1.79,squad,43,mistral,ollama
4395,Where was the location of the colonial government that administered the new colony?,Sydney,baseline, The colonial government that administered the new colony was located in Sydney.,"After the founding of the colony of New South Wales in 1788, Australia was divided into an eastern half named New South Wales and a western half named New Holland, under the administration of the colonial government in Sydney. The first European settlement in the area later known as Victoria was established in October 1803 under Lieutenant-Governor David Collins at Sullivan Bay on Port Phillip. It consisted of 402 people (5 Government officials, 9 officers of marines, 2 drummers, and 39 privates, 5 soldiers' wives, and a child, 307 convicts, 17 convicts' wives, and 7 children). They had been sent from England in HMS Calcutta under the command of Captain Daniel Woodriff, principally out of fear that the French, who had been exploring the area, might establish their own settlement and thereby challenge British rights to the continent.

---

After the founding of the colony of New South Wales in 1788, Australia was divided into an eastern half named New South Wales and a western half named New Holland, under the administration of the colonial government in Sydney. The first European settlement in the area later known as Victoria was established in October 1803 under Lieutenant-Governor David Collins at Sullivan Bay on Port Phillip. It consisted of 402 people (5 Government officials, 9 officers of marines, 2 drummers, and 39 privates, 5 soldiers' wives, and a child, 307 convicts, 17 convicts' wives, and 7 children). They had been sent from England in HMS Calcutta under the command of Captain Daniel Woodriff, principally out of fear that the French, who had been exploring the area, might establish their own settlement and thereby challenge British rights to the continent.

---

After the founding of the colony of New South Wales in 1788, Australia was divided into an eastern half named New South Wales and a western half named New Holland, under the administration of the colonial government in Sydney. The first European settlement in the area later known as Victoria was established in October 1803 under Lieutenant-Governor David Collins at Sullivan Bay on Port Phillip. It consisted of 402 people (5 Government officials, 9 officers of marines, 2 drummers, and 39 privates, 5 soldiers' wives, and a child, 307 convicts, 17 convicts' wives, and 7 children). They had been sent from England in HMS Calcutta under the command of Captain Daniel Woodriff, principally out of fear that the French, who had been exploring the area, might establish their own settlement and thereby challenge British rights to the continent.",0.8325,False,0.496,False,-1.0,3.404,squad,43,mistral,ollama
4396,Where was the location of the colonial government that administered the new colony?,Sydney,hcpc_v1, The colonial government that administered the new colony was located in Sydney.,"After the founding of the colony of New South Wales in 1788, Australia was divided into an eastern half named New South Wales and a western half named New Holland, under the administration of the colonial government in Sydney

---

After the founding of the colony of New South Wales in 1788, Australia was divided into an eastern half named New South Wales and a western half named New Holland, under the administration of the colonial government in Sydney

---

After the founding of the colony of New South Wales in 1788, Australia was divided into an eastern half named New South Wales and a western half named New Holland, under the administration of the colonial government in Sydney",0.8325,False,0.4907,False,-1.0,0.62,squad,43,mistral,ollama
4397,Where was the location of the colonial government that administered the new colony?,Sydney,hcpc_v2, The colonial government that administered the new colony was located in Sydney.,"After the founding of the colony of New South Wales in 1788, Australia was divided into an eastern half named New South Wales and a western half named New Holland, under the administration of the colonial government in Sydney. The first European settlement in the area later known as Victoria was established in October 1803 under Lieutenant-Governor David Collins at Sullivan Bay on Port Phillip. It consisted of 402 people (5 Government officials, 9 officers of marines, 2 drummers, and 39 privates, 5 soldiers' wives, and a child, 307 convicts, 17 convicts' wives, and 7 children). They had been sent from England in HMS Calcutta under the command of Captain Daniel Woodriff, principally out of fear that the French, who had been exploring the area, might establish their own settlement and thereby challenge British rights to the continent.

---

After the founding of the colony of New South Wales in 1788, Australia was divided into an eastern half named New South Wales and a western half named New Holland, under the administration of the colonial government in Sydney. The first European settlement in the area later known as Victoria was established in October 1803 under Lieutenant-Governor David Collins at Sullivan Bay on Port Phillip. It consisted of 402 people (5 Government officials, 9 officers of marines, 2 drummers, and 39 privates, 5 soldiers' wives, and a child, 307 convicts, 17 convicts' wives, and 7 children). They had been sent from England in HMS Calcutta under the command of Captain Daniel Woodriff, principally out of fear that the French, who had been exploring the area, might establish their own settlement and thereby challenge British rights to the continent.

---

After the founding of the colony of New South Wales in 1788, Australia was divided into an eastern half named New South Wales and a western half named New Holland, under the administration of the colonial government in Sydney. The first European settlement in the area later known as Victoria was established in October 1803 under Lieutenant-Governor David Collins at Sullivan Bay on Port Phillip. It consisted of 402 people (5 Government officials, 9 officers of marines, 2 drummers, and 39 privates, 5 soldiers' wives, and a child, 307 convicts, 17 convicts' wives, and 7 children). They had been sent from England in HMS Calcutta under the command of Captain Daniel Woodriff, principally out of fear that the French, who had been exploring the area, might establish their own settlement and thereby challenge British rights to the continent.",0.8325,False,0.496,False,1.0,1.027,squad,43,mistral,ollama
4416,When did papal nuncio Karl von Miltitz get Luther to make concessions ?,January 1519,baseline," In January 1519, at Altenburg in Saxony.","In January 1519, at Altenburg in Saxony, the papal nuncio Karl von Miltitz adopted a more conciliatory approach. Luther made certain concessions to the Saxon, who was a relative of the Elector, and promised to remain silent if his opponents did. The theologian Johann Eck, however, was determined to expose Luther's doctrine in a public forum. In June and July 1519, he staged a disputation with Luther's colleague Andreas Karlstadt at Leipzig and invited Luther to speak. Luther's boldest assertion in the debate was that Matthew 16:18 does not confer on popes the exclusive right to interpret scripture, and that therefore neither popes nor church councils were infallible. For this, Eck branded Luther a new Jan Hus, referring to the Czech reformer and heretic burned at the stake in 1415. From that moment, he devoted himself to Luther's defeat.

---

In January 1519, at Altenburg in Saxony, the papal nuncio Karl von Miltitz adopted a more conciliatory approach. Luther made certain concessions to the Saxon, who was a relative of the Elector, and promised to remain silent if his opponents did. The theologian Johann Eck, however, was determined to expose Luther's doctrine in a public forum. In June and July 1519, he staged a disputation with Luther's colleague Andreas Karlstadt at Leipzig and invited Luther to speak. Luther's boldest assertion in the debate was that Matthew 16:18 does not confer on popes the exclusive right to interpret scripture, and that therefore neither popes nor church councils were infallible. For this, Eck branded Luther a new Jan Hus, referring to the Czech reformer and heretic burned at the stake in 1415. From that moment, he devoted himself to Luther's defeat.

---

In January 1519, at Altenburg in Saxony, the papal nuncio Karl von Miltitz adopted a more conciliatory approach. Luther made certain concessions to the Saxon, who was a relative of the Elector, and promised to remain silent if his opponents did. The theologian Johann Eck, however, was determined to expose Luther's doctrine in a public forum. In June and July 1519, he staged a disputation with Luther's colleague Andreas Karlstadt at Leipzig and invited Luther to speak. Luther's boldest assertion in the debate was that Matthew 16:18 does not confer on popes the exclusive right to interpret scripture, and that therefore neither popes nor church councils were infallible. For this, Eck branded Luther a new Jan Hus, referring to the Czech reformer and heretic burned at the stake in 1415. From that moment, he devoted himself to Luther's defeat.",0.7267,False,0.6893,False,-1.0,1.309,squad,43,mistral,ollama
4417,When did papal nuncio Karl von Miltitz get Luther to make concessions ?,January 1519,hcpc_v1, In January 1519.,"In January 1519, at Altenburg in Saxony, the papal nuncio Karl von Miltitz adopted a more conciliatory approach. Luther made certain concessions to the Saxon, who was a relative of the Elector, and promised to remain silent if his opponents did

---

In January 1519, at Altenburg in Saxony, the papal nuncio Karl von Miltitz adopted a more conciliatory approach. Luther made certain concessions to the Saxon, who was a relative of the Elector, and promised to remain silent if his opponents did

---

In January 1519, at Altenburg in Saxony, the papal nuncio Karl von Miltitz adopted a more conciliatory approach. Luther made certain concessions to the Saxon, who was a relative of the Elector, and promised to remain silent if his opponents did",0.7509,False,0.7518,False,-1.0,0.515,squad,43,mistral,ollama
4418,When did papal nuncio Karl von Miltitz get Luther to make concessions ?,January 1519,hcpc_v2," In January 1519, at Altenburg in Saxony.","In January 1519, at Altenburg in Saxony, the papal nuncio Karl von Miltitz adopted a more conciliatory approach. Luther made certain concessions to the Saxon, who was a relative of the Elector, and promised to remain silent if his opponents did. The theologian Johann Eck, however, was determined to expose Luther's doctrine in a public forum. In June and July 1519, he staged a disputation with Luther's colleague Andreas Karlstadt at Leipzig and invited Luther to speak. Luther's boldest assertion in the debate was that Matthew 16:18 does not confer on popes the exclusive right to interpret scripture, and that therefore neither popes nor church councils were infallible. For this, Eck branded Luther a new Jan Hus, referring to the Czech reformer and heretic burned at the stake in 1415. From that moment, he devoted himself to Luther's defeat.

---

In January 1519, at Altenburg in Saxony, the papal nuncio Karl von Miltitz adopted a more conciliatory approach. Luther made certain concessions to the Saxon, who was a relative of the Elector, and promised to remain silent if his opponents did. The theologian Johann Eck, however, was determined to expose Luther's doctrine in a public forum. In June and July 1519, he staged a disputation with Luther's colleague Andreas Karlstadt at Leipzig and invited Luther to speak. Luther's boldest assertion in the debate was that Matthew 16:18 does not confer on popes the exclusive right to interpret scripture, and that therefore neither popes nor church councils were infallible. For this, Eck branded Luther a new Jan Hus, referring to the Czech reformer and heretic burned at the stake in 1415. From that moment, he devoted himself to Luther's defeat.

---

In January 1519, at Altenburg in Saxony, the papal nuncio Karl von Miltitz adopted a more conciliatory approach. Luther made certain concessions to the Saxon, who was a relative of the Elector, and promised to remain silent if his opponents did. The theologian Johann Eck, however, was determined to expose Luther's doctrine in a public forum. In June and July 1519, he staged a disputation with Luther's colleague Andreas Karlstadt at Leipzig and invited Luther to speak. Luther's boldest assertion in the debate was that Matthew 16:18 does not confer on popes the exclusive right to interpret scripture, and that therefore neither popes nor church councils were infallible. For this, Eck branded Luther a new Jan Hus, referring to the Czech reformer and heretic burned at the stake in 1415. From that moment, he devoted himself to Luther's defeat.",0.7267,False,0.6893,False,1.0,1.237,squad,43,mistral,ollama
4470,What did the benefits agency think sports channels on a TV bill meant?,a man's presence,baseline," The benefits agency thought that subscription to sports channels on a TV bill might mean that a woman in receipt of benefits as a single mother is wrongly claiming to be living alone, as it could betray a man's presence in the household.","The Daily Mail newspaper reported in 2012 that the UK government's benefits agency was checking claimants' ""Sky TV bills to establish if a woman in receipt of benefits as a single mother is wrongly claiming to be living alone"" – as, it claimed, subscription to sports channels would betray a man's presence in the household. In December, the UK’s parliament heard a claim that a subscription to BSkyB was ‘often damaging’, along with alcohol, tobacco and gambling. Conservative MP Alec Shelbrooke was proposing the payments of benefits and tax credits on a ""Welfare Cash Card"", in the style of the Supplemental Nutrition Assistance Program, that could be used to buy only ""essentials"".

---

The Daily Mail newspaper reported in 2012 that the UK government's benefits agency was checking claimants' ""Sky TV bills to establish if a woman in receipt of benefits as a single mother is wrongly claiming to be living alone"" – as, it claimed, subscription to sports channels would betray a man's presence in the household. In December, the UK’s parliament heard a claim that a subscription to BSkyB was ‘often damaging’, along with alcohol, tobacco and gambling. Conservative MP Alec Shelbrooke was proposing the payments of benefits and tax credits on a ""Welfare Cash Card"", in the style of the Supplemental Nutrition Assistance Program, that could be used to buy only ""essentials"".

---

The Daily Mail newspaper reported in 2012 that the UK government's benefits agency was checking claimants' ""Sky TV bills to establish if a woman in receipt of benefits as a single mother is wrongly claiming to be living alone"" – as, it claimed, subscription to sports channels would betray a man's presence in the household. In December, the UK’s parliament heard a claim that a subscription to BSkyB was ‘often damaging’, along with alcohol, tobacco and gambling. Conservative MP Alec Shelbrooke was proposing the payments of benefits and tax credits on a ""Welfare Cash Card"", in the style of the Supplemental Nutrition Assistance Program, that could be used to buy only ""essentials"".",0.4013,True,0.5485,False,-1.0,2.149,squad,43,mistral,ollama
4471,What did the benefits agency think sports channels on a TV bill meant?,a man's presence,hcpc_v1, The benefits agency thought that a subscription to sports channels on a TV bill might indicate that a man was living alone in the household.,"living alone"" – as, it claimed, subscription to sports channels would betray a man's presence in the household

---

living alone"" – as, it claimed, subscription to sports channels would betray a man's presence in the household

---

living alone"" – as, it claimed, subscription to sports channels would betray a man's presence in the household",0.4425,True,0.4893,False,-1.0,0.998,squad,43,mistral,ollama
4472,What did the benefits agency think sports channels on a TV bill meant?,a man's presence,hcpc_v2," The benefits agency thought that subscription to sports channels on a TV bill might mean that a woman in receipt of benefits as a single mother is wrongly claiming to be living alone, as it could betray a man's presence in the household.","The Daily Mail newspaper reported in 2012 that the UK government's benefits agency was checking claimants' ""Sky TV bills to establish if a woman in receipt of benefits as a single mother is wrongly claiming to be living alone"" – as, it claimed, subscription to sports channels would betray a man's presence in the household. In December, the UK’s parliament heard a claim that a subscription to BSkyB was ‘often damaging’, along with alcohol, tobacco and gambling. Conservative MP Alec Shelbrooke was proposing the payments of benefits and tax credits on a ""Welfare Cash Card"", in the style of the Supplemental Nutrition Assistance Program, that could be used to buy only ""essentials"".

---

The Daily Mail newspaper reported in 2012 that the UK government's benefits agency was checking claimants' ""Sky TV bills to establish if a woman in receipt of benefits as a single mother is wrongly claiming to be living alone"" – as, it claimed, subscription to sports channels would betray a man's presence in the household. In December, the UK’s parliament heard a claim that a subscription to BSkyB was ‘often damaging’, along with alcohol, tobacco and gambling. Conservative MP Alec Shelbrooke was proposing the payments of benefits and tax credits on a ""Welfare Cash Card"", in the style of the Supplemental Nutrition Assistance Program, that could be used to buy only ""essentials"".

---

The Daily Mail newspaper reported in 2012 that the UK government's benefits agency was checking claimants' ""Sky TV bills to establish if a woman in receipt of benefits as a single mother is wrongly claiming to be living alone"" – as, it claimed, subscription to sports channels would betray a man's presence in the household. In December, the UK’s parliament heard a claim that a subscription to BSkyB was ‘often damaging’, along with alcohol, tobacco and gambling. Conservative MP Alec Shelbrooke was proposing the payments of benefits and tax credits on a ""Welfare Cash Card"", in the style of the Supplemental Nutrition Assistance Program, that could be used to buy only ""essentials"".",0.4013,True,0.5485,False,1.0,2.166,squad,43,mistral,ollama
4611,What is one of the largest and most modern oncological institutions in Europe?,Maria Skłodowska-Curie Institute of Oncology,baseline, The Maria Skłodowska-Curie Institute of Oncology is one of the largest and most modern oncological institutions in Europe.,"Today, Warsaw has some of the best medical facilities in Poland and East-Central Europe. The city is home to the Children's Memorial Health Institute (CMHI), the highest-reference hospital in all of Poland, as well as an active research and education center. While the Maria Skłodowska-Curie Institute of Oncology it is one of the largest and most modern oncological institutions in Europe. The clinical section is located in a 10-floor building with 700 beds, 10 operating theatres, an intensive care unit, several diagnostic departments as well as an outpatient clinic. The infrastructure has developed a lot over the past years.

---

The University of Warsaw was established in 1816, when the partitions of Poland separated Warsaw from the oldest and most influential Polish academic center, in Kraków. Warsaw University of Technology is the second academic school of technology in the country, and one of the largest in East-Central Europe, employing 2,000 professors. Other institutions for higher education include the Medical University of Warsaw, the largest medical school in Poland and one of the most prestigious, the National Defence University, highest military academic institution in Poland, the Fryderyk Chopin University of Music the oldest and largest music school in Poland, and one of the largest in Europe, the Warsaw School of Economics, the oldest and most renowned economic university in the country, and the Warsaw University of Life Sciences the largest agricultural university founded in 1818.

---

In 2012 the Economist Intelligence Unit ranked Warsaw as the 32nd most liveable city in the world. It was also ranked as one of the most liveable cities in Central Europe. Today Warsaw is considered an ""Alpha–"" global city, a major international tourist destination and a significant cultural, political and economic hub. Warsaw's economy, by a wide variety of industries, is characterised by FMCG manufacturing, metal processing, steel and electronic manufacturing and food processing. The city is a significant centre of research and development, BPO, ITO, as well as of the Polish media industry. The Warsaw Stock Exchange is one of the largest and most important in Central and Eastern Europe. Frontex, the European Union agency for external border security, has its headquarters in Warsaw. It has been said that Warsaw, together with Frankfurt, London, Paris and Barcelona is one of the cities with the highest number of skyscrapers in the European Union",0.6882,False,0.3709,False,-1.0,1.684,squad,44,mistral,ollama
4612,What is one of the largest and most modern oncological institutions in Europe?,Maria Skłodowska-Curie Institute of Oncology,hcpc_v1, The Maria Skłodowska-Curie Institute of Oncology is one of the largest and most modern oncological institutions in Europe.,". While the Maria Skłodowska-Curie Institute of Oncology it is one of the largest and most modern oncological institutions in Europe

---

. Other institutions for higher education include the Medical University of Warsaw, the largest medical school in Poland and one of the most prestigious, the National Defence University, highest military academic institution in Poland, the Fryderyk Chopin

---

In 2012 the Economist Intelligence Unit ranked Warsaw as the 32nd most liveable city in the world. It was also ranked as one of the most liveable cities in Central Europe",0.6882,False,0.4594,False,-1.0,1.275,squad,44,mistral,ollama
4613,What is one of the largest and most modern oncological institutions in Europe?,Maria Skłodowska-Curie Institute of Oncology,hcpc_v2, The Maria Skłodowska-Curie Institute of Oncology is one of the largest and most modern oncological institutions in Europe.,"Today, Warsaw has some of the best medical facilities in Poland and East-Central Europe. The city is home to the Children's Memorial Health Institute (CMHI), the highest-reference hospital in all of Poland, as well as an active research and education center. While the Maria Skłodowska-Curie Institute of Oncology it is one of the largest and most modern oncological institutions in Europe. The clinical section is located in a 10-floor building with 700 beds, 10 operating theatres, an intensive care unit, several diagnostic departments as well as an outpatient clinic. The infrastructure has developed a lot over the past years.

---

The University of Warsaw was established in 1816, when the partitions of Poland separated Warsaw from the oldest and most influential Polish academic center, in Kraków. Warsaw University of Technology is the second academic school of technology in the country, and one of the largest in East-Central Europe, employing 2,000 professors. Other institutions for higher education include the Medical University of Warsaw, the largest medical school in Poland and one of the most prestigious, the National Defence University, highest military academic institution in Poland, the Fryderyk Chopin University of Music the oldest and largest music school in Poland, and one of the largest in Europe, the Warsaw School of Economics, the oldest and most renowned economic university in the country, and the Warsaw University of Life Sciences the largest agricultural university founded in 1818.

---

In 2012 the Economist Intelligence Unit ranked Warsaw as the 32nd most liveable city in the world. It was also ranked as one of the most liveable cities in Central Europe . Today Warsaw is considered an ""Alpha–"" global city, a major international tourist destination and a significant cultural, political and economic hub . Warsaw's economy, by a wide variety of industries, is characterised by FMCG manufacturing, metal processing, steel and electronic manufacturing and food processing . The city is a significant centre of research and development, BPO, ITO, as well as of the Polish media industry. The Warsaw Stock Exchange is one of the largest and most important in Central and Eastern Europe . Frontex, the European Union agency for external border security, has its headquarters in Warsaw . It has been said that Warsaw, together with Frankfurt, London, Paris and Barcelona is one of the cities with the highest number of skyscrapers in the European Union",0.6882,False,0.3719,True,0.4124,1.678,squad,44,mistral,ollama
4749,What did Luther use as accompaniment to his hymns?,lute,baseline, Luther often accompanied the sung hymns with a lute.,"Luther's 1541 hymn ""Christ unser Herr zum Jordan kam"" (""To Jordan came the Christ our Lord"") reflects the structure and substance of his questions and answers concerning baptism in the Small Catechism. Luther adopted a preexisting Johann Walter tune associated with a hymnic setting of Psalm 67's prayer for grace; Wolf Heintz's four-part setting of the hymn was used to introduce the Lutheran Reformation in Halle in 1541. Preachers and composers of the 18th century, including J. S. Bach, used this rich hymn as a subject for their own work, although its objective baptismal theology was displaced by more subjective hymns under the influence of late-19th-century Lutheran pietism.

---

Luther was a prolific hymn-writer, authoring hymns such as ""Ein feste Burg ist unser Gott"" (""A Mighty Fortress Is Our God""), based on Psalm 46, and ""Vom Himmel hoch, da komm ich her"" (""From Heaven Above to Earth I Come""), based on Luke 2:11–12. Luther connected high art and folk music, also all classes, clergy and laity, men, women and children. His tool of choice for this connection was the singing of German hymns in connection with worship, school, home, and the public arena. He often accompanied the sung hymns with a lute, later recreated as the waldzither that became a national instrument of Germany in the 20th century.

---

Luther's hymns were included in early Lutheran hymnals and spread the ideas of the Reformation. He supplied four of eight songs of the First Lutheran hymnal Achtliederbuch, 18 of 26 songs of the Erfurt Enchiridion, and 24 of the 32 songs in the first choral hymnal with settings by Johann Walter, Eyn geystlich Gesangk Buchleyn, all published in 1524.",0.4148,True,0.6369,False,-1.0,1.01,squad,44,mistral,ollama
4750,What did Luther use as accompaniment to his hymns?,lute,hcpc_v1, I cannot find information about the accompaniment to Luther's hymns in the provided context.,". Luther adopted a preexisting Johann Walter tune associated with a hymnic setting of Psalm 67's prayer for grace; Wolf Heintz's four-part setting of the hymn was used to introduce the Lutheran Reformation in Halle in 1541

---

. Luther connected high art and folk music, also all classes, clergy and laity, men, women and children. His tool of choice for this connection was the singing of German hymns in connection with worship, school, home, and the public arena

---

Luther's hymns were included in early Lutheran hymnals and spread the ideas of the Reformation",0.5029,False,0.6982,False,-1.0,0.959,squad,44,mistral,ollama
4751,What did Luther use as accompaniment to his hymns?,lute,hcpc_v2, Luther often accompanied the sung hymns with a lute.,"Luther's 1541 hymn ""Christ unser Herr zum Jordan kam"" (""To Jordan came the Christ our Lord"") reflects the structure and substance of his questions and answers concerning baptism in the Small Catechism. Luther adopted a preexisting Johann Walter tune associated with a hymnic setting of Psalm 67's prayer for grace; Wolf Heintz's four-part setting of the hymn was used to introduce the Lutheran Reformation in Halle in 1541. Preachers and composers of the 18th century, including J. S. Bach, used this rich hymn as a subject for their own work, although its objective baptismal theology was displaced by more subjective hymns under the influence of late-19th-century Lutheran pietism.

---

Luther was a prolific hymn-writer, authoring hymns such as ""Ein feste Burg ist unser Gott"" (""A Mighty Fortress Is Our God""), based on Psalm 46, and ""Vom Himmel hoch, da komm ich her"" (""From Heaven Above to Earth I Come""), based on Luke 2:11–12. Luther connected high art and folk music, also all classes, clergy and laity, men, women and children. His tool of choice for this connection was the singing of German hymns in connection with worship, school, home, and the public arena. He often accompanied the sung hymns with a lute, later recreated as the waldzither that became a national instrument of Germany in the 20th century.

---

Luther's hymns were included in early Lutheran hymnals and spread the ideas of the Reformation. He supplied four of eight songs of the First Lutheran hymnal Achtliederbuch, 18 of 26 songs of the Erfurt Enchiridion, and 24 of the 32 songs in the first choral hymnal with settings by Johann Walter, Eyn geystlich Gesangk Buchleyn, all published in 1524.",0.4148,True,0.6369,False,0.5936,1.015,squad,44,mistral,ollama
4818,Warsaw's National Museum is one of the most what?,prestigious,baseline, One of the most prestigious museums in Warsaw.,"A fine tribute to the fall of Warsaw and history of Poland can be found in the Warsaw Uprising Museum and in the Katyń Museum which preserves the memory of the crime. The Warsaw Uprising Museum also operates a rare preserved and operating historic stereoscopic theatre, the Warsaw Fotoplastikon. The Museum of Independence preserves patriotic and political objects connected with Poland's struggles for independence. Dating back to 1936 Warsaw Historical Museum contains 60 rooms which host a permanent exhibition of the history of Warsaw from its origins until today.

---

The city is the seat of a Roman Catholic archdiocese (left bank of the Vistula) and diocese (right bank), and possesses various universities, most notably the Polish Academy of Sciences and the University of Warsaw, two opera houses, theatres, museums, libraries and monuments. The historic city-centre of Warsaw with its picturesque Old Town in 1980 was listed as a UNESCO World Heritage Site. Other main architectural attractions include the Castle Square with the Royal Castle and the iconic King Sigismund's Column, St. John's Cathedral, Market Square, palaces, churches and mansions all displaying a richness of colour and architectural detail. Buildings represent examples of nearly every European architectural style and historical period. Warsaw provides many examples of architecture from the gothic, renaissance, baroque and neoclassical periods, and around a quarter of the city is filled with luxurious parks and royal gardens.

---

As interesting examples of expositions the most notable are: the world's first Museum of Posters boasting one of the largest collections of art posters in the world, Museum of Hunting and Riding and the Railway Museum. From among Warsaw's 60 museums, the most prestigious ones are National Museum with a collection of works whose origin ranges in time from antiquity till the present epoch as well as one of the best collections of paintings in the country including some paintings from Adolf Hitler's private collection, and Museum of the Polish Army whose set portrays the history of arms.",0.7465,False,0.6302,False,-1.0,0.977,squad,44,mistral,ollama
4819,Warsaw's National Museum is one of the most what?,prestigious,hcpc_v1, prestigious ones,". The Warsaw Uprising Museum also operates a rare preserved and operating historic stereoscopic theatre, the Warsaw Fotoplastikon. The Museum of Independence preserves patriotic and political objects connected with Poland's struggles for independence

---

The city is the seat of a Roman Catholic archdiocese (left bank of the Vistula) and diocese (right bank), and possesses various universities, most notably the Polish Academy of Sciences and the University of Warsaw, two opera houses, theatres, museums,

---

. From among Warsaw's 60 museums, the most prestigious ones are National Museum with a collection of works whose origin ranges in time from antiquity till the present epoch as well as one of the best collections of paintings in the country including some",0.6654,False,0.6807,False,-1.0,0.367,squad,44,mistral,ollama
4820,Warsaw's National Museum is one of the most what?,prestigious,hcpc_v2, One of the most prestigious museums in Warsaw.,"A fine tribute to the fall of Warsaw and history of Poland can be found in the Warsaw Uprising Museum and in the Katyń Museum which preserves the memory of the crime. The Warsaw Uprising Museum also operates a rare preserved and operating historic stereoscopic theatre, the Warsaw Fotoplastikon. The Museum of Independence preserves patriotic and political objects connected with Poland's struggles for independence. Dating back to 1936 Warsaw Historical Museum contains 60 rooms which host a permanent exhibition of the history of Warsaw from its origins until today.

---

The city is the seat of a Roman Catholic archdiocese (left bank of the Vistula) and diocese (right bank), and possesses various universities, most notably the Polish Academy of Sciences and the University of Warsaw, two opera houses, theatres, museums, libraries and monuments. The historic city-centre of Warsaw with its picturesque Old Town in 1980 was listed as a UNESCO World Heritage Site. Other main architectural attractions include the Castle Square with the Royal Castle and the iconic King Sigismund's Column, St. John's Cathedral, Market Square, palaces, churches and mansions all displaying a richness of colour and architectural detail. Buildings represent examples of nearly every European architectural style and historical period. Warsaw provides many examples of architecture from the gothic, renaissance, baroque and neoclassical periods, and around a quarter of the city is filled with luxurious parks and royal gardens.

---

As interesting examples of expositions the most notable are: the world's first Museum of Posters boasting one of the largest collections of art posters in the world, Museum of Hunting and Riding and the Railway Museum. From among Warsaw's 60 museums, the most prestigious ones are National Museum with a collection of works whose origin ranges in time from antiquity till the present epoch as well as one of the best collections of paintings in the country including some paintings from Adolf Hitler's private collection, and Museum of the Polish Army whose set portrays the history of arms.",0.7465,False,0.6302,False,0.4565,0.987,squad,44,mistral,ollama
4824,What party is strongest in Melbourne's affluent areas?,Liberal Party,baseline, The Liberal Party of Australia is strongest in Melbourne's more affluent areas.,"The centre-left Australian Labor Party (ALP), the centre-right Liberal Party of Australia, the rural-based National Party of Australia, and the environmentalist Australian Greens are Victoria's main political parties. Traditionally, Labor is strongest in Melbourne's working class western and northern suburbs, and the regional cities of Ballarat, Bendigo and Geelong. The Liberals' main support lies in Melbourne's more affluent eastern and outer suburbs, and some rural and regional centres. The Nationals are strongest in Victoria's North Western and Eastern rural regional areas. The Greens, who won their first lower house seats in 2014, are strongest in inner Melbourne.

---

Major events also play a big part in tourism in Victoria, particularly cultural tourism and sports tourism. Most of these events are centred on Melbourne, but others occur in regional cities, such as the V8 Supercars and Australian Motorcycle Grand Prix at Phillip Island, the Grand Annual Steeplechase at Warrnambool and the Australian International Airshow at Geelong and numerous local festivals such as the popular Port Fairy Folk Festival, Queenscliff Music Festival, Bells Beach SurfClassic and the Bright Autumn Festival.

---

Victoria (abbreviated as Vic) is a state in the south-east of Australia. Victoria is Australia's most densely populated state and its second-most populous state overall. Most of its population is concentrated in the area surrounding Port Phillip Bay, which includes the metropolitan area of its capital and largest city, Melbourne, which is Australia's second-largest city. Geographically the smallest state on the Australian mainland, Victoria is bordered by Bass Strait and Tasmania to the south,[note 1] New South Wales to the north, the Tasman Sea to the east, and South Australia to the west.",0.7728,False,0.5031,False,-1.0,1.107,squad,44,mistral,ollama
4825,What party is strongest in Melbourne's affluent areas?,Liberal Party,hcpc_v1, The Liberals are strongest in Melbourne's affluent areas.,". The Liberals' main support lies in Melbourne's more affluent eastern and outer suburbs, and some rural and regional centres. The Nationals are strongest in Victoria's North Western and Eastern rural regional areas

---

Major events also play a big part in tourism in Victoria, particularly cultural tourism and sports tourism

---

. Most of its population is concentrated in the area surrounding Port Phillip Bay, which includes the metropolitan area of its capital and largest city, Melbourne, which is Australia's second-largest city",0.7926,False,0.5169,False,-1.0,0.705,squad,44,mistral,ollama
4826,What party is strongest in Melbourne's affluent areas?,Liberal Party,hcpc_v2, The Liberal Party of Australia is strongest in Melbourne's more affluent areas.,"The centre-left Australian Labor Party (ALP), the centre-right Liberal Party of Australia, the rural-based National Party of Australia, and the environmentalist Australian Greens are Victoria's main political parties. Traditionally, Labor is strongest in Melbourne's working class western and northern suburbs, and the regional cities of Ballarat, Bendigo and Geelong. The Liberals' main support lies in Melbourne's more affluent eastern and outer suburbs, and some rural and regional centres. The Nationals are strongest in Victoria's North Western and Eastern rural regional areas. The Greens, who won their first lower house seats in 2014, are strongest in inner Melbourne.

---

Major events also play a big part in tourism in Victoria, particularly cultural tourism and sports tourism. Most of these events are centred on Melbourne, but others occur in regional cities, such as the V8 Supercars and Australian Motorcycle Grand Prix at Phillip Island, the Grand Annual Steeplechase at Warrnambool and the Australian International Airshow at Geelong and numerous local festivals such as the popular Port Fairy Folk Festival, Queenscliff Music Festival, Bells Beach SurfClassic and the Bright Autumn Festival.

---

Victoria (abbreviated as Vic) is a state in the south-east of Australia. Victoria is Australia's most densely populated state and its second-most populous state overall . Most of its population is concentrated in the area surrounding Port Phillip Bay, which includes the metropolitan area of its capital and largest city, Melbourne, which is Australia's second-largest city . Geographically the smallest state on the Australian mainland, Victoria is bordered by Bass Strait and Tasmania to the south,[note 1] New South Wales to the north, the Tasman Sea to the east, and South Australia to the west.",0.7728,False,0.5038,True,0.3168,1.112,squad,44,mistral,ollama
5208,Who was limited by Denver's defense?,Newton was limited by Denver's defense,baseline," The text does not specify who was limited by Denver's defense other than the Panthers offense during certain plays in the game. However, it is implied that Carolina's offense struggled to move the ball and score points due to Denver's strong defensive performance.","Denver took the opening kickoff and started out strong with Peyton Manning completing an 18-yard pass to tight end Owen Daniels and a 22-yard throw to receiver Andre Caldwell. A pair of carries by C. J. Anderson moved the ball up 20 yards to the Panthers 14-yard line, but Carolina's defense dug in over the next three plays. First, linebacker Shaq Thompson tackled Ronnie Hillman for a 3-yard loss. Then after an incompletion, Thomas Davis tackled Anderson for a 1-yard gain on third down, forcing Denver to settle for a 3–0 lead on a Brandon McManus 34-yard field goal. The score marked the first time in the entire postseason that Carolina was facing a deficit.

---

. With the defense carrying the team despite the issues with the offense, the Broncos finished the regular season with a 12–4 record and earned home-field advantage throughout the AFC playoffs.

---

With 4:51 left in regulation, Carolina got the ball on their own 24-yard line with a chance to mount a game-winning drive, and soon faced 3rd-and-9. On the next play, Miller stripped the ball away from Newton, and after several players dove for it, it took a long bounce backwards and was recovered by Ward, who returned it five yards to the Panthers 4-yard line. Although several players dove into the pile to attempt to recover it, Newton did not and his lack of aggression later earned him heavy criticism. Meanwhile, Denver's offense was kept out of the end zone for three plays, but a holding penalty on cornerback Josh Norman gave the Broncos a new set of downs. Then Anderson scored on a 2-yard touchdown run and Manning completed a pass to Bennie Fowler for a 2-point conversion, giving Denver a 24–10 lead with 3:08 left and essentially putting the game away. Carolina had two more drives, but failed to get a first down on each one.",0.9102,False,0.4938,False,-1.0,2.493,squad,44,mistral,ollama
5209,Who was limited by Denver's defense?,Newton was limited by Denver's defense,hcpc_v1," The provided context does not specify who was limited by Denver's defense. However, it implies that the defense played significantly well, which could suggest that the opposing team's offense might have been affected to some extent. But without more specific information, it is impossible to definitively say who was limited.","Denver took the opening kickoff and started out strong with Peyton Manning completing an 18-yard pass to tight end Owen Daniels and a 22-yard throw to receiver Andre Caldwell. A pair of carries by C. J

---

. With the defense carrying the team despite the issues with the offense, the Broncos finished the regular season with a 12–4 record and earned home-field advantage throughout the AFC playoffs.

---

. Meanwhile, Denver's offense was kept out of the end zone for three plays, but a holding penalty on cornerback Josh Norman gave the Broncos a new set of downs",0.5563,False,0.5981,False,-1.0,2.448,squad,44,mistral,ollama
5210,Who was limited by Denver's defense?,Newton was limited by Denver's defense,hcpc_v2," The text does not explicitly state who was limited by Denver's defense other than the Panthers offense. However, it is implied that the Panthers offense struggled to move the ball and score points due to Denver's strong defensive performance.","Denver took the opening kickoff and started out strong with Peyton Manning completing an 18-yard pass to tight end Owen Daniels and a 22-yard throw to receiver Andre Caldwell. A pair of carries by C. J. Anderson moved the ball up 20 yards to the Panthers 14-yard line, but Carolina's defense dug in over the next three plays. First, linebacker Shaq Thompson tackled Ronnie Hillman for a 3-yard loss. Then after an incompletion, Thomas Davis tackled Anderson for a 1-yard gain on third down, forcing Denver to settle for a 3–0 lead on a Brandon McManus 34-yard field goal. The score marked the first time in the entire postseason that Carolina was facing a deficit.

---

. With the defense carrying the team despite the issues with the offense, the Broncos finished the regular season with a 12–4 record and earned home-field advantage throughout the AFC playoffs.

---

With 4:51 left in regulation, Carolina got the ball on their own 24-yard line with a chance to mount a game-winning drive, and soon faced 3rd-and-9 . On the next play, Miller stripped the ball away from Newton, and after several players dove for it, it took a long bounce backwards and was recovered by Ward, who returned it five yards to the Panthers 4-yard line . Although several players dove into the pile to attempt to recover it, Newton did not and his lack of aggression later earned him heavy criticism . Meanwhile, Denver's offense was kept out of the end zone for three plays, but a holding penalty on cornerback Josh Norman gave the Broncos a new set of downs . Then Anderson scored on a 2-yard touchdown run and Manning completed a pass to Bennie Fowler for a 2-point conversion, giving Denver a 24–10 lead with 3:08 left and essentially putting the game away . Carolina had two more drives, but failed to get a first down on each one.",0.6391,False,0.4961,True,0.4527,2.262,squad,44,mistral,ollama
5265,How many extended metropolitan areas are there?,two,baseline, Two extended metropolitan areas are mentioned in the provided context. These are the Greater Los Angeles Area and San Diego–Tijuana.,"Six of the seven lines of the commuter rail system, Metrolink, run out of Downtown Los Angeles, connecting Los Angeles, Ventura, San Bernardino, Riverside, Orange, and San Diego counties with the other line connecting San Bernardino, Riverside, and Orange counties directly.

---

Southern California includes the heavily built-up urban area stretching along the Pacific coast from Ventura, through the Greater Los Angeles Area and the Inland Empire, and down to Greater San Diego. Southern California's population encompasses seven metropolitan areas, or MSAs: the Los Angeles metropolitan area, consisting of Los Angeles and Orange counties; the Inland Empire, consisting of Riverside and San Bernardino counties; the San Diego metropolitan area; the Oxnard–Thousand Oaks–Ventura metropolitan area; the Santa Barbara metro area; the San Luis Obispo metropolitan area; and the El Centro area. Out of these, three are heavy populated areas: the Los Angeles area with over 12 million inhabitants, the Riverside-San Bernardino area with over four million inhabitants, and the San Diego area with over 3 million inhabitants

---

Southern California consists of one Combined Statistical Area, eight Metropolitan Statistical Areas, one international metropolitan area, and multiple metropolitan divisions. The region is home to two extended metropolitan areas that exceed five million in population. These are the Greater Los Angeles Area at 17,786,419, and San Diego–Tijuana at 5,105,768. Of these metropolitan areas, the Los Angeles-Long Beach-Santa Ana metropolitan area, Riverside-San Bernardino-Ontario metropolitan area, and Oxnard-Thousand Oaks-Ventura metropolitan area form Greater Los Angeles; while the El Centro metropolitan area and San Diego-Carlsbad-San Marcos metropolitan area form the Southern Border Region. North of Greater Los Angeles are the Santa Barbara, San Luis Obispo, and Bakersfield metropolitan areas.",0.8592,False,0.4916,False,-1.0,1.548,squad,44,mistral,ollama
5266,How many extended metropolitan areas are there?,two,hcpc_v1, There are two extended metropolitan areas in the provided context.,"Six of the seven lines of the commuter rail system, Metrolink, run out of Downtown Los Angeles, connecting Los Angeles, Ventura, San Bernardino, Riverside, Orange, and San Diego counties with the other line connecting San Bernardino, Riverside, and Orange

---

. Out of these, three are heavy populated areas: the Los Angeles area with over 12 million inhabitants, the Riverside-San Bernardino area with over four million inhabitants, and the San Diego area with over 3 million inhabitants

---

. The region is home to two extended metropolitan areas that exceed five million in population. These are the Greater Los Angeles Area at 17,786,419, and San Diego–Tijuana at 5,105,768",0.5968,False,0.4959,False,-1.0,0.636,squad,44,mistral,ollama
5267,How many extended metropolitan areas are there?,two,hcpc_v2, Two extended metropolitan areas are mentioned in the provided context. These are the Greater Los Angeles Area and San Diego–Tijuana.,"Six of the seven lines of the commuter rail system, Metrolink, run out of Downtown Los Angeles, connecting Los Angeles, Ventura, San Bernardino, Riverside, Orange, and San Diego counties with the other line connecting San Bernardino, Riverside, and Orange counties directly.

---

Southern California includes the heavily built-up urban area stretching along the Pacific coast from Ventura, through the Greater Los Angeles Area and the Inland Empire, and down to Greater San Diego. Southern California's population encompasses seven metropolitan areas, or MSAs: the Los Angeles metropolitan area, consisting of Los Angeles and Orange counties; the Inland Empire, consisting of Riverside and San Bernardino counties; the San Diego metropolitan area; the Oxnard–Thousand Oaks–Ventura metropolitan area; the Santa Barbara metro area; the San Luis Obispo metropolitan area; and the El Centro area. Out of these, three are heavy populated areas: the Los Angeles area with over 12 million inhabitants, the Riverside-San Bernardino area with over four million inhabitants, and the San Diego area with over 3 million inhabitants

---

Southern California consists of one Combined Statistical Area, eight Metropolitan Statistical Areas, one international metropolitan area, and multiple metropolitan divisions. The region is home to two extended metropolitan areas that exceed five million in population. These are the Greater Los Angeles Area at 17,786,419, and San Diego–Tijuana at 5,105,768. Of these metropolitan areas, the Los Angeles-Long Beach-Santa Ana metropolitan area, Riverside-San Bernardino-Ontario metropolitan area, and Oxnard-Thousand Oaks-Ventura metropolitan area form Greater Los Angeles; while the El Centro metropolitan area and San Diego-Carlsbad-San Marcos metropolitan area form the Southern Border Region. North of Greater Los Angeles are the Santa Barbara, San Luis Obispo, and Bakersfield metropolitan areas.",0.8592,False,0.4916,False,0.4075,1.493,squad,44,mistral,ollama
5466,What can hurt a teacher's mental and physical health?,occupational stress,baseline," Occupational stress caused by factors such as organizational change, relationships with students, fellow teachers, and administrative personnel, working environment, expectations to substitute, long hours with a heavy workload, inspections, and potential for occupational burnout can hurt a teacher's mental and physical health.","Teachers face several occupational hazards in their line of work, including occupational stress, which can negatively impact teachers' mental and physical health, productivity, and students' performance. Stress can be caused by organizational change, relationships with students, fellow teachers, and administrative personnel, working environment, expectations to substitute, long hours with a heavy workload, and inspections. Teachers are also at high risk for occupational burnout.

---

There are several ways to mitigate the occupational hazards of teaching. Organizational interventions, like changing teachers' schedules, providing support networks and mentoring, changing the work environment, and offering promotions and bonuses, may be effective in helping to reduce occupational stress among teachers. Individual-level interventions, including stress-management training and counseling, are also used to relieve occupational stress among teachers.

---

A 2000 study found that 42% of UK teachers experienced occupational stress, twice the figure for the average profession. A 2012 study found that teachers experienced double the rate of anxiety, depression, and stress than average workers.",0.9276,False,0.5486,False,-1.0,2.562,squad,44,mistral,ollama
5467,What can hurt a teacher's mental and physical health?,occupational stress,hcpc_v1," Occupational stress, as mentioned in the provided context, can negatively impact teachers' mental and physical health.","Teachers face several occupational hazards in their line of work, including occupational stress, which can negatively impact teachers' mental and physical health, productivity, and students' performance

---

There are several ways to mitigate the occupational hazards of teaching

---

A 2000 study found that 42% of UK teachers experienced occupational stress, twice the figure for the average profession. A 2012 study found that teachers experienced double the rate of anxiety, depression, and stress than average workers.",0.7907,False,0.6006,False,-1.0,0.978,squad,44,mistral,ollama
5468,What can hurt a teacher's mental and physical health?,occupational stress,hcpc_v2," Occupational stress caused by factors such as organizational change, relationships with students, fellow teachers, and administrative personnel, working environment, expectations to substitute, long hours with a heavy workload, inspections, and potential for occupational burnout can hurt a teacher's mental and physical health.","Teachers face several occupational hazards in their line of work, including occupational stress, which can negatively impact teachers' mental and physical health, productivity, and students' performance. Stress can be caused by organizational change, relationships with students, fellow teachers, and administrative personnel, working environment, expectations to substitute, long hours with a heavy workload, and inspections. Teachers are also at high risk for occupational burnout.

---

There are several ways to mitigate the occupational hazards of teaching. Organizational interventions, like changing teachers' schedules, providing support networks and mentoring, changing the work environment, and offering promotions and bonuses, may be effective in helping to reduce occupational stress among teachers. Individual-level interventions, including stress-management training and counseling, are also used to relieve occupational stress among teachers.

---

A 2000 study found that 42% of UK teachers experienced occupational stress, twice the figure for the average profession. A 2012 study found that teachers experienced double the rate of anxiety, depression, and stress than average workers.",0.9276,False,0.5486,True,0.6323,2.53,squad,44,mistral,ollama
5565,What other doctrines did Luther disavow about saints?,idea of torments,baseline," According to the provided context, Luther rejected the idea of torments for the saints and the existence of Purgatory. He also believed that the souls of the saints sleep peacefully after death and currently reside ""in their graves and in heaven."" There is no mention in the context about any other specific doctrines regarding saints that Luther disavowed.","Luther's rediscovery of ""Christ and His salvation"" was the first of two points that became the foundation for the Reformation. His railing against the sale of indulgences was based on it.

---

In the summer of 1521, Luther widened his target from individual pieties like indulgences and pilgrimages to doctrines at the heart of Church practices. In On the Abrogation of the Private Mass, he condemned as idolatry the idea that the mass is a sacrifice, asserting instead that it is a gift, to be received with thanksgiving by the whole congregation. His essay On Confession, Whether the Pope has the Power to Require It rejected compulsory confession and encouraged private confession and absolution, since ""every Christian is a confessor."" In November, Luther wrote The Judgement of Martin Luther on Monastic Vows. He assured monks and nuns that they could break their vows without sin, because vows were an illegitimate and vain attempt to win salvation.

---

In contrast to the views of John Calvin and Philipp Melanchthon, throughout his life Luther maintained that it was not false doctrine to believe that a Christian's soul sleeps after it is separated from the body in death; and, accordingly, he disputed traditional interpretations of some Bible passages, such as the parable of the rich man and Lazarus. This also led Luther to reject the idea of torments for the saints: ""It is enough for us to know that souls do not leave their bodies to be threatened by the torments and punishments of hell, but enter a prepared bedchamber in which they sleep in peace."" He also rejected the existence of Purgatory, which involved Christian souls undergoing penitential suffering after death. He affirmed the continuity of one's personal identity beyond death. In his Smalcald Articles, he described the saints as currently residing ""in their graves and in heaven.""",0.5548,False,0.6335,False,-1.0,3.335,squad,44,mistral,ollama
5566,What other doctrines did Luther disavow about saints?,idea of torments,hcpc_v1," I cannot find specific information in the provided context regarding what other doctrines Luther disavowed about saints, apart from his rejection of the idea of torments for the saints.","Luther's rediscovery of ""Christ and His salvation"" was the first of two points that became the foundation for the Reformation. His railing against the sale of indulgences was based on it.

---

In the summer of 1521, Luther widened his target from individual pieties like indulgences and pilgrimages to doctrines at the heart of Church practices

---

. This also led Luther to reject the idea of torments for the saints: ""It is enough for us to know that souls do not leave their bodies to be threatened by the torments and punishments of hell, but enter a prepared bedchamber in which they sleep in peace.""",0.397,True,0.6571,False,-1.0,1.564,squad,44,mistral,ollama
5567,What other doctrines did Luther disavow about saints?,idea of torments,hcpc_v2," Based on the provided context, Luther disputed traditional interpretations of some Bible passages regarding the torments for the saints and the existence of Purgatory. However, there is no explicit mention in the context that he disavowed any other specific doctrines about saints.","Luther's rediscovery of ""Christ and His salvation"" was the first of two points that became the foundation for the Reformation. His railing against the sale of indulgences was based on it.

---

In the summer of 1521, Luther widened his target from individual pieties like indulgences and pilgrimages to doctrines at the heart of Church practices. In On the Abrogation of the Private Mass, he condemned as idolatry the idea that the mass is a sacrifice, asserting instead that it is a gift, to be received with thanksgiving by the whole congregation. His essay On Confession, Whether the Pope has the Power to Require It rejected compulsory confession and encouraged private confession and absolution, since ""every Christian is a confessor."" In November, Luther wrote The Judgement of Martin Luther on Monastic Vows. He assured monks and nuns that they could break their vows without sin, because vows were an illegitimate and vain attempt to win salvation.

---

In contrast to the views of John Calvin and Philipp Melanchthon, throughout his life Luther maintained that it was not false doctrine to believe that a Christian's soul sleeps after it is separated from the body in death; and, accordingly, he disputed traditional interpretations of some Bible passages, such as the parable of the rich man and Lazarus. This also led Luther to reject the idea of torments for the saints: ""It is enough for us to know that souls do not leave their bodies to be threatened by the torments and punishments of hell, but enter a prepared bedchamber in which they sleep in peace."" He also rejected the existence of Purgatory, which involved Christian souls undergoing penitential suffering after death. He affirmed the continuity of one's personal identity beyond death. In his Smalcald Articles, he described the saints as currently residing ""in their graves and in heaven.""",0.4825,True,0.6335,False,0.5268,2.531,squad,44,mistral,ollama
5586,Who is the commissioner of the NFL?,Roger Goodell,baseline, I cannot find this information in the provided context. The context does not mention who the current or past NFL Commissioner is.,"In early 2012, NFL Commissioner Roger Goodell stated that the league planned to make the 50th Super Bowl ""spectacular"" and that it would be ""an important game for us as a league"".

---

With Rivera having been a linebacker with the Chicago Bears in Super Bowl XX, and Kubiak replacing Elway at the end of the Broncos' defeats in Super Bowls XXI and XXIV, this will be the first Super Bowl in which both head coaches played in the game themselves.

---

The Panthers defense gave up just 308 points, ranking sixth in the league, while also leading the NFL in interceptions with 24 and boasting four Pro Bowl selections. Pro Bowl defensive tackle Kawann Short led the team in sacks with 11, while also forcing three fumbles and recovering two. Fellow lineman Mario Addison added 6½ sacks. The Panthers line also featured veteran defensive end Jared Allen, a 5-time pro bowler who was the NFL's active career sack leader with 136, along with defensive end Kony Ealy, who had 5 sacks in just 9 starts. Behind them, two of the Panthers three starting linebackers were also selected to play in the Pro Bowl: Thomas Davis and Luke Kuechly. Davis compiled 5½ sacks, four forced fumbles, and four interceptions, while Kuechly led the team in tackles (118) forced two fumbles, and intercepted four passes of his own",0.6585,False,0.391,False,-1.0,1.335,squad,44,mistral,ollama
5587,Who is the commissioner of the NFL?,Roger Goodell,hcpc_v1," I cannot find this information in the provided context. The context only mentions that Roger Goodell was the NFL Commissioner in early 2012, but it does not specify if he still holds that position currently.","In early 2012, NFL Commissioner Roger Goodell stated that the league planned to make the 50th Super Bowl ""spectacular"" and that it would be ""an important game for us as a league"".

---

head coaches played in the game themselves.

---

. The Panthers line also featured veteran defensive end Jared Allen, a 5-time pro bowler who was the NFL's active career sack leader with 136, along with defensive end Kony Ealy, who had 5 sacks in just 9 starts",0.5231,False,0.404,False,-1.0,1.799,squad,44,mistral,ollama
5588,Who is the commissioner of the NFL?,Roger Goodell,hcpc_v2, I cannot find this information in the provided context. The context does not mention who the current or past NFL Commissioner is.,"In early 2012, NFL Commissioner Roger Goodell stated that the league planned to make the 50th Super Bowl ""spectacular"" and that it would be ""an important game for us as a league"".

---

With Rivera having been a linebacker with the Chicago Bears in Super Bowl XX, and Kubiak replacing Elway at the end of the Broncos' defeats in Super Bowls XXI and XXIV, this will be the first Super Bowl in which both head coaches played in the game themselves.

---

The Panthers defense gave up just 308 points, ranking sixth in the league, while also leading the NFL in interceptions with 24 and boasting four Pro Bowl selections . Pro Bowl defensive tackle Kawann Short led the team in sacks with 11, while also forcing three fumbles and recovering two. Fellow lineman Mario Addison added 6½ sacks . The Panthers line also featured veteran defensive end Jared Allen, a 5-time pro bowler who was the NFL's active career sack leader with 136, along with defensive end Kony Ealy, who had 5 sacks in just 9 starts . Behind them, two of the Panthers three starting linebackers were also selected to play in the Pro Bowl: Thomas Davis and Luke Kuechly . Davis compiled 5½ sacks, four forced fumbles, and four interceptions, while Kuechly led the team in tackles (118) forced two fumbles, and intercepted four passes of his own",0.6585,False,0.3911,True,0.2761,1.289,squad,44,mistral,ollama
5622,What was the base rate for a 30-second ad during Super Bowl 50?,"$5,000,000",baseline," The base rate for a 30-second ad during Super Bowl 50 was $5,000,000.","CBS broadcast Super Bowl 50 in the U.S., and charged an average of $5 million for a 30-second commercial during the game. The Super Bowl 50 halftime show was headlined by the British rock group Coldplay with special guest performers Beyoncé and Bruno Mars, who headlined the Super Bowl XLVII and Super Bowl XLVIII halftime shows, respectively. It was the third-most watched U.S. broadcast ever.

---

CBS set the base rate for a 30-second advertisement at $5,000,000, a record high price for a Super Bowl ad. As of January 26, the advertisements had not yet sold out. CBS mandated that all advertisers purchase a package covering time on both the television and digital broadcasts of the game, meaning that for the first time, digital streams of the game would carry all national advertising in pattern with the television broadcast. This would be the final year in a multi-year contract with Anheuser-Busch InBev that allowed the beer manufacturer to air multiple advertisements during the game at a steep discount. It was also the final year that Doritos, a longtime sponsor of the game, held its ""Crash the Super Bowl"" contest that allowed viewers to create their own Doritos ads for a chance to have it aired during the game. Nintendo and The Pokémon Company also made their Super Bowl debut, promoting the 20th anniversary of the Pokémon video game and media franchise.

---

In the United States, the game was televised by CBS, as part of a cycle between the three main broadcast television partners of the NFL. The network's lead broadcast team of Jim Nantz and Phil Simms called the contest, with Tracy Wolfson and Evan Washburn on the sidelines. CBS introduced new features during the telecast, including pylon cameras and microphones along with EyeVision 360—an array of 36 cameras along the upper deck that can be used to provide a 360-degree view of plays and ""bullet time"" effects. (An earlier version of EyeVision was last used in Super Bowl XXXV; for Super Bowl 50, the cameras were upgraded to 5K resolution.)",0.798,False,0.5697,False,-1.0,1.68,squad,44,mistral,ollama
5623,What was the base rate for a 30-second ad during Super Bowl 50?,"$5,000,000",hcpc_v1," The base rate for a 30-second ad during Super Bowl 50 was $5,000,000.","CBS broadcast Super Bowl 50 in the U.S., and charged an average of $5 million for a 30-second commercial during the game

---

CBS set the base rate for a 30-second advertisement at $5,000,000, a record high price for a Super Bowl ad. As of January 26, the advertisements had not yet sold out

---

. (An earlier version of EyeVision was last used in Super Bowl XXXV; for Super Bowl 50, the cameras were upgraded to 5K resolution.)",0.798,False,0.6164,False,-1.0,1.26,squad,44,mistral,ollama
5624,What was the base rate for a 30-second ad during Super Bowl 50?,"$5,000,000",hcpc_v2," The base rate for a 30-second ad during Super Bowl 50 was $5,000,000.","CBS broadcast Super Bowl 50 in the U.S., and charged an average of $5 million for a 30-second commercial during the game. The Super Bowl 50 halftime show was headlined by the British rock group Coldplay with special guest performers Beyoncé and Bruno Mars, who headlined the Super Bowl XLVII and Super Bowl XLVIII halftime shows, respectively. It was the third-most watched U.S. broadcast ever.

---

CBS set the base rate for a 30-second advertisement at $5,000,000, a record high price for a Super Bowl ad. As of January 26, the advertisements had not yet sold out. CBS mandated that all advertisers purchase a package covering time on both the television and digital broadcasts of the game, meaning that for the first time, digital streams of the game would carry all national advertising in pattern with the television broadcast. This would be the final year in a multi-year contract with Anheuser-Busch InBev that allowed the beer manufacturer to air multiple advertisements during the game at a steep discount. It was also the final year that Doritos, a longtime sponsor of the game, held its ""Crash the Super Bowl"" contest that allowed viewers to create their own Doritos ads for a chance to have it aired during the game. Nintendo and The Pokémon Company also made their Super Bowl debut, promoting the 20th anniversary of the Pokémon video game and media franchise.

---

In the United States, the game was televised by CBS, as part of a cycle between the three main broadcast television partners of the NFL . The network's lead broadcast team of Jim Nantz and Phil Simms called the contest, with Tracy Wolfson and Evan Washburn on the sidelines . CBS introduced new features during the telecast, including pylon cameras and microphones along with EyeVision 360—an array of 36 cameras along the upper deck that can be used to provide a 360-degree view of plays and ""bullet time"" effects . (An earlier version of EyeVision was last used in Super Bowl XXXV; for Super Bowl 50, the cameras were upgraded to 5K resolution.)",0.798,False,0.5688,True,0.5014,1.602,squad,44,mistral,ollama
5634,Where is a palm house with subtropic plants from all over the world on display?,New Orangery,baseline, I cannot find this information in the provided context. The context does not mention any palm house or subtropical plants on display in Warsaw.,"Many locals and tourists frequent the southern California coast for its popular beaches, and the desert city of Palm Springs is popular for its resort feel and nearby open spaces.

---

The flora of the city may be considered very rich in species. The species richness is mainly due to the location of Warsaw within the border region of several big floral regions comprising substantial proportions of close-to-wilderness areas (natural forests, wetlands along the Vistula) as well as arable land, meadows and forests. Bielany Forest, located within the borders of Warsaw, is the remaining part of the Masovian Primeval Forest. Bielany Forest nature reserve is connected with Kampinos Forest. It is home to rich fauna and flora. Within the forest there are three cycling and walking trails. Other big forest area is Kabaty Forest by the southern city border. Warsaw has also two botanic gardens: by the Łazienki park (a didactic-research unit of the University of Warsaw) as well as by the Park of Culture and Rest in Powsin (a unit of the Polish Academy of Science).

---

. What makes this park different from other green spaces in Warsaw is the presence of peacocks and pheasants, which can be seen here walking around freely, and royal carps in the pond. The Wilanów Palace Park, dates back to the second half of the 17th century. It covers the area of 43 ha. Its central French-styled area corresponds to the ancient, baroque forms of the palace. The eastern section of the park, closest to the Palace, is the two-level garden with a terrace facing the pond. The park around the Królikarnia Palace is situated on the old escarpment of the Vistula. The park has lanes running on a few levels deep into the ravines on both sides of the palace.",0.6926,False,0.3457,False,-1.0,1.624,squad,44,mistral,ollama
5635,Where is a palm house with subtropic plants from all over the world on display?,New Orangery,hcpc_v1," I cannot find this information in the provided context. The context only discusses locations in southern California (beaches, Palm Springs) and a park in Warsaw with peacocks, pheasants, and royal carps, but it does not mention any palm house or subtropic plants from all over the world on display.","Many locals and tourists frequent the southern California coast for its popular beaches, and the desert city of Palm Springs is popular for its resort feel and nearby open spaces.

---

as well as arable land, meadows and forests

---

. What makes this park different from other green spaces in Warsaw is the presence of peacocks and pheasants, which can be seen here walking around freely, and royal carps in the pond",0.5523,False,0.3683,False,-1.0,2.63,squad,44,mistral,ollama
5636,Where is a palm house with subtropic plants from all over the world on display?,New Orangery,hcpc_v2, I cannot find this information in the provided context. The context does not mention any palm house or subtropical plants on display in Warsaw.,"Many locals and tourists frequent the southern California coast for its popular beaches, and the desert city of Palm Springs is popular for its resort feel and nearby open spaces.

---

The flora of the city may be considered very rich in species. The species richness is mainly due to the location of Warsaw within the border region of several big floral regions comprising substantial proportions of close-to-wilderness areas (natural forests, wetlands along the Vistula) as well as arable land, meadows and forests. Bielany Forest, located within the borders of Warsaw, is the remaining part of the Masovian Primeval Forest. Bielany Forest nature reserve is connected with Kampinos Forest. It is home to rich fauna and flora. Within the forest there are three cycling and walking trails. Other big forest area is Kabaty Forest by the southern city border. Warsaw has also two botanic gardens: by the Łazienki park (a didactic-research unit of the University of Warsaw) as well as by the Park of Culture and Rest in Powsin (a unit of the Polish Academy of Science).

---

. What makes this park different from other green spaces in Warsaw is the presence of peacocks and pheasants, which can be seen here walking around freely, and royal carps in the pond . The Wilanów Palace Park, dates back to the second half of the 17th century. It covers the area of 43 ha. Its central French-styled area corresponds to the ancient, baroque forms of the palace . The eastern section of the park, closest to the Palace, is the two-level garden with a terrace facing the pond. The park around the Królikarnia Palace is situated on the old escarpment of the Vistula . The park has lanes running on a few levels deep into the ravines on both sides of the palace.",0.6926,False,0.3427,True,0.0903,1.576,squad,44,mistral,ollama
5808,Who were the ESPN Deportes commentators for Super Bowl 50?,Alvaro Martin and Raul Allegre,baseline," Alvaro Martin, Raul Allegre, and John Sutcliffe were the ESPN Deportes commentators for Super Bowl 50.","On December 28, 2015, ESPN Deportes announced that they had reached an agreement with CBS and the NFL to be the exclusive Spanish-language broadcaster of the game, marking the third dedicated Spanish-language broadcast of the Super Bowl. Unlike NBC and Fox, CBS does not have a Spanish-language outlet of its own that could broadcast the game (though per league policy, a separate Spanish play-by-play call was carried on CBS's second audio program channel for over-the-air viewers). The game was called by ESPN Deportes' Monday Night Football commentary crew of Alvaro Martin and Raul Allegre, and sideline reporter John Sutcliffe. ESPN Deportes broadcast pre-game and post-game coverage, while Martin, Allegre, and Sutcliffe contributed English-language reports for ESPN's SportsCenter and Mike & Mike.

---

In the United States, the game was televised by CBS, as part of a cycle between the three main broadcast television partners of the NFL. The network's lead broadcast team of Jim Nantz and Phil Simms called the contest, with Tracy Wolfson and Evan Washburn on the sidelines. CBS introduced new features during the telecast, including pylon cameras and microphones along with EyeVision 360—an array of 36 cameras along the upper deck that can be used to provide a 360-degree view of plays and ""bullet time"" effects. (An earlier version of EyeVision was last used in Super Bowl XXXV; for Super Bowl 50, the cameras were upgraded to 5K resolution.)

---

In honor of the 50th Super Bowl, the pregame ceremony featured the on-field introduction of 39 of the 43 previous Super Bowl Most Valuable Players. Bart Starr (MVP of Super Bowls I and II) and Chuck Howley (MVP of Super Bowl V) appeared via video, while Peyton Manning (MVP of Super Bowl XLI and current Broncos quarterback) was shown in the locker room preparing for the game. No plans were announced regarding the recognition of Harvey Martin, co-MVP of Super Bowl XII, who died in 2001.",0.6556,False,0.5057,False,-1.0,1.818,squad,44,mistral,ollama
5809,Who were the ESPN Deportes commentators for Super Bowl 50?,Alvaro Martin and Raul Allegre,hcpc_v1," I cannot find this information in the provided context. The context only mentions that Martin, Allegre, and Sutcliffe contributed English-language reports for ESPN's SportsCenter and Mike & Mike, but it does not specify who were the commentators for ESPN Deportes during Super Bowl 50.",". ESPN Deportes broadcast pre-game and post-game coverage, while Martin, Allegre, and Sutcliffe contributed English-language reports for ESPN's SportsCenter and Mike & Mike.

---

. The network's lead broadcast team of Jim Nantz and Phil Simms called the contest, with Tracy Wolfson and Evan Washburn on the sidelines

---

. Bart Starr (MVP of Super Bowls I and II) and Chuck Howley (MVP of Super Bowl V) appeared via video, while Peyton Manning (MVP of Super Bowl XLI and current Broncos quarterback) was shown in the locker room preparing for the game",0.5107,False,0.4983,False,-1.0,2.706,squad,44,mistral,ollama
5810,Who were the ESPN Deportes commentators for Super Bowl 50?,Alvaro Martin and Raul Allegre,hcpc_v2," Alvaro Martin, Raul Allegre, and John Sutcliffe were the ESPN Deportes commentators for Super Bowl 50.","On December 28, 2015, ESPN Deportes announced that they had reached an agreement with CBS and the NFL to be the exclusive Spanish-language broadcaster of the game, marking the third dedicated Spanish-language broadcast of the Super Bowl. Unlike NBC and Fox, CBS does not have a Spanish-language outlet of its own that could broadcast the game (though per league policy, a separate Spanish play-by-play call was carried on CBS's second audio program channel for over-the-air viewers). The game was called by ESPN Deportes' Monday Night Football commentary crew of Alvaro Martin and Raul Allegre, and sideline reporter John Sutcliffe. ESPN Deportes broadcast pre-game and post-game coverage, while Martin, Allegre, and Sutcliffe contributed English-language reports for ESPN's SportsCenter and Mike & Mike.

---

In the United States, the game was televised by CBS, as part of a cycle between the three main broadcast television partners of the NFL. The network's lead broadcast team of Jim Nantz and Phil Simms called the contest, with Tracy Wolfson and Evan Washburn on the sidelines. CBS introduced new features during the telecast, including pylon cameras and microphones along with EyeVision 360—an array of 36 cameras along the upper deck that can be used to provide a 360-degree view of plays and ""bullet time"" effects. (An earlier version of EyeVision was last used in Super Bowl XXXV; for Super Bowl 50, the cameras were upgraded to 5K resolution.)

---

In honor of the 50th Super Bowl, the pregame ceremony featured the on-field introduction of 39 of the 43 previous Super Bowl Most Valuable Players . Bart Starr (MVP of Super Bowls I and II) and Chuck Howley (MVP of Super Bowl V) appeared via video, while Peyton Manning (MVP of Super Bowl XLI and current Broncos quarterback) was shown in the locker room preparing for the game . No plans were announced regarding the recognition of Harvey Martin, co-MVP of Super Bowl XII, who died in 2001.",0.6556,False,0.5057,True,0.3851,1.81,squad,44,mistral,ollama
5835,What church money collector said that the sould would spring from purgatory through monetary donations?,Johann Tetzel,baseline," Johann Tetzel, a Dominican friar and papal commissioner for indulgences, is the church money collector who said that the soul would spring from purgatory through monetary donations.","Luther objected to a saying attributed to Johann Tetzel that ""As soon as the coin in the coffer rings, the soul from purgatory (also attested as 'into heaven') springs.""

---

In contrast to the views of John Calvin and Philipp Melanchthon, throughout his life Luther maintained that it was not false doctrine to believe that a Christian's soul sleeps after it is separated from the body in death; and, accordingly, he disputed traditional interpretations of some Bible passages, such as the parable of the rich man and Lazarus. This also led Luther to reject the idea of torments for the saints: ""It is enough for us to know that souls do not leave their bodies to be threatened by the torments and punishments of hell, but enter a prepared bedchamber in which they sleep in peace."" He also rejected the existence of Purgatory, which involved Christian souls undergoing penitential suffering after death. He affirmed the continuity of one's personal identity beyond death. In his Smalcald Articles, he described the saints as currently residing ""in their graves and in heaven.""

---

In 1516, Johann Tetzel, a Dominican friar and papal commissioner for indulgences, was sent to Germany by the Roman Catholic Church to sell indulgences to raise money to rebuild St. Peter's Basilica in Rome. Roman Catholic theology stated that faith alone, whether fiduciary or dogmatic, cannot justify man; justification rather depends only on such faith as is active in charity and good works (fides caritate formata). The benefits of good works could be obtained by donating money to the church.",0.4431,True,0.4535,False,-1.0,2.249,squad,44,mistral,ollama
5836,What church money collector said that the sould would spring from purgatory through monetary donations?,Johann Tetzel,hcpc_v1," Johann Tetzel, according to the provided context.","Luther objected to a saying attributed to Johann Tetzel that ""As soon as the coin in the coffer rings, the soul from purgatory (also attested as 'into heaven') springs.""

---

in which they sleep in peace."" He also rejected the existence of Purgatory, which involved Christian souls undergoing penitential suffering after death

---

. The benefits of good works could be obtained by donating money to the church.",0.4289,True,0.4977,False,-1.0,0.552,squad,44,mistral,ollama
5837,What church money collector said that the sould would spring from purgatory through monetary donations?,Johann Tetzel,hcpc_v2," Johann Tetzel, a Dominican friar and papal commissioner for indulgences, is attributed to saying ""As soon as the coin in the coffer rings, the soul from purgatory (also attested as 'into heaven') springs."" This statement was objected to by Martin Luther.","Luther objected to a saying attributed to Johann Tetzel that ""As soon as the coin in the coffer rings, the soul from purgatory (also attested as 'into heaven') springs.""

---

In contrast to the views of John Calvin and Philipp Melanchthon, throughout his life Luther maintained that it was not false doctrine to believe that a Christian's soul sleeps after it is separated from the body in death; and, accordingly, he disputed traditional interpretations of some Bible passages, such as the parable of the rich man and Lazarus. This also led Luther to reject the idea of torments for the saints: ""It is enough for us to know that souls do not leave their bodies to be threatened by the torments and punishments of hell, but enter a prepared bedchamber in which they sleep in peace."" He also rejected the existence of Purgatory, which involved Christian souls undergoing penitential suffering after death. He affirmed the continuity of one's personal identity beyond death. In his Smalcald Articles, he described the saints as currently residing ""in their graves and in heaven.""

---

In 1516, Johann Tetzel, a Dominican friar and papal commissioner for indulgences, was sent to Germany by the Roman Catholic Church to sell indulgences to raise money to rebuild St. Peter's Basilica in Rome . Peter's Basilica in Rome. Roman Catholic theology stated that faith alone, whether fiduciary or dogmatic, cannot justify man; justification rather depends only on such faith as is active in charity and good works (fides caritate formata) . The benefits of good works could be obtained by donating money to the church.",0.5354,False,0.449,True,0.3158,2.997,squad,44,mistral,ollama
5856,What is the earliest that Bach began using Luther hymns?,1707,baseline," The context does not provide specific information about when Bach started using Luther's hymns for the first time. However, it mentions that he used ""Christ unser Herr zum Jordan kam"" as early as possibly 1707, which suggests that his use of Luther's hymns might have begun before this date, but no earlier date is given in the provided context.","Luther's hymns inspired composers to write music. Johann Sebastian Bach included several verses as chorales in his cantatas and based chorale cantatas entirely on them, namely Christ lag in Todes Banden, BWV 4, as early as possibly 1707, in his second annual cycle (1724 to 1725) Ach Gott, vom Himmel sieh darein, BWV 2, Christ unser Herr zum Jordan kam, BWV 7, Nun komm, der Heiden Heiland, BWV 62, Gelobet seist du, Jesu Christ, BWV 91, and Aus tiefer Not schrei ich zu dir, BWV 38, later Ein feste Burg ist unser Gott, BWV 80, and in 1735 Wär Gott nicht mit uns diese Zeit, BWV 14.

---

Luther's 1541 hymn ""Christ unser Herr zum Jordan kam"" (""To Jordan came the Christ our Lord"") reflects the structure and substance of his questions and answers concerning baptism in the Small Catechism. Luther adopted a preexisting Johann Walter tune associated with a hymnic setting of Psalm 67's prayer for grace; Wolf Heintz's four-part setting of the hymn was used to introduce the Lutheran Reformation in Halle in 1541. Preachers and composers of the 18th century, including J. S. Bach, used this rich hymn as a subject for their own work, although its objective baptismal theology was displaced by more subjective hymns under the influence of late-19th-century Lutheran pietism.

---

Luther's hymns were included in early Lutheran hymnals and spread the ideas of the Reformation. He supplied four of eight songs of the First Lutheran hymnal Achtliederbuch, 18 of 26 songs of the Erfurt Enchiridion, and 24 of the 32 songs in the first choral hymnal with settings by Johann Walter, Eyn geystlich Gesangk Buchleyn, all published in 1524.",0.5538,False,0.5982,False,-1.0,3.594,squad,44,mistral,ollama
5857,What is the earliest that Bach began using Luther hymns?,1707,hcpc_v1, I cannot find this information in the provided context. The context does not specify when Bach started using Luther's hymns.,"Luther's hymns inspired composers to write music

---

. Luther adopted a preexisting Johann Walter tune associated with a hymnic setting of Psalm 67's prayer for grace; Wolf Heintz's four-part setting of the hymn was used to introduce the Lutheran Reformation in Halle in 1541

---

Luther's hymns were included in early Lutheran hymnals and spread the ideas of the Reformation",0.3932,True,0.6196,False,-1.0,1.116,squad,44,mistral,ollama
5858,What is the earliest that Bach began using Luther hymns?,1707,hcpc_v2," The context does not provide specific information about when Bach started using Luther's hymns for the first time. However, it mentions that he used ""Christ unser Herr zum Jordan kam"" as early as possibly 1707, which suggests that his use of Luther's hymns might have begun before this date, but no earlier date is given in the provided context.","Luther's hymns inspired composers to write music. Johann Sebastian Bach included several verses as chorales in his cantatas and based chorale cantatas entirely on them, namely Christ lag in Todes Banden, BWV 4, as early as possibly 1707, in his second annual cycle (1724 to 1725) Ach Gott, vom Himmel sieh darein, BWV 2, Christ unser Herr zum Jordan kam, BWV 7, Nun komm, der Heiden Heiland, BWV 62, Gelobet seist du, Jesu Christ, BWV 91, and Aus tiefer Not schrei ich zu dir, BWV 38, later Ein feste Burg ist unser Gott, BWV 80, and in 1735 Wär Gott nicht mit uns diese Zeit, BWV 14.

---

Luther's 1541 hymn ""Christ unser Herr zum Jordan kam"" (""To Jordan came the Christ our Lord"") reflects the structure and substance of his questions and answers concerning baptism in the Small Catechism. Luther adopted a preexisting Johann Walter tune associated with a hymnic setting of Psalm 67's prayer for grace; Wolf Heintz's four-part setting of the hymn was used to introduce the Lutheran Reformation in Halle in 1541. Preachers and composers of the 18th century, including J. S. Bach, used this rich hymn as a subject for their own work, although its objective baptismal theology was displaced by more subjective hymns under the influence of late-19th-century Lutheran pietism.

---

Luther's hymns were included in early Lutheran hymnals and spread the ideas of the Reformation. He supplied four of eight songs of the First Lutheran hymnal Achtliederbuch, 18 of 26 songs of the Erfurt Enchiridion, and 24 of the 32 songs in the first choral hymnal with settings by Johann Walter, Eyn geystlich Gesangk Buchleyn, all published in 1524.",0.5538,False,0.5982,False,0.585,3.545,squad,44,mistral,ollama
5901,Why was he unable to enroll at the university? ,arrived too late,baseline," The provided context does not specify why Tesla was unable to enroll at Charles-Ferdinand University in Prague. However, it mentions that he arrived too late and was illiterate in Czech, a required subject, which could have been factors contributing to his inability to enroll.","In January 1880, two of Tesla's uncles put together enough money to help him leave Gospić for Prague where he was to study. Unfortunately, he arrived too late to enroll at Charles-Ferdinand University; he never studied Greek, a required subject; and he was illiterate in Czech, another required subject. Tesla did, however, attend lectures at the university, although, as an auditor, he did not receive grades for the courses.

---

In 1501, at the age of 19, he entered the University of Erfurt, which he later described as a beerhouse and whorehouse. He was made to wake at four every morning for what has been described as ""a day of rote learning and often wearying spiritual exercises."" He received his master's degree in 1505.

---

. At the end of his second year, Tesla lost his scholarship and became addicted to gambling. During his third year, Tesla gambled away his allowance and his tuition money, later gambling back his initial losses and returning the balance to his family. Tesla said that he ""conquered [his] passion then and there,"" but later he was known to play billiards in the US. When exam time came, Tesla was unprepared and asked for an extension to study, but was denied. He never graduated from the university and did not receive grades for the last semester.",0.4845,True,0.4201,False,-1.0,2.682,squad,44,mistral,ollama
5902,Why was he unable to enroll at the university? ,arrived too late,hcpc_v1," He was unable to enroll at Charles-Ferdinand University because, as stated in the first passage, he arrived too late. No other reason is provided in the context.",". Unfortunately, he arrived too late to enroll at Charles-Ferdinand University; he never studied Greek, a required subject; and he was illiterate in Czech, another required subject

---

. He was made to wake at four every morning for what has been described as ""a day of rote learning and often wearying spiritual exercises."" He received his master's degree in 1505.

---

. He never graduated from the university and did not receive grades for the last semester.",0.3623,True,0.565,False,-1.0,1.547,squad,44,mistral,ollama
5903,Why was he unable to enroll at the university? ,arrived too late,hcpc_v2," The provided context does not specify why Tesla was unable to enroll at Charles-Ferdinand University in Prague. However, it mentions that he arrived too late for enrollment and that he did not study Greek or was illiterate in Czech, which were required subjects.","In January 1880, two of Tesla's uncles put together enough money to help him leave Gospić for Prague where he was to study. Unfortunately, he arrived too late to enroll at Charles-Ferdinand University; he never studied Greek, a required subject; and he was illiterate in Czech, another required subject. Tesla did, however, attend lectures at the university, although, as an auditor, he did not receive grades for the courses.

---

In 1501, at the age of 19, he entered the University of Erfurt, which he later described as a beerhouse and whorehouse. He was made to wake at four every morning for what has been described as ""a day of rote learning and often wearying spiritual exercises."" He received his master's degree in 1505.

---

. At the end of his second year, Tesla lost his scholarship and became addicted to gambling. During his third year, Tesla gambled away his allowance and his tuition money, later gambling back his initial losses and returning the balance to his family . Tesla said that he ""conquered [his] passion then and there,"" but later he was known to play billiards in the US. When exam time came, Tesla was unprepared and asked for an extension to study, but was denied . He never graduated from the university and did not receive grades for the last semester.",0.4741,True,0.4151,True,0.2647,2.563,squad,44,mistral,ollama
5976,Who killed Harold II? ,William II,baseline, I cannot find this information in the provided context. The text does not mention who killed King Harold II of England.,"In 1066, Duke William II of Normandy conquered England killing King Harold II at the Battle of Hastings. The invading Normans and their descendants replaced the Anglo-Saxons as the ruling class of England. The nobility of England were part of a single Normans culture and many had lands on both sides of the channel. Early Norman kings of England, as Dukes of Normandy, owed homage to the King of France for their land on the continent. They considered England to be their most important holding (it brought with it the title of King—an important status symbol).

---

Various princes of the Holy Land arrived in Limassol at the same time, in particular Guy de Lusignan. All declared their support for Richard provided that he support Guy against his rival Conrad of Montferrat. The local barons abandoned Isaac, who considered making peace with Richard, joining him on the crusade, and offering his daughter in marriage to the person named by Richard. But Isaac changed his mind and tried to escape. Richard then proceeded to conquer the whole island, his troops being led by Guy de Lusignan. Isaac surrendered and was confined with silver chains, because Richard had promised that he would not place him in irons. By 1 June, Richard had conquered the whole island. His exploit was well publicized and contributed to his reputation; he also derived significant financial gains from the conquest of the island. Richard left for Acre on 5 June, with his allies. Before his departure, he named two of his Norman generals, Richard de Camville and Robert de Thornham, as governors of Cyprus.

---

Even before the Norman Conquest of England, the Normans had come into contact with Wales. Edward the Confessor had set up the aforementioned Ralph as earl of Hereford and charged him with defending the Marches and warring with the Welsh. In these original ventures, the Normans failed to make any headway into Wales.",0.567,False,0.3703,False,-1.0,1.381,squad,44,mistral,ollama
5977,Who killed Harold II? ,William II,hcpc_v1," I cannot find this information in the provided context. The context only mentions that Duke William II of Normandy conquered England, but it does not specify who killed King Harold II.","In 1066, Duke William II of Normandy conquered England killing King Harold II at the Battle of Hastings. The invading Normans and their descendants replaced the Anglo-Saxons as the ruling class of England

---

. Richard then proceeded to conquer the whole island, his troops being led by Guy de Lusignan. Isaac surrendered and was confined with silver chains, because Richard had promised that he would not place him in irons

---

Even before the Norman Conquest of England, the Normans had come into contact with Wales. Edward the Confessor had set up the aforementioned Ralph as earl of Hereford and charged him with defending the Marches and warring with the Welsh",0.5947,False,0.4261,False,-1.0,1.55,squad,44,mistral,ollama
5978,Who killed Harold II? ,William II,hcpc_v2, I cannot find this information in the provided context. The text does not mention who killed King Harold II of England.,"In 1066, Duke William II of Normandy conquered England killing King Harold II at the Battle of Hastings. The invading Normans and their descendants replaced the Anglo-Saxons as the ruling class of England. The nobility of England were part of a single Normans culture and many had lands on both sides of the channel. Early Norman kings of England, as Dukes of Normandy, owed homage to the King of France for their land on the continent. They considered England to be their most important holding (it brought with it the title of King—an important status symbol).

---

Various princes of the Holy Land arrived in Limassol at the same time, in particular Guy de Lusignan. All declared their support for Richard provided that he support Guy against his rival Conrad of Montferrat. The local barons abandoned Isaac, who considered making peace with Richard, joining him on the crusade, and offering his daughter in marriage to the person named by Richard. But Isaac changed his mind and tried to escape. Richard then proceeded to conquer the whole island, his troops being led by Guy de Lusignan. Isaac surrendered and was confined with silver chains, because Richard had promised that he would not place him in irons. By 1 June, Richard had conquered the whole island. His exploit was well publicized and contributed to his reputation; he also derived significant financial gains from the conquest of the island. Richard left for Acre on 5 June, with his allies. Before his departure, he named two of his Norman generals, Richard de Camville and Robert de Thornham, as governors of Cyprus.

---

Even before the Norman Conquest of England, the Normans had come into contact with Wales. Edward the Confessor had set up the aforementioned Ralph as earl of Hereford and charged him with defending the Marches and warring with the Welsh . In these original ventures, the Normans failed to make any headway into Wales.",0.567,False,0.3703,True,0.4516,1.32,squad,44,mistral,ollama
6033,What will maidens be able to predict by floating their wreaths down the Vistula?,when they would be married,baseline," Maidens will be able to predict when they will be married, according to the provided context.","Several commemorative events take place every year. Gatherings of thousands of people on the banks of the Vistula on Midsummer’s Night for a festival called Wianki (Polish for Wreaths) have become a tradition and a yearly event in the programme of cultural events in Warsaw. The festival traces its roots to a peaceful pagan ritual where maidens would float their wreaths of herbs on the water to predict when they would be married, and to whom. By the 19th century this tradition had become a festive event, and it continues today. The city council organize concerts and other events. Each Midsummer’s Eve, apart from the official floating of wreaths, jumping over fires, looking for the fern flower, there are musical performances, dignitaries' speeches, fairs and fireworks by the river bank.

---

The plain moraine plateau has only a few natural and artificial ponds and also groups of clay pits. The pattern of the Vistula terraces is asymmetrical. The left side consist mainly of two levels: the highest one contains former flooded terraces and the lowest one the flood plain terrace. The contemporary flooded terrace still has visible valleys and ground depressions with water systems coming from the Vistula old – riverbed. They consist of still quite natural streams and lakes as well as the pattern of drainage ditches. The right side of Warsaw has a different pattern of geomorphological forms. There are several levels of the plain Vistula terraces (flooded as well as former flooded once) and only small part and not so visible moraine escarpment. Aeolian sand with a number of dunes parted by peat swamps or small ponds cover the highest terrace. These are mainly forested areas (pine forest).

---

The origin of the legendary figure is not fully known. The best-known legend, by Artur Oppman, is that long ago two of Triton's daughters set out on a journey through the depths of the oceans and seas. One of them decided to stay on the coast of Denmark and can be seen sitting at the entrance to the port of Copenhagen. The second mermaid reached the mouth of the Vistula River and plunged into its waters. She stopped to rest on a sandy beach by the village of Warszowa, where fishermen came to admire her beauty and listen to her beautiful voice. A greedy merchant also heard her songs; he followed the fishermen and captured the mermaid.",0.5948,False,0.3735,False,-1.0,1.375,squad,45,mistral,ollama
6034,What will maidens be able to predict by floating their wreaths down the Vistula?,when they would be married,hcpc_v1," I cannot find this information in the provided context. The context does mention that the festival traces its roots to a pagan ritual where maidens float their wreaths of herbs, but it does not specify what they would predict by doing so.",". The festival traces its roots to a peaceful pagan ritual where maidens would float their wreaths of herbs on the water to predict when they would be married, and to whom

---

. The contemporary flooded terrace still has visible valleys and ground depressions with water systems coming from the Vistula old – riverbed. They consist of still quite natural streams and lakes as well as the pattern of drainage ditches

---

. One of them decided to stay on the coast of Denmark and can be seen sitting at the entrance to the port of Copenhagen. The second mermaid reached the mouth of the Vistula River and plunged into its waters",0.5709,False,0.423,False,-1.0,2.099,squad,45,mistral,ollama
6035,What will maidens be able to predict by floating their wreaths down the Vistula?,when they would be married,hcpc_v2," Maidens will be able to predict when they will be married, according to the provided context.","Several commemorative events take place every year. Gatherings of thousands of people on the banks of the Vistula on Midsummer’s Night for a festival called Wianki (Polish for Wreaths) have become a tradition and a yearly event in the programme of cultural events in Warsaw. The festival traces its roots to a peaceful pagan ritual where maidens would float their wreaths of herbs on the water to predict when they would be married, and to whom. By the 19th century this tradition had become a festive event, and it continues today. The city council organize concerts and other events. Each Midsummer’s Eve, apart from the official floating of wreaths, jumping over fires, looking for the fern flower, there are musical performances, dignitaries' speeches, fairs and fireworks by the river bank.

---

The plain moraine plateau has only a few natural and artificial ponds and also groups of clay pits. The pattern of the Vistula terraces is asymmetrical. The left side consist mainly of two levels: the highest one contains former flooded terraces and the lowest one the flood plain terrace. The contemporary flooded terrace still has visible valleys and ground depressions with water systems coming from the Vistula old – riverbed. They consist of still quite natural streams and lakes as well as the pattern of drainage ditches. The right side of Warsaw has a different pattern of geomorphological forms. There are several levels of the plain Vistula terraces (flooded as well as former flooded once) and only small part and not so visible moraine escarpment. Aeolian sand with a number of dunes parted by peat swamps or small ponds cover the highest terrace. These are mainly forested areas (pine forest).

---

The origin of the legendary figure is not fully known. The best-known legend, by Artur Oppman, is that long ago two of Triton's daughters set out on a journey through the depths of the oceans and seas . One of them decided to stay on the coast of Denmark and can be seen sitting at the entrance to the port of Copenhagen. The second mermaid reached the mouth of the Vistula River and plunged into its waters . She stopped to rest on a sandy beach by the village of Warszowa, where fishermen came to admire her beauty and listen to her beautiful voice. A greedy merchant also heard her songs; he followed the fishermen and captured the mermaid.",0.5948,False,0.3732,True,0.1748,1.384,squad,45,mistral,ollama
6096,Where was the boat demonstration given?,Madison Square Garden,baseline, The boat demonstration was given at Madison Square Garden in 1898.,"In 1898, Tesla demonstrated a radio-controlled boat—which he dubbed ""teleautomaton""—to the public during an electrical exhibition at Madison Square Garden. The crowd that witnessed the demonstration made outrageous claims about the workings of the boat, such as magic, telepathy, and being piloted by a trained monkey hidden inside. Tesla tried to sell his idea to the U.S. military as a type of radio-controlled torpedo, but they showed little interest. Remote radio control remained a novelty until World War I and afterward, when a number of countries used it in military programs. Tesla took the opportunity to further demonstrate ""Teleautomatics"" in an address to a meeting of the Commercial Club in Chicago, while he was travelling to Colorado Springs, on 13 May 1899.

---

In 1564 a group of Norman Huguenots under the leadership of Jean Ribault established the small colony of Fort Caroline on the banks of the St. Johns River in what is today Jacksonville, Florida. The effort was the first at any permanent European settlement in the present-day continental United States, but survived only a short time. A September 1565 French naval attack against the new Spanish colony at St. Augustine failed when its ships were hit by a hurricane on their way to the Spanish encampment at Fort Matanzas. Hundreds of French soldiers were stranded and surrendered to the numerically inferior Spanish forces led by Pedro Menendez. Menendez proceeded to massacre the defenseless Huguenots, after which he wiped out the Fort Caroline garrison.

---

The Colorado experiments had prepared Tesla for the establishment of the trans-Atlantic wireless telecommunications facility known as Wardenclyffe near Shoreham, Long Island.",0.794,False,0.3717,False,-1.0,1.099,squad,45,mistral,ollama
6097,Where was the boat demonstration given?,Madison Square Garden,hcpc_v1, I cannot find information about a boat demonstration location in the provided context.,". The crowd that witnessed the demonstration made outrageous claims about the workings of the boat, such as magic, telepathy, and being piloted by a trained monkey hidden inside. Tesla tried to sell his idea to the U.S

---

. The effort was the first at any permanent European settlement in the present-day continental United States, but survived only a short time. A September 1565 French naval attack against the new Spanish colony at St

---

The Colorado experiments had prepared Tesla for the establishment of the trans-Atlantic wireless telecommunications facility known as Wardenclyffe near Shoreham, Long Island.",0.49,True,0.4233,False,-1.0,0.769,squad,45,mistral,ollama
6098,Where was the boat demonstration given?,Madison Square Garden,hcpc_v2, The boat demonstration was given at Madison Square Garden in 1898.,"In 1898, Tesla demonstrated a radio-controlled boat—which he dubbed ""teleautomaton""—to the public during an electrical exhibition at Madison Square Garden. The crowd that witnessed the demonstration made outrageous claims about the workings of the boat, such as magic, telepathy, and being piloted by a trained monkey hidden inside. Tesla tried to sell his idea to the U.S. military as a type of radio-controlled torpedo, but they showed little interest. Remote radio control remained a novelty until World War I and afterward, when a number of countries used it in military programs. Tesla took the opportunity to further demonstrate ""Teleautomatics"" in an address to a meeting of the Commercial Club in Chicago, while he was travelling to Colorado Springs, on 13 May 1899.

---

In 1564 a group of Norman Huguenots under the leadership of Jean Ribault established the small colony of Fort Caroline on the banks of the St. Johns River in what is today Jacksonville, Florida. The effort was the first at any permanent European settlement in the present-day continental United States, but survived only a short time. A September 1565 French naval attack against the new Spanish colony at St. Augustine failed when its ships were hit by a hurricane on their way to the Spanish encampment at Fort Matanzas. Hundreds of French soldiers were stranded and surrendered to the numerically inferior Spanish forces led by Pedro Menendez. Menendez proceeded to massacre the defenseless Huguenots, after which he wiped out the Fort Caroline garrison.

---

The Colorado experiments had prepared Tesla for the establishment of the trans-Atlantic wireless telecommunications facility known as Wardenclyffe near Shoreham, Long Island.",0.794,False,0.3717,True,0.0898,1.106,squad,45,mistral,ollama
6135,Who if the commissioner of the NFL?,Roger Goodell,baseline, The context does not provide information about who the Commissioner of the NFL is at that time.,"In early 2012, NFL Commissioner Roger Goodell stated that the league planned to make the 50th Super Bowl ""spectacular"" and that it would be ""an important game for us as a league"".

---

With Rivera having been a linebacker with the Chicago Bears in Super Bowl XX, and Kubiak replacing Elway at the end of the Broncos' defeats in Super Bowls XXI and XXIV, this will be the first Super Bowl in which both head coaches played in the game themselves.

---

The annual NFL Experience was held at the Moscone Center in San Francisco. In addition, ""Super Bowl City"" opened on January 30 at Justin Herman Plaza on The Embarcadero, featuring games and activities that will highlight the Bay Area's technology, culinary creations, and cultural diversity. More than 1 million people are expected to attend the festivities in San Francisco during Super Bowl Week. San Francisco mayor Ed Lee said of the highly visible homeless presence in this area ""they are going to have to leave"". San Francisco city supervisor Jane Kim unsuccessfully lobbied for the NFL to reimburse San Francisco for city services in the amount of $5 million.",0.62,False,0.3429,False,-1.0,1.081,squad,45,mistral,ollama
6136,Who if the commissioner of the NFL?,Roger Goodell,hcpc_v1," I cannot find who the Commissioner of the NFL is in the provided context. The context only mentions that Roger Goodell, who was the Commissioner at the time, stated that the 50th Super Bowl would be spectacular and important for the league.","In early 2012, NFL Commissioner Roger Goodell stated that the league planned to make the 50th Super Bowl ""spectacular"" and that it would be ""an important game for us as a league"".

---

With Rivera having been a linebacker with the Chicago Bears in Super Bowl XX, and Kubiak replacing Elway at the end of the Broncos' defeats in Super Bowls XXI and XXIV, this will be the first Super Bowl in which both head coaches played in the game

---

The annual NFL Experience was held at the Moscone Center in San Francisco",0.5257,False,0.3643,False,-1.0,2.052,squad,45,mistral,ollama
6137,Who if the commissioner of the NFL?,Roger Goodell,hcpc_v2, I cannot find this information in the provided context. The context does not mention who the Commissioner of the NFL is at that time.,"In early 2012, NFL Commissioner Roger Goodell stated that the league planned to make the 50th Super Bowl ""spectacular"" and that it would be ""an important game for us as a league"".

---

With Rivera having been a linebacker with the Chicago Bears in Super Bowl XX, and Kubiak replacing Elway at the end of the Broncos' defeats in Super Bowls XXI and XXIV, this will be the first Super Bowl in which both head coaches played in the game themselves.

---

The annual NFL Experience was held at the Moscone Center in San Francisco . In addition, ""Super Bowl City"" opened on January 30 at Justin Herman Plaza on The Embarcadero, featuring games and activities that will highlight the Bay Area's technology, culinary creations, and cultural diversity . More than 1 million people are expected to attend the festivities in San Francisco during Super Bowl Week. San Francisco mayor Ed Lee said of the highly visible homeless presence in this area ""they are going to have to leave"" . San Francisco city supervisor Jane Kim unsuccessfully lobbied for the NFL to reimburse San Francisco for city services in the amount of $5 million.",0.6887,False,0.3417,True,0.3545,1.24,squad,45,mistral,ollama
6216,Where did Luther go on 17 July 1505?,Augustinian cloister in Erfurt,baseline, Luther entered a closed Augustinian cloister in Erfurt on 17 July 1505.,"He later attributed his decision to an event: on 2 July 1505, he was returning to university on horseback after a trip home. During a thunderstorm, a lightning bolt struck near him. Later telling his father he was terrified of death and divine judgment, he cried out, ""Help! Saint Anna, I will become a monk!"" He came to view his cry for help as a vow he could never break. He left law school, sold his books, and entered a closed Augustinian cloister in Erfurt on 17 July 1505. One friend blamed the decision on Luther's sadness over the deaths of two friends. Luther himself seemed saddened by the move. Those who attended a farewell supper walked him to the door of the Black Cloister. ""This day you see me, and then, not ever again,"" he said. His father was furious over what he saw as a waste of Luther's education.

---

His poor physical health made him short-tempered and even harsher in his writings and comments. His wife Katharina was overheard saying, ""Dear husband, you are too rude,"" and he responded, ""They are teaching me to be rude."" In 1545 and 1546 Luther preached three times in the Market Church in Halle, staying with his friend Justus Jonas during Christmas.

---

Luther secretly returned to Wittenberg on 6 March 1522. He wrote to the Elector: ""During my absence, Satan has entered my sheepfold, and committed ravages which I cannot repair by writing, but only by my personal presence and living word."" For eight days in Lent, beginning on Invocavit Sunday, 9 March, Luther preached eight sermons, which became known as the ""Invocavit Sermons"". In these sermons, he hammered home the primacy of core Christian values such as love, patience, charity, and freedom, and reminded the citizens to trust God's word rather than violence to bring about necessary change.",0.3703,True,0.5683,False,-1.0,1.344,squad,45,mistral,ollama
6217,Where did Luther go on 17 July 1505?,Augustinian cloister in Erfurt,hcpc_v1, Luther entered a closed Augustinian cloister in Erfurt on 17 July 1505.,". He left law school, sold his books, and entered a closed Augustinian cloister in Erfurt on 17 July 1505. One friend blamed the decision on Luther's sadness over the deaths of two friends. Luther himself seemed saddened by the move

---

. His wife Katharina was overheard saying, ""Dear husband, you are too rude,"" and he responded, ""They are teaching me to be rude."" In 1545 and 1546 Luther preached three times in the Market Church in Halle, staying with his friend Justus Jonas during

---

Luther secretly returned to Wittenberg on 6 March 1522",0.3703,True,0.6561,False,-1.0,1.041,squad,45,mistral,ollama
6218,Where did Luther go on 17 July 1505?,Augustinian cloister in Erfurt,hcpc_v2, Luther entered a closed Augustinian cloister in Erfurt on 17 July 1505.,"He later attributed his decision to an event: on 2 July 1505, he was returning to university on horseback after a trip home. During a thunderstorm, a lightning bolt struck near him. Later telling his father he was terrified of death and divine judgment, he cried out, ""Help! Saint Anna, I will become a monk!"" He came to view his cry for help as a vow he could never break. He left law school, sold his books, and entered a closed Augustinian cloister in Erfurt on 17 July 1505. One friend blamed the decision on Luther's sadness over the deaths of two friends. Luther himself seemed saddened by the move. Those who attended a farewell supper walked him to the door of the Black Cloister. ""This day you see me, and then, not ever again,"" he said. His father was furious over what he saw as a waste of Luther's education.

---

His poor physical health made him short-tempered and even harsher in his writings and comments. His wife Katharina was overheard saying, ""Dear husband, you are too rude,"" and he responded, ""They are teaching me to be rude."" In 1545 and 1546 Luther preached three times in the Market Church in Halle, staying with his friend Justus Jonas during Christmas.

---

Luther secretly returned to Wittenberg on 6 March 1522 . He wrote to the Elector: ""During my absence, Satan has entered my sheepfold, and committed ravages which I cannot repair by writing, but only by my personal presence and living word."" For eight days in Lent, beginning on Invocavit Sunday, 9 March, Luther Sunday, 9 March, Luther preached eight sermons, which became known as the ""Invocavit Sermons"" . In these sermons, he hammered home the primacy of core Christian values such as love, patience, charity, and freedom, and reminded the citizens to trust God's word rather than violence to bring about necessary change.",0.3703,True,0.5667,True,0.5642,1.359,squad,45,mistral,ollama
6270,What other English towns were sites of Huguenot settlement?,"Kent, particularly Sandwich, Faversham and Maidstone",baseline," I cannot find information in the provided context about any other English towns that were sites of Huguenot settlement. The context only mentions Virginia, specifically Manakintown and some settlers landing in present-day Chesterfield County.","In 1700 several hundred French Huguenots migrated from England to the colony of Virginia, where the English Crown had promised them land grants in Lower Norfolk County. When they arrived, colonial authorities offered them instead land 20 miles above the falls of the James River, at the abandoned Monacan village known as Manakin Town, now in Powhatan County. Some settlers landed in present-day Chesterfield County. On 12 May 1705, the Virginia General Assembly passed an act to naturalise the 148 Huguenots still resident at Manakintown. Of the original 390 settlers in the isolated settlement, many had died; others lived outside town on farms in the English style; and others moved to different areas. Gradually they intermarried with their English neighbors. Through the 18th and 19th centuries, descendants of the French migrated west into the Piedmont, and across the Appalachian Mountains into the West of what became Kentucky, Tennessee, Missouri, and other states

---

A number of Huguenots served as mayors in Dublin, Cork, Youghal and Waterford in the 17th and 18th centuries. Numerous signs of Huguenot presence can still be seen with names still in use, and with areas of the main towns and cities named after the people who settled there. Examples include the Huguenot District and French Church Street in Cork City; and D'Olier Street in Dublin, named after a High Sheriff and one of the founders of the Bank of Ireland. A French church in Portarlington dates back to 1696, and was built to serve the significant new Huguenot community in the town. At the time, they constituted the majority of the townspeople.

---

Huguenot immigrants did not disperse or settle in different parts of the country, but rather, formed three societies or congregations; one in the city of New York, another 21 miles north of New York in a town which they named New Rochelle, and a third further upstate in New Paltz. The ""Huguenot Street Historic District"" in New Paltz has been designated a National Historic Landmark site and contains the oldest street in the United States of America. A small group of Huguenots also settled on the south shore of Staten Island along the New York Harbor, for which the current neighborhood of Huguenot was named.",0.7891,False,0.5956,False,-1.0,2.394,squad,45,mistral,ollama
6271,What other English towns were sites of Huguenot settlement?,"Kent, particularly Sandwich, Faversham and Maidstone",hcpc_v1, I cannot find this information in the provided context. The context only mentions New York and New Rochelle as sites of Huguenot settlement.,". Of the original 390 settlers in the isolated settlement, many had died; others lived outside town on farms in the English style; and others moved to different areas. Gradually they intermarried with their English neighbors

---

. Numerous signs of Huguenot presence can still be seen with names still in use, and with areas of the main towns and cities named after the people who settled there

---

Huguenot immigrants did not disperse or settle in different parts of the country, but rather, formed three societies or congregations; one in the city of New York, another 21 miles north of New York in a town which they named New Rochelle, and a third",0.6772,False,0.6275,False,-1.0,1.32,squad,45,mistral,ollama
6272,What other English towns were sites of Huguenot settlement?,"Kent, particularly Sandwich, Faversham and Maidstone",hcpc_v2," I cannot find information in the provided context about any other English towns that were sites of Huguenot settlement. The context only mentions Virginia, specifically Manakintown and some settlers landing in present-day Chesterfield County.","In 1700 several hundred French Huguenots migrated from England to the colony of Virginia, where the English Crown had promised them land grants in Lower Norfolk County. When they arrived, colonial authorities offered them instead land 20 miles above the falls of the James River, at the abandoned Monacan village known as Manakin Town, now in Powhatan County. Some settlers landed in present-day Chesterfield County. On 12 May 1705, the Virginia General Assembly passed an act to naturalise the 148 Huguenots still resident at Manakintown. Of the original 390 settlers in the isolated settlement, many had died; others lived outside town on farms in the English style; and others moved to different areas. Gradually they intermarried with their English neighbors. Through the 18th and 19th centuries, descendants of the French migrated west into the Piedmont, and across the Appalachian Mountains into the West of what became Kentucky, Tennessee, Missouri, and other states

---

A number of Huguenots served as mayors in Dublin, Cork, Youghal and Waterford in the 17th and 18th centuries. Numerous signs of Huguenot presence can still be seen with names still in use, and with areas of the main towns and cities named after the people who settled there. Examples include the Huguenot District and French Church Street in Cork City; and D'Olier Street in Dublin, named after a High Sheriff and one of the founders of the Bank of Ireland. A French church in Portarlington dates back to 1696, and was built to serve the significant new Huguenot community in the town. At the time, they constituted the majority of the townspeople.

---

Huguenot immigrants did not disperse or settle in different parts of the country, but rather, formed three societies or congregations; one in the city of New York, another 21 miles north of New York in a town which they named New Rochelle, and a third further upstate in New Paltz. The ""Huguenot Street Historic District"" in New Paltz has been designated a National Historic Landmark site and contains the oldest street in the United States of America. A small group of Huguenots also settled on the south shore of Staten Island along the New York Harbor, for which the current neighborhood of Huguenot was named.",0.7891,False,0.5956,False,0.4914,2.395,squad,45,mistral,ollama
6531,A decision made by what entity restored Tesla's patents?,Supreme Court of the United States,baseline, The Supreme Court of the United States,"In 1900, Tesla was granted patents for a ""system of transmitting electrical energy"" and ""an electrical transmitter."" When Guglielmo Marconi made his famous first-ever transatlantic radio transmission in 1901, Tesla quipped that it was done with 17 Tesla patents, though there is little to support this claim. This was the beginning of years of patent battles over radio with Tesla's patents being upheld in 1903, followed by a reverse decision in favor of Marconi in 1904. In 1943, a Supreme Court of the United States decision restored the prior patents of Tesla, Oliver Lodge, and John Stone. The court declared that their decision had no bearing on Marconi's claim as the first to achieve radio transmission, just that since Marconi's claim to certain patents were questionable, he could not claim infringement on those same patents (there are claims the high court was trying to nullify a World War I claim against the U.S. government by the Marconi Company via simply restoring Tesla's prior patent).

---

In 1928, Tesla received his last patent, U.S. Patent 1,655,114, for a biplane capable of taking off vertically (VTOL aircraft) and then be ""gradually tilted through manipulation of the elevator devices"" in flight until it was flying like a conventional plane. Tesla thought the plane would sell for less than $1,000.:251 Although the aircraft was probably impractical, it may be the earliest known design for what became the tiltrotor/tilt-wing concept as well as the earliest proposal for the use of turbine engines in rotor aircraft.[improper synthesis?]

---

During the period in which the negotiations were being conducted, Tesla said that efforts had been made to steal the invention. His room had been entered and his papers had been scrutinized, but the thieves, or spies, left empty-handed. He said that there was no danger that his invention could be stolen, for he had at no time committed any part of it to paper; the blueprint for the teleforce weapon was all in his mind.",0.7527,False,0.5881,False,-1.0,0.865,squad,45,mistral,ollama
6532,A decision made by what entity restored Tesla's patents?,Supreme Court of the United States,hcpc_v1," I cannot find this information in the provided context. The text mentions negotiations and theft attempts related to Tesla's inventions, but it does not specify an entity that restored his patents.",". government by the Marconi Company via simply restoring Tesla's prior patent).

---

In 1928, Tesla received his last patent, U.S

---

During the period in which the negotiations were being conducted, Tesla said that efforts had been made to steal the invention. His room had been entered and his papers had been scrutinized, but the thieves, or spies, left empty-handed",0.5236,False,0.6809,False,-1.0,1.656,squad,45,mistral,ollama
6533,A decision made by what entity restored Tesla's patents?,Supreme Court of the United States,hcpc_v2, The Supreme Court of the United States,"In 1900, Tesla was granted patents for a ""system of transmitting electrical energy"" and ""an electrical transmitter."" When Guglielmo Marconi made his famous first-ever transatlantic radio transmission in 1901, Tesla quipped that it was done with 17 Tesla patents, though there is little to support this claim. This was the beginning of years of patent battles over radio with Tesla's patents being upheld in 1903, followed by a reverse decision in favor of Marconi in 1904. In 1943, a Supreme Court of the United States decision restored the prior patents of Tesla, Oliver Lodge, and John Stone. The court declared that their decision had no bearing on Marconi's claim as the first to achieve radio transmission, just that since Marconi's claim to certain patents were questionable, he could not claim infringement on those same patents (there are claims the high court was trying to nullify a World War I claim against the U.S. government by the Marconi Company via simply restoring Tesla's prior patent).

---

In 1928, Tesla received his last patent, U.S. Patent 1,655,114, for a biplane capable of taking off vertically (VTOL aircraft) and then be ""gradually tilted through manipulation of the elevator devices"" in flight until it was flying like a conventional plane. Tesla thought the plane would sell for less than $1,000.:251 Although the aircraft was probably impractical, it may be the earliest known design for what became the tiltrotor/tilt-wing concept as well as the earliest proposal for the use of turbine engines in rotor aircraft.[improper synthesis?]

---

During the period in which the negotiations were being conducted, Tesla said that efforts had been made to steal the invention. His room had been entered and his papers had been scrutinized, but the thieves, or spies, left empty-handed . He said that there was no danger that his invention could be stolen, for he had at no time committed any part of it to paper; the blueprint for the teleforce weapon was all in his mind.",0.7527,False,0.5881,True,0.5043,0.848,squad,45,mistral,ollama
6768,What did Martin Brecht call Luther's stand on the Jews?,misguided agitation,baseline," Martin Brecht called Luther's stand on the Jews as ""misguided agitation.""","At the heart of scholars' debate about Luther's influence is whether it is anachronistic to view his work as a precursor of the racial antisemitism of the Nazis. Some scholars see Luther's influence as limited, and the Nazis' use of his work as opportunistic. Biographer Martin Brecht points out that ""There is a world of difference between his belief in salvation and a racial ideology. Nevertheless, his misguided agitation had the evil result that Luther fatefully became one of the 'church fathers' of anti-Semitism and thus provided material for the modern hatred of the Jews, cloaking it with the authority of the Reformer."" Johannes Wallmann argues that Luther's writings against the Jews were largely ignored in the 18th and 19th centuries, and that there was no continuity between Luther's thought and Nazi ideology. Uwe Siemon-Netto agreed, arguing that it was because the Nazis were already anti-Semites that they revived Luther's work. Hans J

---

. Hans J. Hillerbrand agreed that to focus on Luther was to adopt an essentially ahistorical perspective of Nazi antisemitism that ignored other contributory factors in German history. Similarly, Roland Bainton, noted church historian and Luther biographer, wrote ""One could wish that Luther had died before ever [On the Jews and Their Lies] was written. His position was entirely religious and in no respect racial.""

---

Other scholars argue that, even if his views were merely anti-Judaic—that is, opposed to Judaism and its adherence rather than the Jews as an ethnic group—their violence lent a new element to the standard Christian suspicion of Judaism. Ronald Berger writes that Luther is credited with ""Germanizing the Christian critique of Judaism and establishing anti-Semitism as a key element of German culture and national identity."" Paul Rose argues that he caused a ""hysterical and demonizing mentality"" about Jews to enter German thought and discourse, a mentality that might otherwise have been absent. Christopher J. Probst in his book Demonizing the Jews: Luther and the Protestant Church in Nazi Germany (2012), shows that a large number of German Lutheran clergy and theologians during the Nazi Third Reich used Luther's hostile publications towards the Jews and their Jewish religion to justify at least in part the anti-Semitic policies of the National Socialists.",0.4646,True,0.6368,False,-1.0,1.366,squad,45,mistral,ollama
6769,What did Martin Brecht call Luther's stand on the Jews?,misguided agitation,hcpc_v1," Martin Brecht called Luther's stand on the Jews as having a ""world of difference"" between his belief in salvation and a racial ideology.",". Some scholars see Luther's influence as limited, and the Nazis' use of his work as opportunistic. Biographer Martin Brecht points out that ""There is a world of difference between his belief in salvation and a racial ideology

---

. Similarly, Roland Bainton, noted church historian and Luther biographer, wrote ""One could wish that Luther had died before ever [On the Jews and Their Lies] was written. His position was entirely religious and in no respect racial.""

---

. Ronald Berger writes that Luther is credited with ""Germanizing the Christian critique of Judaism and establishing anti-Semitism as a key element of German culture and national identity."" Paul Rose argues that he caused a ""hysterical and demonizing",0.4622,True,0.6575,False,-1.0,1.409,squad,45,mistral,ollama
6770,What did Martin Brecht call Luther's stand on the Jews?,misguided agitation,hcpc_v2," Martin Brecht called Luther's stand on the Jews as ""misguided agitation.""","At the heart of scholars' debate about Luther's influence is whether it is anachronistic to view his work as a precursor of the racial antisemitism of the Nazis. Some scholars see Luther's influence as limited, and the Nazis' use of his work as opportunistic. Biographer Martin Brecht points out that ""There is a world of difference between his belief in salvation and a racial ideology. Nevertheless, his misguided agitation had the evil result that Luther fatefully became one of the 'church fathers' of anti-Semitism and thus provided material for the modern hatred of the Jews, cloaking it with the authority of the Reformer."" Johannes Wallmann argues that Luther's writings against the Jews were largely ignored in the 18th and 19th centuries, and that there was no continuity between Luther's thought and Nazi ideology. Uwe Siemon-Netto agreed, arguing that it was because the Nazis were already anti-Semites that they revived Luther's work. Hans J

---

. Hans J. Hillerbrand agreed that to focus on Luther was to adopt an essentially ahistorical perspective of Nazi antisemitism that ignored other contributory factors in German history. Similarly, Roland Bainton, noted church historian and Luther biographer, wrote ""One could wish that Luther had died before ever [On the Jews and Their Lies] was written. His position was entirely religious and in no respect racial.""

---

Other scholars argue that, even if his views were merely anti-Judaic—that is, opposed to Judaism and its adherence rather than the Jews as an ethnic group—their violence lent a new element to the standard Christian suspicion of Judaism . Ronald Berger writes that Luther is credited with ""Germanizing the Christian critique of Judaism and establishing anti-Semitism as a key element of German culture and national identity."" Paul Rose argues that he caused a ""hysterical and demonizing a ""hysterical and demonizing mentality"" about Jews to enter German thought and discourse, a mentality that might otherwise have been absent . Christopher J . Probst in his book Demonizing the Jews: Luther and the Protestant Church in Nazi Germany (2012), shows that a large number of German Lutheran clergy and theologians during the Nazi Third Reich used Luther's hostile publications towards the Jews and their towards the Jews and their Jewish religion to justify at least in part the anti-Semitic policies of the National Socialists.",0.4646,True,0.6322,True,0.6956,1.402,squad,45,mistral,ollama
6813,What was one of Luther's most personal writings?,The catechism,baseline," Based on the provided context, the specific personal writing of Luther is not explicitly mentioned. However, his work ""On the Freedom of a Christian"" is one of his best-known works and was published in 1520, which falls under the period described as his most creative and productive. Therefore, it could be considered one of his most personal writings during that time.","Luther's writings circulated widely, reaching France, England, and Italy as early as 1519. Students thronged to Wittenberg to hear Luther speak. He published a short commentary on Galatians and his Work on the Psalms. This early part of Luther's career was one of his most creative and productive. Three of his best-known works were published in 1520: To the Christian Nobility of the German Nation, On the Babylonian Captivity of the Church, and On the Freedom of a Christian.

---

A piece of paper was later found on which Luther had written his last statement. The statement was in Latin, apart from ""We are beggars,"" which was in German.

---

Luther's rediscovery of ""Christ and His salvation"" was the first of two points that became the foundation for the Reformation. His railing against the sale of indulgences was based on it.",0.5241,False,0.6786,False,-1.0,3.13,squad,45,mistral,ollama
6814,What was one of Luther's most personal writings?,The catechism,hcpc_v1," I cannot find information about one of Luther's most personal writings in the provided context. The context only discusses his creative and productive early career, his rediscovery of ""Christ and His salvation,"" and his railing against the sale of indulgences. It does not mention any specific personal writings.",". This early part of Luther's career was one of his most creative and productive

---

A piece of paper was later found on which Luther had written his last statement. The statement was in Latin, apart from ""We are beggars,"" which was in German.

---

Luther's rediscovery of ""Christ and His salvation"" was the first of two points that became the foundation for the Reformation. His railing against the sale of indulgences was based on it.",0.5505,False,0.6798,False,-1.0,2.592,squad,45,mistral,ollama
6815,What was one of Luther's most personal writings?,The catechism,hcpc_v2," Based on the provided context, the specific personal writing of Luther is not explicitly mentioned. However, his work ""On the Freedom of a Christian"" is one of his best-known works and was published in 1520, which falls under the period described as his most creative and productive. Therefore, it could be considered one of his most personal writings during that time.","Luther's writings circulated widely, reaching France, England, and Italy as early as 1519. Students thronged to Wittenberg to hear Luther speak. He published a short commentary on Galatians and his Work on the Psalms. This early part of Luther's career was one of his most creative and productive. Three of his best-known works were published in 1520: To the Christian Nobility of the German Nation, On the Babylonian Captivity of the Church, and On the Freedom of a Christian.

---

A piece of paper was later found on which Luther had written his last statement. The statement was in Latin, apart from ""We are beggars,"" which was in German.

---

Luther's rediscovery of ""Christ and His salvation"" was the first of two points that became the foundation for the Reformation. His railing against the sale of indulgences was based on it.",0.5241,False,0.6786,True,0.536,3.115,squad,45,mistral,ollama
6822,Who was the number two draft pick for 2011?,Von Miller,baseline, I cannot find this information in the provided context. The context only mentions the first overall picks for the 2011 NFL draft (Cam Newton and Von Miller). It does not mention who was picked second.,"This was the first Super Bowl to feature a quarterback on both teams who was the #1 pick in their draft classes. Manning was the #1 selection of the 1998 NFL draft, while Newton was picked first in 2011. The matchup also pits the top two picks of the 2011 draft against each other: Newton for Carolina and Von Miller for Denver. Manning and Newton also set the record for the largest age difference between opposing Super Bowl quarterbacks at 13 years and 48 days (Manning was 39, Newton was 26).

---

Manning finished the year with a career-low 67.9 passer rating, throwing for 2,249 yards and nine touchdowns, with 17 interceptions. In contrast, Osweiler threw for 1,967 yards, 10 touchdowns and six interceptions for a rating of 86.4. Veteran receiver Demaryius Thomas led the team with 105 receptions for 1,304 yards and six touchdowns, while Emmanuel Sanders caught 76 passes for 1,135 yards and six scores, while adding another 106 yards returning punts. Tight end Owen Daniels was also a big element of the passing game with 46 receptions for 517 yards. Running back C. J. Anderson was the team's leading rusher 863 yards and seven touchdowns, while also catching 25 passes for 183 yards. Running back Ronnie Hillman also made a big impact with 720 yards, five touchdowns, 24 receptions, and a 4.7 yards per carry average. Overall, the offense ranked 19th in scoring with 355 points and did not have any Pro Bowl selections.

---

. Carolina's secondary featured Pro Bowl safety Kurt Coleman, who led the team with a career high seven interceptions, while also racking up 88 tackles and Pro Bowl cornerback Josh Norman, who developed into a shutdown corner during the season and had four interceptions, two of which were returned for touchdowns.",0.7155,False,0.3622,False,-1.0,2.186,squad,45,mistral,ollama
6823,Who was the number two draft pick for 2011?,Von Miller,hcpc_v1, Von Miller was the number two draft pick for 2011.,". The matchup also pits the top two picks of the 2011 draft against each other: Newton for Carolina and Von Miller for Denver

---

. Tight end Owen Daniels was also a big element of the passing game with 46 receptions for 517 yards. Running back C. J. Anderson was the team's leading rusher 863 yards and seven touchdowns, while also catching 25 passes for 183 yards

---

during the season and had four interceptions, two of which were returned for touchdowns.",0.6586,False,0.4669,False,-1.0,0.76,squad,45,mistral,ollama
6824,Who was the number two draft pick for 2011?,Von Miller,hcpc_v2," I cannot find this information in the provided context. The context only mentions the first overall pick of the 2011 NFL draft, which is Cam Newton for Carolina.","This was the first Super Bowl to feature a quarterback on both teams who was the #1 pick in their draft classes. Manning was the #1 selection of the 1998 NFL draft, while Newton was picked first in 2011. The matchup also pits the top two picks of the 2011 draft against each other: Newton for Carolina and Von Miller for Denver. Manning and Newton also set the record for the largest age difference between opposing Super Bowl quarterbacks at 13 years and 48 days (Manning was 39, Newton was 26).

---

Manning finished the year with a career-low 67.9 passer rating, throwing for 2,249 yards and nine touchdowns, with 17 interceptions. In contrast, Osweiler threw for 1,967 yards, 10 touchdowns and six interceptions for a rating of 86.4. Veteran receiver Demaryius Thomas led the team with 105 receptions for 1,304 yards and six touchdowns, while Emmanuel Sanders caught 76 passes for 1,135 yards and six scores, while adding another 106 yards returning punts. Tight end Owen Daniels was also a big element of the passing game with 46 receptions for 517 yards. Running back C. J. Anderson was the team's leading rusher 863 yards and seven touchdowns, while also catching 25 passes for 183 yards. Running back Ronnie Hillman also made a big impact with 720 yards, five touchdowns, 24 receptions, and a 4.7 yards per carry average. Overall, the offense ranked 19th in scoring with 355 points and did not have any Pro Bowl selections.

---

. Carolina's secondary featured Pro Bowl safety Kurt Coleman, who led the team with a career high seven interceptions, while also racking up 88 tackles and Pro Bowl cornerback Josh Norman, who developed into a shutdown corner during the season and had four during the season and had four interceptions, two of which were returned for touchdowns.",0.7064,False,0.3629,True,0.423,1.944,squad,45,mistral,ollama
6861,How much did Tesla sell his AC patents to Westinghouse Electric for?,"$216,000",baseline," The provided context does not specify when or how much Tesla sold his AC patents to Westinghouse Electric, but it mentions that Westinghouse purchased them for a lump sum payment of $216,000 in exchange for releasing Tesla's company from the licensing agreement.",". Westinghouse convinced Tesla to release his company from the licensing agreement over Tesla's AC patents in exchange for Westinghouse Electric purchasing the patents for a lump sum payment of $216,000; this provided Westinghouse a break from what, due to alternating current's rapid gain in popularity, had turned out to be an overly generous $2.50 per AC horsepower royalty.

---

In July 1888, Brown and Peck negotiated a licensing deal with George Westinghouse for Tesla's polyphase induction motor and transformer designs for $60,000 in cash and stock and a royalty of $2.50 per AC horsepower produced by each motor. Westinghouse also hired Tesla for one year for the large fee of $2,000 ($52,700 in today's dollars) per month to be a consultant at the Westinghouse Electric & Manufacturing Company's Pittsburgh labs.

---

Tesla gained experience in telephony and electrical engineering before emigrating to the United States in 1884 to work for Thomas Edison in New York City. He soon struck out on his own with financial backers, setting up laboratories and companies to develop a range of electrical devices. His patented AC induction motor and transformer were licensed by George Westinghouse, who also hired Tesla for a short time as a consultant. His work in the formative years of electric power development was involved in a corporate alternating current/direct current ""War of Currents"" as well as various patent battles.",0.4966,True,0.7259,False,-1.0,2.839,squad,45,mistral,ollama
6862,How much did Tesla sell his AC patents to Westinghouse Electric for?,"$216,000",hcpc_v1," The context states that Westinghouse purchased Tesla's AC patents for a lump sum payment of $216,000.",". Westinghouse convinced Tesla to release his company from the licensing agreement over Tesla's AC patents in exchange for Westinghouse Electric purchasing the patents for a lump sum payment of $216,000; this provided Westinghouse a break from what, due to alternating current's rapid gain in popularity, had turned out to be an overly generous $2.50 per AC horsepower royalty.

---

. Westinghouse also hired Tesla for one year for the large fee of $2,000 ($52,700 in today's dollars) per month to be a consultant at the Westinghouse Electric & Manufacturing Company's Pittsburgh labs.

---

. His patented AC induction motor and transformer were licensed by George Westinghouse, who also hired Tesla for a short time as a consultant",0.9838,False,0.7366,False,-1.0,1.301,squad,45,mistral,ollama
6863,How much did Tesla sell his AC patents to Westinghouse Electric for?,"$216,000",hcpc_v2," The provided context does not specify when or how much Tesla sold his AC patents to Westinghouse Electric, but it mentions that Westinghouse purchased them for a lump sum payment of $216,000 in exchange for releasing Tesla's company from the licensing agreement.",". Westinghouse convinced Tesla to release his company from the licensing agreement over Tesla's AC patents in exchange for Westinghouse Electric purchasing the patents for a lump sum payment of $216,000; this provided Westinghouse a break from what, due to alternating current's rapid gain in popularity, had turned out to be an overly generous $2.50 per AC horsepower royalty.

---

In July 1888, Brown and Peck negotiated a licensing deal with George Westinghouse for Tesla's polyphase induction motor and transformer designs for $60,000 in cash and stock and a royalty of $2.50 per AC horsepower produced by each motor. Westinghouse also hired Tesla for one year for the large fee of $2,000 ($52,700 in today's dollars) per month to be a consultant at the Westinghouse Electric & Manufacturing Company's Pittsburgh labs.

---

Tesla gained experience in telephony and electrical engineering before emigrating to the United States in 1884 to work for Thomas Edison in New York City. He soon struck out on his own with financial backers, setting up laboratories and companies to develop a range of electrical devices. His patented AC induction motor and transformer were licensed by George Westinghouse, who also hired Tesla for a short time as a consultant. His work in the formative years of electric power development was involved in a corporate alternating current/direct current ""War of Currents"" as well as various patent battles.",0.4966,True,0.7259,False,0.6701,2.725,squad,45,mistral,ollama
7038,Where is the Jazz Jamboree hosted?,Warsaw,baseline," I cannot find this information in the provided context. The context only mentions that Warsaw hosts the Jazz Jamboree, but it does not specify where within Warsaw the event takes place.","Thanks to numerous musical venues, including the Teatr Wielki, the Polish National Opera, the Chamber Opera, the National Philharmonic Hall and the National Theatre, as well as the Roma and Buffo music theatres and the Congress Hall in the Palace of Culture and Science, Warsaw hosts many events and festivals. Among the events worth particular attention are: the International Frédéric Chopin Piano Competition, the International Contemporary Music Festival Warsaw Autumn, the Jazz Jamboree, Warsaw Summer Jazz Days, the International Stanisław Moniuszko Vocal Competition, the Mozart Festival, and the Festival of Old Music.

---

The league eventually narrowed the bids to three sites: New Orleans' Mercedes-Benz Superdome, Miami's Sun Life Stadium, and the San Francisco Bay Area's Levi's Stadium.

---

The flagship stations of each station in the markets of each team will carry their local play-by-play calls. In Denver, KOA (850 AM) and KRFX (103.5 FM) will carry the game, with Dave Logan on play-by-play and Ed McCaffrey on color commentary. In North Carolina, WBT (1110 AM) will carry the game, with Mick Mixon on play-by-play and Eugene Robinson and Jim Szoke on color commentary. WBT will also simulcast the game on its sister station WBT-FM (99.3 FM), which is based in Chester, South Carolina. As KOA and WBT are both clear-channel stations, the local broadcasts will be audible over much of the western United States after sunset (for Denver) and the eastern United States throughout the game (for Carolina). In accordance with contractual rules, the rest of the stations in the Broncos and Panthers radio networks will either carry the Westwood One feed or not carry the game at all.",0.7052,False,0.3556,False,-1.0,2.006,squad,45,mistral,ollama
7039,Where is the Jazz Jamboree hosted?,Warsaw,hcpc_v1, I cannot find this information in the provided context. The context does not specify where the Jazz Jamboree is hosted.,". Among the events worth particular attention are: the International Frédéric Chopin Piano Competition, the International Contemporary Music Festival Warsaw Autumn, the Jazz Jamboree, Warsaw Summer Jazz Days, the International Stanisław Moniuszko Vocal

---

The league eventually narrowed the bids to three sites: New Orleans' Mercedes-Benz Superdome, Miami's Sun Life Stadium, and the San Francisco Bay Area's Levi's Stadium.

---

. WBT will also simulcast the game on its sister station WBT-FM (99.3 FM), which is based in Chester, South Carolina",0.7319,False,0.3845,False,-1.0,1.137,squad,45,mistral,ollama
7040,Where is the Jazz Jamboree hosted?,Warsaw,hcpc_v2," I cannot find this information in the provided context. The context only mentions events in Warsaw, Poland, but does not specify where the Jazz Jamboree is held.","Thanks to numerous musical venues, including the Teatr Wielki, the Polish National Opera, the Chamber Opera, the National Philharmonic Hall and the National Theatre, as well as the Roma and Buffo music theatres and the Congress Hall in the Palace of Culture and Science, Warsaw hosts many events and festivals. Among the events worth particular attention are: the International Frédéric Chopin Piano Competition, the International Contemporary Music Festival Warsaw Autumn, the Jazz Jamboree, Warsaw Summer Jazz Days, the International Stanisław Moniuszko Vocal Competition, the Mozart Festival, and the Festival of Old Music.

---

The league eventually narrowed the bids to three sites: New Orleans' Mercedes-Benz Superdome, Miami's Sun Life Stadium, and the San Francisco Bay Area's Levi's Stadium.

---

The flagship stations of each station in the markets of each team will carry their local play-by-play calls. In Denver, KOA (850 AM) and KRFX (103.5 FM) will carry the game, with Dave Logan on play-by-play and Ed McCaffrey on color commentary . In North Carolina, WBT (1110 AM) will carry the game, with Mick Mixon on play-by-play and Eugene Robinson and Jim Szoke on color commentary . WBT will also simulcast the game on its sister station WBT-FM (99.3 FM), which is based in Chester, South Carolina . As KOA and WBT are both clear-channel stations, the local broadcasts will be audible over much of the western United States after sunset (for Denver) and the eastern United States throughout the game (for Carolina) . In accordance with contractual rules, the rest of the stations in the Broncos and Panthers radio networks will either carry the Westwood One feed or not carry the game at all.",0.7094,False,0.3531,True,0.1478,1.832,squad,45,mistral,ollama
7077,What did Martin Luther's marriage allow?,Protestant clergy to marry.,baseline," Based on the provided context, Martin Luther's marriage allowed him to marry Katharina von Bora and set an example that other priests could also marry. It also allowed him to have a family and earn a living through farming and taking in boarders.","Some priests and former religious had already married, including Andreas Karlstadt and Justus Jonas, but Luther's wedding set the seal of approval on clerical marriage. He had long condemned vows of celibacy on Biblical grounds, but his decision to marry surprised many, not least Melanchthon, who called it reckless. Luther had written to George Spalatin on 30 November 1524, ""I shall never take a wife, as I feel at present. Not that I am insensible to my flesh or sex (for I am neither wood nor stone); but my mind is averse to wedlock because I daily expect the death of a heretic."" Before marrying, Luther had been living on the plainest food, and, as he admitted himself, his mildewed bed was not properly made for months at a time.

---

Martin Luther married Katharina von Bora, one of 12 nuns he had helped escape from the Nimbschen Cistercian convent in April 1523, when he arranged for them to be smuggled out in herring barrels. ""Suddenly, and while I was occupied with far different thoughts,"" he wrote to Wenceslaus Link, ""the Lord has plunged me into marriage."" At the time of their marriage, Katharina was 26 years old and Luther was 41 years old.

---

Luther and his wife moved into a former monastery, ""The Black Cloister,"" a wedding present from the new elector John the Steadfast (1525–32). They embarked on what appeared to have been a happy and successful marriage, though money was often short. Between bearing six children, Hans – June 1526; Elizabeth – 10 December 1527, who died within a few months; Magdalene – 1529, who died in Luther's arms in 1542; Martin – 1531; Paul – January 1533; and Margaret – 1534; Katharina helped the couple earn a living by farming the land and taking in boarders. Luther confided to Michael Stiefel on 11 August 1526: ""My Katie is in all things so obliging and pleasing to me that I would not exchange my poverty for the riches of Croesus.""",0.7397,False,0.667,False,-1.0,2.537,squad,45,mistral,ollama
7078,What did Martin Luther's marriage allow?,Protestant clergy to marry.,hcpc_v1," Based on the provided context, Martin Luther's marriage allowed for clerical marriage as it set the seal of approval on this practice. However, there is no direct information in the context about what specific things his marriage allowed beyond that.","Some priests and former religious had already married, including Andreas Karlstadt and Justus Jonas, but Luther's wedding set the seal of approval on clerical marriage

---

. ""Suddenly, and while I was occupied with far different thoughts,"" he wrote to Wenceslaus Link, ""the Lord has plunged me into marriage."" At the time of their marriage, Katharina was 26 years old and Luther was 41 years old.

---

Luther and his wife moved into a former monastery, ""The Black Cloister,"" a wedding present from the new elector John the Steadfast (1525–32). They embarked on what appeared to have been a happy and successful marriage, though money was often short",0.5677,False,0.6508,False,-1.0,1.941,squad,45,mistral,ollama
7079,What did Martin Luther's marriage allow?,Protestant clergy to marry.,hcpc_v2," Based on the provided context, Martin Luther's marriage allowed him to marry Katharina von Bora and set an example that other priests could also marry. It also allowed him to have a family and earn a living through farming and taking in boarders.","Some priests and former religious had already married, including Andreas Karlstadt and Justus Jonas, but Luther's wedding set the seal of approval on clerical marriage. He had long condemned vows of celibacy on Biblical grounds, but his decision to marry surprised many, not least Melanchthon, who called it reckless. Luther had written to George Spalatin on 30 November 1524, ""I shall never take a wife, as I feel at present. Not that I am insensible to my flesh or sex (for I am neither wood nor stone); but my mind is averse to wedlock because I daily expect the death of a heretic."" Before marrying, Luther had been living on the plainest food, and, as he admitted himself, his mildewed bed was not properly made for months at a time.

---

Martin Luther married Katharina von Bora, one of 12 nuns he had helped escape from the Nimbschen Cistercian convent in April 1523, when he arranged for them to be smuggled out in herring barrels. ""Suddenly, and while I was occupied with far different thoughts,"" he wrote to Wenceslaus Link, ""the Lord has plunged me into marriage."" At the time of their marriage, Katharina was 26 years old and Luther was 41 years old.

---

Luther and his wife moved into a former monastery, ""The Black Cloister,"" a wedding present from the new elector John the Steadfast (1525–32). They embarked on what appeared to have been a happy and successful marriage, though money was often short. Between bearing six children, Hans – June 1526; Elizabeth – 10 December 1527, who died within a few months; Magdalene – 1529, who died in Luther's arms in 1542; Martin – 1531; Paul – January 1533; and Margaret – 1534; Katharina helped the couple earn a living by farming the land and taking in boarders. Luther confided to Michael Stiefel on 11 August 1526: ""My Katie is in all things so obliging and pleasing to me that I would not exchange my poverty for the riches of Croesus.""",0.7397,False,0.667,False,0.6288,2.519,squad,45,mistral,ollama
7197,What profession did Martin's father want his son to pursue?,lawyer,baseline," Hans Luther, Martin Luther's father, wanted his son to pursue a career as a lawyer.","Martin Luther was born to Hans Luder (or Ludher, later Luther) and his wife Margarethe (née Lindemann) on 10 November 1483 in Eisleben, Saxony, then part of the Holy Roman Empire. He was baptized as a Catholic the next morning on the feast day of St. Martin of Tours. His family moved to Mansfeld in 1484, where his father was a leaseholder of copper mines and smelters and served as one of four citizen representatives on the local council. The religious scholar Martin Marty describes Luther's mother as a hard-working woman of ""trading-class stock and middling means"" and notes that Luther's enemies later wrongly described her as a whore and bath attendant. He had several brothers and sisters, and is known to have been close to one of them, Jacob. Hans Luther was ambitious for himself and his family, and he was determined to see Martin, his eldest son, become a lawyer

---

. He sent Martin to Latin schools in Mansfeld, then Magdeburg in 1497, where he attended a school operated by a lay group called the Brethren of the Common Life, and Eisenach in 1498. The three schools focused on the so-called ""trivium"": grammar, rhetoric, and logic. Luther later compared his education there to purgatory and hell.

---

In accordance with his father's wishes, Luther enrolled in law school at the same university that year but dropped out almost immediately, believing that law represented uncertainty. Luther sought assurances about life and was drawn to theology and philosophy, expressing particular interest in Aristotle, William of Ockham, and Gabriel Biel. He was deeply influenced by two tutors, Bartholomaeus Arnoldi von Usingen and Jodocus Trutfetter, who taught him to be suspicious of even the greatest thinkers and to test everything himself by experience. Philosophy proved to be unsatisfying, offering assurance about the use of reason but none about loving God, which to Luther was more important. Reason could not lead men to God, he felt, and he thereafter developed a love-hate relationship with Aristotle over the latter's emphasis on reason. For Luther, reason could be used to question men and institutions, but not God",0.7248,False,0.4506,False,-1.0,1.353,squad,45,mistral,ollama
7198,What profession did Martin's father want his son to pursue?,lawyer,hcpc_v1," Based on the provided context, Hans Luther wanted his eldest son, Martin, to become a lawyer.",". He had several brothers and sisters, and is known to have been close to one of them, Jacob. Hans Luther was ambitious for himself and his family, and he was determined to see Martin, his eldest son, become a lawyer

---

. He sent Martin to Latin schools in Mansfeld, then Magdeburg in 1497, where he attended a school operated by a lay group called the Brethren of the Common Life, and Eisenach in 1498

---

In accordance with his father's wishes, Luther enrolled in law school at the same university that year but dropped out almost immediately, believing that law represented uncertainty",0.6922,False,0.5088,False,-1.0,1.009,squad,45,mistral,ollama
7199,What profession did Martin's father want his son to pursue?,lawyer,hcpc_v2," Hans Luther, Martin Luther's father, wanted his son to pursue a career as a lawyer.","Martin Luther was born to Hans Luder (or Ludher, later Luther) and his wife Margarethe (née Lindemann) on 10 November 1483 in Eisleben, Saxony, then part of the Holy Roman Empire. He was baptized as a Catholic the next morning on the feast day of St. Martin of Tours. His family moved to Mansfeld in 1484, where his father was a leaseholder of copper mines and smelters and served as one of four citizen representatives on the local council. The religious scholar Martin Marty describes Luther's mother as a hard-working woman of ""trading-class stock and middling means"" and notes that Luther's enemies later wrongly described her as a whore and bath attendant. He had several brothers and sisters, and is known to have been close to one of them, Jacob. Hans Luther was ambitious for himself and his family, and he was determined to see Martin, his eldest son, become a lawyer

---

. He sent Martin to Latin schools in Mansfeld, then Magdeburg in 1497, where he attended a school operated by a lay group called the Brethren of the Common Life, and Eisenach in 1498. The three schools focused on the so-called ""trivium"": grammar, rhetoric, and logic. Luther later compared his education there to purgatory and hell.

---

In accordance with his father's wishes, Luther enrolled in law school at the same university that year but dropped out almost immediately, believing that law represented uncertainty . Luther sought assurances about life and was drawn to theology and philosophy, expressing particular interest in Aristotle, William of Ockham, and Gabriel Biel . He was deeply influenced by two tutors, Bartholomaeus Arnoldi von Usingen and Jodocus Trutfetter, who taught him to be suspicious of even the greatest thinkers and to test everything himself by experience . Philosophy proved to be unsatisfying, offering assurance about the use of reason but none about loving God, which to Luther was more important . Reason could not lead men to God, he felt, and he thereafter developed a love-hate relationship with Aristotle over the latter's emphasis on reason. For Luther, reason could be used to question men and institutions, but not God",0.7248,False,0.4499,True,0.4432,1.342,squad,45,mistral,ollama
7212,What year did the league begin having schedules with 16 games in them?,1978,baseline, The context does not provide information about when the league began having schedules with 16 games in them.,"Following a lengthy legal battle with the European Commission, which deemed the exclusivity of the rights to be against the interests of competition and the consumer, BSkyB's monopoly came to an end from the 2007–08 season. In May 2006, the Irish broadcaster Setanta Sports was awarded two of the six Premier League packages that the English FA offered to broadcasters. Sky picked up the remaining four for £1.3bn. In February 2015, Sky bid £4.2bn for a package of 120 premier league games across the three seasons from 2016. This represented an increase of 70% on the previous contract and was said to be £1bn more than the company had expected to pay. The move has been followed by staff cuts, increased subscription prices (including 9% in Sky's family package) and the dropping of the 3D channel.

---

In the autumn of 1991, talks were held for the broadcast rights for Premier League for a five-year period, from the 1992 season. ITV were the current rights holders, and fought hard to retain the new rights. ITV had increased its offer from £18m to £34m per year to keep control of the rights. BSkyB joined forces with the BBC to make a counter bid. The BBC was given the highlights of most of the matches, while BSkyB paying £304m for the Premier League rights, would give them a monopoly of all live matches, up to 60 per year from the 1992 season.  Murdoch described sport as a ""battering ram"" for pay-television, providing a strong customer base. A few weeks after the deal, ITV went to the High Court to get an injunction as it believed their bid details had been leaked before the decision was taken. ITV also asked the Office of Fair Trading to investigate since it believed Rupert Murdoch's media empire via its newspapers had influenced the deal

---

Despite waiving longtime running back DeAngelo Williams and losing top wide receiver Kelvin Benjamin to a torn ACL in the preseason, the Carolina Panthers had their best regular season in franchise history, becoming the seventh team to win at least 15 regular season games since the league expanded to a 16-game schedule in 1978. Carolina started the season 14–0, not only setting franchise records for the best start and the longest single-season winning streak, but also posting the best start to a season by an NFC team in NFL history, breaking the 13–0 record previously shared with the 2009 New Orleans Saints and the 2011 Green Bay Packers. With their NFC-best 15–1 regular season record, the Panthers clinched home-field advantage throughout the NFC playoffs for the first time in franchise history. Ten players were selected to the Pro Bowl (the most in franchise history) along with eight All-Pro selections.",0.732,False,0.3197,False,-1.0,1.631,squad,45,mistral,ollama
7213,What year did the league begin having schedules with 16 games in them?,1978,hcpc_v1, I cannot find this information in the provided context. The context does not provide any details about when the league expanded to a 16-game schedule.,". In February 2015, Sky bid £4.2bn for a package of 120 premier league games across the three seasons from 2016. This represented an increase of 70% on the previous contract and was said to be £1bn more than the company had expected to pay

---

. The BBC was given the highlights of most of the matches, while BSkyB paying £304m for the Premier League rights, would give them a monopoly of all live matches, up to 60 per year from the 1992 season

---

seventh team to win at least 15 regular season games since the league expanded to a 16-game schedule in 1978",0.6031,False,0.4977,False,-1.0,1.407,squad,45,mistral,ollama
7214,What year did the league begin having schedules with 16 games in them?,1978,hcpc_v2, The context does not provide information about when the league began having schedules with 16 games in them.,"Following a lengthy legal battle with the European Commission, which deemed the exclusivity of the rights to be against the interests of competition and the consumer, BSkyB's monopoly came to an end from the 2007–08 season. In May 2006, the Irish broadcaster Setanta Sports was awarded two of the six Premier League packages that the English FA offered to broadcasters. Sky picked up the remaining four for £1.3bn. In February 2015, Sky bid £4.2bn for a package of 120 premier league games across the three seasons from 2016. This represented an increase of 70% on the previous contract and was said to be £1bn more than the company had expected to pay. The move has been followed by staff cuts, increased subscription prices (including 9% in Sky's family package) and the dropping of the 3D channel.

---

In the autumn of 1991, talks were held for the broadcast rights for Premier League for a five-year period, from the 1992 season. ITV were the current rights holders, and fought hard to retain the new rights. ITV had increased its offer from £18m to £34m per year to keep control of the rights. BSkyB joined forces with the BBC to make a counter bid. The BBC was given the highlights of most of the matches, while BSkyB paying £304m for the Premier League rights, would give them a monopoly of all live matches, up to 60 per year from the 1992 season.  Murdoch described sport as a ""battering ram"" for pay-television, providing a strong customer base. A few weeks after the deal, ITV went to the High Court to get an injunction as it believed their bid details had been leaked before the decision was taken. ITV also asked the Office of Fair Trading to investigate since it believed Rupert Murdoch's media empire via its newspapers had influenced the deal

---

Despite waiving longtime running back DeAngelo Williams and losing top wide receiver Kelvin Benjamin to a torn ACL in the preseason, the Carolina Panthers had their best regular season in franchise history, becoming the seventh team to win at least 15 regular season games since the league expanded to a 16-game schedule in 1978. Carolina started the season 14–0, not only setting franchise records for the best start and the longest single-season winning streak, but also posting the best start to a season by an NFC team in NFL history, breaking the 13–0 record previously shared with the 2009 New Orleans Saints and the 2011 Green Bay Packers. With their NFC-best 15–1 regular season record, the Panthers clinched home-field advantage throughout the NFC playoffs for the first time in franchise history. Ten players were selected to the Pro Bowl (the most in franchise history) along with eight All-Pro selections.",0.732,False,0.3197,False,0.0999,1.607,squad,45,mistral,ollama
7308,The legislation allowed California to be admitted to the Union as what kind of state?,free,baseline," The provided context does not specify that the legislation allowed California to be admitted to the Union as a specific type of state (free or slave). However, it is mentioned that the Compromise of 1850 enabled California to be admitted to the Union as a free state, preventing southern California from becoming its own separate slave state.","Subsequently, Californios (dissatisfied with inequitable taxes and land laws) and pro-slavery southerners in the lightly populated ""Cow Counties"" of southern California attempted three times in the 1850s to achieve a separate statehood or territorial status separate from Northern California. The last attempt, the Pico Act of 1859, was passed by the California State Legislature and signed by the State governor John B. Weller. It was approved overwhelmingly by nearly 75% of voters in the proposed Territory of Colorado. This territory was to include all the counties up to the then much larger Tulare County (that included what is now Kings, most of Kern, and part of Inyo counties) and San Luis Obispo County. The proposal was sent to Washington, D.C. with a strong advocate in Senator Milton Latham. However, the secession crisis following the election of Abraham Lincoln in 1860 led to the proposal never coming to a vote.

---

Though there is no official definition for the northern boundary of southern California, such a division has existed from the time when Mexico ruled California, and political disputes raged between the Californios of Monterey in the upper part and Los Angeles in the lower part of Alta California. Following the acquisition of California by the United States, the division continued as part of the attempt by several pro-slavery politicians to arrange the division of Alta California at 36 degrees, 30 minutes, the line of the Missouri Compromise. Instead, the passing of the Compromise of 1850 enabled California to be admitted to the Union as a free state, preventing southern California from becoming its own separate slave state.

---

The 8- and 10-county definitions are not used for the greater Southern California Megaregion, one of the 11 megaregions of the United States. The megaregion's area is more expansive, extending east into Las Vegas, Nevada, and south across the Mexican border into Tijuana.",0.567,False,0.4912,False,-1.0,3.091,squad,45,mistral,ollama
7309,The legislation allowed California to be admitted to the Union as what kind of state?,free,hcpc_v1, A free state,"statehood or territorial status separate from Northern California

---

. Instead, the passing of the Compromise of 1850 enabled California to be admitted to the Union as a free state, preventing southern California from becoming its own separate slave state.

---

The 8- and 10-county definitions are not used for the greater Southern California Megaregion, one of the 11 megaregions of the United States",0.3159,True,0.6058,False,-1.0,0.308,squad,45,mistral,ollama
7310,The legislation allowed California to be admitted to the Union as what kind of state?,free,hcpc_v2," The provided context does not specify that the legislation allowed California to be admitted to the Union as a specific type of state (free or slave). However, it is mentioned that the Compromise of 1850 enabled California to be admitted to the Union as a free state, preventing southern California from becoming its own separate slave state.","Subsequently, Californios (dissatisfied with inequitable taxes and land laws) and pro-slavery southerners in the lightly populated ""Cow Counties"" of southern California attempted three times in the 1850s to achieve a separate statehood or territorial status separate from Northern California. The last attempt, the Pico Act of 1859, was passed by the California State Legislature and signed by the State governor John B. Weller. It was approved overwhelmingly by nearly 75% of voters in the proposed Territory of Colorado. This territory was to include all the counties up to the then much larger Tulare County (that included what is now Kings, most of Kern, and part of Inyo counties) and San Luis Obispo County. The proposal was sent to Washington, D.C. with a strong advocate in Senator Milton Latham. However, the secession crisis following the election of Abraham Lincoln in 1860 led to the proposal never coming to a vote.

---

Though there is no official definition for the northern boundary of southern California, such a division has existed from the time when Mexico ruled California, and political disputes raged between the Californios of Monterey in the upper part and Los Angeles in the lower part of Alta California. Following the acquisition of California by the United States, the division continued as part of the attempt by several pro-slavery politicians to arrange the division of Alta California at 36 degrees, 30 minutes, the line of the Missouri Compromise. Instead, the passing of the Compromise of 1850 enabled California to be admitted to the Union as a free state, preventing southern California from becoming its own separate slave state.

---

The 8- and 10-county definitions are not used for the greater Southern California Megaregion, one of the 11 megaregions of the United States . The megaregion's area is more expansive, extending east into Las Vegas, Nevada, and south across the Mexican border into Tijuana.",0.567,False,0.4912,True,0.42,3.091,squad,45,mistral,ollama
7440,"What was the definition of professionals, for this study?","priests, religious leaders, and case workers as well as teachers",baseline," In the provided context, professionals are individuals who carry out formal teaching and enjoy a status in some societies on a par with physicians, lawyers, engineers, and accountants (Chartered or CPA).","Teaching may be carried out informally, within the family, which is called homeschooling, or in the wider community. Formal teaching may be carried out by paid professionals. Such professionals enjoy a status in some societies on a par with physicians, lawyers, engineers, and accountants (Chartered or CPA).

---

The objective is typically a course of study, lesson plan, or a practical skill. A teacher may follow standardized curricula as determined by the relevant authority. The teacher may interact with students of different ages, from infants to adults, students with different abilities and students with learning disabilities.

---

The role of teacher is often formal and ongoing, carried out at a school or other place of formal education. In many countries, a person who wishes to become a teacher must first obtain specified professional qualifications or credentials from a university or college. These professional qualifications may include the study of pedagogy, the science of teaching. Teachers, like other professionals, may have to continue their education after they qualify, a process known as continuing professional development. Teachers may use a lesson plan to facilitate student learning, providing a course of study which is called the curriculum.",0.8913,False,0.3841,False,-1.0,1.916,squad,45,mistral,ollama
7441,"What was the definition of professionals, for this study?","priests, religious leaders, and case workers as well as teachers",hcpc_v1," In the provided context, professionals are individuals who enjoy a high status in some societies, comparable to physicians, lawyers, engineers, and accountants (Chartered or CPA).",". Such professionals enjoy a status in some societies on a par with physicians, lawyers, engineers, and accountants (Chartered or CPA).

---

The objective is typically a course of study, lesson plan, or a practical skill. A teacher may follow standardized curricula as determined by the relevant authority

---

. Teachers, like other professionals, may have to continue their education after they qualify, a process known as continuing professional development",0.9453,False,0.4407,False,-1.0,1.529,squad,45,mistral,ollama
7442,"What was the definition of professionals, for this study?","priests, religious leaders, and case workers as well as teachers",hcpc_v2," In the provided context, professionals are individuals who carry out formal teaching and enjoy a status in some societies on a par with physicians, lawyers, engineers, and accountants (Chartered or CPA).","Teaching may be carried out informally, within the family, which is called homeschooling, or in the wider community. Formal teaching may be carried out by paid professionals. Such professionals enjoy a status in some societies on a par with physicians, lawyers, engineers, and accountants (Chartered or CPA).

---

The objective is typically a course of study, lesson plan, or a practical skill. A teacher may follow standardized curricula as determined by the relevant authority. The teacher may interact with students of different ages, from infants to adults, students with different abilities and students with learning disabilities.

---

The role of teacher is often formal and ongoing, carried out at a school or other place of formal education . In many countries, a person who wishes to become a teacher must first obtain specified professional qualifications or credentials from a university or college. These professional qualifications may include the study of pedagogy, the science of teaching . Teachers, like other professionals, may have to continue their education after they qualify, a process known as continuing professional development . Teachers may use a lesson plan to facilitate student learning, providing a course of study which is called the curriculum.",0.8913,False,0.3888,True,0.5014,1.898,squad,45,mistral,ollama
