row_id,source_row,dataset,seed,condition,question,ground_truth,context,mean_retrieval_similarity,ccs,refined,generator_model,answer,generation_latency_s,error,faith_deberta,is_hallucination,faith_second_nli,second_nli_label,faith_ragas,ragas_reason
129:baseline:qwen2.5,129,squad,41,baseline,What does refusing to preach the Ten Commandments not do?,eliminate the accusing law,"In his theses and disputations against the antinomians, Luther reviews and reaffirms, on the one hand, what has been called the ""second use of the law,"" that is, the law as the Holy Spirit's tool to work sorrow over sin in man's heart, thus preparing him for Christ's fulfillment of the law offered in the gospel. Luther states that everything that is used to work sorrow over sin is called the law, even if it is Christ's life, Christ's death for sin, or God's goodness experienced in creation. Simply refusing to preach the Ten Commandments among Christians – thereby, as it were, removing the three letters l-a-w from the church – does not eliminate the accusing law. Claiming that the law – in any form – should not be preached to Christians anymore would be tantamount to asserting that Christians are no longer sinners in themselves and that the church consists only of essentially holy people.

---

On the other hand, Luther also points out that the Ten Commandments – when considered not as God's condemning judgment but as an expression of his eternal will, that is, of the natural law – also positively teach how the Christian ought to live. This has traditionally been called the ""third use of the law."" For Luther, also Christ's life, when understood as an example, is nothing more than an illustration of the Ten Commandments, which a Christian should follow in his or her vocations on a daily basis.

---

The Ten Commandments, and the beginnings of the renewed life of Christians accorded to them by the sacrament of baptism, are a present foreshadowing of the believers' future angel-like life in heaven in the midst of this life. Luther's teaching of the Ten Commandments, therefore, has clear eschatological overtones, which, characteristically for Luther, do not encourage world-flight but direct the Christian to service to the neighbor in the common, daily vocations of this perishing world.",0.4918,-1.0,False,qwen2.5,Refusing to preach the Ten Commandments among Christians does not eliminate the accusing law.,5.4438,,0.4593,True,0.271,hallucinated,1.0,The answer directly quotes and supports the claim from the context.
130:hcpc_v1:qwen2.5,130,squad,41,hcpc_v1,What does refusing to preach the Ten Commandments not do?,eliminate the accusing law,". Simply refusing to preach the Ten Commandments among Christians – thereby, as it were, removing the three letters l-a-w from the church – does not eliminate the accusing law

---

On the other hand, Luther also points out that the Ten Commandments – when considered not as God's condemning judgment but as an expression of his eternal will, that is, of the natural law – also positively teach how the Christian ought to live

---

. Luther's teaching of the Ten Commandments, therefore, has clear eschatological overtones, which, characteristically for Luther, do not encourage world-flight but direct the Christian to service to the neighbor in the common, daily vocations of this",0.6113,-1.0,False,qwen2.5,Refusing to preach the Ten Commandments among Christians does not eliminate the accusing law.,2.9971,,0.4593,True,0.271,hallucinated,1.0,The answer directly quotes from the provided context.
131:hcpc_v2:qwen2.5,131,squad,41,hcpc_v2,What does refusing to preach the Ten Commandments not do?,eliminate the accusing law,"In his theses and disputations against the antinomians, Luther reviews and reaffirms, on the one hand, what has been called the ""second use of the law,"" that is, the law as the Holy Spirit's tool to work sorrow over sin in man's heart, thus preparing him for Christ's fulfillment of the law offered in the gospel. Luther states that everything that is used to work sorrow over sin is called the law, even if it is Christ's life, Christ's death for sin, or God's goodness experienced in creation. Simply refusing to preach the Ten Commandments among Christians – thereby, as it were, removing the three letters l-a-w from the church – does not eliminate the accusing law. Claiming that the law – in any form – should not be preached to Christians anymore would be tantamount to asserting that Christians are no longer sinners in themselves and that the church consists only of essentially holy people.

---

On the other hand, Luther also points out that the Ten Commandments – when considered not as God's condemning judgment but as an expression of his eternal will, that is, of the natural law – also positively teach how the Christian ought to live. This has traditionally been called the ""third use of the law."" For Luther, also Christ's life, when understood as an example, is nothing more than an illustration of the Ten Commandments, which a Christian should follow in his or her vocations on a daily basis.

---

The Ten Commandments, and the beginnings of the renewed life of Christians accorded to them by the sacrament of baptism, are a present foreshadowing of the believers' future angel-like life in heaven in the midst of this life. Luther's teaching of the Ten Commandments, therefore, has clear eschatological overtones, which, characteristically for Luther, do not encourage world-flight but direct the Christian to service to the neighbor in the common, daily vocations of this perishing world.",0.4918,0.6114,False,qwen2.5,Refusing to preach the Ten Commandments among Christians does not eliminate the accusing law.,5.1496,,0.4593,True,0.271,hallucinated,1.0,The answer directly quotes and supports the claim from the context.
132:baseline:qwen2.5,132,squad,41,baseline,What does the Museum of the Polish Army portray the history of?,arms,"A fine tribute to the fall of Warsaw and history of Poland can be found in the Warsaw Uprising Museum and in the Katyń Museum which preserves the memory of the crime. The Warsaw Uprising Museum also operates a rare preserved and operating historic stereoscopic theatre, the Warsaw Fotoplastikon. The Museum of Independence preserves patriotic and political objects connected with Poland's struggles for independence. Dating back to 1936 Warsaw Historical Museum contains 60 rooms which host a permanent exhibition of the history of Warsaw from its origins until today.

---

As interesting examples of expositions the most notable are: the world's first Museum of Posters boasting one of the largest collections of art posters in the world, Museum of Hunting and Riding and the Railway Museum. From among Warsaw's 60 museums, the most prestigious ones are National Museum with a collection of works whose origin ranges in time from antiquity till the present epoch as well as one of the best collections of paintings in the country including some paintings from Adolf Hitler's private collection, and Museum of the Polish Army whose set portrays the history of arms.

---

The city is the seat of a Roman Catholic archdiocese (left bank of the Vistula) and diocese (right bank), and possesses various universities, most notably the Polish Academy of Sciences and the University of Warsaw, two opera houses, theatres, museums, libraries and monuments. The historic city-centre of Warsaw with its picturesque Old Town in 1980 was listed as a UNESCO World Heritage Site. Other main architectural attractions include the Castle Square with the Royal Castle and the iconic King Sigismund's Column, St. John's Cathedral, Market Square, palaces, churches and mansions all displaying a richness of colour and architectural detail. Buildings represent examples of nearly every European architectural style and historical period. Warsaw provides many examples of architecture from the gothic, renaissance, baroque and neoclassical periods, and around a quarter of the city is filled with luxurious parks and royal gardens.",0.5275,-1.0,False,qwen2.5,The Museum of the Polish Army portrays the history of arms.,4.5834,,0.7666,False,0.5573,faithful,1.0,The provided answer directly matches the statement in the context that the Museum of the Polish Army's set portrays the history of arms.
133:hcpc_v1:qwen2.5,133,squad,41,hcpc_v1,What does the Museum of the Polish Army portray the history of?,arms,". The Warsaw Uprising Museum also operates a rare preserved and operating historic stereoscopic theatre, the Warsaw Fotoplastikon. The Museum of Independence preserves patriotic and political objects connected with Poland's struggles for independence

---

in the country including some paintings from Adolf Hitler's private collection, and Museum of the Polish Army whose set portrays the history of arms.

---

The city is the seat of a Roman Catholic archdiocese (left bank of the Vistula) and diocese (right bank), and possesses various universities, most notably the Polish Academy of Sciences and the University of Warsaw, two opera houses, theatres, museums,",0.6015,-1.0,False,qwen2.5,The Museum of the Polish Army portrays the history of arms.,2.5418,,0.7666,False,0.5573,faithful,1.0,The answer directly matches the information provided in the context.
134:hcpc_v2:qwen2.5,134,squad,41,hcpc_v2,What does the Museum of the Polish Army portray the history of?,arms,"A fine tribute to the fall of Warsaw and history of Poland can be found in the Warsaw Uprising Museum and in the Katyń Museum which preserves the memory of the crime. The Warsaw Uprising Museum also operates a rare preserved and operating historic stereoscopic theatre, the Warsaw Fotoplastikon. The Museum of Independence preserves patriotic and political objects connected with Poland's struggles for independence. Dating back to 1936 Warsaw Historical Museum contains 60 rooms which host a permanent exhibition of the history of Warsaw from its origins until today.

---

As interesting examples of expositions the most notable are: the world's first Museum of Posters boasting one of the largest collections of art posters in the world, Museum of Hunting and Riding and the Railway Museum. From among Warsaw's 60 museums, the most prestigious ones are National Museum with a collection of works whose origin ranges in time from antiquity till the present epoch as well as one of the best collections of paintings in the country including some paintings from Adolf Hitler's private collection, and Museum of the Polish Army whose set portrays the history of arms.

---

The city is the seat of a Roman Catholic archdiocese (left bank of the Vistula) and diocese (right bank), and possesses various universities, most notably the Polish Academy of Sciences and the University of Warsaw, two opera houses, theatres, museums, houses, theatres, museums, libraries and monuments . The historic city-centre of Warsaw with its picturesque Old Town in 1980 was listed as a UNESCO World Heritage Site. Other main architectural attractions include the Castle Square with the Royal Castle and the iconic King Sigismund's Column, St . John's Cathedral, Market Square, palaces, churches and mansions all displaying a richness of colour and architectural detail. Buildings represent examples of nearly every European architectural style and historical period . Warsaw provides many examples of architecture from the gothic, renaissance, baroque and neoclassical periods, and around a quarter of the city is filled with luxurious parks and royal gardens.",0.5342,0.4673,True,qwen2.5,The Museum of the Polish Army portrays the history of arms.,5.0723,,0.7666,False,0.5573,faithful,1.0,The provided answer directly matches the statement in the context that the Museum of the Polish Army's set portrays the history of arms.
168:baseline:qwen2.5,168,squad,41,baseline,Which city is the most populous in California?,Los Angeles,"Within southern California are two major cities, Los Angeles and San Diego, as well as three of the country's largest metropolitan areas. With a population of 3,792,621, Los Angeles is the most populous city in California and the second most populous in the United States. To the south and with a population of 1,307,402 is San Diego, the second most populous city in the state and the eighth most populous in the nation.

---

Los Angeles (at 3.7 million people) and San Diego (at 1.3 million people), both in southern California, are the two largest cities in all of California (and two of the eight largest cities in the United States). In southern California there are also twelve cities with more than 200,000 residents and 34 cities over 100,000 in population. Many of southern California's most developed cities lie along or in close proximity to the coast, with the exception of San Bernardino and Riverside.

---

Its counties of Los Angeles, Orange, San Diego, San Bernardino, and Riverside are the five most populous in the state and all are in the top 15 most populous counties in the United States.",0.706,-1.0,False,qwen2.5,Los Angeles is the most populous city in California.,3.2719,,0.8166,False,0.4418,hallucinated,1.0,The answer directly supports the claim from both provided contexts that Los Angeles is the most populous city in California.
169:hcpc_v1:qwen2.5,169,squad,41,hcpc_v1,Which city is the most populous in California?,Los Angeles,". With a population of 3,792,621, Los Angeles is the most populous city in California and the second most populous in the United States

---

Los Angeles (at 3.7 million people) and San Diego (at 1.3 million people), both in southern California, are the two largest cities in all of California (and two of the eight largest cities in the United States)

---

Its counties of Los Angeles, Orange, San Diego, San Bernardino, and Riverside are the five most populous in the state and all are in the top 15 most populous counties in the United States.",0.6942,-1.0,False,qwen2.5,Los Angeles is the most populous city in California.,2.4133,,0.8232,False,0.4418,hallucinated,1.0,The answer directly quotes the context that Los Angeles is the most populous city in California.
170:hcpc_v2:qwen2.5,170,squad,41,hcpc_v2,Which city is the most populous in California?,Los Angeles,"Within southern California are two major cities, Los Angeles and San Diego, as well as three of the country's largest metropolitan areas. With a population of 3,792,621, Los Angeles is the most populous city in California and the second most populous in the United States. To the south and with a population of 1,307,402 is San Diego, the second most populous city in the state and the eighth most populous in the nation.

---

Los Angeles (at 3.7 million people) and San Diego (at 1.3 million people), both in southern California, are the two largest cities in all of California (and two of the eight largest cities in the United States). In southern California there are also twelve cities with more than 200,000 residents and 34 cities over 100,000 in population. Many of southern California's most developed cities lie along or in close proximity to the coast, with the exception of San Bernardino and Riverside.

---

Its counties of Los Angeles, Orange, San Diego, San Bernardino, and Riverside are the five most populous in the state and all are in the top 15 most populous counties in the United States.",0.706,0.6225,False,qwen2.5,Los Angeles is the most populous city in California.,3.1794,,0.8232,False,0.4418,hallucinated,1.0,The answer directly supports the claim from both provided contexts that Los Angeles is the most populous city in California.
279:baseline:qwen2.5,279,squad,41,baseline,What area in modern-day Canada received Huguenot immigrants?,Quebec,"Approximately one million Protestants in modern France represent some 2% of its population. Most are concentrated in Alsace in northeast France and the Cévennes mountain region in the south, who still regard themselves as Huguenots to this day.[citation needed] A diaspora of French Australians still considers itself Huguenot, even after centuries of exile. Long integrated into Australian society, it is encouraged by the Huguenot Society of Australia to embrace and conserve its cultural heritage, aided by the Society's genealogical research services.

---

The bulk of Huguenot émigrés relocated to Protestant European nations such as England, Wales, Scotland, Denmark, Sweden, Switzerland, the Dutch Republic, the Electorate of Brandenburg and Electorate of the Palatinate in the Holy Roman Empire, the Duchy of Prussia, the Channel Islands, and Ireland. They also spread beyond Europe to the Dutch Cape Colony in South Africa, the Dutch East Indies, the Caribbean, and several of the English colonies of North America, and Quebec, where they were accepted and allowed to worship freely.

---

In 1700 several hundred French Huguenots migrated from England to the colony of Virginia, where the English Crown had promised them land grants in Lower Norfolk County. When they arrived, colonial authorities offered them instead land 20 miles above the falls of the James River, at the abandoned Monacan village known as Manakin Town, now in Powhatan County. Some settlers landed in present-day Chesterfield County. On 12 May 1705, the Virginia General Assembly passed an act to naturalise the 148 Huguenots still resident at Manakintown. Of the original 390 settlers in the isolated settlement, many had died; others lived outside town on farms in the English style; and others moved to different areas. Gradually they intermarried with their English neighbors. Through the 18th and 19th centuries, descendants of the French migrated west into the Piedmont, and across the Appalachian Mountains into the West of what became Kentucky, Tennessee, Missouri, and other states",0.5755,-1.0,False,qwen2.5,"The context mentions that Huguenots went to Quebec, where they were accepted and allowed to worship freely. However, it does not specify a particular area within Quebec that received significant Huguenot immigration. Therefore, based solely on the provided context, I cannot find this information in the provided context.",9.1202,,0.583,False,0.0863,hallucinated,0.5,"The answer mentions Quebec as a destination for Huguenots, but the provided context does not specify a particular area within Quebec that received significant Huguenot immigration."
280:hcpc_v1:qwen2.5,280,squad,41,hcpc_v1,What area in modern-day Canada received Huguenot immigrants?,Quebec,". Most are concentrated in Alsace in northeast France and the Cévennes mountain region in the south, who still regard themselves as Huguenots to this day.[citation needed] A diaspora of French Australians still considers itself Huguenot, even after

---

The bulk of Huguenot émigrés relocated to Protestant European nations such as England, Wales, Scotland, Denmark, Sweden, Switzerland, the Dutch Republic, the Electorate of Brandenburg and Electorate of the Palatinate in the Holy Roman Empire, the Duchy of

---

In 1700 several hundred French Huguenots migrated from England to the colony of Virginia, where the English Crown had promised them land grants in Lower Norfolk County",0.5427,-1.0,False,qwen2.5,I cannot find this information in the provided context.,2.4811,,0.5531,False,0.0941,hallucinated,0.0,"The answer is not directly supported by the provided context as it discusses Huguenot migration to other countries, but not modern-day Canada."
281:hcpc_v2:qwen2.5,281,squad,41,hcpc_v2,What area in modern-day Canada received Huguenot immigrants?,Quebec,"Approximately one million Protestants in modern France represent some 2% of its population. Most are concentrated in Alsace in northeast France and the Cévennes mountain region in the south, who still regard themselves as Huguenots to this day.[citation needed] A diaspora of French Australians still considers itself Huguenot, even after centuries of exile. Long integrated into Australian society, it is encouraged by the Huguenot Society of Australia to embrace and conserve its cultural heritage, aided by the Society's genealogical research services.

---

The bulk of Huguenot émigrés relocated to Protestant European nations such as England, Wales, Scotland, Denmark, Sweden, Switzerland, the Dutch Republic, the Electorate of Brandenburg and Electorate of the Palatinate in the Holy Roman Empire, the Duchy of Prussia, the Channel Islands, and Ireland. They also spread beyond Europe to the Dutch Cape Colony in South Africa, the Dutch East Indies, the Caribbean, and several of the English colonies of North America, and Quebec, where they were accepted and allowed to worship freely.

---

In 1700 several hundred French Huguenots migrated from England to the colony of Virginia, where the English Crown had promised them land grants in Lower Norfolk County . When they arrived, colonial authorities offered them instead land 20 miles above the falls of the James River, at the abandoned Monacan village known as Manakin Town, now in Powhatan County. Some settlers landed in present-day Chesterfield County . On 12 May 1705, the Virginia General Assembly passed an act to naturalise the 148 Huguenots still resident at Manakintown . Of the original 390 settlers in the isolated settlement, many had died; others lived outside town on farms in the English style; and others moved to different areas. Gradually they intermarried with their English neighbors . Through the 18th and 19th centuries, descendants of the French migrated west into the Piedmont, and across the Appalachian Mountains into the West of what became Kentucky, Tennessee, Missouri, and other states",0.5781,0.4705,True,qwen2.5,"The context mentions that Huguenots migrated to Quebec, where they were accepted and allowed to worship freely. However, it does not specify a particular area within Quebec that received significant Huguenot immigration. Therefore, based solely on the provided context, I cannot find this information in the provided context.",8.7448,,0.6026,False,0.0856,hallucinated,0.5,The context mentions Huguenots migrated to Quebec but does not specify a particular area within Quebec that received significant Huguenot immigration.
402:baseline:qwen2.5,402,squad,41,baseline,Who presented the Edict of Worms declaring Luther to be an outlaw?,Emperor,"Over the next five days, private conferences were held to determine Luther's fate. The Emperor presented the final draft of the Edict of Worms on 25 May 1521, declaring Luther an outlaw, banning his literature, and requiring his arrest: ""We want him to be apprehended and punished as a notorious heretic."" It also made it a crime for anyone in Germany to give Luther food or shelter. It permitted anyone to kill Luther without legal consequence.

---

The enforcement of the ban on the 95 Theses fell to the secular authorities. On 18 April 1521, Luther appeared as ordered before the Diet of Worms. This was a general assembly of the estates of the Holy Roman Empire that took place in Worms, a town on the Rhine. It was conducted from 28 January to 25 May 1521, with Emperor Charles V presiding. Prince Frederick III, Elector of Saxony, obtained a safe conduct for Luther to and from the meeting.

---

Martin Luther (/ˈluːθər/ or /ˈluːðər/; German: [ˈmaɐ̯tiːn ˈlʊtɐ] ( listen); 10 November 1483 – 18 February 1546) was a German professor of theology, composer, priest, former monk and a seminal figure in the Protestant Reformation. Luther came to reject several teachings and practices of the Late Medieval Catholic Church. He strongly disputed the claim that freedom from God's punishment for sin could be purchased with money. He proposed an academic discussion of the power and usefulness of indulgences in his Ninety-Five Theses of 1517. His refusal to retract all of his writings at the demand of Pope Leo X in 1520 and the Holy Roman Emperor Charles V at the Diet of Worms in 1521 resulted in his excommunication by the Pope and condemnation as an outlaw by the Emperor.",0.6735,-1.0,False,qwen2.5,"The Emperor presented the final draft of the Edict of Worms, declaring Luther to be an outlaw.",5.6151,,0.4683,True,0.3104,hallucinated,1.0,"The answer directly quotes the context where it is stated that 'The Emperor presented the final draft of the Edict of Worms, declaring Luther to be an outlaw.'"
403:hcpc_v1:qwen2.5,403,squad,41,hcpc_v1,Who presented the Edict of Worms declaring Luther to be an outlaw?,Emperor,"Over the next five days, private conferences were held to determine Luther's fate. The Emperor presented the final draft of the Edict of Worms on 25 May 1521, declaring Luther an outlaw, banning his literature, and requiring his arrest: ""We want him to be apprehended and punished as a notorious heretic."" It also made it a crime for anyone in Germany to give Luther food or shelter. It permitted anyone to kill Luther without legal consequence.

---

The enforcement of the ban on the 95 Theses fell to the secular authorities. On 18 April 1521, Luther appeared as ordered before the Diet of Worms

---

. His refusal to retract all of his writings at the demand of Pope Leo X in 1520 and the Holy Roman Emperor Charles V at the Diet of Worms in 1521 resulted in his excommunication by the Pope and condemnation as an outlaw by the Emperor.",0.6966,-1.0,False,qwen2.5,"The Emperor presented the final draft of the Edict of Worms, declaring Luther to be an outlaw.",2.4368,,0.4683,True,0.3104,hallucinated,1.0,"The answer directly quotes the context where it is stated that 'The Emperor presented the final draft of the Edict of Worms, declaring Luther to be an outlaw.'"
404:hcpc_v2:qwen2.5,404,squad,41,hcpc_v2,Who presented the Edict of Worms declaring Luther to be an outlaw?,Emperor,"Over the next five days, private conferences were held to determine Luther's fate. The Emperor presented the final draft of the Edict of Worms on 25 May 1521, declaring Luther an outlaw, banning his literature, and requiring his arrest: ""We want him to be apprehended and punished as a notorious heretic."" It also made it a crime for anyone in Germany to give Luther food or shelter. It permitted anyone to kill Luther without legal consequence.

---

The enforcement of the ban on the 95 Theses fell to the secular authorities. On 18 April 1521, Luther appeared as ordered before the Diet of Worms. This was a general assembly of the estates of the Holy Roman Empire that took place in Worms, a town on the Rhine. It was conducted from 28 January to 25 May 1521, with Emperor Charles V presiding. Prince Frederick III, Elector of Saxony, obtained a safe conduct for Luther to and from the meeting.

---

Martin Luther (/ˈluːθər/ or /ˈluːðər/; German: [ˈmaɐ̯tiːn ˈlʊtɐ] ( listen); 10 November 1483 – 18 February 1546) was a German professor of theology, composer, priest, former monk and a seminal figure in the Protestant Reformation . Luther came to reject several teachings and practices of the Late Medieval Catholic Church. He strongly disputed the claim that freedom from God's punishment for sin could be purchased with money . He proposed an academic discussion of the power and usefulness of indulgences in his Ninety-Five Theses of 1517 . His refusal to retract all of his writings at the demand of Pope Leo X in 1520 and the Holy Roman Emperor Charles V at the Diet of Worms in 1521 resulted in his excommunication by the Pope and condemnation as an outlaw by the Emperor.",0.6818,0.5596,True,qwen2.5,"The Emperor presented the final draft of the Edict of Worms, declaring Luther to be an outlaw.",4.1322,,0.4683,True,0.3104,hallucinated,1.0,"The answer directly quotes the context where it is stated that 'The Emperor presented the final draft of the Edict of Worms, declaring Luther to be an outlaw.'"
510:baseline:qwen2.5,510,squad,41,baseline,"The term ""southern"" California usually refers to how many of the southern-most counties of the state?",ten,"Southern California, often abbreviated SoCal, is a geographic and cultural region that generally comprises California's southernmost 10 counties. The region is traditionally described as ""eight counties"", based on demographics and economic ties: Imperial, Los Angeles, Orange, Riverside, San Bernardino, San Diego, Santa Barbara, and Ventura. The more extensive 10-county definition, including Kern and San Luis Obispo counties, is also used based on historical political divisions. Southern California is a major economic center for the state of California and the United States.

---

""Southern California"" is not a formal geographic designation, and definitions of what constitutes southern California vary. Geographically, California's north-south midway point lies at exactly 37° 9' 58.23"" latitude, around 11 miles (18 km) south of San Jose; however, this does not coincide with popular use of the term. When the state is divided into two areas (northern and southern California), the term ""southern California"" usually refers to the ten southern-most counties of the state. This definition coincides neatly with the county lines at 35° 47′ 28″ north latitude, which form the northern borders of San Luis Obispo, Kern, and San Bernardino counties. Another definition for southern California uses Point Conception and the Tehachapi Mountains as the northern boundary.

---

Southern California consists of one of the more varied collections of geologic, topographic, and natural ecosystem landscapes in a diversity outnumbering other major regions in the state and country. The region spans from Pacific Ocean islands, shorelines, beaches, and coastal plains, through the Transverse and Peninsular Ranges with their peaks, into the large and small interior valleys, to the vast deserts of California.",0.7258,-1.0,False,qwen2.5,"The term ""southern California"" usually refers to the ten southern-most counties of the state.",5.3383,,0.7679,False,0.3914,hallucinated,1.0,The answer directly matches the information provided in the context.
511:hcpc_v1:qwen2.5,511,squad,41,hcpc_v1,"The term ""southern"" California usually refers to how many of the southern-most counties of the state?",ten,"Southern California, often abbreviated SoCal, is a geographic and cultural region that generally comprises California's southernmost 10 counties. The region is traditionally described as ""eight counties"", based on demographics and economic ties: Imperial, Los Angeles, Orange, Riverside, San Bernardino, San Diego, Santa Barbara, and Ventura. The more extensive 10-county definition, including Kern and San Luis Obispo counties, is also used based on historical political divisions. Southern California is a major economic center for the state of California and the United States.

---

. When the state is divided into two areas (northern and southern California), the term ""southern California"" usually refers to the ten southern-most counties of the state

---

Southern California consists of one of the more varied collections of geologic, topographic, and natural ecosystem landscapes in a diversity outnumbering other major regions in the state and country",0.773,-1.0,False,qwen2.5,"The term ""southern California"" usually refers to ten of the southern-most counties of the state.",2.6621,,0.7995,False,0.3859,hallucinated,1.0,The answer directly matches the information provided in the context.
512:hcpc_v2:qwen2.5,512,squad,41,hcpc_v2,"The term ""southern"" California usually refers to how many of the southern-most counties of the state?",ten,"Southern California, often abbreviated SoCal, is a geographic and cultural region that generally comprises California's southernmost 10 counties. The region is traditionally described as ""eight counties"", based on demographics and economic ties: Imperial, Los Angeles, Orange, Riverside, San Bernardino, San Diego, Santa Barbara, and Ventura. The more extensive 10-county definition, including Kern and San Luis Obispo counties, is also used based on historical political divisions. Southern California is a major economic center for the state of California and the United States.

---

""Southern California"" is not a formal geographic designation, and definitions of what constitutes southern California vary. Geographically, California's north-south midway point lies at exactly 37° 9' 58.23"" latitude, around 11 miles (18 km) south of San Jose; however, this does not coincide with popular use of the term. When the state is divided into two areas (northern and southern California), the term ""southern California"" usually refers to the ten southern-most counties of the state. This definition coincides neatly with the county lines at 35° 47′ 28″ north latitude, which form the northern borders of San Luis Obispo, Kern, and San Bernardino counties. Another definition for southern California uses Point Conception and the Tehachapi Mountains as the northern boundary.

---

Southern California consists of one of the more varied collections of geologic, topographic, and natural ecosystem landscapes in a diversity outnumbering other major regions in the state and country . The region spans from Pacific Ocean islands, shorelines, beaches, and coastal plains, through the Transverse and Peninsular Ranges with their peaks, into the large and small interior valleys, to the vast deserts of California.",0.7258,0.6894,True,qwen2.5,"The term ""southern California"" usually refers to the ten southern-most counties of the state.",5.1856,,0.7679,False,0.3914,hallucinated,1.0,The answer directly matches the information provided in the context.
534:baseline:qwen2.5,534,squad,41,baseline,Where was France's Huguenot population largely centered?,the southern and central parts of France,"Approximately one million Protestants in modern France represent some 2% of its population. Most are concentrated in Alsace in northeast France and the Cévennes mountain region in the south, who still regard themselves as Huguenots to this day.[citation needed] A diaspora of French Australians still considers itself Huguenot, even after centuries of exile. Long integrated into Australian society, it is encouraged by the Huguenot Society of Australia to embrace and conserve its cultural heritage, aided by the Society's genealogical research services.

---

After the revocation of the Edict of Nantes, the Dutch Republic received the largest group of Huguenot refugees, an estimated total of 75,000 to 100,000 people. Amongst them were 200 clergy. Many came from the region of the Cévennes, for instance, the village of Fraissinet-de-Lozère. This was a huge influx as the entire population of the Dutch Republic amounted to ca. 2 million at that time. Around 1700, it is estimated that nearly 25% of the Amsterdam population was Huguenot.[citation needed] In 1705, Amsterdam and the area of West Frisia were the first areas to provide full citizens rights to Huguenot immigrants, followed by the Dutch Republic in 1715. Huguenots intermarried with Dutch from the outset.

---

The exodus of Huguenots from France created a brain drain, as many Huguenots had occupied important places in society. The kingdom did not fully recover for years. The French crown's refusal to allow non-Catholics to settle in New France may help to explain that colony's slow rate of population growth compared to that of the neighbouring British colonies, which opened settlement to religious dissenters. By the time of the French and Indian War (the North American front of the Seven Years' War), a sizeable population of Huguenot descent lived in the British colonies, and many participated in the British defeat of New France in 1759-60.",0.6667,-1.0,False,qwen2.5,France's Huguenot population was largely centered in Alsace in northeast France and the Cévennes mountain region in the south.,6.7059,,0.7104,False,0.3787,hallucinated,1.0,The answer directly matches the information provided in the context that most Huguenots in modern France are concentrated in Alsace and the Cévennes.
535:hcpc_v1:qwen2.5,535,squad,41,hcpc_v1,Where was France's Huguenot population largely centered?,the southern and central parts of France,". Most are concentrated in Alsace in northeast France and the Cévennes mountain region in the south, who still regard themselves as Huguenots to this day.[citation needed] A diaspora of French Australians still considers itself Huguenot, even after

---

. Around 1700, it is estimated that nearly 25% of the Amsterdam population was Huguenot.[citation needed] In 1705, Amsterdam and the area of West Frisia were the first areas to provide full citizens rights to Huguenot immigrants, followed by the Dutch

---

The exodus of Huguenots from France created a brain drain, as many Huguenots had occupied important places in society. The kingdom did not fully recover for years",0.6559,-1.0,False,qwen2.5,France's Huguenot population was largely centered in Alsace in northeast France and the Cévennes mountain region in the south.,3.9367,,0.7104,False,0.3787,hallucinated,1.0,The answer directly quotes the context that states 'Most are concentrated in Alsace in northeast France and the Cévennes mountain region in the south'.
536:hcpc_v2:qwen2.5,536,squad,41,hcpc_v2,Where was France's Huguenot population largely centered?,the southern and central parts of France,"Approximately one million Protestants in modern France represent some 2% of its population. Most are concentrated in Alsace in northeast France and the Cévennes mountain region in the south, who still regard themselves as Huguenots to this day.[citation needed] A diaspora of French Australians still considers itself Huguenot, even after centuries of exile. Long integrated into Australian society, it is encouraged by the Huguenot Society of Australia to embrace and conserve its cultural heritage, aided by the Society's genealogical research services.

---

After the revocation of the Edict of Nantes, the Dutch Republic received the largest group of Huguenot refugees, an estimated total of 75,000 to 100,000 people. Amongst them were 200 clergy. Many came from the region of the Cévennes, for instance, the village of Fraissinet-de-Lozère. This was a huge influx as the entire population of the Dutch Republic amounted to ca. 2 million at that time. Around 1700, it is estimated that nearly 25% of the Amsterdam population was Huguenot.[citation needed] In 1705, Amsterdam and the area of West Frisia were the first areas to provide full citizens rights to Huguenot immigrants, followed by the Dutch Republic in 1715. Huguenots intermarried with Dutch from the outset.

---

The exodus of Huguenots from France created a brain drain, as many Huguenots had occupied important places in society. The kingdom did not fully recover for years. The French crown's refusal to allow non-Catholics to settle in New France may help to explain that colony's slow rate of population growth compared to that of the neighbouring British colonies, which opened settlement to religious dissenters. By the time of the French and Indian War (the North American front of the Seven Years' War), a sizeable population of Huguenot descent lived in the British colonies, and many participated in the British defeat of New France in 1759-60.",0.6667,0.5723,False,qwen2.5,France's Huguenot population was largely centered in Alsace in northeast France and the Cévennes mountain region in the south.,6.6596,,0.7104,False,0.3787,hallucinated,1.0,The answer directly matches the information provided in the context that most Huguenots in modern France are concentrated in Alsace and the Cévennes.
564:baseline:qwen2.5,564,squad,41,baseline,What did Paul Rose say Luther added to German thought?,hysterical and demonizing mentality,"A piece of paper was later found on which Luther had written his last statement. The statement was in Latin, apart from ""We are beggars,"" which was in German.

---

Luther's translation used the variant of German spoken at the Saxon chancellery, intelligible to both northern and southern Germans. He intended his vigorous, direct language to make the Bible accessible to everyday Germans, ""for we are removing impediments and difficulties so that other people may read it without hindrance.""

---

. Hans J. Hillerbrand agreed that to focus on Luther was to adopt an essentially ahistorical perspective of Nazi antisemitism that ignored other contributory factors in German history. Similarly, Roland Bainton, noted church historian and Luther biographer, wrote ""One could wish that Luther had died before ever [On the Jews and Their Lies] was written. His position was entirely religious and in no respect racial.""",0.6235,-1.0,False,qwen2.5,I cannot find this information in the provided context.,3.1211,,0.5531,False,0.0941,hallucinated,0.0,"The question asks about what Luther added to German thought regarding Paul Rose's statement, but the provided context does not contain any information about Paul Rose or his statements."
565:hcpc_v1:qwen2.5,565,squad,41,hcpc_v1,What did Paul Rose say Luther added to German thought?,hysterical and demonizing mentality,"A piece of paper was later found on which Luther had written his last statement. The statement was in Latin, apart from ""We are beggars,"" which was in German.

---

Luther's translation used the variant of German spoken at the Saxon chancellery, intelligible to both northern and southern Germans

---

. Similarly, Roland Bainton, noted church historian and Luther biographer, wrote ""One could wish that Luther had died before ever [On the Jews and Their Lies] was written. His position was entirely religious and in no respect racial.""",0.5928,-1.0,False,qwen2.5,I cannot find this information in the provided context.,1.9149,,0.5531,False,0.0941,hallucinated,0.0,"The question asks about what Luther added to German thought regarding Paul Rose's statement, but the provided context does not contain any information about that."
566:hcpc_v2:qwen2.5,566,squad,41,hcpc_v2,What did Paul Rose say Luther added to German thought?,hysterical and demonizing mentality,"A piece of paper was later found on which Luther had written his last statement. The statement was in Latin, apart from ""We are beggars,"" which was in German.

---

Luther's translation used the variant of German spoken at the Saxon chancellery, intelligible to both northern and southern Germans. He intended his vigorous, direct language to make the Bible accessible to everyday Germans, ""for we are removing impediments and difficulties so that other people may read it without hindrance.""

---

. Hans J. Hillerbrand agreed that to focus on Luther was to adopt an essentially ahistorical perspective of Nazi antisemitism that ignored other contributory factors in German history . Similarly, Roland Bainton, noted church historian and Luther biographer, wrote ""One could wish that Luther had died before ever [On the Jews and Their Lies] was written. His position was entirely religious and in no respect racial.""",0.6235,0.5069,True,qwen2.5,I cannot find this information in the provided context.,2.3512,,0.5531,False,0.0941,hallucinated,0.0,"The question asks about what Luther added to German thought regarding Paul Rose's statement, but the provided context does not contain any information about Paul Rose or his statements."
582:baseline:qwen2.5,582,squad,41,baseline,Who did Philip I want to marry?,one of his wife's ladies-in-waiting,"From December 1539, Luther became implicated in the bigamy of Philip I, Landgrave of Hesse, who wanted to marry one of his wife's ladies-in-waiting. Philip solicited the approval of Luther, Melanchthon, and Bucer, citing as a precedent the polygamy of the patriarchs. The theologians were not prepared to make a general ruling, and they reluctantly advised the landgrave that if he was determined, he should marry secretly and keep quiet about the matter. As a result, on 4 March 1540, Philip married a second wife, Margarethe von der Saale, with Melanchthon and Bucer among the witnesses. However, Philip was unable to keep the marriage secret, and he threatened to make Luther's advice public. Luther told him to ""tell a good, strong lie"" and deny the marriage completely, which Philip did during the subsequent public controversy

---

Some priests and former religious had already married, including Andreas Karlstadt and Justus Jonas, but Luther's wedding set the seal of approval on clerical marriage. He had long condemned vows of celibacy on Biblical grounds, but his decision to marry surprised many, not least Melanchthon, who called it reckless. Luther had written to George Spalatin on 30 November 1524, ""I shall never take a wife, as I feel at present. Not that I am insensible to my flesh or sex (for I am neither wood nor stone); but my mind is averse to wedlock because I daily expect the death of a heretic."" Before marrying, Luther had been living on the plainest food, and, as he admitted himself, his mildewed bed was not properly made for months at a time.

---

The two most prominent Norman families to arrive in the Mediterranean were descendants of Tancred of Hauteville and the Drengot family, of whom Rainulf Drengot received the county of Aversa, the first Norman toehold in the south, from Duke Sergius IV of Naples in 1030. The Hauteville family achieved princely rank by proclaiming prince Guaimar IV of Salerno ""Duke of Apulia and Calabria"". He promptly awarded their elected leader, William Iron Arm, with the title of count in his capital of Melfi. The Drengot family thereafter attained the principality of Capua, and emperor Henry III legally ennobled the Hauteville leader, Drogo, as ""dux et magister Italiae comesque Normannorum totius Apuliae et Calabriae"" (""Duke and Master of Italy and Count of the Normans of all Apulia and Calabria"") in 1047.",0.4403,-1.0,False,qwen2.5,"Philip I, Landgrave of Hesse, wanted to marry one of his wife's ladies-in-waiting.",6.8186,,0.5898,False,0.1686,hallucinated,1.0,The answer directly matches the factual claim in the context.
583:hcpc_v1:qwen2.5,583,squad,41,hcpc_v1,Who did Philip I want to marry?,one of his wife's ladies-in-waiting,". As a result, on 4 March 1540, Philip married a second wife, Margarethe von der Saale, with Melanchthon and Bucer among the witnesses. However, Philip was unable to keep the marriage secret, and he threatened to make Luther's advice public

---

. He had long condemned vows of celibacy on Biblical grounds, but his decision to marry surprised many, not least Melanchthon, who called it reckless

---

. The Drengot family thereafter attained the principality of Capua, and emperor Henry III legally ennobled the Hauteville leader, Drogo, as ""dux et magister Italiae comesque Normannorum totius Apuliae et Calabriae"" (""Duke and Master of Italy and Count of",0.4389,-1.0,False,qwen2.5,"Based on the provided context, Philip I married Margarethe von der Saale as his second wife on 4 March 1540. The context does not provide information about who Philip I wanted to marry, only that he did marry Margarethe von der Saale and that this marriage was unexpected by some, such as Melanchthon.",9.5604,,0.5495,False,0.5104,faithful,0.6,"The question asks who Philip I wanted to marry, but the provided context only states that he did marry Margarethe von der Saale and does not provide information about his intentions or desires regarding marriage."
584:hcpc_v2:qwen2.5,584,squad,41,hcpc_v2,Who did Philip I want to marry?,one of his wife's ladies-in-waiting,"From December 1539, Luther became implicated in the bigamy of Philip I, Landgrave of Hesse, who wanted to marry one of his wife's ladies-in-waiting. Philip solicited the approval of Luther, Melanchthon, and Bucer, citing as a precedent the polygamy of the patriarchs. The theologians were not prepared to make a general ruling, and they reluctantly advised the landgrave that if he was determined, he should marry secretly and keep quiet about the matter. As a result, on 4 March 1540, Philip married a second wife, Margarethe von der Saale, with Melanchthon and Bucer among the witnesses. However, Philip was unable to keep the marriage secret, and he threatened to make Luther's advice public. Luther told him to ""tell a good, strong lie"" and deny the marriage completely, which Philip did during the subsequent public controversy

---

Some priests and former religious had already married, including Andreas Karlstadt and Justus Jonas, but Luther's wedding set the seal of approval on clerical marriage. He had long condemned vows of celibacy on Biblical grounds, but his decision to marry surprised many, not least Melanchthon, who called it reckless. Luther had written to George Spalatin on 30 November 1524, ""I shall never take a wife, as I feel at present. Not that I am insensible to my flesh or sex (for I am neither wood nor stone); but my mind is averse to wedlock because I daily expect the death of a heretic."" Before marrying, Luther had been living on the plainest food, and, as he admitted himself, his mildewed bed was not properly made for months at a time.

---

The two most prominent Norman families to arrive in the Mediterranean were descendants of Tancred of Hauteville and the Drengot family, of whom Rainulf Drengot received the county of Aversa, the first Norman toehold in the south, from Duke Sergius IV of south, from Duke Sergius IV of Naples in 1030 . The Hauteville family achieved princely rank by proclaiming prince Guaimar IV of Salerno ""Duke of Apulia and Calabria"". He promptly awarded their elected leader, William Iron Arm, with the title of count in his capital of Melfi . The Drengot family thereafter attained the principality of Capua, and emperor Henry III legally ennobled the Hauteville leader, Drogo, as ""dux et magister Italiae comesque Normannorum totius Apuliae et Calabriae"" (""Duke and Master of Italy and Count of Master of Italy and Count of the Normans of all Apulia and Calabria"") in 1047.",0.4373,0.1966,True,qwen2.5,"Philip I, Landgrave of Hesse, wanted to marry one of his wife's ladies-in-waiting.",9.2467,,0.5898,False,0.1686,hallucinated,1.0,The answer directly matches the context where it is stated that Philip I wanted to marry one of his wife's ladies-in-waiting.
588:baseline:qwen2.5,588,squad,41,baseline,How many residents does the greater metropolitan area have?,2.666 million,"Southern California includes the heavily built-up urban area stretching along the Pacific coast from Ventura, through the Greater Los Angeles Area and the Inland Empire, and down to Greater San Diego. Southern California's population encompasses seven metropolitan areas, or MSAs: the Los Angeles metropolitan area, consisting of Los Angeles and Orange counties; the Inland Empire, consisting of Riverside and San Bernardino counties; the San Diego metropolitan area; the Oxnard–Thousand Oaks–Ventura metropolitan area; the Santa Barbara metro area; the San Luis Obispo metropolitan area; and the El Centro area. Out of these, three are heavy populated areas: the Los Angeles area with over 12 million inhabitants, the Riverside-San Bernardino area with over four million inhabitants, and the San Diego area with over 3 million inhabitants

---

Los Angeles (at 3.7 million people) and San Diego (at 1.3 million people), both in southern California, are the two largest cities in all of California (and two of the eight largest cities in the United States). In southern California there are also twelve cities with more than 200,000 residents and 34 cities over 100,000 in population. Many of southern California's most developed cities lie along or in close proximity to the coast, with the exception of San Bernardino and Riverside.

---

Southern California consists of one Combined Statistical Area, eight Metropolitan Statistical Areas, one international metropolitan area, and multiple metropolitan divisions. The region is home to two extended metropolitan areas that exceed five million in population. These are the Greater Los Angeles Area at 17,786,419, and San Diego–Tijuana at 5,105,768. Of these metropolitan areas, the Los Angeles-Long Beach-Santa Ana metropolitan area, Riverside-San Bernardino-Ontario metropolitan area, and Oxnard-Thousand Oaks-Ventura metropolitan area form Greater Los Angeles; while the El Centro metropolitan area and San Diego-Carlsbad-San Marcos metropolitan area form the Southern Border Region. North of Greater Los Angeles are the Santa Barbara, San Luis Obispo, and Bakersfield metropolitan areas.",0.4836,-1.0,False,qwen2.5,"The context provides information about two extended metropolitan areas that exceed five million in population:

1. The Greater Los Angeles Area with 17,786,419 residents.
2. The San Diego–Tijuana area with 5,105,768 residents.

Therefore, based on the provided context, the greater metropolitan areas have a combined resident count of over 22 million people (17,786,419 + 5,105,768).",15.0812,,0.7382,False,0.3554,hallucinated,1.0,The answer directly references and calculates the number of residents in the greater metropolitan areas from the provided context.
589:hcpc_v1:qwen2.5,589,squad,41,hcpc_v1,How many residents does the greater metropolitan area have?,2.666 million,". Out of these, three are heavy populated areas: the Los Angeles area with over 12 million inhabitants, the Riverside-San Bernardino area with over four million inhabitants, and the San Diego area with over 3 million inhabitants

---

. In southern California there are also twelve cities with more than 200,000 residents and 34 cities over 100,000 in population

---

. The region is home to two extended metropolitan areas that exceed five million in population. These are the Greater Los Angeles Area at 17,786,419, and San Diego–Tijuana at 5,105,768",0.536,-1.0,False,qwen2.5,"The Greater Los Angeles Area has a population of 17,786,419 residents.",4.1215,,0.777,False,0.3653,hallucinated,1.0,The answer directly quotes the context that states the population of the Greater Los Angeles Area.
590:hcpc_v2:qwen2.5,590,squad,41,hcpc_v2,How many residents does the greater metropolitan area have?,2.666 million,"Southern California includes the heavily built-up urban area stretching along the Pacific coast from Ventura, through the Greater Los Angeles Area and the Inland Empire, and down to Greater San Diego. Southern California's population encompasses seven metropolitan areas, or MSAs: the Los Angeles metropolitan area, consisting of Los Angeles and Orange counties; the Inland Empire, consisting of Riverside and San Bernardino counties; the San Diego metropolitan area; the Oxnard–Thousand Oaks–Ventura metropolitan area; the Santa Barbara metro area; the San Luis Obispo metropolitan area; and the El Centro area. Out of these, three are heavy populated areas: the Los Angeles area with over 12 million inhabitants, the Riverside-San Bernardino area with over four million inhabitants, and the San Diego area with over 3 million inhabitants

---

Los Angeles (at 3.7 million people) and San Diego (at 1.3 million people), both in southern California, are the two largest cities in all of California (and two of the eight largest cities in the United States). In southern California there are also twelve cities with more than 200,000 residents and 34 cities over 100,000 in population. Many of southern California's most developed cities lie along or in close proximity to the coast, with the exception of San Bernardino and Riverside.

---

Southern California consists of one Combined Statistical Area, eight Metropolitan Statistical Areas, one international metropolitan area, and multiple metropolitan divisions. The region is home to two extended metropolitan areas that exceed five million in population. These are the Greater Los Angeles Area at 17,786,419, and San Diego–Tijuana at 5,105,768. Of these metropolitan areas, the Los Angeles-Long Beach-Santa Ana metropolitan area, Riverside-San Bernardino-Ontario metropolitan area, and Oxnard-Thousand Oaks-Ventura metropolitan area form Greater Los Angeles; while the El Centro metropolitan area and San Diego-Carlsbad-San Marcos metropolitan area form the Southern Border Region. North of Greater Los Angeles are the Santa Barbara, San Luis Obispo, and Bakersfield metropolitan areas.",0.4836,0.7499,False,qwen2.5,"The context provides information about two extended metropolitan areas that exceed five million in population:

1. The Greater Los Angeles Area with 17,786,419 residents.
2. The San Diego–Tijuana area with 5,105,768 residents.

Therefore, based on the provided context, the greater metropolitan areas have a combined resident count of over 22 million people (17,786,419 + 5,105,768).",13.9469,,0.7382,False,0.3554,hallucinated,1.0,The answer directly references and calculates the number of residents in the greater metropolitan areas from the provided context.
636:baseline:qwen2.5,636,squad,41,baseline,What 2015 NFL team one the AFC playoff?,Denver Broncos,"The Panthers finished the regular season with a 15–1 record, and quarterback Cam Newton was named the NFL Most Valuable Player (MVP). They defeated the Arizona Cardinals 49–15 in the NFC Championship Game and advanced to their second Super Bowl appearance since the franchise was founded in 1995. The Broncos finished the regular season with a 12–4 record, and denied the New England Patriots a chance to defend their title from Super Bowl XLIX by defeating them 20–18 in the AFC Championship Game. They joined the Patriots, Dallas Cowboys, and Pittsburgh Steelers as one of four teams that have made eight appearances in the Super Bowl.

---

. With the defense carrying the team despite the issues with the offense, the Broncos finished the regular season with a 12–4 record and earned home-field advantage throughout the AFC playoffs.

---

Super Bowl 50 was an American football game to determine the champion of the National Football League (NFL) for the 2015 season. The American Football Conference (AFC) champion Denver Broncos defeated the National Football Conference (NFC) champion Carolina Panthers 24–10 to earn their third Super Bowl title. The game was played on February 7, 2016, at Levi's Stadium in the San Francisco Bay Area at Santa Clara, California. As this was the 50th Super Bowl, the league emphasized the ""golden anniversary"" with various gold-themed initiatives, as well as temporarily suspending the tradition of naming each Super Bowl game with Roman numerals (under which the game would have been known as ""Super Bowl L""), so that the logo could prominently feature the Arabic numerals 50.",0.5456,-1.0,False,qwen2.5,The Denver Broncos won the AFC playoff and went on to defeat the Carolina Panthers in Super Bowl 50.,5.5975,,0.4284,True,0.3497,hallucinated,1.0,The answer directly supports that the Denver Broncos won the AFC playoff as stated in the question and also mentions their victory in Super Bowl 50 which is consistent with the context.
637:hcpc_v1:qwen2.5,637,squad,41,hcpc_v1,What 2015 NFL team one the AFC playoff?,Denver Broncos,". The Broncos finished the regular season with a 12–4 record, and denied the New England Patriots a chance to defend their title from Super Bowl XLIX by defeating them 20–18 in the AFC Championship Game

---

. With the defense carrying the team despite the issues with the offense, the Broncos finished the regular season with a 12–4 record and earned home-field advantage throughout the AFC playoffs.

---

Super Bowl 50 was an American football game to determine the champion of the National Football League (NFL) for the 2015 season",0.5624,-1.0,False,qwen2.5,"I cannot find this information in the provided context. The context mentions that the Broncos had a good regular season and defeated the Patriots, but it does not specify which team won the AFC playoffs or Super Bowl 50.",5.2264,,0.4905,True,0.1612,hallucinated,0.0,The provided context does not mention which NFL team won the AFC playoffs in 2015.
638:hcpc_v2:qwen2.5,638,squad,41,hcpc_v2,What 2015 NFL team one the AFC playoff?,Denver Broncos,"The Panthers finished the regular season with a 15–1 record, and quarterback Cam Newton was named the NFL Most Valuable Player (MVP). They defeated the Arizona Cardinals 49–15 in the NFC Championship Game and advanced to their second Super Bowl appearance since the franchise was founded in 1995. The Broncos finished the regular season with a 12–4 record, and denied the New England Patriots a chance to defend their title from Super Bowl XLIX by defeating them 20–18 in the AFC Championship Game. They joined the Patriots, Dallas Cowboys, and Pittsburgh Steelers as one of four teams that have made eight appearances in the Super Bowl.

---

. With the defense carrying the team despite the issues with the offense, the Broncos finished the regular season with a 12–4 record and earned home-field advantage throughout the AFC playoffs.

---

Super Bowl 50 was an American football game to determine the champion of the National Football League (NFL) for the 2015 season. The American Football Conference (AFC) champion Denver Broncos defeated the National Football Conference (NFC) champion Carolina Panthers 24–10 to earn their third Super Bowl title. The game was played on February 7, 2016, at Levi's Stadium in the San Francisco Bay Area at Santa Clara, California. As this was the 50th Super Bowl, the league emphasized the ""golden anniversary"" with various gold-themed initiatives, as well as temporarily suspending the tradition of naming each Super Bowl game with Roman numerals (under which the game would have been known as ""Super Bowl L""), so that the logo could prominently feature the Arabic numerals 50.",0.5456,0.5132,False,qwen2.5,The Denver Broncos won the AFC playoff and went on to defeat the Carolina Panthers in Super Bowl 50.,5.1694,,0.4284,True,0.3497,hallucinated,1.0,The answer directly supports that the Denver Broncos won the AFC playoff as stated in the question and also mentions their victory in Super Bowl 50 which is consistent with the context.
654:baseline:qwen2.5,654,squad,41,baseline,Who was the mayor of San Francisco during Super Bowl 50? ,Ed Lee,"The annual NFL Experience was held at the Moscone Center in San Francisco. In addition, ""Super Bowl City"" opened on January 30 at Justin Herman Plaza on The Embarcadero, featuring games and activities that will highlight the Bay Area's technology, culinary creations, and cultural diversity. More than 1 million people are expected to attend the festivities in San Francisco during Super Bowl Week. San Francisco mayor Ed Lee said of the highly visible homeless presence in this area ""they are going to have to leave"". San Francisco city supervisor Jane Kim unsuccessfully lobbied for the NFL to reimburse San Francisco for city services in the amount of $5 million.

---

In honor of the 50th Super Bowl, the pregame ceremony featured the on-field introduction of 39 of the 43 previous Super Bowl Most Valuable Players. Bart Starr (MVP of Super Bowls I and II) and Chuck Howley (MVP of Super Bowl V) appeared via video, while Peyton Manning (MVP of Super Bowl XLI and current Broncos quarterback) was shown in the locker room preparing for the game. No plans were announced regarding the recognition of Harvey Martin, co-MVP of Super Bowl XII, who died in 2001.

---

On May 21, 2013, NFL owners at their spring meetings in Boston voted and awarded the game to Levi's Stadium. The $1.2 billion stadium opened in 2014. It is the first Super Bowl held in the San Francisco Bay Area since Super Bowl XIX in 1985, and the first in California since Super Bowl XXXVII took place in San Diego in 2003.",0.5761,-1.0,False,qwen2.5,"The context states that ""San Francisco mayor Ed Lee said of the highly visible homeless presence in this area 'they are going to have to leave'."" Therefore, the mayor of San Francisco during Super Bowl 50 was Ed Lee.",6.9875,,0.6982,False,0.342,hallucinated,1.0,The context explicitly states that San Francisco mayor Ed Lee was in office during the events leading up to Super Bowl 50.
655:hcpc_v1:qwen2.5,655,squad,41,hcpc_v1,Who was the mayor of San Francisco during Super Bowl 50? ,Ed Lee,". More than 1 million people are expected to attend the festivities in San Francisco during Super Bowl Week. San Francisco mayor Ed Lee said of the highly visible homeless presence in this area ""they are going to have to leave""

---

. Bart Starr (MVP of Super Bowls I and II) and Chuck Howley (MVP of Super Bowl V) appeared via video, while Peyton Manning (MVP of Super Bowl XLI and current Broncos quarterback) was shown in the locker room preparing for the game

---

. It is the first Super Bowl held in the San Francisco Bay Area since Super Bowl XIX in 1985, and the first in California since Super Bowl XXXVII took place in San Diego in 2003.",0.5491,-1.0,False,qwen2.5,"The context states that Ed Lee was the mayor of San Francisco. Since the year of Super Bowl 50 is not provided, we can only go by the information given, which refers to Ed Lee without specifying a time period. Therefore, based on the provided context, Ed Lee was the mayor of San Francisco during Super Bowl 50.",8.3624,,0.7164,False,0.4702,hallucinated,1.0,"The context directly states that Ed Lee was the mayor of San Francisco, and no specific time period is provided for Super Bowl 50. Therefore, based on the given context, it can be inferred that Ed Lee was the mayor of San Francisco during Super Bowl 50."
656:hcpc_v2:qwen2.5,656,squad,41,hcpc_v2,Who was the mayor of San Francisco during Super Bowl 50? ,Ed Lee,"The annual NFL Experience was held at the Moscone Center in San Francisco. In addition, ""Super Bowl City"" opened on January 30 at Justin Herman Plaza on The Embarcadero, featuring games and activities that will highlight the Bay Area's technology, culinary creations, and cultural diversity. More than 1 million people are expected to attend the festivities in San Francisco during Super Bowl Week. San Francisco mayor Ed Lee said of the highly visible homeless presence in this area ""they are going to have to leave"". San Francisco city supervisor Jane Kim unsuccessfully lobbied for the NFL to reimburse San Francisco for city services in the amount of $5 million.

---

In honor of the 50th Super Bowl, the pregame ceremony featured the on-field introduction of 39 of the 43 previous Super Bowl Most Valuable Players. Bart Starr (MVP of Super Bowls I and II) and Chuck Howley (MVP of Super Bowl V) appeared via video, while Peyton Manning (MVP of Super Bowl XLI and current Broncos quarterback) was shown in the locker room preparing for the game. No plans were announced regarding the recognition of Harvey Martin, co-MVP of Super Bowl XII, who died in 2001.

---

On May 21, 2013, NFL owners at their spring meetings in Boston voted and awarded the game to Levi's Stadium. The $1.2 billion stadium opened in 2014 . It is the first Super Bowl held in the San Francisco Bay Area since Super Bowl XIX in 1985, and the first in California since Super Bowl XXXVII took place in San Diego in 2003.",0.5761,0.4068,True,qwen2.5,"The context states that ""San Francisco mayor Ed Lee said of the highly visible homeless presence in this area 'they are going to have to leave'."" Therefore, the mayor of San Francisco during Super Bowl 50 was Ed Lee.",7.1778,,0.6982,False,0.342,hallucinated,1.0,The context explicitly states that San Francisco mayor Ed Lee was in office during the events leading up to Super Bowl 50.
738:baseline:qwen2.5,738,squad,41,baseline,What year was Super Bowl 50?,2015,"Super Bowl 50 was an American football game to determine the champion of the National Football League (NFL) for the 2015 season. The American Football Conference (AFC) champion Denver Broncos defeated the National Football Conference (NFC) champion Carolina Panthers 24–10 to earn their third Super Bowl title. The game was played on February 7, 2016, at Levi's Stadium in the San Francisco Bay Area at Santa Clara, California. As this was the 50th Super Bowl, the league emphasized the ""golden anniversary"" with various gold-themed initiatives, as well as temporarily suspending the tradition of naming each Super Bowl game with Roman numerals (under which the game would have been known as ""Super Bowl L""), so that the logo could prominently feature the Arabic numerals 50.

---

On May 21, 2013, NFL owners at their spring meetings in Boston voted and awarded the game to Levi's Stadium. The $1.2 billion stadium opened in 2014. It is the first Super Bowl held in the San Francisco Bay Area since Super Bowl XIX in 1985, and the first in California since Super Bowl XXXVII took place in San Diego in 2003.

---

In early 2012, NFL Commissioner Roger Goodell stated that the league planned to make the 50th Super Bowl ""spectacular"" and that it would be ""an important game for us as a league"".",0.6133,-1.0,False,qwen2.5,Super Bowl 50 was played in 2016.,4.3266,,0.598,False,0.4311,hallucinated,1.0,"The answer directly states that Super Bowl 50 was played on February 7, 2016, and the context confirms this fact."
739:hcpc_v1:qwen2.5,739,squad,41,hcpc_v1,What year was Super Bowl 50?,2015,"Super Bowl 50 was an American football game to determine the champion of the National Football League (NFL) for the 2015 season

---

. It is the first Super Bowl held in the San Francisco Bay Area since Super Bowl XIX in 1985, and the first in California since Super Bowl XXXVII took place in San Diego in 2003.

---

In early 2012, NFL Commissioner Roger Goodell stated that the league planned to make the 50th Super Bowl ""spectacular"" and that it would be ""an important game for us as a league"".",0.6094,-1.0,False,qwen2.5,"Super Bowl 50 determined the champion of the National Football League (NFL) for the 2015 season. Therefore, Super Bowl 50 took place in 2016.",4.1183,,0.7449,False,0.2323,hallucinated,0.0,"The answer is incorrect as Super Bowl 50 took place in 2016, not 2015, according to the context."
740:hcpc_v2:qwen2.5,740,squad,41,hcpc_v2,What year was Super Bowl 50?,2015,"Super Bowl 50 was an American football game to determine the champion of the National Football League (NFL) for the 2015 season. The American Football Conference (AFC) champion Denver Broncos defeated the National Football Conference (NFC) champion Carolina Panthers 24–10 to earn their third Super Bowl title. The game was played on February 7, 2016, at Levi's Stadium in the San Francisco Bay Area at Santa Clara, California. As this was the 50th Super Bowl, the league emphasized the ""golden anniversary"" with various gold-themed initiatives, as well as temporarily suspending the tradition of naming each Super Bowl game with Roman numerals (under which the game would have been known as ""Super Bowl L""), so that the logo could prominently feature the Arabic numerals 50.

---

On May 21, 2013, NFL owners at their spring meetings in Boston voted and awarded the game to Levi's Stadium. The $1.2 billion stadium opened in 2014. It is the first Super Bowl held in the San Francisco Bay Area since Super Bowl XIX in 1985, and the first in California since Super Bowl XXXVII took place in San Diego in 2003.

---

In early 2012, NFL Commissioner Roger Goodell stated that the league planned to make the 50th Super Bowl ""spectacular"" and that it would be ""an important game for us as a league"".",0.6133,0.5294,False,qwen2.5,Super Bowl 50 was played in 2016.,3.9432,,0.598,False,0.4311,hallucinated,1.0,"The answer directly states that Super Bowl 50 was played on February 7, 2016, and the context confirms this fact."
762:baseline:qwen2.5,762,squad,41,baseline,What happened to Tesla's belongings?,FBI ordered the Alien Property Custodian to seize Tesla's belongings,"On 7 January 1900, Tesla left Colorado Springs.[citation needed] His lab was torn down in 1904, and its contents were sold two years later to satisfy a debt.

---

Near the end of his life, Tesla walked to the park every day to feed the pigeons and even brought injured ones into his hotel room to nurse back to health. He said that he had been visited by a specific injured white pigeon daily. Tesla spent over $2,000, including building a device that comfortably supported her so her bones could heal, to fix her broken wing and leg. Tesla stated,

---

During the period in which the negotiations were being conducted, Tesla said that efforts had been made to steal the invention. His room had been entered and his papers had been scrutinized, but the thieves, or spies, left empty-handed. He said that there was no danger that his invention could be stolen, for he had at no time committed any part of it to paper; the blueprint for the teleforce weapon was all in his mind.",0.6316,-1.0,False,qwen2.5,"Tesla left his lab in Colorado Springs on 7 January 1900. His lab was torn down in 1904, and its contents were sold two years later to satisfy a debt.",5.0631,,0.6852,False,0.3266,hallucinated,1.0,"The answer directly supports the factual claim that Tesla left his lab in Colorado Springs on January 7, 1900, which is stated in the context."
763:hcpc_v1:qwen2.5,763,squad,41,hcpc_v1,What happened to Tesla's belongings?,FBI ordered the Alien Property Custodian to seize Tesla's belongings,"On 7 January 1900, Tesla left Colorado Springs.[citation needed] His lab was torn down in 1904, and its contents were sold two years later to satisfy a debt.

---

. Tesla spent over $2,000, including building a device that comfortably supported her so her bones could heal, to fix her broken wing and leg. Tesla stated,

---

During the period in which the negotiations were being conducted, Tesla said that efforts had been made to steal the invention. His room had been entered and his papers had been scrutinized, but the thieves, or spies, left empty-handed",0.6234,-1.0,False,qwen2.5,"Tesla's lab was torn down in 1904, and its contents were sold two years later to satisfy a debt.",3.1694,,0.4994,True,0.2244,hallucinated,1.0,The answer directly matches the information provided in the context.
764:hcpc_v2:qwen2.5,764,squad,41,hcpc_v2,What happened to Tesla's belongings?,FBI ordered the Alien Property Custodian to seize Tesla's belongings,"On 7 January 1900, Tesla left Colorado Springs.[citation needed] His lab was torn down in 1904, and its contents were sold two years later to satisfy a debt.

---

Near the end of his life, Tesla walked to the park every day to feed the pigeons and even brought injured ones into his hotel room to nurse back to health. He said that he had been visited by a specific injured white pigeon daily. Tesla spent over $2,000, including building a device that comfortably supported her so her bones could heal, to fix her broken wing and leg. Tesla stated,

---

During the period in which the negotiations were being conducted, Tesla said that efforts had been made to steal the invention. His room had been entered and his papers had been scrutinized, but the thieves, or spies, left empty-handed . He said that there was no danger that his invention could be stolen, for he had at no time committed any part of it to paper; the blueprint for the teleforce weapon was all in his mind.",0.6316,0.445,True,qwen2.5,"Tesla left his lab in Colorado Springs on 7 January 1900. His lab was torn down in 1904, and its contents were sold two years later to satisfy a debt.",5.2265,,0.6852,False,0.3266,hallucinated,1.0,"The answer directly supports the factual claim that Tesla left his lab in Colorado Springs on January 7, 1900, which is stated in the context."
894:baseline:qwen2.5,894,squad,41,baseline,What is the low end of the temperature range in summer?,60's,"The Victorian Alps in the northeast are the coldest part of Victoria. The Alps are part of the Great Dividing Range mountain system extending east-west through the centre of Victoria. Average temperatures are less than 9 °C (48 °F) in winter and below 0 °C (32 °F) in the highest parts of the ranges. The state's lowest minimum temperature of −11.7 °C (10.9 °F) was recorded at Omeo on 13 June 1965, and again at Falls Creek on 3 July 1970. Temperature extremes for the state are listed in the table below:

---

The Mallee and upper Wimmera are Victoria's warmest regions with hot winds blowing from nearby semi-deserts. Average temperatures exceed 32 °C (90 °F) during summer and 15 °C (59 °F) in winter. Except at cool mountain elevations, the inland monthly temperatures are 2–7 °C (4–13 °F) warmer than around Melbourne (see chart). Victoria's highest maximum temperature since World War II, of 48.8 °C (119.8 °F) was recorded in Hopetoun on 7 February 2009, during the 2009 southeastern Australia heat wave.

---

Southern California contains a Mediterranean climate, with infrequent rain and many sunny days. Summers are hot and dry, while winters are a bit warm or mild and wet. Serious rain can occur unusually. In the summers, temperature ranges are 90-60's while as winters are 70-50's, usually all of Southern California have Mediterranean climate. But snow is very rare in the Southwest of the state, it occurs on the Southeast of the state.",0.4646,-1.0,False,qwen2.5,"For Southern California, the low end of the temperature range in summer is 60's. For the Victorian Alps, the information provided does not specify a temperature range for summer. For Victoria's warmest regions (Mallee and upper Wimmera), there is no specific summer temperature range given in the context.",8.3039,,0.5568,False,0.2819,hallucinated,0.5,The answer correctly states the low end of the temperature range for Southern California but does not provide information about the Victorian Alps or Victoria's warmest regions.
895:hcpc_v1:qwen2.5,895,squad,41,hcpc_v1,What is the low end of the temperature range in summer?,60's,". Average temperatures are less than 9 °C (48 °F) in winter and below 0 °C (32 °F) in the highest parts of the ranges

---

. Except at cool mountain elevations, the inland monthly temperatures are 2–7 °C (4–13 °F) warmer than around Melbourne (see chart)

---

. In the summers, temperature ranges are 90-60's while as winters are 70-50's, usually all of Southern California have Mediterranean climate. But snow is very rare in the Southwest of the state, it occurs on the Southeast of the state.",0.5156,-1.0,False,qwen2.5,The low end of the temperature range in summer is 60's.,2.5839,,0.6139,False,0.3499,hallucinated,1.0,"The answer directly references and correctly interprets the provided context stating that 'In the summers, temperature ranges are 90-60's'."
896:hcpc_v2:qwen2.5,896,squad,41,hcpc_v2,What is the low end of the temperature range in summer?,60's,"The Victorian Alps in the northeast are the coldest part of Victoria. The Alps are part of the Great Dividing Range mountain system extending east-west through the centre of Victoria. Average temperatures are less than 9 °C (48 °F) in winter and below 0 °C (32 °F) in the highest parts of the ranges. The state's lowest minimum temperature of −11.7 °C (10.9 °F) was recorded at Omeo on 13 June 1965, and again at Falls Creek on 3 July 1970. Temperature extremes for the state are listed in the table below:

---

The Mallee and upper Wimmera are Victoria's warmest regions with hot winds blowing from nearby semi-deserts. Average temperatures exceed 32 °C (90 °F) during summer and 15 °C (59 °F) in winter. Except at cool mountain elevations, the inland monthly temperatures are 2–7 °C (4–13 °F) warmer than around Melbourne (see chart). Victoria's highest maximum temperature since World War II, of 48.8 °C (119.8 °F) was recorded in Hopetoun on 7 February 2009, during the 2009 southeastern Australia heat wave.

---

Southern California contains a Mediterranean climate, with infrequent rain and many sunny days. Summers are hot and dry, while winters are a bit warm or mild and wet. Serious rain can occur unusually . In the summers, temperature ranges are 90-60's while as winters are 70-50's, usually all of Southern California have Mediterranean climate. But snow is very rare in the Southwest of the state, it occurs on the Southeast of the state.",0.4646,0.3324,True,qwen2.5,"For Southern California, the low end of the temperature range in summer is 60's. For the Victorian Alps, the information provided does not specify a temperature range for summer. For Victoria's warmest regions (Mallee and upper Wimmera), there is no specific summer temperature range given.",7.8563,,0.6071,False,0.2744,hallucinated,1.0,"The answer correctly identifies the low end of the temperature range in summer for Southern California as '60's', which is directly supported by the context."
1206:baseline:qwen2.5,1206,squad,41,baseline,Difficulty in establishing a framework for complexity classes can be caused by what variable?,complicated definitions,"Of course, some complexity classes have complicated definitions that do not fit into this framework. Thus, a typical complexity class has a definition like the following:

---

Many important complexity classes can be defined by bounding the time or space used by the algorithm. Some important complexity classes of decision problems defined in this manner are the following:

---

Computational complexity theory is a branch of the theory of computation in theoretical computer science that focuses on classifying computational problems according to their inherent difficulty, and relating those classes to each other. A computational problem is understood to be a task that is in principle amenable to being solved by a computer, which is equivalent to stating that the problem may be solved by mechanical application of mathematical steps, such as an algorithm.",0.585,-1.0,False,qwen2.5,"The difficulty in establishing a framework for complexity classes can be caused by bounding the time or space used by the algorithm, according to the provided context.",3.7611,,0.5782,False,0.3435,hallucinated,1.0,"The answer directly supports the claim that the difficulty in establishing a framework for complexity classes can be caused by bounding the time or space used by the algorithm, as stated in the context."
1207:hcpc_v1:qwen2.5,1207,squad,41,hcpc_v1,Difficulty in establishing a framework for complexity classes can be caused by what variable?,complicated definitions,"Of course, some complexity classes have complicated definitions that do not fit into this framework. Thus, a typical complexity class has a definition like the following:

---

Many important complexity classes can be defined by bounding the time or space used by the algorithm. Some important complexity classes of decision problems defined in this manner are the following:

---

Computational complexity theory is a branch of the theory of computation in theoretical computer science that focuses on classifying computational problems according to their inherent difficulty, and relating those classes to each other",0.5913,-1.0,False,qwen2.5,"The context suggests that some complexity classes have complicated definitions that do not fit into a typical framework. Therefore, the difficulty in establishing a framework for complexity classes can be caused by the complexity or complications in the definitions of certain classes.",3.7773,,0.5419,False,0.3563,hallucinated,1.0,The answer directly addresses and explains the question using information from the context.
1208:hcpc_v2:qwen2.5,1208,squad,41,hcpc_v2,Difficulty in establishing a framework for complexity classes can be caused by what variable?,complicated definitions,"Of course, some complexity classes have complicated definitions that do not fit into this framework. Thus, a typical complexity class has a definition like the following:

---

Many important complexity classes can be defined by bounding the time or space used by the algorithm. Some important complexity classes of decision problems defined in this manner are the following:

---

Computational complexity theory is a branch of the theory of computation in theoretical computer science that focuses on classifying computational problems according to their inherent difficulty, and relating those classes to each other . A computational problem is understood to be a task that is in principle amenable to being solved by a computer, which is equivalent to stating that the problem may be solved by mechanical application of mathematical steps, such as an algorithm.",0.585,0.6023,True,qwen2.5,"The difficulty in establishing a framework for complexity classes can be caused by bounding the time or space used by the algorithm, according to the provided context.",2.9382,,0.5782,False,0.3435,hallucinated,1.0,"The answer directly supports the claim that the difficulty in establishing a framework for complexity classes can be caused by bounding the time or space used by the algorithm, as stated in the context."
1260:baseline:qwen2.5,1260,squad,41,baseline,"Where was a beer, wine and food festival held at prior to the Super Bowl?",Bellomy Field,"The game's media day, which was typically held on the Tuesday afternoon prior to the game, was moved to the Monday evening and re-branded as Super Bowl Opening Night. The event was held on February 1, 2016 at SAP Center in San Jose. Alongside the traditional media availabilities, the event featured an opening ceremony with player introductions on a replica of the Golden Gate Bridge.

---

On May 21, 2013, NFL owners at their spring meetings in Boston voted and awarded the game to Levi's Stadium. The $1.2 billion stadium opened in 2014. It is the first Super Bowl held in the San Francisco Bay Area since Super Bowl XIX in 1985, and the first in California since Super Bowl XXXVII took place in San Diego in 2003.

---

The league announced on October 16, 2012, that the two finalists were Sun Life Stadium and Levi's Stadium. The South Florida/Miami area has previously hosted the event 10 times (tied for most with New Orleans), with the most recent one being Super Bowl XLIV in 2010. The San Francisco Bay Area last hosted in 1985 (Super Bowl XIX), held at Stanford Stadium in Stanford, California, won by the home team 49ers. The Miami bid depended on whether the stadium underwent renovations. However, on May 3, 2013, the Florida legislature refused to approve the funding plan to pay for the renovations, dealing a significant blow to Miami's chances.",0.569,-1.0,False,qwen2.5,I cannot find this information in the provided context.,4.1801,,0.5531,False,0.0941,hallucinated,0.0,"The question asks about a beer, wine and food festival held prior to the Super Bowl, but the context does not provide any information about such an event."
1261:hcpc_v1:qwen2.5,1261,squad,41,hcpc_v1,"Where was a beer, wine and food festival held at prior to the Super Bowl?",Bellomy Field,"The game's media day, which was typically held on the Tuesday afternoon prior to the game, was moved to the Monday evening and re-branded as Super Bowl Opening Night. The event was held on February 1, 2016 at SAP Center in San Jose

---

. It is the first Super Bowl held in the San Francisco Bay Area since Super Bowl XIX in 1985, and the first in California since Super Bowl XXXVII took place in San Diego in 2003.

---

. The South Florida/Miami area has previously hosted the event 10 times (tied for most with New Orleans), with the most recent one being Super Bowl XLIV in 2010",0.5614,-1.0,False,qwen2.5,I cannot find this information in the provided context.,1.8304,,0.5531,False,0.0941,hallucinated,0.0,"The question asks about a beer, wine and food festival held prior to the Super Bowl, but the provided context does not mention any such event."
1262:hcpc_v2:qwen2.5,1262,squad,41,hcpc_v2,"Where was a beer, wine and food festival held at prior to the Super Bowl?",Bellomy Field,"The game's media day, which was typically held on the Tuesday afternoon prior to the game, was moved to the Monday evening and re-branded as Super Bowl Opening Night. The event was held on February 1, 2016 at SAP Center in San Jose. Alongside the traditional media availabilities, the event featured an opening ceremony with player introductions on a replica of the Golden Gate Bridge.

---

On May 21, 2013, NFL owners at their spring meetings in Boston voted and awarded the game to Levi's Stadium. The $1.2 billion stadium opened in 2014. It is the first Super Bowl held in the San Francisco Bay Area since Super Bowl XIX in 1985, and the first in California since Super Bowl XXXVII took place in San Diego in 2003.

---

The league announced on October 16, 2012, that the two finalists were Sun Life Stadium and Levi's Stadium . The South Florida/Miami area has previously hosted the event 10 times (tied for most with New Orleans), with the most recent one being Super Bowl XLIV in 2010 . The San Francisco Bay Area last hosted in 1985 (Super Bowl XIX), held at Stanford Stadium in Stanford, California, won by the home team 49ers. The Miami bid depended on whether the stadium underwent renovations . However, on May 3, 2013, the Florida legislature refused to approve the funding plan to pay for the renovations, dealing a significant blow to Miami's chances.",0.5701,0.6,True,qwen2.5,I cannot find this information in the provided context.,3.5909,,0.5531,False,0.0941,hallucinated,0.0,"The question asks about a beer, wine and food festival held prior to the Super Bowl, but the context does not provide any information about such an event."
1299:baseline:qwen2.5,1299,squad,41,baseline,"According to the text, how much money did the Host Committee raise?",over $40 million,"For the first time, the Super Bowl 50 Host Committee and the NFL have openly sought disabled veteran and lesbian, gay, bisexual and transgender-owned businesses in Business Connect, the Super Bowl program that provides local companies with contracting opportunities in and around the Super Bowl. The host committee has already raised over $40 million through sponsors including Apple, Google, Yahoo!, Intel, Gap, Chevron, and Dignity Health.

---

The Super Bowl 50 Host Committee has vowed to be ""the most giving Super Bowl ever"", and will dedicate 25 percent of all money it raises for philanthropic causes in the Bay Area. The committee created the 50 fund as its philanthropic initiative and focuses on providing grants to aid with youth development, community investment and sustainable environments.

---

In addition, there are $2 million worth of other ancillary events, including a week-long event at the Santa Clara Convention Center, a beer, wine and food festival at Bellomy Field at Santa Clara University, and a pep rally. A professional fundraiser will aid in finding business sponsors and individual donors, but still may need the city council to help fund the event. Additional funding will be provided by the city council, which has announced plans to set aside seed funding for the event.",0.4602,-1.0,False,qwen2.5,"The host committee has already raised over $40 million through sponsors including Apple, Google, Yahoo!, Intel, Gap, Chevron, and Dignity Health.",4.8026,,0.8429,False,0.3047,hallucinated,1.0,The answer directly quotes the context stating that the host committee has already raised over $40 million through sponsors.
1300:hcpc_v1:qwen2.5,1300,squad,41,hcpc_v1,"According to the text, how much money did the Host Committee raise?",over $40 million,". The host committee has already raised over $40 million through sponsors including Apple, Google, Yahoo!, Intel, Gap, Chevron, and Dignity Health.

---

The Super Bowl 50 Host Committee has vowed to be ""the most giving Super Bowl ever"", and will dedicate 25 percent of all money it raises for philanthropic causes in the Bay Area

---

. Additional funding will be provided by the city council, which has announced plans to set aside seed funding for the event.",0.5217,-1.0,False,qwen2.5,"According to the text, the host committee has already raised over $40 million through sponsors.",2.801,,0.761,False,0.3215,hallucinated,1.0,The answer directly quotes the context and provides an exact amount of money raised by the Host Committee.
1301:hcpc_v2:qwen2.5,1301,squad,41,hcpc_v2,"According to the text, how much money did the Host Committee raise?",over $40 million,"For the first time, the Super Bowl 50 Host Committee and the NFL have openly sought disabled veteran and lesbian, gay, bisexual and transgender-owned businesses in Business Connect, the Super Bowl program that provides local companies with contracting opportunities in and around the Super Bowl. The host committee has already raised over $40 million through sponsors including Apple, Google, Yahoo!, Intel, Gap, Chevron, and Dignity Health.

---

The Super Bowl 50 Host Committee has vowed to be ""the most giving Super Bowl ever"", and will dedicate 25 percent of all money it raises for philanthropic causes in the Bay Area. The committee created the 50 fund as its philanthropic initiative and focuses on providing grants to aid with youth development, community investment and sustainable environments.

---

In addition, there are $2 million worth of other ancillary events, including a week-long event at the Santa Clara Convention Center, a beer, wine and food festival at Bellomy Field at Santa Clara University, and a pep rally . A professional fundraiser will aid in finding business sponsors and individual donors, but still may need the city council to help fund the event . Additional funding will be provided by the city council, which has announced plans to set aside seed funding for the event.",0.4602,0.3579,True,qwen2.5,The context states that the host committee has already raised over $40 million through sponsors.,3.614,,0.8892,False,0.3972,hallucinated,1.0,The answer directly quotes the text stating that the Super Bowl 50 Host Committee has already raised over $40 million.
1350:baseline:qwen2.5,1350,squad,41,baseline,What was special about Tesla's memory?,eidetic,"Tesla read many works, memorizing complete books, and supposedly possessed a photographic memory.:33 He was a polyglot, speaking eight languages: Serbo-Croatian, Czech, English, French, German, Hungarian, Italian, and Latin.:282 Tesla related in his autobiography that he experienced detailed moments of inspiration. During his early life, Tesla was repeatedly stricken with illness. He suffered a peculiar affliction in which blinding flashes of light would appear before his eyes, often accompanied by visions.:33 Often, the visions were linked to a word or idea he might have come across; at other times they would provide the solution to a particular problem he had encountered. Just by hearing the name of an item, he would be able to envision it in realistic detail.:33 Tesla would visualize an invention in his mind with extreme precision, including all dimensions, before moving to the construction stage, a technique sometimes known as picture thinking

---

. He typically did not make drawings by hand but worked from memory. Beginning in his childhood, Tesla had frequent flashbacks to events that had happened previously in his life.:33

---

Tesla's legacy has endured in books, films, radio, TV, music, live theater, comics and video games. The impact of the technologies invented or envisioned by Tesla is a recurring theme in several types of science fiction.",0.5852,-1.0,False,qwen2.5,"Tesla was known for his exceptional memory. He could memorize complete books and reportedly had a photographic memory. Additionally, he could visualize inventions in detailed, realistic detail before constructing them, showcasing a form of mental imagery or picture thinking.",6.1334,,0.6842,False,0.4301,hallucinated,1.0,"The answer directly supports every factual claim in the context about Tesla's memory, including his ability to memorize books, have a photographic memory, and visualize inventions in detail before construction."
1351:hcpc_v1:qwen2.5,1351,squad,41,hcpc_v1,What was special about Tesla's memory?,eidetic,"Tesla read many works, memorizing complete books, and supposedly possessed a photographic memory.:33 He was a polyglot, speaking eight languages: Serbo-Croatian, Czech, English, French, German, Hungarian, Italian, and Latin.:282 Tesla related in his

---

. He typically did not make drawings by hand but worked from memory. Beginning in his childhood, Tesla had frequent flashbacks to events that had happened previously in his life.:33

---

Tesla's legacy has endured in books, films, radio, TV, music, live theater, comics and video games. The impact of the technologies invented or envisioned by Tesla is a recurring theme in several types of science fiction.",0.599,-1.0,False,qwen2.5,"Tesla was known for having a photographic memory and would memorize complete books. Additionally, he experienced frequent flashbacks to events from his past.",3.2057,,0.6302,False,0.3473,hallucinated,1.0,"The answer directly supports the factual claims in the context that Tesla had a photographic memory and would memorize complete books, as well as the claim about frequent flashbacks to events from his past which is also mentioned in the context."
1352:hcpc_v2:qwen2.5,1352,squad,41,hcpc_v2,What was special about Tesla's memory?,eidetic,"Tesla read many works, memorizing complete books, and supposedly possessed a photographic memory.:33 He was a polyglot, speaking eight languages: Serbo-Croatian, Czech, English, French, German, Hungarian, Italian, and Latin.:282 Tesla related in his autobiography that he experienced detailed moments of inspiration. During his early life, Tesla was repeatedly stricken with illness. He suffered a peculiar affliction in which blinding flashes of light would appear before his eyes, often accompanied by visions.:33 Often, the visions were linked to a word or idea he might have come across; at other times they would provide the solution to a particular problem he had encountered. Just by hearing the name of an item, he would be able to envision it in realistic detail.:33 Tesla would visualize an invention in his mind with extreme precision, including all dimensions, before moving to the construction stage, a technique sometimes known as picture thinking

---

. He typically did not make drawings by hand but worked from memory. Beginning in his childhood, Tesla had frequent flashbacks to events that had happened previously in his life.:33

---

Tesla's legacy has endured in books, films, radio, TV, music, live theater, comics and video games. The impact of the technologies invented or envisioned by Tesla is a recurring theme in several types of science fiction.",0.5852,0.5226,True,qwen2.5,"Tesla was known for his exceptional memory. He could memorize complete books and reportedly had a photographic memory. Additionally, he could visualize inventions in detailed, realistic detail before constructing them, showcasing a form of mental imagery or picture thinking.",5.4372,,0.6842,False,0.4301,hallucinated,1.0,"The answer directly supports every factual claim in the context about Tesla's memory, including his ability to memorize books, have a photographic memory, and visualize inventions in detail before construction."
1413:baseline:qwen2.5,1413,squad,41,baseline,Who controlled Sicily before the Normans?,Saracens,". Norman adventurers founded the Kingdom of Sicily under Roger II after conquering southern Italy on the Saracens and Byzantines, and an expedition on behalf of their duke, William the Conqueror, led to the Norman conquest of England at the Battle of Hastings in 1066. Norman cultural and military influence spread from these new European centres to the Crusader states of the Near East, where their prince Bohemond I founded the Principality of Antioch in the Levant, to Scotland and Wales in Great Britain, to Ireland, and to the coasts of north Africa and the Canary Islands.

---

In England, the period of Norman architecture immediately succeeds that of the Anglo-Saxon and precedes the Early Gothic. In southern Italy, the Normans incorporated elements of Islamic, Lombard, and Byzantine building techniques into their own, initiating a unique style known as Norman-Arab architecture within the Kingdom of Sicily.

---

From these bases, the Normans eventually captured Sicily and Malta from the Saracens, under the leadership of the famous Robert Guiscard, a Hauteville, and his younger brother Roger the Great Count. Roger's son, Roger II of Sicily, was crowned king in 1130 (exactly one century after Rainulf was ""crowned"" count) by Antipope Anacletus II. The Kingdom of Sicily lasted until 1194, when it was transferred to the House of Hohenstaufen through marriage. The Normans left their legacy in many castles, such as William Iron Arm's citadel at Squillace, and cathedrals, such as Roger II's Cappella Palatina chapel at Palermo, which dot the landscape and give a wholly distinct architectural flavor to accompany its unique history.",0.6116,-1.0,False,qwen2.5,"Before the Normans, Sicily was controlled by the Saracens.",4.6676,,0.5969,False,0.4044,hallucinated,1.0,The answer is directly supported by the context as it states that the Normans captured Sicily from the Saracens.
1414:hcpc_v1:qwen2.5,1414,squad,41,hcpc_v1,Who controlled Sicily before the Normans?,Saracens,". Norman adventurers founded the Kingdom of Sicily under Roger II after conquering southern Italy on the Saracens and Byzantines, and an expedition on behalf of their duke, William the Conqueror, led to the Norman conquest of England at the Battle of

---

. In southern Italy, the Normans incorporated elements of Islamic, Lombard, and Byzantine building techniques into their own, initiating a unique style known as Norman-Arab architecture within the Kingdom of Sicily.

---

From these bases, the Normans eventually captured Sicily and Malta from the Saracens, under the leadership of the famous Robert Guiscard, a Hauteville, and his younger brother Roger the Great Count",0.6242,-1.0,False,qwen2.5,"Before the Normans, Sicily was controlled by the Saracens.",2.2342,,0.5969,False,0.4044,hallucinated,1.0,The answer is directly supported by the context as it mentions that the Normans captured Sicily from the Saracens.
1415:hcpc_v2:qwen2.5,1415,squad,41,hcpc_v2,Who controlled Sicily before the Normans?,Saracens,". Norman adventurers founded the Kingdom of Sicily under Roger II after conquering southern Italy on the Saracens and Byzantines, and an expedition on behalf of their duke, William the Conqueror, led to the Norman conquest of England at the Battle of Hastings in 1066. Norman cultural and military influence spread from these new European centres to the Crusader states of the Near East, where their prince Bohemond I founded the Principality of Antioch in the Levant, to Scotland and Wales in Great Britain, to Ireland, and to the coasts of north Africa and the Canary Islands.

---

In England, the period of Norman architecture immediately succeeds that of the Anglo-Saxon and precedes the Early Gothic. In southern Italy, the Normans incorporated elements of Islamic, Lombard, and Byzantine building techniques into their own, initiating a unique style known as Norman-Arab architecture within the Kingdom of Sicily.

---

From these bases, the Normans eventually captured Sicily and Malta from the Saracens, under the leadership of the famous Robert Guiscard, a Hauteville, and his younger brother Roger the Great Count. Roger's son, Roger II of Sicily, was crowned king in 1130 (exactly one century after Rainulf was ""crowned"" count) by Antipope Anacletus II. The Kingdom of Sicily lasted until 1194, when it was transferred to the House of Hohenstaufen through marriage. The Normans left their legacy in many castles, such as William Iron Arm's citadel at Squillace, and cathedrals, such as Roger II's Cappella Palatina chapel at Palermo, which dot the landscape and give a wholly distinct architectural flavor to accompany its unique history.",0.6116,0.4219,False,qwen2.5,"Before the Normans, Sicily was controlled by the Saracens.",4.076,,0.5969,False,0.4044,hallucinated,1.0,The answer is directly supported by the context as it states that the Normans captured Sicily from the Saracens.
1491:baseline:qwen2.5,1491,squad,41,baseline,When did Tesla come to the US?,1884,"On 30 July 1891, at the age of 35, Tesla became a naturalized citizen of the United States, and established his South Fifth Avenue laboratory, and later another at 46 E. Houston Street, in New York. He lit electric lamps wirelessly at both locations, demonstrating the potential of wireless power transmission. In the same year, he patented the Tesla coil.

---

Tesla gained experience in telephony and electrical engineering before emigrating to the United States in 1884 to work for Thomas Edison in New York City. He soon struck out on his own with financial backers, setting up laboratories and companies to develop a range of electrical devices. His patented AC induction motor and transformer were licensed by George Westinghouse, who also hired Tesla for a short time as a consultant. His work in the formative years of electric power development was involved in a corporate alternating current/direct current ""War of Currents"" as well as various patent battles.

---

On 7 January 1900, Tesla left Colorado Springs.[citation needed] His lab was torn down in 1904, and its contents were sold two years later to satisfy a debt.",0.6328,-1.0,False,qwen2.5,Tesla emigrated to the United States in 1884 to work for Thomas Edison in New York City.,4.151,,0.6066,False,0.2864,hallucinated,0.5,"The answer mentions Tesla's arrival in the US in 1884, but the context only states that he became a citizen and established his lab in 1891. The answer is partially supported."
1492:hcpc_v1:qwen2.5,1492,squad,41,hcpc_v1,When did Tesla come to the US?,1884,"On 30 July 1891, at the age of 35, Tesla became a naturalized citizen of the United States, and established his South Fifth Avenue laboratory, and later another at 46 E. Houston Street, in New York

---

Tesla gained experience in telephony and electrical engineering before emigrating to the United States in 1884 to work for Thomas Edison in New York City

---

On 7 January 1900, Tesla left Colorado Springs.[citation needed] His lab was torn down in 1904, and its contents were sold two years later to satisfy a debt.",0.6292,-1.0,False,qwen2.5,Tesla emigrated to the United States in 1884 to work for Thomas Edison in New York City.,2.8074,,0.6066,False,0.2864,hallucinated,0.5,"The answer mentions Tesla's arrival in the US, but it is not the exact year mentioned in the context."
1493:hcpc_v2:qwen2.5,1493,squad,41,hcpc_v2,When did Tesla come to the US?,1884,"On 30 July 1891, at the age of 35, Tesla became a naturalized citizen of the United States, and established his South Fifth Avenue laboratory, and later another at 46 E. Houston Street, in New York. He lit electric lamps wirelessly at both locations, demonstrating the potential of wireless power transmission. In the same year, he patented the Tesla coil.

---

Tesla gained experience in telephony and electrical engineering before emigrating to the United States in 1884 to work for Thomas Edison in New York City. He soon struck out on his own with financial backers, setting up laboratories and companies to develop a range of electrical devices. His patented AC induction motor and transformer were licensed by George Westinghouse, who also hired Tesla for a short time as a consultant. His work in the formative years of electric power development was involved in a corporate alternating current/direct current ""War of Currents"" as well as various patent battles.

---

On 7 January 1900, Tesla left Colorado Springs.[citation needed] His lab was torn down in 1904, and its contents were sold two years later to satisfy a debt.",0.6328,0.5168,False,qwen2.5,Tesla emigrated to the United States in 1884 to work for Thomas Edison in New York City.,3.5484,,0.6066,False,0.2864,hallucinated,0.5,"The answer mentions Tesla's arrival in the US in 1884, but the context only states that he became a citizen and established his lab in 1891. The answer is partially supported."
1527:baseline:qwen2.5,1527,squad,42,baseline,What did the new mass allow as regards ceremony?,freedom of ceremony,"In response to demands for a German liturgy, Luther wrote a German Mass, which he published in early 1526. He did not intend it as a replacement for his 1523 adaptation of the Latin Mass but as an alternative for the ""simple people"", a ""public stimulation for people to believe and become Christians."" Luther based his order on the Catholic service but omitted ""everything that smacks of sacrifice""; and the Mass became a celebration where everyone received the wine as well as the bread. He retained the elevation of the host and chalice, while trappings such as the Mass vestments, altar, and candles were made optional, allowing freedom of ceremony. Some reformers, including followers of Huldrych Zwingli, considered Luther's service too papistic; and modern scholars note the conservatism of his alternative to the Catholic mass. Luther's service, however, included congregational singing of hymns and psalms in German, as well as of parts of the liturgy, including Luther's unison setting of the Creed

---

In October 1529, Philip I, Landgrave of Hesse, convoked an assembly of German and Swiss theologians at the Marburg Colloquy, to establish doctrinal unity in the emerging Protestant states. Agreement was achieved on fourteen points out of fifteen, the exception being the nature of the Eucharist – the sacrament of the Lord's Supper—an issue crucial to Luther.

---

. Even Priesthood representatives are expected to defer to the father of the house when in his home. Further, additional spiritual guidance is offered by those holding the office of Patriarch, which is supposed by Latter-day Saints to grant certain gifts of the Spirit, such as the ability to prophesy, to its holders. This guidance is generally offered during a ceremony called the patriarchal blessing.",0.3789,-1.0,False,qwen2.5,"The new mass allowed for freedom of ceremony by making trappings such as Mass vestments, altar, and candles optional.",5.3245,,0.5335,False,0.4027,hallucinated,1.0,"The answer directly references the context where it is stated that Luther's mass 'allowed freedom of ceremony' by making trappings such as Mass vestments, altar, and candles optional."
1528:hcpc_v1:qwen2.5,1528,squad,42,hcpc_v1,What did the new mass allow as regards ceremony?,freedom of ceremony,". He retained the elevation of the host and chalice, while trappings such as the Mass vestments, altar, and candles were made optional, allowing freedom of ceremony

---

. Agreement was achieved on fourteen points out of fifteen, the exception being the nature of the Eucharist – the sacrament of the Lord's Supper—an issue crucial to Luther.

---

. This guidance is generally offered during a ceremony called the patriarchal blessing.",0.4548,-1.0,False,qwen2.5,"The new mass allowed freedom of ceremony regarding trappings such as Mass vestments, altar, and candles, while retaining the elevation of the host and chalice.",3.5015,,0.3038,True,0.4931,hallucinated,1.0,"The answer directly supports the question by stating that the new mass allowed freedom of ceremony regarding trappings such as Mass vestments, altar, and candles, which is consistent with the provided context."
1529:hcpc_v2:qwen2.5,1529,squad,42,hcpc_v2,What did the new mass allow as regards ceremony?,freedom of ceremony,"In response to demands for a German liturgy, Luther wrote a German Mass, which he published in early 1526. He did not intend it as a replacement for his 1523 adaptation of the Latin Mass but as an alternative for the ""simple people"", a ""public stimulation for people to believe and become Christians."" Luther based his order on the Catholic service but omitted ""everything that smacks of sacrifice""; and the Mass became a celebration where everyone received the wine as well as the bread. He retained the elevation of the host and chalice, while trappings such as the Mass vestments, altar, and candles were made optional, allowing freedom of ceremony. Some reformers, including followers of Huldrych Zwingli, considered Luther's service too papistic; and modern scholars note the conservatism of his alternative to the Catholic mass. Luther's service, however, included congregational singing of hymns and psalms in German, as well as of parts of the liturgy, including Luther's unison setting of the Creed

---

In October 1529, Philip I, Landgrave of Hesse, convoked an assembly of German and Swiss theologians at the Marburg Colloquy, to establish doctrinal unity in the emerging Protestant states. Agreement was achieved on fourteen points out of fifteen, the exception being the nature of the Eucharist – the sacrament of the Lord's Supper—an issue crucial to Luther.

---

. Even Priesthood representatives are expected to defer to the father of the house when in his home . Further, additional spiritual guidance is offered by those holding the office of Patriarch, which is supposed by Latter-day Saints to grant certain gifts of the Spirit, such as the ability to prophesy, to its holders . This guidance is generally offered during a ceremony called the patriarchal blessing.",0.3789,0.1735,True,qwen2.5,"The new mass allowed for freedom of ceremony. Specifically, Luther made trappings such as Mass vestments, altar, and candles optional in his German Mass.",5.736,,0.4989,True,0.3792,hallucinated,1.0,"The answer directly supports the claim that the new mass allowed for freedom of ceremony by stating that Luther made trappings such as Mass vestments, altar, and candles optional in his German Mass."
1554:baseline:qwen2.5,1554,squad,42,baseline,What helped spread Protestantism in France?,availability of the Bible in vernacular languages,"Huguenot numbers peaked near an estimated two million by 1562, concentrated mainly in the southern and central parts of France, about one-eighth the number of French Catholics. As Huguenots gained influence and more openly displayed their faith, Catholic hostility grew, in spite of increasingly liberal political concessions and edicts of toleration from the French crown. A series of religious conflicts followed, known as the Wars of Religion, fought intermittently from 1562 to 1598. The wars finally ended with the granting of the Edict of Nantes, which granted the Huguenots substantial religious, political and military autonomy.

---

The pattern of warfare, followed by brief periods of peace, continued for nearly another quarter-century. The warfare was definitively quelled in 1598, when Henry of Navarre, having succeeded to the French throne as Henry IV, and having recanted Protestantism in favour of Roman Catholicism, issued the Edict of Nantes. The Edict reaffirmed Catholicism as the state religion of France, but granted the Protestants equality with Catholics under the throne and a degree of religious and political freedom within their domains. The Edict simultaneously protected Catholic interests by discouraging the founding of new Protestant churches in Catholic-controlled regions.[citation needed]

---

The revocation forbade Protestant services, required education of children as Catholics, and prohibited emigration. It proved disastrous to the Huguenots and costly for France. It precipitated civil bloodshed, ruined commerce, and resulted in the illegal flight from the country of hundreds of thousands of Protestants, many of whom became intellectuals, doctors and business leaders in Britain as well as Holland, Prussia, and South Africa. Four thousand emigrated to the North American colonies, where they settled in New York and Virginia, especially. The English welcomed the French refugees, providing money from both government and private agencies to aid their relocation. Those Huguenots who stayed in France became Catholics and were called ""new converts"".",0.519,-1.0,False,qwen2.5,"I cannot find this information in the provided context. The given text does not mention any specific factors that helped spread Protestantism in France. It primarily discusses the Huguenots, their conflicts with Catholics, and the Edict of Nantes but does not provide details on how Protestantism was initially spread in France.",8.6153,,0.5169,False,0.1865,hallucinated,0.0,The provided context does not discuss any factors that helped spread Protestantism in France.
1555:hcpc_v1:qwen2.5,1555,squad,42,hcpc_v1,What helped spread Protestantism in France?,availability of the Bible in vernacular languages,". As Huguenots gained influence and more openly displayed their faith, Catholic hostility grew, in spite of increasingly liberal political concessions and edicts of toleration from the French crown

---

. The Edict reaffirmed Catholicism as the state religion of France, but granted the Protestants equality with Catholics under the throne and a degree of religious and political freedom within their domains

---

. Those Huguenots who stayed in France became Catholics and were called ""new converts"".",0.584,-1.0,False,qwen2.5,"I cannot find this information in the provided context. The given context does not explicitly state what helped spread Protestantism in France. It mentions Huguenots gaining influence and more openly displaying their faith, but it does not directly attribute this to a specific factor or action that spread Protestantism.",5.386,,0.4732,True,0.206,hallucinated,0.0,The provided context does not explicitly state what helped spread Protestantism in France.
1556:hcpc_v2:qwen2.5,1556,squad,42,hcpc_v2,What helped spread Protestantism in France?,availability of the Bible in vernacular languages,"Huguenot numbers peaked near an estimated two million by 1562, concentrated mainly in the southern and central parts of France, about one-eighth the number of French Catholics. As Huguenots gained influence and more openly displayed their faith, Catholic hostility grew, in spite of increasingly liberal political concessions and edicts of toleration from the French crown. A series of religious conflicts followed, known as the Wars of Religion, fought intermittently from 1562 to 1598. The wars finally ended with the granting of the Edict of Nantes, which granted the Huguenots substantial religious, political and military autonomy.

---

The pattern of warfare, followed by brief periods of peace, continued for nearly another quarter-century. The warfare was definitively quelled in 1598, when Henry of Navarre, having succeeded to the French throne as Henry IV, and having recanted Protestantism in favour of Roman Catholicism, issued the Edict of Nantes. The Edict reaffirmed Catholicism as the state religion of France, but granted the Protestants equality with Catholics under the throne and a degree of religious and political freedom within their domains. The Edict simultaneously protected Catholic interests by discouraging the founding of new Protestant churches in Catholic-controlled regions.[citation needed]

---

The revocation forbade Protestant services, required education of children as Catholics, and prohibited emigration. It proved disastrous to the Huguenots and costly for France . It precipitated civil bloodshed, ruined commerce, and resulted in the illegal flight from the country of hundreds of thousands of Protestants, many of whom became intellectuals, doctors and business leaders in Britain as well as Holland, Prussia, and well as Holland, Prussia, and South Africa . Four thousand emigrated to the North American colonies, where they settled in New York and Virginia, especially. The English welcomed the French refugees, providing money from both government and private agencies to aid their relocation . Those Huguenots who stayed in France became Catholics and were called ""new converts"".",0.5203,0.407,True,qwen2.5,"I cannot find this information in the provided context. The given text does not mention any specific factors that helped spread Protestantism in France. It primarily discusses the Huguenots, their conflicts with Catholics, and the Edict of Nantes but does not provide details on how Protestantism was initially spread in France.",8.2975,,0.5169,False,0.1865,hallucinated,0.0,The provided context does not discuss any factors that helped spread Protestantism in France.
1692:baseline:qwen2.5,1692,squad,42,baseline,What is the foundation for separation results within complexity classes?,time and space hierarchy theorems,"The time and space hierarchy theorems form the basis for most separation results of complexity classes. For instance, the time hierarchy theorem tells us that P is strictly contained in EXPTIME, and the space hierarchy theorem tells us that L is strictly contained in PSPACE.

---

Of course, some complexity classes have complicated definitions that do not fit into this framework. Thus, a typical complexity class has a definition like the following:

---

Many complexity classes are defined using the concept of a reduction. A reduction is a transformation of one problem into another problem. It captures the informal notion of a problem being at least as difficult as another problem. For instance, if a problem X can be solved using an algorithm for Y, X is no more difficult than Y, and we say that X reduces to Y. There are many different types of reductions, based on the method of reduction, such as Cook reductions, Karp reductions and Levin reductions, and the bound on the complexity of reductions, such as polynomial-time reductions or log-space reductions.",0.6298,-1.0,False,qwen2.5,The time and space hierarchy theorems form the basis for most separation results of complexity classes.,3.7246,,0.6326,False,0.5038,faithful,1.0,The answer directly quotes the context to explain the foundation for separation results within complexity classes.
1693:hcpc_v1:qwen2.5,1693,squad,42,hcpc_v1,What is the foundation for separation results within complexity classes?,time and space hierarchy theorems,"The time and space hierarchy theorems form the basis for most separation results of complexity classes

---

Of course, some complexity classes have complicated definitions that do not fit into this framework. Thus, a typical complexity class has a definition like the following:

---

Many complexity classes are defined using the concept of a reduction. A reduction is a transformation of one problem into another problem. It captures the informal notion of a problem being at least as difficult as another problem",0.6709,-1.0,False,qwen2.5,The time and space hierarchy theorems form the basis for most separation results of complexity classes.,2.223,,0.6326,False,0.5038,faithful,1.0,The answer directly repeats the information from the context about the foundation for separation results within complexity classes.
1694:hcpc_v2:qwen2.5,1694,squad,42,hcpc_v2,What is the foundation for separation results within complexity classes?,time and space hierarchy theorems,"The time and space hierarchy theorems form the basis for most separation results of complexity classes. For instance, the time hierarchy theorem tells us that P is strictly contained in EXPTIME, and the space hierarchy theorem tells us that L is strictly contained in PSPACE.

---

Of course, some complexity classes have complicated definitions that do not fit into this framework. Thus, a typical complexity class has a definition like the following:

---

Many complexity classes are defined using the concept of a reduction. A reduction is a transformation of one problem into another problem. It captures the informal notion of a problem being at least as difficult as another problem . For instance, if a problem X can be solved using an algorithm for Y, X is no more difficult than Y, and we say that X reduces to Y . There are many different types of reductions, based on the method of reduction, such as Cook reductions, Karp reductions and Levin reductions, and the bound on the complexity of reductions, such as polynomial-time reductions or log-space reductions.",0.6299,0.4091,True,qwen2.5,The time and space hierarchy theorems form the basis for most separation results of complexity classes.,3.6471,,0.6326,False,0.5038,faithful,1.0,The answer directly quotes the context to explain the foundation for separation results within complexity classes.
1716:baseline:qwen2.5,1716,squad,42,baseline,what did Tesla think nitrous acid contributed to? ,skin damage,"In 1937, at a luncheon in his honor concerning the death ray, Tesla stated, ""But it is not an experiment ... I have built, demonstrated and used it. Only a little time will pass before I can give it to the world."" His records indicate that the device is based on a narrow stream of small tungsten pellets that are accelerated via high voltage (by means akin to his magnifying transformer).

---

Tesla was generally antagonistic towards theories about the conversion of matter into energy.:247 He was also critical of Einstein's theory of relativity, saying:

---

Tesla noted the hazards of working with his circuit and single-node X-ray-producing devices. In his many notes on the early investigation of this phenomenon, he attributed the skin damage to various causes. He believed early on that damage to the skin was not caused by the Roentgen rays, but by the ozone generated in contact with the skin, and to a lesser extent, by nitrous acid. Tesla incorrectly believed that X-rays were longitudinal waves, such as those produced in waves in plasmas. These plasma waves can occur in force-free magnetic fields.",0.5157,-1.0,False,qwen2.5,"According to the provided context, Tesla believed that nitrous acid was to a lesser extent responsible for skin damage, along with ozone generated in contact with the skin.",5.0085,,0.5608,False,0.6037,faithful,1.0,"The answer directly supports the question by stating Tesla's belief about nitrous acid's contribution, which is explicitly mentioned in the context."
1717:hcpc_v1:qwen2.5,1717,squad,42,hcpc_v1,what did Tesla think nitrous acid contributed to? ,skin damage,"In 1937, at a luncheon in his honor concerning the death ray, Tesla stated, ""But it is not an experiment ... I have built, demonstrated and used it

---

Tesla was generally antagonistic towards theories about the conversion of matter into energy.:247 He was also critical of Einstein's theory of relativity, saying:

---

. He believed early on that damage to the skin was not caused by the Roentgen rays, but by the ozone generated in contact with the skin, and to a lesser extent, by nitrous acid",0.5015,-1.0,False,qwen2.5,"According to the provided context, Tesla believed that nitrous acid contributed to damage caused by Roentgen rays to a lesser extent than ozone.",2.581,,0.561,False,0.7028,faithful,1.0,The answer directly supports the claim in the question with information from the context.
1718:hcpc_v2:qwen2.5,1718,squad,42,hcpc_v2,what did Tesla think nitrous acid contributed to? ,skin damage,"In 1937, at a luncheon in his honor concerning the death ray, Tesla stated, ""But it is not an experiment ... I have built, demonstrated and used it. Only a little time will pass before I can give it to the world."" His records indicate that the device is based on a narrow stream of small tungsten pellets that are accelerated via high voltage (by means akin to his magnifying transformer).

---

Tesla was generally antagonistic towards theories about the conversion of matter into energy.:247 He was also critical of Einstein's theory of relativity, saying:

---

Tesla noted the hazards of working with his circuit and single-node X-ray-producing devices. In his many notes on the early investigation of this phenomenon, he attributed the skin damage to various causes. He believed early on that damage to the skin was not caused by the Roentgen rays, but by the ozone generated in contact with the skin, and to a lesser extent, by nitrous acid. Tesla incorrectly believed that X-rays were longitudinal waves, such as those produced in waves in plasmas. These plasma waves can occur in force-free magnetic fields.",0.5157,0.4572,False,qwen2.5,"According to the provided context, Tesla believed that nitrous acid was to a lesser extent responsible for skin damage, along with ozone generated in contact with the skin.",3.6213,,0.5608,False,0.6037,faithful,1.0,"The answer directly supports the question by stating Tesla's belief about nitrous acid's contribution, which is explicitly mentioned in the context."
2004:baseline:qwen2.5,2004,squad,42,baseline,What did Tesla work on in 1888?,system to power the city's streetcars,"Tesla went on to pursue his ideas of wireless lighting and electricity distribution in his high-voltage, high-frequency power experiments in New York and Colorado Springs, and made early (1893) pronouncements on the possibility of wireless communication with his devices. He tried to put these ideas to practical use in an ill-fated attempt at intercontinental wireless transmission, his unfinished Wardenclyffe Tower project. In his lab he also conducted a range of experiments with mechanical oscillators/generators, electrical discharge tubes, and early X-ray imaging. He also built a wireless controlled boat, one of the first ever exhibited.

---

One of the things Tesla developed at that laboratory in 1887 was an induction motor that ran on alternating current, a power system format that was starting to be built in Europe and the United States because of its advantages in long-distance, high-voltage transmission. The motor used polyphase current which generated a rotating magnetic field to turn the motor (a principle Tesla claimed to have conceived in 1882). This innovative electric motor, patented in May 1888, was a simple self-starting design that did not need a commutator, thus avoiding sparking and the high maintenance of constantly servicing and replacing mechanical brushes.

---

The investors showed little interest in Tesla's ideas for new types of motors and electrical transmission equipment and also seemed to think it was better to develop an electrical utility than invent new systems. They eventually forced Tesla out leaving him penniless. He even lost control of the patents he had generated since he had assigned them to the company in lieu of stock. He had to work at various electrical repair jobs and even as a ditch digger for $2 per day. Tesla considered the winter of 1886/1887 as a time of ""terrible headaches and bitter tears."" During this time, he questioned the value of his education.",0.6591,-1.0,False,qwen2.5,"In 1888, Tesla developed an induction motor that ran on alternating current. This motor used polyphase current to generate a rotating magnetic field and was patented in May 1888.",7.2159,,0.6671,False,0.4365,hallucinated,1.0,The answer directly supports the factual claim that Tesla developed an induction motor in 1888 as stated in the context.
2005:hcpc_v1:qwen2.5,2005,squad,42,hcpc_v1,What did Tesla work on in 1888?,system to power the city's streetcars,"Tesla went on to pursue his ideas of wireless lighting and electricity distribution in his high-voltage, high-frequency power experiments in New York and Colorado Springs, and made early (1893) pronouncements on the possibility of wireless communication

---

One of the things Tesla developed at that laboratory in 1887 was an induction motor that ran on alternating current, a power system format that was starting to be built in Europe and the United States because of its advantages in long-distance,

---

. He had to work at various electrical repair jobs and even as a ditch digger for $2 per day. Tesla considered the winter of 1886/1887 as a time of ""terrible headaches and bitter tears."" During this time, he questioned the value of his education.",0.665,-1.0,False,qwen2.5,I cannot find this information in the provided context.,2.8696,,0.5531,False,0.0941,hallucinated,0.0,The answer is not directly supported by the provided context as it does not mention any work Tesla did in 1888.
2006:hcpc_v2:qwen2.5,2006,squad,42,hcpc_v2,What did Tesla work on in 1888?,system to power the city's streetcars,"Tesla went on to pursue his ideas of wireless lighting and electricity distribution in his high-voltage, high-frequency power experiments in New York and Colorado Springs, and made early (1893) pronouncements on the possibility of wireless communication with his devices. He tried to put these ideas to practical use in an ill-fated attempt at intercontinental wireless transmission, his unfinished Wardenclyffe Tower project. In his lab he also conducted a range of experiments with mechanical oscillators/generators, electrical discharge tubes, and early X-ray imaging. He also built a wireless controlled boat, one of the first ever exhibited.

---

One of the things Tesla developed at that laboratory in 1887 was an induction motor that ran on alternating current, a power system format that was starting to be built in Europe and the United States because of its advantages in long-distance, high-voltage transmission. The motor used polyphase current which generated a rotating magnetic field to turn the motor (a principle Tesla claimed to have conceived in 1882). This innovative electric motor, patented in May 1888, was a simple self-starting design that did not need a commutator, thus avoiding sparking and the high maintenance of constantly servicing and replacing mechanical brushes.

---

The investors showed little interest in Tesla's ideas for new types of motors and electrical transmission equipment and also seemed to think it was better to develop an electrical utility than invent new systems. They eventually forced Tesla out leaving him penniless. He even lost control of the patents he had generated since he had assigned them to the company in lieu of stock. He had to work at various electrical repair jobs and even as a ditch digger for $2 per day. Tesla considered the winter of 1886/1887 as a time of ""terrible headaches and bitter tears."" During this time, he questioned the value of his education.",0.6591,0.5127,False,qwen2.5,"In 1888, Tesla developed an induction motor that ran on alternating current. This motor used polyphase current to generate a rotating magnetic field and was patented in May 1888.",7.0974,,0.6671,False,0.4365,hallucinated,1.0,The answer directly supports the factual claim that Tesla developed an induction motor in 1888 as stated in the context.
2010:baseline:qwen2.5,2010,squad,42,baseline,Which fullback fumbled the ball after a Darian Stewart tackle?,Mike Tolbert,"On Carolina's next possession fullback Mike Tolbert lost a fumble while being tackled by safety Darian Stewart, which linebacker Danny Trevathan recovered on the Broncos 40-yard line. However, the Panthers soon took the ball back when defensive end Kony Ealy tipped a Manning pass to himself and then intercepted it, returning the ball 19 yards to the Panthers 39-yard line with 1:55 left on the clock. The Panthers could not gain any yards with their possession and had to punt. After a Denver punt, Carolina drove to the Broncos 45-yard line. But with 11 seconds left, Newton was sacked by DeMarcus Ware as time expired in the half.

---

After a punt from both teams, Carolina got on track with a 9-play, 73-yard scoring drive. Newton completed 4 of 4 passes for 51 yards and rushed twice for 25 yards, while Jonathan Stewart finished the drive with a 1-yard touchdown run, cutting the score to 10–7 with 11:28 left in the second quarter. Later on, Broncos receiver Jordan Norwood received Brad Nortman's short 28-yard punt surrounded by Panthers players, but none of them attempted to make a tackle, apparently thinking Norwood had called a fair catch. Norwood had not done so, and with no resistance around him, he took off for a Super Bowl record 61-yard return before Mario Addison dragged him down on the Panthers 14-yard line. Despite Denver's excellent field position, they could not get the ball into the end zone, so McManus kicked a 33-yard field goal that increased their lead to 13–7.

---

. The Panthers backfield featured Pro Bowl running back Jonathan Stewart, who led the team with 989 rushing yards and six touchdowns in 13 games, along with Pro Bowl fullback Mike Tolbert, who rushed for 256 yards and caught 18 passes for another 154 yards. Carolina's offensive line also featured two Pro Bowl selections: center Ryan Kalil and guard Trai Turner.",0.6165,-1.0,False,qwen2.5,Mike Tolbert fumbled the ball after being tackled by Darian Stewart.,5.4461,,0.9133,False,0.2462,hallucinated,1.0,The answer directly references the fact that Mike Tolbert lost a fumble while being tackled by Darian Stewart in the provided context.
2011:hcpc_v1:qwen2.5,2011,squad,42,hcpc_v1,Which fullback fumbled the ball after a Darian Stewart tackle?,Mike Tolbert,"On Carolina's next possession fullback Mike Tolbert lost a fumble while being tackled by safety Darian Stewart, which linebacker Danny Trevathan recovered on the Broncos 40-yard line

---

. Newton completed 4 of 4 passes for 51 yards and rushed twice for 25 yards, while Jonathan Stewart finished the drive with a 1-yard touchdown run, cutting the score to 10–7 with 11:28 left in the second quarter

---

. The Panthers backfield featured Pro Bowl running back Jonathan Stewart, who led the team with 989 rushing yards and six touchdowns in 13 games, along with Pro Bowl fullback Mike Tolbert, who rushed for 256 yards and caught 18 passes for another 154 yards",0.6273,-1.0,False,qwen2.5,Mike Tolbert fumbled the ball after being tackled by safety Darian Stewart.,2.5745,,0.9439,False,0.2714,hallucinated,1.0,The answer directly matches the information provided in the context.
2012:hcpc_v2:qwen2.5,2012,squad,42,hcpc_v2,Which fullback fumbled the ball after a Darian Stewart tackle?,Mike Tolbert,"On Carolina's next possession fullback Mike Tolbert lost a fumble while being tackled by safety Darian Stewart, which linebacker Danny Trevathan recovered on the Broncos 40-yard line. However, the Panthers soon took the ball back when defensive end Kony Ealy tipped a Manning pass to himself and then intercepted it, returning the ball 19 yards to the Panthers 39-yard line with 1:55 left on the clock. The Panthers could not gain any yards with their possession and had to punt. After a Denver punt, Carolina drove to the Broncos 45-yard line. But with 11 seconds left, Newton was sacked by DeMarcus Ware as time expired in the half.

---

After a punt from both teams, Carolina got on track with a 9-play, 73-yard scoring drive. Newton completed 4 of 4 passes for 51 yards and rushed twice for 25 yards, while Jonathan Stewart finished the drive with a 1-yard touchdown run, cutting the score to 10–7 with 11:28 left in the second quarter. Later on, Broncos receiver Jordan Norwood received Brad Nortman's short 28-yard punt surrounded by Panthers players, but none of them attempted to make a tackle, apparently thinking Norwood had called a fair catch. Norwood had not done so, and with no resistance around him, he took off for a Super Bowl record 61-yard return before Mario Addison dragged him down on the Panthers 14-yard line. Despite Denver's excellent field position, they could not get the ball into the end zone, so McManus kicked a 33-yard field goal that increased their lead to 13–7.

---

. The Panthers backfield featured Pro Bowl running back Jonathan Stewart, who led the team with 989 rushing yards and six touchdowns in 13 games, along with Pro Bowl fullback Mike Tolbert, who rushed for 256 yards and caught 18 passes for another 154 yards . Carolina's offensive line also featured two Pro Bowl selections: center Ryan Kalil and guard Trai Turner.",0.6165,0.5765,True,qwen2.5,Mike Tolbert fumbled the ball after being tackled by Darian Stewart.,5.5512,,0.9133,False,0.2462,hallucinated,1.0,The answer directly references the fact that Mike Tolbert lost a fumble while being tackled by Darian Stewart in the provided context.
2121:baseline:qwen2.5,2121,squad,42,baseline,When did Tesla go to Prague?,1880,"In 1952, following pressure from Tesla's nephew, Sava Kosanović, Tesla's entire estate was shipped to Belgrade in 80 trunks marked N.T. In 1957, Kosanović's secretary Charlotte Muzar transported Tesla's ashes from the United States to Belgrade. The ashes are displayed in a gold-plated sphere on a marble pedestal in the Nikola Tesla Museum.

---

In 1881, Tesla moved to Budapest to work under Ferenc Puskás at a telegraph company, the Budapest Telephone Exchange. Upon arrival, Tesla realized that the company, then under construction, was not functional, so he worked as a draftsman in the Central Telegraph Office instead. Within a few months, the Budapest Telephone Exchange became functional and Tesla was allocated the chief electrician position. During his employment, Tesla made many improvements to the Central Station equipment and claimed to have perfected a telephone repeater or amplifier, which was never patented nor publicly described.

---

During that year, Tesla worked in Pittsburgh, helping to create an alternating current system to power the city's streetcars. He found the time there frustrating because of conflicts between him and the other Westinghouse engineers over how best to implement AC power. Between them, they settled on a 60-cycle AC current system Tesla proposed (to match the working frequency of Tesla's motor), although they soon found that, since Tesla's induction motor could only run at a constant speed, it would not work for street cars. They ended up using a DC traction motor instead.",0.5858,-1.0,False,qwen2.5,I cannot find this information in the provided context.,4.514,,0.5531,False,0.0941,hallucinated,0.0,"The question asks about when Tesla went to Prague, but the provided context does not mention any visit by Tesla to Prague."
2122:hcpc_v1:qwen2.5,2122,squad,42,hcpc_v1,When did Tesla go to Prague?,1880,"In 1952, following pressure from Tesla's nephew, Sava Kosanović, Tesla's entire estate was shipped to Belgrade in 80 trunks marked N.T. In 1957, Kosanović's secretary Charlotte Muzar transported Tesla's ashes from the United States to Belgrade

---

In 1881, Tesla moved to Budapest to work under Ferenc Puskás at a telegraph company, the Budapest Telephone Exchange

---

. Between them, they settled on a 60-cycle AC current system Tesla proposed (to match the working frequency of Tesla's motor), although they soon found that, since Tesla's induction motor could only run at a constant speed, it would not work for street",0.5963,-1.0,False,qwen2.5,I cannot find this information in the provided context.,1.8266,,0.5531,False,0.0941,hallucinated,0.0,"The question asks about when Tesla went to Prague, but the context does not provide any information regarding a visit by Tesla to Prague."
2123:hcpc_v2:qwen2.5,2123,squad,42,hcpc_v2,When did Tesla go to Prague?,1880,"In 1952, following pressure from Tesla's nephew, Sava Kosanović, Tesla's entire estate was shipped to Belgrade in 80 trunks marked N.T. In 1957, Kosanović's secretary Charlotte Muzar transported Tesla's ashes from the United States to Belgrade. The ashes are displayed in a gold-plated sphere on a marble pedestal in the Nikola Tesla Museum.

---

In 1881, Tesla moved to Budapest to work under Ferenc Puskás at a telegraph company, the Budapest Telephone Exchange. Upon arrival, Tesla realized that the company, then under construction, was not functional, so he worked as a draftsman in the Central Telegraph Office instead. Within a few months, the Budapest Telephone Exchange became functional and Tesla was allocated the chief electrician position. During his employment, Tesla made many improvements to the Central Station equipment and claimed to have perfected a telephone repeater or amplifier, which was never patented nor publicly described.

---

During that year, Tesla worked in Pittsburgh, helping to create an alternating current system to power the city's streetcars . He found the time there frustrating because of conflicts between him and the other Westinghouse engineers over how best to implement AC power . Between them, they settled on a 60-cycle AC current system Tesla proposed (to match the working frequency of Tesla's motor), although they soon found that, since Tesla's induction motor could only run at a constant speed, it would not work for street it would not work for street cars . They ended up using a DC traction motor instead.",0.5869,0.4262,True,qwen2.5,I cannot find this information in the provided context.,3.1109,,0.5531,False,0.0941,hallucinated,0.0,"The question asks about when Tesla went to Prague, but the provided context does not mention any visit by Tesla to Prague."
2157:baseline:qwen2.5,2157,squad,42,baseline,How many times has a Super Bowl taken place at Miami's Sun Life Stadium?,two,"The league announced on October 16, 2012, that the two finalists were Sun Life Stadium and Levi's Stadium. The South Florida/Miami area has previously hosted the event 10 times (tied for most with New Orleans), with the most recent one being Super Bowl XLIV in 2010. The San Francisco Bay Area last hosted in 1985 (Super Bowl XIX), held at Stanford Stadium in Stanford, California, won by the home team 49ers. The Miami bid depended on whether the stadium underwent renovations. However, on May 3, 2013, the Florida legislature refused to approve the funding plan to pay for the renovations, dealing a significant blow to Miami's chances.

---

The league eventually narrowed the bids to three sites: New Orleans' Mercedes-Benz Superdome, Miami's Sun Life Stadium, and the San Francisco Bay Area's Levi's Stadium.

---

On May 21, 2013, NFL owners at their spring meetings in Boston voted and awarded the game to Levi's Stadium. The $1.2 billion stadium opened in 2014. It is the first Super Bowl held in the San Francisco Bay Area since Super Bowl XIX in 1985, and the first in California since Super Bowl XXXVII took place in San Diego in 2003.",0.6413,-1.0,False,qwen2.5,I cannot find this information in the provided context.,3.4375,,0.5531,False,0.0941,hallucinated,0.0,The answer is not directly supported by the provided context as it does not mention any Super Bowl taking place at Miami's Sun Life Stadium after 2010.
2158:hcpc_v1:qwen2.5,2158,squad,42,hcpc_v1,How many times has a Super Bowl taken place at Miami's Sun Life Stadium?,two,". The South Florida/Miami area has previously hosted the event 10 times (tied for most with New Orleans), with the most recent one being Super Bowl XLIV in 2010

---

The league eventually narrowed the bids to three sites: New Orleans' Mercedes-Benz Superdome, Miami's Sun Life Stadium, and the San Francisco Bay Area's Levi's Stadium.

---

. It is the first Super Bowl held in the San Francisco Bay Area since Super Bowl XIX in 1985, and the first in California since Super Bowl XXXVII took place in San Diego in 2003.",0.6293,-1.0,False,qwen2.5,"The provided context states that the South Florida/Miami area has hosted the event 10 times, but it does not specify how many of those were held at Miami's Sun Life Stadium. Therefore, I cannot find this information in the provided context.",4.8869,,0.5381,False,0.1244,hallucinated,0.0,"The answer asks for the number of times Super Bowl took place at Miami's Sun Life Stadium, but the provided context does not specify that."
2159:hcpc_v2:qwen2.5,2159,squad,42,hcpc_v2,How many times has a Super Bowl taken place at Miami's Sun Life Stadium?,two,"The league announced on October 16, 2012, that the two finalists were Sun Life Stadium and Levi's Stadium. The South Florida/Miami area has previously hosted the event 10 times (tied for most with New Orleans), with the most recent one being Super Bowl XLIV in 2010. The San Francisco Bay Area last hosted in 1985 (Super Bowl XIX), held at Stanford Stadium in Stanford, California, won by the home team 49ers. The Miami bid depended on whether the stadium underwent renovations. However, on May 3, 2013, the Florida legislature refused to approve the funding plan to pay for the renovations, dealing a significant blow to Miami's chances.

---

The league eventually narrowed the bids to three sites: New Orleans' Mercedes-Benz Superdome, Miami's Sun Life Stadium, and the San Francisco Bay Area's Levi's Stadium.

---

On May 21, 2013, NFL owners at their spring meetings in Boston voted and awarded the game to Levi's Stadium. The $1.2 billion stadium opened in 2014 . It is the first Super Bowl held in the San Francisco Bay Area since Super Bowl XIX in 1985, and the first in California since Super Bowl XXXVII took place in San Diego in 2003.",0.6413,0.6241,True,qwen2.5,I cannot find this information in the provided context.,3.4974,,0.5531,False,0.0941,hallucinated,0.0,The answer is not directly supported by the provided context as it does not mention any Super Bowl taking place at Miami's Sun Life Stadium after 2010.
2226:baseline:qwen2.5,2226,squad,42,baseline,What color was featured in promotions related to Super Bowl 50?,gold,"Various gold-themed promotions and initiatives were held throughout the 2015 NFL season to tie into the ""Golden Super Bowl""; gold-tinted logos were implemented across the NFL's properties and painted on fields, the numbering of the 50-yard line on fields was colored gold, and beginning on week 7, all sideline jackets and hats featured gold-trimmed logos. Gold footballs were given to each high school that has had a player or coach appear in the Super Bowl, and ""homecoming"" events were also held by Super Bowl-winning teams at games.

---

Super Bowl 50 was an American football game to determine the champion of the National Football League (NFL) for the 2015 season. The American Football Conference (AFC) champion Denver Broncos defeated the National Football Conference (NFC) champion Carolina Panthers 24–10 to earn their third Super Bowl title. The game was played on February 7, 2016, at Levi's Stadium in the San Francisco Bay Area at Santa Clara, California. As this was the 50th Super Bowl, the league emphasized the ""golden anniversary"" with various gold-themed initiatives, as well as temporarily suspending the tradition of naming each Super Bowl game with Roman numerals (under which the game would have been known as ""Super Bowl L""), so that the logo could prominently feature the Arabic numerals 50.

---

As the designated home team in the annual rotation between AFC and NFC teams, the Broncos elected to wear their road white jerseys with matching white pants. Elway stated, ""We've had Super Bowl success in our white uniforms."" The Broncos last wore matching white jerseys and pants in the Super Bowl in Super Bowl XXXIII, Elway's last game as Denver QB, when they defeated the Atlanta Falcons 34–19. In their only other Super Bowl win in Super Bowl XXXII, Denver wore blue jerseys, which was their primary color at the time. They also lost Super Bowl XXI when they wore white jerseys, but they are 0-4 in Super Bowls when wearing orange jerseys, losing in Super Bowl XII, XXII, XXIV, and XLVIII. The only other AFC champion team to have worn white as the designated home team in the Super Bowl was the Pittsburgh Steelers; they defeated the Seattle Seahawks 21–10 in Super Bowl XL 10 seasons prior",0.5666,-1.0,False,qwen2.5,"The color featured in promotions related to Super Bowl 50 was gold. This is evident from the context mentioning various gold-themed initiatives, including gold-tinted logos and gold-trimmed jackets and hats.",7.5646,,0.8222,False,0.6683,faithful,1.0,The answer directly supports the question by citing multiple instances of gold-themed initiatives in the context.
2227:hcpc_v1:qwen2.5,2227,squad,42,hcpc_v1,What color was featured in promotions related to Super Bowl 50?,gold,"Various gold-themed promotions and initiatives were held throughout the 2015 NFL season to tie into the ""Golden Super Bowl""; gold-tinted logos were implemented across the NFL's properties and painted on fields, the numbering of the 50-yard line on fields

---

which the game would have been known as ""Super Bowl L""), so that the logo could prominently feature the Arabic numerals 50.

---

. In their only other Super Bowl win in Super Bowl XXXII, Denver wore blue jerseys, which was their primary color at the time",0.6453,-1.0,False,qwen2.5,"The context mentions that gold-themed promotions and initiatives were held for Super Bowl 50. Therefore, the color featured in promotions related to Super Bowl 50 was gold.",3.7196,,0.6764,False,0.5165,faithful,1.0,The context explicitly states that gold-themed promotions were held for Super Bowl 50.
2228:hcpc_v2:qwen2.5,2228,squad,42,hcpc_v2,What color was featured in promotions related to Super Bowl 50?,gold,"Various gold-themed promotions and initiatives were held throughout the 2015 NFL season to tie into the ""Golden Super Bowl""; gold-tinted logos were implemented across the NFL's properties and painted on fields, the numbering of the 50-yard line on fields was colored gold, and beginning on week 7, all sideline jackets and hats featured gold-trimmed logos. Gold footballs were given to each high school that has had a player or coach appear in the Super Bowl, and ""homecoming"" events were also held by Super Bowl-winning teams at games.

---

Super Bowl 50 was an American football game to determine the champion of the National Football League (NFL) for the 2015 season. The American Football Conference (AFC) champion Denver Broncos defeated the National Football Conference (NFC) champion Carolina Panthers 24–10 to earn their third Super Bowl title. The game was played on February 7, 2016, at Levi's Stadium in the San Francisco Bay Area at Santa Clara, California. As this was the 50th Super Bowl, the league emphasized the ""golden anniversary"" with various gold-themed initiatives, as well as temporarily suspending the tradition of naming each Super Bowl game with Roman numerals (under which the game would have been known as ""Super Bowl L""), so that the logo could prominently feature the Arabic numerals 50.

---

As the designated home team in the annual rotation between AFC and NFC teams, the Broncos elected to wear their road white jerseys with matching white pants . Elway stated, ""We've had Super Bowl success in our white uniforms."" The Broncos last wore matching white jerseys and pants in the Super Bowl in Super Bowl XXXIII, Elway's last game as Denver QB, when they defeated the Atlanta Falcons 34–19 . In their only other Super Bowl win in Super Bowl XXXII, Denver wore blue jerseys, which was their primary color at the time . They also lost Super Bowl XXI when they wore white jerseys, but they are 0-4 in Super Bowls when wearing orange jerseys, losing in Super Bowl XII, XXII, XXIV, and XLVIII . The only other AFC champion team to have worn white as the designated home team in the Super Bowl was the Pittsburgh Steelers; they defeated the Seattle Seahawks 21–10 in Super Bowl XL 10 seasons prior",0.5687,0.5261,True,qwen2.5,"The color featured in promotions related to Super Bowl 50 was gold. This is evident from the context mentioning various gold-themed initiatives, including gold-tinted logos and gold-trimmed jackets and hats.",7.4454,,0.8222,False,0.6683,faithful,1.0,The answer directly supports the question by citing multiple instances of gold-themed initiatives in the context.
2316:baseline:qwen2.5,2316,squad,42,baseline,What lies between L and P that prevents a definitive determination of the relationship between L and P?,complexity classes,"Similarly, it is not known if L (the set of all problems that can be solved in logarithmic space) is strictly contained in P or equal to P. Again, there are many complexity classes between the two, such as NL and NC, and it is not known if they are distinct or equal classes.

---

The time and space hierarchy theorems form the basis for most separation results of complexity classes. For instance, the time hierarchy theorem tells us that P is strictly contained in EXPTIME, and the space hierarchy theorem tells us that L is strictly contained in PSPACE.

---

If a problem X is in C and hard for C, then X is said to be complete for C. This means that X is the hardest problem in C. (Since many problems could be equally hard, one might say that X is one of the hardest problems in C.) Thus the class of NP-complete problems contains the most difficult problems in NP, in the sense that they are the ones most likely not to be in P. Because the problem P = NP is not solved, being able to reduce a known NP-complete problem, Π2, to another problem, Π1, would indicate that there is no known polynomial-time solution for Π1. This is because a polynomial-time solution to Π1 would yield a polynomial-time solution to Π2. Similarly, because all NP problems can be reduced to the set, finding an NP-complete problem that can be solved in polynomial time would mean that P = NP.",0.4219,-1.0,False,qwen2.5,"The context mentions NL and NC as complexity classes that lie between L (logarithmic space) and P (polynomial time). However, it is not explicitly stated that these classes prevent a definitive determination of the relationship between L and P. The text only notes that ""it is not known if they are distinct or equal classes,"" which implies uncertainty about their relationships but does not directly answer what prevents a definitive determination of L's relationship to P. Therefore, based strictly on the provided context:

NL and NC are mentioned as complexity classes between L and P, but I cannot find this information in the provided context regarding what specifically prevents a definitive determination of the relationship between L and P.",13.4727,,0.5151,False,0.3194,hallucinated,0.5,"The answer mentions NL and NC as complexity classes that lie between L and P, but the provided context does not explicitly state that these classes prevent a definitive determination of the relationship between L and P."
2317:hcpc_v1:qwen2.5,2317,squad,42,hcpc_v1,What lies between L and P that prevents a definitive determination of the relationship between L and P?,complexity classes,"Similarly, it is not known if L (the set of all problems that can be solved in logarithmic space) is strictly contained in P or equal to P

---

. For instance, the time hierarchy theorem tells us that P is strictly contained in EXPTIME, and the space hierarchy theorem tells us that L is strictly contained in PSPACE.

---

. Because the problem P = NP is not solved, being able to reduce a known NP-complete problem, Π2, to another problem, Π1, would indicate that there is no known polynomial-time solution for Π1",0.4679,-1.0,False,qwen2.5,"Based on the provided context, the information suggests that EXPTIME lies between L and P. The context states, ""Similarly, it is not known if L (the set of all problems that can be solved in logarithmic space) is strictly contained in P or equal to P"" and then mentions, ""The time hierarchy theorem tells us that P is strictly contained in EXPTIME."" This implies there are classes of problems between L and P, such as P itself, which prevents a definitive determination of the relationship between L and P.",9.3639,,0.5434,False,0.314,hallucinated,1.0,The answer correctly identifies EXPTIME as lying between L and P based on the context that mentions the time hierarchy theorem.
2318:hcpc_v2:qwen2.5,2318,squad,42,hcpc_v2,What lies between L and P that prevents a definitive determination of the relationship between L and P?,complexity classes,"Similarly, it is not known if L (the set of all problems that can be solved in logarithmic space) is strictly contained in P or equal to P. Again, there are many complexity classes between the two, such as NL and NC, and it is not known if they are distinct or equal classes.

---

The time and space hierarchy theorems form the basis for most separation results of complexity classes. For instance, the time hierarchy theorem tells us that P is strictly contained in EXPTIME, and the space hierarchy theorem tells us that L is strictly contained in PSPACE.

---

If a problem X is in C and hard for C, then X is said to be complete for C. This means that X is the hardest problem in C . (Since many problems could be equally hard, one might say that X is one of the hardest problems in C.) Thus the class of NP-complete problems contains the most difficult problems in NP, in the sense that they are the ones most likely not to be in P . Because the problem P = NP is not solved, being able to reduce a known NP-complete problem, Π2, to another problem, Π1, would indicate that there is no known polynomial-time solution for Π1 . This is because a polynomial-time solution to Π1 would yield a polynomial-time solution to Π2. Similarly, because all NP problems can be reduced to the set, finding an NP-complete problem that can be solved in polynomial time would mean that P = NP.",0.4201,0.4215,True,qwen2.5,"The context mentions NL and NC as complexity classes that lie between L (logarithmic space) and P (polynomial time). However, it is not explicitly stated that these classes prevent a definitive determination of the relationship between L and P. The text only notes that ""it is not known if they are distinct or equal classes,"" which implies uncertainty about their relationships but does not directly answer what prevents a definitive determination of L's relationship to P. Therefore, based strictly on the provided context:

NL and NC are mentioned as complexity classes between L and P, but I cannot find this information in the provided context regarding what specifically prevents a definitive determination of the relationship between L and P.",13.283,,0.5151,False,0.3194,hallucinated,0.5,"The answer mentions NL and NC as complexity classes that lie between L and P, but the provided context does not explicitly state that these classes prevent a definitive determination of the relationship between L and P."
2598:baseline:qwen2.5,2598,squad,42,baseline,In what year did the NFL switch to a 16-game regular season?,1978,"Despite waiving longtime running back DeAngelo Williams and losing top wide receiver Kelvin Benjamin to a torn ACL in the preseason, the Carolina Panthers had their best regular season in franchise history, becoming the seventh team to win at least 15 regular season games since the league expanded to a 16-game schedule in 1978. Carolina started the season 14–0, not only setting franchise records for the best start and the longest single-season winning streak, but also posting the best start to a season by an NFC team in NFL history, breaking the 13–0 record previously shared with the 2009 New Orleans Saints and the 2011 Green Bay Packers. With their NFC-best 15–1 regular season record, the Panthers clinched home-field advantage throughout the NFC playoffs for the first time in franchise history. Ten players were selected to the Pro Bowl (the most in franchise history) along with eight All-Pro selections.

---

There would be no more scoring in the third quarter, but early in the fourth, the Broncos drove to the Panthers 41-yard line. On the next play, Ealy knocked the ball out of Manning's hand as he was winding up for a pass, and then recovered it for Carolina on the 50-yard line. A 16-yard reception by Devin Funchess and a 12-yard run by Stewart then set up Gano's 39-yard field goal, cutting the Panthers deficit to one score at 16–10. The next three drives of the game would end in punts.

---

. With the defense carrying the team despite the issues with the offense, the Broncos finished the regular season with a 12–4 record and earned home-field advantage throughout the AFC playoffs.",0.4869,-1.0,False,qwen2.5,I cannot find this information in the provided context.,4.5768,,0.5531,False,0.0941,hallucinated,0.0,"The question asks for the year the NFL switched to a 16-game regular season, but the answer does not provide any information related to that fact."
2599:hcpc_v1:qwen2.5,2599,squad,42,hcpc_v1,In what year did the NFL switch to a 16-game regular season?,1978,"seventh team to win at least 15 regular season games since the league expanded to a 16-game schedule in 1978

---

. A 16-yard reception by Devin Funchess and a 12-yard run by Stewart then set up Gano's 39-yard field goal, cutting the Panthers deficit to one score at 16–10. The next three drives of the game would end in punts.

---

. With the defense carrying the team despite the issues with the offense, the Broncos finished the regular season with a 12–4 record and earned home-field advantage throughout the AFC playoffs.",0.5155,-1.0,False,qwen2.5,I cannot find this information in the provided context.,2.3272,,0.5531,False,0.0941,hallucinated,0.0,"The question asks for the year the NFL switched to a 16-game regular season, but the provided context does not contain any information about that."
2600:hcpc_v2:qwen2.5,2600,squad,42,hcpc_v2,In what year did the NFL switch to a 16-game regular season?,1978,"Despite waiving longtime running back DeAngelo Williams and losing top wide receiver Kelvin Benjamin to a torn ACL in the preseason, the Carolina Panthers had their best regular season in franchise history, becoming the seventh team to win at least 15 regular season games since the league expanded to a 16-game schedule in 1978. Carolina started the season 14–0, not only setting franchise records for the best start and the longest single-season winning streak, but also posting the best start to a season by an NFC team in NFL history, breaking the 13–0 record previously shared with the 2009 New Orleans Saints and the 2011 Green Bay Packers. With their NFC-best 15–1 regular season record, the Panthers clinched home-field advantage throughout the NFC playoffs for the first time in franchise history. Ten players were selected to the Pro Bowl (the most in franchise history) along with eight All-Pro selections.

---

There would be no more scoring in the third quarter, but early in the fourth, the Broncos drove to the Panthers 41-yard line. On the next play, Ealy knocked the ball out of Manning's hand as he was winding up for a pass, and then recovered it for Carolina on the 50-yard line. A 16-yard reception by Devin Funchess and a 12-yard run by Stewart then set up Gano's 39-yard field goal, cutting the Panthers deficit to one score at 16–10. The next three drives of the game would end in punts.

---

. With the defense carrying the team despite the issues with the offense, the Broncos finished the regular season with a 12–4 record and earned home-field advantage throughout the AFC playoffs.",0.4869,0.4684,True,qwen2.5,I cannot find this information in the provided context.,4.2618,,0.5531,False,0.0941,hallucinated,0.0,"The question asks for the year the NFL switched to a 16-game regular season, but the answer does not provide any information related to that fact."
2673:baseline:qwen2.5,2673,squad,42,baseline,What evidence between and among complexity classes would signify a theoretical watershed for complexity theory?,Proving that any of these classes are unequal,"Of course, some complexity classes have complicated definitions that do not fit into this framework. Thus, a typical complexity class has a definition like the following:

---

Many known complexity classes are suspected to be unequal, but this has not been proved. For instance P ⊆ NP ⊆ PP ⊆ PSPACE, but it is possible that P = PSPACE. If P is not equal to NP, then P is not equal to PSPACE either. Since there are many known complexity classes between P and PSPACE, such as RP, BPP, PP, BQP, MA, PH, etc., it is possible that all these complexity classes collapse to one class. Proving that any of these classes are unequal would be a major breakthrough in complexity theory.

---

Analogous definitions can be made for space requirements. Although time and space are the most well-known complexity resources, any complexity measure can be viewed as a computational resource. Complexity measures are very generally defined by the Blum complexity axioms. Other complexity measures used in complexity theory include communication complexity, circuit complexity, and decision tree complexity.",0.6661,-1.0,False,qwen2.5,"Proving that any of the known complexity classes are unequal would signify a theoretical watershed for complexity theory. The context mentions that many known complexity classes, such as P, NP, PP, PSPACE, and others like RP, BPP, MA, PH, etc., are suspected to be unequal but not definitively proved to be so. Demonstrating inequality among these classes would represent a significant breakthrough in the field of complexity theory.",9.4636,,0.5124,False,0.4836,hallucinated,1.0,"The answer directly supports the claim that proving inequality among known complexity classes would signify a theoretical watershed for complexity theory, as stated in the context."
2674:hcpc_v1:qwen2.5,2674,squad,42,hcpc_v1,What evidence between and among complexity classes would signify a theoretical watershed for complexity theory?,Proving that any of these classes are unequal,"Of course, some complexity classes have complicated definitions that do not fit into this framework. Thus, a typical complexity class has a definition like the following:

---

. Proving that any of these classes are unequal would be a major breakthrough in complexity theory.

---

. Complexity measures are very generally defined by the Blum complexity axioms. Other complexity measures used in complexity theory include communication complexity, circuit complexity, and decision tree complexity.",0.6825,-1.0,False,qwen2.5,Proving that any of these classes are unequal would be a major breakthrough in complexity theory.,2.5086,,0.4859,True,0.3529,hallucinated,1.0,The answer directly repeats the context provided.
2675:hcpc_v2:qwen2.5,2675,squad,42,hcpc_v2,What evidence between and among complexity classes would signify a theoretical watershed for complexity theory?,Proving that any of these classes are unequal,"Of course, some complexity classes have complicated definitions that do not fit into this framework. Thus, a typical complexity class has a definition like the following:

---

Many known complexity classes are suspected to be unequal, but this has not been proved. For instance P ⊆ NP ⊆ PP ⊆ PSPACE, but it is possible that P = PSPACE. If P is not equal to NP, then P is not equal to PSPACE either. Since there are many known complexity classes between P and PSPACE, such as RP, BPP, PP, BQP, MA, PH, etc., it is possible that all these complexity classes collapse to one class. Proving that any of these classes are unequal would be a major breakthrough in complexity theory.

---

Analogous definitions can be made for space requirements. Although time and space are the most well-known complexity resources, any complexity measure can be viewed as a computational resource . Complexity measures are very generally defined by the Blum complexity axioms. Other complexity measures used in complexity theory include communication complexity, circuit complexity, and decision tree complexity.",0.6661,0.4791,True,qwen2.5,"Proving that any of the known complexity classes are unequal would signify a theoretical watershed for complexity theory. The context mentions that many known complexity classes, such as P, NP, PP, PSPACE, and others like RP, BPP, MA, PH, etc., are suspected to be unequal but not definitively proved to be so. Demonstrating inequality among these classes would represent a significant breakthrough in the field of complexity theory.",8.5909,,0.5124,False,0.4836,hallucinated,1.0,"The answer directly supports the claim that proving inequality among known complexity classes would signify a theoretical watershed for complexity theory, as stated in the context."
2748:baseline:qwen2.5,2748,squad,42,baseline,What country are all the counties in?,United States,"Its counties of Los Angeles, Orange, San Diego, San Bernardino, and Riverside are the five most populous in the state and all are in the top 15 most populous counties in the United States.

---

Southern California, often abbreviated SoCal, is a geographic and cultural region that generally comprises California's southernmost 10 counties. The region is traditionally described as ""eight counties"", based on demographics and economic ties: Imperial, Los Angeles, Orange, Riverside, San Bernardino, San Diego, Santa Barbara, and Ventura. The more extensive 10-county definition, including Kern and San Luis Obispo counties, is also used based on historical political divisions. Southern California is a major economic center for the state of California and the United States.

---

The 8- and 10-county definitions are not used for the greater Southern California Megaregion, one of the 11 megaregions of the United States. The megaregion's area is more expansive, extending east into Las Vegas, Nevada, and south across the Mexican border into Tijuana.",0.417,-1.0,False,qwen2.5,"The context does not explicitly state which country these counties belong to. Based solely on the information provided, I cannot find this information in the provided context. However, given that the context mentions California and Los Angeles, it can be inferred that these counties are in the United States.",6.522,,0.6729,False,0.266,hallucinated,0.8,"The context does not explicitly state which country these counties belong to, but based on the mention of California and Los Angeles, it can be inferred that these counties are in the United States."
2749:hcpc_v1:qwen2.5,2749,squad,42,hcpc_v1,What country are all the counties in?,United States,"Its counties of Los Angeles, Orange, San Diego, San Bernardino, and Riverside are the five most populous in the state and all are in the top 15 most populous counties in the United States.

---

. The region is traditionally described as ""eight counties"", based on demographics and economic ties: Imperial, Los Angeles, Orange, Riverside, San Bernardino, San Diego, Santa Barbara, and Ventura

---

The 8- and 10-county definitions are not used for the greater Southern California Megaregion, one of the 11 megaregions of the United States",0.4617,-1.0,False,qwen2.5,I cannot find this information in the provided context. The context mentions counties in California but does not specify which country they belong to.,3.1674,,0.6915,False,0.1522,hallucinated,0.0,"The question asks for the country where all the counties are located, but the provided context only discusses counties within California, United States."
2750:hcpc_v2:qwen2.5,2750,squad,42,hcpc_v2,What country are all the counties in?,United States,"Its counties of Los Angeles, Orange, San Diego, San Bernardino, and Riverside are the five most populous in the state and all are in the top 15 most populous counties in the United States.

---

Southern California, often abbreviated SoCal, is a geographic and cultural region that generally comprises California's southernmost 10 counties. The region is traditionally described as ""eight counties"", based on demographics and economic ties: Imperial, Los Angeles, Orange, Riverside, San Bernardino, San Diego, Santa Barbara, and Ventura. The more extensive 10-county definition, including Kern and San Luis Obispo counties, is also used based on historical political divisions. Southern California is a major economic center for the state of California and the United States.

---

The 8- and 10-county definitions are not used for the greater Southern California Megaregion, one of the 11 megaregions of the United States . The megaregion's area is more expansive, extending east into Las Vegas, Nevada, and south across the Mexican border into Tijuana.",0.417,0.5529,True,qwen2.5,"The context does not explicitly state which country these counties belong to. Based solely on the information provided, I cannot find this information in the provided context. However, given that Los Angeles is mentioned and it is a well-known city in the United States, it can be inferred that these counties are in the United States. But this inference is not based strictly on the context provided.",8.0412,,0.7042,False,0.2916,hallucinated,0.5,"The context does not explicitly state which country these counties belong to, but it can be inferred that they are in the United States due to Los Angeles being mentioned."
2769:baseline:qwen2.5,2769,squad,42,baseline,Is the focus on spiritual mentorship in Hinduism high or low?,extremely high,"In Hinduism the spiritual teacher is known as a guru, and, in many traditions of Hinduism - especially those common in the West - the emphasis on spiritual mentorship is extremely high, with gurus often exercising a great deal of control over the lives of their disciples.

---

In The Church of Jesus Christ of Latter-day Saints (LDS Church), the teacher is an office in the Aaronic priesthood, generally conferred on young boys or recent converts, and has little in common with the ""spiritual teacher"" archetype. The role of ""spiritual teacher"" may be filled by many individuals in the LDS Church, often a trusted friend, who may hold any office, from Elder to Bishop, or no office at all. The emphasis on spiritual mentorship in the LDS Church is similar to that in the more ""low-church"" traditions of Protestantism, with a stronger emphasis placed on the husband and father of a family to provide spiritual guidance for all of his family, ideally in consultation with his wife, even if the husband is not a member of the LDS Church, based on interpretatios of certain Biblical texts which proclaim the spiritual authority of husbands in marriage. Even Priesthood representatives are expected to defer to the father of the house when in his home

---

There are many forms of spiritual or religious teachers in Christianity, across all three major traditions - (Roman) Catholic, (Eastern) Orthodox Catholic, and Protestant/Non-Denominational, with a stronger tradition of spiritual formation in the more historic and authoritarian/hierarchical Christian traditions with a long tradition of ""discernment of spirits"", of vocations, and other aspects of spiritual life, especially the Roman and Orthodox Catholic Churches",0.6038,-1.0,False,qwen2.5,"The focus on spiritual mentorship in Hinduism is described as extremely high, with gurus often exercising a great deal of control over the lives of their disciples.",5.8016,,0.5715,False,0.5603,faithful,1.0,The answer directly supports the claim that the focus on spiritual mentorship in Hinduism is high.
2770:hcpc_v1:qwen2.5,2770,squad,42,hcpc_v1,Is the focus on spiritual mentorship in Hinduism high or low?,extremely high,"In Hinduism the spiritual teacher is known as a guru, and, in many traditions of Hinduism - especially those common in the West - the emphasis on spiritual mentorship is extremely high, with gurus often exercising a great deal of control over the lives of their disciples.

---

. The emphasis on spiritual mentorship in the LDS Church is similar to that in the more ""low-church"" traditions of Protestantism, with a stronger emphasis placed on the husband and father of a family to provide spiritual guidance for all of his family,

---

There are many forms of spiritual or religious teachers in Christianity, across all three major traditions - (Roman) Catholic, (Eastern) Orthodox Catholic, and Protestant/Non-Denominational, with a stronger tradition of spiritual formation in the more",0.6633,-1.0,False,qwen2.5,"The emphasis on spiritual mentorship in Hinduism is described as extremely high, especially in traditions common in the West. Gurus often exercise a great deal of control over the lives of their disciples.",4.5297,,0.6817,False,0.4627,hallucinated,1.0,The answer directly supports the claim that the emphasis on spiritual mentorship in Hinduism is high.
2771:hcpc_v2:qwen2.5,2771,squad,42,hcpc_v2,Is the focus on spiritual mentorship in Hinduism high or low?,extremely high,"In Hinduism the spiritual teacher is known as a guru, and, in many traditions of Hinduism - especially those common in the West - the emphasis on spiritual mentorship is extremely high, with gurus often exercising a great deal of control over the lives of their disciples.

---

In The Church of Jesus Christ of Latter-day Saints (LDS Church), the teacher is an office in the Aaronic priesthood, generally conferred on young boys or recent converts, and has little in common with the ""spiritual teacher"" archetype. The role of ""spiritual teacher"" may be filled by many individuals in the LDS Church, often a trusted friend, who may hold any office, from Elder to Bishop, or no office at all. The emphasis on spiritual mentorship in the LDS Church is similar to that in the more ""low-church"" traditions of Protestantism, with a stronger emphasis placed on the husband and father of a family to provide spiritual guidance for all of his family, ideally in consultation with his wife, even if the husband is not a member of the LDS Church, based on interpretatios of certain Biblical texts which proclaim the spiritual authority of husbands in marriage. Even Priesthood representatives are expected to defer to the father of the house when in his home

---

There are many forms of spiritual or religious teachers in Christianity, across all three major traditions - (Roman) Catholic, (Eastern) Orthodox Catholic, and Protestant/Non-Denominational, with a stronger tradition of spiritual formation in the more spiritual formation in the more historic and authoritarian/hierarchical Christian traditions with a long tradition of ""discernment of spirits"", of vocations, and other aspects of spiritual life, especially the Roman and Orthodox Catholic Churches",0.6058,0.5239,True,qwen2.5,"The focus on spiritual mentorship in Hinduism is described as extremely high, with gurus often exercising a great deal of control over the lives of their disciples.",5.3748,,0.5715,False,0.5603,faithful,1.0,The answer directly supports the claim that the focus on spiritual mentorship in Hinduism is high.
2796:baseline:qwen2.5,2796,squad,42,baseline,What is another term for the string of a problem instance?,bitstrings,"A computational problem can be viewed as an infinite collection of instances together with a solution for every instance. The input string for a computational problem is referred to as a problem instance, and should not be confused with the problem itself. In computational complexity theory, a problem refers to the abstract question to be solved. In contrast, an instance of this problem is a rather concrete utterance, which can serve as the input for a decision problem. For example, consider the problem of primality testing. The instance is a number (e.g. 15) and the solution is ""yes"" if the number is prime and ""no"" otherwise (in this case ""no""). Stated another way, the instance is a particular input to the problem, and the solution is the output corresponding to the given input.

---

When considering computational problems, a problem instance is a string over an alphabet. Usually, the alphabet is taken to be the binary alphabet (i.e., the set {0,1}), and thus the strings are bitstrings. As in a real-world computer, mathematical objects other than bitstrings must be suitably encoded. For example, integers can be represented in binary notation, and graphs can be encoded directly via their adjacency matrices, or by encoding their adjacency lists in binary.

---

Decision problems are one of the central objects of study in computational complexity theory. A decision problem is a special type of computational problem whose answer is either yes or no, or alternately either 1 or 0. A decision problem can be viewed as a formal language, where the members of the language are instances whose output is yes, and the non-members are those instances whose output is no. The objective is to decide, with the aid of an algorithm, whether a given input string is a member of the formal language under consideration. If the algorithm deciding this problem returns the answer yes, the algorithm is said to accept the input string, otherwise it is said to reject the input.",0.5408,-1.0,False,qwen2.5,"Another term for the string of a problem instance is not explicitly provided in the given context. The context refers to the input string as ""a problem instance,"" but does not provide an alternative term for it within the given text.",7.405,,0.5098,False,0.1743,hallucinated,0.0,The context does not explicitly provide another term for 'the string of a problem instance'.
2797:hcpc_v1:qwen2.5,2797,squad,42,hcpc_v1,What is another term for the string of a problem instance?,bitstrings,"A computational problem can be viewed as an infinite collection of instances together with a solution for every instance. The input string for a computational problem is referred to as a problem instance, and should not be confused with the problem itself

---

When considering computational problems, a problem instance is a string over an alphabet. Usually, the alphabet is taken to be the binary alphabet (i.e., the set {0,1}), and thus the strings are bitstrings

---

. The objective is to decide, with the aid of an algorithm, whether a given input string is a member of the formal language under consideration",0.571,-1.0,False,qwen2.5,"The string of a problem instance is referred to as a problem instance. However, in the context provided, it is also described as an input string for a computational problem.",3.9151,,0.7527,False,0.1002,hallucinated,1.0,The answer directly repeats the information from the context about what another term for the string of a problem instance is.
2798:hcpc_v2:qwen2.5,2798,squad,42,hcpc_v2,What is another term for the string of a problem instance?,bitstrings,"A computational problem can be viewed as an infinite collection of instances together with a solution for every instance. The input string for a computational problem is referred to as a problem instance, and should not be confused with the problem itself. In computational complexity theory, a problem refers to the abstract question to be solved. In contrast, an instance of this problem is a rather concrete utterance, which can serve as the input for a decision problem. For example, consider the problem of primality testing. The instance is a number (e.g. 15) and the solution is ""yes"" if the number is prime and ""no"" otherwise (in this case ""no""). Stated another way, the instance is a particular input to the problem, and the solution is the output corresponding to the given input.

---

When considering computational problems, a problem instance is a string over an alphabet. Usually, the alphabet is taken to be the binary alphabet (i.e., the set {0,1}), and thus the strings are bitstrings. As in a real-world computer, mathematical objects other than bitstrings must be suitably encoded. For example, integers can be represented in binary notation, and graphs can be encoded directly via their adjacency matrices, or by encoding their adjacency lists in binary.

---

Decision problems are one of the central objects of study in computational complexity theory. A decision problem is a special type of computational problem whose answer is either yes or no, or alternately either 1 or 0 . A decision problem can be viewed as a formal language, where the members of the language are instances whose output is yes, and the non-members are those instances whose output is no . The objective is to decide, with the aid of an algorithm, whether a given input string is a member of the formal language under consideration . If the algorithm deciding this problem returns the answer yes, the algorithm is said to accept the input string, otherwise it is said to reject the input.",0.5427,0.4915,True,qwen2.5,"Another term for the string of a problem instance is not explicitly provided in the given context. However, based on the information given, we can infer that it refers to the ""input string"" mentioned at the beginning of the context.",7.1805,,0.5903,False,0.2814,hallucinated,0.8,"While 'another term for the string of a problem instance' is not explicitly stated in the context, it can be inferred from the definition of 'problem instance' as 'input string'."
3051:baseline:qwen2.5,3051,squad,43,baseline,The two listed teams play for which NCAA group?,Division I,"College sports are also popular in southern California. The UCLA Bruins and the USC Trojans both field teams in NCAA Division I in the Pac-12 Conference, and there is a longtime rivalry between the schools.

---

Professional sports teams in Southern California include teams from the NFL (Los Angeles Rams, San Diego Chargers); NBA (Los Angeles Lakers, Los Angeles Clippers); MLB (Los Angeles Dodgers, Los Angeles Angels of Anaheim, San Diego Padres); NHL (Los Angeles Kings, Anaheim Ducks); and MLS (LA Galaxy).

---

Westwood One will carry the game throughout North America, with Kevin Harlan as play-by-play announcer, Boomer Esiason and Dan Fouts as color analysts, and James Lofton and Mark Malone as sideline reporters. Jim Gray will anchor the pre-game and halftime coverage.",0.4144,-1.0,False,qwen2.5,The UCLA Bruins and the USC Trojans both field teams in NCAA Division I.,3.1486,,0.951,False,0.3591,hallucinated,1.0,"The answer directly states that the UCLA Bruins and the USC Trojans both field teams in NCAA Division I, which is supported by the context."
3052:hcpc_v1:qwen2.5,3052,squad,43,hcpc_v1,The two listed teams play for which NCAA group?,Division I,"College sports are also popular in southern California. The UCLA Bruins and the USC Trojans both field teams in NCAA Division I in the Pac-12 Conference, and there is a longtime rivalry between the schools.

---

Professional sports teams in Southern California include teams from the NFL (Los Angeles Rams, San Diego Chargers); NBA (Los Angeles Lakers, Los Angeles Clippers); MLB (Los Angeles Dodgers, Los Angeles Angels of Anaheim, San Diego Padres); NHL (Los Angeles

---

Westwood One will carry the game throughout North America, with Kevin Harlan as play-by-play announcer, Boomer Esiason and Dan Fouts as color analysts, and James Lofton and Mark Malone as sideline reporters",0.4059,-1.0,False,qwen2.5,The UCLA Bruins and the USC Trojans both field teams in NCAA Division I.,2.2147,,0.951,False,0.3591,hallucinated,1.0,The answer directly matches the factual claim provided in the context.
3053:hcpc_v2:qwen2.5,3053,squad,43,hcpc_v2,The two listed teams play for which NCAA group?,Division I,"College sports are also popular in southern California. The UCLA Bruins and the USC Trojans both field teams in NCAA Division I in the Pac-12 Conference, and there is a longtime rivalry between the schools.

---

Professional sports teams in Southern California include teams from the NFL (Los Angeles Rams, San Diego Chargers); NBA (Los Angeles Lakers, Los Angeles Clippers); MLB (Los Angeles Dodgers, Los Angeles Angels of Anaheim, San Diego Padres); NHL (Los Angeles Kings, Anaheim Ducks); and MLS (LA Galaxy).

---

Westwood One will carry the game throughout North America, with Kevin Harlan as play-by-play announcer, Boomer Esiason and Dan Fouts as color analysts, and James Lofton and Mark Malone as sideline reporters . Jim Gray will anchor the pre-game and halftime coverage.",0.4144,0.1721,True,qwen2.5,The UCLA Bruins and the USC Trojans both field teams in NCAA Division I.,2.1869,,0.951,False,0.3591,hallucinated,1.0,"The answer directly states that the UCLA Bruins and the USC Trojans both field teams in NCAA Division I, which is supported by the context."
3102:baseline:qwen2.5,3102,squad,43,baseline,"What ""dynamic theory"" did Tesla say he finished in 1937?",gravity,"Tesla claimed to have developed his own physical principle regarding matter and energy that he started working on in 1892, and in 1937, at age 81, claimed in a letter to have completed a ""dynamic theory of gravity"" that ""[would] put an end to idle speculations and false conceptions, as that of curved space."" He stated that the theory was ""worked out in all details"" and that he hoped to soon give it to the world. Further elucidation of his theory was never found in his writings.:309

---

However, his religious views remain uncertain due to other statements that he made. For example, in his article, ""A Machine to End War"", published in 1937, Tesla stated:

---

Tesla was generally antagonistic towards theories about the conversion of matter into energy.:247 He was also critical of Einstein's theory of relativity, saying:",0.6909,-1.0,False,qwen2.5,"In 1937, at age 81, Tesla claimed to have completed a ""dynamic theory of gravity."" He stated that this theory would put an end to idle speculations and false conceptions, such as those of curved space.",6.3022,,0.5329,False,0.3297,hallucinated,1.0,The answer directly quotes the context where it is stated that Tesla completed a 'dynamic theory of gravity' in 1937.
3103:hcpc_v1:qwen2.5,3103,squad,43,hcpc_v1,"What ""dynamic theory"" did Tesla say he finished in 1937?",gravity,"Tesla claimed to have developed his own physical principle regarding matter and energy that he started working on in 1892, and in 1937, at age 81, claimed in a letter to have completed a ""dynamic theory of gravity"" that ""[would] put an end to idle speculations and false conceptions, as that of curved space."" He stated that the theory was ""worked out in all details"" and that he hoped to soon give it to the world. Further elucidation of his theory was never found in his writings.:309

---

However, his religious views remain uncertain due to other statements that he made. For example, in his article, ""A Machine to End War"", published in 1937, Tesla stated:

---

Tesla was generally antagonistic towards theories about the conversion of matter into energy.:247 He was also critical of Einstein's theory of relativity, saying:",0.6909,-1.0,False,qwen2.5,"In 1937, at age 81, Tesla claimed to have completed a ""dynamic theory of gravity."" He stated that this theory would put an end to idle speculations and false conceptions, such as those of curved space.",4.3651,,0.5329,False,0.3297,hallucinated,1.0,The answer directly quotes the context where it is stated that Tesla completed a 'dynamic theory of gravity' in 1937.
3104:hcpc_v2:qwen2.5,3104,squad,43,hcpc_v2,"What ""dynamic theory"" did Tesla say he finished in 1937?",gravity,"Tesla claimed to have developed his own physical principle regarding matter and energy that he started working on in 1892, and in 1937, at age 81, claimed in a letter to have completed a ""dynamic theory of gravity"" that ""[would] put an end to idle speculations and false conceptions, as that of curved space."" He stated that the theory was ""worked out in all details"" and that he hoped to soon give it to the world. Further elucidation of his theory was never found in his writings.:309

---

However, his religious views remain uncertain due to other statements that he made. For example, in his article, ""A Machine to End War"", published in 1937, Tesla stated:

---

Tesla was generally antagonistic towards theories about the conversion of matter into energy.:247 He was also critical of Einstein's theory of relativity, saying:",0.6909,0.588,False,qwen2.5,"In 1937, at age 81, Tesla claimed to have completed a ""dynamic theory of gravity."" He stated that this theory would put an end to idle speculations and false conceptions, such as those of curved space.",4.2999,,0.5329,False,0.3297,hallucinated,1.0,The answer directly quotes the context where it is stated that Tesla completed a 'dynamic theory of gravity' in 1937.
3108:baseline:qwen2.5,3108,squad,43,baseline,What kind of representational system does the Victorian Legislative Council have?,multi-member proportional,"In November 2006, the Victorian Legislative Council elections were held under a new multi-member proportional representation system. The State of Victoria was divided into eight electorates with each electorate represented by five representatives elected by Single Transferable Vote. The total number of upper house members was reduced from 44 to 40 and their term of office is now the same as the lower house members—four years. Elections for the Victorian Parliament are now fixed and occur in November every four years. Prior to the 2006 election, the Legislative Council consisted of 44 members elected to eight-year terms from 22 two-member electorates.

---

Victoria has a written constitution enacted in 1975, but based on the 1855 colonial constitution, passed by the United Kingdom Parliament as the Victoria Constitution Act 1855, which establishes the Parliament as the state's law-making body for matters coming under state responsibility. The Victorian Constitution can be amended by the Parliament of Victoria, except for certain ""entrenched"" provisions that require either an absolute majority in both houses, a three-fifths majority in both houses, or the approval of the Victorian people in a referendum, depending on the provision.

---

Politically, Victoria has 37 seats in the Australian House of Representatives and 12 seats in the Australian Senate. At state level, the Parliament of Victoria consists of the Legislative Assembly (the lower house) and the Legislative Council (the upper house). Victoria is currently governed by the Labor Party, with Daniel Andrews the current Premier. The personal representative of the Queen of Australia in the state is the Governor of Victoria, currently Linda Dessau. Local government is concentrated in 79 municipal districts, including 33 cities, although a number of unincorporated areas still exist, which are administered directly by the state.",0.5199,-1.0,False,qwen2.5,"The Victorian Legislative Council has a multi-member proportional representation system. Specifically, it uses the Single Transferable Vote method to elect five representatives from each of the eight electorates.",6.438,,0.7783,False,0.5846,faithful,1.0,The answer directly references and accurately describes the representational system of the Victorian Legislative Council as stated in the context.
3109:hcpc_v1:qwen2.5,3109,squad,43,hcpc_v1,What kind of representational system does the Victorian Legislative Council have?,multi-member proportional,"In November 2006, the Victorian Legislative Council elections were held under a new multi-member proportional representation system

---

of the Victorian people in a referendum, depending on the provision.

---

. At state level, the Parliament of Victoria consists of the Legislative Assembly (the lower house) and the Legislative Council (the upper house). Victoria is currently governed by the Labor Party, with Daniel Andrews the current Premier",0.5844,-1.0,False,qwen2.5,The Victorian Legislative Council has a multi-member proportional representation system. This information is directly stated in the provided context.,2.7615,,0.7153,False,0.4999,hallucinated,1.0,"The answer directly quotes the context, stating that the Victorian Legislative Council elections were held under a new multi-member proportional representation system."
3110:hcpc_v2:qwen2.5,3110,squad,43,hcpc_v2,What kind of representational system does the Victorian Legislative Council have?,multi-member proportional,"In November 2006, the Victorian Legislative Council elections were held under a new multi-member proportional representation system. The State of Victoria was divided into eight electorates with each electorate represented by five representatives elected by Single Transferable Vote. The total number of upper house members was reduced from 44 to 40 and their term of office is now the same as the lower house members—four years. Elections for the Victorian Parliament are now fixed and occur in November every four years. Prior to the 2006 election, the Legislative Council consisted of 44 members elected to eight-year terms from 22 two-member electorates.

---

Victoria has a written constitution enacted in 1975, but based on the 1855 colonial constitution, passed by the United Kingdom Parliament as the Victoria Constitution Act 1855, which establishes the Parliament as the state's law-making body for matters coming under state responsibility. The Victorian Constitution can be amended by the Parliament of Victoria, except for certain ""entrenched"" provisions that require either an absolute majority in both houses, a three-fifths majority in both houses, or the approval of the Victorian people in a referendum, depending on the provision.

---

Politically, Victoria has 37 seats in the Australian House of Representatives and 12 seats in the Australian Senate. At state level, the Parliament of Victoria consists of the Legislative Assembly (the lower house) and the Legislative Council (the upper house). Victoria is currently governed by the Labor Party, with Daniel Andrews the current Premier. The personal representative of the Queen of Australia in the state is the Governor of Victoria, currently Linda Dessau. Local government is concentrated in 79 municipal districts, including 33 cities, although a number of unincorporated areas still exist, which are administered directly by the state.",0.5199,0.4924,False,qwen2.5,"The Victorian Legislative Council has a multi-member proportional representation system. Specifically, it uses the Single Transferable Vote method to elect five representatives from each of the eight electorates.",6.2557,,0.7783,False,0.5846,faithful,1.0,The answer directly references and accurately describes the representational system of the Victorian Legislative Council as stated in the context.
3141:baseline:qwen2.5,3141,squad,43,baseline,What was the final score of Super Bowl 50? ,24–10,"Super Bowl 50 was an American football game to determine the champion of the National Football League (NFL) for the 2015 season. The American Football Conference (AFC) champion Denver Broncos defeated the National Football Conference (NFC) champion Carolina Panthers 24–10 to earn their third Super Bowl title. The game was played on February 7, 2016, at Levi's Stadium in the San Francisco Bay Area at Santa Clara, California. As this was the 50th Super Bowl, the league emphasized the ""golden anniversary"" with various gold-themed initiatives, as well as temporarily suspending the tradition of naming each Super Bowl game with Roman numerals (under which the game would have been known as ""Super Bowl L""), so that the logo could prominently feature the Arabic numerals 50.

---

The Broncos took an early lead in Super Bowl 50 and never trailed. Newton was limited by Denver's defense, which sacked him seven times and forced him into three turnovers, including a fumble which they recovered for a touchdown. Denver linebacker Von Miller was named Super Bowl MVP, recording five solo tackles, 2½ sacks, and two forced fumbles.

---

The Broncos defeated the Pittsburgh Steelers in the divisional round, 23–16, by scoring 11 points in the final three minutes of the game. They then beat the defending Super Bowl XLIX champion New England Patriots in the AFC Championship Game, 20–18, by intercepting a pass on New England's 2-point conversion attempt with 17 seconds left on the clock. Despite Manning's problems with interceptions during the season, he didn't throw any in their two playoff games.",0.584,-1.0,False,qwen2.5,"The final score of Super Bowl 50 was Denver Broncos 24, Carolina Panthers 10.",5.3129,,0.8776,False,0.3261,hallucinated,1.0,The answer directly quotes the context stating that 'Denver Broncos defeated the Carolina Panthers 24–10' in Super Bowl 50.
3142:hcpc_v1:qwen2.5,3142,squad,43,hcpc_v1,What was the final score of Super Bowl 50? ,24–10,"Super Bowl 50 was an American football game to determine the champion of the National Football League (NFL) for the 2015 season

---

The Broncos took an early lead in Super Bowl 50 and never trailed. Newton was limited by Denver's defense, which sacked him seven times and forced him into three turnovers, including a fumble which they recovered for a touchdown

---

The Broncos defeated the Pittsburgh Steelers in the divisional round, 23–16, by scoring 11 points in the final three minutes of the game",0.562,-1.0,False,qwen2.5,"I cannot find this information in the provided context. The context does not specify the final score of Super Bowl 50. It only mentions that the Broncos took an early lead and never trailed, and that Newton was limited by Denver's defense. The context also refers to a game against the Pittsburgh Steelers, but does not provide the score for Super Bowl 50 itself.",8.3618,,0.6378,False,0.1752,hallucinated,0.0,The provided answer does not directly address the question about the final score of Super Bowl 50.
3143:hcpc_v2:qwen2.5,3143,squad,43,hcpc_v2,What was the final score of Super Bowl 50? ,24–10,"Super Bowl 50 was an American football game to determine the champion of the National Football League (NFL) for the 2015 season. The American Football Conference (AFC) champion Denver Broncos defeated the National Football Conference (NFC) champion Carolina Panthers 24–10 to earn their third Super Bowl title. The game was played on February 7, 2016, at Levi's Stadium in the San Francisco Bay Area at Santa Clara, California. As this was the 50th Super Bowl, the league emphasized the ""golden anniversary"" with various gold-themed initiatives, as well as temporarily suspending the tradition of naming each Super Bowl game with Roman numerals (under which the game would have been known as ""Super Bowl L""), so that the logo could prominently feature the Arabic numerals 50.

---

The Broncos took an early lead in Super Bowl 50 and never trailed. Newton was limited by Denver's defense, which sacked him seven times and forced him into three turnovers, including a fumble which they recovered for a touchdown. Denver linebacker Von Miller was named Super Bowl MVP, recording five solo tackles, 2½ sacks, and two forced fumbles.

---

The Broncos defeated the Pittsburgh Steelers in the divisional round, 23–16, by scoring 11 points in the final three minutes of the game . They then beat the defending Super Bowl XLIX champion New England Patriots in the AFC Championship Game, 20–18, by intercepting a pass on New England's 2-point conversion attempt with 17 seconds left on the clock . Despite Manning's problems with interceptions during the season, he didn't throw any in their two playoff games.",0.584,0.5147,True,qwen2.5,"The final score of Super Bowl 50 was Denver Broncos 24, Carolina Panthers 10.",4.9962,,0.8776,False,0.3261,hallucinated,1.0,The answer directly matches the information provided in the context that the Denver Broncos defeated the Carolina Panthers 24–10 in Super Bowl 50.
3192:baseline:qwen2.5,3192,squad,43,baseline,When did Martin Luther publish his translation of the New Testament?,1522,"Luther had published his German translation of the New Testament in 1522, and he and his collaborators completed the translation of the Old Testament in 1534, when the whole Bible was published. He continued to work on refining the translation until the end of his life. Others had translated the Bible into German, but Luther tailored his translation to his own doctrine. When he was criticised for inserting the word ""alone"" after ""faith"" in Romans 3:28, he replied in part: ""[T]he text itself and the meaning of St. Paul urgently require and demand it. For in that very passage he is dealing with the main point of Christian doctrine, namely, that we are justified by faith in Christ without any works of the Law. ... But when works are so completely cut away – and that must mean that faith alone justifies – whoever would speak plainly and clearly about this cutting away of works will have to say, 'Faith alone justifies us, and not works'.""

---

Luther's translation used the variant of German spoken at the Saxon chancellery, intelligible to both northern and southern Germans. He intended his vigorous, direct language to make the Bible accessible to everyday Germans, ""for we are removing impediments and difficulties so that other people may read it without hindrance.""

---

Published at a time of rising demand for German-language publications, Luther's version quickly became a popular and influential Bible translation. As such, it made a significant contribution to the evolution of the German language and literature. Furnished with notes and prefaces by Luther, and with woodcuts by Lucas Cranach that contained anti-papal imagery, it played a major role in the spread of Luther's doctrine throughout Germany. The Luther Bible influenced other vernacular translations, such as William Tyndale's English Bible (1525 forward), a precursor of the King James Bible.",0.6787,-1.0,False,qwen2.5,Luther had published his German translation of the New Testament in 1522.,5.4735,,0.7856,False,0.5575,faithful,1.0,The answer directly quotes the context stating that Luther published his German translation of the New Testament in 1522.
3193:hcpc_v1:qwen2.5,3193,squad,43,hcpc_v1,When did Martin Luther publish his translation of the New Testament?,1522,"Luther had published his German translation of the New Testament in 1522, and he and his collaborators completed the translation of the Old Testament in 1534, when the whole Bible was published

---

Luther's translation used the variant of German spoken at the Saxon chancellery, intelligible to both northern and southern Germans

---

Published at a time of rising demand for German-language publications, Luther's version quickly became a popular and influential Bible translation. As such, it made a significant contribution to the evolution of the German language and literature",0.6707,-1.0,False,qwen2.5,Luther published his German translation of the New Testament in 1522.,2.5042,,0.8367,False,0.5735,faithful,1.0,The answer directly quotes the provided context.
3194:hcpc_v2:qwen2.5,3194,squad,43,hcpc_v2,When did Martin Luther publish his translation of the New Testament?,1522,"Luther had published his German translation of the New Testament in 1522, and he and his collaborators completed the translation of the Old Testament in 1534, when the whole Bible was published. He continued to work on refining the translation until the end of his life. Others had translated the Bible into German, but Luther tailored his translation to his own doctrine. When he was criticised for inserting the word ""alone"" after ""faith"" in Romans 3:28, he replied in part: ""[T]he text itself and the meaning of St. Paul urgently require and demand it. For in that very passage he is dealing with the main point of Christian doctrine, namely, that we are justified by faith in Christ without any works of the Law. ... But when works are so completely cut away – and that must mean that faith alone justifies – whoever would speak plainly and clearly about this cutting away of works will have to say, 'Faith alone justifies us, and not works'.""

---

Luther's translation used the variant of German spoken at the Saxon chancellery, intelligible to both northern and southern Germans. He intended his vigorous, direct language to make the Bible accessible to everyday Germans, ""for we are removing impediments and difficulties so that other people may read it without hindrance.""

---

Published at a time of rising demand for German-language publications, Luther's version quickly became a popular and influential Bible translation. As such, it made a significant contribution to the evolution of the German language and literature. Furnished with notes and prefaces by Luther, and with woodcuts by Lucas Cranach that contained anti-papal imagery, it played a major role in the spread of Luther's doctrine throughout Germany. The Luther Bible influenced other vernacular translations, such as William Tyndale's English Bible (1525 forward), a precursor of the King James Bible.",0.6787,0.632,False,qwen2.5,Luther had published his German translation of the New Testament in 1522.,4.9746,,0.7856,False,0.5575,faithful,1.0,The answer directly quotes the context stating that Luther published his German translation of the New Testament in 1522.
3252:baseline:qwen2.5,3252,squad,43,baseline,Along with the American Institute of Electrical Engineers what other institute eventually became the IEEE?,the Institute of Radio Engineers,"Tesla served as a vice president of the American Institute of Electrical Engineers, the forerunner (along with the Institute of Radio Engineers) of the modern-day IEEE, from 1892 to 1894.

---

. The competition resulted in Edison Machine Works pursuing AC development in 1890 and by 1892 Thomas Edison was no longer in control of his own company, which was consolidated into the conglomerate General Electric and converting to an AC delivery system at that point.

---

In 1888, the editor of Electrical World magazine, Thomas Commerford Martin (a friend and publicist), arranged for Tesla to demonstrate his alternating current system, including his induction motor, at the American Institute of Electrical Engineers (now IEEE). Engineers working for the Westinghouse Electric & Manufacturing Company reported to George Westinghouse that Tesla had a viable AC motor and related power system — something for which Westinghouse had been trying to secure patents. Westinghouse looked into getting a patent on a similar commutator-less, rotating magnetic field-based induction motor presented in a paper in March 1888 by the Italian physicist Galileo Ferraris, but decided Tesla's patent would probably control the market.",0.5393,-1.0,False,qwen2.5,"Along with the American Institute of Electrical Engineers, the Institute of Radio Engineers eventually became the IEEE.",4.0422,,0.6089,False,0.4357,hallucinated,0.0,"The question asks about another institute that became the IEEE along with the American Institute of Electrical Engineers, but the provided answer only mentions the American Institute of Electrical Engineers and does not provide any information about another institute."
3253:hcpc_v1:qwen2.5,3253,squad,43,hcpc_v1,Along with the American Institute of Electrical Engineers what other institute eventually became the IEEE?,the Institute of Radio Engineers,"Tesla served as a vice president of the American Institute of Electrical Engineers, the forerunner (along with the Institute of Radio Engineers) of the modern-day IEEE, from 1892 to 1894.

---

. The competition resulted in Edison Machine Works pursuing AC development in 1890 and by 1892 Thomas Edison was no longer in control of his own company, which was consolidated into the conglomerate General Electric and converting to an AC delivery system

---

of Electrical Engineers (now IEEE)",0.6472,-1.0,False,qwen2.5,"The context states that the Institute of Radio Engineers, along with the American Institute of Electrical Engineers, eventually became the modern-day IEEE.",2.9604,,0.6826,False,0.6217,faithful,1.0,"The answer directly quotes the provided context stating that the Institute of Radio Engineers, along with the American Institute of Electrical Engineers, eventually became the modern-day IEEE."
3254:hcpc_v2:qwen2.5,3254,squad,43,hcpc_v2,Along with the American Institute of Electrical Engineers what other institute eventually became the IEEE?,the Institute of Radio Engineers,"Tesla served as a vice president of the American Institute of Electrical Engineers, the forerunner (along with the Institute of Radio Engineers) of the modern-day IEEE, from 1892 to 1894.

---

. The competition resulted in Edison Machine Works pursuing AC development in 1890 and by 1892 Thomas Edison was no longer in control of his own company, which was consolidated into the conglomerate General Electric and converting to an AC delivery system at that point.

---

In 1888, the editor of Electrical World magazine, Thomas Commerford Martin (a friend and publicist), arranged for Tesla to demonstrate his alternating current system, including his induction motor, at the American Institute of Electrical Engineers (now IEEE). Engineers working for the Westinghouse Electric & Manufacturing Company reported to George Westinghouse that Tesla had a viable AC motor and related power system — something for which Westinghouse had been trying to secure patents. Westinghouse looked into getting a patent on a similar commutator-less, rotating magnetic field-based induction motor presented in a paper in March 1888 by the Italian physicist Galileo Ferraris, but decided Tesla's patent would probably control the market.",0.5393,0.5158,False,qwen2.5,"Along with the American Institute of Electrical Engineers, the Institute of Radio Engineers eventually became the IEEE.",3.2283,,0.6089,False,0.4357,hallucinated,0.0,"The question asks about another institute that became the IEEE along with the American Institute of Electrical Engineers, but the provided answer only mentions the American Institute of Electrical Engineers and does not provide any information about another institute."
3309:baseline:qwen2.5,3309,squad,43,baseline,What type of power was displayed at the World's fair by Westinghouse and Tesla?,AC power,"In 1893, George Westinghouse won the bid to light the 1893 World's Columbian Exposition in Chicago with alternating current, beating out a General Electric bid by one million dollars. This World's Fair devoted a building to electrical exhibits. It was a key event in the history of AC power, as Westinghouse demonstrated the safety, reliability, and efficiency of a fully integrated alternating current system to the American public. At the Columbian Exposition, under a banner announcing the ""Tesla Polyphase System"", Tesla demonstrated a series of electrical effects previously performed throughout America and Europe,:76 included using high-voltage, high-frequency alternating current to light a wireless gas-discharge lamp.:79 An observer noted:

---

Tesla's demonstration of his induction motor and Westinghouse's subsequent licensing of the patent, both in 1888, put Tesla firmly on the ""AC"" side of the so-called ""War of Currents,"" an electrical distribution battle being waged between Thomas Edison and George Westinghouse that had been simmering since Westinghouse's first AC system in 1886 and had reached the point of all-out warfare by 1888. This started out as a competition between rival lighting systems with Edison holding all the patents for DC and the incandescent light and Westinghouse using his own patented AC system to power arc lights as well as incandescent lamps of a slightly different design to get around the Edison patent. The acquisition of a feasible AC motor gave Westinghouse a key patent in building a completely integrated AC system, but the financial strain of buying up patents and hiring the engineers needed to build it meant development of Tesla's motor had to be put on hold for a while

---

. Westinghouse convinced Tesla to release his company from the licensing agreement over Tesla's AC patents in exchange for Westinghouse Electric purchasing the patents for a lump sum payment of $216,000; this provided Westinghouse a break from what, due to alternating current's rapid gain in popularity, had turned out to be an overly generous $2.50 per AC horsepower royalty.",0.5921,-1.0,False,qwen2.5,"Westinghouse demonstrated an alternating current (AC) system at the World's Fair, which included effects previously performed throughout America and Europe. Tesla also demonstrated his work related to the ""Tesla Polyphase System,"" which was part of the AC system.",8.7185,,0.7175,False,0.4203,hallucinated,1.0,"The answer directly supports that Westinghouse demonstrated an AC system at the World's Fair and Tesla also demonstrated his work related to the 'Tesla Polyphase System,' which is part of the AC system."
3310:hcpc_v1:qwen2.5,3310,squad,43,hcpc_v1,What type of power was displayed at the World's fair by Westinghouse and Tesla?,AC power,"In 1893, George Westinghouse won the bid to light the 1893 World's Columbian Exposition in Chicago with alternating current, beating out a General Electric bid by one million dollars. This World's Fair devoted a building to electrical exhibits

---

Tesla's demonstration of his induction motor and Westinghouse's subsequent licensing of the patent, both in 1888, put Tesla firmly on the ""AC"" side of the so-called ""War of Currents,"" an electrical distribution battle being waged between Thomas Edison and

---

. Westinghouse convinced Tesla to release his company from the licensing agreement over Tesla's AC patents in exchange for Westinghouse Electric purchasing the patents for a lump sum payment of $216,000; this provided Westinghouse a break from what, due to",0.5329,-1.0,False,qwen2.5,"Based on the information provided in the context, alternating current (AC) was displayed at the World's Fair. This can be inferred from the mention that George Westinghouse won the bid to light the 1893 World's Columbian Exposition with alternating current and Tesla demonstrated his induction motor using AC.",6.9398,,0.6136,False,0.5312,faithful,1.0,"The answer directly supports the question by stating that alternating current (AC) was displayed at the World's Fair, which is a factual claim supported by the context."
3311:hcpc_v2:qwen2.5,3311,squad,43,hcpc_v2,What type of power was displayed at the World's fair by Westinghouse and Tesla?,AC power,"In 1893, George Westinghouse won the bid to light the 1893 World's Columbian Exposition in Chicago with alternating current, beating out a General Electric bid by one million dollars. This World's Fair devoted a building to electrical exhibits. It was a key event in the history of AC power, as Westinghouse demonstrated the safety, reliability, and efficiency of a fully integrated alternating current system to the American public. At the Columbian Exposition, under a banner announcing the ""Tesla Polyphase System"", Tesla demonstrated a series of electrical effects previously performed throughout America and Europe,:76 included using high-voltage, high-frequency alternating current to light a wireless gas-discharge lamp.:79 An observer noted:

---

Tesla's demonstration of his induction motor and Westinghouse's subsequent licensing of the patent, both in 1888, put Tesla firmly on the ""AC"" side of the so-called ""War of Currents,"" an electrical distribution battle being waged between Thomas Edison and George Westinghouse that had been simmering since Westinghouse's first AC system in 1886 and had reached the point of all-out warfare by 1888. This started out as a competition between rival lighting systems with Edison holding all the patents for DC and the incandescent light and Westinghouse using his own patented AC system to power arc lights as well as incandescent lamps of a slightly different design to get around the Edison patent. The acquisition of a feasible AC motor gave Westinghouse a key patent in building a completely integrated AC system, but the financial strain of buying up patents and hiring the engineers needed to build it meant development of Tesla's motor had to be put on hold for a while

---

. Westinghouse convinced Tesla to release his company from the licensing agreement over Tesla's AC patents in exchange for Westinghouse Electric purchasing the patents for a lump sum payment of $216,000; this provided Westinghouse a break from what, due to a break from what, due to alternating current's rapid gain in popularity, had turned out to be an overly generous $2.50 per AC horsepower royalty.",0.5899,0.59,True,qwen2.5,"Westinghouse demonstrated an alternating current (AC) system at the World's Fair, which included effects previously performed throughout America and Europe. Tesla also demonstrated his work related to the ""Tesla Polyphase System,"" which was part of the AC system.",8.6737,,0.7175,False,0.4203,hallucinated,1.0,"The answer directly supports that Westinghouse demonstrated an AC system at the World's Fair and Tesla also demonstrated his work related to the 'Tesla Polyphase System,' which is part of the AC system."
3342:baseline:qwen2.5,3342,squad,43,baseline,What resolution were the cameras increased to for the game?,5K resolution,"In the United States, the game was televised by CBS, as part of a cycle between the three main broadcast television partners of the NFL. The network's lead broadcast team of Jim Nantz and Phil Simms called the contest, with Tracy Wolfson and Evan Washburn on the sidelines. CBS introduced new features during the telecast, including pylon cameras and microphones along with EyeVision 360—an array of 36 cameras along the upper deck that can be used to provide a 360-degree view of plays and ""bullet time"" effects. (An earlier version of EyeVision was last used in Super Bowl XXXV; for Super Bowl 50, the cameras were upgraded to 5K resolution.)

---

When Sky Digital was launched in 1998 the new service used the Astra 2A satellite which was located at the 28.5°E orbital position, unlike the analogue service which was broadcast from 19.2°E. This was subsequently followed by more Astra satellites as well as Eutelsat's Eurobird 1 (now Eutelsat 33C) at 28.5°E), enabled the company to launch a new all-digital service, Sky, with the potential to carry hundreds of television and radio channels. The old position was shared with broadcasters from several European countries, while the new position at 28.5°E came to be used almost exclusively for channels that broadcast to the United Kingdom.

---

CBS set the base rate for a 30-second advertisement at $5,000,000, a record high price for a Super Bowl ad. As of January 26, the advertisements had not yet sold out. CBS mandated that all advertisers purchase a package covering time on both the television and digital broadcasts of the game, meaning that for the first time, digital streams of the game would carry all national advertising in pattern with the television broadcast. This would be the final year in a multi-year contract with Anheuser-Busch InBev that allowed the beer manufacturer to air multiple advertisements during the game at a steep discount. It was also the final year that Doritos, a longtime sponsor of the game, held its ""Crash the Super Bowl"" contest that allowed viewers to create their own Doritos ads for a chance to have it aired during the game. Nintendo and The Pokémon Company also made their Super Bowl debut, promoting the 20th anniversary of the Pokémon video game and media franchise.",0.3488,-1.0,False,qwen2.5,"For Super Bowl 50, the EyeVision cameras were upgraded to 5K resolution.",7.3749,,0.7188,False,0.414,hallucinated,1.0,The answer directly quotes the context that the cameras for Super Bowl 50 were upgraded to 5K resolution.
3343:hcpc_v1:qwen2.5,3343,squad,43,hcpc_v1,What resolution were the cameras increased to for the game?,5K resolution,". (An earlier version of EyeVision was last used in Super Bowl XXXV; for Super Bowl 50, the cameras were upgraded to 5K resolution.)

---

. This was subsequently followed by more Astra satellites as well as Eutelsat's Eurobird 1 (now Eutelsat 33C) at 28.5°E), enabled the company to launch a new all-digital service, Sky, with the potential to carry hundreds of television and radio channels

---

. CBS mandated that all advertisers purchase a package covering time on both the television and digital broadcasts of the game, meaning that for the first time, digital streams of the game would carry all national advertising in pattern with the television",0.4328,-1.0,False,qwen2.5,The cameras were upgraded to 5K resolution for Super Bowl 50.,3.6104,,0.7561,False,0.4392,hallucinated,1.0,The answer directly quotes the provided context.
3344:hcpc_v2:qwen2.5,3344,squad,43,hcpc_v2,What resolution were the cameras increased to for the game?,5K resolution,"In the United States, the game was televised by CBS, as part of a cycle between the three main broadcast television partners of the NFL. The network's lead broadcast team of Jim Nantz and Phil Simms called the contest, with Tracy Wolfson and Evan Washburn on the sidelines. CBS introduced new features during the telecast, including pylon cameras and microphones along with EyeVision 360—an array of 36 cameras along the upper deck that can be used to provide a 360-degree view of plays and ""bullet time"" effects. (An earlier version of EyeVision was last used in Super Bowl XXXV; for Super Bowl 50, the cameras were upgraded to 5K resolution.)

---

When Sky Digital was launched in 1998 the new service used the Astra 2A satellite which was located at the 28.5°E orbital position, unlike the analogue service which was broadcast from 19.2°E. This was subsequently followed by more Astra satellites as well as Eutelsat's Eurobird 1 (now Eutelsat 33C) at 28.5°E), enabled the company to launch a new all-digital service, Sky, with the potential to carry hundreds of television and radio channels. The old position was shared with broadcasters from several European countries, while the new position at 28.5°E came to be used almost exclusively for channels that broadcast to the United Kingdom.

---

CBS set the base rate for a 30-second advertisement at $5,000,000, a record high price for a Super Bowl ad. As of January 26, the advertisements had not yet sold out . CBS mandated that all advertisers purchase a package covering time on both the television and digital broadcasts of the game, meaning that for the first time, digital streams of the game would carry all national advertising in pattern with the television in pattern with the television broadcast . This would be the final year in a multi-year contract with Anheuser-Busch InBev that allowed the beer manufacturer to air multiple advertisements during the game at a steep discount . It was also the final year that Doritos, a longtime sponsor of the game, held its ""Crash the Super Bowl"" contest that allowed viewers to create their own Doritos ads for a chance to have it aired during the game . Nintendo and The Pokémon Company also made their Super Bowl debut, promoting the 20th anniversary of the Pokémon video game and media franchise.",0.3518,0.2533,True,qwen2.5,"For Super Bowl 50, the EyeVision cameras were upgraded to 5K resolution.",9.2001,,0.7188,False,0.414,hallucinated,1.0,"The answer directly quotes the provided context that states 'for Super Bowl 50, the cameras were upgraded to 5K resolution.'"
3369:baseline:qwen2.5,3369,squad,43,baseline,Where did Tesla return to in 1873?,Smiljan,"On 7 January 1900, Tesla left Colorado Springs.[citation needed] His lab was torn down in 1904, and its contents were sold two years later to satisfy a debt.

---

The investors showed little interest in Tesla's ideas for new types of motors and electrical transmission equipment and also seemed to think it was better to develop an electrical utility than invent new systems. They eventually forced Tesla out leaving him penniless. He even lost control of the patents he had generated since he had assigned them to the company in lieu of stock. He had to work at various electrical repair jobs and even as a ditch digger for $2 per day. Tesla considered the winter of 1886/1887 as a time of ""terrible headaches and bitter tears."" During this time, he questioned the value of his education.

---

In 1882, Tesla began working for the Continental Edison Company in France, designing and making improvements to electrical equipment. In June 1884, he relocated to New York City:57–60 where he was hired by Thomas Edison to work at his Edison Machine Works on Manhattan's lower east side. Tesla's work for Edison began with simple electrical engineering and quickly progressed to solving more difficult problems.",0.6713,-1.0,False,qwen2.5,I cannot find this information in the provided context.,3.5525,,0.5531,False,0.0941,hallucinated,0.0,"The question asks about Tesla's return in 1873, but the provided context does not contain any information regarding his whereabouts or return during that year."
3370:hcpc_v1:qwen2.5,3370,squad,43,hcpc_v1,Where did Tesla return to in 1873?,Smiljan,"On 7 January 1900, Tesla left Colorado Springs.[citation needed] His lab was torn down in 1904, and its contents were sold two years later to satisfy a debt.

---

. He had to work at various electrical repair jobs and even as a ditch digger for $2 per day. Tesla considered the winter of 1886/1887 as a time of ""terrible headaches and bitter tears."" During this time, he questioned the value of his education.

---

. Tesla's work for Edison began with simple electrical engineering and quickly progressed to solving more difficult problems.",0.6432,-1.0,False,qwen2.5,I cannot find this information in the provided context.,2.0629,,0.5531,False,0.0941,hallucinated,0.0,"The question asks about Tesla's return in 1873, but the provided context does not contain any information regarding his return in that year."
3371:hcpc_v2:qwen2.5,3371,squad,43,hcpc_v2,Where did Tesla return to in 1873?,Smiljan,"On 7 January 1900, Tesla left Colorado Springs.[citation needed] His lab was torn down in 1904, and its contents were sold two years later to satisfy a debt.

---

The investors showed little interest in Tesla's ideas for new types of motors and electrical transmission equipment and also seemed to think it was better to develop an electrical utility than invent new systems. They eventually forced Tesla out leaving him penniless. He even lost control of the patents he had generated since he had assigned them to the company in lieu of stock. He had to work at various electrical repair jobs and even as a ditch digger for $2 per day. Tesla considered the winter of 1886/1887 as a time of ""terrible headaches and bitter tears."" During this time, he questioned the value of his education.

---

In 1882, Tesla began working for the Continental Edison Company in France, designing and making improvements to electrical equipment. In June 1884, he relocated to New York City:57–60 where he was hired by Thomas Edison to work at his Edison Machine Works on Manhattan's lower east side. Tesla's work for Edison began with simple electrical engineering and quickly progressed to solving more difficult problems.",0.6713,0.559,False,qwen2.5,I cannot find this information in the provided context.,3.0348,,0.5531,False,0.0941,hallucinated,0.0,"The question asks about Tesla's return in 1873, but the provided context does not contain any information regarding his whereabouts or return during that year."
3372:baseline:qwen2.5,3372,squad,43,baseline,What was happening to subscriber numbers in other areas of europe?,flattened,"BSkyB's direct-to-home satellite service became available in 10 million homes in 2010, Europe's first pay-TV platform in to achieve that milestone. Confirming it had reached its target, the broadcaster said its reach into 36% of households in the UK represented an audience of more than 25m people. The target was first announced in August 2004, since then an additional 2.4m customers had subscribed to BSkyB's direct-to-home service. Media commentators had debated whether the figure could be reached as the growth in subscriber numbers elsewhere in Europe flattened.

---

When Sky Digital was launched in 1998 the new service used the Astra 2A satellite which was located at the 28.5°E orbital position, unlike the analogue service which was broadcast from 19.2°E. This was subsequently followed by more Astra satellites as well as Eutelsat's Eurobird 1 (now Eutelsat 33C) at 28.5°E), enabled the company to launch a new all-digital service, Sky, with the potential to carry hundreds of television and radio channels. The old position was shared with broadcasters from several European countries, while the new position at 28.5°E came to be used almost exclusively for channels that broadcast to the United Kingdom.

---

It was not until January 1518 that friends of Luther translated the 95 Theses from Latin into German and printed and widely copied them, making the controversy one of the first in history to be aided by the printing press. Within two weeks, copies of the theses had spread throughout Germany; within two months, they had spread throughout Europe.",0.3344,-1.0,False,qwen2.5,The context states that the growth in subscriber numbers elsewhere in Europe had flattened since BSkyB's target was first announced in August 2004.,8.334,,0.5289,False,0.4391,hallucinated,1.0,The answer directly references the context where it is stated that the growth in subscriber numbers elsewhere in Europe had flattened since BSkyB's target was first announced in August 2004.
3373:hcpc_v1:qwen2.5,3373,squad,43,hcpc_v1,What was happening to subscriber numbers in other areas of europe?,flattened,". Media commentators had debated whether the figure could be reached as the growth in subscriber numbers elsewhere in Europe flattened.

---

. The old position was shared with broadcasters from several European countries, while the new position at 28.5°E came to be used almost exclusively for channels that broadcast to the United Kingdom.

---

. Within two weeks, copies of the theses had spread throughout Germany; within two months, they had spread throughout Europe.",0.4969,-1.0,False,qwen2.5,The growth in subscriber numbers elsewhere in Europe flattened.,2.2948,,0.4894,True,0.1506,hallucinated,1.0,The answer directly quotes the context.
3374:hcpc_v2:qwen2.5,3374,squad,43,hcpc_v2,What was happening to subscriber numbers in other areas of europe?,flattened,"BSkyB's direct-to-home satellite service became available in 10 million homes in 2010, Europe's first pay-TV platform in to achieve that milestone. Confirming it had reached its target, the broadcaster said its reach into 36% of households in the UK represented an audience of more than 25m people. The target was first announced in August 2004, since then an additional 2.4m customers had subscribed to BSkyB's direct-to-home service. Media commentators had debated whether the figure could be reached as the growth in subscriber numbers elsewhere in Europe flattened.

---

When Sky Digital was launched in 1998 the new service used the Astra 2A satellite which was located at the 28.5°E orbital position, unlike the analogue service which was broadcast from 19.2°E. This was subsequently followed by more Astra satellites as well as Eutelsat's Eurobird 1 (now Eutelsat 33C) at 28.5°E), enabled the company to launch a new all-digital service, Sky, with the potential to carry hundreds of television and radio channels. The old position was shared with broadcasters from several European countries, while the new position at 28.5°E came to be used almost exclusively for channels that broadcast to the United Kingdom.

---

It was not until January 1518 that friends of Luther translated the 95 Theses from Latin into German and printed and widely copied them, making the controversy one of the first in history to be aided by the printing press . Within two weeks, copies of the theses had spread throughout Germany; within two months, they had spread throughout Europe.",0.3344,0.0259,True,qwen2.5,The context states that the growth in subscriber numbers elsewhere in Europe had flattened since BSkyB's target was first announced in August 2004.,6.4188,,0.5289,False,0.4391,hallucinated,1.0,The answer directly references the context where it is stated that the growth in subscriber numbers elsewhere in Europe had flattened since BSkyB's target was first announced in August 2004.
3393:baseline:qwen2.5,3393,squad,43,baseline,What type of system takes students from one specialist to another for each subject?,platoon,"This is true throughout most of the United States as well. However, alternative approaches for primary education do exist. One of these, sometimes referred to as a ""platoon"" system, involves placing a group of students together in one class that moves from one specialist to another for every subject. The advantage here is that students learn from teachers who specialize in one subject and who tend to be more knowledgeable in that one area than a teacher who teaches many subjects. Students still derive a strong sense of security by staying with the same group of peers for all classes.

---

The objective is typically a course of study, lesson plan, or a practical skill. A teacher may follow standardized curricula as determined by the relevant authority. The teacher may interact with students of different ages, from infants to adults, students with different abilities and students with learning disabilities.

---

Teaching may be carried out informally, within the family, which is called homeschooling, or in the wider community. Formal teaching may be carried out by paid professionals. Such professionals enjoy a status in some societies on a par with physicians, lawyers, engineers, and accountants (Chartered or CPA).",0.5079,-1.0,False,qwen2.5,"The type of system that takes students from one specialist to another for each subject is sometimes referred to as a ""platoon"" system.",5.0677,,0.5862,False,0.4104,hallucinated,1.0,The answer directly references the 'platoon' system mentioned in the context.
3394:hcpc_v1:qwen2.5,3394,squad,43,hcpc_v1,What type of system takes students from one specialist to another for each subject?,platoon,". One of these, sometimes referred to as a ""platoon"" system, involves placing a group of students together in one class that moves from one specialist to another for every subject

---

The objective is typically a course of study, lesson plan, or a practical skill. A teacher may follow standardized curricula as determined by the relevant authority

---

. Such professionals enjoy a status in some societies on a par with physicians, lawyers, engineers, and accountants (Chartered or CPA).",0.5339,-1.0,False,qwen2.5,"One of these, sometimes referred to as a ""platoon"" system, involves placing a group of students together in one class that moves from one specialist to another for every subject.",4.5421,,0.6054,False,0.4475,hallucinated,1.0,The answer directly repeats the information provided in the context.
3395:hcpc_v2:qwen2.5,3395,squad,43,hcpc_v2,What type of system takes students from one specialist to another for each subject?,platoon,"This is true throughout most of the United States as well. However, alternative approaches for primary education do exist. One of these, sometimes referred to as a ""platoon"" system, involves placing a group of students together in one class that moves from one specialist to another for every subject. The advantage here is that students learn from teachers who specialize in one subject and who tend to be more knowledgeable in that one area than a teacher who teaches many subjects. Students still derive a strong sense of security by staying with the same group of peers for all classes.

---

The objective is typically a course of study, lesson plan, or a practical skill. A teacher may follow standardized curricula as determined by the relevant authority. The teacher may interact with students of different ages, from infants to adults, students with different abilities and students with learning disabilities.

---

Teaching may be carried out informally, within the family, which is called homeschooling, or in the wider community. Formal teaching may be carried out by paid professionals . Such professionals enjoy a status in some societies on a par with physicians, lawyers, engineers, and accountants (Chartered or CPA).",0.5079,0.4374,True,qwen2.5,"The type of system that takes students from one specialist to another for each subject is sometimes referred to as a ""platoon"" system.",5.0535,,0.5862,False,0.4104,hallucinated,1.0,The answer directly references the 'platoon' system mentioned in the context.
3537:baseline:qwen2.5,3537,squad,43,baseline,Point Conception is an example of a landmark among what boundary of southern California?,northern,"""Southern California"" is not a formal geographic designation, and definitions of what constitutes southern California vary. Geographically, California's north-south midway point lies at exactly 37° 9' 58.23"" latitude, around 11 miles (18 km) south of San Jose; however, this does not coincide with popular use of the term. When the state is divided into two areas (northern and southern California), the term ""southern California"" usually refers to the ten southern-most counties of the state. This definition coincides neatly with the county lines at 35° 47′ 28″ north latitude, which form the northern borders of San Luis Obispo, Kern, and San Bernardino counties. Another definition for southern California uses Point Conception and the Tehachapi Mountains as the northern boundary.

---

Southern California consists of one of the more varied collections of geologic, topographic, and natural ecosystem landscapes in a diversity outnumbering other major regions in the state and country. The region spans from Pacific Ocean islands, shorelines, beaches, and coastal plains, through the Transverse and Peninsular Ranges with their peaks, into the large and small interior valleys, to the vast deserts of California.

---

The state is most commonly divided and promoted by its regional tourism groups as consisting of northern, central, and southern California regions. The two AAA Auto Clubs of the state, the California State Automobile Association and the Automobile Club of Southern California, choose to simplify matters by dividing the state along the lines where their jurisdictions for membership apply, as either northern or southern California, in contrast to the three-region point of view. Another influence is the geographical phrase South of the Tehachapis, which would split the southern region off at the crest of that transverse range, but in that definition, the desert portions of north Los Angeles County and eastern Kern and San Bernardino Counties would be included in the southern California region due to their remoteness from the central valley and interior desert landscape.",0.532,-1.0,False,qwen2.5,"Point Conception is an example of a landmark among the northern boundary of southern California, according to one definition provided in the context.",6.9962,,0.6806,False,0.2881,hallucinated,1.0,The answer directly supports the question by citing the specific definition from the context that identifies Point Conception as a landmark among the northern boundary of southern California.
3538:hcpc_v1:qwen2.5,3538,squad,43,hcpc_v1,Point Conception is an example of a landmark among what boundary of southern California?,northern,". Another definition for southern California uses Point Conception and the Tehachapi Mountains as the northern boundary.

---

. The region spans from Pacific Ocean islands, shorelines, beaches, and coastal plains, through the Transverse and Peninsular Ranges with their peaks, into the large and small interior valleys, to the vast deserts of California.

---

for membership apply, as either northern or southern California, in contrast to the three-region point of view",0.6517,-1.0,False,qwen2.5,Point Conception is an example of a landmark among the northern boundary of southern California.,2.8825,,0.5887,False,0.4506,hallucinated,1.0,The answer directly repeats the information provided in the context that Point Conception and the Tehachapi Mountains are used as the northern boundary of southern California.
3539:hcpc_v2:qwen2.5,3539,squad,43,hcpc_v2,Point Conception is an example of a landmark among what boundary of southern California?,northern,"""Southern California"" is not a formal geographic designation, and definitions of what constitutes southern California vary. Geographically, California's north-south midway point lies at exactly 37° 9' 58.23"" latitude, around 11 miles (18 km) south of San Jose; however, this does not coincide with popular use of the term. When the state is divided into two areas (northern and southern California), the term ""southern California"" usually refers to the ten southern-most counties of the state. This definition coincides neatly with the county lines at 35° 47′ 28″ north latitude, which form the northern borders of San Luis Obispo, Kern, and San Bernardino counties. Another definition for southern California uses Point Conception and the Tehachapi Mountains as the northern boundary.

---

Southern California consists of one of the more varied collections of geologic, topographic, and natural ecosystem landscapes in a diversity outnumbering other major regions in the state and country. The region spans from Pacific Ocean islands, shorelines, beaches, and coastal plains, through the Transverse and Peninsular Ranges with their peaks, into the large and small interior valleys, to the vast deserts of California.

---

The state is most commonly divided and promoted by its regional tourism groups as consisting of northern, central, and southern California regions . The two AAA Auto Clubs of the state, the California State Automobile Association and the Automobile Club of Southern California, choose to simplify matters by dividing the state along the lines where their jurisdictions for membership apply, as either for membership apply, as either northern or southern California, in contrast to the three-region point of view . Another influence is the geographical phrase South of the Tehachapis, which would split the southern region off at the crest of that transverse range, but in that definition, the desert portions of north Los Angeles County and eastern Kern and San County and eastern Kern and San Bernardino Counties would be included in the southern California region due to their remoteness from the central valley and interior desert landscape.",0.5161,0.6419,True,qwen2.5,Point Conception is an example of a landmark among the northern boundary of southern California as defined by another of its descriptions.,6.853,,0.7887,False,0.4639,hallucinated,1.0,The answer directly references the context which states that Point Conception and the Tehachapi Mountains are used as the northern boundary for one definition of southern California.
3561:baseline:qwen2.5,3561,squad,43,baseline,Which fault can produce a magnitude earthquake of 8.0?,San Andreas,"Many faults are able to produce a magnitude 6.7+ earthquake, such as the San Andreas Fault, which can produce a magnitude 8.0 event. Other faults include the San Jacinto Fault, the Puente Hills Fault, and the Elsinore Fault Zone. The USGS has released a California Earthquake forecast which models Earthquake occurrence in California.

---

Each year, the southern California area has about 10,000 earthquakes. Nearly all of them are so small that they are not felt. Only several hundred are greater than magnitude 3.0, and only about 15–20 are greater than magnitude 4.0. The magnitude 6.7 1994 Northridge earthquake was particularly destructive, causing a substantial number of deaths, injuries, and structural collapses. It caused the most property damage of any earthquake in U.S. history, estimated at over $20 billion.

---

Tesla invented a steam-powered mechanical oscillator—Tesla's oscillator. While experimenting with mechanical oscillators at his Houston Street lab, Tesla allegedly generated a resonance of several buildings. As the speed grew, it is said that the machine oscillated at the resonance frequency of his own building and, belatedly realizing the danger, he was forced to use a sledge hammer to terminate the experiment, just as the police arrived.:162–164 In February 1912, an article—""Nikola Tesla, Dreamer"" by Allan L. Benson—was published in World Today, in which an artist's illustration appears showing the entire earth cracking in half with the caption, ""Tesla claims that in a few weeks he could set the earth's crust into such a state of vibration that it would rise and fall hundreds of feet and practically destroy civilization. A continuation of this process would, he says, eventually split the earth in two.""",0.4557,-1.0,False,qwen2.5,The San Andreas Fault can produce a magnitude 8.0 earthquake.,5.2143,,0.3399,True,0.4444,hallucinated,1.0,The answer is directly supported by the context as it mentions the San Andreas Fault's ability to produce a magnitude 8.0 event.
3562:hcpc_v1:qwen2.5,3562,squad,43,hcpc_v1,Which fault can produce a magnitude earthquake of 8.0?,San Andreas,"Many faults are able to produce a magnitude 6.7+ earthquake, such as the San Andreas Fault, which can produce a magnitude 8.0 event. Other faults include the San Jacinto Fault, the Puente Hills Fault, and the Elsinore Fault Zone

---

. The magnitude 6.7 1994 Northridge earthquake was particularly destructive, causing a substantial number of deaths, injuries, and structural collapses. It caused the most property damage of any earthquake in U.S. history, estimated at over $20 billion.

---

of vibration that it would rise and fall hundreds of feet and practically destroy civilization",0.5479,-1.0,False,qwen2.5,The San Andreas Fault can produce a magnitude 8.0 event.,2.5835,,0.3523,True,0.4542,hallucinated,1.0,The answer directly quotes the context that states the San Andreas Fault is capable of producing a magnitude 8.0 earthquake.
3563:hcpc_v2:qwen2.5,3563,squad,43,hcpc_v2,Which fault can produce a magnitude earthquake of 8.0?,San Andreas,"Many faults are able to produce a magnitude 6.7+ earthquake, such as the San Andreas Fault, which can produce a magnitude 8.0 event. Other faults include the San Jacinto Fault, the Puente Hills Fault, and the Elsinore Fault Zone. The USGS has released a California Earthquake forecast which models Earthquake occurrence in California.

---

Each year, the southern California area has about 10,000 earthquakes. Nearly all of them are so small that they are not felt. Only several hundred are greater than magnitude 3.0, and only about 15–20 are greater than magnitude 4.0. The magnitude 6.7 1994 Northridge earthquake was particularly destructive, causing a substantial number of deaths, injuries, and structural collapses. It caused the most property damage of any earthquake in U.S. history, estimated at over $20 billion.

---

Tesla invented a steam-powered mechanical oscillator—Tesla's oscillator. While experimenting with mechanical oscillators at his Houston Street lab, Tesla allegedly generated a resonance of several buildings . As the speed grew, it is said that the machine oscillated at the resonance frequency of his own building and, belatedly realizing the danger, he was forced to use a sledge hammer to terminate the experiment, just as the police arrived.:162–164 In the police arrived.:162–164 In February 1912, an article—""Nikola Tesla, Dreamer"" by Allan L . Benson—was published in World Today, in which an artist's illustration appears showing the entire earth cracking in half with the caption, ""Tesla claims that in a few weeks he could set the earth's crust into such a state of vibration that it would rise of vibration that it would rise and fall hundreds of feet and practically destroy civilization . A continuation of this process would, he says, eventually split the earth in two.""",0.4604,0.2071,True,qwen2.5,The San Andreas Fault can produce a magnitude 8.0 earthquake.,4.8407,,0.3399,True,0.4444,hallucinated,1.0,The answer is directly supported by the context as it mentions the San Andreas Fault's ability to produce a magnitude 8.0 event.
3753:baseline:qwen2.5,3753,squad,43,baseline,Who did Tesla think would run the world of the future?,women,"Tesla made predictions about the relevant issues of a post-World War I environment in a printed article, ""Science and Discovery are the great Forces which will lead to the Consummation of the War"" (20 December 1914). Tesla believed that the League of Nations was not a remedy for the times and issues.[citation needed]

---

Tesla's legacy has endured in books, films, radio, TV, music, live theater, comics and video games. The impact of the technologies invented or envisioned by Tesla is a recurring theme in several types of science fiction.

---

In 1926, Tesla commented on the ills of the social subservience of women and the struggle of women toward gender equality, and indicated that humanity's future would be run by ""Queen Bees."" He believed that women would become the dominant sex in the future.",0.5921,-1.0,False,qwen2.5,"According to the provided context, Tesla believed that humanity's future would be run by ""Queen Bees,"" which he used as a metaphor for women who would become the dominant sex in the future.",5.7393,,0.7522,False,0.4972,hallucinated,1.0,The answer directly quotes Tesla's belief about who would run the world of the future as stated in the provided context.
3754:hcpc_v1:qwen2.5,3754,squad,43,hcpc_v1,Who did Tesla think would run the world of the future?,women,"Tesla made predictions about the relevant issues of a post-World War I environment in a printed article, ""Science and Discovery are the great Forces which will lead to the Consummation of the War"" (20 December 1914)

---

Tesla's legacy has endured in books, films, radio, TV, music, live theater, comics and video games. The impact of the technologies invented or envisioned by Tesla is a recurring theme in several types of science fiction.

---

In 1926, Tesla commented on the ills of the social subservience of women and the struggle of women toward gender equality, and indicated that humanity's future would be run by ""Queen Bees."" He believed that women would become the dominant sex in the",0.5591,-1.0,False,qwen2.5,"According to the provided context, Tesla believed that humanity's future would be run by ""Queen Bees,"" which he associated with women.",4.0096,,0.6016,False,0.4969,hallucinated,1.0,"The answer directly quotes the context where it is stated that Tesla believed humanity's future would be run by 'Queen Bees,' and this belief is associated with women in the provided context."
3755:hcpc_v2:qwen2.5,3755,squad,43,hcpc_v2,Who did Tesla think would run the world of the future?,women,"Tesla made predictions about the relevant issues of a post-World War I environment in a printed article, ""Science and Discovery are the great Forces which will lead to the Consummation of the War"" (20 December 1914). Tesla believed that the League of Nations was not a remedy for the times and issues.[citation needed]

---

Tesla's legacy has endured in books, films, radio, TV, music, live theater, comics and video games. The impact of the technologies invented or envisioned by Tesla is a recurring theme in several types of science fiction.

---

In 1926, Tesla commented on the ills of the social subservience of women and the struggle of women toward gender equality, and indicated that humanity's future would be run by ""Queen Bees."" He believed that women would become the dominant sex in the future.",0.5921,0.4939,False,qwen2.5,"According to the provided context, Tesla believed that humanity's future would be run by ""Queen Bees,"" which he used as a metaphor for women who would become the dominant sex in the future.",5.8269,,0.7522,False,0.4972,hallucinated,1.0,The answer directly quotes Tesla's belief about who would run the world of the future as stated in the provided context.
3774:baseline:qwen2.5,3774,squad,43,baseline,"What is the name of the Bronco's head coach, who was hired after John Fox? ",Gary Kubiak,"With Rivera having been a linebacker with the Chicago Bears in Super Bowl XX, and Kubiak replacing Elway at the end of the Broncos' defeats in Super Bowls XXI and XXIV, this will be the first Super Bowl in which both head coaches played in the game themselves.

---

Following their loss in the divisional round of the previous season's playoffs, the Denver Broncos underwent numerous coaching changes, including a mutual parting with head coach John Fox (who had won four divisional championships in his four years as Broncos head coach), and the hiring of Gary Kubiak as the new head coach. Under Kubiak, the Broncos planned to install a run-oriented offense with zone blocking to blend in with quarterback Peyton Manning's shotgun passing skills, but struggled with numerous changes and injuries to the offensive line, as well as Manning having his worst statistical season since his rookie year with the Indianapolis Colts in 1998, due to a plantar fasciitis injury in his heel that he had suffered since the summer, and the simple fact that Manning was getting old, as he turned 39 in the 2015 off-season. Although the team had a 7–0 start, Manning led the NFL in interceptions. In week 10, Manning suffered a partial tear of the plantar fasciitis in his left foot

---

On December 28, 2015, ESPN Deportes announced that they had reached an agreement with CBS and the NFL to be the exclusive Spanish-language broadcaster of the game, marking the third dedicated Spanish-language broadcast of the Super Bowl. Unlike NBC and Fox, CBS does not have a Spanish-language outlet of its own that could broadcast the game (though per league policy, a separate Spanish play-by-play call was carried on CBS's second audio program channel for over-the-air viewers). The game was called by ESPN Deportes' Monday Night Football commentary crew of Alvaro Martin and Raul Allegre, and sideline reporter John Sutcliffe. ESPN Deportes broadcast pre-game and post-game coverage, while Martin, Allegre, and Sutcliffe contributed English-language reports for ESPN's SportsCenter and Mike & Mike.",0.5265,-1.0,False,qwen2.5,The name of the Broncos' head coach who was hired after John Fox is Gary Kubiak.,6.6593,,0.7949,False,0.3986,hallucinated,1.0,"The answer directly states the name of the coach hired after John Fox, which is supported by the context."
3775:hcpc_v1:qwen2.5,3775,squad,43,hcpc_v1,"What is the name of the Bronco's head coach, who was hired after John Fox? ",Gary Kubiak,"With Rivera having been a linebacker with the Chicago Bears in Super Bowl XX, and Kubiak replacing Elway at the end of the Broncos' defeats in Super Bowls XXI and XXIV, this will be the first Super Bowl in which both head coaches played in the game

---

Following their loss in the divisional round of the previous season's playoffs, the Denver Broncos underwent numerous coaching changes, including a mutual parting with head coach John Fox (who had won four divisional championships in his four years as

---

On December 28, 2015, ESPN Deportes announced that they had reached an agreement with CBS and the NFL to be the exclusive Spanish-language broadcaster of the game, marking the third dedicated Spanish-language broadcast of the Super Bowl",0.5244,-1.0,False,qwen2.5,I cannot find this information in the provided context.,2.6599,,0.5531,False,0.0941,hallucinated,0.0,"The question asks for the name of the Bronco's head coach hired after John Fox, but the provided context does not contain any information about who that coach is."
3776:hcpc_v2:qwen2.5,3776,squad,43,hcpc_v2,"What is the name of the Bronco's head coach, who was hired after John Fox? ",Gary Kubiak,"With Rivera having been a linebacker with the Chicago Bears in Super Bowl XX, and Kubiak replacing Elway at the end of the Broncos' defeats in Super Bowls XXI and XXIV, this will be the first Super Bowl in which both head coaches played in the game themselves.

---

Following their loss in the divisional round of the previous season's playoffs, the Denver Broncos underwent numerous coaching changes, including a mutual parting with head coach John Fox (who had won four divisional championships in his four years as Broncos head coach), and the hiring of Gary Kubiak as the new head coach. Under Kubiak, the Broncos planned to install a run-oriented offense with zone blocking to blend in with quarterback Peyton Manning's shotgun passing skills, but struggled with numerous changes and injuries to the offensive line, as well as Manning having his worst statistical season since his rookie year with the Indianapolis Colts in 1998, due to a plantar fasciitis injury in his heel that he had suffered since the summer, and the simple fact that Manning was getting old, as he turned 39 in the 2015 off-season. Although the team had a 7–0 start, Manning led the NFL in interceptions. In week 10, Manning suffered a partial tear of the plantar fasciitis in his left foot

---

On December 28, 2015, ESPN Deportes announced that they had reached an agreement with CBS and the NFL to be the exclusive Spanish-language broadcaster of the game, marking the third dedicated Spanish-language broadcast of the Super Bowl . Unlike NBC and Fox, CBS does not have a Spanish-language outlet of its own that could broadcast the game (though per league policy, a separate Spanish play-by-play call was carried on CBS's second audio program channel for over-the-air viewers) . The game was called by ESPN Deportes' Monday Night Football commentary crew of Alvaro Martin and Raul Allegre, and sideline reporter John Sutcliffe . ESPN Deportes broadcast pre-game and post-game coverage, while Martin, Allegre, and Sutcliffe contributed English-language reports for ESPN's SportsCenter and Mike & Mike.",0.5265,0.2486,True,qwen2.5,The name of the Broncos' head coach who was hired after John Fox is Gary Kubiak.,6.7872,,0.7949,False,0.3986,hallucinated,1.0,"The answer directly states the name of the coach hired after John Fox, which is supported by the context."
3792:baseline:qwen2.5,3792,squad,43,baseline,"When did Luther's writings to spread to France, England and Italy?",1519,"Luther's writings circulated widely, reaching France, England, and Italy as early as 1519. Students thronged to Wittenberg to hear Luther speak. He published a short commentary on Galatians and his Work on the Psalms. This early part of Luther's career was one of his most creative and productive. Three of his best-known works were published in 1520: To the Christian Nobility of the German Nation, On the Babylonian Captivity of the Church, and On the Freedom of a Christian.

---

Luther's rediscovery of ""Christ and His salvation"" was the first of two points that became the foundation for the Reformation. His railing against the sale of indulgences was based on it.

---

A piece of paper was later found on which Luther had written his last statement. The statement was in Latin, apart from ""We are beggars,"" which was in German.",0.658,-1.0,False,qwen2.5,"Luther's writings circulated widely, reaching France, England, and Italy as early as 1519.",5.8722,,0.8024,False,0.4673,hallucinated,1.0,"The answer directly quotes the context stating that Luther's writings reached France, England, and Italy as early as 1519."
3793:hcpc_v1:qwen2.5,3793,squad,43,hcpc_v1,"When did Luther's writings to spread to France, England and Italy?",1519,"Luther's writings circulated widely, reaching France, England, and Italy as early as 1519. Students thronged to Wittenberg to hear Luther speak. He published a short commentary on Galatians and his Work on the Psalms

---

Luther's rediscovery of ""Christ and His salvation"" was the first of two points that became the foundation for the Reformation. His railing against the sale of indulgences was based on it.

---

A piece of paper was later found on which Luther had written his last statement. The statement was in Latin, apart from ""We are beggars,"" which was in German.",0.6712,-1.0,False,qwen2.5,"Luther's writings circulated widely, reaching France, England, and Italy as early as 1519.",3.4092,,0.8024,False,0.4673,hallucinated,1.0,The answer directly quotes the provided context.
3794:hcpc_v2:qwen2.5,3794,squad,43,hcpc_v2,"When did Luther's writings to spread to France, England and Italy?",1519,"Luther's writings circulated widely, reaching France, England, and Italy as early as 1519. Students thronged to Wittenberg to hear Luther speak. He published a short commentary on Galatians and his Work on the Psalms. This early part of Luther's career was one of his most creative and productive. Three of his best-known works were published in 1520: To the Christian Nobility of the German Nation, On the Babylonian Captivity of the Church, and On the Freedom of a Christian.

---

Luther's rediscovery of ""Christ and His salvation"" was the first of two points that became the foundation for the Reformation. His railing against the sale of indulgences was based on it.

---

A piece of paper was later found on which Luther had written his last statement. The statement was in Latin, apart from ""We are beggars,"" which was in German.",0.658,0.536,True,qwen2.5,"Luther's writings circulated widely, reaching France, England, and Italy as early as 1519.",3.9983,,0.8024,False,0.4673,hallucinated,1.0,"The answer directly quotes the context stating that Luther's writings reached France, England, and Italy as early as 1519."
3798:baseline:qwen2.5,3798,squad,43,baseline,When did this attempt take place?,1560,"According to scholars Walter Krämer, Götz Trenkler, Gerhard Ritter, and Gerhard Prause, the story of the posting on the door, even though it has settled as one of the pillars of history, has little foundation in truth. The story is based on comments made by Philipp Melanchthon, though it is thought that he was not in Wittenberg at the time.

---

. Cajetan's original instructions had been to arrest Luther if he failed to recant, but the legate desisted from doing so. Luther slipped out of the city at night, unbeknownst to Cajetan.

---

. It was publicly exhibited in a glass case at the Nuremberg rallies and quoted in a 54-page explanation of the Aryan Law by Dr. E.H. Schulz and Dr. R. Frercks.",0.3481,-1.0,False,qwen2.5,I cannot find this information in the provided context. The given context does not specify when any particular event took place.,4.6715,,0.6964,False,0.1278,hallucinated,0.0,"The question asks for the date of an attempt, but the provided context does not contain any information about the date of any attempt."
3799:hcpc_v1:qwen2.5,3799,squad,43,hcpc_v1,When did this attempt take place?,1560,". The story is based on comments made by Philipp Melanchthon, though it is thought that he was not in Wittenberg at the time.

---

. Cajetan's original instructions had been to arrest Luther if he failed to recant, but the legate desisted from doing so. Luther slipped out of the city at night, unbeknownst to Cajetan.

---

. It was publicly exhibited in a glass case at the Nuremberg rallies and quoted in a 54-page explanation of the Aryan Law by Dr. E.H. Schulz and Dr. R. Frercks.",0.3461,-1.0,False,qwen2.5,I cannot find this information in the provided context.,2.5937,,0.5531,False,0.0941,hallucinated,0.0,"The question asks for the date of an attempt, but the provided context does not contain any information about when the attempt took place."
3800:hcpc_v2:qwen2.5,3800,squad,43,hcpc_v2,When did this attempt take place?,1560,"According to scholars Walter Krämer, Götz Trenkler, Gerhard Ritter, and Gerhard Prause, the story of the posting on the door, even though it has settled as one of the pillars of history, has little foundation in truth. The story is based on comments made by Philipp Melanchthon, though it is thought that he was not in Wittenberg at the time.

---

. Cajetan's original instructions had been to arrest Luther if he failed to recant, but the legate desisted from doing so. Luther slipped out of the city at night, unbeknownst to Cajetan.

---

. It was publicly exhibited in a glass case at the Nuremberg rallies and quoted in a 54-page explanation of the Aryan Law by Dr. E.H. Schulz and Dr. R. Frercks.",0.3481,0.1139,True,qwen2.5,I cannot find this information in the provided context. The given context does not specify when any particular event took place.,3.9948,,0.6964,False,0.1278,hallucinated,0.0,"The question asks for the date of an attempt, but the provided context does not contain any information about the date of any attempt."
3819:baseline:qwen2.5,3819,squad,43,baseline,What year did Levi's Stadium become fully approved to host Super Bowl 50?,2013,"On May 21, 2013, NFL owners at their spring meetings in Boston voted and awarded the game to Levi's Stadium. The $1.2 billion stadium opened in 2014. It is the first Super Bowl held in the San Francisco Bay Area since Super Bowl XIX in 1985, and the first in California since Super Bowl XXXVII took place in San Diego in 2003.

---

Super Bowl 50 was an American football game to determine the champion of the National Football League (NFL) for the 2015 season. The American Football Conference (AFC) champion Denver Broncos defeated the National Football Conference (NFC) champion Carolina Panthers 24–10 to earn their third Super Bowl title. The game was played on February 7, 2016, at Levi's Stadium in the San Francisco Bay Area at Santa Clara, California. As this was the 50th Super Bowl, the league emphasized the ""golden anniversary"" with various gold-themed initiatives, as well as temporarily suspending the tradition of naming each Super Bowl game with Roman numerals (under which the game would have been known as ""Super Bowl L""), so that the logo could prominently feature the Arabic numerals 50.

---

The league announced on October 16, 2012, that the two finalists were Sun Life Stadium and Levi's Stadium. The South Florida/Miami area has previously hosted the event 10 times (tied for most with New Orleans), with the most recent one being Super Bowl XLIV in 2010. The San Francisco Bay Area last hosted in 1985 (Super Bowl XIX), held at Stanford Stadium in Stanford, California, won by the home team 49ers. The Miami bid depended on whether the stadium underwent renovations. However, on May 3, 2013, the Florida legislature refused to approve the funding plan to pay for the renovations, dealing a significant blow to Miami's chances.",0.6606,-1.0,False,qwen2.5,"I cannot find this information in the provided context. The context mentions that Levi's Stadium was awarded the game and opened in 2014, but it does not specify when the stadium became fully approved to host Super Bowl 50.",8.8733,,0.4709,True,0.138,hallucinated,0.0,The provided context does not contain information about when Levi's Stadium was fully approved to host Super Bowl 50.
3820:hcpc_v1:qwen2.5,3820,squad,43,hcpc_v1,What year did Levi's Stadium become fully approved to host Super Bowl 50?,2013,"On May 21, 2013, NFL owners at their spring meetings in Boston voted and awarded the game to Levi's Stadium. The $1.2 billion stadium opened in 2014. It is the first Super Bowl held in the San Francisco Bay Area since Super Bowl XIX in 1985, and the first in California since Super Bowl XXXVII took place in San Diego in 2003.

---

. The game was played on February 7, 2016, at Levi's Stadium in the San Francisco Bay Area at Santa Clara, California

---

. The San Francisco Bay Area last hosted in 1985 (Super Bowl XIX), held at Stanford Stadium in Stanford, California, won by the home team 49ers. The Miami bid depended on whether the stadium underwent renovations",0.6656,-1.0,False,qwen2.5,I cannot find this information in the provided context.,2.3177,,0.5531,False,0.0941,hallucinated,0.0,The answer does not provide any factual claim that is directly supported by the context.
3821:hcpc_v2:qwen2.5,3821,squad,43,hcpc_v2,What year did Levi's Stadium become fully approved to host Super Bowl 50?,2013,"On May 21, 2013, NFL owners at their spring meetings in Boston voted and awarded the game to Levi's Stadium. The $1.2 billion stadium opened in 2014. It is the first Super Bowl held in the San Francisco Bay Area since Super Bowl XIX in 1985, and the first in California since Super Bowl XXXVII took place in San Diego in 2003.

---

Super Bowl 50 was an American football game to determine the champion of the National Football League (NFL) for the 2015 season. The American Football Conference (AFC) champion Denver Broncos defeated the National Football Conference (NFC) champion Carolina Panthers 24–10 to earn their third Super Bowl title. The game was played on February 7, 2016, at Levi's Stadium in the San Francisco Bay Area at Santa Clara, California. As this was the 50th Super Bowl, the league emphasized the ""golden anniversary"" with various gold-themed initiatives, as well as temporarily suspending the tradition of naming each Super Bowl game with Roman numerals (under which the game would have been known as ""Super Bowl L""), so that the logo could prominently feature the Arabic numerals 50.

---

The league announced on October 16, 2012, that the two finalists were Sun Life Stadium and Levi's Stadium. The South Florida/Miami area has previously hosted the event 10 times (tied for most with New Orleans), with the most recent one being Super Bowl XLIV in 2010. The San Francisco Bay Area last hosted in 1985 (Super Bowl XIX), held at Stanford Stadium in Stanford, California, won by the home team 49ers. The Miami bid depended on whether the stadium underwent renovations. However, on May 3, 2013, the Florida legislature refused to approve the funding plan to pay for the renovations, dealing a significant blow to Miami's chances.",0.6606,0.6083,False,qwen2.5,"I cannot find this information in the provided context. The context mentions that Levi's Stadium was awarded the game and opened in 2014, but it does not specify when the stadium became fully approved to host Super Bowl 50.",8.4365,,0.4709,True,0.138,hallucinated,0.0,The provided context does not contain information about when Levi's Stadium was fully approved to host Super Bowl 50.
3849:baseline:qwen2.5,3849,squad,43,baseline,What did Virgin Media concentrate on instead of offering linear channels?,Video On Demand,"Virgin Media (re-branded in 2007 from NTL:Telewest) started to offer a high-definition television (HDTV) capable set top box, although from 30 November 2006 until 30 July 2009 it only carried one linear HD channel, BBC HD, after the conclusion of the ITV HD trial. Virgin Media has claimed that other HD channels were ""locked up"" or otherwise withheld from their platform, although Virgin Media did in fact have an option to carry Channel 4 HD in the future. Nonetheless, the linear channels were not offered, Virgin Media instead concentrating on its Video On Demand service to carry a modest selection of HD content. Virgin Media has nevertheless made a number of statements over the years, suggesting that more linear HD channels are on the way.

---

In 2007, BSkyB and Virgin Media became involved in a dispute over the carriage of Sky channels on cable TV. The failure to renew the existing carriage agreements negotiated with NTL and Telewest resulted in Virgin Media removing the basic channels from the network on 1 March 2007. Virgin Media claimed that BSkyB had substantially increased the asking price for the channels, a claim which BSkyB denied, on the basis that their new deal offered ""substantially more value"" by including HD channels and Video On Demand content which was not previously carried by cable.

---

The agreements include fixed annual carriage fees of £30m for the channels with both channel suppliers able to secure additional capped payments if their channels meet certain performance-related targets. Currently there is no indication as to whether the new deal includes the additional Video On Demand and High Definition content which had previously been offered by BSkyB. As part of the agreements, both BSkyB and Virgin Media agreed to terminate all High Court proceedings against each other relating to the carriage of their respective basic channels.",0.5545,-1.0,False,qwen2.5,Virgin Media concentrated on its Video On Demand service to carry a modest selection of HD content instead of offering linear channels.,6.2963,,0.5661,False,0.2657,hallucinated,1.0,The answer directly matches the information provided in the context that Virgin Media focused on their Video On Demand service for HD content instead of offering linear channels.
3850:hcpc_v1:qwen2.5,3850,squad,43,hcpc_v1,What did Virgin Media concentrate on instead of offering linear channels?,Video On Demand,". Nonetheless, the linear channels were not offered, Virgin Media instead concentrating on its Video On Demand service to carry a modest selection of HD content

---

. The failure to renew the existing carriage agreements negotiated with NTL and Telewest resulted in Virgin Media removing the basic channels from the network on 1 March 2007

---

. As part of the agreements, both BSkyB and Virgin Media agreed to terminate all High Court proceedings against each other relating to the carriage of their respective basic channels.",0.6412,-1.0,False,qwen2.5,Virgin Media concentrated on its Video On Demand service to carry a modest selection of HD content instead of offering linear channels.,3.9293,,0.5661,False,0.2657,hallucinated,1.0,The answer directly quotes the provided context.
3851:hcpc_v2:qwen2.5,3851,squad,43,hcpc_v2,What did Virgin Media concentrate on instead of offering linear channels?,Video On Demand,"Virgin Media (re-branded in 2007 from NTL:Telewest) started to offer a high-definition television (HDTV) capable set top box, although from 30 November 2006 until 30 July 2009 it only carried one linear HD channel, BBC HD, after the conclusion of the ITV HD trial. Virgin Media has claimed that other HD channels were ""locked up"" or otherwise withheld from their platform, although Virgin Media did in fact have an option to carry Channel 4 HD in the future. Nonetheless, the linear channels were not offered, Virgin Media instead concentrating on its Video On Demand service to carry a modest selection of HD content. Virgin Media has nevertheless made a number of statements over the years, suggesting that more linear HD channels are on the way.

---

In 2007, BSkyB and Virgin Media became involved in a dispute over the carriage of Sky channels on cable TV. The failure to renew the existing carriage agreements negotiated with NTL and Telewest resulted in Virgin Media removing the basic channels from the network on 1 March 2007. Virgin Media claimed that BSkyB had substantially increased the asking price for the channels, a claim which BSkyB denied, on the basis that their new deal offered ""substantially more value"" by including HD channels and Video On Demand content which was not previously carried by cable.

---

The agreements include fixed annual carriage fees of £30m for the channels with both channel suppliers able to secure additional capped payments if their channels meet certain performance-related targets . Currently there is no indication as to whether the new deal includes the additional Video On Demand and High Definition content which had previously been offered by BSkyB . As part of the agreements, both BSkyB and Virgin Media agreed to terminate all High Court proceedings against each other relating to the carriage of their respective basic channels.",0.5553,0.5857,True,qwen2.5,Virgin Media concentrated on its Video On Demand service to carry a modest selection of HD content instead of offering linear channels.,6.1686,,0.5661,False,0.2657,hallucinated,1.0,The answer directly matches the information provided in the context that Virgin Media focused on their Video On Demand service for HD content instead of offering linear channels.
3864:baseline:qwen2.5,3864,squad,43,baseline,When did the first French language bible appear?,Around 1294,"The availability of the Bible in vernacular languages was important to the spread of the Protestant movement and development of the Reformed church in France. The country had a long history of struggles with the papacy by the time the Protestant Reformation finally arrived. Around 1294, a French version of the Scriptures was prepared by the Roman Catholic priest, Guyard de Moulin. A two-volume illustrated folio paraphrase version based on his manuscript, by Jean de Rély, was printed in Paris in 1487.

---

Other predecessors of the Reformed church included the pro-reform and Gallican Roman Catholics, such as Jacques Lefevre (c. 1455–1536). The Gallicans briefly achieved independence for the French church, on the principle that the religion of France could not be controlled by the Bishop of Rome, a foreign power. During the Protestant Reformation, Lefevre, a professor at the University of Paris, published his French translation of the New Testament in 1523, followed by the whole Bible in the French language in 1530. William Farel was a student of Lefevre who went on to become a leader of the Swiss Reformation, establishing a Protestant government in Geneva. Jean Cauvin (John Calvin), another student at the University of Paris, also converted to Protestantism. Long after the sect was suppressed by Francis I, the remaining French Waldensians, then mostly in the Luberon region, sought to join William Farel, Calvin and the Reformation, and Olivetan published a French Bible for them

---

Published at a time of rising demand for German-language publications, Luther's version quickly became a popular and influential Bible translation. As such, it made a significant contribution to the evolution of the German language and literature. Furnished with notes and prefaces by Luther, and with woodcuts by Lucas Cranach that contained anti-papal imagery, it played a major role in the spread of Luther's doctrine throughout Germany. The Luther Bible influenced other vernacular translations, such as William Tyndale's English Bible (1525 forward), a precursor of the King James Bible.",0.4798,-1.0,False,qwen2.5,"The first French language Bible appeared in 1530, according to the provided context. This information is derived from the statement that ""Lefevre, a professor at the University of Paris, published his French translation of the New Testament in 1523, followed by the whole Bible in the French language in 1530.""",11.1076,,0.6628,False,0.4684,hallucinated,1.0,The answer directly quotes the provided context stating that Jacques Lefevre published the whole Bible in French in 1530.
3865:hcpc_v1:qwen2.5,3865,squad,43,hcpc_v1,When did the first French language bible appear?,Around 1294,"The availability of the Bible in vernacular languages was important to the spread of the Protestant movement and development of the Reformed church in France

---

. During the Protestant Reformation, Lefevre, a professor at the University of Paris, published his French translation of the New Testament in 1523, followed by the whole Bible in the French language in 1530

---

. The Luther Bible influenced other vernacular translations, such as William Tyndale's English Bible (1525 forward), a precursor of the King James Bible.",0.5571,-1.0,False,qwen2.5,The first French language Bible appeared in 1530 when Lefevre published the whole Bible in the French language.,3.5696,,0.8015,False,0.4419,hallucinated,1.0,The answer directly quotes the context that states 'Lefevre published the whole Bible in the French language in 1530'
3866:hcpc_v2:qwen2.5,3866,squad,43,hcpc_v2,When did the first French language bible appear?,Around 1294,"The availability of the Bible in vernacular languages was important to the spread of the Protestant movement and development of the Reformed church in France. The country had a long history of struggles with the papacy by the time the Protestant Reformation finally arrived. Around 1294, a French version of the Scriptures was prepared by the Roman Catholic priest, Guyard de Moulin. A two-volume illustrated folio paraphrase version based on his manuscript, by Jean de Rély, was printed in Paris in 1487.

---

Other predecessors of the Reformed church included the pro-reform and Gallican Roman Catholics, such as Jacques Lefevre (c. 1455–1536). The Gallicans briefly achieved independence for the French church, on the principle that the religion of France could not be controlled by the Bishop of Rome, a foreign power. During the Protestant Reformation, Lefevre, a professor at the University of Paris, published his French translation of the New Testament in 1523, followed by the whole Bible in the French language in 1530. William Farel was a student of Lefevre who went on to become a leader of the Swiss Reformation, establishing a Protestant government in Geneva. Jean Cauvin (John Calvin), another student at the University of Paris, also converted to Protestantism. Long after the sect was suppressed by Francis I, the remaining French Waldensians, then mostly in the Luberon region, sought to join William Farel, Calvin and the Reformation, and Olivetan published a French Bible for them

---

Published at a time of rising demand for German-language publications, Luther's version quickly became a popular and influential Bible translation. As such, it made a significant contribution to the evolution of the German language and literature . Furnished with notes and prefaces by Luther, and with woodcuts by Lucas Cranach that contained anti-papal imagery, it played a major role in the spread of Luther's doctrine throughout Germany . The Luther Bible influenced other vernacular translations, such as William Tyndale's English Bible (1525 forward), a precursor of the King James Bible.",0.4783,0.4632,True,qwen2.5,"The first French language Bible appeared in 1530, according to the provided context. This information is derived from the statement that ""Lefevre, a professor at the University of Paris, published his French translation of the New Testament in 1523, followed by the whole Bible in the French language in 1530.""",11.1703,,0.6628,False,0.4684,hallucinated,1.0,The answer directly quotes the provided context stating that Jacques Lefevre published the whole Bible in French in 1530.
3879:baseline:qwen2.5,3879,squad,43,baseline,What is a particular problem in biology that would benefit from determining that P = NP?,protein structure prediction,"The question of whether P equals NP is one of the most important open questions in theoretical computer science because of the wide implications of a solution. If the answer is yes, many important problems can be shown to have more efficient solutions. These include various types of integer programming problems in operations research, many problems in logistics, protein structure prediction in biology, and the ability to find formal proofs of pure mathematics theorems. The P versus NP problem is one of the Millennium Prize Problems proposed by the Clay Mathematics Institute. There is a US$1,000,000 prize for resolving the problem.

---

This motivates the concept of a problem being hard for a complexity class. A problem X is hard for a class of problems C if every problem in C can be reduced to X. Thus no problem in C is harder than X, since an algorithm for X allows us to solve any problem in C. Of course, the notion of hard problems depends on the type of reduction being used. For complexity classes larger than P, polynomial-time reductions are commonly used. In particular, the set of problems that are hard for NP is the set of NP-hard problems.

---

If a problem X is in C and hard for C, then X is said to be complete for C. This means that X is the hardest problem in C. (Since many problems could be equally hard, one might say that X is one of the hardest problems in C.) Thus the class of NP-complete problems contains the most difficult problems in NP, in the sense that they are the ones most likely not to be in P. Because the problem P = NP is not solved, being able to reduce a known NP-complete problem, Π2, to another problem, Π1, would indicate that there is no known polynomial-time solution for Π1. This is because a polynomial-time solution to Π1 would yield a polynomial-time solution to Π2. Similarly, because all NP problems can be reduced to the set, finding an NP-complete problem that can be solved in polynomial time would mean that P = NP.",0.6061,-1.0,False,qwen2.5,"A particular problem in biology that would benefit from determining that P = NP is protein structure prediction. The context mentions that if P equals NP, it could lead to more efficient solutions for various types of integer programming problems in operations research, which includes protein structure prediction in biology.",9.6035,,0.7292,False,0.5363,faithful,1.0,"The answer directly references the context, stating that protein structure prediction in biology is one of the types of problems that could benefit from a solution to P = NP."
3880:hcpc_v1:qwen2.5,3880,squad,43,hcpc_v1,What is a particular problem in biology that would benefit from determining that P = NP?,protein structure prediction,"The question of whether P equals NP is one of the most important open questions in theoretical computer science because of the wide implications of a solution. If the answer is yes, many important problems can be shown to have more efficient solutions

---

. For complexity classes larger than P, polynomial-time reductions are commonly used. In particular, the set of problems that are hard for NP is the set of NP-hard problems.

---

. Because the problem P = NP is not solved, being able to reduce a known NP-complete problem, Π2, to another problem, Π1, would indicate that there is no known polynomial-time solution for Π1",0.5823,-1.0,False,qwen2.5,"I cannot find this information in the provided context. The given context does not mention any specific problems in biology or other fields related to the P vs NP question. It discusses the implications of P equaling NP for theoretical computer science and mentions reductions between problems, but it does not provide examples of particular problems in biology that would benefit from a solution to this question.",7.6655,,0.4628,True,0.2778,hallucinated,0.0,The provided context does not mention any specific problems in biology that would benefit from determining P = NP.
3881:hcpc_v2:qwen2.5,3881,squad,43,hcpc_v2,What is a particular problem in biology that would benefit from determining that P = NP?,protein structure prediction,"The question of whether P equals NP is one of the most important open questions in theoretical computer science because of the wide implications of a solution. If the answer is yes, many important problems can be shown to have more efficient solutions. These include various types of integer programming problems in operations research, many problems in logistics, protein structure prediction in biology, and the ability to find formal proofs of pure mathematics theorems. The P versus NP problem is one of the Millennium Prize Problems proposed by the Clay Mathematics Institute. There is a US$1,000,000 prize for resolving the problem.

---

This motivates the concept of a problem being hard for a complexity class. A problem X is hard for a class of problems C if every problem in C can be reduced to X. Thus no problem in C is harder than X, since an algorithm for X allows us to solve any problem in C. Of course, the notion of hard problems depends on the type of reduction being used. For complexity classes larger than P, polynomial-time reductions are commonly used. In particular, the set of problems that are hard for NP is the set of NP-hard problems.

---

If a problem X is in C and hard for C, then X is said to be complete for C. This means that X is the hardest problem in C. (Since many problems could be equally hard, one might say that X is one of the hardest problems in C.) Thus the class of NP-complete problems contains the most difficult problems in NP, in the sense that they are the ones most likely not to be in P. Because the problem P = NP is not solved, being able to reduce a known NP-complete problem, Π2, to another problem, Π1, would indicate that there is no known polynomial-time solution for Π1. This is because a polynomial-time solution to Π1 would yield a polynomial-time solution to Π2. Similarly, because all NP problems can be reduced to the set, finding an NP-complete problem that can be solved in polynomial time would mean that P = NP.",0.6061,0.598,False,qwen2.5,"A particular problem in biology that would benefit from determining that P = NP is protein structure prediction. The context mentions that if P equals NP, it could lead to more efficient solutions for various types of integer programming problems in operations research, which includes protein structure prediction in biology.",8.8842,,0.7292,False,0.5363,faithful,1.0,"The answer directly references the context, stating that protein structure prediction in biology is one of the types of problems that could benefit from a solution to P = NP."
3933:baseline:qwen2.5,3933,squad,43,baseline,Who was the sideline reporter for ESPN Deportes?,John Sutcliffe.,"On December 28, 2015, ESPN Deportes announced that they had reached an agreement with CBS and the NFL to be the exclusive Spanish-language broadcaster of the game, marking the third dedicated Spanish-language broadcast of the Super Bowl. Unlike NBC and Fox, CBS does not have a Spanish-language outlet of its own that could broadcast the game (though per league policy, a separate Spanish play-by-play call was carried on CBS's second audio program channel for over-the-air viewers). The game was called by ESPN Deportes' Monday Night Football commentary crew of Alvaro Martin and Raul Allegre, and sideline reporter John Sutcliffe. ESPN Deportes broadcast pre-game and post-game coverage, while Martin, Allegre, and Sutcliffe contributed English-language reports for ESPN's SportsCenter and Mike & Mike.

---

Westwood One will carry the game throughout North America, with Kevin Harlan as play-by-play announcer, Boomer Esiason and Dan Fouts as color analysts, and James Lofton and Mark Malone as sideline reporters. Jim Gray will anchor the pre-game and halftime coverage.

---

CBS provided digital streams of the game via CBSSports.com, and the CBS Sports apps on tablets, Windows 10, Xbox One and other digital media players (such as Chromecast and Roku). Due to Verizon Communications exclusivity, streaming on smartphones was only provided to Verizon Wireless customers via the NFL Mobile service. The ESPN Deportes Spanish broadcast was made available through WatchESPN.",0.4194,-1.0,False,qwen2.5,The sideline reporter for ESPN Deportes was John Sutcliffe.,4.5734,,0.8101,False,0.4748,hallucinated,1.0,"The answer is directly supported by the context as it is stated in the second paragraph: 'ESPN Deportes broadcast pre-game and post-game coverage, while Martin, Allegre, and Sutcliffe contributed English-language reports for ESPN's SportsCenter and Mike & Mike.'"
3934:hcpc_v1:qwen2.5,3934,squad,43,hcpc_v1,Who was the sideline reporter for ESPN Deportes?,John Sutcliffe.,". The game was called by ESPN Deportes' Monday Night Football commentary crew of Alvaro Martin and Raul Allegre, and sideline reporter John Sutcliffe

---

Westwood One will carry the game throughout North America, with Kevin Harlan as play-by-play announcer, Boomer Esiason and Dan Fouts as color analysts, and James Lofton and Mark Malone as sideline reporters

---

. Due to Verizon Communications exclusivity, streaming on smartphones was only provided to Verizon Wireless customers via the NFL Mobile service. The ESPN Deportes Spanish broadcast was made available through WatchESPN.",0.4973,-1.0,False,qwen2.5,The sideline reporter for ESPN Deportes was John Sutcliffe.,2.9776,,0.8101,False,0.4748,hallucinated,1.0,The answer directly quotes the provided context.
3935:hcpc_v2:qwen2.5,3935,squad,43,hcpc_v2,Who was the sideline reporter for ESPN Deportes?,John Sutcliffe.,"On December 28, 2015, ESPN Deportes announced that they had reached an agreement with CBS and the NFL to be the exclusive Spanish-language broadcaster of the game, marking the third dedicated Spanish-language broadcast of the Super Bowl. Unlike NBC and Fox, CBS does not have a Spanish-language outlet of its own that could broadcast the game (though per league policy, a separate Spanish play-by-play call was carried on CBS's second audio program channel for over-the-air viewers). The game was called by ESPN Deportes' Monday Night Football commentary crew of Alvaro Martin and Raul Allegre, and sideline reporter John Sutcliffe. ESPN Deportes broadcast pre-game and post-game coverage, while Martin, Allegre, and Sutcliffe contributed English-language reports for ESPN's SportsCenter and Mike & Mike.

---

Westwood One will carry the game throughout North America, with Kevin Harlan as play-by-play announcer, Boomer Esiason and Dan Fouts as color analysts, and James Lofton and Mark Malone as sideline reporters. Jim Gray will anchor the pre-game and halftime coverage.

---

CBS provided digital streams of the game via CBSSports.com, and the CBS Sports apps on tablets, Windows 10, Xbox One and other digital media players (such as Chromecast and Roku) . Due to Verizon Communications exclusivity, streaming on smartphones was only provided to Verizon Wireless customers via the NFL Mobile service. The ESPN Deportes Spanish broadcast was made available through WatchESPN.",0.4194,0.3642,True,qwen2.5,The sideline reporter for ESPN Deportes was John Sutcliffe.,4.9114,,0.8101,False,0.4748,hallucinated,1.0,"The answer is directly supported by the context as it is stated in the second paragraph: 'ESPN Deportes broadcast pre-game and post-game coverage, while Martin, Allegre, and Sutcliffe contributed English-language reports for ESPN's SportsCenter and Mike & Mike.'"
3975:baseline:qwen2.5,3975,squad,43,baseline,What type of intervention would changing the work environment be?,Organizational interventions,"There are several ways to mitigate the occupational hazards of teaching. Organizational interventions, like changing teachers' schedules, providing support networks and mentoring, changing the work environment, and offering promotions and bonuses, may be effective in helping to reduce occupational stress among teachers. Individual-level interventions, including stress-management training and counseling, are also used to relieve occupational stress among teachers.

---

Teachers face several occupational hazards in their line of work, including occupational stress, which can negatively impact teachers' mental and physical health, productivity, and students' performance. Stress can be caused by organizational change, relationships with students, fellow teachers, and administrative personnel, working environment, expectations to substitute, long hours with a heavy workload, and inspections. Teachers are also at high risk for occupational burnout.

---

A 2000 study found that 42% of UK teachers experienced occupational stress, twice the figure for the average profession. A 2012 study found that teachers experienced double the rate of anxiety, depression, and stress than average workers.",0.3607,-1.0,False,qwen2.5,Changing the work environment is an organizational intervention.,3.4004,,0.9696,False,0.3879,hallucinated,1.0,"The answer directly states that changing the work environment is an organizational intervention, which is supported by the context as it mentions organizational interventions as a way to mitigate occupational hazards in teaching."
3976:hcpc_v1:qwen2.5,3976,squad,43,hcpc_v1,What type of intervention would changing the work environment be?,Organizational interventions,". Organizational interventions, like changing teachers' schedules, providing support networks and mentoring, changing the work environment, and offering promotions and bonuses, may be effective in helping to reduce occupational stress among teachers

---

Teachers face several occupational hazards in their line of work, including occupational stress, which can negatively impact teachers' mental and physical health, productivity, and students' performance

---

A 2000 study found that 42% of UK teachers experienced occupational stress, twice the figure for the average profession. A 2012 study found that teachers experienced double the rate of anxiety, depression, and stress than average workers.",0.3999,-1.0,False,qwen2.5,Changing the work environment is an organizational intervention mentioned in the provided context.,2.8285,,0.9409,False,0.4064,hallucinated,1.0,The answer directly quotes the provided context that mentions 'changing the work environment' as one of the organizational interventions.
3977:hcpc_v2:qwen2.5,3977,squad,43,hcpc_v2,What type of intervention would changing the work environment be?,Organizational interventions,"There are several ways to mitigate the occupational hazards of teaching. Organizational interventions, like changing teachers' schedules, providing support networks and mentoring, changing the work environment, and offering promotions and bonuses, may be effective in helping to reduce occupational stress among teachers. Individual-level interventions, including stress-management training and counseling, are also used to relieve occupational stress among teachers.

---

Teachers face several occupational hazards in their line of work, including occupational stress, which can negatively impact teachers' mental and physical health, productivity, and students' performance. Stress can be caused by organizational change, relationships with students, fellow teachers, and administrative personnel, working environment, expectations to substitute, long hours with a heavy workload, and inspections. Teachers are also at high risk for occupational burnout.

---

A 2000 study found that 42% of UK teachers experienced occupational stress, twice the figure for the average profession. A 2012 study found that teachers experienced double the rate of anxiety, depression, and stress than average workers.",0.3607,0.6323,True,qwen2.5,Changing the work environment is an organizational intervention.,3.355,,0.9696,False,0.3879,hallucinated,1.0,"The answer directly states that changing the work environment is an organizational intervention, which is supported by the context as it mentions organizational interventions as a way to mitigate occupational hazards in teaching."
4023:baseline:qwen2.5,4023,squad,43,baseline,Full size working engines on what vehicles sometimes use oscillating cylinder steam engines?,ships,"An oscillating cylinder steam engine is a variant of the simple expansion steam engine which does not require valves to direct steam into and out of the cylinder. Instead of valves, the entire cylinder rocks, or oscillates, such that one or more holes in the cylinder line up with holes in a fixed port face or in the pivot mounting (trunnion). These engines are mainly used in toys and models, because of their simplicity, but have also been used in full size working engines, mainly on ships where their compactness is valued.[citation needed]

---

Uniflow engines attempt to remedy the difficulties arising from the usual counterflow cycle where, during each stroke, the port and the cylinder walls will be cooled by the passing exhaust steam, whilst the hotter incoming admission steam will waste some of its energy in restoring working temperature. The aim of the uniflow is to remedy this defect and improve efficiency by providing an additional port uncovered by the piston at the end of each stroke making the steam flow only in one direction. By this means, the simple-expansion uniflow engine gives efficiency equivalent to that of classic compound systems with the added advantage of superior part-load performance, and comparable efficiency to turbines for smaller engines below one thousand horsepower. However, the thermal expansion gradient uniflow engines produce along the cylinder wall gives practical difficulties.[citation needed]. The Quasiturbine is a uniflow rotary steam engine where steam intakes in hot areas, while exhausting in cold areas.

---

Steam engines are external combustion engines, where the working fluid is separate from the combustion products. Non-combustion heat sources such as solar power, nuclear power or geothermal energy may be used. The ideal thermodynamic cycle used to analyze this process is called the Rankine cycle. In the cycle, water is heated and transforms into steam within a boiler operating at a high pressure. When expanded through pistons or turbines, mechanical work is done. The reduced-pressure steam is then condensed and pumped back into the boiler.",0.5956,-1.0,False,qwen2.5,Full size working engines on ships sometimes use oscillating cylinder steam engines.,5.596,,0.5936,False,0.4278,hallucinated,1.0,"The answer directly quotes the context that mentions 'full size working engines, mainly on ships' are used for oscillating cylinder steam engines."
4024:hcpc_v1:qwen2.5,4024,squad,43,hcpc_v1,Full size working engines on what vehicles sometimes use oscillating cylinder steam engines?,ships,"An oscillating cylinder steam engine is a variant of the simple expansion steam engine which does not require valves to direct steam into and out of the cylinder. Instead of valves, the entire cylinder rocks, or oscillates, such that one or more holes in the cylinder line up with holes in a fixed port face or in the pivot mounting (trunnion). These engines are mainly used in toys and models, because of their simplicity, but have also been used in full size working engines, mainly on ships where their compactness is valued.[citation needed]

---

. However, the thermal expansion gradient uniflow engines produce along the cylinder wall gives practical difficulties.[citation needed]. The Quasiturbine is a uniflow rotary steam engine where steam intakes in hot areas, while exhausting in cold areas.

---

Steam engines are external combustion engines, where the working fluid is separate from the combustion products. Non-combustion heat sources such as solar power, nuclear power or geothermal energy may be used",0.6351,-1.0,False,qwen2.5,Full size working engines on ships sometimes use oscillating cylinder steam engines.,2.6861,,0.5936,False,0.4278,hallucinated,1.0,The answer directly quotes the context that mentions full-size working engines on ships have used oscillating cylinder steam engines.
4025:hcpc_v2:qwen2.5,4025,squad,43,hcpc_v2,Full size working engines on what vehicles sometimes use oscillating cylinder steam engines?,ships,"An oscillating cylinder steam engine is a variant of the simple expansion steam engine which does not require valves to direct steam into and out of the cylinder. Instead of valves, the entire cylinder rocks, or oscillates, such that one or more holes in the cylinder line up with holes in a fixed port face or in the pivot mounting (trunnion). These engines are mainly used in toys and models, because of their simplicity, but have also been used in full size working engines, mainly on ships where their compactness is valued.[citation needed]

---

Uniflow engines attempt to remedy the difficulties arising from the usual counterflow cycle where, during each stroke, the port and the cylinder walls will be cooled by the passing exhaust steam, whilst the hotter incoming admission steam will waste some of its energy in restoring working temperature. The aim of the uniflow is to remedy this defect and improve efficiency by providing an additional port uncovered by the piston at the end of each stroke making the steam flow only in one direction. By this means, the simple-expansion uniflow engine gives efficiency equivalent to that of classic compound systems with the added advantage of superior part-load performance, and comparable efficiency to turbines for smaller engines below one thousand horsepower. However, the thermal expansion gradient uniflow engines produce along the cylinder wall gives practical difficulties.[citation needed]. The Quasiturbine is a uniflow rotary steam engine where steam intakes in hot areas, while exhausting in cold areas.

---

Steam engines are external combustion engines, where the working fluid is separate from the combustion products. Non-combustion heat sources such as solar power, nuclear power or geothermal energy may be used . The ideal thermodynamic cycle used to analyze this process is called the Rankine cycle. In the cycle, water is heated and transforms into steam within a boiler operating at a high pressure . When expanded through pistons or turbines, mechanical work is done. The reduced-pressure steam is then condensed and pumped back into the boiler.",0.5956,0.5528,True,qwen2.5,Full size working engines on ships sometimes use oscillating cylinder steam engines.,4.7069,,0.5936,False,0.4278,hallucinated,1.0,"The answer directly quotes the context that mentions 'full size working engines, mainly on ships' are used with oscillating cylinder steam engines."
4098:baseline:qwen2.5,4098,squad,43,baseline,What did Alec Shelbrooke propose payments of benefits to be made on?,Welfare Cash Card,"The Daily Mail newspaper reported in 2012 that the UK government's benefits agency was checking claimants' ""Sky TV bills to establish if a woman in receipt of benefits as a single mother is wrongly claiming to be living alone"" – as, it claimed, subscription to sports channels would betray a man's presence in the household. In December, the UK’s parliament heard a claim that a subscription to BSkyB was ‘often damaging’, along with alcohol, tobacco and gambling. Conservative MP Alec Shelbrooke was proposing the payments of benefits and tax credits on a ""Welfare Cash Card"", in the style of the Supplemental Nutrition Assistance Program, that could be used to buy only ""essentials"".

---

. A further contract to build the AC distribution system was awarded to General Electric.

---

Starting in 1934, the Westinghouse Electric & Manufacturing Company began paying Tesla $125 per month as well as paying his rent at the Hotel New Yorker, expenses the Company would pay for the rest of Tesla's life. Accounts on how this came about vary. Several sources say Westinghouse was worried about potential bad publicity surrounding the impoverished conditions their former star inventor was living under. It has been described as being couched in the form of a ""consulting fee"" to get around Tesla's aversion to accept charity, or by one biographer (Marc Seifer), as a type of unspecified settlement.",0.3441,-1.0,False,qwen2.5,"Alec Shelbrooke proposed that payments of benefits and tax credits be made on a ""Welfare Cash Card"", according to the provided context.",6.4499,,0.5652,False,0.5341,faithful,1.0,The answer directly quotes the context where it is stated that Alec Shelbrooke proposed payments of benefits and tax credits on a 'Welfare Cash Card'.
4099:hcpc_v1:qwen2.5,4099,squad,43,hcpc_v1,What did Alec Shelbrooke propose payments of benefits to be made on?,Welfare Cash Card,". Conservative MP Alec Shelbrooke was proposing the payments of benefits and tax credits on a ""Welfare Cash Card"", in the style of the Supplemental Nutrition Assistance Program, that could be used to buy only ""essentials"".

---

. A further contract to build the AC distribution system was awarded to General Electric.

---

. It has been described as being couched in the form of a ""consulting fee"" to get around Tesla's aversion to accept charity, or by one biographer (Marc Seifer), as a type of unspecified settlement.",0.4562,-1.0,False,qwen2.5,"Alec Shelbrooke proposed that payments of benefits and tax credits be made on a ""Welfare Cash Card"", which could be used to buy only ""essentials"".",4.6682,,0.581,False,0.2882,hallucinated,1.0,The answer directly repeats the information provided in the context about what Alec Shelbrooke proposed payments of benefits and tax credits to be made on.
4100:hcpc_v2:qwen2.5,4100,squad,43,hcpc_v2,What did Alec Shelbrooke propose payments of benefits to be made on?,Welfare Cash Card,"The Daily Mail newspaper reported in 2012 that the UK government's benefits agency was checking claimants' ""Sky TV bills to establish if a woman in receipt of benefits as a single mother is wrongly claiming to be living alone"" – as, it claimed, subscription to sports channels would betray a man's presence in the household. In December, the UK’s parliament heard a claim that a subscription to BSkyB was ‘often damaging’, along with alcohol, tobacco and gambling. Conservative MP Alec Shelbrooke was proposing the payments of benefits and tax credits on a ""Welfare Cash Card"", in the style of the Supplemental Nutrition Assistance Program, that could be used to buy only ""essentials"".

---

. A further contract to build the AC distribution system was awarded to General Electric.

---

Starting in 1934, the Westinghouse Electric & Manufacturing Company began paying Tesla $125 per month as well as paying his rent at the Hotel New Yorker, expenses the Company would pay for the rest of Tesla's life. Accounts on how this came about vary . Several sources say Westinghouse was worried about potential bad publicity surrounding the impoverished conditions their former star inventor was living under . It has been described as being couched in the form of a ""consulting fee"" to get around Tesla's aversion to accept charity, or by one biographer (Marc Seifer), as a type of unspecified settlement.",0.3431,0.1228,True,qwen2.5,"Alec Shelbrooke proposed that payments of benefits and tax credits be made on a ""Welfare Cash Card"", according to the provided context.",5.6459,,0.5652,False,0.5341,faithful,1.0,The answer directly quotes the context where it is stated that Alec Shelbrooke proposed payments of benefits and tax credits on a 'Welfare Cash Card'.
4242:baseline:qwen2.5,4242,squad,43,baseline,What types of pumps are typically used in industrial boilers?,multi-stage centrifugal,"The Rankine cycle and most practical steam engines have a water pump to recycle or top up the boiler water, so that they may be run continuously. Utility and industrial boilers commonly use multi-stage centrifugal pumps; however, other types are used. Another means of supplying lower-pressure boiler feed water is an injector, which uses a steam jet usually supplied from the boiler. Injectors became popular in the 1850s but are no longer widely used, except in applications such as steam locomotives.

---

Steam engines are external combustion engines, where the working fluid is separate from the combustion products. Non-combustion heat sources such as solar power, nuclear power or geothermal energy may be used. The ideal thermodynamic cycle used to analyze this process is called the Rankine cycle. In the cycle, water is heated and transforms into steam within a boiler operating at a high pressure. When expanded through pistons or turbines, mechanical work is done. The reduced-pressure steam is then condensed and pumped back into the boiler.

---

The final major evolution of the steam engine design was the use of steam turbines starting in the late part of the 19th century. Steam turbines are generally more efficient than reciprocating piston type steam engines (for outputs above several hundred horsepower), have fewer moving parts, and provide rotary power directly instead of through a connecting rod system or similar means. Steam turbines virtually replaced reciprocating engines in electricity generating stations early in the 20th century, where their efficiency, higher speed appropriate to generator service, and smooth rotation were advantages. Today most electric power is provided by steam turbines. In the United States 90% of the electric power is produced in this way using a variety of heat sources. Steam turbines were extensively applied for propulsion of large ships throughout most of the 20th century.",0.5797,-1.0,False,qwen2.5,Multi-stage centrifugal pumps are commonly used in industrial boilers to recycle or top up the boiler water.,6.1442,,0.7318,False,0.4563,hallucinated,1.0,The answer directly quotes from the context that 'Utility and industrial boilers commonly use multi-stage centrifugal pumps'.
4243:hcpc_v1:qwen2.5,4243,squad,43,hcpc_v1,What types of pumps are typically used in industrial boilers?,multi-stage centrifugal,"The Rankine cycle and most practical steam engines have a water pump to recycle or top up the boiler water, so that they may be run continuously. Utility and industrial boilers commonly use multi-stage centrifugal pumps; however, other types are used. Another means of supplying lower-pressure boiler feed water is an injector, which uses a steam jet usually supplied from the boiler. Injectors became popular in the 1850s but are no longer widely used, except in applications such as steam locomotives.

---

. When expanded through pistons or turbines, mechanical work is done. The reduced-pressure steam is then condensed and pumped back into the boiler.

---

. Steam turbines were extensively applied for propulsion of large ships throughout most of the 20th century.",0.6023,-1.0,False,qwen2.5,Utility and industrial boilers commonly use multi-stage centrifugal pumps.,2.3041,,0.6978,False,0.4578,hallucinated,1.0,The answer directly matches the information provided in the context that utility and industrial boilers commonly use multi-stage centrifugal pumps.
4244:hcpc_v2:qwen2.5,4244,squad,43,hcpc_v2,What types of pumps are typically used in industrial boilers?,multi-stage centrifugal,"The Rankine cycle and most practical steam engines have a water pump to recycle or top up the boiler water, so that they may be run continuously. Utility and industrial boilers commonly use multi-stage centrifugal pumps; however, other types are used. Another means of supplying lower-pressure boiler feed water is an injector, which uses a steam jet usually supplied from the boiler. Injectors became popular in the 1850s but are no longer widely used, except in applications such as steam locomotives.

---

Steam engines are external combustion engines, where the working fluid is separate from the combustion products. Non-combustion heat sources such as solar power, nuclear power or geothermal energy may be used. The ideal thermodynamic cycle used to analyze this process is called the Rankine cycle. In the cycle, water is heated and transforms into steam within a boiler operating at a high pressure. When expanded through pistons or turbines, mechanical work is done. The reduced-pressure steam is then condensed and pumped back into the boiler.

---

The final major evolution of the steam engine design was the use of steam turbines starting in the late part of the 19th century . Steam turbines are generally more efficient than reciprocating piston type steam engines (for outputs above several hundred horsepower), have fewer moving parts, and provide rotary power directly instead of through a connecting rod system or similar rod system or similar means . Steam turbines virtually replaced reciprocating engines in electricity generating stations early in the 20th century, where their efficiency, higher speed appropriate to generator service, and smooth rotation were advantages . Today most electric power is provided by steam turbines. In the United States 90% of the electric power is produced in this way using a variety of heat sources . Steam turbines were extensively applied for propulsion of large ships throughout most of the 20th century.",0.5794,0.6147,True,qwen2.5,Multi-stage centrifugal pumps are commonly used in industrial boilers to recycle or top up the boiler water.,4.9246,,0.7318,False,0.4563,hallucinated,1.0,The answer directly quotes from the context that 'Utility and industrial boilers commonly use multi-stage centrifugal pumps'.
4281:baseline:qwen2.5,4281,squad,43,baseline,What theorem was implicated by Manuel Blum's axioms?,speed-up theorem,"In 1967, Manuel Blum developed an axiomatic complexity theory based on his axioms and proved an important result, the so-called, speed-up theorem. The field really began to flourish in 1971 when the US researcher Stephen Cook and, working independently, Leonid Levin in the USSR, proved that there exist practically relevant problems that are NP-complete. In 1972, Richard Karp took this idea a leap forward with his landmark paper, ""Reducibility Among Combinatorial Problems"", in which he showed that 21 diverse combinatorial and graph theoretical problems, each infamous for its computational intractability, are NP-complete.

---

Earlier papers studying problems solvable by Turing machines with specific bounded resources include  John Myhill's definition of linear bounded automata (Myhill 1960), Raymond Smullyan's study of rudimentary sets (1961), as well as Hisao Yamada's paper on real-time computations (1962). Somewhat earlier, Boris Trakhtenbrot (1956), a pioneer in the field from the USSR, studied another specific complexity measure. As he remembers:

---

As Fortnow & Homer (2003) point out, the beginning of systematic studies in computational complexity is attributed to the seminal paper ""On the Computational Complexity of Algorithms"" by Juris Hartmanis and Richard Stearns (1965), which laid out the definitions of time and space complexity and proved the hierarchy theorems. Also, in 1965 Edmonds defined a ""good"" algorithm as one with running time bounded by a polynomial of the input size.",0.4206,-1.0,False,qwen2.5,The speed-up theorem.,4.9743,,0.7881,False,0.485,hallucinated,1.0,"The answer directly matches the context where it is stated that Manuel Blum proved 'the so-called, speed-up theorem'."
4282:hcpc_v1:qwen2.5,4282,squad,43,hcpc_v1,What theorem was implicated by Manuel Blum's axioms?,speed-up theorem,"In 1967, Manuel Blum developed an axiomatic complexity theory based on his axioms and proved an important result, the so-called, speed-up theorem

---

Earlier papers studying problems solvable by Turing machines with specific bounded resources include  John Myhill's definition of linear bounded automata (Myhill 1960), Raymond Smullyan's study of rudimentary sets (1961), as well as Hisao Yamada's paper on

---

(1965), which laid out the definitions of time and space complexity and proved the hierarchy theorems",0.5235,-1.0,False,qwen2.5,The speed-up theorem.,1.7245,,0.7881,False,0.485,hallucinated,1.0,"The answer directly matches the important result that Manuel Blum proved using his axioms, which is the speed-up theorem."
4283:hcpc_v2:qwen2.5,4283,squad,43,hcpc_v2,What theorem was implicated by Manuel Blum's axioms?,speed-up theorem,"In 1967, Manuel Blum developed an axiomatic complexity theory based on his axioms and proved an important result, the so-called, speed-up theorem. The field really began to flourish in 1971 when the US researcher Stephen Cook and, working independently, Leonid Levin in the USSR, proved that there exist practically relevant problems that are NP-complete. In 1972, Richard Karp took this idea a leap forward with his landmark paper, ""Reducibility Among Combinatorial Problems"", in which he showed that 21 diverse combinatorial and graph theoretical problems, each infamous for its computational intractability, are NP-complete.

---

Earlier papers studying problems solvable by Turing machines with specific bounded resources include  John Myhill's definition of linear bounded automata (Myhill 1960), Raymond Smullyan's study of rudimentary sets (1961), as well as Hisao Yamada's paper on real-time computations (1962). Somewhat earlier, Boris Trakhtenbrot (1956), a pioneer in the field from the USSR, studied another specific complexity measure. As he remembers:

---

As Fortnow & Homer (2003) point out, the beginning of systematic studies in computational complexity is attributed to the seminal paper ""On the Computational Complexity of Algorithms"" by Juris Hartmanis and Richard Stearns (1965), which laid out the (1965), which laid out the definitions of time and space complexity and proved the hierarchy theorems . Also, in 1965 Edmonds defined a ""good"" algorithm as one with running time bounded by a polynomial of the input size.",0.422,0.5979,True,qwen2.5,"The context states that Manuel Blum developed an axiomatic complexity theory based on his axioms and proved an important result, which is the speed-up theorem.",7.6599,,0.5475,False,0.7279,faithful,1.0,The answer directly references the 'speed-up theorem' that was proven by Manuel Blum in the context provided.
4341:baseline:qwen2.5,4341,squad,43,baseline,What is the lone MLS team that belongs to southern California?,LA Galaxy,"Professional sports teams in Southern California include teams from the NFL (Los Angeles Rams, San Diego Chargers); NBA (Los Angeles Lakers, Los Angeles Clippers); MLB (Los Angeles Dodgers, Los Angeles Angels of Anaheim, San Diego Padres); NHL (Los Angeles Kings, Anaheim Ducks); and MLS (LA Galaxy).

---

From 2005 to 2014, there were two Major League Soccer teams in Los Angeles — the LA Galaxy and Chivas USA — that both played at the StubHub Center and were local rivals. However, Chivas were suspended following the 2014 MLS season, with a second MLS team scheduled to return in 2018.

---

College sports are also popular in southern California. The UCLA Bruins and the USC Trojans both field teams in NCAA Division I in the Pac-12 Conference, and there is a longtime rivalry between the schools.",0.548,-1.0,False,qwen2.5,"The lone MLS team that belongs to southern California, as per the provided context, is the LA Galaxy.",4.3789,,0.8551,False,0.454,hallucinated,1.0,The answer directly matches the factual claim in the question and is supported by the provided context.
4342:hcpc_v1:qwen2.5,4342,squad,43,hcpc_v1,What is the lone MLS team that belongs to southern California?,LA Galaxy,"Professional sports teams in Southern California include teams from the NFL (Los Angeles Rams, San Diego Chargers); NBA (Los Angeles Lakers, Los Angeles Clippers); MLB (Los Angeles Dodgers, Los Angeles Angels of Anaheim, San Diego Padres); NHL (Los Angeles

---

From 2005 to 2014, there were two Major League Soccer teams in Los Angeles — the LA Galaxy and Chivas USA — that both played at the StubHub Center and were local rivals

---

College sports are also popular in southern California. The UCLA Bruins and the USC Trojans both field teams in NCAA Division I in the Pac-12 Conference, and there is a longtime rivalry between the schools.",0.5372,-1.0,False,qwen2.5,"I cannot find this information in the provided context. The context mentions two Major League Soccer (MLS) teams in Los Angeles from 2005 to 2014: LA Galaxy and Chivas USA. However, it does not specify which of these teams belongs to southern California or if there is only one MLS team currently active in the region based on the given information.",8.6487,,0.6988,False,0.195,hallucinated,0.0,The answer does not provide a direct factual claim that can be supported by the context.
4343:hcpc_v2:qwen2.5,4343,squad,43,hcpc_v2,What is the lone MLS team that belongs to southern California?,LA Galaxy,"Professional sports teams in Southern California include teams from the NFL (Los Angeles Rams, San Diego Chargers); NBA (Los Angeles Lakers, Los Angeles Clippers); MLB (Los Angeles Dodgers, Los Angeles Angels of Anaheim, San Diego Padres); NHL (Los Angeles Kings, Anaheim Ducks); and MLS (LA Galaxy).

---

From 2005 to 2014, there were two Major League Soccer teams in Los Angeles — the LA Galaxy and Chivas USA — that both played at the StubHub Center and were local rivals. However, Chivas were suspended following the 2014 MLS season, with a second MLS team scheduled to return in 2018.

---

College sports are also popular in southern California. The UCLA Bruins and the USC Trojans both field teams in NCAA Division I in the Pac-12 Conference, and there is a longtime rivalry between the schools.",0.548,0.2803,True,qwen2.5,"The lone MLS team that belongs to southern California, as per the provided context, is the LA Galaxy.",3.6755,,0.8551,False,0.454,hallucinated,1.0,The answer directly matches the factual claim in the question and is supported by the provided context.
4347:baseline:qwen2.5,4347,squad,43,baseline,What did he think was everywhere in the universe?,ether,"Tesla exhibited a pre-atomic understanding of physics in his writings; he disagreed with the theory of atoms being composed of smaller subatomic particles, stating there was no such thing as an electron creating an electric charge (he believed that if electrons existed at all, they were some fourth state of matter or ""sub-atom"" that could only exist in an experimental vacuum and that they had nothing to do with electricity).:249 Tesla believed that atoms are immutable—they could not change state or be split in any way. He was a believer in the 19th century concept of an all pervasive ""ether"" that transmitted electrical energy.

---

Tesla investigated atmospheric electricity, observing lightning signals via his receivers. He stated that he observed stationary waves during this time. The great distances and the nature of what Tesla was detecting from lightning storms confirmed his belief that the earth had a resonant frequency.

---

Tesla read many works, memorizing complete books, and supposedly possessed a photographic memory.:33 He was a polyglot, speaking eight languages: Serbo-Croatian, Czech, English, French, German, Hungarian, Italian, and Latin.:282 Tesla related in his autobiography that he experienced detailed moments of inspiration. During his early life, Tesla was repeatedly stricken with illness. He suffered a peculiar affliction in which blinding flashes of light would appear before his eyes, often accompanied by visions.:33 Often, the visions were linked to a word or idea he might have come across; at other times they would provide the solution to a particular problem he had encountered. Just by hearing the name of an item, he would be able to envision it in realistic detail.:33 Tesla would visualize an invention in his mind with extreme precision, including all dimensions, before moving to the construction stage, a technique sometimes known as picture thinking",0.356,-1.0,False,qwen2.5,"According to the provided context, Tesla believed that the ""ether"" was an all-pervasive substance that transmitted electrical energy and existed throughout the universe.",6.6166,,0.6872,False,0.7247,faithful,1.0,"The answer directly quotes the context stating that Tesla believed 'the earth had a resonant frequency' which confirms his belief in an all-pervasive 'ether', and further states that he believed this 'ether' transmitted electrical energy throughout the universe."
4348:hcpc_v1:qwen2.5,4348,squad,43,hcpc_v1,What did he think was everywhere in the universe?,ether,"charge (he believed that if electrons existed at all, they were some fourth state of matter or ""sub-atom"" that could only exist in an experimental vacuum and that they had nothing to do with electricity).:249 Tesla believed that atoms are immutable—they

---

. The great distances and the nature of what Tesla was detecting from lightning storms confirmed his belief that the earth had a resonant frequency.

---

. Just by hearing the name of an item, he would be able to envision it in realistic detail.:33 Tesla would visualize an invention in his mind with extreme precision, including all dimensions, before moving to the construction stage, a technique sometimes",0.4412,-1.0,False,qwen2.5,I cannot find this information in the provided context.,2.6899,,0.5531,False,0.0941,hallucinated,0.0,The answer is not directly supported by the provided context as it does not discuss what Tesla thought was everywhere in the universe.
4349:hcpc_v2:qwen2.5,4349,squad,43,hcpc_v2,What did he think was everywhere in the universe?,ether,"Tesla exhibited a pre-atomic understanding of physics in his writings; he disagreed with the theory of atoms being composed of smaller subatomic particles, stating there was no such thing as an electron creating an electric charge (he believed that if electrons existed at all, they were some fourth state of matter or ""sub-atom"" that could only exist in an experimental vacuum and that they had nothing to do with electricity).:249 Tesla believed that atoms are immutable—they could not change state or be split in any way. He was a believer in the 19th century concept of an all pervasive ""ether"" that transmitted electrical energy.

---

Tesla investigated atmospheric electricity, observing lightning signals via his receivers. He stated that he observed stationary waves during this time. The great distances and the nature of what Tesla was detecting from lightning storms confirmed his belief that the earth had a resonant frequency.

---

Tesla read many works, memorizing complete books, and supposedly possessed a photographic memory.:33 He was a polyglot, speaking eight languages: Serbo-Croatian, Czech, English, French, German, Hungarian, Italian, and Latin.:282 Tesla related in his Latin.:282 Tesla related in his autobiography that he experienced detailed moments of inspiration . During his early life, Tesla was repeatedly stricken with illness . He suffered a peculiar affliction in which blinding flashes of light would appear before his eyes, often accompanied by visions.:33 Often, the visions were linked to a word or idea he might have come across; at other times they would provide the solution they would provide the solution to a particular problem he had encountered . Just by hearing the name of an item, he would be able to envision it in realistic detail.:33 Tesla would visualize an invention in his mind with extreme precision, including all dimensions, before moving to the construction stage, a technique sometimes stage, a technique sometimes known as picture thinking",0.3486,0.5069,True,qwen2.5,"According to the provided context, Tesla believed that an ""ether"" was everywhere in the universe and that it transmitted electrical energy.",6.56,,0.5653,False,0.6583,faithful,1.0,The answer directly quotes the context stating that Tesla believed 'the earth had a resonant frequency' which confirms his belief in an all-pervasive 'ether'.
4395:baseline:qwen2.5,4395,squad,43,baseline,Where was the location of the colonial government that administered the new colony?,Sydney,"After the founding of the colony of New South Wales in 1788, Australia was divided into an eastern half named New South Wales and a western half named New Holland, under the administration of the colonial government in Sydney. The first European settlement in the area later known as Victoria was established in October 1803 under Lieutenant-Governor David Collins at Sullivan Bay on Port Phillip. It consisted of 402 people (5 Government officials, 9 officers of marines, 2 drummers, and 39 privates, 5 soldiers' wives, and a child, 307 convicts, 17 convicts' wives, and 7 children). They had been sent from England in HMS Calcutta under the command of Captain Daniel Woodriff, principally out of fear that the French, who had been exploring the area, might establish their own settlement and thereby challenge British rights to the continent.

---

After the founding of the colony of New South Wales in 1788, Australia was divided into an eastern half named New South Wales and a western half named New Holland, under the administration of the colonial government in Sydney. The first European settlement in the area later known as Victoria was established in October 1803 under Lieutenant-Governor David Collins at Sullivan Bay on Port Phillip. It consisted of 402 people (5 Government officials, 9 officers of marines, 2 drummers, and 39 privates, 5 soldiers' wives, and a child, 307 convicts, 17 convicts' wives, and 7 children). They had been sent from England in HMS Calcutta under the command of Captain Daniel Woodriff, principally out of fear that the French, who had been exploring the area, might establish their own settlement and thereby challenge British rights to the continent.

---

After the founding of the colony of New South Wales in 1788, Australia was divided into an eastern half named New South Wales and a western half named New Holland, under the administration of the colonial government in Sydney. The first European settlement in the area later known as Victoria was established in October 1803 under Lieutenant-Governor David Collins at Sullivan Bay on Port Phillip. It consisted of 402 people (5 Government officials, 9 officers of marines, 2 drummers, and 39 privates, 5 soldiers' wives, and a child, 307 convicts, 17 convicts' wives, and 7 children). They had been sent from England in HMS Calcutta under the command of Captain Daniel Woodriff, principally out of fear that the French, who had been exploring the area, might establish their own settlement and thereby challenge British rights to the continent.",0.496,-1.0,False,qwen2.5,The colonial government that administered the new colony was located in Sydney.,7.5542,,0.8325,False,0.4909,hallucinated,1.0,The answer directly states that the colonial government is located in Sydney and this information is supported by the context.
4396:hcpc_v1:qwen2.5,4396,squad,43,hcpc_v1,Where was the location of the colonial government that administered the new colony?,Sydney,"After the founding of the colony of New South Wales in 1788, Australia was divided into an eastern half named New South Wales and a western half named New Holland, under the administration of the colonial government in Sydney

---

After the founding of the colony of New South Wales in 1788, Australia was divided into an eastern half named New South Wales and a western half named New Holland, under the administration of the colonial government in Sydney

---

After the founding of the colony of New South Wales in 1788, Australia was divided into an eastern half named New South Wales and a western half named New Holland, under the administration of the colonial government in Sydney",0.4907,-1.0,False,qwen2.5,The colonial government that administered the new colony was located in Sydney.,2.5883,,0.8325,False,0.4909,hallucinated,1.0,The answer directly matches the information provided in the context.
4397:hcpc_v2:qwen2.5,4397,squad,43,hcpc_v2,Where was the location of the colonial government that administered the new colony?,Sydney,"After the founding of the colony of New South Wales in 1788, Australia was divided into an eastern half named New South Wales and a western half named New Holland, under the administration of the colonial government in Sydney. The first European settlement in the area later known as Victoria was established in October 1803 under Lieutenant-Governor David Collins at Sullivan Bay on Port Phillip. It consisted of 402 people (5 Government officials, 9 officers of marines, 2 drummers, and 39 privates, 5 soldiers' wives, and a child, 307 convicts, 17 convicts' wives, and 7 children). They had been sent from England in HMS Calcutta under the command of Captain Daniel Woodriff, principally out of fear that the French, who had been exploring the area, might establish their own settlement and thereby challenge British rights to the continent.

---

After the founding of the colony of New South Wales in 1788, Australia was divided into an eastern half named New South Wales and a western half named New Holland, under the administration of the colonial government in Sydney. The first European settlement in the area later known as Victoria was established in October 1803 under Lieutenant-Governor David Collins at Sullivan Bay on Port Phillip. It consisted of 402 people (5 Government officials, 9 officers of marines, 2 drummers, and 39 privates, 5 soldiers' wives, and a child, 307 convicts, 17 convicts' wives, and 7 children). They had been sent from England in HMS Calcutta under the command of Captain Daniel Woodriff, principally out of fear that the French, who had been exploring the area, might establish their own settlement and thereby challenge British rights to the continent.

---

After the founding of the colony of New South Wales in 1788, Australia was divided into an eastern half named New South Wales and a western half named New Holland, under the administration of the colonial government in Sydney. The first European settlement in the area later known as Victoria was established in October 1803 under Lieutenant-Governor David Collins at Sullivan Bay on Port Phillip. It consisted of 402 people (5 Government officials, 9 officers of marines, 2 drummers, and 39 privates, 5 soldiers' wives, and a child, 307 convicts, 17 convicts' wives, and 7 children). They had been sent from England in HMS Calcutta under the command of Captain Daniel Woodriff, principally out of fear that the French, who had been exploring the area, might establish their own settlement and thereby challenge British rights to the continent.",0.496,1.0,False,qwen2.5,The colonial government that administered the new colony was located in Sydney.,7.2967,,0.8325,False,0.4909,hallucinated,1.0,The answer directly states that the colonial government is located in Sydney and this information is supported by the context.
4416:baseline:qwen2.5,4416,squad,43,baseline,When did papal nuncio Karl von Miltitz get Luther to make concessions ?,January 1519,"In January 1519, at Altenburg in Saxony, the papal nuncio Karl von Miltitz adopted a more conciliatory approach. Luther made certain concessions to the Saxon, who was a relative of the Elector, and promised to remain silent if his opponents did. The theologian Johann Eck, however, was determined to expose Luther's doctrine in a public forum. In June and July 1519, he staged a disputation with Luther's colleague Andreas Karlstadt at Leipzig and invited Luther to speak. Luther's boldest assertion in the debate was that Matthew 16:18 does not confer on popes the exclusive right to interpret scripture, and that therefore neither popes nor church councils were infallible. For this, Eck branded Luther a new Jan Hus, referring to the Czech reformer and heretic burned at the stake in 1415. From that moment, he devoted himself to Luther's defeat.

---

In January 1519, at Altenburg in Saxony, the papal nuncio Karl von Miltitz adopted a more conciliatory approach. Luther made certain concessions to the Saxon, who was a relative of the Elector, and promised to remain silent if his opponents did. The theologian Johann Eck, however, was determined to expose Luther's doctrine in a public forum. In June and July 1519, he staged a disputation with Luther's colleague Andreas Karlstadt at Leipzig and invited Luther to speak. Luther's boldest assertion in the debate was that Matthew 16:18 does not confer on popes the exclusive right to interpret scripture, and that therefore neither popes nor church councils were infallible. For this, Eck branded Luther a new Jan Hus, referring to the Czech reformer and heretic burned at the stake in 1415. From that moment, he devoted himself to Luther's defeat.

---

In January 1519, at Altenburg in Saxony, the papal nuncio Karl von Miltitz adopted a more conciliatory approach. Luther made certain concessions to the Saxon, who was a relative of the Elector, and promised to remain silent if his opponents did. The theologian Johann Eck, however, was determined to expose Luther's doctrine in a public forum. In June and July 1519, he staged a disputation with Luther's colleague Andreas Karlstadt at Leipzig and invited Luther to speak. Luther's boldest assertion in the debate was that Matthew 16:18 does not confer on popes the exclusive right to interpret scripture, and that therefore neither popes nor church councils were infallible. For this, Eck branded Luther a new Jan Hus, referring to the Czech reformer and heretic burned at the stake in 1415. From that moment, he devoted himself to Luther's defeat.",0.6893,-1.0,False,qwen2.5,"In January 1519, at Altenburg in Saxony, the papal nuncio Karl von Miltitz adopted a more conciliatory approach. Luther made certain concessions to the Saxon, who was a relative of the Elector, and promised to remain silent if his opponents did.",15.0718,,0.4464,True,0.2641,hallucinated,1.0,The answer directly supports the question by providing the specific time and location where Karl von Miltitz made concessions with Luther.
4417:hcpc_v1:qwen2.5,4417,squad,43,hcpc_v1,When did papal nuncio Karl von Miltitz get Luther to make concessions ?,January 1519,"In January 1519, at Altenburg in Saxony, the papal nuncio Karl von Miltitz adopted a more conciliatory approach. Luther made certain concessions to the Saxon, who was a relative of the Elector, and promised to remain silent if his opponents did

---

In January 1519, at Altenburg in Saxony, the papal nuncio Karl von Miltitz adopted a more conciliatory approach. Luther made certain concessions to the Saxon, who was a relative of the Elector, and promised to remain silent if his opponents did

---

In January 1519, at Altenburg in Saxony, the papal nuncio Karl von Miltitz adopted a more conciliatory approach. Luther made certain concessions to the Saxon, who was a relative of the Elector, and promised to remain silent if his opponents did",0.7518,-1.0,False,qwen2.5,"In January 1519, at Altenburg in Saxony, the papal nuncio Karl von Miltitz adopted a more conciliatory approach, which led Luther to make certain concessions to the Saxon, who was a relative of the Elector.",6.8337,,0.3274,True,0.243,hallucinated,1.0,The answer directly repeats the information provided in the context.
4418:hcpc_v2:qwen2.5,4418,squad,43,hcpc_v2,When did papal nuncio Karl von Miltitz get Luther to make concessions ?,January 1519,"In January 1519, at Altenburg in Saxony, the papal nuncio Karl von Miltitz adopted a more conciliatory approach. Luther made certain concessions to the Saxon, who was a relative of the Elector, and promised to remain silent if his opponents did. The theologian Johann Eck, however, was determined to expose Luther's doctrine in a public forum. In June and July 1519, he staged a disputation with Luther's colleague Andreas Karlstadt at Leipzig and invited Luther to speak. Luther's boldest assertion in the debate was that Matthew 16:18 does not confer on popes the exclusive right to interpret scripture, and that therefore neither popes nor church councils were infallible. For this, Eck branded Luther a new Jan Hus, referring to the Czech reformer and heretic burned at the stake in 1415. From that moment, he devoted himself to Luther's defeat.

---

In January 1519, at Altenburg in Saxony, the papal nuncio Karl von Miltitz adopted a more conciliatory approach. Luther made certain concessions to the Saxon, who was a relative of the Elector, and promised to remain silent if his opponents did. The theologian Johann Eck, however, was determined to expose Luther's doctrine in a public forum. In June and July 1519, he staged a disputation with Luther's colleague Andreas Karlstadt at Leipzig and invited Luther to speak. Luther's boldest assertion in the debate was that Matthew 16:18 does not confer on popes the exclusive right to interpret scripture, and that therefore neither popes nor church councils were infallible. For this, Eck branded Luther a new Jan Hus, referring to the Czech reformer and heretic burned at the stake in 1415. From that moment, he devoted himself to Luther's defeat.

---

In January 1519, at Altenburg in Saxony, the papal nuncio Karl von Miltitz adopted a more conciliatory approach. Luther made certain concessions to the Saxon, who was a relative of the Elector, and promised to remain silent if his opponents did. The theologian Johann Eck, however, was determined to expose Luther's doctrine in a public forum. In June and July 1519, he staged a disputation with Luther's colleague Andreas Karlstadt at Leipzig and invited Luther to speak. Luther's boldest assertion in the debate was that Matthew 16:18 does not confer on popes the exclusive right to interpret scripture, and that therefore neither popes nor church councils were infallible. For this, Eck branded Luther a new Jan Hus, referring to the Czech reformer and heretic burned at the stake in 1415. From that moment, he devoted himself to Luther's defeat.",0.6893,1.0,False,qwen2.5,"In January 1519, at Altenburg in Saxony, the papal nuncio Karl von Miltitz adopted a more conciliatory approach. Luther made certain concessions to the Saxon, who was a relative of the Elector, and promised to remain silent if his opponents did.",11.5021,,0.4464,True,0.2641,hallucinated,1.0,The answer directly supports the question by providing the specific time and location where Karl von Miltitz made concessions with Luther.
4470:baseline:qwen2.5,4470,squad,43,baseline,What did the benefits agency think sports channels on a TV bill meant?,a man's presence,"The Daily Mail newspaper reported in 2012 that the UK government's benefits agency was checking claimants' ""Sky TV bills to establish if a woman in receipt of benefits as a single mother is wrongly claiming to be living alone"" – as, it claimed, subscription to sports channels would betray a man's presence in the household. In December, the UK’s parliament heard a claim that a subscription to BSkyB was ‘often damaging’, along with alcohol, tobacco and gambling. Conservative MP Alec Shelbrooke was proposing the payments of benefits and tax credits on a ""Welfare Cash Card"", in the style of the Supplemental Nutrition Assistance Program, that could be used to buy only ""essentials"".

---

The Daily Mail newspaper reported in 2012 that the UK government's benefits agency was checking claimants' ""Sky TV bills to establish if a woman in receipt of benefits as a single mother is wrongly claiming to be living alone"" – as, it claimed, subscription to sports channels would betray a man's presence in the household. In December, the UK’s parliament heard a claim that a subscription to BSkyB was ‘often damaging’, along with alcohol, tobacco and gambling. Conservative MP Alec Shelbrooke was proposing the payments of benefits and tax credits on a ""Welfare Cash Card"", in the style of the Supplemental Nutrition Assistance Program, that could be used to buy only ""essentials"".

---

The Daily Mail newspaper reported in 2012 that the UK government's benefits agency was checking claimants' ""Sky TV bills to establish if a woman in receipt of benefits as a single mother is wrongly claiming to be living alone"" – as, it claimed, subscription to sports channels would betray a man's presence in the household. In December, the UK’s parliament heard a claim that a subscription to BSkyB was ‘often damaging’, along with alcohol, tobacco and gambling. Conservative MP Alec Shelbrooke was proposing the payments of benefits and tax credits on a ""Welfare Cash Card"", in the style of the Supplemental Nutrition Assistance Program, that could be used to buy only ""essentials"".",0.5485,-1.0,False,qwen2.5,"The benefits agency thought that subscription to sports channels on a TV bill would betray a man's presence in the household, suggesting that a woman claiming benefits as a single mother might be wrongly claiming to be living alone.",9.0156,,0.3868,True,0.142,hallucinated,1.0,The answer directly reflects the information provided in the context.
4471:hcpc_v1:qwen2.5,4471,squad,43,hcpc_v1,What did the benefits agency think sports channels on a TV bill meant?,a man's presence,"living alone"" – as, it claimed, subscription to sports channels would betray a man's presence in the household

---

living alone"" – as, it claimed, subscription to sports channels would betray a man's presence in the household

---

living alone"" – as, it claimed, subscription to sports channels would betray a man's presence in the household",0.4893,-1.0,False,qwen2.5,The benefits agency thought that subscription to sports channels on a TV bill would betray a man's presence in the household.,3.5458,,0.4228,True,0.1906,hallucinated,1.0,The answer directly repeats the claim made by the benefits agency in the context.
4472:hcpc_v2:qwen2.5,4472,squad,43,hcpc_v2,What did the benefits agency think sports channels on a TV bill meant?,a man's presence,"The Daily Mail newspaper reported in 2012 that the UK government's benefits agency was checking claimants' ""Sky TV bills to establish if a woman in receipt of benefits as a single mother is wrongly claiming to be living alone"" – as, it claimed, subscription to sports channels would betray a man's presence in the household. In December, the UK’s parliament heard a claim that a subscription to BSkyB was ‘often damaging’, along with alcohol, tobacco and gambling. Conservative MP Alec Shelbrooke was proposing the payments of benefits and tax credits on a ""Welfare Cash Card"", in the style of the Supplemental Nutrition Assistance Program, that could be used to buy only ""essentials"".

---

The Daily Mail newspaper reported in 2012 that the UK government's benefits agency was checking claimants' ""Sky TV bills to establish if a woman in receipt of benefits as a single mother is wrongly claiming to be living alone"" – as, it claimed, subscription to sports channels would betray a man's presence in the household. In December, the UK’s parliament heard a claim that a subscription to BSkyB was ‘often damaging’, along with alcohol, tobacco and gambling. Conservative MP Alec Shelbrooke was proposing the payments of benefits and tax credits on a ""Welfare Cash Card"", in the style of the Supplemental Nutrition Assistance Program, that could be used to buy only ""essentials"".

---

The Daily Mail newspaper reported in 2012 that the UK government's benefits agency was checking claimants' ""Sky TV bills to establish if a woman in receipt of benefits as a single mother is wrongly claiming to be living alone"" – as, it claimed, subscription to sports channels would betray a man's presence in the household. In December, the UK’s parliament heard a claim that a subscription to BSkyB was ‘often damaging’, along with alcohol, tobacco and gambling. Conservative MP Alec Shelbrooke was proposing the payments of benefits and tax credits on a ""Welfare Cash Card"", in the style of the Supplemental Nutrition Assistance Program, that could be used to buy only ""essentials"".",0.5485,1.0,False,qwen2.5,"The benefits agency thought that subscription to sports channels on a TV bill would betray a man's presence in the household, suggesting that a woman claiming benefits as a single mother might be wrongly claiming to be living alone.",9.6668,,0.3868,True,0.142,hallucinated,1.0,The answer directly reflects the information provided in the context.
4611:baseline:qwen2.5,4611,squad,44,baseline,What is one of the largest and most modern oncological institutions in Europe?,Maria Skłodowska-Curie Institute of Oncology,"Today, Warsaw has some of the best medical facilities in Poland and East-Central Europe. The city is home to the Children's Memorial Health Institute (CMHI), the highest-reference hospital in all of Poland, as well as an active research and education center. While the Maria Skłodowska-Curie Institute of Oncology it is one of the largest and most modern oncological institutions in Europe. The clinical section is located in a 10-floor building with 700 beds, 10 operating theatres, an intensive care unit, several diagnostic departments as well as an outpatient clinic. The infrastructure has developed a lot over the past years.

---

The University of Warsaw was established in 1816, when the partitions of Poland separated Warsaw from the oldest and most influential Polish academic center, in Kraków. Warsaw University of Technology is the second academic school of technology in the country, and one of the largest in East-Central Europe, employing 2,000 professors. Other institutions for higher education include the Medical University of Warsaw, the largest medical school in Poland and one of the most prestigious, the National Defence University, highest military academic institution in Poland, the Fryderyk Chopin University of Music the oldest and largest music school in Poland, and one of the largest in Europe, the Warsaw School of Economics, the oldest and most renowned economic university in the country, and the Warsaw University of Life Sciences the largest agricultural university founded in 1818.

---

In 2012 the Economist Intelligence Unit ranked Warsaw as the 32nd most liveable city in the world. It was also ranked as one of the most liveable cities in Central Europe. Today Warsaw is considered an ""Alpha–"" global city, a major international tourist destination and a significant cultural, political and economic hub. Warsaw's economy, by a wide variety of industries, is characterised by FMCG manufacturing, metal processing, steel and electronic manufacturing and food processing. The city is a significant centre of research and development, BPO, ITO, as well as of the Polish media industry. The Warsaw Stock Exchange is one of the largest and most important in Central and Eastern Europe. Frontex, the European Union agency for external border security, has its headquarters in Warsaw. It has been said that Warsaw, together with Frankfurt, London, Paris and Barcelona is one of the cities with the highest number of skyscrapers in the European Union",0.3709,-1.0,False,qwen2.5,One of the largest and most modern oncological institutions in Europe is the Maria Skłodowska-Curie Institute of Oncology.,8.353,,0.6604,False,0.4804,hallucinated,1.0,The answer directly matches the factual claim provided in the context.
4612:hcpc_v1:qwen2.5,4612,squad,44,hcpc_v1,What is one of the largest and most modern oncological institutions in Europe?,Maria Skłodowska-Curie Institute of Oncology,". While the Maria Skłodowska-Curie Institute of Oncology it is one of the largest and most modern oncological institutions in Europe

---

. Other institutions for higher education include the Medical University of Warsaw, the largest medical school in Poland and one of the most prestigious, the National Defence University, highest military academic institution in Poland, the Fryderyk Chopin

---

In 2012 the Economist Intelligence Unit ranked Warsaw as the 32nd most liveable city in the world. It was also ranked as one of the most liveable cities in Central Europe",0.4594,-1.0,False,qwen2.5,One of the largest and most modern oncological institutions in Europe is the Maria Skłodowska-Curie Institute of Oncology.,4.2819,,0.6604,False,0.4804,hallucinated,1.0,The answer directly quotes the provided context.
4613:hcpc_v2:qwen2.5,4613,squad,44,hcpc_v2,What is one of the largest and most modern oncological institutions in Europe?,Maria Skłodowska-Curie Institute of Oncology,"Today, Warsaw has some of the best medical facilities in Poland and East-Central Europe. The city is home to the Children's Memorial Health Institute (CMHI), the highest-reference hospital in all of Poland, as well as an active research and education center. While the Maria Skłodowska-Curie Institute of Oncology it is one of the largest and most modern oncological institutions in Europe. The clinical section is located in a 10-floor building with 700 beds, 10 operating theatres, an intensive care unit, several diagnostic departments as well as an outpatient clinic. The infrastructure has developed a lot over the past years.

---

The University of Warsaw was established in 1816, when the partitions of Poland separated Warsaw from the oldest and most influential Polish academic center, in Kraków. Warsaw University of Technology is the second academic school of technology in the country, and one of the largest in East-Central Europe, employing 2,000 professors. Other institutions for higher education include the Medical University of Warsaw, the largest medical school in Poland and one of the most prestigious, the National Defence University, highest military academic institution in Poland, the Fryderyk Chopin University of Music the oldest and largest music school in Poland, and one of the largest in Europe, the Warsaw School of Economics, the oldest and most renowned economic university in the country, and the Warsaw University of Life Sciences the largest agricultural university founded in 1818.

---

In 2012 the Economist Intelligence Unit ranked Warsaw as the 32nd most liveable city in the world. It was also ranked as one of the most liveable cities in Central Europe . Today Warsaw is considered an ""Alpha–"" global city, a major international tourist destination and a significant cultural, political and economic hub . Warsaw's economy, by a wide variety of industries, is characterised by FMCG manufacturing, metal processing, steel and electronic manufacturing and food processing . The city is a significant centre of research and development, BPO, ITO, as well as of the Polish media industry. The Warsaw Stock Exchange is one of the largest and most important in Central and Eastern Europe . Frontex, the European Union agency for external border security, has its headquarters in Warsaw . It has been said that Warsaw, together with Frankfurt, London, Paris and Barcelona is one of the cities with the highest number of skyscrapers in the European Union",0.3719,0.4124,True,qwen2.5,One of the largest and most modern oncological institutions in Europe is the Maria Skłodowska-Curie Institute of Oncology.,8.4637,,0.6604,False,0.4804,hallucinated,1.0,The answer directly matches the factual claim provided in the context.
4749:baseline:qwen2.5,4749,squad,44,baseline,What did Luther use as accompaniment to his hymns?,lute,"Luther's 1541 hymn ""Christ unser Herr zum Jordan kam"" (""To Jordan came the Christ our Lord"") reflects the structure and substance of his questions and answers concerning baptism in the Small Catechism. Luther adopted a preexisting Johann Walter tune associated with a hymnic setting of Psalm 67's prayer for grace; Wolf Heintz's four-part setting of the hymn was used to introduce the Lutheran Reformation in Halle in 1541. Preachers and composers of the 18th century, including J. S. Bach, used this rich hymn as a subject for their own work, although its objective baptismal theology was displaced by more subjective hymns under the influence of late-19th-century Lutheran pietism.

---

Luther was a prolific hymn-writer, authoring hymns such as ""Ein feste Burg ist unser Gott"" (""A Mighty Fortress Is Our God""), based on Psalm 46, and ""Vom Himmel hoch, da komm ich her"" (""From Heaven Above to Earth I Come""), based on Luke 2:11–12. Luther connected high art and folk music, also all classes, clergy and laity, men, women and children. His tool of choice for this connection was the singing of German hymns in connection with worship, school, home, and the public arena. He often accompanied the sung hymns with a lute, later recreated as the waldzither that became a national instrument of Germany in the 20th century.

---

Luther's hymns were included in early Lutheran hymnals and spread the ideas of the Reformation. He supplied four of eight songs of the First Lutheran hymnal Achtliederbuch, 18 of 26 songs of the Erfurt Enchiridion, and 24 of the 32 songs in the first choral hymnal with settings by Johann Walter, Eyn geystlich Gesangk Buchleyn, all published in 1524.",0.6369,-1.0,False,qwen2.5,"According to the provided context, Luther often accompanied the sung hymns with a lute.",6.6543,,0.5,False,0.6981,faithful,1.0,The answer directly supports this by stating that Luther often accompanied his sung hymns with a lute.
4750:hcpc_v1:qwen2.5,4750,squad,44,hcpc_v1,What did Luther use as accompaniment to his hymns?,lute,". Luther adopted a preexisting Johann Walter tune associated with a hymnic setting of Psalm 67's prayer for grace; Wolf Heintz's four-part setting of the hymn was used to introduce the Lutheran Reformation in Halle in 1541

---

. Luther connected high art and folk music, also all classes, clergy and laity, men, women and children. His tool of choice for this connection was the singing of German hymns in connection with worship, school, home, and the public arena

---

Luther's hymns were included in early Lutheran hymnals and spread the ideas of the Reformation",0.6982,-1.0,False,qwen2.5,I cannot find this information in the provided context.,2.6507,,0.5531,False,0.0941,hallucinated,0.0,"The answer asks about what Luther used as accompaniment to his hymns, but the context does not provide any information about the type of accompaniment."
4751:hcpc_v2:qwen2.5,4751,squad,44,hcpc_v2,What did Luther use as accompaniment to his hymns?,lute,"Luther's 1541 hymn ""Christ unser Herr zum Jordan kam"" (""To Jordan came the Christ our Lord"") reflects the structure and substance of his questions and answers concerning baptism in the Small Catechism. Luther adopted a preexisting Johann Walter tune associated with a hymnic setting of Psalm 67's prayer for grace; Wolf Heintz's four-part setting of the hymn was used to introduce the Lutheran Reformation in Halle in 1541. Preachers and composers of the 18th century, including J. S. Bach, used this rich hymn as a subject for their own work, although its objective baptismal theology was displaced by more subjective hymns under the influence of late-19th-century Lutheran pietism.

---

Luther was a prolific hymn-writer, authoring hymns such as ""Ein feste Burg ist unser Gott"" (""A Mighty Fortress Is Our God""), based on Psalm 46, and ""Vom Himmel hoch, da komm ich her"" (""From Heaven Above to Earth I Come""), based on Luke 2:11–12. Luther connected high art and folk music, also all classes, clergy and laity, men, women and children. His tool of choice for this connection was the singing of German hymns in connection with worship, school, home, and the public arena. He often accompanied the sung hymns with a lute, later recreated as the waldzither that became a national instrument of Germany in the 20th century.

---

Luther's hymns were included in early Lutheran hymnals and spread the ideas of the Reformation. He supplied four of eight songs of the First Lutheran hymnal Achtliederbuch, 18 of 26 songs of the Erfurt Enchiridion, and 24 of the 32 songs in the first choral hymnal with settings by Johann Walter, Eyn geystlich Gesangk Buchleyn, all published in 1524.",0.6369,0.5936,False,qwen2.5,"According to the provided context, Luther often accompanied the sung hymns with a lute.",6.1615,,0.5,False,0.6981,faithful,1.0,The answer directly supports this by stating that Luther often accompanied his sung hymns with a lute.
4818:baseline:qwen2.5,4818,squad,44,baseline,Warsaw's National Museum is one of the most what?,prestigious,"A fine tribute to the fall of Warsaw and history of Poland can be found in the Warsaw Uprising Museum and in the Katyń Museum which preserves the memory of the crime. The Warsaw Uprising Museum also operates a rare preserved and operating historic stereoscopic theatre, the Warsaw Fotoplastikon. The Museum of Independence preserves patriotic and political objects connected with Poland's struggles for independence. Dating back to 1936 Warsaw Historical Museum contains 60 rooms which host a permanent exhibition of the history of Warsaw from its origins until today.

---

The city is the seat of a Roman Catholic archdiocese (left bank of the Vistula) and diocese (right bank), and possesses various universities, most notably the Polish Academy of Sciences and the University of Warsaw, two opera houses, theatres, museums, libraries and monuments. The historic city-centre of Warsaw with its picturesque Old Town in 1980 was listed as a UNESCO World Heritage Site. Other main architectural attractions include the Castle Square with the Royal Castle and the iconic King Sigismund's Column, St. John's Cathedral, Market Square, palaces, churches and mansions all displaying a richness of colour and architectural detail. Buildings represent examples of nearly every European architectural style and historical period. Warsaw provides many examples of architecture from the gothic, renaissance, baroque and neoclassical periods, and around a quarter of the city is filled with luxurious parks and royal gardens.

---

As interesting examples of expositions the most notable are: the world's first Museum of Posters boasting one of the largest collections of art posters in the world, Museum of Hunting and Riding and the Railway Museum. From among Warsaw's 60 museums, the most prestigious ones are National Museum with a collection of works whose origin ranges in time from antiquity till the present epoch as well as one of the best collections of paintings in the country including some paintings from Adolf Hitler's private collection, and Museum of the Polish Army whose set portrays the history of arms.",0.6302,-1.0,False,qwen2.5,Warsaw's National Museum is one of the most prestigious ones.,5.6039,,0.7746,False,0.7164,faithful,1.0,The context clearly states that the National Museum in Warsaw is one of the most prestigious museums in the city.
4819:hcpc_v1:qwen2.5,4819,squad,44,hcpc_v1,Warsaw's National Museum is one of the most what?,prestigious,". The Warsaw Uprising Museum also operates a rare preserved and operating historic stereoscopic theatre, the Warsaw Fotoplastikon. The Museum of Independence preserves patriotic and political objects connected with Poland's struggles for independence

---

The city is the seat of a Roman Catholic archdiocese (left bank of the Vistula) and diocese (right bank), and possesses various universities, most notably the Polish Academy of Sciences and the University of Warsaw, two opera houses, theatres, museums,

---

. From among Warsaw's 60 museums, the most prestigious ones are National Museum with a collection of works whose origin ranges in time from antiquity till the present epoch as well as one of the best collections of paintings in the country including some",0.6807,-1.0,False,qwen2.5,Warsaw's National Museum is one of the most prestigious ones.,3.0646,,0.7746,False,0.7164,faithful,1.0,"The answer directly quotes the context that states 'From among Warsaw's 60 museums, the most prestigious ones are National Museum...' which supports the claim that Warsaw's National Museum is one of the most prestigious museums in Warsaw."
4820:hcpc_v2:qwen2.5,4820,squad,44,hcpc_v2,Warsaw's National Museum is one of the most what?,prestigious,"A fine tribute to the fall of Warsaw and history of Poland can be found in the Warsaw Uprising Museum and in the Katyń Museum which preserves the memory of the crime. The Warsaw Uprising Museum also operates a rare preserved and operating historic stereoscopic theatre, the Warsaw Fotoplastikon. The Museum of Independence preserves patriotic and political objects connected with Poland's struggles for independence. Dating back to 1936 Warsaw Historical Museum contains 60 rooms which host a permanent exhibition of the history of Warsaw from its origins until today.

---

The city is the seat of a Roman Catholic archdiocese (left bank of the Vistula) and diocese (right bank), and possesses various universities, most notably the Polish Academy of Sciences and the University of Warsaw, two opera houses, theatres, museums, libraries and monuments. The historic city-centre of Warsaw with its picturesque Old Town in 1980 was listed as a UNESCO World Heritage Site. Other main architectural attractions include the Castle Square with the Royal Castle and the iconic King Sigismund's Column, St. John's Cathedral, Market Square, palaces, churches and mansions all displaying a richness of colour and architectural detail. Buildings represent examples of nearly every European architectural style and historical period. Warsaw provides many examples of architecture from the gothic, renaissance, baroque and neoclassical periods, and around a quarter of the city is filled with luxurious parks and royal gardens.

---

As interesting examples of expositions the most notable are: the world's first Museum of Posters boasting one of the largest collections of art posters in the world, Museum of Hunting and Riding and the Railway Museum. From among Warsaw's 60 museums, the most prestigious ones are National Museum with a collection of works whose origin ranges in time from antiquity till the present epoch as well as one of the best collections of paintings in the country including some paintings from Adolf Hitler's private collection, and Museum of the Polish Army whose set portrays the history of arms.",0.6302,0.4565,False,qwen2.5,Warsaw's National Museum is one of the most prestigious ones.,5.5747,,0.7746,False,0.7164,faithful,1.0,The context clearly states that the National Museum in Warsaw is one of the most prestigious museums in the city.
4824:baseline:qwen2.5,4824,squad,44,baseline,What party is strongest in Melbourne's affluent areas?,Liberal Party,"The centre-left Australian Labor Party (ALP), the centre-right Liberal Party of Australia, the rural-based National Party of Australia, and the environmentalist Australian Greens are Victoria's main political parties. Traditionally, Labor is strongest in Melbourne's working class western and northern suburbs, and the regional cities of Ballarat, Bendigo and Geelong. The Liberals' main support lies in Melbourne's more affluent eastern and outer suburbs, and some rural and regional centres. The Nationals are strongest in Victoria's North Western and Eastern rural regional areas. The Greens, who won their first lower house seats in 2014, are strongest in inner Melbourne.

---

Major events also play a big part in tourism in Victoria, particularly cultural tourism and sports tourism. Most of these events are centred on Melbourne, but others occur in regional cities, such as the V8 Supercars and Australian Motorcycle Grand Prix at Phillip Island, the Grand Annual Steeplechase at Warrnambool and the Australian International Airshow at Geelong and numerous local festivals such as the popular Port Fairy Folk Festival, Queenscliff Music Festival, Bells Beach SurfClassic and the Bright Autumn Festival.

---

Victoria (abbreviated as Vic) is a state in the south-east of Australia. Victoria is Australia's most densely populated state and its second-most populous state overall. Most of its population is concentrated in the area surrounding Port Phillip Bay, which includes the metropolitan area of its capital and largest city, Melbourne, which is Australia's second-largest city. Geographically the smallest state on the Australian mainland, Victoria is bordered by Bass Strait and Tasmania to the south,[note 1] New South Wales to the north, the Tasman Sea to the east, and South Australia to the west.",0.5031,-1.0,False,qwen2.5,The Liberal Party of Australia is strongest in Melbourne's more affluent eastern and outer suburbs.,5.4121,,0.7343,False,0.3268,hallucinated,1.0,The answer directly matches the information provided in the context.
4825:hcpc_v1:qwen2.5,4825,squad,44,hcpc_v1,What party is strongest in Melbourne's affluent areas?,Liberal Party,". The Liberals' main support lies in Melbourne's more affluent eastern and outer suburbs, and some rural and regional centres. The Nationals are strongest in Victoria's North Western and Eastern rural regional areas

---

Major events also play a big part in tourism in Victoria, particularly cultural tourism and sports tourism

---

. Most of its population is concentrated in the area surrounding Port Phillip Bay, which includes the metropolitan area of its capital and largest city, Melbourne, which is Australia's second-largest city",0.5169,-1.0,False,qwen2.5,The Liberals are strongest in Melbourne's affluent areas.,2.0915,,0.7926,False,0.3758,hallucinated,1.0,The answer directly quotes the provided context.
4826:hcpc_v2:qwen2.5,4826,squad,44,hcpc_v2,What party is strongest in Melbourne's affluent areas?,Liberal Party,"The centre-left Australian Labor Party (ALP), the centre-right Liberal Party of Australia, the rural-based National Party of Australia, and the environmentalist Australian Greens are Victoria's main political parties. Traditionally, Labor is strongest in Melbourne's working class western and northern suburbs, and the regional cities of Ballarat, Bendigo and Geelong. The Liberals' main support lies in Melbourne's more affluent eastern and outer suburbs, and some rural and regional centres. The Nationals are strongest in Victoria's North Western and Eastern rural regional areas. The Greens, who won their first lower house seats in 2014, are strongest in inner Melbourne.

---

Major events also play a big part in tourism in Victoria, particularly cultural tourism and sports tourism. Most of these events are centred on Melbourne, but others occur in regional cities, such as the V8 Supercars and Australian Motorcycle Grand Prix at Phillip Island, the Grand Annual Steeplechase at Warrnambool and the Australian International Airshow at Geelong and numerous local festivals such as the popular Port Fairy Folk Festival, Queenscliff Music Festival, Bells Beach SurfClassic and the Bright Autumn Festival.

---

Victoria (abbreviated as Vic) is a state in the south-east of Australia. Victoria is Australia's most densely populated state and its second-most populous state overall . Most of its population is concentrated in the area surrounding Port Phillip Bay, which includes the metropolitan area of its capital and largest city, Melbourne, which is Australia's second-largest city . Geographically the smallest state on the Australian mainland, Victoria is bordered by Bass Strait and Tasmania to the south,[note 1] New South Wales to the north, the Tasman Sea to the east, and South Australia to the west.",0.5038,0.3168,True,qwen2.5,The Liberal Party of Australia is strongest in Melbourne's more affluent eastern and outer suburbs.,5.6391,,0.7343,False,0.3268,hallucinated,1.0,The answer directly matches the information provided in the context.
5208:baseline:qwen2.5,5208,squad,44,baseline,Who was limited by Denver's defense?,Newton was limited by Denver's defense,"Denver took the opening kickoff and started out strong with Peyton Manning completing an 18-yard pass to tight end Owen Daniels and a 22-yard throw to receiver Andre Caldwell. A pair of carries by C. J. Anderson moved the ball up 20 yards to the Panthers 14-yard line, but Carolina's defense dug in over the next three plays. First, linebacker Shaq Thompson tackled Ronnie Hillman for a 3-yard loss. Then after an incompletion, Thomas Davis tackled Anderson for a 1-yard gain on third down, forcing Denver to settle for a 3–0 lead on a Brandon McManus 34-yard field goal. The score marked the first time in the entire postseason that Carolina was facing a deficit.

---

. With the defense carrying the team despite the issues with the offense, the Broncos finished the regular season with a 12–4 record and earned home-field advantage throughout the AFC playoffs.

---

With 4:51 left in regulation, Carolina got the ball on their own 24-yard line with a chance to mount a game-winning drive, and soon faced 3rd-and-9. On the next play, Miller stripped the ball away from Newton, and after several players dove for it, it took a long bounce backwards and was recovered by Ward, who returned it five yards to the Panthers 4-yard line. Although several players dove into the pile to attempt to recover it, Newton did not and his lack of aggression later earned him heavy criticism. Meanwhile, Denver's offense was kept out of the end zone for three plays, but a holding penalty on cornerback Josh Norman gave the Broncos a new set of downs. Then Anderson scored on a 2-yard touchdown run and Manning completed a pass to Bennie Fowler for a 2-point conversion, giving Denver a 24–10 lead with 3:08 left and essentially putting the game away. Carolina had two more drives, but failed to get a first down on each one.",0.4938,-1.0,False,qwen2.5,"The context does not explicitly state that any player was ""limited"" by Denver's defense. However, it does mention that Carolina's offense faced challenges due to Denver's defensive efforts, as evidenced by the description of a series of plays where Carolina struggled to advance the ball and eventually lost possession of the ball through a fumble recovery by Denver. Therefore, while not directly stated, it can be inferred that Carolina's offense was limited by Denver's defense.",13.6768,,0.4359,True,0.463,hallucinated,0.8,"The context does not explicitly state that any player was 'limited', but it implies that Carolina's offense struggled due to Denver's defensive efforts, as evidenced by the description of a series of plays where Carolina faced challenges advancing the ball and eventually lost possession of the ball through a fumble recovery by Denver."
5209:hcpc_v1:qwen2.5,5209,squad,44,hcpc_v1,Who was limited by Denver's defense?,Newton was limited by Denver's defense,"Denver took the opening kickoff and started out strong with Peyton Manning completing an 18-yard pass to tight end Owen Daniels and a 22-yard throw to receiver Andre Caldwell. A pair of carries by C. J

---

. With the defense carrying the team despite the issues with the offense, the Broncos finished the regular season with a 12–4 record and earned home-field advantage throughout the AFC playoffs.

---

. Meanwhile, Denver's offense was kept out of the end zone for three plays, but a holding penalty on cornerback Josh Norman gave the Broncos a new set of downs",0.5981,-1.0,False,qwen2.5,I cannot find this information in the provided context.,2.3466,,0.5531,False,0.0941,hallucinated,0.0,The answer 'Who was limited by Denver's defense?' is not directly supported by the provided context.
5210:hcpc_v2:qwen2.5,5210,squad,44,hcpc_v2,Who was limited by Denver's defense?,Newton was limited by Denver's defense,"Denver took the opening kickoff and started out strong with Peyton Manning completing an 18-yard pass to tight end Owen Daniels and a 22-yard throw to receiver Andre Caldwell. A pair of carries by C. J. Anderson moved the ball up 20 yards to the Panthers 14-yard line, but Carolina's defense dug in over the next three plays. First, linebacker Shaq Thompson tackled Ronnie Hillman for a 3-yard loss. Then after an incompletion, Thomas Davis tackled Anderson for a 1-yard gain on third down, forcing Denver to settle for a 3–0 lead on a Brandon McManus 34-yard field goal. The score marked the first time in the entire postseason that Carolina was facing a deficit.

---

. With the defense carrying the team despite the issues with the offense, the Broncos finished the regular season with a 12–4 record and earned home-field advantage throughout the AFC playoffs.

---

With 4:51 left in regulation, Carolina got the ball on their own 24-yard line with a chance to mount a game-winning drive, and soon faced 3rd-and-9 . On the next play, Miller stripped the ball away from Newton, and after several players dove for it, it took a long bounce backwards and was recovered by Ward, who returned it five yards to the Panthers 4-yard line . Although several players dove into the pile to attempt to recover it, Newton did not and his lack of aggression later earned him heavy criticism . Meanwhile, Denver's offense was kept out of the end zone for three plays, but a holding penalty on cornerback Josh Norman gave the Broncos a new set of downs . Then Anderson scored on a 2-yard touchdown run and Manning completed a pass to Bennie Fowler for a 2-point conversion, giving Denver a 24–10 lead with 3:08 left and essentially putting the game away . Carolina had two more drives, but failed to get a first down on each one.",0.4961,0.4527,True,qwen2.5,"The context does not explicitly state that any player was ""limited"" by Denver's defense. However, it does mention that Carolina's offense faced challenges due to Denver's defensive efforts, as evidenced by the description of Carolina's struggles to move the ball and the eventual turnover on downs. Therefore, while not directly stated, it can be inferred that Carolina's offense was limited by Denver's defense.",11.0918,,0.4234,True,0.462,hallucinated,0.8,"The context does not explicitly state that any player was 'limited', but it implies that Carolina's offense struggled due to Denver's defensive efforts."
5265:baseline:qwen2.5,5265,squad,44,baseline,How many extended metropolitan areas are there?,two,"Six of the seven lines of the commuter rail system, Metrolink, run out of Downtown Los Angeles, connecting Los Angeles, Ventura, San Bernardino, Riverside, Orange, and San Diego counties with the other line connecting San Bernardino, Riverside, and Orange counties directly.

---

Southern California includes the heavily built-up urban area stretching along the Pacific coast from Ventura, through the Greater Los Angeles Area and the Inland Empire, and down to Greater San Diego. Southern California's population encompasses seven metropolitan areas, or MSAs: the Los Angeles metropolitan area, consisting of Los Angeles and Orange counties; the Inland Empire, consisting of Riverside and San Bernardino counties; the San Diego metropolitan area; the Oxnard–Thousand Oaks–Ventura metropolitan area; the Santa Barbara metro area; the San Luis Obispo metropolitan area; and the El Centro area. Out of these, three are heavy populated areas: the Los Angeles area with over 12 million inhabitants, the Riverside-San Bernardino area with over four million inhabitants, and the San Diego area with over 3 million inhabitants

---

Southern California consists of one Combined Statistical Area, eight Metropolitan Statistical Areas, one international metropolitan area, and multiple metropolitan divisions. The region is home to two extended metropolitan areas that exceed five million in population. These are the Greater Los Angeles Area at 17,786,419, and San Diego–Tijuana at 5,105,768. Of these metropolitan areas, the Los Angeles-Long Beach-Santa Ana metropolitan area, Riverside-San Bernardino-Ontario metropolitan area, and Oxnard-Thousand Oaks-Ventura metropolitan area form Greater Los Angeles; while the El Centro metropolitan area and San Diego-Carlsbad-San Marcos metropolitan area form the Southern Border Region. North of Greater Los Angeles are the Santa Barbara, San Luis Obispo, and Bakersfield metropolitan areas.",0.4916,-1.0,False,qwen2.5,There are two extended metropolitan areas that exceed five million in population according to the provided context: the Greater Los Angeles Area and San Diego–Tijuana.,6.8933,,0.5966,False,0.4158,hallucinated,1.0,The answer directly supports the question by stating the number of extended metropolitan areas that exceed five million in population according to the provided context.
5266:hcpc_v1:qwen2.5,5266,squad,44,hcpc_v1,How many extended metropolitan areas are there?,two,"Six of the seven lines of the commuter rail system, Metrolink, run out of Downtown Los Angeles, connecting Los Angeles, Ventura, San Bernardino, Riverside, Orange, and San Diego counties with the other line connecting San Bernardino, Riverside, and Orange

---

. Out of these, three are heavy populated areas: the Los Angeles area with over 12 million inhabitants, the Riverside-San Bernardino area with over four million inhabitants, and the San Diego area with over 3 million inhabitants

---

. The region is home to two extended metropolitan areas that exceed five million in population. These are the Greater Los Angeles Area at 17,786,419, and San Diego–Tijuana at 5,105,768",0.4959,-1.0,False,qwen2.5,There are two extended metropolitan areas that exceed five million in population according to the provided context. These are the Greater Los Angeles Area and San Diego–Tijuana.,5.0761,,0.6842,False,0.3744,hallucinated,1.0,The answer directly supports the question by stating the number of extended metropolitan areas that exceed five million in population according to the provided context.
5267:hcpc_v2:qwen2.5,5267,squad,44,hcpc_v2,How many extended metropolitan areas are there?,two,"Six of the seven lines of the commuter rail system, Metrolink, run out of Downtown Los Angeles, connecting Los Angeles, Ventura, San Bernardino, Riverside, Orange, and San Diego counties with the other line connecting San Bernardino, Riverside, and Orange counties directly.

---

Southern California includes the heavily built-up urban area stretching along the Pacific coast from Ventura, through the Greater Los Angeles Area and the Inland Empire, and down to Greater San Diego. Southern California's population encompasses seven metropolitan areas, or MSAs: the Los Angeles metropolitan area, consisting of Los Angeles and Orange counties; the Inland Empire, consisting of Riverside and San Bernardino counties; the San Diego metropolitan area; the Oxnard–Thousand Oaks–Ventura metropolitan area; the Santa Barbara metro area; the San Luis Obispo metropolitan area; and the El Centro area. Out of these, three are heavy populated areas: the Los Angeles area with over 12 million inhabitants, the Riverside-San Bernardino area with over four million inhabitants, and the San Diego area with over 3 million inhabitants

---

Southern California consists of one Combined Statistical Area, eight Metropolitan Statistical Areas, one international metropolitan area, and multiple metropolitan divisions. The region is home to two extended metropolitan areas that exceed five million in population. These are the Greater Los Angeles Area at 17,786,419, and San Diego–Tijuana at 5,105,768. Of these metropolitan areas, the Los Angeles-Long Beach-Santa Ana metropolitan area, Riverside-San Bernardino-Ontario metropolitan area, and Oxnard-Thousand Oaks-Ventura metropolitan area form Greater Los Angeles; while the El Centro metropolitan area and San Diego-Carlsbad-San Marcos metropolitan area form the Southern Border Region. North of Greater Los Angeles are the Santa Barbara, San Luis Obispo, and Bakersfield metropolitan areas.",0.4916,0.4075,False,qwen2.5,There are two extended metropolitan areas that exceed five million in population according to the provided context: the Greater Los Angeles Area and San Diego–Tijuana.,6.6928,,0.5966,False,0.4158,hallucinated,1.0,The answer directly supports the question by stating the number of extended metropolitan areas that exceed five million in population according to the provided context.
5466:baseline:qwen2.5,5466,squad,44,baseline,What can hurt a teacher's mental and physical health?,occupational stress,"Teachers face several occupational hazards in their line of work, including occupational stress, which can negatively impact teachers' mental and physical health, productivity, and students' performance. Stress can be caused by organizational change, relationships with students, fellow teachers, and administrative personnel, working environment, expectations to substitute, long hours with a heavy workload, and inspections. Teachers are also at high risk for occupational burnout.

---

There are several ways to mitigate the occupational hazards of teaching. Organizational interventions, like changing teachers' schedules, providing support networks and mentoring, changing the work environment, and offering promotions and bonuses, may be effective in helping to reduce occupational stress among teachers. Individual-level interventions, including stress-management training and counseling, are also used to relieve occupational stress among teachers.

---

A 2000 study found that 42% of UK teachers experienced occupational stress, twice the figure for the average profession. A 2012 study found that teachers experienced double the rate of anxiety, depression, and stress than average workers.",0.5486,-1.0,False,qwen2.5,Occupational stress can negatively impact teachers' mental and physical health.,3.8168,,0.8482,False,0.3819,hallucinated,1.0,The answer directly quotes the context stating that occupational stress can negatively impact teachers' mental and physical health.
5467:hcpc_v1:qwen2.5,5467,squad,44,hcpc_v1,What can hurt a teacher's mental and physical health?,occupational stress,"Teachers face several occupational hazards in their line of work, including occupational stress, which can negatively impact teachers' mental and physical health, productivity, and students' performance

---

There are several ways to mitigate the occupational hazards of teaching

---

A 2000 study found that 42% of UK teachers experienced occupational stress, twice the figure for the average profession. A 2012 study found that teachers experienced double the rate of anxiety, depression, and stress than average workers.",0.6006,-1.0,False,qwen2.5,Occupational stress can negatively impact teachers' mental and physical health.,2.15,,0.8482,False,0.3819,hallucinated,1.0,"The answer directly supports the question by citing occupational stress as a factor that can hurt a teacher's mental and physical health, which is backed up by the provided context."
5468:hcpc_v2:qwen2.5,5468,squad,44,hcpc_v2,What can hurt a teacher's mental and physical health?,occupational stress,"Teachers face several occupational hazards in their line of work, including occupational stress, which can negatively impact teachers' mental and physical health, productivity, and students' performance. Stress can be caused by organizational change, relationships with students, fellow teachers, and administrative personnel, working environment, expectations to substitute, long hours with a heavy workload, and inspections. Teachers are also at high risk for occupational burnout.

---

There are several ways to mitigate the occupational hazards of teaching. Organizational interventions, like changing teachers' schedules, providing support networks and mentoring, changing the work environment, and offering promotions and bonuses, may be effective in helping to reduce occupational stress among teachers. Individual-level interventions, including stress-management training and counseling, are also used to relieve occupational stress among teachers.

---

A 2000 study found that 42% of UK teachers experienced occupational stress, twice the figure for the average profession. A 2012 study found that teachers experienced double the rate of anxiety, depression, and stress than average workers.",0.5486,0.6323,True,qwen2.5,Occupational stress can negatively impact teachers' mental and physical health.,3.3536,,0.8482,False,0.3819,hallucinated,1.0,The answer directly quotes the context stating that occupational stress can negatively impact teachers' mental and physical health.
5565:baseline:qwen2.5,5565,squad,44,baseline,What other doctrines did Luther disavow about saints?,idea of torments,"Luther's rediscovery of ""Christ and His salvation"" was the first of two points that became the foundation for the Reformation. His railing against the sale of indulgences was based on it.

---

In the summer of 1521, Luther widened his target from individual pieties like indulgences and pilgrimages to doctrines at the heart of Church practices. In On the Abrogation of the Private Mass, he condemned as idolatry the idea that the mass is a sacrifice, asserting instead that it is a gift, to be received with thanksgiving by the whole congregation. His essay On Confession, Whether the Pope has the Power to Require It rejected compulsory confession and encouraged private confession and absolution, since ""every Christian is a confessor."" In November, Luther wrote The Judgement of Martin Luther on Monastic Vows. He assured monks and nuns that they could break their vows without sin, because vows were an illegitimate and vain attempt to win salvation.

---

In contrast to the views of John Calvin and Philipp Melanchthon, throughout his life Luther maintained that it was not false doctrine to believe that a Christian's soul sleeps after it is separated from the body in death; and, accordingly, he disputed traditional interpretations of some Bible passages, such as the parable of the rich man and Lazarus. This also led Luther to reject the idea of torments for the saints: ""It is enough for us to know that souls do not leave their bodies to be threatened by the torments and punishments of hell, but enter a prepared bedchamber in which they sleep in peace."" He also rejected the existence of Purgatory, which involved Christian souls undergoing penitential suffering after death. He affirmed the continuity of one's personal identity beyond death. In his Smalcald Articles, he described the saints as currently residing ""in their graves and in heaven.""",0.6335,-1.0,False,qwen2.5,"Based on the provided context, Luther disavowed the existence of Purgatory, where Christian souls undergo penitential suffering after death. He also rejected the idea of torments for the saints, stating that ""It is enough for us to know that souls do not leave their bodies to be threatened by the torments and punishments of hell, but enter a prepared bedchamber in which they sleep in peace."" Additionally, he did not believe in the continuity of saints residing both in their graves and in heaven simultaneously as described in his Smalcald Articles.",14.7548,,0.475,True,0.2721,hallucinated,1.0,"The answer directly supports the question by providing specific doctrines about saints that Luther disavowed, including Purgatory, torments for the saints, and the continuity of saints residing in their graves and in heaven simultaneously."
5566:hcpc_v1:qwen2.5,5566,squad,44,hcpc_v1,What other doctrines did Luther disavow about saints?,idea of torments,"Luther's rediscovery of ""Christ and His salvation"" was the first of two points that became the foundation for the Reformation. His railing against the sale of indulgences was based on it.

---

In the summer of 1521, Luther widened his target from individual pieties like indulgences and pilgrimages to doctrines at the heart of Church practices

---

. This also led Luther to reject the idea of torments for the saints: ""It is enough for us to know that souls do not leave their bodies to be threatened by the torments and punishments of hell, but enter a prepared bedchamber in which they sleep in peace.""",0.6571,-1.0,False,qwen2.5,"Based on the provided context, Luther also disavowed the idea that saints experience torments. Specifically, he rejected the notion of ""torments for the saints,"" stating instead that souls of the righteous enter a peaceful state after death.",5.8208,,0.4671,True,0.3536,hallucinated,1.0,"The answer directly quotes Luther's rejection of 'torments for the saints,' which is supported by the provided context."
5567:hcpc_v2:qwen2.5,5567,squad,44,hcpc_v2,What other doctrines did Luther disavow about saints?,idea of torments,"Luther's rediscovery of ""Christ and His salvation"" was the first of two points that became the foundation for the Reformation. His railing against the sale of indulgences was based on it.

---

In the summer of 1521, Luther widened his target from individual pieties like indulgences and pilgrimages to doctrines at the heart of Church practices. In On the Abrogation of the Private Mass, he condemned as idolatry the idea that the mass is a sacrifice, asserting instead that it is a gift, to be received with thanksgiving by the whole congregation. His essay On Confession, Whether the Pope has the Power to Require It rejected compulsory confession and encouraged private confession and absolution, since ""every Christian is a confessor."" In November, Luther wrote The Judgement of Martin Luther on Monastic Vows. He assured monks and nuns that they could break their vows without sin, because vows were an illegitimate and vain attempt to win salvation.

---

In contrast to the views of John Calvin and Philipp Melanchthon, throughout his life Luther maintained that it was not false doctrine to believe that a Christian's soul sleeps after it is separated from the body in death; and, accordingly, he disputed traditional interpretations of some Bible passages, such as the parable of the rich man and Lazarus. This also led Luther to reject the idea of torments for the saints: ""It is enough for us to know that souls do not leave their bodies to be threatened by the torments and punishments of hell, but enter a prepared bedchamber in which they sleep in peace."" He also rejected the existence of Purgatory, which involved Christian souls undergoing penitential suffering after death. He affirmed the continuity of one's personal identity beyond death. In his Smalcald Articles, he described the saints as currently residing ""in their graves and in heaven.""",0.6335,0.5268,False,qwen2.5,"Based on the provided context, Luther disavowed the existence of Purgatory, where Christian souls undergo penitential suffering after death. He also rejected the idea of torments for the saints, stating that ""It is enough for us to know that souls do not leave their bodies to be threatened by the torments and punishments of hell, but enter a prepared bedchamber in which they sleep in peace."" Additionally, he did not believe in the continuity of saints residing both in their graves and in heaven simultaneously as described in his Smalcald Articles.",14.3574,,0.475,True,0.2721,hallucinated,1.0,"The answer directly supports the question by providing specific doctrines about saints that Luther disavowed, including Purgatory, torments for the saints, and the continuity of saints residing in their graves and in heaven simultaneously."
5586:baseline:qwen2.5,5586,squad,44,baseline,Who is the commissioner of the NFL?,Roger Goodell,"In early 2012, NFL Commissioner Roger Goodell stated that the league planned to make the 50th Super Bowl ""spectacular"" and that it would be ""an important game for us as a league"".

---

With Rivera having been a linebacker with the Chicago Bears in Super Bowl XX, and Kubiak replacing Elway at the end of the Broncos' defeats in Super Bowls XXI and XXIV, this will be the first Super Bowl in which both head coaches played in the game themselves.

---

The Panthers defense gave up just 308 points, ranking sixth in the league, while also leading the NFL in interceptions with 24 and boasting four Pro Bowl selections. Pro Bowl defensive tackle Kawann Short led the team in sacks with 11, while also forcing three fumbles and recovering two. Fellow lineman Mario Addison added 6½ sacks. The Panthers line also featured veteran defensive end Jared Allen, a 5-time pro bowler who was the NFL's active career sack leader with 136, along with defensive end Kony Ealy, who had 5 sacks in just 9 starts. Behind them, two of the Panthers three starting linebackers were also selected to play in the Pro Bowl: Thomas Davis and Luke Kuechly. Davis compiled 5½ sacks, four forced fumbles, and four interceptions, while Kuechly led the team in tackles (118) forced two fumbles, and intercepted four passes of his own",0.391,-1.0,False,qwen2.5,The commissioner of the NFL mentioned in the provided context is Roger Goodell.,4.6259,,0.9592,False,0.4876,hallucinated,1.0,The question asks for the name of the NFL commissioner and the answer directly provides that information from the given context.
5587:hcpc_v1:qwen2.5,5587,squad,44,hcpc_v1,Who is the commissioner of the NFL?,Roger Goodell,"In early 2012, NFL Commissioner Roger Goodell stated that the league planned to make the 50th Super Bowl ""spectacular"" and that it would be ""an important game for us as a league"".

---

head coaches played in the game themselves.

---

. The Panthers line also featured veteran defensive end Jared Allen, a 5-time pro bowler who was the NFL's active career sack leader with 136, along with defensive end Kony Ealy, who had 5 sacks in just 9 starts",0.404,-1.0,False,qwen2.5,The commissioner of the NFL mentioned in the provided context is Roger Goodell.,2.4308,,0.9592,False,0.4876,hallucinated,1.0,The answer directly quotes the context that states 'NFL Commissioner Roger Goodell'.
5588:hcpc_v2:qwen2.5,5588,squad,44,hcpc_v2,Who is the commissioner of the NFL?,Roger Goodell,"In early 2012, NFL Commissioner Roger Goodell stated that the league planned to make the 50th Super Bowl ""spectacular"" and that it would be ""an important game for us as a league"".

---

With Rivera having been a linebacker with the Chicago Bears in Super Bowl XX, and Kubiak replacing Elway at the end of the Broncos' defeats in Super Bowls XXI and XXIV, this will be the first Super Bowl in which both head coaches played in the game themselves.

---

The Panthers defense gave up just 308 points, ranking sixth in the league, while also leading the NFL in interceptions with 24 and boasting four Pro Bowl selections . Pro Bowl defensive tackle Kawann Short led the team in sacks with 11, while also forcing three fumbles and recovering two. Fellow lineman Mario Addison added 6½ sacks . The Panthers line also featured veteran defensive end Jared Allen, a 5-time pro bowler who was the NFL's active career sack leader with 136, along with defensive end Kony Ealy, who had 5 sacks in just 9 starts . Behind them, two of the Panthers three starting linebackers were also selected to play in the Pro Bowl: Thomas Davis and Luke Kuechly . Davis compiled 5½ sacks, four forced fumbles, and four interceptions, while Kuechly led the team in tackles (118) forced two fumbles, and intercepted four passes of his own",0.3911,0.2761,True,qwen2.5,The commissioner of the NFL mentioned in the provided context is Roger Goodell.,4.4882,,0.9592,False,0.4876,hallucinated,0.5,"While the answer correctly identifies the NFL Commissioner as Roger Goodell, it does not provide any information about the Super Bowl or the head coaches mentioned in the question."
5622:baseline:qwen2.5,5622,squad,44,baseline,What was the base rate for a 30-second ad during Super Bowl 50?,"$5,000,000","CBS broadcast Super Bowl 50 in the U.S., and charged an average of $5 million for a 30-second commercial during the game. The Super Bowl 50 halftime show was headlined by the British rock group Coldplay with special guest performers Beyoncé and Bruno Mars, who headlined the Super Bowl XLVII and Super Bowl XLVIII halftime shows, respectively. It was the third-most watched U.S. broadcast ever.

---

CBS set the base rate for a 30-second advertisement at $5,000,000, a record high price for a Super Bowl ad. As of January 26, the advertisements had not yet sold out. CBS mandated that all advertisers purchase a package covering time on both the television and digital broadcasts of the game, meaning that for the first time, digital streams of the game would carry all national advertising in pattern with the television broadcast. This would be the final year in a multi-year contract with Anheuser-Busch InBev that allowed the beer manufacturer to air multiple advertisements during the game at a steep discount. It was also the final year that Doritos, a longtime sponsor of the game, held its ""Crash the Super Bowl"" contest that allowed viewers to create their own Doritos ads for a chance to have it aired during the game. Nintendo and The Pokémon Company also made their Super Bowl debut, promoting the 20th anniversary of the Pokémon video game and media franchise.

---

In the United States, the game was televised by CBS, as part of a cycle between the three main broadcast television partners of the NFL. The network's lead broadcast team of Jim Nantz and Phil Simms called the contest, with Tracy Wolfson and Evan Washburn on the sidelines. CBS introduced new features during the telecast, including pylon cameras and microphones along with EyeVision 360—an array of 36 cameras along the upper deck that can be used to provide a 360-degree view of plays and ""bullet time"" effects. (An earlier version of EyeVision was last used in Super Bowl XXXV; for Super Bowl 50, the cameras were upgraded to 5K resolution.)",0.5697,-1.0,False,qwen2.5,"The base rate for a 30-second ad during Super Bowl 50 was $5,000,000.",7.9001,,0.798,False,0.4035,hallucinated,1.0,The answer directly quotes the context provided.
5623:hcpc_v1:qwen2.5,5623,squad,44,hcpc_v1,What was the base rate for a 30-second ad during Super Bowl 50?,"$5,000,000","CBS broadcast Super Bowl 50 in the U.S., and charged an average of $5 million for a 30-second commercial during the game

---

CBS set the base rate for a 30-second advertisement at $5,000,000, a record high price for a Super Bowl ad. As of January 26, the advertisements had not yet sold out

---

. (An earlier version of EyeVision was last used in Super Bowl XXXV; for Super Bowl 50, the cameras were upgraded to 5K resolution.)",0.6164,-1.0,False,qwen2.5,"The base rate for a 30-second ad during Super Bowl 50 was $5,000,000.",4.0618,,0.798,False,0.4035,hallucinated,1.0,The answer directly matches the information provided in the context.
5624:hcpc_v2:qwen2.5,5624,squad,44,hcpc_v2,What was the base rate for a 30-second ad during Super Bowl 50?,"$5,000,000","CBS broadcast Super Bowl 50 in the U.S., and charged an average of $5 million for a 30-second commercial during the game. The Super Bowl 50 halftime show was headlined by the British rock group Coldplay with special guest performers Beyoncé and Bruno Mars, who headlined the Super Bowl XLVII and Super Bowl XLVIII halftime shows, respectively. It was the third-most watched U.S. broadcast ever.

---

CBS set the base rate for a 30-second advertisement at $5,000,000, a record high price for a Super Bowl ad. As of January 26, the advertisements had not yet sold out. CBS mandated that all advertisers purchase a package covering time on both the television and digital broadcasts of the game, meaning that for the first time, digital streams of the game would carry all national advertising in pattern with the television broadcast. This would be the final year in a multi-year contract with Anheuser-Busch InBev that allowed the beer manufacturer to air multiple advertisements during the game at a steep discount. It was also the final year that Doritos, a longtime sponsor of the game, held its ""Crash the Super Bowl"" contest that allowed viewers to create their own Doritos ads for a chance to have it aired during the game. Nintendo and The Pokémon Company also made their Super Bowl debut, promoting the 20th anniversary of the Pokémon video game and media franchise.

---

In the United States, the game was televised by CBS, as part of a cycle between the three main broadcast television partners of the NFL . The network's lead broadcast team of Jim Nantz and Phil Simms called the contest, with Tracy Wolfson and Evan Washburn on the sidelines . CBS introduced new features during the telecast, including pylon cameras and microphones along with EyeVision 360—an array of 36 cameras along the upper deck that can be used to provide a 360-degree view of plays and ""bullet time"" effects . (An earlier version of EyeVision was last used in Super Bowl XXXV; for Super Bowl 50, the cameras were upgraded to 5K resolution.)",0.5688,0.5014,True,qwen2.5,"The base rate for a 30-second ad during Super Bowl 50 was $5,000,000.",7.7712,,0.798,False,0.4035,hallucinated,1.0,The answer directly quotes the provided context.
5634:baseline:qwen2.5,5634,squad,44,baseline,Where is a palm house with subtropic plants from all over the world on display?,New Orangery,"Many locals and tourists frequent the southern California coast for its popular beaches, and the desert city of Palm Springs is popular for its resort feel and nearby open spaces.

---

The flora of the city may be considered very rich in species. The species richness is mainly due to the location of Warsaw within the border region of several big floral regions comprising substantial proportions of close-to-wilderness areas (natural forests, wetlands along the Vistula) as well as arable land, meadows and forests. Bielany Forest, located within the borders of Warsaw, is the remaining part of the Masovian Primeval Forest. Bielany Forest nature reserve is connected with Kampinos Forest. It is home to rich fauna and flora. Within the forest there are three cycling and walking trails. Other big forest area is Kabaty Forest by the southern city border. Warsaw has also two botanic gardens: by the Łazienki park (a didactic-research unit of the University of Warsaw) as well as by the Park of Culture and Rest in Powsin (a unit of the Polish Academy of Science).

---

. What makes this park different from other green spaces in Warsaw is the presence of peacocks and pheasants, which can be seen here walking around freely, and royal carps in the pond. The Wilanów Palace Park, dates back to the second half of the 17th century. It covers the area of 43 ha. Its central French-styled area corresponds to the ancient, baroque forms of the palace. The eastern section of the park, closest to the Palace, is the two-level garden with a terrace facing the pond. The park around the Królikarnia Palace is situated on the old escarpment of the Vistula. The park has lanes running on a few levels deep into the ravines on both sides of the palace.",0.3457,-1.0,False,qwen2.5,I cannot find this information in the provided context.,8.9267,,0.5531,False,0.0941,hallucinated,0.0,"The question asks about a palm house with subtropic plants on display, but the provided context does not mention any such location."
5635:hcpc_v1:qwen2.5,5635,squad,44,hcpc_v1,Where is a palm house with subtropic plants from all over the world on display?,New Orangery,"Many locals and tourists frequent the southern California coast for its popular beaches, and the desert city of Palm Springs is popular for its resort feel and nearby open spaces.

---

as well as arable land, meadows and forests

---

. What makes this park different from other green spaces in Warsaw is the presence of peacocks and pheasants, which can be seen here walking around freely, and royal carps in the pond",0.3683,-1.0,False,qwen2.5,I cannot find this information in the provided context.,2.2885,,0.5531,False,0.0941,hallucinated,0.0,"The question asks about a palm house with subtropic plants on display, but the context does not provide any information about such a location."
5636:hcpc_v2:qwen2.5,5636,squad,44,hcpc_v2,Where is a palm house with subtropic plants from all over the world on display?,New Orangery,"Many locals and tourists frequent the southern California coast for its popular beaches, and the desert city of Palm Springs is popular for its resort feel and nearby open spaces.

---

The flora of the city may be considered very rich in species. The species richness is mainly due to the location of Warsaw within the border region of several big floral regions comprising substantial proportions of close-to-wilderness areas (natural forests, wetlands along the Vistula) as well as arable land, meadows and forests. Bielany Forest, located within the borders of Warsaw, is the remaining part of the Masovian Primeval Forest. Bielany Forest nature reserve is connected with Kampinos Forest. It is home to rich fauna and flora. Within the forest there are three cycling and walking trails. Other big forest area is Kabaty Forest by the southern city border. Warsaw has also two botanic gardens: by the Łazienki park (a didactic-research unit of the University of Warsaw) as well as by the Park of Culture and Rest in Powsin (a unit of the Polish Academy of Science).

---

. What makes this park different from other green spaces in Warsaw is the presence of peacocks and pheasants, which can be seen here walking around freely, and royal carps in the pond . The Wilanów Palace Park, dates back to the second half of the 17th century. It covers the area of 43 ha. Its central French-styled area corresponds to the ancient, baroque forms of the palace . The eastern section of the park, closest to the Palace, is the two-level garden with a terrace facing the pond. The park around the Królikarnia Palace is situated on the old escarpment of the Vistula . The park has lanes running on a few levels deep into the ravines on both sides of the palace.",0.3427,0.0903,True,qwen2.5,I cannot find this information in the provided context.,4.3879,,0.5531,False,0.0941,hallucinated,0.0,"The question asks about a palm house with subtropic plants on display, but the provided context does not mention any such location."
5808:baseline:qwen2.5,5808,squad,44,baseline,Who were the ESPN Deportes commentators for Super Bowl 50?,Alvaro Martin and Raul Allegre,"On December 28, 2015, ESPN Deportes announced that they had reached an agreement with CBS and the NFL to be the exclusive Spanish-language broadcaster of the game, marking the third dedicated Spanish-language broadcast of the Super Bowl. Unlike NBC and Fox, CBS does not have a Spanish-language outlet of its own that could broadcast the game (though per league policy, a separate Spanish play-by-play call was carried on CBS's second audio program channel for over-the-air viewers). The game was called by ESPN Deportes' Monday Night Football commentary crew of Alvaro Martin and Raul Allegre, and sideline reporter John Sutcliffe. ESPN Deportes broadcast pre-game and post-game coverage, while Martin, Allegre, and Sutcliffe contributed English-language reports for ESPN's SportsCenter and Mike & Mike.

---

In the United States, the game was televised by CBS, as part of a cycle between the three main broadcast television partners of the NFL. The network's lead broadcast team of Jim Nantz and Phil Simms called the contest, with Tracy Wolfson and Evan Washburn on the sidelines. CBS introduced new features during the telecast, including pylon cameras and microphones along with EyeVision 360—an array of 36 cameras along the upper deck that can be used to provide a 360-degree view of plays and ""bullet time"" effects. (An earlier version of EyeVision was last used in Super Bowl XXXV; for Super Bowl 50, the cameras were upgraded to 5K resolution.)

---

In honor of the 50th Super Bowl, the pregame ceremony featured the on-field introduction of 39 of the 43 previous Super Bowl Most Valuable Players. Bart Starr (MVP of Super Bowls I and II) and Chuck Howley (MVP of Super Bowl V) appeared via video, while Peyton Manning (MVP of Super Bowl XLI and current Broncos quarterback) was shown in the locker room preparing for the game. No plans were announced regarding the recognition of Harvey Martin, co-MVP of Super Bowl XII, who died in 2001.",0.5057,-1.0,False,qwen2.5,The ESPN Deportes commentators for Super Bowl 50 were Alvaro Martin and Raul Allegre.,7.1808,,0.6686,False,0.417,hallucinated,1.0,The answer directly matches the information provided in the context.
5809:hcpc_v1:qwen2.5,5809,squad,44,hcpc_v1,Who were the ESPN Deportes commentators for Super Bowl 50?,Alvaro Martin and Raul Allegre,". ESPN Deportes broadcast pre-game and post-game coverage, while Martin, Allegre, and Sutcliffe contributed English-language reports for ESPN's SportsCenter and Mike & Mike.

---

. The network's lead broadcast team of Jim Nantz and Phil Simms called the contest, with Tracy Wolfson and Evan Washburn on the sidelines

---

. Bart Starr (MVP of Super Bowls I and II) and Chuck Howley (MVP of Super Bowl V) appeared via video, while Peyton Manning (MVP of Super Bowl XLI and current Broncos quarterback) was shown in the locker room preparing for the game",0.4983,-1.0,False,qwen2.5,"Based on the provided context, ESPN Deportes broadcast pre-game and post-game coverage with Martin, Allegre, and Sutcliffe contributing English-language reports for ESPN's SportsCenter and Mike & Mike. However, the specific commentators for Super Bowl 50 are not mentioned in this context. Therefore, I cannot find this information in the provided context.",8.3194,,0.6457,False,0.2441,hallucinated,0.3,The answer mentions ESPN Deportes' involvement but does not provide the specific commentators for Super Bowl 50 as stated in the question.
5810:hcpc_v2:qwen2.5,5810,squad,44,hcpc_v2,Who were the ESPN Deportes commentators for Super Bowl 50?,Alvaro Martin and Raul Allegre,"On December 28, 2015, ESPN Deportes announced that they had reached an agreement with CBS and the NFL to be the exclusive Spanish-language broadcaster of the game, marking the third dedicated Spanish-language broadcast of the Super Bowl. Unlike NBC and Fox, CBS does not have a Spanish-language outlet of its own that could broadcast the game (though per league policy, a separate Spanish play-by-play call was carried on CBS's second audio program channel for over-the-air viewers). The game was called by ESPN Deportes' Monday Night Football commentary crew of Alvaro Martin and Raul Allegre, and sideline reporter John Sutcliffe. ESPN Deportes broadcast pre-game and post-game coverage, while Martin, Allegre, and Sutcliffe contributed English-language reports for ESPN's SportsCenter and Mike & Mike.

---

In the United States, the game was televised by CBS, as part of a cycle between the three main broadcast television partners of the NFL. The network's lead broadcast team of Jim Nantz and Phil Simms called the contest, with Tracy Wolfson and Evan Washburn on the sidelines. CBS introduced new features during the telecast, including pylon cameras and microphones along with EyeVision 360—an array of 36 cameras along the upper deck that can be used to provide a 360-degree view of plays and ""bullet time"" effects. (An earlier version of EyeVision was last used in Super Bowl XXXV; for Super Bowl 50, the cameras were upgraded to 5K resolution.)

---

In honor of the 50th Super Bowl, the pregame ceremony featured the on-field introduction of 39 of the 43 previous Super Bowl Most Valuable Players . Bart Starr (MVP of Super Bowls I and II) and Chuck Howley (MVP of Super Bowl V) appeared via video, while Peyton Manning (MVP of Super Bowl XLI and current Broncos quarterback) was shown in the locker room preparing for the game . No plans were announced regarding the recognition of Harvey Martin, co-MVP of Super Bowl XII, who died in 2001.",0.5057,0.3851,True,qwen2.5,The ESPN Deportes commentators for Super Bowl 50 were Alvaro Martin and Raul Allegre.,6.7722,,0.6686,False,0.417,hallucinated,1.0,The answer directly matches the information provided in the context.
5835:baseline:qwen2.5,5835,squad,44,baseline,What church money collector said that the sould would spring from purgatory through monetary donations?,Johann Tetzel,"Luther objected to a saying attributed to Johann Tetzel that ""As soon as the coin in the coffer rings, the soul from purgatory (also attested as 'into heaven') springs.""

---

In contrast to the views of John Calvin and Philipp Melanchthon, throughout his life Luther maintained that it was not false doctrine to believe that a Christian's soul sleeps after it is separated from the body in death; and, accordingly, he disputed traditional interpretations of some Bible passages, such as the parable of the rich man and Lazarus. This also led Luther to reject the idea of torments for the saints: ""It is enough for us to know that souls do not leave their bodies to be threatened by the torments and punishments of hell, but enter a prepared bedchamber in which they sleep in peace."" He also rejected the existence of Purgatory, which involved Christian souls undergoing penitential suffering after death. He affirmed the continuity of one's personal identity beyond death. In his Smalcald Articles, he described the saints as currently residing ""in their graves and in heaven.""

---

In 1516, Johann Tetzel, a Dominican friar and papal commissioner for indulgences, was sent to Germany by the Roman Catholic Church to sell indulgences to raise money to rebuild St. Peter's Basilica in Rome. Roman Catholic theology stated that faith alone, whether fiduciary or dogmatic, cannot justify man; justification rather depends only on such faith as is active in charity and good works (fides caritate formata). The benefits of good works could be obtained by donating money to the church.",0.4535,-1.0,False,qwen2.5,"Johann Tetzel, a Dominican friar and papal commissioner for indulgences, said that ""As soon as the coin in the coffer rings, the soul from purgatory (also attested as 'into heaven') springs.""",9.5661,,0.4413,True,0.3864,hallucinated,1.0,"The answer directly quotes what Johann Tetzel said about the coin and the release of souls from purgatory, which is supported by the provided context"
5836:hcpc_v1:qwen2.5,5836,squad,44,hcpc_v1,What church money collector said that the sould would spring from purgatory through monetary donations?,Johann Tetzel,"Luther objected to a saying attributed to Johann Tetzel that ""As soon as the coin in the coffer rings, the soul from purgatory (also attested as 'into heaven') springs.""

---

in which they sleep in peace."" He also rejected the existence of Purgatory, which involved Christian souls undergoing penitential suffering after death

---

. The benefits of good works could be obtained by donating money to the church.",0.4977,-1.0,False,qwen2.5,"Johann Tetzel said that ""As soon as the coin in the coffer rings, the soul from purgatory springs."" This statement was objected to by Luther.",4.3402,,0.615,False,0.1562,hallucinated,1.0,The answer directly quotes the controversial saying attributed to Johann Tetzel that is mentioned in the context.
5837:hcpc_v2:qwen2.5,5837,squad,44,hcpc_v2,What church money collector said that the sould would spring from purgatory through monetary donations?,Johann Tetzel,"Luther objected to a saying attributed to Johann Tetzel that ""As soon as the coin in the coffer rings, the soul from purgatory (also attested as 'into heaven') springs.""

---

In contrast to the views of John Calvin and Philipp Melanchthon, throughout his life Luther maintained that it was not false doctrine to believe that a Christian's soul sleeps after it is separated from the body in death; and, accordingly, he disputed traditional interpretations of some Bible passages, such as the parable of the rich man and Lazarus. This also led Luther to reject the idea of torments for the saints: ""It is enough for us to know that souls do not leave their bodies to be threatened by the torments and punishments of hell, but enter a prepared bedchamber in which they sleep in peace."" He also rejected the existence of Purgatory, which involved Christian souls undergoing penitential suffering after death. He affirmed the continuity of one's personal identity beyond death. In his Smalcald Articles, he described the saints as currently residing ""in their graves and in heaven.""

---

In 1516, Johann Tetzel, a Dominican friar and papal commissioner for indulgences, was sent to Germany by the Roman Catholic Church to sell indulgences to raise money to rebuild St. Peter's Basilica in Rome . Peter's Basilica in Rome. Roman Catholic theology stated that faith alone, whether fiduciary or dogmatic, cannot justify man; justification rather depends only on such faith as is active in charity and good works (fides caritate formata) . The benefits of good works could be obtained by donating money to the church.",0.449,0.3158,True,qwen2.5,"Johann Tetzel, a Dominican friar and papal commissioner for indulgences, said that ""As soon as the coin in the coffer rings, the soul from purgatory (also attested as 'into heaven') springs.""",8.0307,,0.4413,True,0.3864,hallucinated,1.0,"The answer directly quotes what Johann Tetzel said about souls springing from purgatory through monetary donations, which is supported by the provided context"
5856:baseline:qwen2.5,5856,squad,44,baseline,What is the earliest that Bach began using Luther hymns?,1707,"Luther's hymns inspired composers to write music. Johann Sebastian Bach included several verses as chorales in his cantatas and based chorale cantatas entirely on them, namely Christ lag in Todes Banden, BWV 4, as early as possibly 1707, in his second annual cycle (1724 to 1725) Ach Gott, vom Himmel sieh darein, BWV 2, Christ unser Herr zum Jordan kam, BWV 7, Nun komm, der Heiden Heiland, BWV 62, Gelobet seist du, Jesu Christ, BWV 91, and Aus tiefer Not schrei ich zu dir, BWV 38, later Ein feste Burg ist unser Gott, BWV 80, and in 1735 Wär Gott nicht mit uns diese Zeit, BWV 14.

---

Luther's 1541 hymn ""Christ unser Herr zum Jordan kam"" (""To Jordan came the Christ our Lord"") reflects the structure and substance of his questions and answers concerning baptism in the Small Catechism. Luther adopted a preexisting Johann Walter tune associated with a hymnic setting of Psalm 67's prayer for grace; Wolf Heintz's four-part setting of the hymn was used to introduce the Lutheran Reformation in Halle in 1541. Preachers and composers of the 18th century, including J. S. Bach, used this rich hymn as a subject for their own work, although its objective baptismal theology was displaced by more subjective hymns under the influence of late-19th-century Lutheran pietism.

---

Luther's hymns were included in early Lutheran hymnals and spread the ideas of the Reformation. He supplied four of eight songs of the First Lutheran hymnal Achtliederbuch, 18 of 26 songs of the Erfurt Enchiridion, and 24 of the 32 songs in the first choral hymnal with settings by Johann Walter, Eyn geystlich Gesangk Buchleyn, all published in 1524.",0.5982,-1.0,False,qwen2.5,"According to the provided context, Johann Sebastian Bach began using Luther's hymns as early as possibly 1707, in his second annual cycle (1724 to 1725). However, the earliest specific date given for Bach's use of Luther's hymns is 1707.",10.6613,,0.6535,False,0.255,hallucinated,1.0,"The answer directly references the provided context, stating that Bach began using Luther's hymns as early as possibly 1707."
5857:hcpc_v1:qwen2.5,5857,squad,44,hcpc_v1,What is the earliest that Bach began using Luther hymns?,1707,"Luther's hymns inspired composers to write music

---

. Luther adopted a preexisting Johann Walter tune associated with a hymnic setting of Psalm 67's prayer for grace; Wolf Heintz's four-part setting of the hymn was used to introduce the Lutheran Reformation in Halle in 1541

---

Luther's hymns were included in early Lutheran hymnals and spread the ideas of the Reformation",0.6196,-1.0,False,qwen2.5,I cannot find this information in the provided context.,2.2899,,0.5531,False,0.0941,hallucinated,0.0,The answer does not have any factual claim directly supported by the given context.
5858:hcpc_v2:qwen2.5,5858,squad,44,hcpc_v2,What is the earliest that Bach began using Luther hymns?,1707,"Luther's hymns inspired composers to write music. Johann Sebastian Bach included several verses as chorales in his cantatas and based chorale cantatas entirely on them, namely Christ lag in Todes Banden, BWV 4, as early as possibly 1707, in his second annual cycle (1724 to 1725) Ach Gott, vom Himmel sieh darein, BWV 2, Christ unser Herr zum Jordan kam, BWV 7, Nun komm, der Heiden Heiland, BWV 62, Gelobet seist du, Jesu Christ, BWV 91, and Aus tiefer Not schrei ich zu dir, BWV 38, later Ein feste Burg ist unser Gott, BWV 80, and in 1735 Wär Gott nicht mit uns diese Zeit, BWV 14.

---

Luther's 1541 hymn ""Christ unser Herr zum Jordan kam"" (""To Jordan came the Christ our Lord"") reflects the structure and substance of his questions and answers concerning baptism in the Small Catechism. Luther adopted a preexisting Johann Walter tune associated with a hymnic setting of Psalm 67's prayer for grace; Wolf Heintz's four-part setting of the hymn was used to introduce the Lutheran Reformation in Halle in 1541. Preachers and composers of the 18th century, including J. S. Bach, used this rich hymn as a subject for their own work, although its objective baptismal theology was displaced by more subjective hymns under the influence of late-19th-century Lutheran pietism.

---

Luther's hymns were included in early Lutheran hymnals and spread the ideas of the Reformation. He supplied four of eight songs of the First Lutheran hymnal Achtliederbuch, 18 of 26 songs of the Erfurt Enchiridion, and 24 of the 32 songs in the first choral hymnal with settings by Johann Walter, Eyn geystlich Gesangk Buchleyn, all published in 1524.",0.5982,0.585,False,qwen2.5,"According to the provided context, Johann Sebastian Bach began using Luther's hymns as early as possibly 1707, in his second annual cycle (1724 to 1725). However, the earliest specific date given for Bach's use of Luther's hymns is 1707.",10.3984,,0.6535,False,0.255,hallucinated,1.0,"The answer directly references the provided context, stating that Bach began using Luther's hymns as early as possibly 1707."
5901:baseline:qwen2.5,5901,squad,44,baseline,Why was he unable to enroll at the university? ,arrived too late,"In January 1880, two of Tesla's uncles put together enough money to help him leave Gospić for Prague where he was to study. Unfortunately, he arrived too late to enroll at Charles-Ferdinand University; he never studied Greek, a required subject; and he was illiterate in Czech, another required subject. Tesla did, however, attend lectures at the university, although, as an auditor, he did not receive grades for the courses.

---

In 1501, at the age of 19, he entered the University of Erfurt, which he later described as a beerhouse and whorehouse. He was made to wake at four every morning for what has been described as ""a day of rote learning and often wearying spiritual exercises."" He received his master's degree in 1505.

---

. At the end of his second year, Tesla lost his scholarship and became addicted to gambling. During his third year, Tesla gambled away his allowance and his tuition money, later gambling back his initial losses and returning the balance to his family. Tesla said that he ""conquered [his] passion then and there,"" but later he was known to play billiards in the US. When exam time came, Tesla was unprepared and asked for an extension to study, but was denied. He never graduated from the university and did not receive grades for the last semester.",0.4201,-1.0,False,qwen2.5,"According to the provided context, Tesla was unable to enroll at Charles-Ferdinand University because he arrived too late. Additionally, he lacked proficiency in Greek and Czech, which were required subjects.",7.0835,,0.4568,True,0.4553,hallucinated,1.0,The answer directly supports the question with evidence from the provided context.
5902:hcpc_v1:qwen2.5,5902,squad,44,hcpc_v1,Why was he unable to enroll at the university? ,arrived too late,". Unfortunately, he arrived too late to enroll at Charles-Ferdinand University; he never studied Greek, a required subject; and he was illiterate in Czech, another required subject

---

. He was made to wake at four every morning for what has been described as ""a day of rote learning and often wearying spiritual exercises."" He received his master's degree in 1505.

---

. He never graduated from the university and did not receive grades for the last semester.",0.565,-1.0,False,qwen2.5,"He was unable to enroll at Charles-Ferdinand University because he arrived too late, and he never studied Greek, a required subject, and was illiterate in Czech, another required subject.",4.5377,,0.3612,True,0.2321,hallucinated,1.0,The answer directly supports the question with information from the context.
5903:hcpc_v2:qwen2.5,5903,squad,44,hcpc_v2,Why was he unable to enroll at the university? ,arrived too late,"In January 1880, two of Tesla's uncles put together enough money to help him leave Gospić for Prague where he was to study. Unfortunately, he arrived too late to enroll at Charles-Ferdinand University; he never studied Greek, a required subject; and he was illiterate in Czech, another required subject. Tesla did, however, attend lectures at the university, although, as an auditor, he did not receive grades for the courses.

---

In 1501, at the age of 19, he entered the University of Erfurt, which he later described as a beerhouse and whorehouse. He was made to wake at four every morning for what has been described as ""a day of rote learning and often wearying spiritual exercises."" He received his master's degree in 1505.

---

. At the end of his second year, Tesla lost his scholarship and became addicted to gambling. During his third year, Tesla gambled away his allowance and his tuition money, later gambling back his initial losses and returning the balance to his family . Tesla said that he ""conquered [his] passion then and there,"" but later he was known to play billiards in the US. When exam time came, Tesla was unprepared and asked for an extension to study, but was denied . He never graduated from the university and did not receive grades for the last semester.",0.4151,0.2647,True,qwen2.5,"According to the provided context, Tesla was unable to enroll at Charles-Ferdinand University because he arrived too late. Additionally, he lacked proficiency in Greek and Czech, which were required subjects.",6.435,,0.4568,True,0.4553,hallucinated,1.0,The answer directly supports the question by citing specific reasons from the context as to why Tesla was unable to enroll at Charles-Ferdinand University.
5976:baseline:qwen2.5,5976,squad,44,baseline,Who killed Harold II? ,William II,"In 1066, Duke William II of Normandy conquered England killing King Harold II at the Battle of Hastings. The invading Normans and their descendants replaced the Anglo-Saxons as the ruling class of England. The nobility of England were part of a single Normans culture and many had lands on both sides of the channel. Early Norman kings of England, as Dukes of Normandy, owed homage to the King of France for their land on the continent. They considered England to be their most important holding (it brought with it the title of King—an important status symbol).

---

Various princes of the Holy Land arrived in Limassol at the same time, in particular Guy de Lusignan. All declared their support for Richard provided that he support Guy against his rival Conrad of Montferrat. The local barons abandoned Isaac, who considered making peace with Richard, joining him on the crusade, and offering his daughter in marriage to the person named by Richard. But Isaac changed his mind and tried to escape. Richard then proceeded to conquer the whole island, his troops being led by Guy de Lusignan. Isaac surrendered and was confined with silver chains, because Richard had promised that he would not place him in irons. By 1 June, Richard had conquered the whole island. His exploit was well publicized and contributed to his reputation; he also derived significant financial gains from the conquest of the island. Richard left for Acre on 5 June, with his allies. Before his departure, he named two of his Norman generals, Richard de Camville and Robert de Thornham, as governors of Cyprus.

---

Even before the Norman Conquest of England, the Normans had come into contact with Wales. Edward the Confessor had set up the aforementioned Ralph as earl of Hereford and charged him with defending the Marches and warring with the Welsh. In these original ventures, the Normans failed to make any headway into Wales.",0.3703,-1.0,False,qwen2.5,Duke William II of Normandy killed King Harold II at the Battle of Hastings in 1066.,5.6858,,0.4928,True,0.3026,hallucinated,1.0,The answer directly quotes the context that Duke William II of Normandy conquered England and killed King Harold II at the Battle of Hastings.
5977:hcpc_v1:qwen2.5,5977,squad,44,hcpc_v1,Who killed Harold II? ,William II,"In 1066, Duke William II of Normandy conquered England killing King Harold II at the Battle of Hastings. The invading Normans and their descendants replaced the Anglo-Saxons as the ruling class of England

---

. Richard then proceeded to conquer the whole island, his troops being led by Guy de Lusignan. Isaac surrendered and was confined with silver chains, because Richard had promised that he would not place him in irons

---

Even before the Norman Conquest of England, the Normans had come into contact with Wales. Edward the Confessor had set up the aforementioned Ralph as earl of Hereford and charged him with defending the Marches and warring with the Welsh",0.4261,-1.0,False,qwen2.5,Duke William II of Normandy killed King Harold II at the Battle of Hastings in 1066.,5.4023,,0.4928,True,0.3026,hallucinated,1.0,The answer directly quotes the provided context.
5978:hcpc_v2:qwen2.5,5978,squad,44,hcpc_v2,Who killed Harold II? ,William II,"In 1066, Duke William II of Normandy conquered England killing King Harold II at the Battle of Hastings. The invading Normans and their descendants replaced the Anglo-Saxons as the ruling class of England. The nobility of England were part of a single Normans culture and many had lands on both sides of the channel. Early Norman kings of England, as Dukes of Normandy, owed homage to the King of France for their land on the continent. They considered England to be their most important holding (it brought with it the title of King—an important status symbol).

---

Various princes of the Holy Land arrived in Limassol at the same time, in particular Guy de Lusignan. All declared their support for Richard provided that he support Guy against his rival Conrad of Montferrat. The local barons abandoned Isaac, who considered making peace with Richard, joining him on the crusade, and offering his daughter in marriage to the person named by Richard. But Isaac changed his mind and tried to escape. Richard then proceeded to conquer the whole island, his troops being led by Guy de Lusignan. Isaac surrendered and was confined with silver chains, because Richard had promised that he would not place him in irons. By 1 June, Richard had conquered the whole island. His exploit was well publicized and contributed to his reputation; he also derived significant financial gains from the conquest of the island. Richard left for Acre on 5 June, with his allies. Before his departure, he named two of his Norman generals, Richard de Camville and Robert de Thornham, as governors of Cyprus.

---

Even before the Norman Conquest of England, the Normans had come into contact with Wales. Edward the Confessor had set up the aforementioned Ralph as earl of Hereford and charged him with defending the Marches and warring with the Welsh . In these original ventures, the Normans failed to make any headway into Wales.",0.3703,0.4516,True,qwen2.5,Duke William II of Normandy killed King Harold II at the Battle of Hastings in 1066.,6.4486,,0.4928,True,0.3026,hallucinated,1.0,The answer directly quotes the context that Duke William II of Normandy conquered England and killed King Harold II at the Battle of Hastings.
6033:baseline:qwen2.5,6033,squad,45,baseline,What will maidens be able to predict by floating their wreaths down the Vistula?,when they would be married,"Several commemorative events take place every year. Gatherings of thousands of people on the banks of the Vistula on Midsummer’s Night for a festival called Wianki (Polish for Wreaths) have become a tradition and a yearly event in the programme of cultural events in Warsaw. The festival traces its roots to a peaceful pagan ritual where maidens would float their wreaths of herbs on the water to predict when they would be married, and to whom. By the 19th century this tradition had become a festive event, and it continues today. The city council organize concerts and other events. Each Midsummer’s Eve, apart from the official floating of wreaths, jumping over fires, looking for the fern flower, there are musical performances, dignitaries' speeches, fairs and fireworks by the river bank.

---

The plain moraine plateau has only a few natural and artificial ponds and also groups of clay pits. The pattern of the Vistula terraces is asymmetrical. The left side consist mainly of two levels: the highest one contains former flooded terraces and the lowest one the flood plain terrace. The contemporary flooded terrace still has visible valleys and ground depressions with water systems coming from the Vistula old – riverbed. They consist of still quite natural streams and lakes as well as the pattern of drainage ditches. The right side of Warsaw has a different pattern of geomorphological forms. There are several levels of the plain Vistula terraces (flooded as well as former flooded once) and only small part and not so visible moraine escarpment. Aeolian sand with a number of dunes parted by peat swamps or small ponds cover the highest terrace. These are mainly forested areas (pine forest).

---

The origin of the legendary figure is not fully known. The best-known legend, by Artur Oppman, is that long ago two of Triton's daughters set out on a journey through the depths of the oceans and seas. One of them decided to stay on the coast of Denmark and can be seen sitting at the entrance to the port of Copenhagen. The second mermaid reached the mouth of the Vistula River and plunged into its waters. She stopped to rest on a sandy beach by the village of Warszowa, where fishermen came to admire her beauty and listen to her beautiful voice. A greedy merchant also heard her songs; he followed the fishermen and captured the mermaid.",0.3735,-1.0,False,qwen2.5,"By floating their wreaths down the Vistula, maidens would be able to predict when they would be married, and to whom.",9.2136,,0.7153,False,0.5499,faithful,1.0,The answer directly supports the factual claim in the context that maidens float their wreaths down the Vistula to predict when they will be married and to whom.
6034:hcpc_v1:qwen2.5,6034,squad,45,hcpc_v1,What will maidens be able to predict by floating their wreaths down the Vistula?,when they would be married,". The festival traces its roots to a peaceful pagan ritual where maidens would float their wreaths of herbs on the water to predict when they would be married, and to whom

---

. The contemporary flooded terrace still has visible valleys and ground depressions with water systems coming from the Vistula old – riverbed. They consist of still quite natural streams and lakes as well as the pattern of drainage ditches

---

. One of them decided to stay on the coast of Denmark and can be seen sitting at the entrance to the port of Copenhagen. The second mermaid reached the mouth of the Vistula River and plunged into its waters",0.423,-1.0,False,qwen2.5,"I cannot find this information in the provided context. The context mentions a peaceful pagan ritual where maidens would float their wreaths of herbs on water to predict when they would be married and to whom, but it does not specify that these predictions are made by floating the wreaths down the Vistula river specifically.",6.7095,,0.5085,False,0.1414,hallucinated,0.0,The answer is unsupported by the provided context as it does not mention that maidens can predict anything specific by floating their wreaths down the Vistula river.
6035:hcpc_v2:qwen2.5,6035,squad,45,hcpc_v2,What will maidens be able to predict by floating their wreaths down the Vistula?,when they would be married,"Several commemorative events take place every year. Gatherings of thousands of people on the banks of the Vistula on Midsummer’s Night for a festival called Wianki (Polish for Wreaths) have become a tradition and a yearly event in the programme of cultural events in Warsaw. The festival traces its roots to a peaceful pagan ritual where maidens would float their wreaths of herbs on the water to predict when they would be married, and to whom. By the 19th century this tradition had become a festive event, and it continues today. The city council organize concerts and other events. Each Midsummer’s Eve, apart from the official floating of wreaths, jumping over fires, looking for the fern flower, there are musical performances, dignitaries' speeches, fairs and fireworks by the river bank.

---

The plain moraine plateau has only a few natural and artificial ponds and also groups of clay pits. The pattern of the Vistula terraces is asymmetrical. The left side consist mainly of two levels: the highest one contains former flooded terraces and the lowest one the flood plain terrace. The contemporary flooded terrace still has visible valleys and ground depressions with water systems coming from the Vistula old – riverbed. They consist of still quite natural streams and lakes as well as the pattern of drainage ditches. The right side of Warsaw has a different pattern of geomorphological forms. There are several levels of the plain Vistula terraces (flooded as well as former flooded once) and only small part and not so visible moraine escarpment. Aeolian sand with a number of dunes parted by peat swamps or small ponds cover the highest terrace. These are mainly forested areas (pine forest).

---

The origin of the legendary figure is not fully known. The best-known legend, by Artur Oppman, is that long ago two of Triton's daughters set out on a journey through the depths of the oceans and seas . One of them decided to stay on the coast of Denmark and can be seen sitting at the entrance to the port of Copenhagen. The second mermaid reached the mouth of the Vistula River and plunged into its waters . She stopped to rest on a sandy beach by the village of Warszowa, where fishermen came to admire her beauty and listen to her beautiful voice. A greedy merchant also heard her songs; he followed the fishermen and captured the mermaid.",0.3732,0.1748,True,qwen2.5,"By floating their wreaths down the Vistula, maidens would be able to predict when they would be married, and to whom.",6.3883,,0.7153,False,0.5499,faithful,1.0,The answer directly supports the factual claim in the context that maidens float their wreaths down the Vistula to predict when they will be married and to whom.
6096:baseline:qwen2.5,6096,squad,45,baseline,Where was the boat demonstration given?,Madison Square Garden,"In 1898, Tesla demonstrated a radio-controlled boat—which he dubbed ""teleautomaton""—to the public during an electrical exhibition at Madison Square Garden. The crowd that witnessed the demonstration made outrageous claims about the workings of the boat, such as magic, telepathy, and being piloted by a trained monkey hidden inside. Tesla tried to sell his idea to the U.S. military as a type of radio-controlled torpedo, but they showed little interest. Remote radio control remained a novelty until World War I and afterward, when a number of countries used it in military programs. Tesla took the opportunity to further demonstrate ""Teleautomatics"" in an address to a meeting of the Commercial Club in Chicago, while he was travelling to Colorado Springs, on 13 May 1899.

---

In 1564 a group of Norman Huguenots under the leadership of Jean Ribault established the small colony of Fort Caroline on the banks of the St. Johns River in what is today Jacksonville, Florida. The effort was the first at any permanent European settlement in the present-day continental United States, but survived only a short time. A September 1565 French naval attack against the new Spanish colony at St. Augustine failed when its ships were hit by a hurricane on their way to the Spanish encampment at Fort Matanzas. Hundreds of French soldiers were stranded and surrendered to the numerically inferior Spanish forces led by Pedro Menendez. Menendez proceeded to massacre the defenseless Huguenots, after which he wiped out the Fort Caroline garrison.

---

The Colorado experiments had prepared Tesla for the establishment of the trans-Atlantic wireless telecommunications facility known as Wardenclyffe near Shoreham, Long Island.",0.3717,-1.0,False,qwen2.5,The boat demonstration was given at Madison Square Garden.,4.0114,,0.7736,False,0.4105,hallucinated,1.0,The answer is directly supported by the context as stated in the first sentence of the provided text.
6097:hcpc_v1:qwen2.5,6097,squad,45,hcpc_v1,Where was the boat demonstration given?,Madison Square Garden,". The crowd that witnessed the demonstration made outrageous claims about the workings of the boat, such as magic, telepathy, and being piloted by a trained monkey hidden inside. Tesla tried to sell his idea to the U.S

---

. The effort was the first at any permanent European settlement in the present-day continental United States, but survived only a short time. A September 1565 French naval attack against the new Spanish colony at St

---

The Colorado experiments had prepared Tesla for the establishment of the trans-Atlantic wireless telecommunications facility known as Wardenclyffe near Shoreham, Long Island.",0.4233,-1.0,False,qwen2.5,I cannot find this information in the provided context.,1.9752,,0.5531,False,0.0941,hallucinated,0.0,"The question asks about the location of a boat demonstration, but the provided context does not mention any boat demonstration or its location."
6098:hcpc_v2:qwen2.5,6098,squad,45,hcpc_v2,Where was the boat demonstration given?,Madison Square Garden,"In 1898, Tesla demonstrated a radio-controlled boat—which he dubbed ""teleautomaton""—to the public during an electrical exhibition at Madison Square Garden. The crowd that witnessed the demonstration made outrageous claims about the workings of the boat, such as magic, telepathy, and being piloted by a trained monkey hidden inside. Tesla tried to sell his idea to the U.S. military as a type of radio-controlled torpedo, but they showed little interest. Remote radio control remained a novelty until World War I and afterward, when a number of countries used it in military programs. Tesla took the opportunity to further demonstrate ""Teleautomatics"" in an address to a meeting of the Commercial Club in Chicago, while he was travelling to Colorado Springs, on 13 May 1899.

---

In 1564 a group of Norman Huguenots under the leadership of Jean Ribault established the small colony of Fort Caroline on the banks of the St. Johns River in what is today Jacksonville, Florida. The effort was the first at any permanent European settlement in the present-day continental United States, but survived only a short time. A September 1565 French naval attack against the new Spanish colony at St. Augustine failed when its ships were hit by a hurricane on their way to the Spanish encampment at Fort Matanzas. Hundreds of French soldiers were stranded and surrendered to the numerically inferior Spanish forces led by Pedro Menendez. Menendez proceeded to massacre the defenseless Huguenots, after which he wiped out the Fort Caroline garrison.

---

The Colorado experiments had prepared Tesla for the establishment of the trans-Atlantic wireless telecommunications facility known as Wardenclyffe near Shoreham, Long Island.",0.3717,0.0898,True,qwen2.5,The boat demonstration was given at Madison Square Garden.,3.6737,,0.7736,False,0.4105,hallucinated,1.0,The answer is directly supported by the context as stated in the first sentence of the provided text.
6135:baseline:qwen2.5,6135,squad,45,baseline,Who if the commissioner of the NFL?,Roger Goodell,"In early 2012, NFL Commissioner Roger Goodell stated that the league planned to make the 50th Super Bowl ""spectacular"" and that it would be ""an important game for us as a league"".

---

With Rivera having been a linebacker with the Chicago Bears in Super Bowl XX, and Kubiak replacing Elway at the end of the Broncos' defeats in Super Bowls XXI and XXIV, this will be the first Super Bowl in which both head coaches played in the game themselves.

---

The annual NFL Experience was held at the Moscone Center in San Francisco. In addition, ""Super Bowl City"" opened on January 30 at Justin Herman Plaza on The Embarcadero, featuring games and activities that will highlight the Bay Area's technology, culinary creations, and cultural diversity. More than 1 million people are expected to attend the festivities in San Francisco during Super Bowl Week. San Francisco mayor Ed Lee said of the highly visible homeless presence in this area ""they are going to have to leave"". San Francisco city supervisor Jane Kim unsuccessfully lobbied for the NFL to reimburse San Francisco for city services in the amount of $5 million.",0.3429,-1.0,False,qwen2.5,The commissioner of the NFL mentioned in the provided context is Roger Goodell.,3.2613,,0.9592,False,0.4876,hallucinated,1.0,The answer directly states that the commissioner of the NFL mentioned in the context is Roger Goodell.
6136:hcpc_v1:qwen2.5,6136,squad,45,hcpc_v1,Who if the commissioner of the NFL?,Roger Goodell,"In early 2012, NFL Commissioner Roger Goodell stated that the league planned to make the 50th Super Bowl ""spectacular"" and that it would be ""an important game for us as a league"".

---

With Rivera having been a linebacker with the Chicago Bears in Super Bowl XX, and Kubiak replacing Elway at the end of the Broncos' defeats in Super Bowls XXI and XXIV, this will be the first Super Bowl in which both head coaches played in the game

---

The annual NFL Experience was held at the Moscone Center in San Francisco",0.3643,-1.0,False,qwen2.5,The commissioner of the NFL mentioned in the provided context is Roger Goodell.,1.4466,,0.9592,False,0.4876,hallucinated,0.5,"While the answer correctly identifies the commissioner of the NFL as Roger Goodell, it does not directly support this claim with information from the given context. The provided context only discusses Roger Goodell's statement about the Super Bowl and does not mention his role as commissioner."
6137:hcpc_v2:qwen2.5,6137,squad,45,hcpc_v2,Who if the commissioner of the NFL?,Roger Goodell,"In early 2012, NFL Commissioner Roger Goodell stated that the league planned to make the 50th Super Bowl ""spectacular"" and that it would be ""an important game for us as a league"".

---

With Rivera having been a linebacker with the Chicago Bears in Super Bowl XX, and Kubiak replacing Elway at the end of the Broncos' defeats in Super Bowls XXI and XXIV, this will be the first Super Bowl in which both head coaches played in the game themselves.

---

The annual NFL Experience was held at the Moscone Center in San Francisco . In addition, ""Super Bowl City"" opened on January 30 at Justin Herman Plaza on The Embarcadero, featuring games and activities that will highlight the Bay Area's technology, culinary creations, and cultural diversity . More than 1 million people are expected to attend the festivities in San Francisco during Super Bowl Week. San Francisco mayor Ed Lee said of the highly visible homeless presence in this area ""they are going to have to leave"" . San Francisco city supervisor Jane Kim unsuccessfully lobbied for the NFL to reimburse San Francisco for city services in the amount of $5 million.",0.3417,0.3545,True,qwen2.5,The commissioner of the NFL mentioned in the provided context is Roger Goodell.,2.5659,,0.9592,False,0.4876,hallucinated,1.0,"The answer directly states that 'Roger Goodell' is the commissioner of the NFL, which is a factual claim supported by the provided context."
6216:baseline:qwen2.5,6216,squad,45,baseline,Where did Luther go on 17 July 1505?,Augustinian cloister in Erfurt,"He later attributed his decision to an event: on 2 July 1505, he was returning to university on horseback after a trip home. During a thunderstorm, a lightning bolt struck near him. Later telling his father he was terrified of death and divine judgment, he cried out, ""Help! Saint Anna, I will become a monk!"" He came to view his cry for help as a vow he could never break. He left law school, sold his books, and entered a closed Augustinian cloister in Erfurt on 17 July 1505. One friend blamed the decision on Luther's sadness over the deaths of two friends. Luther himself seemed saddened by the move. Those who attended a farewell supper walked him to the door of the Black Cloister. ""This day you see me, and then, not ever again,"" he said. His father was furious over what he saw as a waste of Luther's education.

---

His poor physical health made him short-tempered and even harsher in his writings and comments. His wife Katharina was overheard saying, ""Dear husband, you are too rude,"" and he responded, ""They are teaching me to be rude."" In 1545 and 1546 Luther preached three times in the Market Church in Halle, staying with his friend Justus Jonas during Christmas.

---

Luther secretly returned to Wittenberg on 6 March 1522. He wrote to the Elector: ""During my absence, Satan has entered my sheepfold, and committed ravages which I cannot repair by writing, but only by my personal presence and living word."" For eight days in Lent, beginning on Invocavit Sunday, 9 March, Luther preached eight sermons, which became known as the ""Invocavit Sermons"". In these sermons, he hammered home the primacy of core Christian values such as love, patience, charity, and freedom, and reminded the citizens to trust God's word rather than violence to bring about necessary change.",0.5683,-1.0,False,qwen2.5,"On 17 July 1505, Luther entered a closed Augustinian cloister in Erfurt.",5.2437,,0.4237,True,0.3981,hallucinated,1.0,The answer is directly supported by the context as it states that Luther entered a closed Augustinian cloister in Erfurt on 17 July 1505.
6217:hcpc_v1:qwen2.5,6217,squad,45,hcpc_v1,Where did Luther go on 17 July 1505?,Augustinian cloister in Erfurt,". He left law school, sold his books, and entered a closed Augustinian cloister in Erfurt on 17 July 1505. One friend blamed the decision on Luther's sadness over the deaths of two friends. Luther himself seemed saddened by the move

---

. His wife Katharina was overheard saying, ""Dear husband, you are too rude,"" and he responded, ""They are teaching me to be rude."" In 1545 and 1546 Luther preached three times in the Market Church in Halle, staying with his friend Justus Jonas during

---

Luther secretly returned to Wittenberg on 6 March 1522",0.6561,-1.0,False,qwen2.5,"On 17 July 1505, Luther entered a closed Augustinian cloister in Erfurt.",3.3247,,0.4237,True,0.3981,hallucinated,1.0,The answer directly matches the factual claim provided in the context.
6218:hcpc_v2:qwen2.5,6218,squad,45,hcpc_v2,Where did Luther go on 17 July 1505?,Augustinian cloister in Erfurt,"He later attributed his decision to an event: on 2 July 1505, he was returning to university on horseback after a trip home. During a thunderstorm, a lightning bolt struck near him. Later telling his father he was terrified of death and divine judgment, he cried out, ""Help! Saint Anna, I will become a monk!"" He came to view his cry for help as a vow he could never break. He left law school, sold his books, and entered a closed Augustinian cloister in Erfurt on 17 July 1505. One friend blamed the decision on Luther's sadness over the deaths of two friends. Luther himself seemed saddened by the move. Those who attended a farewell supper walked him to the door of the Black Cloister. ""This day you see me, and then, not ever again,"" he said. His father was furious over what he saw as a waste of Luther's education.

---

His poor physical health made him short-tempered and even harsher in his writings and comments. His wife Katharina was overheard saying, ""Dear husband, you are too rude,"" and he responded, ""They are teaching me to be rude."" In 1545 and 1546 Luther preached three times in the Market Church in Halle, staying with his friend Justus Jonas during Christmas.

---

Luther secretly returned to Wittenberg on 6 March 1522 . He wrote to the Elector: ""During my absence, Satan has entered my sheepfold, and committed ravages which I cannot repair by writing, but only by my personal presence and living word."" For eight days in Lent, beginning on Invocavit Sunday, 9 March, Luther Sunday, 9 March, Luther preached eight sermons, which became known as the ""Invocavit Sermons"" . In these sermons, he hammered home the primacy of core Christian values such as love, patience, charity, and freedom, and reminded the citizens to trust God's word rather than violence to bring about necessary change.",0.5667,0.5642,True,qwen2.5,"On 17 July 1505, Luther entered a closed Augustinian cloister in Erfurt.",5.3652,,0.4237,True,0.3981,hallucinated,1.0,The answer is directly supported by the context as it states that Luther entered a closed Augustinian cloister in Erfurt on 17 July 1505.
6270:baseline:qwen2.5,6270,squad,45,baseline,What other English towns were sites of Huguenot settlement?,"Kent, particularly Sandwich, Faversham and Maidstone","In 1700 several hundred French Huguenots migrated from England to the colony of Virginia, where the English Crown had promised them land grants in Lower Norfolk County. When they arrived, colonial authorities offered them instead land 20 miles above the falls of the James River, at the abandoned Monacan village known as Manakin Town, now in Powhatan County. Some settlers landed in present-day Chesterfield County. On 12 May 1705, the Virginia General Assembly passed an act to naturalise the 148 Huguenots still resident at Manakintown. Of the original 390 settlers in the isolated settlement, many had died; others lived outside town on farms in the English style; and others moved to different areas. Gradually they intermarried with their English neighbors. Through the 18th and 19th centuries, descendants of the French migrated west into the Piedmont, and across the Appalachian Mountains into the West of what became Kentucky, Tennessee, Missouri, and other states

---

A number of Huguenots served as mayors in Dublin, Cork, Youghal and Waterford in the 17th and 18th centuries. Numerous signs of Huguenot presence can still be seen with names still in use, and with areas of the main towns and cities named after the people who settled there. Examples include the Huguenot District and French Church Street in Cork City; and D'Olier Street in Dublin, named after a High Sheriff and one of the founders of the Bank of Ireland. A French church in Portarlington dates back to 1696, and was built to serve the significant new Huguenot community in the town. At the time, they constituted the majority of the townspeople.

---

Huguenot immigrants did not disperse or settle in different parts of the country, but rather, formed three societies or congregations; one in the city of New York, another 21 miles north of New York in a town which they named New Rochelle, and a third further upstate in New Paltz. The ""Huguenot Street Historic District"" in New Paltz has been designated a National Historic Landmark site and contains the oldest street in the United States of America. A small group of Huguenots also settled on the south shore of Staten Island along the New York Harbor, for which the current neighborhood of Huguenot was named.",0.5956,-1.0,False,qwen2.5,I cannot find this information in the provided context.,5.2675,,0.5531,False,0.0941,hallucinated,0.0,"The answer mentions English towns where Huguenots settled, but the provided context only discusses settlements in Virginia."
6271:hcpc_v1:qwen2.5,6271,squad,45,hcpc_v1,What other English towns were sites of Huguenot settlement?,"Kent, particularly Sandwich, Faversham and Maidstone",". Of the original 390 settlers in the isolated settlement, many had died; others lived outside town on farms in the English style; and others moved to different areas. Gradually they intermarried with their English neighbors

---

. Numerous signs of Huguenot presence can still be seen with names still in use, and with areas of the main towns and cities named after the people who settled there

---

Huguenot immigrants did not disperse or settle in different parts of the country, but rather, formed three societies or congregations; one in the city of New York, another 21 miles north of New York in a town which they named New Rochelle, and a third",0.6275,-1.0,False,qwen2.5,"I cannot find this information in the provided context. The context mentions specific locations where Huguenots settled, such as New York and New Rochelle, but it does not mention any other English towns where they settled.",4.4217,,0.5295,False,0.1335,hallucinated,0.0,"The answer claims that the context does not mention any other English towns where Huguenots settled, but the provided context only discusses New York and New Rochelle, and does not make a claim about all English towns."
6272:hcpc_v2:qwen2.5,6272,squad,45,hcpc_v2,What other English towns were sites of Huguenot settlement?,"Kent, particularly Sandwich, Faversham and Maidstone","In 1700 several hundred French Huguenots migrated from England to the colony of Virginia, where the English Crown had promised them land grants in Lower Norfolk County. When they arrived, colonial authorities offered them instead land 20 miles above the falls of the James River, at the abandoned Monacan village known as Manakin Town, now in Powhatan County. Some settlers landed in present-day Chesterfield County. On 12 May 1705, the Virginia General Assembly passed an act to naturalise the 148 Huguenots still resident at Manakintown. Of the original 390 settlers in the isolated settlement, many had died; others lived outside town on farms in the English style; and others moved to different areas. Gradually they intermarried with their English neighbors. Through the 18th and 19th centuries, descendants of the French migrated west into the Piedmont, and across the Appalachian Mountains into the West of what became Kentucky, Tennessee, Missouri, and other states

---

A number of Huguenots served as mayors in Dublin, Cork, Youghal and Waterford in the 17th and 18th centuries. Numerous signs of Huguenot presence can still be seen with names still in use, and with areas of the main towns and cities named after the people who settled there. Examples include the Huguenot District and French Church Street in Cork City; and D'Olier Street in Dublin, named after a High Sheriff and one of the founders of the Bank of Ireland. A French church in Portarlington dates back to 1696, and was built to serve the significant new Huguenot community in the town. At the time, they constituted the majority of the townspeople.

---

Huguenot immigrants did not disperse or settle in different parts of the country, but rather, formed three societies or congregations; one in the city of New York, another 21 miles north of New York in a town which they named New Rochelle, and a third further upstate in New Paltz. The ""Huguenot Street Historic District"" in New Paltz has been designated a National Historic Landmark site and contains the oldest street in the United States of America. A small group of Huguenots also settled on the south shore of Staten Island along the New York Harbor, for which the current neighborhood of Huguenot was named.",0.5956,0.4914,False,qwen2.5,I cannot find this information in the provided context.,5.2856,,0.5531,False,0.0941,hallucinated,0.0,"The answer mentions English towns where Huguenots settled, but the provided context only discusses settlements in Virginia."
6531:baseline:qwen2.5,6531,squad,45,baseline,A decision made by what entity restored Tesla's patents?,Supreme Court of the United States,"In 1900, Tesla was granted patents for a ""system of transmitting electrical energy"" and ""an electrical transmitter."" When Guglielmo Marconi made his famous first-ever transatlantic radio transmission in 1901, Tesla quipped that it was done with 17 Tesla patents, though there is little to support this claim. This was the beginning of years of patent battles over radio with Tesla's patents being upheld in 1903, followed by a reverse decision in favor of Marconi in 1904. In 1943, a Supreme Court of the United States decision restored the prior patents of Tesla, Oliver Lodge, and John Stone. The court declared that their decision had no bearing on Marconi's claim as the first to achieve radio transmission, just that since Marconi's claim to certain patents were questionable, he could not claim infringement on those same patents (there are claims the high court was trying to nullify a World War I claim against the U.S. government by the Marconi Company via simply restoring Tesla's prior patent).

---

In 1928, Tesla received his last patent, U.S. Patent 1,655,114, for a biplane capable of taking off vertically (VTOL aircraft) and then be ""gradually tilted through manipulation of the elevator devices"" in flight until it was flying like a conventional plane. Tesla thought the plane would sell for less than $1,000.:251 Although the aircraft was probably impractical, it may be the earliest known design for what became the tiltrotor/tilt-wing concept as well as the earliest proposal for the use of turbine engines in rotor aircraft.[improper synthesis?]

---

During the period in which the negotiations were being conducted, Tesla said that efforts had been made to steal the invention. His room had been entered and his papers had been scrutinized, but the thieves, or spies, left empty-handed. He said that there was no danger that his invention could be stolen, for he had at no time committed any part of it to paper; the blueprint for the teleforce weapon was all in his mind.",0.5881,-1.0,False,qwen2.5,A Supreme Court of the United States decision restored Tesla's patents in 1943.,5.4847,,0.7558,False,0.3931,hallucinated,1.0,The answer directly quotes the context about the Supreme Court restoring Tesla's patents in 1943.
6532:hcpc_v1:qwen2.5,6532,squad,45,hcpc_v1,A decision made by what entity restored Tesla's patents?,Supreme Court of the United States,". government by the Marconi Company via simply restoring Tesla's prior patent).

---

In 1928, Tesla received his last patent, U.S

---

During the period in which the negotiations were being conducted, Tesla said that efforts had been made to steal the invention. His room had been entered and his papers had been scrutinized, but the thieves, or spies, left empty-handed",0.6809,-1.0,False,qwen2.5,I cannot find this information in the provided context.,2.0154,,0.5531,False,0.0941,hallucinated,0.0,The answer is not directly supported by the provided context as it does not contain any information about an entity restoring Tesla's patents.
6533:hcpc_v2:qwen2.5,6533,squad,45,hcpc_v2,A decision made by what entity restored Tesla's patents?,Supreme Court of the United States,"In 1900, Tesla was granted patents for a ""system of transmitting electrical energy"" and ""an electrical transmitter."" When Guglielmo Marconi made his famous first-ever transatlantic radio transmission in 1901, Tesla quipped that it was done with 17 Tesla patents, though there is little to support this claim. This was the beginning of years of patent battles over radio with Tesla's patents being upheld in 1903, followed by a reverse decision in favor of Marconi in 1904. In 1943, a Supreme Court of the United States decision restored the prior patents of Tesla, Oliver Lodge, and John Stone. The court declared that their decision had no bearing on Marconi's claim as the first to achieve radio transmission, just that since Marconi's claim to certain patents were questionable, he could not claim infringement on those same patents (there are claims the high court was trying to nullify a World War I claim against the U.S. government by the Marconi Company via simply restoring Tesla's prior patent).

---

In 1928, Tesla received his last patent, U.S. Patent 1,655,114, for a biplane capable of taking off vertically (VTOL aircraft) and then be ""gradually tilted through manipulation of the elevator devices"" in flight until it was flying like a conventional plane. Tesla thought the plane would sell for less than $1,000.:251 Although the aircraft was probably impractical, it may be the earliest known design for what became the tiltrotor/tilt-wing concept as well as the earliest proposal for the use of turbine engines in rotor aircraft.[improper synthesis?]

---

During the period in which the negotiations were being conducted, Tesla said that efforts had been made to steal the invention. His room had been entered and his papers had been scrutinized, but the thieves, or spies, left empty-handed . He said that there was no danger that his invention could be stolen, for he had at no time committed any part of it to paper; the blueprint for the teleforce weapon was all in his mind.",0.5881,0.5043,True,qwen2.5,A Supreme Court of the United States decision restored Tesla's patents in 1943.,5.7733,,0.7558,False,0.3931,hallucinated,1.0,The answer directly quotes the context about the Supreme Court restoring Tesla's patents in 1943.
6768:baseline:qwen2.5,6768,squad,45,baseline,What did Martin Brecht call Luther's stand on the Jews?,misguided agitation,"At the heart of scholars' debate about Luther's influence is whether it is anachronistic to view his work as a precursor of the racial antisemitism of the Nazis. Some scholars see Luther's influence as limited, and the Nazis' use of his work as opportunistic. Biographer Martin Brecht points out that ""There is a world of difference between his belief in salvation and a racial ideology. Nevertheless, his misguided agitation had the evil result that Luther fatefully became one of the 'church fathers' of anti-Semitism and thus provided material for the modern hatred of the Jews, cloaking it with the authority of the Reformer."" Johannes Wallmann argues that Luther's writings against the Jews were largely ignored in the 18th and 19th centuries, and that there was no continuity between Luther's thought and Nazi ideology. Uwe Siemon-Netto agreed, arguing that it was because the Nazis were already anti-Semites that they revived Luther's work. Hans J

---

. Hans J. Hillerbrand agreed that to focus on Luther was to adopt an essentially ahistorical perspective of Nazi antisemitism that ignored other contributory factors in German history. Similarly, Roland Bainton, noted church historian and Luther biographer, wrote ""One could wish that Luther had died before ever [On the Jews and Their Lies] was written. His position was entirely religious and in no respect racial.""

---

Other scholars argue that, even if his views were merely anti-Judaic—that is, opposed to Judaism and its adherence rather than the Jews as an ethnic group—their violence lent a new element to the standard Christian suspicion of Judaism. Ronald Berger writes that Luther is credited with ""Germanizing the Christian critique of Judaism and establishing anti-Semitism as a key element of German culture and national identity."" Paul Rose argues that he caused a ""hysterical and demonizing mentality"" about Jews to enter German thought and discourse, a mentality that might otherwise have been absent. Christopher J. Probst in his book Demonizing the Jews: Luther and the Protestant Church in Nazi Germany (2012), shows that a large number of German Lutheran clergy and theologians during the Nazi Third Reich used Luther's hostile publications towards the Jews and their Jewish religion to justify at least in part the anti-Semitic policies of the National Socialists.",0.6368,-1.0,False,qwen2.5,"Martin Brecht called ""his misguided agitation"" regarding the Jews, noting that there is a significant difference between Luther's belief in salvation and a racial ideology.",7.9891,,0.4476,True,0.1463,hallucinated,1.0,The answer directly quotes Martin Brecht's description of Luther's stand on the Jews.
6769:hcpc_v1:qwen2.5,6769,squad,45,hcpc_v1,What did Martin Brecht call Luther's stand on the Jews?,misguided agitation,". Some scholars see Luther's influence as limited, and the Nazis' use of his work as opportunistic. Biographer Martin Brecht points out that ""There is a world of difference between his belief in salvation and a racial ideology

---

. Similarly, Roland Bainton, noted church historian and Luther biographer, wrote ""One could wish that Luther had died before ever [On the Jews and Their Lies] was written. His position was entirely religious and in no respect racial.""

---

. Ronald Berger writes that Luther is credited with ""Germanizing the Christian critique of Judaism and establishing anti-Semitism as a key element of German culture and national identity."" Paul Rose argues that he caused a ""hysterical and demonizing",0.6575,-1.0,False,qwen2.5,"Martin Brecht noted that Luther's belief in salvation was fundamentally different from racial ideology. He did not specifically describe Luther's stand on the Jews using a particular term like ""opportunistic,"" but rather highlighted the contrast between Luther's religious beliefs and racial ideologies.",6.7224,,0.4383,True,0.1486,hallucinated,0.8,"Martin Brecht did not explicitly call Luther's stand on the Jews, but he pointed out a difference between Luther's belief in salvation and racial ideology."
6770:hcpc_v2:qwen2.5,6770,squad,45,hcpc_v2,What did Martin Brecht call Luther's stand on the Jews?,misguided agitation,"At the heart of scholars' debate about Luther's influence is whether it is anachronistic to view his work as a precursor of the racial antisemitism of the Nazis. Some scholars see Luther's influence as limited, and the Nazis' use of his work as opportunistic. Biographer Martin Brecht points out that ""There is a world of difference between his belief in salvation and a racial ideology. Nevertheless, his misguided agitation had the evil result that Luther fatefully became one of the 'church fathers' of anti-Semitism and thus provided material for the modern hatred of the Jews, cloaking it with the authority of the Reformer."" Johannes Wallmann argues that Luther's writings against the Jews were largely ignored in the 18th and 19th centuries, and that there was no continuity between Luther's thought and Nazi ideology. Uwe Siemon-Netto agreed, arguing that it was because the Nazis were already anti-Semites that they revived Luther's work. Hans J

---

. Hans J. Hillerbrand agreed that to focus on Luther was to adopt an essentially ahistorical perspective of Nazi antisemitism that ignored other contributory factors in German history. Similarly, Roland Bainton, noted church historian and Luther biographer, wrote ""One could wish that Luther had died before ever [On the Jews and Their Lies] was written. His position was entirely religious and in no respect racial.""

---

Other scholars argue that, even if his views were merely anti-Judaic—that is, opposed to Judaism and its adherence rather than the Jews as an ethnic group—their violence lent a new element to the standard Christian suspicion of Judaism . Ronald Berger writes that Luther is credited with ""Germanizing the Christian critique of Judaism and establishing anti-Semitism as a key element of German culture and national identity."" Paul Rose argues that he caused a ""hysterical and demonizing a ""hysterical and demonizing mentality"" about Jews to enter German thought and discourse, a mentality that might otherwise have been absent . Christopher J . Probst in his book Demonizing the Jews: Luther and the Protestant Church in Nazi Germany (2012), shows that a large number of German Lutheran clergy and theologians during the Nazi Third Reich used Luther's hostile publications towards the Jews and their towards the Jews and their Jewish religion to justify at least in part the anti-Semitic policies of the National Socialists.",0.6322,0.6956,True,qwen2.5,"Martin Brecht called ""his misguided agitation"" regarding the Jews. He also noted that there is a significant difference between Luther's belief in salvation and a racial ideology, but still acknowledged that Luther's work had an evil result in providing material for modern anti-Semitism.",11.6134,,0.4744,True,0.118,hallucinated,0.8,"While Martin Brecht acknowledges that Luther's work had an 'evil result' in providing material for modern anti-Semitism, he also emphasizes the difference between Luther's belief in salvation and a racial ideology. However, the question specifically asks for what Brecht called Luther's stand on the Jews, and while Brecht mentions that Luther's work had an impact on anti-Semitism, he does not explicitly state what Brecht called 'his misguided agitation regarding the Jews.'"
6813:baseline:qwen2.5,6813,squad,45,baseline,What was one of Luther's most personal writings?,The catechism,"Luther's writings circulated widely, reaching France, England, and Italy as early as 1519. Students thronged to Wittenberg to hear Luther speak. He published a short commentary on Galatians and his Work on the Psalms. This early part of Luther's career was one of his most creative and productive. Three of his best-known works were published in 1520: To the Christian Nobility of the German Nation, On the Babylonian Captivity of the Church, and On the Freedom of a Christian.

---

A piece of paper was later found on which Luther had written his last statement. The statement was in Latin, apart from ""We are beggars,"" which was in German.

---

Luther's rediscovery of ""Christ and His salvation"" was the first of two points that became the foundation for the Reformation. His railing against the sale of indulgences was based on it.",0.6786,-1.0,False,qwen2.5,"I cannot find this information in the provided context. The context does not mention any of Luther's personal writings; instead, it discusses his widely circulated works and their impact during his career.",6.0904,,0.5579,False,0.1632,hallucinated,0.0,"The question asks about one of Luther's most personal writings, but the provided context does not mention any personal writings of Luther."
6814:hcpc_v1:qwen2.5,6814,squad,45,hcpc_v1,What was one of Luther's most personal writings?,The catechism,". This early part of Luther's career was one of his most creative and productive

---

A piece of paper was later found on which Luther had written his last statement. The statement was in Latin, apart from ""We are beggars,"" which was in German.

---

Luther's rediscovery of ""Christ and His salvation"" was the first of two points that became the foundation for the Reformation. His railing against the sale of indulgences was based on it.",0.6798,-1.0,False,qwen2.5,I cannot find this information in the provided context.,2.301,,0.5531,False,0.0941,hallucinated,0.0,"The question asks for one of Luther's most personal writings, but the context does not provide any information about his personal writings."
6815:hcpc_v2:qwen2.5,6815,squad,45,hcpc_v2,What was one of Luther's most personal writings?,The catechism,"Luther's writings circulated widely, reaching France, England, and Italy as early as 1519. Students thronged to Wittenberg to hear Luther speak. He published a short commentary on Galatians and his Work on the Psalms. This early part of Luther's career was one of his most creative and productive. Three of his best-known works were published in 1520: To the Christian Nobility of the German Nation, On the Babylonian Captivity of the Church, and On the Freedom of a Christian.

---

A piece of paper was later found on which Luther had written his last statement. The statement was in Latin, apart from ""We are beggars,"" which was in German.

---

Luther's rediscovery of ""Christ and His salvation"" was the first of two points that became the foundation for the Reformation. His railing against the sale of indulgences was based on it.",0.6786,0.536,True,qwen2.5,"I cannot find this information in the provided context. The context does not mention any of Luther's personal writings; instead, it discusses his widely circulated works and their impact during his career.",4.5682,,0.5579,False,0.1632,hallucinated,0.0,"The question asks about one of Luther's most personal writings, but the provided context does not mention any personal writings of Luther."
6822:baseline:qwen2.5,6822,squad,45,baseline,Who was the number two draft pick for 2011?,Von Miller,"This was the first Super Bowl to feature a quarterback on both teams who was the #1 pick in their draft classes. Manning was the #1 selection of the 1998 NFL draft, while Newton was picked first in 2011. The matchup also pits the top two picks of the 2011 draft against each other: Newton for Carolina and Von Miller for Denver. Manning and Newton also set the record for the largest age difference between opposing Super Bowl quarterbacks at 13 years and 48 days (Manning was 39, Newton was 26).

---

Manning finished the year with a career-low 67.9 passer rating, throwing for 2,249 yards and nine touchdowns, with 17 interceptions. In contrast, Osweiler threw for 1,967 yards, 10 touchdowns and six interceptions for a rating of 86.4. Veteran receiver Demaryius Thomas led the team with 105 receptions for 1,304 yards and six touchdowns, while Emmanuel Sanders caught 76 passes for 1,135 yards and six scores, while adding another 106 yards returning punts. Tight end Owen Daniels was also a big element of the passing game with 46 receptions for 517 yards. Running back C. J. Anderson was the team's leading rusher 863 yards and seven touchdowns, while also catching 25 passes for 183 yards. Running back Ronnie Hillman also made a big impact with 720 yards, five touchdowns, 24 receptions, and a 4.7 yards per carry average. Overall, the offense ranked 19th in scoring with 355 points and did not have any Pro Bowl selections.

---

. Carolina's secondary featured Pro Bowl safety Kurt Coleman, who led the team with a career high seven interceptions, while also racking up 88 tackles and Pro Bowl cornerback Josh Norman, who developed into a shutdown corner during the season and had four interceptions, two of which were returned for touchdowns.",0.3622,-1.0,False,qwen2.5,I cannot find this information in the provided context.,4.4529,,0.5531,False,0.0941,hallucinated,0.0,"The question asks who was the number two draft pick for 2011, but the provided context does not contain any information about the second draft pick for that year."
6823:hcpc_v1:qwen2.5,6823,squad,45,hcpc_v1,Who was the number two draft pick for 2011?,Von Miller,". The matchup also pits the top two picks of the 2011 draft against each other: Newton for Carolina and Von Miller for Denver

---

. Tight end Owen Daniels was also a big element of the passing game with 46 receptions for 517 yards. Running back C. J. Anderson was the team's leading rusher 863 yards and seven touchdowns, while also catching 25 passes for 183 yards

---

during the season and had four interceptions, two of which were returned for touchdowns.",0.4669,-1.0,False,qwen2.5,"I cannot find this information in the provided context. The context mentions that the matchup pits the top two picks of the 2011 draft against each other, but it does not specify who the second pick was or who held that position.",4.8449,,0.5594,False,0.1593,hallucinated,0.0,The answer is unsupported by the provided context as it does not contain information about the second draft pick in 2011.
6824:hcpc_v2:qwen2.5,6824,squad,45,hcpc_v2,Who was the number two draft pick for 2011?,Von Miller,"This was the first Super Bowl to feature a quarterback on both teams who was the #1 pick in their draft classes. Manning was the #1 selection of the 1998 NFL draft, while Newton was picked first in 2011. The matchup also pits the top two picks of the 2011 draft against each other: Newton for Carolina and Von Miller for Denver. Manning and Newton also set the record for the largest age difference between opposing Super Bowl quarterbacks at 13 years and 48 days (Manning was 39, Newton was 26).

---

Manning finished the year with a career-low 67.9 passer rating, throwing for 2,249 yards and nine touchdowns, with 17 interceptions. In contrast, Osweiler threw for 1,967 yards, 10 touchdowns and six interceptions for a rating of 86.4. Veteran receiver Demaryius Thomas led the team with 105 receptions for 1,304 yards and six touchdowns, while Emmanuel Sanders caught 76 passes for 1,135 yards and six scores, while adding another 106 yards returning punts. Tight end Owen Daniels was also a big element of the passing game with 46 receptions for 517 yards. Running back C. J. Anderson was the team's leading rusher 863 yards and seven touchdowns, while also catching 25 passes for 183 yards. Running back Ronnie Hillman also made a big impact with 720 yards, five touchdowns, 24 receptions, and a 4.7 yards per carry average. Overall, the offense ranked 19th in scoring with 355 points and did not have any Pro Bowl selections.

---

. Carolina's secondary featured Pro Bowl safety Kurt Coleman, who led the team with a career high seven interceptions, while also racking up 88 tackles and Pro Bowl cornerback Josh Norman, who developed into a shutdown corner during the season and had four during the season and had four interceptions, two of which were returned for touchdowns.",0.3629,0.423,True,qwen2.5,I cannot find this information in the provided context.,5.3022,,0.5531,False,0.0941,hallucinated,0.0,"The question asks who was the number two draft pick for 2011, but the provided context does not mention any NFL draft picks from 2011."
6861:baseline:qwen2.5,6861,squad,45,baseline,How much did Tesla sell his AC patents to Westinghouse Electric for?,"$216,000",". Westinghouse convinced Tesla to release his company from the licensing agreement over Tesla's AC patents in exchange for Westinghouse Electric purchasing the patents for a lump sum payment of $216,000; this provided Westinghouse a break from what, due to alternating current's rapid gain in popularity, had turned out to be an overly generous $2.50 per AC horsepower royalty.

---

In July 1888, Brown and Peck negotiated a licensing deal with George Westinghouse for Tesla's polyphase induction motor and transformer designs for $60,000 in cash and stock and a royalty of $2.50 per AC horsepower produced by each motor. Westinghouse also hired Tesla for one year for the large fee of $2,000 ($52,700 in today's dollars) per month to be a consultant at the Westinghouse Electric & Manufacturing Company's Pittsburgh labs.

---

Tesla gained experience in telephony and electrical engineering before emigrating to the United States in 1884 to work for Thomas Edison in New York City. He soon struck out on his own with financial backers, setting up laboratories and companies to develop a range of electrical devices. His patented AC induction motor and transformer were licensed by George Westinghouse, who also hired Tesla for a short time as a consultant. His work in the formative years of electric power development was involved in a corporate alternating current/direct current ""War of Currents"" as well as various patent battles.",0.7259,-1.0,False,qwen2.5,"Westinghouse convinced Tesla to release his company from the licensing agreement over Tesla's AC patents in exchange for a lump sum payment of $216,000.",5.4,,0.5222,False,0.3249,hallucinated,1.0,The answer directly quotes the context provided.
6862:hcpc_v1:qwen2.5,6862,squad,45,hcpc_v1,How much did Tesla sell his AC patents to Westinghouse Electric for?,"$216,000",". Westinghouse convinced Tesla to release his company from the licensing agreement over Tesla's AC patents in exchange for Westinghouse Electric purchasing the patents for a lump sum payment of $216,000; this provided Westinghouse a break from what, due to alternating current's rapid gain in popularity, had turned out to be an overly generous $2.50 per AC horsepower royalty.

---

. Westinghouse also hired Tesla for one year for the large fee of $2,000 ($52,700 in today's dollars) per month to be a consultant at the Westinghouse Electric & Manufacturing Company's Pittsburgh labs.

---

. His patented AC induction motor and transformer were licensed by George Westinghouse, who also hired Tesla for a short time as a consultant",0.7366,-1.0,False,qwen2.5,"According to the provided context, Tesla sold his AC patents to Westinghouse Electric for a lump sum payment of $216,000.",3.4071,,0.8614,False,0.6112,faithful,1.0,The answer directly quotes the provided context.
6863:hcpc_v2:qwen2.5,6863,squad,45,hcpc_v2,How much did Tesla sell his AC patents to Westinghouse Electric for?,"$216,000",". Westinghouse convinced Tesla to release his company from the licensing agreement over Tesla's AC patents in exchange for Westinghouse Electric purchasing the patents for a lump sum payment of $216,000; this provided Westinghouse a break from what, due to alternating current's rapid gain in popularity, had turned out to be an overly generous $2.50 per AC horsepower royalty.

---

In July 1888, Brown and Peck negotiated a licensing deal with George Westinghouse for Tesla's polyphase induction motor and transformer designs for $60,000 in cash and stock and a royalty of $2.50 per AC horsepower produced by each motor. Westinghouse also hired Tesla for one year for the large fee of $2,000 ($52,700 in today's dollars) per month to be a consultant at the Westinghouse Electric & Manufacturing Company's Pittsburgh labs.

---

Tesla gained experience in telephony and electrical engineering before emigrating to the United States in 1884 to work for Thomas Edison in New York City. He soon struck out on his own with financial backers, setting up laboratories and companies to develop a range of electrical devices. His patented AC induction motor and transformer were licensed by George Westinghouse, who also hired Tesla for a short time as a consultant. His work in the formative years of electric power development was involved in a corporate alternating current/direct current ""War of Currents"" as well as various patent battles.",0.7259,0.6701,False,qwen2.5,"Westinghouse convinced Tesla to release his company from the licensing agreement over Tesla's AC patents in exchange for a lump sum payment of $216,000.",4.905,,0.5222,False,0.3249,hallucinated,1.0,The answer directly quotes the context provided.
7038:baseline:qwen2.5,7038,squad,45,baseline,Where is the Jazz Jamboree hosted?,Warsaw,"Thanks to numerous musical venues, including the Teatr Wielki, the Polish National Opera, the Chamber Opera, the National Philharmonic Hall and the National Theatre, as well as the Roma and Buffo music theatres and the Congress Hall in the Palace of Culture and Science, Warsaw hosts many events and festivals. Among the events worth particular attention are: the International Frédéric Chopin Piano Competition, the International Contemporary Music Festival Warsaw Autumn, the Jazz Jamboree, Warsaw Summer Jazz Days, the International Stanisław Moniuszko Vocal Competition, the Mozart Festival, and the Festival of Old Music.

---

The league eventually narrowed the bids to three sites: New Orleans' Mercedes-Benz Superdome, Miami's Sun Life Stadium, and the San Francisco Bay Area's Levi's Stadium.

---

The flagship stations of each station in the markets of each team will carry their local play-by-play calls. In Denver, KOA (850 AM) and KRFX (103.5 FM) will carry the game, with Dave Logan on play-by-play and Ed McCaffrey on color commentary. In North Carolina, WBT (1110 AM) will carry the game, with Mick Mixon on play-by-play and Eugene Robinson and Jim Szoke on color commentary. WBT will also simulcast the game on its sister station WBT-FM (99.3 FM), which is based in Chester, South Carolina. As KOA and WBT are both clear-channel stations, the local broadcasts will be audible over much of the western United States after sunset (for Denver) and the eastern United States throughout the game (for Carolina). In accordance with contractual rules, the rest of the stations in the Broncos and Panthers radio networks will either carry the Westwood One feed or not carry the game at all.",0.3556,-1.0,False,qwen2.5,I cannot find this information in the provided context.,4.2819,,0.5531,False,0.0941,hallucinated,0.0,"The question asks about the location of the Jazz Jamboree, but the provided context does not contain any information about its location."
7039:hcpc_v1:qwen2.5,7039,squad,45,hcpc_v1,Where is the Jazz Jamboree hosted?,Warsaw,". Among the events worth particular attention are: the International Frédéric Chopin Piano Competition, the International Contemporary Music Festival Warsaw Autumn, the Jazz Jamboree, Warsaw Summer Jazz Days, the International Stanisław Moniuszko Vocal

---

The league eventually narrowed the bids to three sites: New Orleans' Mercedes-Benz Superdome, Miami's Sun Life Stadium, and the San Francisco Bay Area's Levi's Stadium.

---

. WBT will also simulcast the game on its sister station WBT-FM (99.3 FM), which is based in Chester, South Carolina",0.3845,-1.0,False,qwen2.5,I cannot find this information in the provided context.,1.7821,,0.5531,False,0.0941,hallucinated,0.0,"The question asks about the location of Jazz Jamboree, but the provided context does not mention its location."
7040:hcpc_v2:qwen2.5,7040,squad,45,hcpc_v2,Where is the Jazz Jamboree hosted?,Warsaw,"Thanks to numerous musical venues, including the Teatr Wielki, the Polish National Opera, the Chamber Opera, the National Philharmonic Hall and the National Theatre, as well as the Roma and Buffo music theatres and the Congress Hall in the Palace of Culture and Science, Warsaw hosts many events and festivals. Among the events worth particular attention are: the International Frédéric Chopin Piano Competition, the International Contemporary Music Festival Warsaw Autumn, the Jazz Jamboree, Warsaw Summer Jazz Days, the International Stanisław Moniuszko Vocal Competition, the Mozart Festival, and the Festival of Old Music.

---

The league eventually narrowed the bids to three sites: New Orleans' Mercedes-Benz Superdome, Miami's Sun Life Stadium, and the San Francisco Bay Area's Levi's Stadium.

---

The flagship stations of each station in the markets of each team will carry their local play-by-play calls. In Denver, KOA (850 AM) and KRFX (103.5 FM) will carry the game, with Dave Logan on play-by-play and Ed McCaffrey on color commentary . In North Carolina, WBT (1110 AM) will carry the game, with Mick Mixon on play-by-play and Eugene Robinson and Jim Szoke on color commentary . WBT will also simulcast the game on its sister station WBT-FM (99.3 FM), which is based in Chester, South Carolina . As KOA and WBT are both clear-channel stations, the local broadcasts will be audible over much of the western United States after sunset (for Denver) and the eastern United States throughout the game (for Carolina) . In accordance with contractual rules, the rest of the stations in the Broncos and Panthers radio networks will either carry the Westwood One feed or not carry the game at all.",0.3531,0.1478,True,qwen2.5,I cannot find this information in the provided context.,3.9266,,0.5531,False,0.0941,hallucinated,0.0,"The question asks about the location of Jazz Jamboree, but the provided context does not contain any information about its location."
7077:baseline:qwen2.5,7077,squad,45,baseline,What did Martin Luther's marriage allow?,Protestant clergy to marry.,"Some priests and former religious had already married, including Andreas Karlstadt and Justus Jonas, but Luther's wedding set the seal of approval on clerical marriage. He had long condemned vows of celibacy on Biblical grounds, but his decision to marry surprised many, not least Melanchthon, who called it reckless. Luther had written to George Spalatin on 30 November 1524, ""I shall never take a wife, as I feel at present. Not that I am insensible to my flesh or sex (for I am neither wood nor stone); but my mind is averse to wedlock because I daily expect the death of a heretic."" Before marrying, Luther had been living on the plainest food, and, as he admitted himself, his mildewed bed was not properly made for months at a time.

---

Martin Luther married Katharina von Bora, one of 12 nuns he had helped escape from the Nimbschen Cistercian convent in April 1523, when he arranged for them to be smuggled out in herring barrels. ""Suddenly, and while I was occupied with far different thoughts,"" he wrote to Wenceslaus Link, ""the Lord has plunged me into marriage."" At the time of their marriage, Katharina was 26 years old and Luther was 41 years old.

---

Luther and his wife moved into a former monastery, ""The Black Cloister,"" a wedding present from the new elector John the Steadfast (1525–32). They embarked on what appeared to have been a happy and successful marriage, though money was often short. Between bearing six children, Hans – June 1526; Elizabeth – 10 December 1527, who died within a few months; Magdalene – 1529, who died in Luther's arms in 1542; Martin – 1531; Paul – January 1533; and Margaret – 1534; Katharina helped the couple earn a living by farming the land and taking in boarders. Luther confided to Michael Stiefel on 11 August 1526: ""My Katie is in all things so obliging and pleasing to me that I would not exchange my poverty for the riches of Croesus.""",0.667,-1.0,False,qwen2.5,"Martin Luther's marriage allowed him to earn a living by farming the land and taking in boarders, as Katharina helped the couple with these activities while they had children.",5.8472,,0.553,False,0.4433,hallucinated,1.0,"The answer directly supports that Martin Luther's marriage allowed him to earn a living through farming and taking in boarders, as stated in the context."
7078:hcpc_v1:qwen2.5,7078,squad,45,hcpc_v1,What did Martin Luther's marriage allow?,Protestant clergy to marry.,"Some priests and former religious had already married, including Andreas Karlstadt and Justus Jonas, but Luther's wedding set the seal of approval on clerical marriage

---

. ""Suddenly, and while I was occupied with far different thoughts,"" he wrote to Wenceslaus Link, ""the Lord has plunged me into marriage."" At the time of their marriage, Katharina was 26 years old and Luther was 41 years old.

---

Luther and his wife moved into a former monastery, ""The Black Cloister,"" a wedding present from the new elector John the Steadfast (1525–32). They embarked on what appeared to have been a happy and successful marriage, though money was often short",0.6508,-1.0,False,qwen2.5,"Martin Luther's marriage allowed for clerical marriage to be more widely accepted. The context states that ""Luther's wedding set the seal of approval on clerical marriage,"" indicating that his own union helped legitimize marriages among priests and former religious figures.",5.0486,,0.8104,False,0.4821,hallucinated,1.0,"The context directly states that 'Luther's wedding set the seal of approval on clerical marriage', which means Martin Luther's marriage allowed for clerical marriage to be more widely accepted."
7079:hcpc_v2:qwen2.5,7079,squad,45,hcpc_v2,What did Martin Luther's marriage allow?,Protestant clergy to marry.,"Some priests and former religious had already married, including Andreas Karlstadt and Justus Jonas, but Luther's wedding set the seal of approval on clerical marriage. He had long condemned vows of celibacy on Biblical grounds, but his decision to marry surprised many, not least Melanchthon, who called it reckless. Luther had written to George Spalatin on 30 November 1524, ""I shall never take a wife, as I feel at present. Not that I am insensible to my flesh or sex (for I am neither wood nor stone); but my mind is averse to wedlock because I daily expect the death of a heretic."" Before marrying, Luther had been living on the plainest food, and, as he admitted himself, his mildewed bed was not properly made for months at a time.

---

Martin Luther married Katharina von Bora, one of 12 nuns he had helped escape from the Nimbschen Cistercian convent in April 1523, when he arranged for them to be smuggled out in herring barrels. ""Suddenly, and while I was occupied with far different thoughts,"" he wrote to Wenceslaus Link, ""the Lord has plunged me into marriage."" At the time of their marriage, Katharina was 26 years old and Luther was 41 years old.

---

Luther and his wife moved into a former monastery, ""The Black Cloister,"" a wedding present from the new elector John the Steadfast (1525–32). They embarked on what appeared to have been a happy and successful marriage, though money was often short. Between bearing six children, Hans – June 1526; Elizabeth – 10 December 1527, who died within a few months; Magdalene – 1529, who died in Luther's arms in 1542; Martin – 1531; Paul – January 1533; and Margaret – 1534; Katharina helped the couple earn a living by farming the land and taking in boarders. Luther confided to Michael Stiefel on 11 August 1526: ""My Katie is in all things so obliging and pleasing to me that I would not exchange my poverty for the riches of Croesus.""",0.667,0.6288,False,qwen2.5,"Martin Luther's marriage allowed him to earn a living by farming the land and taking in boarders, as Katharina helped the couple with these activities while they had children.",6.0476,,0.553,False,0.4433,hallucinated,1.0,"The answer directly supports that Martin Luther's marriage allowed him to earn a living through farming and taking in boarders, as stated in the context."
7197:baseline:qwen2.5,7197,squad,45,baseline,What profession did Martin's father want his son to pursue?,lawyer,"Martin Luther was born to Hans Luder (or Ludher, later Luther) and his wife Margarethe (née Lindemann) on 10 November 1483 in Eisleben, Saxony, then part of the Holy Roman Empire. He was baptized as a Catholic the next morning on the feast day of St. Martin of Tours. His family moved to Mansfeld in 1484, where his father was a leaseholder of copper mines and smelters and served as one of four citizen representatives on the local council. The religious scholar Martin Marty describes Luther's mother as a hard-working woman of ""trading-class stock and middling means"" and notes that Luther's enemies later wrongly described her as a whore and bath attendant. He had several brothers and sisters, and is known to have been close to one of them, Jacob. Hans Luther was ambitious for himself and his family, and he was determined to see Martin, his eldest son, become a lawyer

---

. He sent Martin to Latin schools in Mansfeld, then Magdeburg in 1497, where he attended a school operated by a lay group called the Brethren of the Common Life, and Eisenach in 1498. The three schools focused on the so-called ""trivium"": grammar, rhetoric, and logic. Luther later compared his education there to purgatory and hell.

---

In accordance with his father's wishes, Luther enrolled in law school at the same university that year but dropped out almost immediately, believing that law represented uncertainty. Luther sought assurances about life and was drawn to theology and philosophy, expressing particular interest in Aristotle, William of Ockham, and Gabriel Biel. He was deeply influenced by two tutors, Bartholomaeus Arnoldi von Usingen and Jodocus Trutfetter, who taught him to be suspicious of even the greatest thinkers and to test everything himself by experience. Philosophy proved to be unsatisfying, offering assurance about the use of reason but none about loving God, which to Luther was more important. Reason could not lead men to God, he felt, and he thereafter developed a love-hate relationship with Aristotle over the latter's emphasis on reason. For Luther, reason could be used to question men and institutions, but not God",0.4506,-1.0,False,qwen2.5,Martin's father wanted his son to become a lawyer.,4.9573,,0.6409,False,0.3217,hallucinated,1.0,"The answer directly matches the context where it is stated that Hans Luther, Martin's father, was determined to see Martin, his eldest son, become a lawyer"
7198:hcpc_v1:qwen2.5,7198,squad,45,hcpc_v1,What profession did Martin's father want his son to pursue?,lawyer,". He had several brothers and sisters, and is known to have been close to one of them, Jacob. Hans Luther was ambitious for himself and his family, and he was determined to see Martin, his eldest son, become a lawyer

---

. He sent Martin to Latin schools in Mansfeld, then Magdeburg in 1497, where he attended a school operated by a lay group called the Brethren of the Common Life, and Eisenach in 1498

---

In accordance with his father's wishes, Luther enrolled in law school at the same university that year but dropped out almost immediately, believing that law represented uncertainty",0.5088,-1.0,False,qwen2.5,Martin's father wanted him to become a lawyer.,1.9033,,0.6359,False,0.3212,hallucinated,1.0,"The answer is directly supported by the context as it states that Martin's father was determined to see Martin, his eldest son, become a lawyer."
7199:hcpc_v2:qwen2.5,7199,squad,45,hcpc_v2,What profession did Martin's father want his son to pursue?,lawyer,"Martin Luther was born to Hans Luder (or Ludher, later Luther) and his wife Margarethe (née Lindemann) on 10 November 1483 in Eisleben, Saxony, then part of the Holy Roman Empire. He was baptized as a Catholic the next morning on the feast day of St. Martin of Tours. His family moved to Mansfeld in 1484, where his father was a leaseholder of copper mines and smelters and served as one of four citizen representatives on the local council. The religious scholar Martin Marty describes Luther's mother as a hard-working woman of ""trading-class stock and middling means"" and notes that Luther's enemies later wrongly described her as a whore and bath attendant. He had several brothers and sisters, and is known to have been close to one of them, Jacob. Hans Luther was ambitious for himself and his family, and he was determined to see Martin, his eldest son, become a lawyer

---

. He sent Martin to Latin schools in Mansfeld, then Magdeburg in 1497, where he attended a school operated by a lay group called the Brethren of the Common Life, and Eisenach in 1498. The three schools focused on the so-called ""trivium"": grammar, rhetoric, and logic. Luther later compared his education there to purgatory and hell.

---

In accordance with his father's wishes, Luther enrolled in law school at the same university that year but dropped out almost immediately, believing that law represented uncertainty . Luther sought assurances about life and was drawn to theology and philosophy, expressing particular interest in Aristotle, William of Ockham, and Gabriel Biel . He was deeply influenced by two tutors, Bartholomaeus Arnoldi von Usingen and Jodocus Trutfetter, who taught him to be suspicious of even the greatest thinkers and to test everything himself by experience . Philosophy proved to be unsatisfying, offering assurance about the use of reason but none about loving God, which to Luther was more important . Reason could not lead men to God, he felt, and he thereafter developed a love-hate relationship with Aristotle over the latter's emphasis on reason. For Luther, reason could be used to question men and institutions, but not God",0.4499,0.4432,True,qwen2.5,Martin's father wanted his son to become a lawyer.,5.0426,,0.6409,False,0.3217,hallucinated,1.0,"The answer directly matches the context where it is stated that Hans Luther, Martin's father, was determined to see Martin, his eldest son, become a lawyer"
7212:baseline:qwen2.5,7212,squad,45,baseline,What year did the league begin having schedules with 16 games in them?,1978,"Following a lengthy legal battle with the European Commission, which deemed the exclusivity of the rights to be against the interests of competition and the consumer, BSkyB's monopoly came to an end from the 2007–08 season. In May 2006, the Irish broadcaster Setanta Sports was awarded two of the six Premier League packages that the English FA offered to broadcasters. Sky picked up the remaining four for £1.3bn. In February 2015, Sky bid £4.2bn for a package of 120 premier league games across the three seasons from 2016. This represented an increase of 70% on the previous contract and was said to be £1bn more than the company had expected to pay. The move has been followed by staff cuts, increased subscription prices (including 9% in Sky's family package) and the dropping of the 3D channel.

---

In the autumn of 1991, talks were held for the broadcast rights for Premier League for a five-year period, from the 1992 season. ITV were the current rights holders, and fought hard to retain the new rights. ITV had increased its offer from £18m to £34m per year to keep control of the rights. BSkyB joined forces with the BBC to make a counter bid. The BBC was given the highlights of most of the matches, while BSkyB paying £304m for the Premier League rights, would give them a monopoly of all live matches, up to 60 per year from the 1992 season.  Murdoch described sport as a ""battering ram"" for pay-television, providing a strong customer base. A few weeks after the deal, ITV went to the High Court to get an injunction as it believed their bid details had been leaked before the decision was taken. ITV also asked the Office of Fair Trading to investigate since it believed Rupert Murdoch's media empire via its newspapers had influenced the deal

---

Despite waiving longtime running back DeAngelo Williams and losing top wide receiver Kelvin Benjamin to a torn ACL in the preseason, the Carolina Panthers had their best regular season in franchise history, becoming the seventh team to win at least 15 regular season games since the league expanded to a 16-game schedule in 1978. Carolina started the season 14–0, not only setting franchise records for the best start and the longest single-season winning streak, but also posting the best start to a season by an NFC team in NFL history, breaking the 13–0 record previously shared with the 2009 New Orleans Saints and the 2011 Green Bay Packers. With their NFC-best 15–1 regular season record, the Panthers clinched home-field advantage throughout the NFC playoffs for the first time in franchise history. Ten players were selected to the Pro Bowl (the most in franchise history) along with eight All-Pro selections.",0.3197,-1.0,False,qwen2.5,"The context states that the league expanded to a 16-game schedule in 1978. Therefore, the answer is 1978.",7.063,,0.7808,False,0.4495,hallucinated,1.0,The answer directly matches the information provided in the context that the league expanded to a 16-game schedule in 1978.
7213:hcpc_v1:qwen2.5,7213,squad,45,hcpc_v1,What year did the league begin having schedules with 16 games in them?,1978,". In February 2015, Sky bid £4.2bn for a package of 120 premier league games across the three seasons from 2016. This represented an increase of 70% on the previous contract and was said to be £1bn more than the company had expected to pay

---

. The BBC was given the highlights of most of the matches, while BSkyB paying £304m for the Premier League rights, would give them a monopoly of all live matches, up to 60 per year from the 1992 season

---

seventh team to win at least 15 regular season games since the league expanded to a 16-game schedule in 1978",0.4977,-1.0,False,qwen2.5,"The context states that the league expanded to a 16-game schedule in 1978. Therefore, the answer is 1978.",4.056,,0.7808,False,0.4495,hallucinated,1.0,The context explicitly mentions that the league expanded to a 16-game schedule in 1978.
7214:hcpc_v2:qwen2.5,7214,squad,45,hcpc_v2,What year did the league begin having schedules with 16 games in them?,1978,"Following a lengthy legal battle with the European Commission, which deemed the exclusivity of the rights to be against the interests of competition and the consumer, BSkyB's monopoly came to an end from the 2007–08 season. In May 2006, the Irish broadcaster Setanta Sports was awarded two of the six Premier League packages that the English FA offered to broadcasters. Sky picked up the remaining four for £1.3bn. In February 2015, Sky bid £4.2bn for a package of 120 premier league games across the three seasons from 2016. This represented an increase of 70% on the previous contract and was said to be £1bn more than the company had expected to pay. The move has been followed by staff cuts, increased subscription prices (including 9% in Sky's family package) and the dropping of the 3D channel.

---

In the autumn of 1991, talks were held for the broadcast rights for Premier League for a five-year period, from the 1992 season. ITV were the current rights holders, and fought hard to retain the new rights. ITV had increased its offer from £18m to £34m per year to keep control of the rights. BSkyB joined forces with the BBC to make a counter bid. The BBC was given the highlights of most of the matches, while BSkyB paying £304m for the Premier League rights, would give them a monopoly of all live matches, up to 60 per year from the 1992 season.  Murdoch described sport as a ""battering ram"" for pay-television, providing a strong customer base. A few weeks after the deal, ITV went to the High Court to get an injunction as it believed their bid details had been leaked before the decision was taken. ITV also asked the Office of Fair Trading to investigate since it believed Rupert Murdoch's media empire via its newspapers had influenced the deal

---

Despite waiving longtime running back DeAngelo Williams and losing top wide receiver Kelvin Benjamin to a torn ACL in the preseason, the Carolina Panthers had their best regular season in franchise history, becoming the seventh team to win at least 15 regular season games since the league expanded to a 16-game schedule in 1978. Carolina started the season 14–0, not only setting franchise records for the best start and the longest single-season winning streak, but also posting the best start to a season by an NFC team in NFL history, breaking the 13–0 record previously shared with the 2009 New Orleans Saints and the 2011 Green Bay Packers. With their NFC-best 15–1 regular season record, the Panthers clinched home-field advantage throughout the NFC playoffs for the first time in franchise history. Ten players were selected to the Pro Bowl (the most in franchise history) along with eight All-Pro selections.",0.3197,0.0999,False,qwen2.5,"The context states that the league expanded to a 16-game schedule in 1978. Therefore, the answer is 1978.",7.8453,,0.7808,False,0.4495,hallucinated,1.0,The answer directly matches the information provided in the context that the league expanded to a 16-game schedule in 1978.
7308:baseline:qwen2.5,7308,squad,45,baseline,The legislation allowed California to be admitted to the Union as what kind of state?,free,"Subsequently, Californios (dissatisfied with inequitable taxes and land laws) and pro-slavery southerners in the lightly populated ""Cow Counties"" of southern California attempted three times in the 1850s to achieve a separate statehood or territorial status separate from Northern California. The last attempt, the Pico Act of 1859, was passed by the California State Legislature and signed by the State governor John B. Weller. It was approved overwhelmingly by nearly 75% of voters in the proposed Territory of Colorado. This territory was to include all the counties up to the then much larger Tulare County (that included what is now Kings, most of Kern, and part of Inyo counties) and San Luis Obispo County. The proposal was sent to Washington, D.C. with a strong advocate in Senator Milton Latham. However, the secession crisis following the election of Abraham Lincoln in 1860 led to the proposal never coming to a vote.

---

Though there is no official definition for the northern boundary of southern California, such a division has existed from the time when Mexico ruled California, and political disputes raged between the Californios of Monterey in the upper part and Los Angeles in the lower part of Alta California. Following the acquisition of California by the United States, the division continued as part of the attempt by several pro-slavery politicians to arrange the division of Alta California at 36 degrees, 30 minutes, the line of the Missouri Compromise. Instead, the passing of the Compromise of 1850 enabled California to be admitted to the Union as a free state, preventing southern California from becoming its own separate slave state.

---

The 8- and 10-county definitions are not used for the greater Southern California Megaregion, one of the 11 megaregions of the United States. The megaregion's area is more expansive, extending east into Las Vegas, Nevada, and south across the Mexican border into Tijuana.",0.4912,-1.0,False,qwen2.5,The legislation enabled California to be admitted to the Union as a free state.,7.1039,,0.7505,False,0.4863,hallucinated,1.0,"The answer is directly supported by the context, which states that 'the passing of the Compromise of 1850 enabled California to be admitted to the Union as a free state'."
7309:hcpc_v1:qwen2.5,7309,squad,45,hcpc_v1,The legislation allowed California to be admitted to the Union as what kind of state?,free,"statehood or territorial status separate from Northern California

---

. Instead, the passing of the Compromise of 1850 enabled California to be admitted to the Union as a free state, preventing southern California from becoming its own separate slave state.

---

The 8- and 10-county definitions are not used for the greater Southern California Megaregion, one of the 11 megaregions of the United States",0.6058,-1.0,False,qwen2.5,The legislation allowed California to be admitted to the Union as a free state.,2.5428,,0.7662,False,0.4612,hallucinated,1.0,The answer directly quotes the context that explains how California was admitted to the Union.
7310:hcpc_v2:qwen2.5,7310,squad,45,hcpc_v2,The legislation allowed California to be admitted to the Union as what kind of state?,free,"Subsequently, Californios (dissatisfied with inequitable taxes and land laws) and pro-slavery southerners in the lightly populated ""Cow Counties"" of southern California attempted three times in the 1850s to achieve a separate statehood or territorial status separate from Northern California. The last attempt, the Pico Act of 1859, was passed by the California State Legislature and signed by the State governor John B. Weller. It was approved overwhelmingly by nearly 75% of voters in the proposed Territory of Colorado. This territory was to include all the counties up to the then much larger Tulare County (that included what is now Kings, most of Kern, and part of Inyo counties) and San Luis Obispo County. The proposal was sent to Washington, D.C. with a strong advocate in Senator Milton Latham. However, the secession crisis following the election of Abraham Lincoln in 1860 led to the proposal never coming to a vote.

---

Though there is no official definition for the northern boundary of southern California, such a division has existed from the time when Mexico ruled California, and political disputes raged between the Californios of Monterey in the upper part and Los Angeles in the lower part of Alta California. Following the acquisition of California by the United States, the division continued as part of the attempt by several pro-slavery politicians to arrange the division of Alta California at 36 degrees, 30 minutes, the line of the Missouri Compromise. Instead, the passing of the Compromise of 1850 enabled California to be admitted to the Union as a free state, preventing southern California from becoming its own separate slave state.

---

The 8- and 10-county definitions are not used for the greater Southern California Megaregion, one of the 11 megaregions of the United States . The megaregion's area is more expansive, extending east into Las Vegas, Nevada, and south across the Mexican border into Tijuana.",0.4912,0.42,True,qwen2.5,The legislation enabled California to be admitted to the Union as a free state.,4.8155,,0.7505,False,0.4863,hallucinated,1.0,"The answer directly supports the claim that the legislation allowed California to be admitted to the Union as a specific type of state (a free state), which is clearly stated in the context."
7440:baseline:qwen2.5,7440,squad,45,baseline,"What was the definition of professionals, for this study?","priests, religious leaders, and case workers as well as teachers","Teaching may be carried out informally, within the family, which is called homeschooling, or in the wider community. Formal teaching may be carried out by paid professionals. Such professionals enjoy a status in some societies on a par with physicians, lawyers, engineers, and accountants (Chartered or CPA).

---

The objective is typically a course of study, lesson plan, or a practical skill. A teacher may follow standardized curricula as determined by the relevant authority. The teacher may interact with students of different ages, from infants to adults, students with different abilities and students with learning disabilities.

---

The role of teacher is often formal and ongoing, carried out at a school or other place of formal education. In many countries, a person who wishes to become a teacher must first obtain specified professional qualifications or credentials from a university or college. These professional qualifications may include the study of pedagogy, the science of teaching. Teachers, like other professionals, may have to continue their education after they qualify, a process known as continuing professional development. Teachers may use a lesson plan to facilitate student learning, providing a course of study which is called the curriculum.",0.3841,-1.0,False,qwen2.5,"I cannot find this information in the provided context. The context does not define what professionals are; it only mentions that teachers enjoy a status similar to other professionals such as physicians, lawyers, engineers, and accountants in some societies.",5.452,,0.7631,False,0.1438,hallucinated,0.0,"The provided context does not directly define what professionals are; it only mentions that teachers enjoy a status similar to other professionals such as physicians, lawyers, engineers, and accountants in some societies."
7441:hcpc_v1:qwen2.5,7441,squad,45,hcpc_v1,"What was the definition of professionals, for this study?","priests, religious leaders, and case workers as well as teachers",". Such professionals enjoy a status in some societies on a par with physicians, lawyers, engineers, and accountants (Chartered or CPA).

---

The objective is typically a course of study, lesson plan, or a practical skill. A teacher may follow standardized curricula as determined by the relevant authority

---

. Teachers, like other professionals, may have to continue their education after they qualify, a process known as continuing professional development",0.4407,-1.0,False,qwen2.5,"The context does not provide a specific definition of professionals for this study. It mentions that some professionals enjoy a status in societies comparable to that of physicians, lawyers, engineers, and accountants (Chartered or CPA). However, it does not give a detailed definition of what constitutes a professional in the context of this study.",5.4466,,0.6524,False,0.3225,hallucinated,0.5,"The answer correctly identifies that the context does not provide a specific definition for professionals in the context of this study, but it incorrectly implies that the context only mentions physicians, lawyers, engineers, and accountants (Chartered or CPA) as examples of professionals. The context also includes teachers as professionals."
7442:hcpc_v2:qwen2.5,7442,squad,45,hcpc_v2,"What was the definition of professionals, for this study?","priests, religious leaders, and case workers as well as teachers","Teaching may be carried out informally, within the family, which is called homeschooling, or in the wider community. Formal teaching may be carried out by paid professionals. Such professionals enjoy a status in some societies on a par with physicians, lawyers, engineers, and accountants (Chartered or CPA).

---

The objective is typically a course of study, lesson plan, or a practical skill. A teacher may follow standardized curricula as determined by the relevant authority. The teacher may interact with students of different ages, from infants to adults, students with different abilities and students with learning disabilities.

---

The role of teacher is often formal and ongoing, carried out at a school or other place of formal education . In many countries, a person who wishes to become a teacher must first obtain specified professional qualifications or credentials from a university or college. These professional qualifications may include the study of pedagogy, the science of teaching . Teachers, like other professionals, may have to continue their education after they qualify, a process known as continuing professional development . Teachers may use a lesson plan to facilitate student learning, providing a course of study which is called the curriculum.",0.3888,0.5014,True,qwen2.5,"I cannot find this information in the provided context. The context does not provide a specific definition of professionals; instead, it mentions that teachers enjoy a status similar to other professionals such as physicians, lawyers, engineers, and accountants in some societies.",5.742,,0.7083,False,0.1969,hallucinated,0.5,"The question asks for the definition of 'professionals' specifically for this study, but the context only mentions that teachers have a status similar to other professionals without providing a specific definition."
