[?2026h[?25l[1Gpulling manifest ⠋ [K[?25h[?2026l[?2026h[?25l[1Gpulling manifest ⠙ [K[?25h[?2026l[?2026h[?25l[1Gpulling manifest ⠹ [K[?25h[?2026l[?2026h[?25l[1Gpulling manifest ⠸ [K[?25h[?2026l[?2026h[?25l[1Gpulling manifest ⠼ [K[?25h[?2026l[?2026h[?25l[1Gpulling manifest ⠴ [K[?25h[?2026l[?2026h[?25l[1Gpulling manifest ⠦ [K[?25h[?2026l[?2026h[?25l[1Gpulling manifest ⠧ [K[?25h[?2026l[?2026h[?25l[1Gpulling manifest ⠇ [K[?25h[?2026l[?2026h[?25l[1Gpulling manifest ⠏ [K[?25h[?2026l[?2026h[?25l[1Gpulling manifest ⠋ [K[?25h[?2026l[?2026h[?25l[1Gpulling manifest ⠙ [K[?25h[?2026l[?2026h[?25l[1Gpulling manifest ⠹ [K[?25h[?2026l[?2026h[?25l[1Gpulling manifest ⠸ [K[?25h[?2026l[?2026h[?25l[1Gpulling manifest ⠼ [K[?25h[?2026l[?2026h[?25l[1Gpulling manifest ⠴ [K[?25h[?2026l[?2026h[?25l[1Gpulling manifest ⠦ [K[?25h[?2026l[?2026h[?25l[1Gpulling manifest ⠧ [K[?25h[?2026l[?2026h[?25l[1Gpulling manifest ⠇ [K[?25h[?2026l[?2026h[?25l[1Gpulling manifest ⠏ [K[?25h[?2026l[?2026h[?25l[1Gpulling manifest ⠋ [K[?25h[?2026l[?2026h[?25l[1Gpulling manifest ⠙ [K[?25h[?2026l[?2026h[?25l[1Gpulling manifest ⠹ [K[?25h[?2026l[?2026h[?25l[1Gpulling manifest ⠸ [K[?25h[?2026l[?2026h[?25l[1Gpulling manifest ⠼ [K[?25h[?2026l[?2026h[?25l[1Gpulling manifest ⠴ [K[?25h[?2026l[?2026h[?25l[1Gpulling manifest ⠦ [K[?25h[?2026l[?2026h[?25l[1Gpulling manifest ⠧ [K[?25h[?2026l[?2026h[?25l[1Gpulling manifest ⠇ [K[?25h[?2026l[?2026h[?25l[1Gpulling manifest ⠏ [K[?25h[?2026l[?2026h[?25l[1Gpulling manifest [K
pulling 0624ba75c3ce:   0% ▕                  ▏  47 KB/7.7 GB                  [K[?25h[?2026l[?2026h[?25l[A[1Gpulling manifest [K
pulling 0624ba75c3ce:   0% ▕                  ▏  58 KB/7.7 GB                  [K[?25h[?2026l[?2026h[?25l[A[1Gpulling manifest [K
pulling 0624ba75c3ce:   0% ▕                  ▏ 235 KB/7.7 GB                  [K[?25h[?2026l[?2026h[?25l[A[1Gpulling manifest [K
pulling 0624ba75c3ce:   0% ▕                  ▏ 643 KB/7.7 GB                  [K[?25h[?2026l[?2026h[?25l[A[1Gpulling manifest [K
pulling 0624ba75c3ce:   0% ▕                  ▏ 682 KB/7.7 GB                  [K[?25h[?2026l[?2026h[?25l[A[1Gpulling manifest [K
pulling 0624ba75c3ce:   0% ▕                  ▏ 2.0 MB/7.7 GB                  [K[?25h[?2026l[?2026h[?25l[A[1Gpulling manifest [K
pulling 0624ba75c3ce:   0% ▕                  ▏ 3.0 MB/7.7 GB                  [K[?25h[?2026l[?2026h[?25l[A[1Gpulling manifest [K
pulling 0624ba75c3ce:   0% ▕                  ▏ 3.6 MB/7.7 GB                  [K[?25h[?2026l[?2026h[?25l[A[1Gpulling manifest [K
pulling 0624ba75c3ce:   0% ▕                  ▏ 4.3 MB/7.7 GB                  [K[?25h[?2026l[?2026h[?25l[A[1Gpulling manifest [K
pulling 0624ba75c3ce:   0% ▕                  ▏ 4.3 MB/7.7 GB                  [K[?25h[?2026l[?2026h[?25l[A[1Gpulling manifest [K
pulling 0624ba75c3ce:   0% ▕                  ▏ 4.9 MB/7.7 GB                  [K[?25h[?2026l[?2026h[?25l[A[1Gpulling manifest [K
pulling 0624ba75c3ce:   0% ▕                  ▏ 6.1 MB/7.7 GB  5.6 MB/s   23m4s[K[?25h[?2026l[?2026h[?25l[A[1Gpulling manifest [K
pulling 0624ba75c3ce:   0% ▕                  ▏ 7.3 MB/7.7 GB  5.6 MB/s   23m4s[K[?25h[?2026l[?2026h[?25l[A[1Gpulling manifest [K
pulling 0624ba75c3ce:   0% ▕                  ▏ 7.8 MB/7.7 GB  5.6 MB/s   23m4s[K[?25h[?2026l[?2026h[?25l[A[1Gpulling manifest [K
pulling 0624ba75c3ce:   0% ▕                  ▏ 8.0 MB/7.7 GB  5.6 MB/s   23m4s[K[?25h[?2026l[?2026h[?25l[A[1Gpulling manifest [K
pulling 0624ba75c3ce:   0% ▕                  ▏ 9.4 MB/7.7 GB  5.6 MB/s   23m3s[K[?25h[?2026l[?2026h[?25l[A[1Gpulling manifest [K
pulling 0624ba75c3ce:   0% ▕                  ▏ 9.9 MB/7.7 GB  5.6 MB/s   23m3s[K[?25h[?2026l[?2026h[?25l[A[1Gpulling manifest [K
pulling 0624ba75c3ce:   0% ▕                  ▏  11 MB/7.7 GB  5.6 MB/s   23m3s[K[?25h[?2026l[?2026h[?25l[A[1Gpulling manifest [K
pulling 0624ba75c3ce:   0% ▕                  ▏  12 MB/7.7 GB  5.6 MB/s   23m3s[K[?25h[?2026l[?2026h[?25l[A[1Gpulling manifest [K
pulling 0624ba75c3ce:   0% ▕                  ▏  12 MB/7.7 GB  5.6 MB/s   23m3s[K[?25h[?2026l[?2026h[?25l[A[1Gpulling manifest [K
pulling 0624ba75c3ce:   0% ▕                  ▏  13 MB/7.7 GB  5.6 MB/s   23m3s[K[?25h[?2026l[?2026h[?25l[A[1Gpulling manifest [K
pulling 0624ba75c3ce:   0% ▕                  ▏  15 MB/7.7 GB  7.2 MB/s  17m41s[K[?25h[?2026l[?2026h[?25l[A[1Gpulling manifest [K
pulling 0624ba75c3ce:   0% ▕                  ▏  16 MB/7.7 GB  7.2 MB/s  17m41s[K[?25h[?2026l[?2026h[?25l[A[1Gpulling manifest [K
pulling 0624ba75c3ce:   0% ▕                  ▏  17 MB/7.7 GB  7.2 MB/s  17m41s[K[?25h[?2026l[?2026h[?25l[A[1Gpulling manifest [K
pulling 0624ba75c3ce:   0% ▕                  ▏  17 MB/7.7 GB  7.2 MB/s  17m41s[K[?25h[?2026l[?2026h[?25l[A[1Gpulling manifest [K
pulling 0624ba75c3ce:   0% ▕                  ▏  18 MB/7.7 GB  7.2 MB/s  17m41s[K[?25h[?2026l[?2026h[?25l[A[1Gpulling manifest [K
pulling 0624ba75c3ce:   0% ▕                  ▏  20 MB/7.7 GB  7.2 MB/s  17m40s[K[?25h[?2026l[?2026h[?25l[A[1Gpulling manifest [K
pulling 0624ba75c3ce:   0% ▕                  ▏  21 MB/7.7 GB  7.2 MB/s  17m40s[K[?25h[?2026l[?2026h[?25l[A[1Gpulling manifest [K
pulling 0624ba75c3ce:   0% ▕                  ▏  22 MB/7.7 GB  7.2 MB/s  17m40s[K[?25h[?2026l[?2026h[?25l[A[1Gpulling manifest [K
pulling 0624ba75c3ce:   0% ▕                  ▏  23 MB/7.7 GB  7.2 MB/s  17m40s[K[?25h[?2026l[?2026h[?25l[A[1Gpulling manifest [K
pulling 0624ba75c3ce:   0% ▕                  ▏  24 MB/7.7 GB  7.2 MB/s  17m40s[K[?25h[?2026l[?2026h[?25l[A[1Gpulling manifest [K
pulling 0624ba75c3ce:   0% ▕                  ▏  25 MB/7.7 GB  8.5 MB/s   15m3s[K[?25h[?2026l[?2026h[?25l[A[1Gpulling manifest [K
pulling 0624ba75c3ce:   0% ▕                  ▏  26 MB/7.7 GB  8.5 MB/s   15m3s[K[?25h[?2026l[?2026h[?25l[A[1Gpulling manifest [K
pulling 0624ba75c3ce:   0% ▕                  ▏  28 MB/7.7 GB  8.5 MB/s   15m3s[K[?25h[?2026l[?2026h[?25l[A[1Gpulling manifest [K
pulling 0624ba75c3ce:   0% ▕                  ▏  29 MB/7.7 GB  8.5 MB/s   15m3s[K[?25h[?2026l[?2026h[?25l[A[1Gpulling manifest [K
pulling 0624ba75c3ce:   0% ▕                  ▏  29 MB/7.7 GB  8.5 MB/s   15m3s[K[?25h[?2026l[?2026h[?25l[A[1Gpulling manifest [K
pulling 0624ba75c3ce:   0% ▕                  ▏  31 MB/7.7 GB  8.5 MB/s   15m2s[K[?25h[?2026l[?2026h[?25l[A[1Gpulling manifest [K
pulling 0624ba75c3ce:   0% ▕                  ▏  31 MB/7.7 GB  8.5 MB/s   15m2s[K[?25h[?2026l[?2026h[?25l[A[1Gpulling manifest [K
pulling 0624ba75c3ce:   0% ▕                  ▏  33 MB/7.7 GB  8.5 MB/s   15m2s[K[?25h[?2026l[?2026h[?25l[A[1Gpulling manifest [K
pulling 0624ba75c3ce:   0% ▕                  ▏  35 MB/7.7 GB  8.5 MB/s   15m2s[K[?25h[?2026l[?2026h[?25l[A[1Gpulling manifest [K
pulling 0624ba75c3ce:   0% ▕                  ▏  35 MB/7.7 GB  8.5 MB/s   15m2s[K[?25h[?2026l[?2026h[?25l[A[1Gpulling manifest [K
pulling 0624ba75c3ce:   0% ▕                  ▏  35 MB/7.7 GB  8.9 MB/s  14m20s[K[?25h[?2026l[?2026h[?25l[A[1Gpulling manifest [K
pulling 0624ba75c3ce:   0% ▕                  ▏  36 MB/7.7 GB  8.9 MB/s  14m20s[K[?25h[?2026l[?2026h[?25l[A[1Gpulling manifest [K
pulling 0624ba75c3ce:   0% ▕                  ▏  37 MB/7.7 GB  8.9 MB/s  14m20s[K[?25h[?2026l[?2026h[?25l[A[1Gpulling manifest [K
pulling 0624ba75c3ce:   1% ▕                  ▏  39 MB/7.7 GB  8.9 MB/s  14m20s[K[?25h[?2026l[?2026h[?25l[A[1Gpulling manifest [K
pulling 0624ba75c3ce:   1% ▕                  ▏  39 MB/7.7 GB  8.9 MB/s  14m20s[K[?25h[?2026l[?2026h[?25l[A[1Gpulling manifest [K
pulling 0624ba75c3ce:   1% ▕                  ▏  40 MB/7.7 GB  8.9 MB/s  14m20s[K[?25h[?2026l[?2026h[?25l[A[1Gpulling manifest [K
pulling 0624ba75c3ce:   1% ▕                  ▏  42 MB/7.7 GB  8.9 MB/s  14m19s[K[?25h[?2026l[?2026h[?25l[A[1Gpulling manifest [K
pulling 0624ba75c3ce:   1% ▕                  ▏  43 MB/7.7 GB  8.9 MB/s  14m19s[K[?25h[?2026l[?2026h[?25l[A[1Gpulling manifest [K
pulling 0624ba75c3ce:   1% ▕                  ▏  44 MB/7.7 GB  8.9 MB/s  14m19s[K[?25h[?2026l[?2026h[?25l[A[1Gpulling manifest [K
pulling 0624ba75c3ce:   1% ▕                  ▏  45 MB/7.7 GB  8.9 MB/s  14m19s[K[?25h[?2026l[?2026h[?25l[A[1Gpulling manifest [K
pulling 0624ba75c3ce:   1% ▕                  ▏  45 MB/7.7 GB  9.2 MB/s  13m52s[K[?25h[?2026l[?2026h[?25l[A[1Gpulling manifest [K
pulling 0624ba75c3ce:   1% ▕                  ▏  47 MB/7.7 GB  9.2 MB/s  13m52s[K[?25h[?2026l[?2026h[?25l[A[1Gpulling manifest [K
pulling 0624ba75c3ce:   1% ▕                  ▏  48 MB/7.7 GB  9.2 MB/s  13m52s[K[?25h[?2026l[?2026h[?25l[A[1Gpulling manifest [K
pulling 0624ba75c3ce:   1% ▕                  ▏  50 MB/7.7 GB  9.2 MB/s  13m52s[K[?25h[?2026l[?2026h[?25l[A[1Gpulling manifest [K
pulling 0624ba75c3ce:   1% ▕                  ▏  51 MB/7.7 GB  9.2 MB/s  13m51s[K[?25h[?2026l[?2026h[?25l[A[1Gpulling manifest [K
pulling 0624ba75c3ce:   1% ▕                  ▏  51 MB/7.7 GB  9.2 MB/s  13m51s[K[?25h[?2026l[?2026h[?25l[A[1Gpulling manifest [K
pulling 0624ba75c3ce:   1% ▕                  ▏  53 MB/7.7 GB  9.2 MB/s  13m51s[K[?25h[?2026l[?2026h[?25l[A[1Gpulling manifest [K
pulling 0624ba75c3ce:   1% ▕                  ▏  54 MB/7.7 GB  9.2 MB/s  13m51s[K[?25h[?2026l[?2026h[?25l[A[1Gpulling manifest [K
pulling 0624ba75c3ce:   1% ▕                  ▏  56 MB/7.7 GB  9.2 MB/s  13m51s[K[?25h[?2026l[?2026h[?25l[A[1Gpulling manifest [K
pulling 0624ba75c3ce:   1% ▕                  ▏  57 MB/7.7 GB  9.2 MB/s  13m51s[K[?25h[?2026l[?2026h[?25l[A[1Gpulling manifest [K
pulling 0624ba75c3ce:   1% ▕                  ▏  57 MB/7.7 GB  9.2 MB/s  13m51s[K[?25h[?2026l[?2026h[?25l[A[1Gpulling manifest [K
pulling 0624ba75c3ce:   1% ▕                  ▏  58 MB/7.7 GB  9.6 MB/s  13m12s[K[?25h[?2026l[?2026h[?25l[A[1Gpulling manifest [K
pulling 0624ba75c3ce:   1% ▕                  ▏  60 MB/7.7 GB  9.6 MB/s  13m12s[K[?25h[?2026l[?2026h[?25l[A[1Gpulling manifest [K
pulling 0624ba75c3ce:   1% ▕                  ▏  61 MB/7.7 GB  9.6 MB/s  13m12s[K[?25h[?2026l[?2026h[?25l[A[1Gpulling manifest [K
pulling 0624ba75c3ce:   1% ▕                  ▏  63 MB/7.7 GB  9.6 MB/s  13m12s[K[?25h[?2026l[?2026h[?25l[A[1Gpulling manifest [K
pulling 0624ba75c3ce:   1% ▕                  ▏  63 MB/7.7 GB  9.6 MB/s  13m12s[K[?25h[?2026l[?2026h[?25l[A[1Gpulling manifest [K
pulling 0624ba75c3ce:   1% ▕                  ▏  63 MB/7.7 GB  9.6 MB/s  13m12s[K[?25h[?2026l[?2026h[?25l[A[1Gpulling manifest [K
pulling 0624ba75c3ce:   1% ▕                  ▏  65 MB/7.7 GB  9.6 MB/s  13m12s[K[?25h[?2026l[?2026h[?25l[A[1Gpulling manifest [K
pulling 0624ba75c3ce:   1% ▕                  ▏  67 MB/7.7 GB  9.6 MB/s  13m12s[K[?25h[?2026l[?2026h[?25l[A[1Gpulling manifest [K
pulling 0624ba75c3ce:   1% ▕                  ▏  68 MB/7.7 GB  9.6 MB/s  13m11s[K[?25h[?2026l[?2026h[?25l[A[1Gpulling manifest [K
pulling 0624ba75c3ce:   1% ▕                  ▏  69 MB/7.7 GB  9.6 MB/s  13m11s[K[?25h[?2026l[?2026h[?25l[A[1Gpulling manifest [K
pulling 0624ba75c3ce:   1% ▕                  ▏  70 MB/7.7 GB  9.9 MB/s  12m47s[K[?25h[?2026l[?2026h[?25l[A[1Gpulling manifest [K
pulling 0624ba75c3ce:   1% ▕                  ▏  71 MB/7.7 GB  9.9 MB/s  12m46s[K[?25h[?2026l[?2026h[?25l[A[1Gpulling manifest [K
pulling 0624ba75c3ce:   1% ▕                  ▏  72 MB/7.7 GB  9.9 MB/s  12m46s[K[?25h[?2026l[?2026h[?25l[A[1Gpulling manifest [K
pulling 0624ba75c3ce:   1% ▕                  ▏  74 MB/7.7 GB  9.9 MB/s  12m46s[K[?25h[?2026l[?2026h[?25l[A[1Gpulling manifest [K
pulling 0624ba75c3ce:   1% ▕                  ▏  75 MB/7.7 GB  9.9 MB/s  12m46s[K[?25h[?2026l[?2026h[?25l[A[1Gpulling manifest [K
pulling 0624ba75c3ce:   1% ▕                  ▏  75 MB/7.7 GB  9.9 MB/s  12m46s[K[?25h[?2026l[?2026h[?25l[A[1Gpulling manifest [K
pulling 0624ba75c3ce:   1% ▕                  ▏  77 MB/7.7 GB  9.9 MB/s  12m46s[K[?25h[?2026l[?2026h[?25l[A[1Gpulling manifest [K
pulling 0624ba75c3ce:   1% ▕                  ▏  78 MB/7.7 GB  9.9 MB/s  12m46s[K[?25h[?2026l[?2026h[?25l[A[1Gpulling manifest [K
pulling 0624ba75c3ce:   1% ▕                  ▏  79 MB/7.7 GB  9.9 MB/s  12m46s[K[?25h[?2026l[?2026h[?25l[A[1Gpulling manifest [K
pulling 0624ba75c3ce:   1% ▕                  ▏  81 MB/7.7 GB  9.9 MB/s  12m45s[K[?25h[?2026l[?2026h[?25l[A[1Gpulling manifest [K
pulling 0624ba75c3ce:   1% ▕                  ▏  81 MB/7.7 GB   10 MB/s  12m26s[K[?25h[?2026l[?2026h[?25l[A[1Gpulling manifest [K
pulling 0624ba75c3ce:   1% ▕                  ▏  82 MB/7.7 GB   10 MB/s  12m25s[K[?25h[?2026l[?2026h[?25l[A[1Gpulling manifest [K
pulling 0624ba75c3ce:   1% ▕                  ▏  84 MB/7.7 GB   10 MB/s  12m25s[K[?25h[?2026l[?2026h[?25l[A[1Gpulling manifest [K
pulling 0624ba75c3ce:   1% ▕                  ▏  85 MB/7.7 GB   10 MB/s  12m25s[K[?25h[?2026l[?2026h[?25l[A[1Gpulling manifest [K
pulling 0624ba75c3ce:   1% ▕                  ▏  87 MB/7.7 GB   10 MB/s  12m25s[K[?25h[?2026l[?2026h[?25l[A[1Gpulling manifest [K
pulling 0624ba75c3ce:   1% ▕                  ▏  87 MB/7.7 GB   10 MB/s  12m25s[K[?25h[?2026l[?2026h[?25l[A[1Gpulling manifest [K
pulling 0624ba75c3ce:   1% ▕                  ▏  88 MB/7.7 GB   10 MB/s  12m25s[K[?25h[?2026l[?2026h[?25l[A[1Gpulling manifest [K
pulling 0624ba75c3ce:   1% ▕                  ▏  89 MB/7.7 GB   10 MB/s  12m25s[K[?25h[?2026l[?2026h[?25l[A[1Gpulling manifest [K
pulling 0624ba75c3ce:   1% ▕                  ▏  91 MB/7.7 GB   10 MB/s  12m25s[K[?25h[?2026l[?2026h[?25l[A[1Gpulling manifest [K
pulling 0624ba75c3ce:   1% ▕                  ▏  92 MB/7.7 GB   10 MB/s  12m24s[K[?25h[?2026l[?2026h[?25l[A[1Gpulling manifest [K
pulling 0624ba75c3ce:   1% ▕                  ▏  93 MB/7.7 GB   10 MB/s   12m8s[K[?25h[?2026l[?2026h[?25l[A[1Gpulling manifest [K
pulling 0624ba75c3ce:   1% ▕                  ▏  94 MB/7.7 GB   10 MB/s   12m8s[K[?25h[?2026l[?2026h[?25l[A[1Gpulling manifest [K
pulling 0624ba75c3ce:   1% ▕                  ▏  95 MB/7.7 GB   10 MB/s   12m8s[K[?25h[?2026l[?2026h[?25l[A[1Gpulling manifest [K
pulling 0624ba75c3ce:   1% ▕                  ▏  97 MB/7.7 GB   10 MB/s   12m8s[K[?25h[?2026l[?2026h[?25l[A[1Gpulling manifest [K
pulling 0624ba75c3ce:   1% ▕                  ▏  99 MB/7.7 GB   10 MB/s   12m8s[K[?25h[?2026l[?2026h[?25l[A[1Gpulling manifest [K
pulling 0624ba75c3ce:   1% ▕                  ▏ 100 MB/7.7 GB   10 MB/s   12m8s[K[?25h[?2026l[?2026h[?25l[A[1Gpulling manifest [K
pulling 0624ba75c3ce:   1% ▕                  ▏ 100 MB/7.7 GB   10 MB/s   12m8s[K[?25h[?2026l[?2026h[?25l[A[1Gpulling manifest [K
pulling 0624ba75c3ce:   1% ▕                  ▏ 102 MB/7.7 GB   10 MB/s   12m7s[K[?25h[?2026l[?2026h[?25l[A[1Gpulling manifest [K
pulling 0624ba75c3ce:   1% ▕                  ▏ 102 MB/7.7 GB   10 MB/s   12m7s[K[?25h[?2026l[?2026h[?25l[A[1Gpulling manifest [K
pulling 0624ba75c3ce:   1% ▕                  ▏ 104 MB/7.7 GB   10 MB/s   12m7s[K[?25h[?2026l[?2026h[?25l[A[1Gpulling manifest [K
pulling 0624ba75c3ce:   1% ▕                  ▏ 106 MB/7.7 GB   11 MB/s  11m18s[K[?25h[?2026l[?2026h[?25l[A[1Gpulling manifest [K
pulling 0624ba75c3ce:   1% ▕                  ▏ 106 MB/7.7 GB   11 MB/s  11m18s[K[?25h[?2026l[?2026h[?25l[A[1Gpulling manifest [K
pulling 0624ba75c3ce:   1% ▕                  ▏ 107 MB/7.7 GB   11 MB/s  11m18s[K[?25h[?2026l[?2026h[?25l[A[1Gpulling manifest [K
pulling 0624ba75c3ce:   1% ▕                  ▏ 109 MB/7.7 GB   11 MB/s  11m18s[K[?25h[?2026l[?2026h[?25l[A[1Gpulling manifest [K
pulling 0624ba75c3ce:   1% ▕                  ▏ 109 MB/7.7 GB   11 MB/s  11m18s[K[?25h[?2026l[?2026h[?25l[A[1Gpulling manifest [K
pulling 0624ba75c3ce:   1% ▕                  ▏ 111 MB/7.7 GB   11 MB/s  11m18s[K[?25h[?2026l[?2026h[?25l[A[1Gpulling manifest [K
pulling 0624ba75c3ce:   1% ▕                  ▏ 112 MB/7.7 GB   11 MB/s  11m18s[K[?25h[?2026l[?2026h[?25l[A[1Gpulling manifest [K
pulling 0624ba75c3ce:   1% ▕                  ▏ 112 MB/7.7 GB   11 MB/s  11m18s[K[?25h[?2026l[?2026h[?25l[A[1Gpulling manifest [K
pulling 0624ba75c3ce:   1% ▕                  ▏ 114 MB/7.7 GB   11 MB/s  11m17s[K[?25h[?2026l[?2026h[?25l[A[1Gpulling manifest [K
pulling 0624ba75c3ce:   2% ▕                  ▏ 116 MB/7.7 GB   11 MB/s  11m17s[K[?25h[?2026l[?2026h[?25l[A[1Gpulling manifest [K
pulling 0624ba75c3ce:   2% ▕                  ▏ 117 MB/7.7 GB   11 MB/s  11m17s[K[?25h[?2026l[?2026h[?25l[A[1Gpulling manifest [K
pulling 0624ba75c3ce:   2% ▕                  ▏ 118 MB/7.7 GB   11 MB/s  10m58s[K[?25h[?2026l[?2026h[?25l[A[1Gpulling manifest [K
pulling 0624ba75c3ce:   2% ▕                  ▏ 118 MB/7.7 GB   11 MB/s  10m58s[K[?25h[?2026l[?2026h[?25l[A[1Gpulling manifest [K
pulling 0624ba75c3ce:   2% ▕                  ▏ 119 MB/7.7 GB   11 MB/s  10m57s[K[?25h[?2026l[?2026h[?25l[A[1Gpulling manifest [K
pulling 0624ba75c3ce:   2% ▕                  ▏ 120 MB/7.7 GB   11 MB/s  10m57s[K[?25h[?2026l[?2026h[?25l[A[1Gpulling manifest [K
pulling 0624ba75c3ce:   2% ▕                  ▏ 122 MB/7.7 GB   11 MB/s  10m57s[K[?25h[?2026l[?2026h[?25l[A[1Gpulling manifest [K
pulling 0624ba75c3ce:   2% ▕                  ▏ 123 MB/7.7 GB   11 MB/s  10m57s[K[?25h[?2026l[?2026h[?25l[A[1Gpulling manifest [K
pulling 0624ba75c3ce:   2% ▕                  ▏ 123 MB/7.7 GB   11 MB/s  10m57s[K[?25h[?2026l[?2026h[?25l[A[1Gpulling manifest [K
pulling 0624ba75c3ce:   2% ▕                  ▏ 125 MB/7.7 GB   11 MB/s  10m57s[K[?25h[?2026l[?2026h[?25l[A[1Gpulling manifest [K
pulling 0624ba75c3ce:   2% ▕                  ▏ 126 MB/7.7 GB   11 MB/s  10m57s[K[?25h[?2026l[?2026h[?25l[A[1Gpulling manifest [K
pulling 0624ba75c3ce:   2% ▕                  ▏ 127 MB/7.7 GB   11 MB/s  10m57s[K[?25h[?2026l[?2026h[?25l[A[1Gpulling manifest [K
pulling 0624ba75c3ce:   2% ▕                  ▏ 129 MB/7.7 GB   11 MB/s   11m0s[K[?25h[?2026l[?2026h[?25l[A[1Gpulling manifest [K
pulling 0624ba75c3ce:   2% ▕                  ▏ 129 MB/7.7 GB   11 MB/s   11m0s[K[?25h[?2026l[?2026h[?25l[A[1Gpulling manifest [K
pulling 0624ba75c3ce:   2% ▕                  ▏ 130 MB/7.7 GB   11 MB/s   11m0s[K[?25h[?2026l[?2026h[?25l[A[1Gpulling manifest [K
pulling 0624ba75c3ce:   2% ▕                  ▏ 132 MB/7.7 GB   11 MB/s  10m59s[K[?25h[?2026l[?2026h[?25l[A[1Gpulling manifest [K
pulling 0624ba75c3ce:   2% ▕                  ▏ 133 MB/7.7 GB   11 MB/s  10m59s[K[?25h[?2026l[?2026h[?25l[A[1Gpulling manifest [K
pulling 0624ba75c3ce:   2% ▕                  ▏ 134 MB/7.7 GB   11 MB/s  10m59s[K[?25h[?2026l[?2026h[?25l[A[1Gpulling manifest [K
pulling 0624ba75c3ce:   2% ▕                  ▏ 135 MB/7.7 GB   11 MB/s  10m59s[K[?25h[?2026l[?2026h[?25l[A[1Gpulling manifest [K
pulling 0624ba75c3ce:   2% ▕                  ▏ 135 MB/7.7 GB   11 MB/s  10m59s[K[?25h[?2026l[?2026h[?25l[A[1Gpulling manifest [K
pulling 0624ba75c3ce:   2% ▕                  ▏ 137 MB/7.7 GB   11 MB/s  10m59s[K[?25h[?2026l[?2026h[?25l[A[1Gpulling manifest [K
pulling 0624ba75c3ce:   2% ▕                  ▏ 138 MB/7.7 GB   11 MB/s  10m59s[K[?25h[?2026l[?2026h[?25l[A[1Gpulling manifest [K
pulling 0624ba75c3ce:   2% ▕                  ▏ 139 MB/7.7 GB   11 MB/s  10m53s[K[?25h[?2026l[?2026h[?25l[A[1Gpulling manifest [K
pulling 0624ba75c3ce:   2% ▕                  ▏ 140 MB/7.7 GB   11 MB/s  10m53s[K[?25h[?2026l[?2026h[?25l[A[1Gpulling manifest [K
pulling 0624ba75c3ce:   2% ▕                  ▏ 141 MB/7.7 GB   11 MB/s  10m53s[K[?25h[?2026l[?2026h[?25l[A[1Gpulling manifest [K
pulling 0624ba75c3ce:   2% ▕                  ▏ 142 MB/7.7 GB   11 MB/s  10m53s[K[?25h[?2026l[?2026h[?25l[A[1Gpulling manifest [K
pulling 0624ba75c3ce:   2% ▕                  ▏ 143 MB/7.7 GB   11 MB/s  10m53s[K[?25h[?2026l[?2026h[?25l[A[1Gpulling manifest [K
pulling 0624ba75c3ce:   2% ▕                  ▏ 145 MB/7.7 GB   11 MB/s  10m53s[K[?25h[?2026l[?2026h[?25l[A[1Gpulling manifest [K
pulling 0624ba75c3ce:   2% ▕                  ▏ 146 MB/7.7 GB   11 MB/s  10m53s[K[?25h[?2026l[?2026h[?25l[A[1Gpulling manifest [K
pulling 0624ba75c3ce:   2% ▕                  ▏ 146 MB/7.7 GB   11 MB/s  10m53s[K[?25h[?2026l[?2026h[?25l[A[1Gpulling manifest [K
pulling 0624ba75c3ce:   2% ▕                  ▏ 148 MB/7.7 GB   11 MB/s  10m53s[K[?25h[?2026l[?2026h[?25l[A[1Gpulling manifest [K
pulling 0624ba75c3ce:   2% ▕                  ▏ 148 MB/7.7 GB   11 MB/s  10m52s[K[?25h[?2026l[?2026h[?25l[A[1Gpulling manifest [K
pulling 0624ba75c3ce:   2% ▕                  ▏ 150 MB/7.7 GB   11 MB/s  10m49s[K[?25h[?2026l[?2026h[?25l[A[1Gpulling manifest [K
pulling 0624ba75c3ce:   2% ▕                  ▏ 152 MB/7.7 GB   11 MB/s  10m49s[K[?25h[?2026l[?2026h[?25l[A[1Gpulling manifest [K
pulling 0624ba75c3ce:   2% ▕                  ▏ 152 MB/7.7 GB   11 MB/s  10m49s[K[?25h[?2026l[?2026h[?25l[A[1Gpulling manifest [K
pulling 0624ba75c3ce:   2% ▕                  ▏ 153 MB/7.7 GB   11 MB/s  10m49s[K[?25h[?2026l[?2026h[?25l[A[1Gpulling manifest [K
pulling 0624ba75c3ce:   2% ▕                  ▏ 154 MB/7.7 GB   11 MB/s  10m48s[K[?25h[?2026l[?2026h[?25l[A[1Gpulling manifest [K
pulling 0624ba75c3ce:   2% ▕                  ▏ 155 MB/7.7 GB   11 MB/s  10m48s[K[?25h[?2026l[?2026h[?25l[A[1Gpulling manifest [K
pulling 0624ba75c3ce:   2% ▕                  ▏ 157 MB/7.7 GB   11 MB/s  10m48s[K[?25h[?2026l[?2026h[?25l[A[1Gpulling manifest [K
pulling 0624ba75c3ce:   2% ▕                  ▏ 157 MB/7.7 GB   11 MB/s  10m48s[K[?25h[?2026l[?2026h[?25l[A[1Gpulling manifest [K
pulling 0624ba75c3ce:   2% ▕                  ▏ 158 MB/7.7 GB   11 MB/s  10m48s[K[?25h[?2026l[?2026h[?25l[A[1Gpulling manifest [K
pulling 0624ba75c3ce:   2% ▕                  ▏ 160 MB/7.7 GB   11 MB/s  10m48s[K[?25h[?2026l[?2026h[?25l[A[1Gpulling manifest [K
pulling 0624ba75c3ce:   2% ▕                  ▏ 161 MB/7.7 GB   11 MB/s  10m51s[K[?25h[?2026l[?2026h[?25l[A[1Gpulling manifest [K
pulling 0624ba75c3ce:   2% ▕                  ▏ 162 MB/7.7 GB   11 MB/s  10m51s[K[?25h[?2026l[?2026h[?25l[A[1Gpulling manifest [K
pulling 0624ba75c3ce:   2% ▕                  ▏ 163 MB/7.7 GB   11 MB/s  10m51s[K[?25h[?2026l[?2026h[?25l[A[1Gpulling manifest [K
pulling 0624ba75c3ce:   2% ▕                  ▏ 164 MB/7.7 GB   11 MB/s  10m51s[K[?25h[?2026l[?2026h[?25l[A[1Gpulling manifest [K
pulling 0624ba75c3ce:   2% ▕                  ▏ 165 MB/7.7 GB   11 MB/s  10m51s[K[?25h[?2026l[?2026h[?25l[A[1Gpulling manifest [K
pulling 0624ba75c3ce:   2% ▕                  ▏ 167 MB/7.7 GB   11 MB/s  10m51s[K[?25h[?2026l[?2026h[?25l[A[1Gpulling manifest [K
pulling 0624ba75c3ce:   2% ▕                  ▏ 168 MB/7.7 GB   11 MB/s  10m51s[K[?25h[?2026l[?2026h[?25l[A[1Gpulling manifest [K
pulling 0624ba75c3ce:   2% ▕                  ▏ 169 MB/7.7 GB   11 MB/s  10m51s[K[?25h[?2026l[?2026h[?25l[A[1Gpulling manifest [K
pulling 0624ba75c3ce:   2% ▕                  ▏ 170 MB/7.7 GB   11 MB/s  10m51s[K[?25h[?2026l[?2026h[?25l[A[1Gpulling manifest [K
pulling 0624ba75c3ce:   2% ▕                  ▏ 172 MB/7.7 GB   11 MB/s  10m50s[K[?25h[?2026l[?2026h[?25l[A[1Gpulling manifest [K
pulling 0624ba75c3ce:   2% ▕                  ▏ 173 MB/7.7 GB   11 MB/s  10m50s[K[?25h[?2026l[?2026h[?25l[A[1Gpulling manifest [K
pulling 0624ba75c3ce:   2% ▕                  ▏ 174 MB/7.7 GB   11 MB/s  10m49s[K[?25h[?2026l[?2026h[?25l[A[1Gpulling manifest [K
pulling 0624ba75c3ce:   2% ▕                  ▏ 176 MB/7.7 GB   11 MB/s  10m48s[K[?25h[?2026l[?2026h[?25l[A[1Gpulling manifest [K
pulling 0624ba75c3ce:   2% ▕                  ▏ 176 MB/7.7 GB   11 MB/s  10m48s[K[?25h[?2026l[?2026h[?25l[A[1Gpulling manifest [K
pulling 0624ba75c3ce:   2% ▕                  ▏ 177 MB/7.7 GB   11 MB/s  10m48s[K[?25h[?2026l[?2026h[?25l[A[1Gpulling manifest [K
pulling 0624ba75c3ce:   2% ▕                  ▏ 179 MB/7.7 GB   11 MB/s  10m48s[K[?25h[?2026l[?2026h[?25l[A[1Gpulling manifest [K
pulling 0624ba75c3ce:   2% ▕                  ▏ 179 MB/7.7 GB   11 MB/s  10m48s[K[?25h[?2026l[?2026h[?25l[A[1Gpulling manifest [K
pulling 0624ba75c3ce:   2% ▕                  ▏ 181 MB/7.7 GB   11 MB/s  10m48s[K[?25h[?2026l[?2026h[?25l[A[1Gpulling manifest [K
pulling 0624ba75c3ce:   2% ▕                  ▏ 182 MB/7.7 GB   11 MB/s  10m48s[K[?25h[?2026l[?2026h[?25l[A[1Gpulling manifest [K
pulling 0624ba75c3ce:   2% ▕                  ▏ 182 MB/7.7 GB   11 MB/s  10m48s[K[?25h[?2026l[?2026h[?25l[A[1Gpulling manifest [K
pulling 0624ba75c3ce:   2% ▕                  ▏ 184 MB/7.7 GB   11 MB/s  10m48s[K[?25h[?2026l[?2026h[?25l[A[1Gpulling manifest [K
pulling 0624ba75c3ce:   2% ▕                  ▏ 186 MB/7.7 GB   11 MB/s  10m49s[K[?25h[?2026l[?2026h[?25l[A[1Gpulling manifest [K
pulling 0624ba75c3ce:   2% ▕                  ▏ 187 MB/7.7 GB   11 MB/s  10m49s[K[?25h[?2026l[?2026h[?25l[A[1Gpulling manifest [K
pulling 0624ba75c3ce:   2% ▕                  ▏ 188 MB/7.7 GB   11 MB/s  10m49s[K[?25h[?2026l[?2026h[?25l[A[1Gpulling manifest [K
pulling 0624ba75c3ce:   2% ▕                  ▏ 189 MB/7.7 GB   11 MB/s  10m49s[K[?25h[?2026l[?2026h[?25l[A[1Gpulling manifest [K
pulling 0624ba75c3ce:   2% ▕                  ▏ 190 MB/7.7 GB   11 MB/s  10m49s[K[?25h[?2026l[?2026h[?25l[A[1Gpulling manifest [K
pulling 0624ba75c3ce:   2% ▕                  ▏ 192 MB/7.7 GB   11 MB/s  10m49s[K[?25h[?2026l[?2026h[?25l[A[1Gpulling manifest [K
pulling 0624ba75c3ce:   3% ▕                  ▏ 193 MB/7.7 GB   11 MB/s  10m49s[K[?25h[?2026l[?2026h[?25l[A[1Gpulling manifest [K
pulling 0624ba75c3ce:   3% ▕                  ▏ 194 MB/7.7 GB   11 MB/s  10m49s[K[?25h[?2026l[?2026h[?25l[A[1Gpulling manifest [K
pulling 0624ba75c3ce:   3% ▕                  ▏ 194 MB/7.7 GB   11 MB/s  10m49s[K[?25h[?2026l[?2026h[?25l[A[1Gpulling manifest [K
pulling 0624ba75c3ce:   3% ▕                  ▏ 196 MB/7.7 GB   11 MB/s  10m48s[K[?25h[?2026l[?2026h[?25l[A[1Gpulling manifest [K
pulling 0624ba75c3ce:   3% ▕                  ▏ 197 MB/7.7 GB   11 MB/s  10m50s[K[?25h[?2026l[?2026h[?25l[A[1Gpulling manifest [K
pulling 0624ba75c3ce:   3% ▕                  ▏ 199 MB/7.7 GB   11 MB/s  10m50s[K[?25h[?2026l[?2026h[?25l[A[1Gpulling manifest [K
pulling 0624ba75c3ce:   3% ▕                  ▏ 200 MB/7.7 GB   11 MB/s  10m50s[K[?25h[?2026l[?2026h[?25l[A[1Gpulling manifest [K
pulling 0624ba75c3ce:   3% ▕                  ▏ 200 MB/7.7 GB   11 MB/s  10m50s[K[?25h[?2026l[?2026h[?25l[A[1Gpulling manifest [K
pulling 0624ba75c3ce:   3% ▕                  ▏ 202 MB/7.7 GB   11 MB/s  10m50s[K[?25h[?2026l[?2026h[?25l[A[1Gpulling manifest [K
pulling 0624ba75c3ce:   3% ▕                  ▏ 204 MB/7.7 GB   11 MB/s  10m49s[K[?25h[?2026l[?2026h[?25l[A[1Gpulling manifest [K
pulling 0624ba75c3ce:   3% ▕                  ▏ 204 MB/7.7 GB   11 MB/s  10m49s[K[?25h[?2026l[?2026h[?25l[A[1Gpulling manifest [K
pulling 0624ba75c3ce:   3% ▕                  ▏ 206 MB/7.7 GB   11 MB/s  10m49s[K[?25h[?2026l[?2026h[?25l[A[1Gpulling manifest [K
pulling 0624ba75c3ce:   3% ▕                  ▏ 207 MB/7.7 GB   11 MB/s  10m49s[K[?25h[?2026l[?2026h[?25l[A[1Gpulling manifest [K
pulling 0624ba75c3ce:   3% ▕                  ▏ 207 MB/7.7 GB   11 MB/s  10m49s[K[?25h[?2026l[?2026h[?25l[A[1Gpulling manifest [K
pulling 0624ba75c3ce:   3% ▕                  ▏ 209 MB/7.7 GB   11 MB/s  10m53s[K[?25h[?2026l[?2026h[?25l[A[1Gpulling manifest [K
pulling 0624ba75c3ce:   3% ▕                  ▏ 211 MB/7.7 GB   11 MB/s  10m53s[K[?25h[?2026l[?2026h[?25l[A[1Gpulling manifest [K
pulling 0624ba75c3ce:   3% ▕                  ▏ 212 MB/7.7 GB   11 MB/s  10m53s[K[?25h[?2026l[?2026h[?25l[A[1Gpulling manifest [K
pulling 0624ba75c3ce:   3% ▕                  ▏ 213 MB/7.7 GB   11 MB/s  10m52s[K[?25h[?2026l[?2026h[?25l[A[1Gpulling manifest [K
pulling 0624ba75c3ce:   3% ▕                  ▏ 213 MB/7.7 GB   11 MB/s  10m52s[K[?25h[?2026l[?2026h[?25l[A[1Gpulling manifest [K
pulling 0624ba75c3ce:   3% ▕                  ▏ 214 MB/7.7 GB   11 MB/s  10m52s[K[?25h[?2026l[?2026h[?25l[A[1Gpulling manifest [K
pulling 0624ba75c3ce:   3% ▕                  ▏ 216 MB/7.7 GB   11 MB/s  10m52s[K[?25h[?2026l[?2026h[?25l[A[1Gpulling manifest [K
pulling 0624ba75c3ce:   3% ▕                  ▏ 218 MB/7.7 GB   11 MB/s  10m52s[K[?25h[?2026l[?2026h[?25l[A[1Gpulling manifest [K
pulling 0624ba75c3ce:   3% ▕                  ▏ 219 MB/7.7 GB   11 MB/s  10m52s[K[?25h[?2026l[?2026h[?25l[A[1Gpulling manifest [K
pulling 0624ba75c3ce:   3% ▕                  ▏ 219 MB/7.7 GB   11 MB/s  10m52s[K[?25h[?2026l[?2026h[?25l[A[1Gpulling manifest [K
pulling 0624ba75c3ce:   3% ▕                  ▏ 221 MB/7.7 GB   11 MB/s  10m52s[K[?25h[?2026l[?2026h[?25l[A[1Gpulling manifest [K
pulling 0624ba75c3ce:   3% ▕                  ▏ 222 MB/7.7 GB   11 MB/s  10m52s[K[?25h[?2026l[?2026h[?25l[A[1Gpulling manifest [K
pulling 0624ba75c3ce:   3% ▕                  ▏ 223 MB/7.7 GB   11 MB/s  10m52s[K[?25h[?2026l[?2026h[?25l[A[1Gpulling manifest [K
pulling 0624ba75c3ce:   3% ▕                  ▏ 225 MB/7.7 GB   11 MB/s  10m52s[K[?25h[?2026l[?2026h[?25l[A[1Gpulling manifest [K
pulling 0624ba75c3ce:   3% ▕                  ▏ 225 MB/7.7 GB   11 MB/s  10m52s[K[?25h[?2026l[?2026h[?25l[A[1Gpulling manifest [K
pulling 0624ba75c3ce:   3% ▕                  ▏ 226 MB/7.7 GB   11 MB/s  10m51s[K[?25h[?2026l[?2026h[?25l[A[1Gpulling manifest [K
pulling 0624ba75c3ce:   3% ▕                  ▏ 228 MB/7.7 GB   11 MB/s  10m51s[K[?25h[?2026l[?2026h[?25l[A[1Gpulling manifest [K
pulling 0624ba75c3ce:   3% ▕                  ▏ 229 MB/7.7 GB   11 MB/s  10m51s[K[?25h[?2026l[?2026h[?25l[A[1Gpulling manifest [K
pulling 0624ba75c3ce:   3% ▕                  ▏ 230 MB/7.7 GB   11 MB/s  10m51s[K[?25h[?2026l[?2026h[?25l[A[1Gpulling manifest [K
pulling 0624ba75c3ce:   3% ▕                  ▏ 231 MB/7.7 GB   11 MB/s  10m51s[K[?25h[?2026l[?2026h[?25l[A[1Gpulling manifest [K
pulling 0624ba75c3ce:   3% ▕                  ▏ 231 MB/7.7 GB   11 MB/s  10m51s[K[?25h[?2026l[?2026h[?25l[A[1Gpulling manifest [K
pulling 0624ba75c3ce:   3% ▕                  ▏ 233 MB/7.7 GB   11 MB/s  10m45s[K[?25h[?2026l[?2026h[?25l[A[1Gpulling manifest [K
pulling 0624ba75c3ce:   3% ▕                  ▏ 235 MB/7.7 GB   11 MB/s  10m45s[K[?25h[?2026l[?2026h[?25l[A[1Gpulling manifest [K
pulling 0624ba75c3ce:   3% ▕                  ▏ 236 MB/7.7 GB   11 MB/s  10m45s[K[?25h[?2026l[?2026h[?25l[A[1Gpulling manifest [K
pulling 0624ba75c3ce:   3% ▕                  ▏ 237 MB/7.7 GB   11 MB/s  10m44s[K[?25h[?2026l[?2026h[?25l[A[1Gpulling manifest [K
pulling 0624ba75c3ce:   3% ▕                  ▏ 238 MB/7.7 GB   11 MB/s  10m44s[K[?25h[?2026l[?2026h[?25l[A[1Gpulling manifest [K
pulling 0624ba75c3ce:   3% ▕                  ▏ 239 MB/7.7 GB   11 MB/s  10m44s[K[?25h[?2026l[?2026h[?25l[A[1Gpulling manifest [K
pulling 0624ba75c3ce:   3% ▕                  ▏ 240 MB/7.7 GB   11 MB/s  10m44s[K[?25h[?2026l[?2026h[?25l[A[1Gpulling manifest [K
pulling 0624ba75c3ce:   3% ▕                  ▏ 242 MB/7.7 GB   11 MB/s  10m44s[K[?25h[?2026l[?2026h[?25l[A[1Gpulling manifest [K
pulling 0624ba75c3ce:   3% ▕                  ▏ 243 MB/7.7 GB   11 MB/s  10m44s[K[?25h[?2026l[?2026h[?25l[A[1Gpulling manifest [K
pulling 0624ba75c3ce:   3% ▕                  ▏ 243 MB/7.7 GB   11 MB/s  10m44s[K[?25h[?2026l[?2026h[?25l[A[1Gpulling manifest [K
pulling 0624ba75c3ce:   3% ▕                  ▏ 245 MB/7.7 GB   11 MB/s  10m40s[K[?25h[?2026l[?2026h[?25l[A[1Gpulling manifest [K
pulling 0624ba75c3ce:   3% ▕                  ▏ 246 MB/7.7 GB   11 MB/s  10m40s[K[?25h[?2026l[?2026h[?25l[A[1Gpulling manifest [K
pulling 0624ba75c3ce:   3% ▕                  ▏ 247 MB/7.7 GB   11 MB/s  10m40s[K[?25h[?2026l[?2026h[?25l[A[1Gpulling manifest [K
pulling 0624ba75c3ce:   3% ▕                  ▏ 249 MB/7.7 GB   11 MB/s  10m40s[K[?25h[?2026l[?2026h[?25l[A[1Gpulling manifest [K
pulling 0624ba75c3ce:   3% ▕                  ▏ 249 MB/7.7 GB   11 MB/s  10m40s[K[?25h[?2026l[?2026h[?25l[A[1Gpulling manifest [K
pulling 0624ba75c3ce:   3% ▕                  ▏ 250 MB/7.7 GB   11 MB/s  10m40s[K[?25h[?2026l[?2026h[?25l[A[1Gpulling manifest [K
pulling 0624ba75c3ce:   3% ▕                  ▏ 252 MB/7.7 GB   11 MB/s  10m40s[K[?25h[?2026l[?2026h[?25l[A[1Gpulling manifest [K
pulling 0624ba75c3ce:   3% ▕                  ▏ 253 MB/7.7 GB   11 MB/s  10m40s[K[?25h[?2026l[?2026h[?25l[A[1Gpulling manifest [K
pulling 0624ba75c3ce:   3% ▕                  ▏ 254 MB/7.7 GB   11 MB/s  10m40s[K[?25h[?2026l[?2026h[?25l[A[1Gpulling manifest [K
pulling 0624ba75c3ce:   3% ▕                  ▏ 255 MB/7.7 GB   11 MB/s  10m40s[K[?25h[?2026l[?2026h[?25l[A[1Gpulling manifest [K
pulling 0624ba75c3ce:   3% ▕                  ▏ 255 MB/7.7 GB   11 MB/s  10m36s[K[?25h[?2026l[?2026h[?25l[A[1Gpulling manifest [K
pulling 0624ba75c3ce:   3% ▕                  ▏ 257 MB/7.7 GB   11 MB/s  10m36s[K[?25h[?2026l[?2026h[?25l[A[1Gpulling manifest [K
pulling 0624ba75c3ce:   3% ▕                  ▏ 258 MB/7.7 GB   11 MB/s  10m36s[K[?25h[?2026l[?2026h[?25l[A[1Gpulling manifest [K
pulling 0624ba75c3ce:   3% ▕                  ▏ 259 MB/7.7 GB   11 MB/s  10m36s[K[?25h[?2026l[?2026h[?25l[A[1Gpulling manifest [K
pulling 0624ba75c3ce:   3% ▕                  ▏ 260 MB/7.7 GB   11 MB/s  10m36s[K[?25h[?2026l[?2026h[?25l[A[1Gpulling manifest [K
pulling 0624ba75c3ce:   3% ▕                  ▏ 261 MB/7.7 GB   11 MB/s  10m36s[K[?25h[?2026l[?2026h[?25l[A[1Gpulling manifest [K
pulling 0624ba75c3ce:   3% ▕                  ▏ 262 MB/7.7 GB   11 MB/s  10m36s[K[?25h[?2026l[?2026h[?25l[A[1Gpulling manifest [K
pulling 0624ba75c3ce:   3% ▕                  ▏ 264 MB/7.7 GB   11 MB/s  10m36s[K[?25h[?2026l[?2026h[?25l[A[1Gpulling manifest [K
pulling 0624ba75c3ce:   3% ▕                  ▏ 266 MB/7.7 GB   11 MB/s  10m36s[K[?25h[?2026l[?2026h[?25l[A[1Gpulling manifest [K
pulling 0624ba75c3ce:   3% ▕                  ▏ 266 MB/7.7 GB   11 MB/s  10m36s[K[?25h[?2026l[?2026h[?25l[A[1Gpulling manifest [K
pulling 0624ba75c3ce:   3% ▕                  ▏ 267 MB/7.7 GB   11 MB/s  10m35s[K[?25h[?2026l[?2026h[?25l[A[1Gpulling manifest [K
pulling 0624ba75c3ce:   3% ▕                  ▏ 269 MB/7.7 GB   11 MB/s  10m35s[K[?25h[?2026l[?2026h[?25l[A[1Gpulling manifest [K
pulling 0624ba75c3ce:   4% ▕                  ▏ 269 MB/7.7 GB   11 MB/s  10m35s[K[?25h[?2026l[?2026h[?25l[A[1Gpulling manifest [K
pulling 0624ba75c3ce:   4% ▕                  ▏ 271 MB/7.7 GB   11 MB/s  10m35s[K[?25h[?2026l[?2026h[?25l[A[1Gpulling manifest [K
pulling 0624ba75c3ce:   4% ▕                  ▏ 272 MB/7.7 GB   11 MB/s  10m35s[K[?25h[?2026l[?2026h[?25l[A[1Gpulling manifest [K
pulling 0624ba75c3ce:   4% ▕                  ▏ 272 MB/7.7 GB   11 MB/s  10m35s[K[?25h[?2026l[?2026h[?25l[A[1Gpulling manifest [K
pulling 0624ba75c3ce:   4% ▕                  ▏ 274 MB/7.7 GB   11 MB/s  10m35s[K[?25h[?2026l[?2026h[?25l[A[1Gpulling manifest [K
pulling 0624ba75c3ce:   4% ▕                  ▏ 276 MB/7.7 GB   11 MB/s  10m34s[K[?25h[?2026l[?2026h[?25l[A[1Gpulling manifest [K
pulling 0624ba75c3ce:   4% ▕                  ▏ 276 MB/7.7 GB   11 MB/s  10m34s[K[?25h[?2026l[?2026h[?25l[A[1Gpulling manifest [K
pulling 0624ba75c3ce:   4% ▕                  ▏ 278 MB/7.7 GB   11 MB/s  10m34s[K[?25h[?2026l[?2026h[?25l[A[1Gpulling manifest [K
pulling 0624ba75c3ce:   4% ▕                  ▏ 278 MB/7.7 GB   11 MB/s  10m35s[K[?25h[?2026l[?2026h[?25l[A[1Gpulling manifest [K
pulling 0624ba75c3ce:   4% ▕                  ▏ 279 MB/7.7 GB   11 MB/s  10m35s[K[?25h[?2026l[?2026h[?25l[A[1Gpulling manifest [K
pulling 0624ba75c3ce:   4% ▕                  ▏ 281 MB/7.7 GB   11 MB/s  10m35s[K[?25h[?2026l[?2026h[?25l[A[1Gpulling manifest [K
pulling 0624ba75c3ce:   4% ▕                  ▏ 283 MB/7.7 GB   11 MB/s  10m35s[K[?25h[?2026l[?2026h[?25l[A[1Gpulling manifest [K
pulling 0624ba75c3ce:   4% ▕                  ▏ 283 MB/7.7 GB   11 MB/s  10m35s[K[?25h[?2026l[?2026h[?25l[A[1Gpulling manifest [K
pulling 0624ba75c3ce:   4% ▕                  ▏ 284 MB/7.7 GB   11 MB/s  10m35s[K[?25h[?2026l[?2026h[?25l[A[1Gpulling manifest [K
pulling 0624ba75c3ce:   4% ▕                  ▏ 285 MB/7.7 GB   11 MB/s  10m35s[K[?25h[?2026l[?2026h[?25l[A[1Gpulling manifest [K
pulling 0624ba75c3ce:   4% ▕                  ▏ 286 MB/7.7 GB   11 MB/s  10m34s[K[?25h[?2026l[?2026h[?25l[A[1Gpulling manifest [K
pulling 0624ba75c3ce:   4% ▕                  ▏ 288 MB/7.7 GB   11 MB/s  10m34s[K[?25h[?2026l[?2026h[?25l[A[1Gpulling manifest [K
pulling 0624ba75c3ce:   4% ▕                  ▏ 290 MB/7.7 GB   11 MB/s  10m34s[K[?25h[?2026l[?2026h[?25l[A[1Gpulling manifest [K
pulling 0624ba75c3ce:   4% ▕                  ▏ 290 MB/7.7 GB   11 MB/s  10m34s[K[?25h[?2026l[?2026h[?25l[A[1Gpulling manifest [K
pulling 0624ba75c3ce:   4% ▕                  ▏ 290 MB/7.7 GB   11 MB/s  10m34s[K[?25h[?2026l[?2026h[?25l[A[1Gpulling manifest [K
pulling 0624ba75c3ce:   4% ▕                  ▏ 292 MB/7.7 GB   11 MB/s  10m34s[K[?25h[?2026l[?2026h[?25l[A[1Gpulling manifest [K
pulling 0624ba75c3ce:   4% ▕                  ▏ 293 MB/7.7 GB   11 MB/s  10m34s[K[?25h[?2026l[?2026h[?25l[A[1Gpulling manifest [K
pulling 0624ba75c3ce:   4% ▕                  ▏ 295 MB/7.7 GB   11 MB/s  10m34s[K[?25h[?2026l[?2026h[?25l[A[1Gpulling manifest [K
pulling 0624ba75c3ce:   4% ▕                  ▏ 296 MB/7.7 GB   11 MB/s  10m34s[K[?25h[?2026l[?2026h[?25l[A[1Gpulling manifest [K
pulling 0624ba75c3ce:   4% ▕                  ▏ 296 MB/7.7 GB   11 MB/s  10m34s[K[?25h[?2026l[?2026h[?25l[A[1Gpulling manifest [K
pulling 0624ba75c3ce:   4% ▕                  ▏ 297 MB/7.7 GB   11 MB/s  10m34s[K[?25h[?2026l[?2026h[?25l[A[1Gpulling manifest [K
pulling 0624ba75c3ce:   4% ▕                  ▏ 299 MB/7.7 GB   11 MB/s  10m33s[K[?25h[?2026l[?2026h[?25l[A[1Gpulling manifest [K
pulling 0624ba75c3ce:   4% ▕                  ▏ 299 MB/7.7 GB   11 MB/s  10m33s[K[?25h[?2026l[?2026h[?25l[A[1Gpulling manifest [K
pulling 0624ba75c3ce:   4% ▕                  ▏ 301 MB/7.7 GB   11 MB/s  10m33s[K[?25h[?2026l[?2026h[?25l[A[1Gpulling manifest [K
pulling 0624ba75c3ce:   4% ▕                  ▏ 301 MB/7.7 GB   11 MB/s  10m41s[K[?25h[?2026l[?2026h[?25l[A[1Gpulling manifest [K
pulling 0624ba75c3ce:   4% ▕                  ▏ 302 MB/7.7 GB   11 MB/s  10m40s[K[?25h[?2026l[?2026h[?25l[A[1Gpulling manifest [K
pulling 0624ba75c3ce:   4% ▕                  ▏ 304 MB/7.7 GB   11 MB/s  10m40s[K[?25h[?2026l[?2026h[?25l[A[1Gpulling manifest [K
pulling 0624ba75c3ce:   4% ▕                  ▏ 305 MB/7.7 GB   11 MB/s  10m40s[K[?25h[?2026l[?2026h[?25l[A[1Gpulling manifest [K
pulling 0624ba75c3ce:   4% ▕                  ▏ 306 MB/7.7 GB   11 MB/s  10m40s[K[?25h[?2026l[?2026h[?25l[A[1Gpulling manifest [K
pulling 0624ba75c3ce:   4% ▕                  ▏ 307 MB/7.7 GB   11 MB/s  10m40s[K[?25h[?2026l[?2026h[?25l[A[1Gpulling manifest [K
pulling 0624ba75c3ce:   4% ▕                  ▏ 308 MB/7.7 GB   11 MB/s  10m40s[K[?25h[?2026l[?2026h[?25l[A[1Gpulling manifest [K
pulling 0624ba75c3ce:   4% ▕                  ▏ 309 MB/7.7 GB   11 MB/s  10m40s[K[?25h[?2026l[?2026h[?25l[A[1Gpulling manifest [K
pulling 0624ba75c3ce:   4% ▕                  ▏ 311 MB/7.7 GB   11 MB/s  10m40s[K[?25h[?2026l[?2026h[?25l[A[1Gpulling manifest [K
pulling 0624ba75c3ce:   4% ▕                  ▏ 313 MB/7.7 GB   11 MB/s  10m39s[K[?25h[?2026l[?2026h[?25l[A[1Gpulling manifest [K
pulling 0624ba75c3ce:   4% ▕                  ▏ 313 MB/7.7 GB   11 MB/s  10m36s[K[?25h[?2026l[?2026h[?25l[A[1Gpulling manifest [K
pulling 0624ba75c3ce:   4% ▕                  ▏ 314 MB/7.7 GB   11 MB/s  10m36s[K[?25h[?2026l[?2026h[?25l[A[1Gpulling manifest [K
pulling 0624ba75c3ce:   4% ▕                  ▏ 316 MB/7.7 GB   11 MB/s  10m36s[K[?25h[?2026l[?2026h[?25l[A[1Gpulling manifest [K
pulling 0624ba75c3ce:   4% ▕                  ▏ 316 MB/7.7 GB   11 MB/s  10m36s[K[?25h[?2026l[?2026h[?25l[A[1Gpulling manifest [K
pulling 0624ba75c3ce:   4% ▕                  ▏ 318 MB/7.7 GB   11 MB/s  10m36s[K[?25h[?2026l[?2026h[?25l[A[1Gpulling manifest [K
pulling 0624ba75c3ce:   4% ▕                  ▏ 319 MB/7.7 GB   11 MB/s  10m36s[K[?25h[?2026l[?2026h[?25l[A[1Gpulling manifest [K
pulling 0624ba75c3ce:   4% ▕                  ▏ 320 MB/7.7 GB   11 MB/s  10m36s[K[?25h[?2026l[?2026h[?25l[A[1Gpulling manifest [K
pulling 0624ba75c3ce:   4% ▕                  ▏ 321 MB/7.7 GB   11 MB/s  10m35s[K[?25h[?2026l[?2026h[?25l[A[1Gpulling manifest [K
pulling 0624ba75c3ce:   4% ▕                  ▏ 323 MB/7.7 GB   11 MB/s  10m35s[K[?25h[?2026l[?2026h[?25l[A[1Gpulling manifest [K
pulling 0624ba75c3ce:   4% ▕                  ▏ 324 MB/7.7 GB   11 MB/s  10m35s[K[?25h[?2026l[?2026h[?25l[A[1Gpulling manifest [K
pulling 0624ba75c3ce:   4% ▕                  ▏ 326 MB/7.7 GB   11 MB/s  10m31s[K[?25h[?2026l[?2026h[?25l[A[1Gpulling manifest [K
pulling 0624ba75c3ce:   4% ▕                  ▏ 326 MB/7.7 GB   11 MB/s  10m31s[K[?25h[?2026l[?2026h[?25l[A[1Gpulling manifest [K
pulling 0624ba75c3ce:   4% ▕                  ▏ 327 MB/7.7 GB   11 MB/s  10m31s[K[?25h[?2026l[?2026h[?25l[A[1Gpulling manifest [K
pulling 0624ba75c3ce:   4% ▕                  ▏ 329 MB/7.7 GB   11 MB/s  10m31s[K[?25h[?2026l[?2026h[?25l[A[1Gpulling manifest [K
pulling 0624ba75c3ce:   4% ▕                  ▏ 331 MB/7.7 GB   11 MB/s  10m31s[K[?25h[?2026l[?2026h[?25l[A[1Gpulling manifest [K
pulling 0624ba75c3ce:   4% ▕                  ▏ 332 MB/7.7 GB   11 MB/s  10m31s[K[?25h[?2026l[?2026h[?25l[A[1Gpulling manifest [K
pulling 0624ba75c3ce:   4% ▕                  ▏ 332 MB/7.7 GB   11 MB/s  10m31s[K[?25h[?2026l[?2026h[?25l[A[1Gpulling manifest [K
pulling 0624ba75c3ce:   4% ▕                  ▏ 333 MB/7.7 GB   11 MB/s  10m31s[K[?25h[?2026l[?2026h[?25l[A[1Gpulling manifest [K
pulling 0624ba75c3ce:   4% ▕                  ▏ 334 MB/7.7 GB   11 MB/s  10m31s[K[?25h[?2026l[?2026h[?25l[A[1Gpulling manifest [K
pulling 0624ba75c3ce:   4% ▕                  ▏ 336 MB/7.7 GB   11 MB/s  10m30s[K[?25h[?2026l[?2026h[?25l[A[1Gpulling manifest [K
pulling 0624ba75c3ce:   4% ▕                  ▏ 338 MB/7.7 GB   11 MB/s  10m26s[K[?25h[?2026l[?2026h[?25l[A[1Gpulling manifest [K
pulling 0624ba75c3ce:   4% ▕                  ▏ 339 MB/7.7 GB   11 MB/s  10m26s[K[?25h[?2026l[?2026h[?25l[A[1Gpulling manifest [K
pulling 0624ba75c3ce:   4% ▕                  ▏ 339 MB/7.7 GB   11 MB/s  10m26s[K[?25h[?2026l[?2026h[?25l[A[1Gpulling manifest [K
pulling 0624ba75c3ce:   4% ▕                  ▏ 341 MB/7.7 GB   11 MB/s  10m26s[K[?25h[?2026l[?2026h[?25l[A[1Gpulling manifest [K
pulling 0624ba75c3ce:   4% ▕                  ▏ 342 MB/7.7 GB   11 MB/s  10m26s[K[?25h[?2026l[?2026h[?25l[A[1Gpulling manifest [K
pulling 0624ba75c3ce:   4% ▕                  ▏ 344 MB/7.7 GB   11 MB/s  10m26s[K[?25h[?2026l[?2026h[?25l[A[1Gpulling manifest [K
pulling 0624ba75c3ce:   4% ▕                  ▏ 345 MB/7.7 GB   11 MB/s  10m26s[K[?25h[?2026l[?2026h[?25l[A[1Gpulling manifest [K
pulling 0624ba75c3ce:   4% ▕                  ▏ 345 MB/7.7 GB   11 MB/s  10m26s[K[?25h[?2026l[?2026h[?25l[A[1Gpulling manifest [K
pulling 0624ba75c3ce:   5% ▕                  ▏ 346 MB/7.7 GB   11 MB/s  10m25s[K[?25h[?2026l[?2026h[?25l[A[1Gpulling manifest [K
pulling 0624ba75c3ce:   5% ▕                  ▏ 348 MB/7.7 GB   11 MB/s  10m25s[K[?25h[?2026l[?2026h[?25l[A[1Gpulling manifest [K
pulling 0624ba75c3ce:   5% ▕                  ▏ 349 MB/7.7 GB   11 MB/s  10m25s[K[?25h[?2026l[?2026h[?25l[A[1Gpulling manifest [K
pulling 0624ba75c3ce:   5% ▕                  ▏ 350 MB/7.7 GB   11 MB/s  10m25s[K[?25h[?2026l[?2026h[?25l[A[1Gpulling manifest [K
pulling 0624ba75c3ce:   5% ▕                  ▏ 351 MB/7.7 GB   11 MB/s  10m25s[K[?25h[?2026l[?2026h[?25l[A[1Gpulling manifest [K
pulling 0624ba75c3ce:   5% ▕                  ▏ 351 MB/7.7 GB   11 MB/s  10m25s[K[?25h[?2026l[?2026h[?25l[A[1Gpulling manifest [K
pulling 0624ba75c3ce:   5% ▕                  ▏ 354 MB/7.7 GB   11 MB/s  10m25s[K[?25h[?2026l[?2026h[?25l[A[1Gpulling manifest [K
pulling 0624ba75c3ce:   5% ▕                  ▏ 356 MB/7.7 GB   11 MB/s  10m25s[K[?25h[?2026l[?2026h[?25l[A[1Gpulling manifest [K
pulling 0624ba75c3ce:   5% ▕                  ▏ 357 MB/7.7 GB   11 MB/s  10m25s[K[?25h[?2026l[?2026h[?25l[A[1Gpulling manifest [K
pulling 0624ba75c3ce:   5% ▕                  ▏ 358 MB/7.7 GB   11 MB/s  10m25s[K[?25h[?2026l[?2026h[?25l[A[1Gpulling manifest [K
pulling 0624ba75c3ce:   5% ▕                  ▏ 359 MB/7.7 GB   11 MB/s  10m25s[K[?25h[?2026l[?2026h[?25l[A[1Gpulling manifest [K
pulling 0624ba75c3ce:   5% ▕                  ▏ 360 MB/7.7 GB   11 MB/s  10m25s[K[?25h[?2026l[?2026h[?25l[A[1Gpulling manifest [K
pulling 0624ba75c3ce:   5% ▕                  ▏ 362 MB/7.7 GB   11 MB/s  10m24s[K[?25h[?2026l[?2026h[?25l[A[1Gpulling manifest [K
pulling 0624ba75c3ce:   5% ▕                  ▏ 364 MB/7.7 GB   11 MB/s  10m14s[K[?25h[?2026l[?2026h[?25l[A[1Gpulling manifest [K
pulling 0624ba75c3ce:   5% ▕                  ▏ 364 MB/7.7 GB   11 MB/s  10m14s[K[?25h[?2026l[?2026h[?25l[A[1Gpulling manifest [K
pulling 0624ba75c3ce:   5% ▕                  ▏ 365 MB/7.7 GB   11 MB/s  10m14s[K[?25h[?2026l[?2026h[?25l[A[1Gpulling manifest [K
pulling 0624ba75c3ce:   5% ▕                  ▏ 366 MB/7.7 GB   11 MB/s  10m14s[K[?25h[?2026l[?2026h[?25l[A[1Gpulling manifest [K
pulling 0624ba75c3ce:   5% ▕                  ▏ 367 MB/7.7 GB   11 MB/s  10m13s[K[?25h[?2026l[?2026h[?25l[A[1Gpulling manifest [K
pulling 0624ba75c3ce:   5% ▕                  ▏ 369 MB/7.7 GB   11 MB/s  10m13s[K[?25h[?2026l[?2026h[?25l[A[1Gpulling manifest [K
pulling 0624ba75c3ce:   5% ▕                  ▏ 370 MB/7.7 GB   11 MB/s  10m13s[K[?25h[?2026l[?2026h[?25l[A[1Gpulling manifest [K
pulling 0624ba75c3ce:   5% ▕                  ▏ 370 MB/7.7 GB   11 MB/s  10m13s[K[?25h[?2026l[?2026h[?25l[A[1Gpulling manifest [K
pulling 0624ba75c3ce:   5% ▕                  ▏ 372 MB/7.7 GB   11 MB/s  10m13s[K[?25h[?2026l[?2026h[?25l[A[1Gpulling manifest [K
pulling 0624ba75c3ce:   5% ▕                  ▏ 374 MB/7.7 GB   11 MB/s  10m13s[K[?25h[?2026l[?2026h[?25l[A[1Gpulling manifest [K
pulling 0624ba75c3ce:   5% ▕                  ▏ 375 MB/7.7 GB   12 MB/s   10m9s[K[?25h[?2026l[?2026h[?25l[A[1Gpulling manifest [K
pulling 0624ba75c3ce:   5% ▕                  ▏ 377 MB/7.7 GB   12 MB/s   10m9s[K[?25h[?2026l[?2026h[?25l[A[1Gpulling manifest [K
pulling 0624ba75c3ce:   5% ▕                  ▏ 377 MB/7.7 GB   12 MB/s   10m9s[K[?25h[?2026l[?2026h[?25l[A[1Gpulling manifest [K
pulling 0624ba75c3ce:   5% ▕                  ▏ 377 MB/7.7 GB   12 MB/s   10m8s[K[?25h[?2026l[?2026h[?25l[A[1Gpulling manifest [K
pulling 0624ba75c3ce:   5% ▕                  ▏ 380 MB/7.7 GB   12 MB/s   10m8s[K[?25h[?2026l[?2026h[?25l[A[1Gpulling manifest [K
pulling 0624ba75c3ce:   5% ▕                  ▏ 381 MB/7.7 GB   12 MB/s   10m8s[K[?25h[?2026l[?2026h[?25l[A[1Gpulling manifest [K
pulling 0624ba75c3ce:   5% ▕                  ▏ 383 MB/7.7 GB   12 MB/s   10m8s[K[?25h[?2026l[?2026h[?25l[A[1Gpulling manifest [K
pulling 0624ba75c3ce:   5% ▕                  ▏ 383 MB/7.7 GB   12 MB/s   10m8s[K[?25h[?2026l[?2026h[?25l[A[1Gpulling manifest [K
pulling 0624ba75c3ce:   5% ▕                  ▏ 385 MB/7.7 GB   12 MB/s   10m8s[K[?25h[?2026l[?2026h[?25l[A[1Gpulling manifest [K
pulling 0624ba75c3ce:   5% ▕                  ▏ 386 MB/7.7 GB   12 MB/s   10m8s[K[?25h[?2026l[?2026h[?25l[A[1Gpulling manifest [K
pulling 0624ba75c3ce:   5% ▕                  ▏ 388 MB/7.7 GB   12 MB/s   10m1s[K[?25h[?2026l[?2026h[?25l[A[1Gpulling manifest [K
pulling 0624ba75c3ce:   5% ▕                  ▏ 390 MB/7.7 GB   12 MB/s   10m1s[K[?25h[?2026l[?2026h[?25l[A[1Gpulling manifest [K
pulling 0624ba75c3ce:   5% ▕                  ▏ 390 MB/7.7 GB   12 MB/s   10m1s[K[?25h[?2026l[?2026h[?25l[A[1Gpulling manifest [K
pulling 0624ba75c3ce:   5% ▕                  ▏ 391 MB/7.7 GB   12 MB/s   10m1s[K[?25h[?2026l[?2026h[?25l[A[1Gpulling manifest [K
pulling 0624ba75c3ce:   5% ▕                  ▏ 392 MB/7.7 GB   12 MB/s   10m0s[K[?25h[?2026l[?2026h[?25l[A[1Gpulling manifest [K
pulling 0624ba75c3ce:   5% ▕                  ▏ 393 MB/7.7 GB   12 MB/s   10m0s[K[?25h[?2026l[?2026h[?25l[A[1Gpulling manifest [K
pulling 0624ba75c3ce:   5% ▕                  ▏ 395 MB/7.7 GB   12 MB/s   10m0s[K[?25h[?2026l[?2026h[?25l[A[1Gpulling manifest [K
pulling 0624ba75c3ce:   5% ▕                  ▏ 397 MB/7.7 GB   12 MB/s   10m0s[K[?25h[?2026l[?2026h[?25l[A[1Gpulling manifest [K
pulling 0624ba75c3ce:   5% ▕                  ▏ 397 MB/7.7 GB   12 MB/s   10m0s[K[?25h[?2026l[?2026h[?25l[A[1Gpulling manifest [K
pulling 0624ba75c3ce:   5% ▕                  ▏ 399 MB/7.7 GB   12 MB/s   10m0s[K[?25h[?2026l[?2026h[?25l[A[1Gpulling manifest [K
pulling 0624ba75c3ce:   5% ▕                  ▏ 400 MB/7.7 GB   12 MB/s   9m56s[K[?25h[?2026l[?2026h[?25l[A[1Gpulling manifest [K
pulling 0624ba75c3ce:   5% ▕                  ▏ 401 MB/7.7 GB   12 MB/s   9m56s[K[?25h[?2026l[?2026h[?25l[A[1Gpulling manifest [K
pulling 0624ba75c3ce:   5% ▕                  ▏ 403 MB/7.7 GB   12 MB/s   9m56s[K[?25h[?2026l[?2026h[?25l[A[1Gpulling manifest [K
pulling 0624ba75c3ce:   5% ▕                  ▏ 404 MB/7.7 GB   12 MB/s   9m56s[K[?25h[?2026l[?2026h[?25l[A[1Gpulling manifest [K
pulling 0624ba75c3ce:   5% ▕                  ▏ 405 MB/7.7 GB   12 MB/s   9m56s[K[?25h[?2026l[?2026h[?25l[A[1Gpulling manifest [K
pulling 0624ba75c3ce:   5% ▕                  ▏ 407 MB/7.7 GB   12 MB/s   9m56s[K[?25h[?2026l[?2026h[?25l[A[1Gpulling manifest [K
pulling 0624ba75c3ce:   5% ▕                  ▏ 409 MB/7.7 GB   12 MB/s   9m56s[K[?25h[?2026l[?2026h[?25l[A[1Gpulling manifest [K
pulling 0624ba75c3ce:   5% ▕                  ▏ 410 MB/7.7 GB   12 MB/s   9m55s[K[?25h[?2026l[?2026h[?25l[A[1Gpulling manifest [K
pulling 0624ba75c3ce:   5% ▕                  ▏ 410 MB/7.7 GB   12 MB/s   9m55s[K[?25h[?2026l[?2026h[?25l[A[1Gpulling manifest [K
pulling 0624ba75c3ce:   5% ▕                  ▏ 412 MB/7.7 GB   12 MB/s   9m55s[K[?25h[?2026l[?2026h[?25l[A[1Gpulling manifest [K
pulling 0624ba75c3ce:   5% ▕                  ▏ 413 MB/7.7 GB   12 MB/s   9m55s[K[?25h[?2026l[?2026h[?25l[A[1Gpulling manifest [K
pulling 0624ba75c3ce:   5% ▕                  ▏ 415 MB/7.7 GB   12 MB/s   9m41s[K[?25h[?2026l[?2026h[?25l[A[1Gpulling manifest [K
pulling 0624ba75c3ce:   5% ▕                  ▏ 416 MB/7.7 GB   12 MB/s   9m41s[K[?25h[?2026l[?2026h[?25l[A[1Gpulling manifest [K
pulling 0624ba75c3ce:   5% ▕                  ▏ 416 MB/7.7 GB   12 MB/s   9m41s[K[?25h[?2026l[?2026h[?25l[A[1Gpulling manifest [K
pulling 0624ba75c3ce:   5% ▕                  ▏ 417 MB/7.7 GB   12 MB/s   9m41s[K[?25h[?2026l[?2026h[?25l[A[1Gpulling manifest [K
pulling 0624ba75c3ce:   5% ▕                  ▏ 419 MB/7.7 GB   12 MB/s   9m40s[K[?25h[?2026l[?2026h[?25l[A[1Gpulling manifest [K
pulling 0624ba75c3ce:   5% ▕                  ▏ 420 MB/7.7 GB   12 MB/s   9m40s[K[?25h[?2026l[?2026h[?25l[A[1Gpulling manifest [K
pulling 0624ba75c3ce:   5% ▕                  ▏ 422 MB/7.7 GB   12 MB/s   9m40s[K[?25h[?2026l[?2026h[?25l[A[1Gpulling manifest [K
pulling 0624ba75c3ce:   6% ▕                  ▏ 423 MB/7.7 GB   12 MB/s   9m40s[K[?25h[?2026l[?2026h[?25l[A[1Gpulling manifest [K
pulling 0624ba75c3ce:   6% ▕                  ▏ 423 MB/7.7 GB   12 MB/s   9m40s[K[?25h[?2026l[?2026h[?25l[A[1Gpulling manifest [K
pulling 0624ba75c3ce:   6% ▕                  ▏ 424 MB/7.7 GB   12 MB/s   9m40s[K[?25h[?2026l[?2026h[?25l[A[1Gpulling manifest [K
pulling 0624ba75c3ce:   6% ▕                  ▏ 426 MB/7.7 GB   12 MB/s   9m44s[K[?25h[?2026l[?2026h[?25l[A[1Gpulling manifest [K
pulling 0624ba75c3ce:   6% ▕                  ▏ 427 MB/7.7 GB   12 MB/s   9m44s[K[?25h[?2026l[?2026h[?25l[A[1Gpulling manifest [K
pulling 0624ba75c3ce:   6% ▕█                 ▏ 428 MB/7.7 GB   12 MB/s   9m44s[K[?25h[?2026l[?2026h[?25l[A[1Gpulling manifest [K
pulling 0624ba75c3ce:   6% ▕█                 ▏ 429 MB/7.7 GB   12 MB/s   9m44s[K[?25h[?2026l[?2026h[?25l[A[1Gpulling manifest [K
pulling 0624ba75c3ce:   6% ▕█                 ▏ 429 MB/7.7 GB   12 MB/s   9m44s[K[?25h[?2026l[?2026h[?25l[A[1Gpulling manifest [K
pulling 0624ba75c3ce:   6% ▕█                 ▏ 432 MB/7.7 GB   12 MB/s   9m43s[K[?25h[?2026l[?2026h[?25l[A[1Gpulling manifest [K
pulling 0624ba75c3ce:   6% ▕█                 ▏ 434 MB/7.7 GB   12 MB/s   9m43s[K[?25h[?2026l[?2026h[?25l[A[1Gpulling manifest [K
pulling 0624ba75c3ce:   6% ▕█                 ▏ 435 MB/7.7 GB   12 MB/s   9m43s[K[?25h[?2026l[?2026h[?25l[A[1Gpulling manifest [K
pulling 0624ba75c3ce:   6% ▕█                 ▏ 436 MB/7.7 GB   12 MB/s   9m43s[K[?25h[?2026l[?2026h[?25l[A[1Gpulling manifest [K
pulling 0624ba75c3ce:   6% ▕█                 ▏ 438 MB/7.7 GB   12 MB/s   9m43s[K[?25h[?2026l[?2026h[?25l[A[1Gpulling manifest [K
pulling 0624ba75c3ce:   6% ▕█                 ▏ 439 MB/7.7 GB   12 MB/s   9m37s[K[?25h[?2026l[?2026h[?25l[A[1Gpulling manifest [K
pulling 0624ba75c3ce:   6% ▕█                 ▏ 441 MB/7.7 GB   12 MB/s   9m37s[K[?25h[?2026l[?2026h[?25l[A[1Gpulling manifest [K
pulling 0624ba75c3ce:   6% ▕█                 ▏ 443 MB/7.7 GB   12 MB/s   9m37s[K[?25h[?2026l[?2026h[?25l[A[1Gpulling manifest [K
pulling 0624ba75c3ce:   6% ▕█                 ▏ 443 MB/7.7 GB   12 MB/s   9m37s[K[?25h[?2026l[?2026h[?25l[A[1Gpulling manifest [K
pulling 0624ba75c3ce:   6% ▕█                 ▏ 443 MB/7.7 GB   12 MB/s   9m37s[K[?25h[?2026l[?2026h[?25l[A[1Gpulling manifest [K
pulling 0624ba75c3ce:   6% ▕█                 ▏ 444 MB/7.7 GB   12 MB/s   9m37s[K[?25h[?2026l[?2026h[?25l[A[1Gpulling manifest [K
pulling 0624ba75c3ce:   6% ▕█                 ▏ 445 MB/7.7 GB   12 MB/s   9m37s[K[?25h[?2026l[?2026h[?25l[A[1Gpulling manifest [K
pulling 0624ba75c3ce:   6% ▕█                 ▏ 446 MB/7.7 GB   12 MB/s   9m37s[K[?25h[?2026l[?2026h[?25l[A[1Gpulling manifest [K
pulling 0624ba75c3ce:   6% ▕█                 ▏ 447 MB/7.7 GB   12 MB/s   9m37s[K[?25h[?2026l[?2026h[?25l[A[1Gpulling manifest [K
pulling 0624ba75c3ce:   6% ▕█                 ▏ 447 MB/7.7 GB   12 MB/s   9m37s[K[?25h[?2026l[?2026h[?25l[A[1Gpulling manifest [K
pulling 0624ba75c3ce:   6% ▕█                 ▏ 449 MB/7.7 GB   12 MB/s   9m48s[K[?25h[?2026l[?2026h[?25l[A[1Gpulling manifest [K
pulling 0624ba75c3ce:   6% ▕█                 ▏ 451 MB/7.7 GB   12 MB/s   9m47s[K[?25h[?2026l[?2026h[?25l[A[1Gpulling manifest [K
pulling 0624ba75c3ce:   6% ▕█                 ▏ 452 MB/7.7 GB   12 MB/s   9m47s[K[?25h[?2026l[?2026h[?25l[A[1Gpulling manifest [K
pulling 0624ba75c3ce:   6% ▕█                 ▏ 453 MB/7.7 GB   12 MB/s   9m47s[K[?25h[?2026l[?2026h[?25l[A[1Gpulling manifest [K
pulling 0624ba75c3ce:   6% ▕█                 ▏ 453 MB/7.7 GB   12 MB/s   9m47s[K[?25h[?2026l[?2026h[?25l[A[1Gpulling manifest [K
pulling 0624ba75c3ce:   6% ▕█                 ▏ 453 MB/7.7 GB   12 MB/s   9m47s[K[?25h[?2026l[?2026h[?25l[A[1Gpulling manifest [K
pulling 0624ba75c3ce:   6% ▕█                 ▏ 455 MB/7.7 GB   12 MB/s   9m47s[K[?25h[?2026l[?2026h[?25l[A[1Gpulling manifest [K
pulling 0624ba75c3ce:   6% ▕█                 ▏ 457 MB/7.7 GB   12 MB/s   9m47s[K[?25h[?2026l[?2026h[?25l[A[1Gpulling manifest [K
pulling 0624ba75c3ce:   6% ▕█                 ▏ 457 MB/7.7 GB   12 MB/s   9m47s[K[?25h[?2026l[?2026h[?25l[A[1Gpulling manifest [K
pulling 0624ba75c3ce:   6% ▕█                 ▏ 458 MB/7.7 GB   12 MB/s   9m47s[K[?25h[?2026l[?2026h[?25l[A[1Gpulling manifest [K
pulling 0624ba75c3ce:   6% ▕█                 ▏ 459 MB/7.7 GB   12 MB/s   9m56s[K[?25h[?2026l[?2026h[?25l[A[1Gpulling manifest [K
pulling 0624ba75c3ce:   6% ▕█                 ▏ 460 MB/7.7 GB   12 MB/s   9m56s[K[?25h[?2026l[?2026h[?25l[A[1Gpulling manifest [K
pulling 0624ba75c3ce:   6% ▕█                 ▏ 462 MB/7.7 GB   12 MB/s   9m56s[K[?25h[?2026l[?2026h[?25l[A[1Gpulling manifest [K
pulling 0624ba75c3ce:   6% ▕█                 ▏ 464 MB/7.7 GB   12 MB/s   9m55s[K[?25h[?2026l[?2026h[?25l[A[1Gpulling manifest [K
pulling 0624ba75c3ce:   6% ▕█                 ▏ 464 MB/7.7 GB   12 MB/s   9m55s[K[?25h[?2026l[?2026h[?25l[A[1Gpulling manifest [K
pulling 0624ba75c3ce:   6% ▕█                 ▏ 465 MB/7.7 GB   12 MB/s   9m55s[K[?25h[?2026l[?2026h[?25l[A[1Gpulling manifest [K
pulling 0624ba75c3ce:   6% ▕█                 ▏ 467 MB/7.7 GB   12 MB/s   9m55s[K[?25h[?2026l[?2026h[?25l[A[1Gpulling manifest [K
pulling 0624ba75c3ce:   6% ▕█                 ▏ 468 MB/7.7 GB   12 MB/s   9m55s[K[?25h[?2026l[?2026h[?25l[A[1Gpulling manifest [K
pulling 0624ba75c3ce:   6% ▕█                 ▏ 470 MB/7.7 GB   12 MB/s   9m55s[K[?25h[?2026l[?2026h[?25l[A[1Gpulling manifest [K
pulling 0624ba75c3ce:   6% ▕█                 ▏ 471 MB/7.7 GB   12 MB/s   9m55s[K[?25h[?2026l[?2026h[?25l[A[1Gpulling manifest [K
pulling 0624ba75c3ce:   6% ▕█                 ▏ 472 MB/7.7 GB   12 MB/s   9m55s[K[?25h[?2026l[?2026h[?25l[A[1Gpulling manifest [K
pulling 0624ba75c3ce:   6% ▕█                 ▏ 474 MB/7.7 GB   12 MB/s   9m53s[K[?25h[?2026l[?2026h[?25l[A[1Gpulling manifest [K
pulling 0624ba75c3ce:   6% ▕█                 ▏ 476 MB/7.7 GB   12 MB/s   9m53s[K[?25h[?2026l[?2026h[?25l[A[1Gpulling manifest [K
pulling 0624ba75c3ce:   6% ▕█                 ▏ 477 MB/7.7 GB   12 MB/s   9m52s[K[?25h[?2026l[?2026h[?25l[A[1Gpulling manifest [K
pulling 0624ba75c3ce:   6% ▕█                 ▏ 479 MB/7.7 GB   12 MB/s   9m52s[K[?25h[?2026l[?2026h[?25l[A[1Gpulling manifest [K
pulling 0624ba75c3ce:   6% ▕█                 ▏ 479 MB/7.7 GB   12 MB/s   9m52s[K[?25h[?2026l[?2026h[?25l[A[1Gpulling manifest [K
pulling 0624ba75c3ce:   6% ▕█                 ▏ 480 MB/7.7 GB   12 MB/s   9m52s[K[?25h[?2026l[?2026h[?25l[A[1Gpulling manifest [K
pulling 0624ba75c3ce:   6% ▕█                 ▏ 482 MB/7.7 GB   12 MB/s   9m52s[K[?25h[?2026l[?2026h[?25l[A[1Gpulling manifest [K
pulling 0624ba75c3ce:   6% ▕█                 ▏ 484 MB/7.7 GB   12 MB/s   9m52s[K[?25h[?2026l[?2026h[?25l[A[1Gpulling manifest [K
pulling 0624ba75c3ce:   6% ▕█                 ▏ 485 MB/7.7 GB   12 MB/s   9m52s[K[?25h[?2026l[?2026h[?25l[A[1Gpulling manifest [K
pulling 0624ba75c3ce:   6% ▕█                 ▏ 486 MB/7.7 GB   12 MB/s   9m52s[K[?25h[?2026l[?2026h[?25l[A[1Gpulling manifest [K
pulling 0624ba75c3ce:   6% ▕█                 ▏ 487 MB/7.7 GB   12 MB/s   9m42s[K[?25h[?2026l[?2026h[?25l[A[1Gpulling manifest [K
pulling 0624ba75c3ce:   6% ▕█                 ▏ 488 MB/7.7 GB   12 MB/s   9m41s[K[?25h[?2026l[?2026h[?25l[A[1Gpulling manifest [K
pulling 0624ba75c3ce:   6% ▕█                 ▏ 490 MB/7.7 GB   12 MB/s   9m41s[K[?25h[?2026l[?2026h[?25l[A[1Gpulling manifest [K
pulling 0624ba75c3ce:   6% ▕█                 ▏ 492 MB/7.7 GB   12 MB/s   9m41s[K[?25h[?2026l[?2026h[?25l[A[1Gpulling manifest [K
pulling 0624ba75c3ce:   6% ▕█                 ▏ 492 MB/7.7 GB   12 MB/s   9m41s[K[?25h[?2026l[?2026h[?25l[A[1Gpulling manifest [K
pulling 0624ba75c3ce:   6% ▕█                 ▏ 493 MB/7.7 GB   12 MB/s   9m41s[K[?25h[?2026l[?2026h[?25l[A[1Gpulling manifest [K
pulling 0624ba75c3ce:   6% ▕█                 ▏ 495 MB/7.7 GB   12 MB/s   9m41s[K[?25h[?2026l[?2026h[?25l[A[1Gpulling manifest [K
pulling 0624ba75c3ce:   6% ▕█                 ▏ 496 MB/7.7 GB   12 MB/s   9m41s[K[?25h[?2026l[?2026h[?25l[A[1Gpulling manifest [K
pulling 0624ba75c3ce:   6% ▕█                 ▏ 497 MB/7.7 GB   12 MB/s   9m41s[K[?25h[?2026l[?2026h[?25l[A[1Gpulling manifest [K
pulling 0624ba75c3ce:   6% ▕█                 ▏ 498 MB/7.7 GB   12 MB/s   9m41s[K[?25h[?2026l[?2026h[?25l[A[1Gpulling manifest [K
pulling 0624ba75c3ce:   6% ▕█                 ▏ 498 MB/7.7 GB   12 MB/s   9m47s[K[?25h[?2026l[?2026h[?25l[A[1Gpulling manifest [K
pulling 0624ba75c3ce:   7% ▕█                 ▏ 500 MB/7.7 GB   12 MB/s   9m47s[K[?25h[?2026l[?2026h[?25l[A[1Gpulling manifest [K
pulling 0624ba75c3ce:   7% ▕█                 ▏ 502 MB/7.7 GB   12 MB/s   9m47s[K[?25h[?2026l[?2026h[?25l[A[1Gpulling manifest [K
pulling 0624ba75c3ce:   7% ▕█                 ▏ 503 MB/7.7 GB   12 MB/s   9m47s[K[?25h[?2026l[?2026h[?25l[A[1Gpulling manifest [K
pulling 0624ba75c3ce:   7% ▕█                 ▏ 505 MB/7.7 GB   12 MB/s   9m47s[K[?25h[?2026l[?2026h[?25l[A[1Gpulling manifest [K
pulling 0624ba75c3ce:   7% ▕█                 ▏ 506 MB/7.7 GB   12 MB/s   9m47s[K[?25h[?2026l[?2026h[?25l[A[1Gpulling manifest [K
pulling 0624ba75c3ce:   7% ▕█                 ▏ 507 MB/7.7 GB   12 MB/s   9m47s[K[?25h[?2026l[?2026h[?25l[A[1Gpulling manifest [K
pulling 0624ba75c3ce:   7% ▕█                 ▏ 509 MB/7.7 GB   12 MB/s   9m46s[K[?25h[?2026l[?2026h[?25l[A[1Gpulling manifest [K
pulling 0624ba75c3ce:   7% ▕█                 ▏ 511 MB/7.7 GB   12 MB/s   9m46s[K[?25h[?2026l[?2026h[?25l[A[1Gpulling manifest [K
pulling 0624ba75c3ce:   7% ▕█                 ▏ 512 MB/7.7 GB   12 MB/s   9m46s[K[?25h[?2026l[?2026h[?25l[A[1Gpulling manifest [K
pulling 0624ba75c3ce:   7% ▕█                 ▏ 512 MB/7.7 GB   12 MB/s   9m36s[K[?25h[?2026l[?2026h[?25l[A[1Gpulling manifest [K
pulling 0624ba75c3ce:   7% ▕█                 ▏ 514 MB/7.7 GB   12 MB/s   9m36s[K[?25h[?2026l[?2026h[?25l[A[1Gpulling manifest [K
pulling 0624ba75c3ce:   7% ▕█                 ▏ 516 MB/7.7 GB   12 MB/s   9m36s[K[?25h[?2026l[?2026h[?25l[A[1Gpulling manifest [K
pulling 0624ba75c3ce:   7% ▕█                 ▏ 518 MB/7.7 GB   12 MB/s   9m36s[K[?25h[?2026l[?2026h[?25l[A[1Gpulling manifest [K
pulling 0624ba75c3ce:   7% ▕█                 ▏ 520 MB/7.7 GB   12 MB/s   9m36s[K[?25h[?2026l[?2026h[?25l[A[1Gpulling manifest [K
pulling 0624ba75c3ce:   7% ▕█                 ▏ 520 MB/7.7 GB   12 MB/s   9m36s[K[?25h[?2026l[?2026h[?25l[A[1Gpulling manifest [K
pulling 0624ba75c3ce:   7% ▕█                 ▏ 521 MB/7.7 GB   12 MB/s   9m36s[K[?25h[?2026l[?2026h[?25l[A[1Gpulling manifest [K
pulling 0624ba75c3ce:   7% ▕█                 ▏ 523 MB/7.7 GB   12 MB/s   9m36s[K[?25h[?2026l[?2026h[?25l[A[1Gpulling manifest [K
pulling 0624ba75c3ce:   7% ▕█                 ▏ 524 MB/7.7 GB   12 MB/s   9m35s[K[?25h[?2026l[?2026h[?25l[A[1Gpulling manifest [K
pulling 0624ba75c3ce:   7% ▕█                 ▏ 525 MB/7.7 GB   12 MB/s   9m35s[K[?25h[?2026l[?2026h[?25l[A[1Gpulling manifest [K
pulling 0624ba75c3ce:   7% ▕█                 ▏ 526 MB/7.7 GB   12 MB/s   9m35s[K[?25h[?2026l[?2026h[?25l[A[1Gpulling manifest [K
pulling 0624ba75c3ce:   7% ▕█                 ▏ 526 MB/7.7 GB   12 MB/s   9m35s[K[?25h[?2026l[?2026h[?25l[A[1Gpulling manifest [K
pulling 0624ba75c3ce:   7% ▕█                 ▏ 527 MB/7.7 GB   12 MB/s   9m35s[K[?25h[?2026l[?2026h[?25l[A[1Gpulling manifest [K
pulling 0624ba75c3ce:   7% ▕█                 ▏ 529 MB/7.7 GB   12 MB/s   9m35s[K[?25h[?2026l[?2026h[?25l[A[1Gpulling manifest [K
pulling 0624ba75c3ce:   7% ▕█                 ▏ 530 MB/7.7 GB   12 MB/s   9m34s[K[?25h[?2026l[?2026h[?25l[A[1Gpulling manifest [K
pulling 0624ba75c3ce:   7% ▕█                 ▏ 532 MB/7.7 GB   12 MB/s   9m34s[K[?25h[?2026l[?2026h[?25l[A[1Gpulling manifest [K
pulling 0624ba75c3ce:   7% ▕█                 ▏ 532 MB/7.7 GB   12 MB/s   9m34s[K[?25h[?2026l[?2026h[?25l[A[1Gpulling manifest [K
pulling 0624ba75c3ce:   7% ▕█                 ▏ 533 MB/7.7 GB   12 MB/s   9m34s[K[?25h[?2026l[?2026h[?25l[A[1Gpulling manifest [K
pulling 0624ba75c3ce:   7% ▕█                 ▏ 535 MB/7.7 GB   12 MB/s   9m34s[K[?25h[?2026l[?2026h[?25l[A[1Gpulling manifest [K
pulling 0624ba75c3ce:   7% ▕█                 ▏ 537 MB/7.7 GB   12 MB/s   9m34s[K[?25h[?2026l[?2026h[?25l[A[1Gpulling manifest [K
pulling 0624ba75c3ce:   7% ▕█                 ▏ 538 MB/7.7 GB   12 MB/s   9m34s[K[?25h[?2026l[?2026h[?25l[A[1Gpulling manifest [K
pulling 0624ba75c3ce:   7% ▕█                 ▏ 538 MB/7.7 GB   12 MB/s   9m30s[K[?25h[?2026l[?2026h[?25l[A[1Gpulling manifest [K
pulling 0624ba75c3ce:   7% ▕█                 ▏ 540 MB/7.7 GB   12 MB/s   9m30s[K[?25h[?2026l[?2026h[?25l[A[1Gpulling manifest [K
pulling 0624ba75c3ce:   7% ▕█                 ▏ 541 MB/7.7 GB   12 MB/s   9m30s[K[?25h[?2026l[?2026h[?25l[A[1Gpulling manifest [K
pulling 0624ba75c3ce:   7% ▕█                 ▏ 543 MB/7.7 GB   12 MB/s   9m30s[K[?25h[?2026l[?2026h[?25l[A[1Gpulling manifest [K
pulling 0624ba75c3ce:   7% ▕█                 ▏ 545 MB/7.7 GB   12 MB/s   9m30s[K[?25h[?2026l[?2026h[?25l[A[1Gpulling manifest [K
pulling 0624ba75c3ce:   7% ▕█                 ▏ 545 MB/7.7 GB   12 MB/s   9m30s[K[?25h[?2026l[?2026h[?25l[A[1Gpulling manifest [K
pulling 0624ba75c3ce:   7% ▕█                 ▏ 546 MB/7.7 GB   12 MB/s   9m30s[K[?25h[?2026l[?2026h[?25l[A[1Gpulling manifest [K
pulling 0624ba75c3ce:   7% ▕█                 ▏ 548 MB/7.7 GB   12 MB/s   9m29s[K[?25h[?2026l[?2026h[?25l[A[1Gpulling manifest [K
pulling 0624ba75c3ce:   7% ▕█                 ▏ 549 MB/7.7 GB   12 MB/s   9m29s[K[?25h[?2026l[?2026h[?25l[A[1Gpulling manifest [K
pulling 0624ba75c3ce:   7% ▕█                 ▏ 551 MB/7.7 GB   12 MB/s   9m29s[K[?25h[?2026l[?2026h[?25l[A[1Gpulling manifest [K
pulling 0624ba75c3ce:   7% ▕█                 ▏ 551 MB/7.7 GB   12 MB/s   9m30s[K[?25h[?2026l[?2026h[?25l[A[1Gpulling manifest [K
pulling 0624ba75c3ce:   7% ▕█                 ▏ 552 MB/7.7 GB   12 MB/s   9m30s[K[?25h[?2026l[?2026h[?25l[A[1Gpulling manifest [K
pulling 0624ba75c3ce:   7% ▕█                 ▏ 554 MB/7.7 GB   12 MB/s   9m30s[K[?25h[?2026l[?2026h[?25l[A[1Gpulling manifest [K
pulling 0624ba75c3ce:   7% ▕█                 ▏ 556 MB/7.7 GB   12 MB/s   9m30s[K[?25h[?2026l[?2026h[?25l[A[1Gpulling manifest [K
pulling 0624ba75c3ce:   7% ▕█                 ▏ 557 MB/7.7 GB   12 MB/s   9m30s[K[?25h[?2026l[?2026h[?25l[A[1Gpulling manifest [K
pulling 0624ba75c3ce:   7% ▕█                 ▏ 559 MB/7.7 GB   12 MB/s   9m30s[K[?25h[?2026l[?2026h[?25l[A[1Gpulling manifest [K
pulling 0624ba75c3ce:   7% ▕█                 ▏ 559 MB/7.7 GB   12 MB/s   9m30s[K[?25h[?2026l[?2026h[?25l[A[1Gpulling manifest [K
pulling 0624ba75c3ce:   7% ▕█                 ▏ 560 MB/7.7 GB   12 MB/s   9m30s[K[?25h[?2026l[?2026h[?25l[A[1Gpulling manifest [K
pulling 0624ba75c3ce:   7% ▕█                 ▏ 561 MB/7.7 GB   12 MB/s   9m30s[K[?25h[?2026l[?2026h[?25l[A[1Gpulling manifest [K
pulling 0624ba75c3ce:   7% ▕█                 ▏ 562 MB/7.7 GB   12 MB/s   9m30s[K[?25h[?2026l[?2026h[?25l[A[1Gpulling manifest [K
pulling 0624ba75c3ce:   7% ▕█                 ▏ 563 MB/7.7 GB   12 MB/s   9m24s[K[?25h[?2026l[?2026h[?25l[A[1Gpulling manifest [K
pulling 0624ba75c3ce:   7% ▕█                 ▏ 563 MB/7.7 GB   12 MB/s   9m24s[K[?25h[?2026l[?2026h[?25l[A[1Gpulling manifest [K
pulling 0624ba75c3ce:   7% ▕█                 ▏ 565 MB/7.7 GB   12 MB/s   9m24s[K[?25h[?2026l[?2026h[?25l[A[1Gpulling manifest [K
pulling 0624ba75c3ce:   7% ▕█                 ▏ 566 MB/7.7 GB   12 MB/s   9m23s[K[?25h[?2026l[?2026h[?25l[A[1Gpulling manifest [K
pulling 0624ba75c3ce:   7% ▕█                 ▏ 568 MB/7.7 GB   12 MB/s   9m23s[K[?25h[?2026l[?2026h[?25l[A[1Gpulling manifest [K
pulling 0624ba75c3ce:   7% ▕█                 ▏ 570 MB/7.7 GB   12 MB/s   9m23s[K[?25h[?2026l[?2026h[?25l[A[1Gpulling manifest [K
pulling 0624ba75c3ce:   7% ▕█                 ▏ 570 MB/7.7 GB   12 MB/s   9m23s[K[?25h[?2026l[?2026h[?25l[A[1Gpulling manifest [K
pulling 0624ba75c3ce:   7% ▕█                 ▏ 571 MB/7.7 GB   12 MB/s   9m23s[K[?25h[?2026l[?2026h[?25l[A[1Gpulling manifest [K
pulling 0624ba75c3ce:   7% ▕█                 ▏ 573 MB/7.7 GB   12 MB/s   9m23s[K[?25h[?2026l[?2026h[?25l[A[1Gpulling manifest [K
pulling 0624ba75c3ce:   7% ▕█                 ▏ 574 MB/7.7 GB   12 MB/s   9m23s[K[?25h[?2026l[?2026h[?25l[A[1Gpulling manifest [K
pulling 0624ba75c3ce:   7% ▕█                 ▏ 576 MB/7.7 GB   13 MB/s    9m6s[K[?25h[?2026l[?2026h[?25l[A[1Gpulling manifest [K
pulling 0624ba75c3ce:   7% ▕█                 ▏ 577 MB/7.7 GB   13 MB/s    9m6s[K[?25h[?2026l[?2026h[?25l[A[1Gpulling manifest [K
pulling 0624ba75c3ce:   8% ▕█                 ▏ 577 MB/7.7 GB   13 MB/s    9m6s[K[?25h[?2026l[?2026h[?25l[A[1Gpulling manifest [K
pulling 0624ba75c3ce:   8% ▕█                 ▏ 579 MB/7.7 GB   13 MB/s    9m6s[K[?25h[?2026l[?2026h[?25l[A[1Gpulling manifest [K
pulling 0624ba75c3ce:   8% ▕█                 ▏ 581 MB/7.7 GB   13 MB/s    9m6s[K[?25h[?2026l[?2026h[?25l[A[1Gpulling manifest [K
pulling 0624ba75c3ce:   8% ▕█                 ▏ 582 MB/7.7 GB   13 MB/s    9m6s[K[?25h[?2026l[?2026h[?25l[A[1Gpulling manifest [K
pulling 0624ba75c3ce:   8% ▕█                 ▏ 583 MB/7.7 GB   13 MB/s    9m6s[K[?25h[?2026l[?2026h[?25l[A[1Gpulling manifest [K
pulling 0624ba75c3ce:   8% ▕█                 ▏ 583 MB/7.7 GB   13 MB/s    9m6s[K[?25h[?2026l[?2026h[?25l[A[1Gpulling manifest [K
pulling 0624ba75c3ce:   8% ▕█                 ▏ 585 MB/7.7 GB   13 MB/s    9m6s[K[?25h[?2026l[?2026h[?25l[A[1Gpulling manifest [K
pulling 0624ba75c3ce:   8% ▕█                 ▏ 586 MB/7.7 GB   13 MB/s    9m6s[K[?25h[?2026l[?2026h[?25l[A[1Gpulling manifest [K
pulling 0624ba75c3ce:   8% ▕█                 ▏ 588 MB/7.7 GB   12 MB/s   9m12s[K[?25h[?2026l[?2026h[?25l[A[1Gpulling manifest [K
pulling 0624ba75c3ce:   8% ▕█                 ▏ 589 MB/7.7 GB   12 MB/s   9m12s[K[?25h[?2026l[?2026h[?25l[A[1Gpulling manifest [K
pulling 0624ba75c3ce:   8% ▕█                 ▏ 589 MB/7.7 GB   12 MB/s   9m12s[K[?25h[?2026l[?2026h[?25l[A[1Gpulling manifest [K
pulling 0624ba75c3ce:   8% ▕█                 ▏ 591 MB/7.7 GB   12 MB/s   9m12s[K[?25h[?2026l[?2026h[?25l[A[1Gpulling manifest [K
pulling 0624ba75c3ce:   8% ▕█                 ▏ 592 MB/7.7 GB   12 MB/s   9m11s[K[?25h[?2026l[?2026h[?25l[A[1Gpulling manifest [K
pulling 0624ba75c3ce:   8% ▕█                 ▏ 594 MB/7.7 GB   12 MB/s   9m11s[K[?25h[?2026l[?2026h[?25l[A[1Gpulling manifest [K
pulling 0624ba75c3ce:   8% ▕█                 ▏ 595 MB/7.7 GB   12 MB/s   9m11s[K[?25h[?2026l[?2026h[?25l[A[1Gpulling manifest [K
pulling 0624ba75c3ce:   8% ▕█                 ▏ 595 MB/7.7 GB   12 MB/s   9m11s[K[?25h[?2026l[?2026h[?25l[A[1Gpulling manifest [K
pulling 0624ba75c3ce:   8% ▕█                 ▏ 596 MB/7.7 GB   12 MB/s   9m11s[K[?25h[?2026l[?2026h[?25l[A[1Gpulling manifest [K
pulling 0624ba75c3ce:   8% ▕█                 ▏ 598 MB/7.7 GB   12 MB/s   9m11s[K[?25h[?2026l[?2026h[?25l[A[1Gpulling manifest [K
pulling 0624ba75c3ce:   8% ▕█                 ▏ 599 MB/7.7 GB   12 MB/s   9m11s[K[?25h[?2026l[?2026h[?25l[A[1Gpulling manifest [K
pulling 0624ba75c3ce:   8% ▕█                 ▏ 601 MB/7.7 GB   12 MB/s   9m21s[K[?25h[?2026l[?2026h[?25l[A[1Gpulling manifest [K
pulling 0624ba75c3ce:   8% ▕█                 ▏ 602 MB/7.7 GB   12 MB/s   9m21s[K[?25h[?2026l[?2026h[?25l[A[1Gpulling manifest [K
pulling 0624ba75c3ce:   8% ▕█                 ▏ 602 MB/7.7 GB   12 MB/s   9m21s[K[?25h[?2026l[?2026h[?25l[A[1Gpulling manifest [K
pulling 0624ba75c3ce:   8% ▕█                 ▏ 604 MB/7.7 GB   12 MB/s   9m21s[K[?25h[?2026l[?2026h[?25l[A[1Gpulling manifest [K
pulling 0624ba75c3ce:   8% ▕█                 ▏ 606 MB/7.7 GB   12 MB/s   9m21s[K[?25h[?2026l[?2026h[?25l[A[1Gpulling manifest [K
pulling 0624ba75c3ce:   8% ▕█                 ▏ 607 MB/7.7 GB   12 MB/s   9m21s[K[?25h[?2026l[?2026h[?25l[A[1Gpulling manifest [K
pulling 0624ba75c3ce:   8% ▕█                 ▏ 608 MB/7.7 GB   12 MB/s   9m21s[K[?25h[?2026l[?2026h[?25l[A[1Gpulling manifest [K
pulling 0624ba75c3ce:   8% ▕█                 ▏ 609 MB/7.7 GB   12 MB/s   9m20s[K[?25h[?2026l[?2026h[?25l[A[1Gpulling manifest [K
pulling 0624ba75c3ce:   8% ▕█                 ▏ 610 MB/7.7 GB   12 MB/s   9m20s[K[?25h[?2026l[?2026h[?25l[A[1Gpulling manifest [K
pulling 0624ba75c3ce:   8% ▕█                 ▏ 612 MB/7.7 GB   12 MB/s   9m20s[K[?25h[?2026l[?2026h[?25l[A[1Gpulling manifest [K
pulling 0624ba75c3ce:   8% ▕█                 ▏ 613 MB/7.7 GB   12 MB/s   9m16s[K[?25h[?2026l[?2026h[?25l[A[1Gpulling manifest [K
pulling 0624ba75c3ce:   8% ▕█                 ▏ 614 MB/7.7 GB   12 MB/s   9m16s[K[?25h[?2026l[?2026h[?25l[A[1Gpulling manifest [K
pulling 0624ba75c3ce:   8% ▕█                 ▏ 615 MB/7.7 GB   12 MB/s   9m16s[K[?25h[?2026l[?2026h[?25l[A[1Gpulling manifest [K
pulling 0624ba75c3ce:   8% ▕█                 ▏ 616 MB/7.7 GB   12 MB/s   9m16s[K[?25h[?2026l[?2026h[?25l[A[1Gpulling manifest [K
pulling 0624ba75c3ce:   8% ▕█                 ▏ 617 MB/7.7 GB   12 MB/s   9m16s[K[?25h[?2026l[?2026h[?25l[A[1Gpulling manifest [K
pulling 0624ba75c3ce:   8% ▕█                 ▏ 619 MB/7.7 GB   12 MB/s   9m16s[K[?25h[?2026l[?2026h[?25l[A[1Gpulling manifest [K
pulling 0624ba75c3ce:   8% ▕█                 ▏ 621 MB/7.7 GB   12 MB/s   9m16s[K[?25h[?2026l[?2026h[?25l[A[1Gpulling manifest [K
pulling 0624ba75c3ce:   8% ▕█                 ▏ 621 MB/7.7 GB   12 MB/s   9m16s[K[?25h[?2026l[?2026h[?25l[A[1Gpulling manifest [K
pulling 0624ba75c3ce:   8% ▕█                 ▏ 622 MB/7.7 GB   12 MB/s   9m16s[K[?25h[?2026l[?2026h[?25l[A[1Gpulling manifest [K
pulling 0624ba75c3ce:   8% ▕█                 ▏ 624 MB/7.7 GB   12 MB/s   9m16s[K[?25h[?2026l[?2026h[?25l[A[1Gpulling manifest [K
pulling 0624ba75c3ce:   8% ▕█                 ▏ 625 MB/7.7 GB   12 MB/s   9m25s[K[?25h[?2026l[?2026h[?25l[A[1Gpulling manifest [K
pulling 0624ba75c3ce:   8% ▕█                 ▏ 627 MB/7.7 GB   12 MB/s   9m25s[K[?25h[?2026l[?2026h[?25l[A[1Gpulling manifest [K
pulling 0624ba75c3ce:   8% ▕█                 ▏ 627 MB/7.7 GB   12 MB/s   9m25s[K[?25h[?2026l[?2026h[?25l[A[1Gpulling manifest [K
pulling 0624ba75c3ce:   8% ▕█                 ▏ 627 MB/7.7 GB   12 MB/s   9m25s[K[?25h[?2026l[?2026h[?25l[A[1Gpulling manifest [K
pulling 0624ba75c3ce:   8% ▕█                 ▏ 629 MB/7.7 GB   12 MB/s   9m25s[K[?25h[?2026l[?2026h[?25l[A[1Gpulling manifest [K
pulling 0624ba75c3ce:   8% ▕█                 ▏ 631 MB/7.7 GB   12 MB/s   9m25s[K[?25h[?2026l[?2026h[?25l[A[1Gpulling manifest [K
pulling 0624ba75c3ce:   8% ▕█                 ▏ 632 MB/7.7 GB   12 MB/s   9m25s[K[?25h[?2026l[?2026h[?25l[A[1Gpulling manifest [K
pulling 0624ba75c3ce:   8% ▕█                 ▏ 633 MB/7.7 GB   12 MB/s   9m25s[K[?25h[?2026l[?2026h[?25l[A[1Gpulling manifest [K
pulling 0624ba75c3ce:   8% ▕█                 ▏ 634 MB/7.7 GB   12 MB/s   9m24s[K[?25h[?2026l[?2026h[?25l[A[1Gpulling manifest [K
pulling 0624ba75c3ce:   8% ▕█                 ▏ 635 MB/7.7 GB   12 MB/s   9m24s[K[?25h[?2026l[?2026h[?25l[A[1Gpulling manifest [K
pulling 0624ba75c3ce:   8% ▕█                 ▏ 637 MB/7.7 GB   12 MB/s   9m32s[K[?25h[?2026l[?2026h[?25l[A[1Gpulling manifest [K
pulling 0624ba75c3ce:   8% ▕█                 ▏ 639 MB/7.7 GB   12 MB/s   9m32s[K[?25h[?2026l[?2026h[?25l[A[1Gpulling manifest [K
pulling 0624ba75c3ce:   8% ▕█                 ▏ 639 MB/7.7 GB   12 MB/s   9m32s[K[?25h[?2026l[?2026h[?25l[A[1Gpulling manifest [K
pulling 0624ba75c3ce:   8% ▕█                 ▏ 640 MB/7.7 GB   12 MB/s   9m32s[K[?25h[?2026l[?2026h[?25l[A[1Gpulling manifest [K
pulling 0624ba75c3ce:   8% ▕█                 ▏ 642 MB/7.7 GB   12 MB/s   9m32s[K[?25h[?2026l[?2026h[?25l[A[1Gpulling manifest [K
pulling 0624ba75c3ce:   8% ▕█                 ▏ 642 MB/7.7 GB   12 MB/s   9m32s[K[?25h[?2026l[?2026h[?25l[A[1Gpulling manifest [K
pulling 0624ba75c3ce:   8% ▕█                 ▏ 644 MB/7.7 GB   12 MB/s   9m32s[K[?25h[?2026l[?2026h[?25l[A[1Gpulling manifest [K
pulling 0624ba75c3ce:   8% ▕█                 ▏ 646 MB/7.7 GB   12 MB/s   9m32s[K[?25h[?2026l[?2026h[?25l[A[1Gpulling manifest [K
pulling 0624ba75c3ce:   8% ▕█                 ▏ 646 MB/7.7 GB   12 MB/s   9m32s[K[?25h[?2026l[?2026h[?25l[A[1Gpulling manifest [K
pulling 0624ba75c3ce:   8% ▕█                 ▏ 647 MB/7.7 GB   12 MB/s   9m32s[K[?25h[?2026l[?2026h[?25l[A[1Gpulling manifest [K
pulling 0624ba75c3ce:   8% ▕█                 ▏ 649 MB/7.7 GB   12 MB/s   9m32s[K[?25h[?2026l[?2026h[?25l[A[1Gpulling manifest [K
pulling 0624ba75c3ce:   8% ▕█                 ▏ 650 MB/7.7 GB   12 MB/s   9m32s[K[?25h[?2026l[?2026h[?25l[A[1Gpulling manifest [K
pulling 0624ba75c3ce:   8% ▕█                 ▏ 652 MB/7.7 GB   12 MB/s   9m32s[K[?25h[?2026l[?2026h[?25l[A[1Gpulling manifest [K
pulling 0624ba75c3ce:   8% ▕█                 ▏ 652 MB/7.7 GB   12 MB/s   9m32s[K[?25h[?2026l[?2026h[?25l[A[1Gpulling manifest [K
pulling 0624ba75c3ce:   8% ▕█                 ▏ 652 MB/7.7 GB   12 MB/s   9m32s[K[?25h[?2026l[?2026h[?25l[A[1Gpulling manifest [K
pulling 0624ba75c3ce:   9% ▕█                 ▏ 654 MB/7.7 GB   12 MB/s   9m32s[K[?25h[?2026l[?2026h[?25l[A[1Gpulling manifest [K
pulling 0624ba75c3ce:   9% ▕█                 ▏ 656 MB/7.7 GB   12 MB/s   9m32s[K[?25h[?2026l[?2026h[?25l[A[1Gpulling manifest [K
pulling 0624ba75c3ce:   9% ▕█                 ▏ 657 MB/7.7 GB   12 MB/s   9m31s[K[?25h[?2026l[?2026h[?25l[A[1Gpulling manifest [K
pulling 0624ba75c3ce:   9% ▕█                 ▏ 658 MB/7.7 GB   12 MB/s   9m31s[K[?25h[?2026l[?2026h[?25l[A[1Gpulling manifest [K
pulling 0624ba75c3ce:   9% ▕█                 ▏ 659 MB/7.7 GB   12 MB/s   9m31s[K[?25h[?2026l[?2026h[?25l[A[1Gpulling manifest [K
pulling 0624ba75c3ce:   9% ▕█                 ▏ 660 MB/7.7 GB   12 MB/s   9m31s[K[?25h[?2026l[?2026h[?25l[A[1Gpulling manifest [K
pulling 0624ba75c3ce:   9% ▕█                 ▏ 661 MB/7.7 GB   12 MB/s   9m39s[K[?25h[?2026l[?2026h[?25l[A[1Gpulling manifest [K
pulling 0624ba75c3ce:   9% ▕█                 ▏ 663 MB/7.7 GB   12 MB/s   9m39s[K[?25h[?2026l[?2026h[?25l[A[1Gpulling manifest [K
pulling 0624ba75c3ce:   9% ▕█                 ▏ 664 MB/7.7 GB   12 MB/s   9m39s[K[?25h[?2026l[?2026h[?25l[A[1Gpulling manifest [K
pulling 0624ba75c3ce:   9% ▕█                 ▏ 664 MB/7.7 GB   12 MB/s   9m39s[K[?25h[?2026l[?2026h[?25l[A[1Gpulling manifest [K
pulling 0624ba75c3ce:   9% ▕█                 ▏ 666 MB/7.7 GB   12 MB/s   9m39s[K[?25h[?2026l[?2026h[?25l[A[1Gpulling manifest [K
pulling 0624ba75c3ce:   9% ▕█                 ▏ 667 MB/7.7 GB   12 MB/s   9m39s[K[?25h[?2026l[?2026h[?25l[A[1Gpulling manifest [K
pulling 0624ba75c3ce:   9% ▕█                 ▏ 669 MB/7.7 GB   12 MB/s   9m39s[K[?25h[?2026l[?2026h[?25l[A[1Gpulling manifest [K
pulling 0624ba75c3ce:   9% ▕█                 ▏ 671 MB/7.7 GB   12 MB/s   9m39s[K[?25h[?2026l[?2026h[?25l[A[1Gpulling manifest [K
pulling 0624ba75c3ce:   9% ▕█                 ▏ 671 MB/7.7 GB   12 MB/s   9m39s[K[?25h[?2026l[?2026h[?25l[A[1Gpulling manifest [K
pulling 0624ba75c3ce:   9% ▕█                 ▏ 672 MB/7.7 GB   12 MB/s   9m39s[K[?25h[?2026l[?2026h[?25l[A[1Gpulling manifest [K
pulling 0624ba75c3ce:   9% ▕█                 ▏ 673 MB/7.7 GB   12 MB/s   9m35s[K[?25h[?2026l[?2026h[?25l[A[1Gpulling manifest [K
pulling 0624ba75c3ce:   9% ▕█                 ▏ 674 MB/7.7 GB   12 MB/s   9m35s[K[?25h[?2026l[?2026h[?25l[A[1Gpulling manifest [K
pulling 0624ba75c3ce:   9% ▕█                 ▏ 676 MB/7.7 GB   12 MB/s   9m35s[K[?25h[?2026l[?2026h[?25l[A[1Gpulling manifest [K
pulling 0624ba75c3ce:   9% ▕█                 ▏ 677 MB/7.7 GB   12 MB/s   9m35s[K[?25h[?2026l[?2026h[?25l[A[1Gpulling manifest [K
pulling 0624ba75c3ce:   9% ▕█                 ▏ 677 MB/7.7 GB   12 MB/s   9m35s[K[?25h[?2026l[?2026h[?25l[A[1Gpulling manifest [K
pulling 0624ba75c3ce:   9% ▕█                 ▏ 679 MB/7.7 GB   12 MB/s   9m35s[K[?25h[?2026l[?2026h[?25l[A[1Gpulling manifest [K
pulling 0624ba75c3ce:   9% ▕█                 ▏ 681 MB/7.7 GB   12 MB/s   9m34s[K[?25h[?2026l[?2026h[?25l[A[1Gpulling manifest [K
pulling 0624ba75c3ce:   9% ▕█                 ▏ 681 MB/7.7 GB   12 MB/s   9m34s[K[?25h[?2026l[?2026h[?25l[A[1Gpulling manifest [K
pulling 0624ba75c3ce:   9% ▕█                 ▏ 683 MB/7.7 GB   12 MB/s   9m34s[K[?25h[?2026l[?2026h[?25l[A[1Gpulling manifest [K
pulling 0624ba75c3ce:   9% ▕█                 ▏ 683 MB/7.7 GB   12 MB/s   9m34s[K[?25h[?2026l[?2026h[?25l[A[1Gpulling manifest [K
pulling 0624ba75c3ce:   9% ▕█                 ▏ 684 MB/7.7 GB   12 MB/s   9m42s[K[?25h[?2026l[?2026h[?25l[A[1Gpulling manifest [K
pulling 0624ba75c3ce:   9% ▕█                 ▏ 686 MB/7.7 GB   12 MB/s   9m42s[K[?25h[?2026l[?2026h[?25l[A[1Gpulling manifest [K
pulling 0624ba75c3ce:   9% ▕█                 ▏ 688 MB/7.7 GB   12 MB/s   9m42s[K[?25h[?2026l[?2026h[?25l[A[1Gpulling manifest [K
pulling 0624ba75c3ce:   9% ▕█                 ▏ 688 MB/7.7 GB   12 MB/s   9m42s[K[?25h[?2026l[?2026h[?25l[A[1Gpulling manifest [K
pulling 0624ba75c3ce:   9% ▕█                 ▏ 689 MB/7.7 GB   12 MB/s   9m42s[K[?25h[?2026l[?2026h[?25l[A[1Gpulling manifest [K
pulling 0624ba75c3ce:   9% ▕█                 ▏ 691 MB/7.7 GB   12 MB/s   9m41s[K[?25h[?2026l[?2026h[?25l[A[1Gpulling manifest [K
pulling 0624ba75c3ce:   9% ▕█                 ▏ 691 MB/7.7 GB   12 MB/s   9m41s[K[?25h[?2026l[?2026h[?25l[A[1Gpulling manifest [K
pulling 0624ba75c3ce:   9% ▕█                 ▏ 693 MB/7.7 GB   12 MB/s   9m41s[K[?25h[?2026l[?2026h[?25l[A[1Gpulling manifest [K
pulling 0624ba75c3ce:   9% ▕█                 ▏ 695 MB/7.7 GB   12 MB/s   9m41s[K[?25h[?2026l[?2026h[?25l[A[1Gpulling manifest [K
pulling 0624ba75c3ce:   9% ▕█                 ▏ 695 MB/7.7 GB   12 MB/s   9m41s[K[?25h[?2026l[?2026h[?25l[A[1Gpulling manifest [K
pulling 0624ba75c3ce:   9% ▕█                 ▏ 695 MB/7.7 GB   11 MB/s   9m46s[K[?25h[?2026l[?2026h[?25l[A[1Gpulling manifest [K
pulling 0624ba75c3ce:   9% ▕█                 ▏ 697 MB/7.7 GB   11 MB/s   9m46s[K[?25h[?2026l[?2026h[?25l[A[1Gpulling manifest [K
pulling 0624ba75c3ce:   9% ▕█                 ▏ 698 MB/7.7 GB   11 MB/s   9m46s[K[?25h[?2026l[?2026h[?25l[A[1Gpulling manifest [K
pulling 0624ba75c3ce:   9% ▕█                 ▏ 700 MB/7.7 GB   11 MB/s   9m46s[K[?25h[?2026l[?2026h[?25l[A[1Gpulling manifest [K
pulling 0624ba75c3ce:   9% ▕█                 ▏ 701 MB/7.7 GB   11 MB/s   9m46s[K[?25h[?2026l[?2026h[?25l[A[1Gpulling manifest [K
pulling 0624ba75c3ce:   9% ▕█                 ▏ 701 MB/7.7 GB   11 MB/s   9m46s[K[?25h[?2026l[?2026h[?25l[A[1Gpulling manifest [K
pulling 0624ba75c3ce:   9% ▕█                 ▏ 703 MB/7.7 GB   11 MB/s   9m46s[K[?25h[?2026l[?2026h[?25l[A[1Gpulling manifest [K
pulling 0624ba75c3ce:   9% ▕█                 ▏ 705 MB/7.7 GB   11 MB/s   9m45s[K[?25h[?2026l[?2026h[?25l[A[1Gpulling manifest [K
pulling 0624ba75c3ce:   9% ▕█                 ▏ 706 MB/7.7 GB   11 MB/s   9m45s[K[?25h[?2026l[?2026h[?25l[A[1Gpulling manifest [K
pulling 0624ba75c3ce:   9% ▕█                 ▏ 707 MB/7.7 GB   11 MB/s   9m45s[K[?25h[?2026l[?2026h[?25l[A[1Gpulling manifest [K
pulling 0624ba75c3ce:   9% ▕█                 ▏ 708 MB/7.7 GB   11 MB/s   9m43s[K[?25h[?2026l[?2026h[?25l[A[1Gpulling manifest [K
pulling 0624ba75c3ce:   9% ▕█                 ▏ 709 MB/7.7 GB   11 MB/s   9m43s[K[?25h[?2026l[?2026h[?25l[A[1Gpulling manifest [K
pulling 0624ba75c3ce:   9% ▕█                 ▏ 711 MB/7.7 GB   11 MB/s   9m43s[K[?25h[?2026l[?2026h[?25l[A[1Gpulling manifest [K
pulling 0624ba75c3ce:   9% ▕█                 ▏ 712 MB/7.7 GB   11 MB/s   9m43s[K[?25h[?2026l[?2026h[?25l[A[1Gpulling manifest [K
pulling 0624ba75c3ce:   9% ▕█                 ▏ 713 MB/7.7 GB   11 MB/s   9m43s[K[?25h[?2026l[?2026h[?25l[A[1Gpulling manifest [K
pulling 0624ba75c3ce:   9% ▕█                 ▏ 714 MB/7.7 GB   11 MB/s   9m43s[K[?25h[?2026l[?2026h[?25l[A[1Gpulling manifest [K
pulling 0624ba75c3ce:   9% ▕█                 ▏ 715 MB/7.7 GB   11 MB/s   9m43s[K[?25h[?2026l[?2026h[?25l[A[1Gpulling manifest [K
pulling 0624ba75c3ce:   9% ▕█                 ▏ 716 MB/7.7 GB   11 MB/s   9m42s[K[?25h[?2026l[?2026h[?25l[A[1Gpulling manifest [K
pulling 0624ba75c3ce:   9% ▕█                 ▏ 718 MB/7.7 GB   11 MB/s   9m42s[K[?25h[?2026l[?2026h[?25l[A[1Gpulling manifest [K
pulling 0624ba75c3ce:   9% ▕█                 ▏ 720 MB/7.7 GB   11 MB/s   9m42s[K[?25h[?2026l[?2026h[?25l[A[1Gpulling manifest [K
pulling 0624ba75c3ce:   9% ▕█                 ▏ 720 MB/7.7 GB   11 MB/s   9m42s[K[?25h[?2026l[?2026h[?25l[A[1Gpulling manifest [K
pulling 0624ba75c3ce:   9% ▕█                 ▏ 721 MB/7.7 GB   11 MB/s   9m44s[K[?25h[?2026l[?2026h[?25l[A[1Gpulling manifest [K
pulling 0624ba75c3ce:   9% ▕█                 ▏ 723 MB/7.7 GB   11 MB/s   9m44s[K[?25h[?2026l[?2026h[?25l[A[1Gpulling manifest [K
pulling 0624ba75c3ce:   9% ▕█                 ▏ 724 MB/7.7 GB   11 MB/s   9m44s[K[?25h[?2026l[?2026h[?25l[A[1Gpulling manifest [K
pulling 0624ba75c3ce:   9% ▕█                 ▏ 725 MB/7.7 GB   11 MB/s   9m44s[K[?25h[?2026l[?2026h[?25l[A[1Gpulling manifest [K
pulling 0624ba75c3ce:   9% ▕█                 ▏ 726 MB/7.7 GB   11 MB/s   9m44s[K[?25h[?2026l[?2026h[?25l[A[1Gpulling manifest [K
pulling 0624ba75c3ce:   9% ▕█                 ▏ 726 MB/7.7 GB   11 MB/s   9m44s[K[?25h[?2026l[?2026h[?25l[A[1Gpulling manifest [K
pulling 0624ba75c3ce:   9% ▕█                 ▏ 728 MB/7.7 GB   11 MB/s   9m44s[K[?25h[?2026l[?2026h[?25l[A[1Gpulling manifest [K
pulling 0624ba75c3ce:   9% ▕█                 ▏ 730 MB/7.7 GB   11 MB/s   9m44s[K[?25h[?2026l[?2026h[?25l[A[1Gpulling manifest [K
pulling 0624ba75c3ce:  10% ▕█                 ▏ 731 MB/7.7 GB   11 MB/s   9m44s[K[?25h[?2026l[?2026h[?25l[A[1Gpulling manifest [K
pulling 0624ba75c3ce:  10% ▕█                 ▏ 732 MB/7.7 GB   11 MB/s   9m43s[K[?25h[?2026l[?2026h[?25l[A[1Gpulling manifest [K
pulling 0624ba75c3ce:  10% ▕█                 ▏ 733 MB/7.7 GB   11 MB/s   9m43s[K[?25h[?2026l[?2026h[?25l[A[1Gpulling manifest [K
pulling 0624ba75c3ce:  10% ▕█                 ▏ 734 MB/7.7 GB   11 MB/s   9m43s[K[?25h[?2026l[?2026h[?25l[A[1Gpulling manifest [K
pulling 0624ba75c3ce:  10% ▕█                 ▏ 735 MB/7.7 GB   11 MB/s   9m43s[K[?25h[?2026l[?2026h[?25l[A[1Gpulling manifest [K
pulling 0624ba75c3ce:  10% ▕█                 ▏ 737 MB/7.7 GB   11 MB/s   9m43s[K[?25h[?2026l[?2026h[?25l[A[1Gpulling manifest [K
pulling 0624ba75c3ce:  10% ▕█                 ▏ 738 MB/7.7 GB   11 MB/s   9m43s[K[?25h[?2026l[?2026h[?25l[A[1Gpulling manifest [K
pulling 0624ba75c3ce:  10% ▕█                 ▏ 739 MB/7.7 GB   11 MB/s   9m43s[K[?25h[?2026l[?2026h[?25l[A[1Gpulling manifest [K
pulling 0624ba75c3ce:  10% ▕█                 ▏ 741 MB/7.7 GB   11 MB/s   9m43s[K[?25h[?2026l[?2026h[?25l[A[1Gpulling manifest [K
pulling 0624ba75c3ce:  10% ▕█                 ▏ 742 MB/7.7 GB   11 MB/s   9m43s[K[?25h[?2026l[?2026h[?25l[A[1Gpulling manifest [K
pulling 0624ba75c3ce:  10% ▕█                 ▏ 743 MB/7.7 GB   11 MB/s   9m43s[K[?25h[?2026l[?2026h[?25l[A[1Gpulling manifest [K
pulling 0624ba75c3ce:  10% ▕█                 ▏ 745 MB/7.7 GB   11 MB/s   9m42s[K[?25h[?2026l[?2026h[?25l[A[1Gpulling manifest [K
pulling 0624ba75c3ce:  10% ▕█                 ▏ 745 MB/7.7 GB   12 MB/s   9m37s[K[?25h[?2026l[?2026h[?25l[A[1Gpulling manifest [K
pulling 0624ba75c3ce:  10% ▕█                 ▏ 747 MB/7.7 GB   12 MB/s   9m37s[K[?25h[?2026l[?2026h[?25l[A[1Gpulling manifest [K
pulling 0624ba75c3ce:  10% ▕█                 ▏ 749 MB/7.7 GB   12 MB/s   9m37s[K[?25h[?2026l[?2026h[?25l[A[1Gpulling manifest [K
pulling 0624ba75c3ce:  10% ▕█                 ▏ 750 MB/7.7 GB   12 MB/s   9m37s[K[?25h[?2026l[?2026h[?25l[A[1Gpulling manifest [K
pulling 0624ba75c3ce:  10% ▕█                 ▏ 752 MB/7.7 GB   12 MB/s   9m36s[K[?25h[?2026l[?2026h[?25l[A[1Gpulling manifest [K
pulling 0624ba75c3ce:  10% ▕█                 ▏ 752 MB/7.7 GB   12 MB/s   9m36s[K[?25h[?2026l[?2026h[?25l[A[1Gpulling manifest [K
pulling 0624ba75c3ce:  10% ▕█                 ▏ 753 MB/7.7 GB   12 MB/s   9m36s[K[?25h[?2026l[?2026h[?25l[A[1Gpulling manifest [K
pulling 0624ba75c3ce:  10% ▕█                 ▏ 754 MB/7.7 GB   12 MB/s   9m36s[K[?25h[?2026l[?2026h[?25l[A[1Gpulling manifest [K
pulling 0624ba75c3ce:  10% ▕█                 ▏ 756 MB/7.7 GB   12 MB/s   9m36s[K[?25h[?2026l[?2026h[?25l[A[1Gpulling manifest [K
pulling 0624ba75c3ce:  10% ▕█                 ▏ 757 MB/7.7 GB   12 MB/s   9m36s[K[?25h[?2026l[?2026h[?25l[A[1Gpulling manifest [K
pulling 0624ba75c3ce:  10% ▕█                 ▏ 758 MB/7.7 GB   12 MB/s   9m29s[K[?25h[?2026l[?2026h[?25l[A[1Gpulling manifest [K
pulling 0624ba75c3ce:  10% ▕█                 ▏ 759 MB/7.7 GB   12 MB/s   9m29s[K[?25h[?2026l[?2026h[?25l[A[1Gpulling manifest [K
pulling 0624ba75c3ce:  10% ▕█                 ▏ 760 MB/7.7 GB   12 MB/s   9m29s[K[?25h[?2026l[?2026h[?25l[A[1Gpulling manifest [K
pulling 0624ba75c3ce:  10% ▕█                 ▏ 762 MB/7.7 GB   12 MB/s   9m29s[K[?25h[?2026l[?2026h[?25l[A[1Gpulling manifest [K
pulling 0624ba75c3ce:  10% ▕█                 ▏ 764 MB/7.7 GB   12 MB/s   9m29s[K[?25h[?2026l[?2026h[?25l[A[1Gpulling manifest [K
pulling 0624ba75c3ce:  10% ▕█                 ▏ 765 MB/7.7 GB   12 MB/s   9m29s[K[?25h[?2026l[?2026h[?25l[A[1Gpulling manifest [K
pulling 0624ba75c3ce:  10% ▕█                 ▏ 765 MB/7.7 GB   12 MB/s   9m29s[K[?25h[?2026l[?2026h[?25l[A[1Gpulling manifest [K
pulling 0624ba75c3ce:  10% ▕█                 ▏ 767 MB/7.7 GB   12 MB/s   9m29s[K[?25h[?2026l[?2026h[?25l[A[1Gpulling manifest [K
pulling 0624ba75c3ce:  10% ▕█                 ▏ 768 MB/7.7 GB   12 MB/s   9m29s[K[?25h[?2026l[?2026h[?25l[A[1Gpulling manifest [K
pulling 0624ba75c3ce:  10% ▕█                 ▏ 769 MB/7.7 GB   12 MB/s   9m28s[K[?25h[?2026l[?2026h[?25l[A[1Gpulling manifest [K
pulling 0624ba75c3ce:  10% ▕█                 ▏ 771 MB/7.7 GB   12 MB/s   9m24s[K[?25h[?2026l[?2026h[?25l[A[1Gpulling manifest [K
pulling 0624ba75c3ce:  10% ▕█                 ▏ 771 MB/7.7 GB   12 MB/s   9m24s[K[?25h[?2026l[?2026h[?25l[A[1Gpulling manifest [K
pulling 0624ba75c3ce:  10% ▕█                 ▏ 772 MB/7.7 GB   12 MB/s   9m24s[K[?25h[?2026l[?2026h[?25l[A[1Gpulling manifest [K
pulling 0624ba75c3ce:  10% ▕█                 ▏ 774 MB/7.7 GB   12 MB/s   9m23s[K[?25h[?2026l[?2026h[?25l[A[1Gpulling manifest [K
pulling 0624ba75c3ce:  10% ▕█                 ▏ 775 MB/7.7 GB   12 MB/s   9m23s[K[?25h[?2026l[?2026h[?25l[A[1Gpulling manifest [K
pulling 0624ba75c3ce:  10% ▕█                 ▏ 777 MB/7.7 GB   12 MB/s   9m23s[K[?25h[?2026l[?2026h[?25l[A[1Gpulling manifest [K
pulling 0624ba75c3ce:  10% ▕█                 ▏ 777 MB/7.7 GB   12 MB/s   9m23s[K[?25h[?2026l[?2026h[?25l[A[1Gpulling manifest [K
pulling 0624ba75c3ce:  10% ▕█                 ▏ 777 MB/7.7 GB   12 MB/s   9m23s[K[?25h[?2026l[?2026h[?25l[A[1Gpulling manifest [K
pulling 0624ba75c3ce:  10% ▕█                 ▏ 779 MB/7.7 GB   12 MB/s   9m23s[K[?25h[?2026l[?2026h[?25l[A[1Gpulling manifest [K
pulling 0624ba75c3ce:  10% ▕█                 ▏ 781 MB/7.7 GB   12 MB/s   9m23s[K[?25h[?2026l[?2026h[?25l[A[1Gpulling manifest [K
pulling 0624ba75c3ce:  10% ▕█                 ▏ 782 MB/7.7 GB   12 MB/s   9m23s[K[?25h[?2026l[?2026h[?25l[A[1Gpulling manifest [K
pulling 0624ba75c3ce:  10% ▕█                 ▏ 783 MB/7.7 GB   12 MB/s   9m23s[K[?25h[?2026l[?2026h[?25l[A[1Gpulling manifest [K
pulling 0624ba75c3ce:  10% ▕█                 ▏ 784 MB/7.7 GB   12 MB/s   9m23s[K[?25h[?2026l[?2026h[?25l[A[1Gpulling manifest [K
pulling 0624ba75c3ce:  10% ▕█                 ▏ 785 MB/7.7 GB   12 MB/s   9m23s[K[?25h[?2026l[?2026h[?25l[A[1Gpulling manifest [K
pulling 0624ba75c3ce:  10% ▕█                 ▏ 787 MB/7.7 GB   12 MB/s   9m23s[K[?25h[?2026l[?2026h[?25l[A[1Gpulling manifest [K
pulling 0624ba75c3ce:  10% ▕█                 ▏ 788 MB/7.7 GB   12 MB/s   9m22s[K[?25h[?2026l[?2026h[?25l[A[1Gpulling manifest [K
pulling 0624ba75c3ce:  10% ▕█                 ▏ 789 MB/7.7 GB   12 MB/s   9m22s[K[?25h[?2026l[?2026h[?25l[A[1Gpulling manifest [K
pulling 0624ba75c3ce:  10% ▕█                 ▏ 789 MB/7.7 GB   12 MB/s   9m22s[K[?25h[?2026l[?2026h[?25l[A[1Gpulling manifest [K
pulling 0624ba75c3ce:  10% ▕█                 ▏ 791 MB/7.7 GB   12 MB/s   9m22s[K[?25h[?2026l[?2026h[?25l[A[1Gpulling manifest [K
pulling 0624ba75c3ce:  10% ▕█                 ▏ 792 MB/7.7 GB   12 MB/s   9m22s[K[?25h[?2026l[?2026h[?25l[A[1Gpulling manifest [K
pulling 0624ba75c3ce:  10% ▕█                 ▏ 794 MB/7.7 GB   12 MB/s   9m22s[K[?25h[?2026l[?2026h[?25l[A[1Gpulling manifest [K
pulling 0624ba75c3ce:  10% ▕█                 ▏ 795 MB/7.7 GB   12 MB/s   9m21s[K[?25h[?2026l[?2026h[?25l[A[1Gpulling manifest [K
pulling 0624ba75c3ce:  10% ▕█                 ▏ 795 MB/7.7 GB   12 MB/s   9m21s[K[?25h[?2026l[?2026h[?25l[A[1Gpulling manifest [K
pulling 0624ba75c3ce:  10% ▕█                 ▏ 797 MB/7.7 GB   12 MB/s   9m21s[K[?25h[?2026l[?2026h[?25l[A[1Gpulling manifest [K
pulling 0624ba75c3ce:  10% ▕█                 ▏ 799 MB/7.7 GB   12 MB/s   9m21s[K[?25h[?2026l[?2026h[?25l[A[1Gpulling manifest [K
pulling 0624ba75c3ce:  10% ▕█                 ▏ 799 MB/7.7 GB   12 MB/s   9m21s[K[?25h[?2026l[?2026h[?25l[A[1Gpulling manifest [K
pulling 0624ba75c3ce:  10% ▕█                 ▏ 801 MB/7.7 GB   12 MB/s   9m21s[K[?25h[?2026l[?2026h[?25l[A[1Gpulling manifest [K
pulling 0624ba75c3ce:  10% ▕█                 ▏ 802 MB/7.7 GB   12 MB/s   9m21s[K[?25h[?2026l[?2026h[?25l[A[1Gpulling manifest [K
pulling 0624ba75c3ce:  10% ▕█                 ▏ 802 MB/7.7 GB   12 MB/s   9m21s[K[?25h[?2026l[?2026h[?25l[A[1Gpulling manifest [K
pulling 0624ba75c3ce:  10% ▕█                 ▏ 804 MB/7.7 GB   12 MB/s   9m21s[K[?25h[?2026l[?2026h[?25l[A[1Gpulling manifest [K
pulling 0624ba75c3ce:  10% ▕█                 ▏ 806 MB/7.7 GB   12 MB/s   9m21s[K[?25h[?2026l[?2026h[?25l[A[1Gpulling manifest [K
pulling 0624ba75c3ce:  10% ▕█                 ▏ 807 MB/7.7 GB   12 MB/s   9m17s[K[?25h[?2026l[?2026h[?25l[A[1Gpulling manifest [K
pulling 0624ba75c3ce:  11% ▕█                 ▏ 808 MB/7.7 GB   12 MB/s   9m17s[K[?25h[?2026l[?2026h[?25l[A[1Gpulling manifest [K
pulling 0624ba75c3ce:  11% ▕█                 ▏ 808 MB/7.7 GB   12 MB/s   9m17s[K[?25h[?2026l[?2026h[?25l[A[1Gpulling manifest [K
pulling 0624ba75c3ce:  11% ▕█                 ▏ 810 MB/7.7 GB   12 MB/s   9m17s[K[?25h[?2026l[?2026h[?25l[A[1Gpulling manifest [K
pulling 0624ba75c3ce:  11% ▕█                 ▏ 811 MB/7.7 GB   12 MB/s   9m17s[K[?25h[?2026l[?2026h[?25l[A[1Gpulling manifest [K
pulling 0624ba75c3ce:  11% ▕█                 ▏ 813 MB/7.7 GB   12 MB/s   9m17s[K[?25h[?2026l[?2026h[?25l[A[1Gpulling manifest [K
pulling 0624ba75c3ce:  11% ▕█                 ▏ 814 MB/7.7 GB   12 MB/s   9m17s[K[?25h[?2026l[?2026h[?25l[A[1Gpulling manifest [K
pulling 0624ba75c3ce:  11% ▕█                 ▏ 814 MB/7.7 GB   12 MB/s   9m17s[K[?25h[?2026l[?2026h[?25l[A[1Gpulling manifest [K
pulling 0624ba75c3ce:  11% ▕█                 ▏ 817 MB/7.7 GB   12 MB/s   9m17s[K[?25h[?2026l[?2026h[?25l[A[1Gpulling manifest [K
pulling 0624ba75c3ce:  11% ▕█                 ▏ 818 MB/7.7 GB   12 MB/s   9m17s[K[?25h[?2026l[?2026h[?25l[A[1Gpulling manifest [K
pulling 0624ba75c3ce:  11% ▕█                 ▏ 820 MB/7.7 GB   12 MB/s   9m13s[K[?25h[?2026l[?2026h[?25l[A[1Gpulling manifest [K
pulling 0624ba75c3ce:  11% ▕█                 ▏ 821 MB/7.7 GB   12 MB/s   9m13s[K[?25h[?2026l[?2026h[?25l[A[1Gpulling manifest [K
pulling 0624ba75c3ce:  11% ▕█                 ▏ 821 MB/7.7 GB   12 MB/s   9m13s[K[?25h[?2026l[?2026h[?25l[A[1Gpulling manifest [K
pulling 0624ba75c3ce:  11% ▕█                 ▏ 822 MB/7.7 GB   12 MB/s   9m13s[K[?25h[?2026l[?2026h[?25l[A[1Gpulling manifest [K
pulling 0624ba75c3ce:  11% ▕█                 ▏ 824 MB/7.7 GB   12 MB/s   9m13s[K[?25h[?2026l[?2026h[?25l[A[1Gpulling manifest [K
pulling 0624ba75c3ce:  11% ▕█                 ▏ 824 MB/7.7 GB   12 MB/s   9m12s[K[?25h[?2026l[?2026h[?25l[A[1Gpulling manifest [K
pulling 0624ba75c3ce:  11% ▕█                 ▏ 826 MB/7.7 GB   12 MB/s   9m12s[K[?25h[?2026l[?2026h[?25l[A[1Gpulling manifest [K
pulling 0624ba75c3ce:  11% ▕█                 ▏ 826 MB/7.7 GB   12 MB/s   9m12s[K[?25h[?2026l[?2026h[?25l[A[1Gpulling manifest [K
pulling 0624ba75c3ce:  11% ▕█                 ▏ 827 MB/7.7 GB   12 MB/s   9m12s[K[?25h[?2026l[?2026h[?25l[A[1Gpulling manifest [K
pulling 0624ba75c3ce:  11% ▕█                 ▏ 828 MB/7.7 GB   12 MB/s   9m12s[K[?25h[?2026l[?2026h[?25l[A[1Gpulling manifest [K
pulling 0624ba75c3ce:  11% ▕█                 ▏ 829 MB/7.7 GB   12 MB/s   9m24s[K[?25h[?2026l[?2026h[?25l[A[1Gpulling manifest [K
pulling 0624ba75c3ce:  11% ▕█                 ▏ 830 MB/7.7 GB   12 MB/s   9m24s[K[?25h[?2026l[?2026h[?25l[A[1Gpulling manifest [K
pulling 0624ba75c3ce:  11% ▕█                 ▏ 831 MB/7.7 GB   12 MB/s   9m24s[K[?25h[?2026l[?2026h[?25l[A[1Gpulling manifest [K
pulling 0624ba75c3ce:  11% ▕█                 ▏ 832 MB/7.7 GB   12 MB/s   9m24s[K[?25h[?2026l[?2026h[?25l[A[1Gpulling manifest [K
pulling 0624ba75c3ce:  11% ▕█                 ▏ 833 MB/7.7 GB   12 MB/s   9m24s[K[?25h[?2026l[?2026h[?25l[A[1Gpulling manifest [K
pulling 0624ba75c3ce:  11% ▕█                 ▏ 835 MB/7.7 GB   12 MB/s   9m23s[K[?25h[?2026l[?2026h[?25l[A[1Gpulling manifest [K
pulling 0624ba75c3ce:  11% ▕█                 ▏ 837 MB/7.7 GB   12 MB/s   9m23s[K[?25h[?2026l[?2026h[?25l[A[1Gpulling manifest [K
pulling 0624ba75c3ce:  11% ▕█                 ▏ 837 MB/7.7 GB   12 MB/s   9m23s[K[?25h[?2026l[?2026h[?25l[A[1Gpulling manifest [K
pulling 0624ba75c3ce:  11% ▕█                 ▏ 838 MB/7.7 GB   12 MB/s   9m23s[K[?25h[?2026l[?2026h[?25l[A[1Gpulling manifest [K
pulling 0624ba75c3ce:  11% ▕█                 ▏ 840 MB/7.7 GB   12 MB/s   9m23s[K[?25h[?2026l[?2026h[?25l[A[1Gpulling manifest [K
pulling 0624ba75c3ce:  11% ▕█                 ▏ 840 MB/7.7 GB   12 MB/s   9m23s[K[?25h[?2026l[?2026h[?25l[A[1Gpulling manifest [K
pulling 0624ba75c3ce:  11% ▕█                 ▏ 842 MB/7.7 GB   12 MB/s   9m25s[K[?25h[?2026l[?2026h[?25l[A[1Gpulling manifest [K
pulling 0624ba75c3ce:  11% ▕█                 ▏ 843 MB/7.7 GB   12 MB/s   9m25s[K[?25h[?2026l[?2026h[?25l[A[1Gpulling manifest [K
pulling 0624ba75c3ce:  11% ▕█                 ▏ 843 MB/7.7 GB   12 MB/s   9m25s[K[?25h[?2026l[?2026h[?25l[A[1Gpulling manifest [K
pulling 0624ba75c3ce:  11% ▕█                 ▏ 845 MB/7.7 GB   12 MB/s   9m25s[K[?25h[?2026l[?2026h[?25l[A[1Gpulling manifest [K
pulling 0624ba75c3ce:  11% ▕█                 ▏ 847 MB/7.7 GB   12 MB/s   9m25s[K[?25h[?2026l[?2026h[?25l[A[1Gpulling manifest [K
pulling 0624ba75c3ce:  11% ▕█                 ▏ 848 MB/7.7 GB   12 MB/s   9m25s[K[?25h[?2026l[?2026h[?25l[A[1Gpulling manifest [K
pulling 0624ba75c3ce:  11% ▕█                 ▏ 849 MB/7.7 GB   12 MB/s   9m24s[K[?25h[?2026l[?2026h[?25l[A[1Gpulling manifest [K
pulling 0624ba75c3ce:  11% ▕█                 ▏ 850 MB/7.7 GB   12 MB/s   9m24s[K[?25h[?2026l[?2026h[?25l[A[1Gpulling manifest [K
pulling 0624ba75c3ce:  11% ▕█                 ▏ 850 MB/7.7 GB   12 MB/s   9m24s[K[?25h[?2026l[?2026h[?25l[A[1Gpulling manifest [K
pulling 0624ba75c3ce:  11% ▕█                 ▏ 852 MB/7.7 GB   12 MB/s   9m24s[K[?25h[?2026l[?2026h[?25l[A[1Gpulling manifest [K
pulling 0624ba75c3ce:  11% ▕█                 ▏ 854 MB/7.7 GB   11 MB/s   9m33s[K[?25h[?2026l[?2026h[?25l[A[1Gpulling manifest [K
pulling 0624ba75c3ce:  11% ▕█                 ▏ 854 MB/7.7 GB   11 MB/s   9m32s[K[?25h[?2026l[?2026h[?25l[A[1Gpulling manifest [K
pulling 0624ba75c3ce:  11% ▕██                ▏ 855 MB/7.7 GB   11 MB/s   9m32s[K[?25h[?2026l[?2026h[?25l[A[1Gpulling manifest [K
pulling 0624ba75c3ce:  11% ▕██                ▏ 856 MB/7.7 GB   11 MB/s   9m32s[K[?25h[?2026l[?2026h[?25l[A[1Gpulling manifest [K
pulling 0624ba75c3ce:  11% ▕██                ▏ 857 MB/7.7 GB   11 MB/s   9m32s[K[?25h[?2026l[?2026h[?25l[A[1Gpulling manifest [K
pulling 0624ba75c3ce:  11% ▕██                ▏ 859 MB/7.7 GB   11 MB/s   9m32s[K[?25h[?2026l[?2026h[?25l[A[1Gpulling manifest [K
pulling 0624ba75c3ce:  11% ▕██                ▏ 860 MB/7.7 GB   11 MB/s   9m32s[K[?25h[?2026l[?2026h[?25l[A[1Gpulling manifest [K
pulling 0624ba75c3ce:  11% ▕██                ▏ 861 MB/7.7 GB   11 MB/s   9m32s[K[?25h[?2026l[?2026h[?25l[A[1Gpulling manifest [K
pulling 0624ba75c3ce:  11% ▕██                ▏ 862 MB/7.7 GB   11 MB/s   9m32s[K[?25h[?2026l[?2026h[?25l[A[1Gpulling manifest [K
pulling 0624ba75c3ce:  11% ▕██                ▏ 864 MB/7.7 GB   11 MB/s   9m32s[K[?25h[?2026l[?2026h[?25l[A[1Gpulling manifest [K
pulling 0624ba75c3ce:  11% ▕██                ▏ 865 MB/7.7 GB   11 MB/s   9m39s[K[?25h[?2026l[?2026h[?25l[A[1Gpulling manifest [K
pulling 0624ba75c3ce:  11% ▕██                ▏ 866 MB/7.7 GB   11 MB/s   9m39s[K[?25h[?2026l[?2026h[?25l[A[1Gpulling manifest [K
pulling 0624ba75c3ce:  11% ▕██                ▏ 868 MB/7.7 GB   11 MB/s   9m39s[K[?25h[?2026l[?2026h[?25l[A[1Gpulling manifest [K
pulling 0624ba75c3ce:  11% ▕██                ▏ 868 MB/7.7 GB   11 MB/s   9m39s[K[?25h[?2026l[?2026h[?25l[A[1Gpulling manifest [K
pulling 0624ba75c3ce:  11% ▕██                ▏ 869 MB/7.7 GB   11 MB/s   9m39s[K[?25h[?2026l[?2026h[?25l[A[1Gpulling manifest [K
pulling 0624ba75c3ce:  11% ▕██                ▏ 871 MB/7.7 GB   11 MB/s   9m39s[K[?25h[?2026l[?2026h[?25l[A[1Gpulling manifest [K
pulling 0624ba75c3ce:  11% ▕██                ▏ 872 MB/7.7 GB   11 MB/s   9m39s[K[?25h[?2026l[?2026h[?25l[A[1Gpulling manifest [K
pulling 0624ba75c3ce:  11% ▕██                ▏ 874 MB/7.7 GB   11 MB/s   9m39s[K[?25h[?2026l[?2026h[?25l[A[1Gpulling manifest [K
pulling 0624ba75c3ce:  11% ▕██                ▏ 874 MB/7.7 GB   11 MB/s   9m38s[K[?25h[?2026l[?2026h[?25l[A[1Gpulling manifest [K
pulling 0624ba75c3ce:  11% ▕██                ▏ 874 MB/7.7 GB   11 MB/s   9m38s[K[?25h[?2026l[?2026h[?25l[A[1Gpulling manifest [K
pulling 0624ba75c3ce:  11% ▕██                ▏ 876 MB/7.7 GB   11 MB/s   9m42s[K[?25h[?2026l[?2026h[?25l[A[1Gpulling manifest [K
pulling 0624ba75c3ce:  11% ▕██                ▏ 878 MB/7.7 GB   11 MB/s   9m42s[K[?25h[?2026l[?2026h[?25l[A[1Gpulling manifest [K
pulling 0624ba75c3ce:  11% ▕██                ▏ 879 MB/7.7 GB   11 MB/s   9m42s[K[?25h[?2026l[?2026h[?25l[A[1Gpulling manifest [K
pulling 0624ba75c3ce:  11% ▕██                ▏ 880 MB/7.7 GB   11 MB/s   9m42s[K[?25h[?2026l[?2026h[?25l[A[1Gpulling manifest [K
pulling 0624ba75c3ce:  11% ▕██                ▏ 881 MB/7.7 GB   11 MB/s   9m42s[K[?25h[?2026l[?2026h[?25l[A[1Gpulling manifest [K
pulling 0624ba75c3ce:  11% ▕██                ▏ 882 MB/7.7 GB   11 MB/s   9m42s[K[?25h[?2026l[?2026h[?25l[A[1Gpulling manifest [K
pulling 0624ba75c3ce:  11% ▕██                ▏ 884 MB/7.7 GB   11 MB/s   9m42s[K[?25h[?2026l[?2026h[?25l[A[1Gpulling manifest [K
pulling 0624ba75c3ce:  12% ▕██                ▏ 885 MB/7.7 GB   11 MB/s   9m41s[K[?25h[?2026l[?2026h[?25l[A[1Gpulling manifest [K
pulling 0624ba75c3ce:  12% ▕██                ▏ 886 MB/7.7 GB   11 MB/s   9m41s[K[?25h[?2026l[?2026h[?25l[A[1Gpulling manifest [K
pulling 0624ba75c3ce:  12% ▕██                ▏ 886 MB/7.7 GB   11 MB/s   9m41s[K[?25h[?2026l[?2026h[?25l[A[1Gpulling manifest [K
pulling 0624ba75c3ce:  12% ▕██                ▏ 888 MB/7.7 GB   11 MB/s   9m41s[K[?25h[?2026l[?2026h[?25l[A[1Gpulling manifest [K
pulling 0624ba75c3ce:  12% ▕██                ▏ 889 MB/7.7 GB   11 MB/s   9m41s[K[?25h[?2026l[?2026h[?25l[A[1Gpulling manifest [K
pulling 0624ba75c3ce:  12% ▕██                ▏ 891 MB/7.7 GB   11 MB/s   9m41s[K[?25h[?2026l[?2026h[?25l[A[1Gpulling manifest [K
pulling 0624ba75c3ce:  12% ▕██                ▏ 892 MB/7.7 GB   11 MB/s   9m41s[K[?25h[?2026l[?2026h[?25l[A[1Gpulling manifest [K
pulling 0624ba75c3ce:  12% ▕██                ▏ 892 MB/7.7 GB   11 MB/s   9m41s[K[?25h[?2026l[?2026h[?25l[A[1Gpulling manifest [K
pulling 0624ba75c3ce:  12% ▕██                ▏ 894 MB/7.7 GB   11 MB/s   9m41s[K[?25h[?2026l[?2026h[?25l[A[1Gpulling manifest [K
pulling 0624ba75c3ce:  12% ▕██                ▏ 895 MB/7.7 GB   11 MB/s   9m41s[K[?25h[?2026l[?2026h[?25l[A[1Gpulling manifest [K
pulling 0624ba75c3ce:  12% ▕██                ▏ 896 MB/7.7 GB   11 MB/s   9m41s[K[?25h[?2026l[?2026h[?25l[A[1Gpulling manifest [K
pulling 0624ba75c3ce:  12% ▕██                ▏ 898 MB/7.7 GB   11 MB/s   9m40s[K[?25h[?2026l[?2026h[?25l[A[1Gpulling manifest [K
pulling 0624ba75c3ce:  12% ▕██                ▏ 898 MB/7.7 GB   11 MB/s   9m40s[K[?25h[?2026l[?2026h[?25l[A[1Gpulling manifest [K
pulling 0624ba75c3ce:  12% ▕██                ▏ 899 MB/7.7 GB   11 MB/s   9m40s[K[?25h[?2026l[?2026h[?25l[A[1Gpulling manifest [K
pulling 0624ba75c3ce:  12% ▕██                ▏ 901 MB/7.7 GB   11 MB/s   9m39s[K[?25h[?2026l[?2026h[?25l[A[1Gpulling manifest [K
pulling 0624ba75c3ce:  12% ▕██                ▏ 903 MB/7.7 GB   11 MB/s   9m39s[K[?25h[?2026l[?2026h[?25l[A[1Gpulling manifest [K
pulling 0624ba75c3ce:  12% ▕██                ▏ 904 MB/7.7 GB   11 MB/s   9m39s[K[?25h[?2026l[?2026h[?25l[A[1Gpulling manifest [K
pulling 0624ba75c3ce:  12% ▕██                ▏ 905 MB/7.7 GB   11 MB/s   9m39s[K[?25h[?2026l[?2026h[?25l[A[1Gpulling manifest [K
pulling 0624ba75c3ce:  12% ▕██                ▏ 906 MB/7.7 GB   11 MB/s   9m39s[K[?25h[?2026l[?2026h[?25l[A[1Gpulling manifest [K
pulling 0624ba75c3ce:  12% ▕██                ▏ 907 MB/7.7 GB   11 MB/s   9m39s[K[?25h[?2026l[?2026h[?25l[A[1Gpulling manifest [K
pulling 0624ba75c3ce:  12% ▕██                ▏ 908 MB/7.7 GB   11 MB/s   9m39s[K[?25h[?2026l[?2026h[?25l[A[1Gpulling manifest [K
pulling 0624ba75c3ce:  12% ▕██                ▏ 910 MB/7.7 GB   11 MB/s   9m38s[K[?25h[?2026l[?2026h[?25l[A[1Gpulling manifest [K
pulling 0624ba75c3ce:  12% ▕██                ▏ 911 MB/7.7 GB   11 MB/s   9m38s[K[?25h[?2026l[?2026h[?25l[A[1Gpulling manifest [K
pulling 0624ba75c3ce:  12% ▕██                ▏ 911 MB/7.7 GB   11 MB/s   9m38s[K[?25h[?2026l[?2026h[?25l[A[1Gpulling manifest [K
pulling 0624ba75c3ce:  12% ▕██                ▏ 913 MB/7.7 GB   11 MB/s   9m37s[K[?25h[?2026l[?2026h[?25l[A[1Gpulling manifest [K
pulling 0624ba75c3ce:  12% ▕██                ▏ 914 MB/7.7 GB   11 MB/s   9m37s[K[?25h[?2026l[?2026h[?25l[A[1Gpulling manifest [K
pulling 0624ba75c3ce:  12% ▕██                ▏ 916 MB/7.7 GB   11 MB/s   9m37s[K[?25h[?2026l[?2026h[?25l[A[1Gpulling manifest [K
pulling 0624ba75c3ce:  12% ▕██                ▏ 918 MB/7.7 GB   11 MB/s   9m37s[K[?25h[?2026l[?2026h[?25l[A[1Gpulling manifest [K
pulling 0624ba75c3ce:  12% ▕██                ▏ 918 MB/7.7 GB   11 MB/s   9m37s[K[?25h[?2026l[?2026h[?25l[A[1Gpulling manifest [K
pulling 0624ba75c3ce:  12% ▕██                ▏ 919 MB/7.7 GB   11 MB/s   9m37s[K[?25h[?2026l[?2026h[?25l[A[1Gpulling manifest [K
pulling 0624ba75c3ce:  12% ▕██                ▏ 921 MB/7.7 GB   11 MB/s   9m37s[K[?25h[?2026l[?2026h[?25l[A[1Gpulling manifest [K
pulling 0624ba75c3ce:  12% ▕██                ▏ 922 MB/7.7 GB   11 MB/s   9m37s[K[?25h[?2026l[?2026h[?25l[A[1Gpulling manifest [K
pulling 0624ba75c3ce:  12% ▕██                ▏ 924 MB/7.7 GB   11 MB/s   9m36s[K[?25h[?2026l[?2026h[?25l[A[1Gpulling manifest [K
pulling 0624ba75c3ce:  12% ▕██                ▏ 924 MB/7.7 GB   11 MB/s   9m36s[K[?25h[?2026l[?2026h[?25l[A[1Gpulling manifest [K
pulling 0624ba75c3ce:  12% ▕██                ▏ 924 MB/7.7 GB   11 MB/s   9m40s[K[?25h[?2026l[?2026h[?25l[A[1Gpulling manifest [K
pulling 0624ba75c3ce:  12% ▕██                ▏ 926 MB/7.7 GB   11 MB/s   9m40s[K[?25h[?2026l[?2026h[?25l[A[1Gpulling manifest [K
pulling 0624ba75c3ce:  12% ▕██                ▏ 928 MB/7.7 GB   11 MB/s   9m40s[K[?25h[?2026l[?2026h[?25l[A[1Gpulling manifest [K
pulling 0624ba75c3ce:  12% ▕██                ▏ 929 MB/7.7 GB   11 MB/s   9m40s[K[?25h[?2026l[?2026h[?25l[A[1Gpulling manifest [K
pulling 0624ba75c3ce:  12% ▕██                ▏ 930 MB/7.7 GB   11 MB/s   9m40s[K[?25h[?2026l[?2026h[?25l[A[1Gpulling manifest [K
pulling 0624ba75c3ce:  12% ▕██                ▏ 931 MB/7.7 GB   11 MB/s   9m40s[K[?25h[?2026l[?2026h[?25l[A[1Gpulling manifest [K
pulling 0624ba75c3ce:  12% ▕██                ▏ 932 MB/7.7 GB   11 MB/s   9m40s[K[?25h[?2026l[?2026h[?25l[A[1Gpulling manifest [K
pulling 0624ba75c3ce:  12% ▕██                ▏ 934 MB/7.7 GB   11 MB/s   9m39s[K[?25h[?2026l[?2026h[?25l[A[1Gpulling manifest [K
pulling 0624ba75c3ce:  12% ▕██                ▏ 936 MB/7.7 GB   11 MB/s   9m39s[K[?25h[?2026l[?2026h[?25l[A[1Gpulling manifest [K
pulling 0624ba75c3ce:  12% ▕██                ▏ 937 MB/7.7 GB   11 MB/s   9m39s[K[?25h[?2026l[?2026h[?25l[A[1Gpulling manifest [K
pulling 0624ba75c3ce:  12% ▕██                ▏ 937 MB/7.7 GB   11 MB/s   9m25s[K[?25h[?2026l[?2026h[?25l[A[1Gpulling manifest [K
pulling 0624ba75c3ce:  12% ▕██                ▏ 939 MB/7.7 GB   11 MB/s   9m25s[K[?25h[?2026l[?2026h[?25l[A[1Gpulling manifest [K
pulling 0624ba75c3ce:  12% ▕██                ▏ 940 MB/7.7 GB   11 MB/s   9m25s[K[?25h[?2026l[?2026h[?25l[A[1Gpulling manifest [K
pulling 0624ba75c3ce:  12% ▕██                ▏ 942 MB/7.7 GB   11 MB/s   9m25s[K[?25h[?2026l[?2026h[?25l[A[1Gpulling manifest [K
pulling 0624ba75c3ce:  12% ▕██                ▏ 943 MB/7.7 GB   11 MB/s   9m25s[K[?25h[?2026l[?2026h[?25l[A[1Gpulling manifest [K
pulling 0624ba75c3ce:  12% ▕██                ▏ 943 MB/7.7 GB   11 MB/s   9m25s[K[?25h[?2026l[?2026h[?25l[A[1Gpulling manifest [K
pulling 0624ba75c3ce:  12% ▕██                ▏ 945 MB/7.7 GB   11 MB/s   9m25s[K[?25h[?2026l[?2026h[?25l[A[1Gpulling manifest [K
pulling 0624ba75c3ce:  12% ▕██                ▏ 946 MB/7.7 GB   11 MB/s   9m25s[K[?25h[?2026l[?2026h[?25l[A[1Gpulling manifest [K
pulling 0624ba75c3ce:  12% ▕██                ▏ 947 MB/7.7 GB   11 MB/s   9m25s[K[?25h[?2026l[?2026h[?25l[A[1Gpulling manifest [K
pulling 0624ba75c3ce:  12% ▕██                ▏ 949 MB/7.7 GB   11 MB/s   9m24s[K[?25h[?2026l[?2026h[?25l[A[1Gpulling manifest [K
pulling 0624ba75c3ce:  12% ▕██                ▏ 949 MB/7.7 GB   11 MB/s   9m22s[K[?25h[?2026l[?2026h[?25l[A[1Gpulling manifest [K
pulling 0624ba75c3ce:  12% ▕██                ▏ 950 MB/7.7 GB   11 MB/s   9m22s[K[?25h[?2026l[?2026h[?25l[A[1Gpulling manifest [K
pulling 0624ba75c3ce:  12% ▕██                ▏ 952 MB/7.7 GB   11 MB/s   9m22s[K[?25h[?2026l[?2026h[?25l[A[1Gpulling manifest [K
pulling 0624ba75c3ce:  12% ▕██                ▏ 954 MB/7.7 GB   11 MB/s   9m22s[K[?25h[?2026l[?2026h[?25l[A[1Gpulling manifest [K
pulling 0624ba75c3ce:  12% ▕██                ▏ 954 MB/7.7 GB   11 MB/s   9m22s[K[?25h[?2026l[?2026h[?25l[A[1Gpulling manifest [K
pulling 0624ba75c3ce:  12% ▕██                ▏ 955 MB/7.7 GB   11 MB/s   9m22s[K[?25h[?2026l[?2026h[?25l[A[1Gpulling manifest [K
pulling 0624ba75c3ce:  12% ▕██                ▏ 956 MB/7.7 GB   11 MB/s   9m22s[K[?25h[?2026l[?2026h[?25l[A[1Gpulling manifest [K
pulling 0624ba75c3ce:  12% ▕██                ▏ 958 MB/7.7 GB   11 MB/s   9m22s[K[?25h[?2026l[?2026h[?25l[A[1Gpulling manifest [K
pulling 0624ba75c3ce:  12% ▕██                ▏ 960 MB/7.7 GB   11 MB/s   9m22s[K[?25h[?2026l[?2026h[?25l[A[1Gpulling manifest [K
pulling 0624ba75c3ce:  12% ▕██                ▏ 961 MB/7.7 GB   11 MB/s   9m21s[K[?25h[?2026l[?2026h[?25l[A[1Gpulling manifest [K
pulling 0624ba75c3ce:  13% ▕██                ▏ 962 MB/7.7 GB   11 MB/s   9m21s[K[?25h[?2026l[?2026h[?25l[A[1Gpulling manifest [K
pulling 0624ba75c3ce:  13% ▕██                ▏ 962 MB/7.7 GB   12 MB/s   9m14s[K[?25h[?2026l[?2026h[?25l[A[1Gpulling manifest [K
pulling 0624ba75c3ce:  13% ▕██                ▏ 964 MB/7.7 GB   12 MB/s   9m14s[K[?25h[?2026l[?2026h[?25l[A[1Gpulling manifest [K
pulling 0624ba75c3ce:  13% ▕██                ▏ 965 MB/7.7 GB   12 MB/s   9m13s[K[?25h[?2026l[?2026h[?25l[A[1Gpulling manifest [K
pulling 0624ba75c3ce:  13% ▕██                ▏ 967 MB/7.7 GB   12 MB/s   9m13s[K[?25h[?2026l[?2026h[?25l[A[1Gpulling manifest [K
pulling 0624ba75c3ce:  13% ▕██                ▏ 968 MB/7.7 GB   12 MB/s   9m13s[K[?25h[?2026l[?2026h[?25l[A[1Gpulling manifest [K
pulling 0624ba75c3ce:  13% ▕██                ▏ 968 MB/7.7 GB   12 MB/s   9m13s[K[?25h[?2026l[?2026h[?25l[A[1Gpulling manifest [K
pulling 0624ba75c3ce:  13% ▕██                ▏ 970 MB/7.7 GB   12 MB/s   9m13s[K[?25h[?2026l[?2026h[?25l[A[1Gpulling manifest [K
pulling 0624ba75c3ce:  13% ▕██                ▏ 972 MB/7.7 GB   12 MB/s   9m13s[K[?25h[?2026l[?2026h[?25l[A[1Gpulling manifest [K
pulling 0624ba75c3ce:  13% ▕██                ▏ 973 MB/7.7 GB   12 MB/s   9m13s[K[?25h[?2026l[?2026h[?25l[A[1Gpulling manifest [K
pulling 0624ba75c3ce:  13% ▕██                ▏ 974 MB/7.7 GB   12 MB/s   9m13s[K[?25h[?2026l[?2026h[?25l[A[1Gpulling manifest [K
pulling 0624ba75c3ce:  13% ▕██                ▏ 975 MB/7.7 GB   12 MB/s   9m10s[K[?25h[?2026l[?2026h[?25l[A[1Gpulling manifest [K
pulling 0624ba75c3ce:  13% ▕██                ▏ 975 MB/7.7 GB   12 MB/s   9m10s[K[?25h[?2026l[?2026h[?25l[A[1Gpulling manifest [K
pulling 0624ba75c3ce:  13% ▕██                ▏ 977 MB/7.7 GB   12 MB/s    9m9s[K[?25h[?2026l[?2026h[?25l[A[1Gpulling manifest [K
pulling 0624ba75c3ce:  13% ▕██                ▏ 979 MB/7.7 GB   12 MB/s    9m9s[K[?25h[?2026l[?2026h[?25l[A[1Gpulling manifest [K
pulling 0624ba75c3ce:  13% ▕██                ▏ 980 MB/7.7 GB   12 MB/s    9m9s[K[?25h[?2026l[?2026h[?25l[A[1Gpulling manifest [K
pulling 0624ba75c3ce:  13% ▕██                ▏ 981 MB/7.7 GB   12 MB/s    9m9s[K[?25h[?2026l[?2026h[?25l[A[1Gpulling manifest [K
pulling 0624ba75c3ce:  13% ▕██                ▏ 982 MB/7.7 GB   12 MB/s    9m9s[K[?25h[?2026l[?2026h[?25l[A[1Gpulling manifest [K
pulling 0624ba75c3ce:  13% ▕██                ▏ 983 MB/7.7 GB   12 MB/s    9m9s[K[?25h[?2026l[?2026h[?25l[A[1Gpulling manifest [K
pulling 0624ba75c3ce:  13% ▕██                ▏ 985 MB/7.7 GB   12 MB/s    9m9s[K[?25h[?2026l[?2026h[?25l[A[1Gpulling manifest [K
pulling 0624ba75c3ce:  13% ▕██                ▏ 987 MB/7.7 GB   12 MB/s    9m9s[K[?25h[?2026l[?2026h[?25l[A[1Gpulling manifest [K
pulling 0624ba75c3ce:  13% ▕██                ▏ 987 MB/7.7 GB   12 MB/s    9m4s[K[?25h[?2026l[?2026h[?25l[A[1Gpulling manifest [K
pulling 0624ba75c3ce:  13% ▕██                ▏ 988 MB/7.7 GB   12 MB/s    9m4s[K[?25h[?2026l[?2026h[?25l[A[1Gpulling manifest [K
pulling 0624ba75c3ce:  13% ▕██                ▏ 990 MB/7.7 GB   12 MB/s    9m4s[K[?25h[?2026l[?2026h[?25l[A[1Gpulling manifest [K
pulling 0624ba75c3ce:  13% ▕██                ▏ 991 MB/7.7 GB   12 MB/s    9m4s[K[?25h[?2026l[?2026h[?25l[A[1Gpulling manifest [K
pulling 0624ba75c3ce:  13% ▕██                ▏ 993 MB/7.7 GB   12 MB/s    9m4s[K[?25h[?2026l[?2026h[?25l[A[1Gpulling manifest [K
pulling 0624ba75c3ce:  13% ▕██                ▏ 994 MB/7.7 GB   12 MB/s    9m4s[K[?25h[?2026l[?2026h[?25l[A[1Gpulling manifest [K
pulling 0624ba75c3ce:  13% ▕██                ▏ 994 MB/7.7 GB   12 MB/s    9m4s[K[?25h[?2026l[?2026h[?25l[A[1Gpulling manifest [K
pulling 0624ba75c3ce:  13% ▕██                ▏ 996 MB/7.7 GB   12 MB/s    9m4s[K[?25h[?2026l[?2026h[?25l[A[1Gpulling manifest [K
pulling 0624ba75c3ce:  13% ▕██                ▏ 998 MB/7.7 GB   12 MB/s    9m3s[K[?25h[?2026l[?2026h[?25l[A[1Gpulling manifest [K
pulling 0624ba75c3ce:  13% ▕██                ▏ 999 MB/7.7 GB   12 MB/s    9m3s[K[?25h[?2026l[?2026h[?25l[A[1Gpulling manifest [K
pulling 0624ba75c3ce:  13% ▕██                ▏ 1.0 GB/7.7 GB   12 MB/s   8m57s[K[?25h[?2026l[?2026h[?25l[A[1Gpulling manifest [K
pulling 0624ba75c3ce:  13% ▕██                ▏ 1.0 GB/7.7 GB   12 MB/s   8m57s[K[?25h[?2026l[?2026h[?25l[A[1Gpulling manifest [K
pulling 0624ba75c3ce:  13% ▕██                ▏ 1.0 GB/7.7 GB   12 MB/s   8m57s[K[?25h[?2026l[?2026h[?25l[A[1Gpulling manifest [K
pulling 0624ba75c3ce:  13% ▕██                ▏ 1.0 GB/7.7 GB   12 MB/s   8m57s[K[?25h[?2026l[?2026h[?25l[A[1Gpulling manifest [K
pulling 0624ba75c3ce:  13% ▕██                ▏ 1.0 GB/7.7 GB   12 MB/s   8m57s[K[?25h[?2026l[?2026h[?25l[A[1Gpulling manifest [K
pulling 0624ba75c3ce:  13% ▕██                ▏ 1.0 GB/7.7 GB   12 MB/s   8m56s[K[?25h[?2026l[?2026h[?25l[A[1Gpulling manifest [K
pulling 0624ba75c3ce:  13% ▕██                ▏ 1.0 GB/7.7 GB   12 MB/s   8m56s[K[?25h[?2026l[?2026h[?25l[A[1Gpulling manifest [K
pulling 0624ba75c3ce:  13% ▕██                ▏ 1.0 GB/7.7 GB   12 MB/s   8m56s[K[?25h[?2026l[?2026h[?25l[A[1Gpulling manifest [K
pulling 0624ba75c3ce:  13% ▕██                ▏ 1.0 GB/7.7 GB   12 MB/s   8m56s[K[?25h[?2026l[?2026h[?25l[A[1Gpulling manifest [K
pulling 0624ba75c3ce:  13% ▕██                ▏ 1.0 GB/7.7 GB   12 MB/s   8m56s[K[?25h[?2026l[?2026h[?25l[A[1Gpulling manifest [K
pulling 0624ba75c3ce:  13% ▕██                ▏ 1.0 GB/7.7 GB   12 MB/s   8m52s[K[?25h[?2026l[?2026h[?25l[A[1Gpulling manifest [K
pulling 0624ba75c3ce:  13% ▕██                ▏ 1.0 GB/7.7 GB   12 MB/s   8m52s[K[?25h[?2026l[?2026h[?25l[A[1Gpulling manifest [K
pulling 0624ba75c3ce:  13% ▕██                ▏ 1.0 GB/7.7 GB   12 MB/s   8m52s[K[?25h[?2026l[?2026h[?25l[A[1Gpulling manifest [K
pulling 0624ba75c3ce:  13% ▕██                ▏ 1.0 GB/7.7 GB   12 MB/s   8m51s[K[?25h[?2026l[?2026h[?25l[A[1Gpulling manifest [K
pulling 0624ba75c3ce:  13% ▕██                ▏ 1.0 GB/7.7 GB   12 MB/s   8m51s[K[?25h[?2026l[?2026h[?25l[A[1Gpulling manifest [K
pulling 0624ba75c3ce:  13% ▕██                ▏ 1.0 GB/7.7 GB   12 MB/s   8m51s[K[?25h[?2026l[?2026h[?25l[A[1Gpulling manifest [K
pulling 0624ba75c3ce:  13% ▕██                ▏ 1.0 GB/7.7 GB   12 MB/s   8m51s[K[?25h[?2026l[?2026h[?25l[A[1Gpulling manifest [K
pulling 0624ba75c3ce:  13% ▕██                ▏ 1.0 GB/7.7 GB   12 MB/s   8m51s[K[?25h[?2026l[?2026h[?25l[A[1Gpulling manifest [K
pulling 0624ba75c3ce:  13% ▕██                ▏ 1.0 GB/7.7 GB   12 MB/s   8m51s[K[?25h[?2026l[?2026h[?25l[A[1Gpulling manifest [K
pulling 0624ba75c3ce:  13% ▕██                ▏ 1.0 GB/7.7 GB   12 MB/s   8m51s[K[?25h[?2026l[?2026h[?25l[A[1Gpulling manifest [K
pulling 0624ba75c3ce:  13% ▕██                ▏ 1.0 GB/7.7 GB   12 MB/s   8m51s[K[?25h[?2026l[?2026h[?25l[A[1Gpulling manifest [K
pulling 0624ba75c3ce:  13% ▕██                ▏ 1.0 GB/7.7 GB   12 MB/s   8m44s[K[?25h[?2026l[?2026h[?25l[A[1Gpulling manifest [K
pulling 0624ba75c3ce:  13% ▕██                ▏ 1.0 GB/7.7 GB   12 MB/s   8m43s[K[?25h[?2026l[?2026h[?25l[A[1Gpulling manifest [K
pulling 0624ba75c3ce:  13% ▕██                ▏ 1.0 GB/7.7 GB   12 MB/s   8m43s[K[?25h[?2026l[?2026h[?25l[A[1Gpulling manifest [K
pulling 0624ba75c3ce:  13% ▕██                ▏ 1.0 GB/7.7 GB   12 MB/s   8m43s[K[?25h[?2026l[?2026h[?25l[A[1Gpulling manifest [K
pulling 0624ba75c3ce:  13% ▕██                ▏ 1.0 GB/7.7 GB   12 MB/s   8m43s[K[?25h[?2026l[?2026h[?25l[A[1Gpulling manifest [K
pulling 0624ba75c3ce:  13% ▕██                ▏ 1.0 GB/7.7 GB   12 MB/s   8m43s[K[?25h[?2026l[?2026h[?25l[A[1Gpulling manifest [K
pulling 0624ba75c3ce:  13% ▕██                ▏ 1.0 GB/7.7 GB   12 MB/s   8m43s[K[?25h[?2026l[?2026h[?25l[A[1Gpulling manifest [K
pulling 0624ba75c3ce:  13% ▕██                ▏ 1.0 GB/7.7 GB   12 MB/s   8m43s[K[?25h[?2026l[?2026h[?25l[A[1Gpulling manifest [K
pulling 0624ba75c3ce:  13% ▕██                ▏ 1.0 GB/7.7 GB   12 MB/s   8m43s[K[?25h[?2026l[?2026h[?25l[A[1Gpulling manifest [K
pulling 0624ba75c3ce:  14% ▕██                ▏ 1.0 GB/7.7 GB   12 MB/s   8m43s[K[?25h[?2026l[?2026h[?25l[A[1Gpulling manifest [K
pulling 0624ba75c3ce:  14% ▕██                ▏ 1.0 GB/7.7 GB   12 MB/s   8m38s[K[?25h[?2026l[?2026h[?25l[A[1Gpulling manifest [K
pulling 0624ba75c3ce:  14% ▕██                ▏ 1.0 GB/7.7 GB   12 MB/s   8m38s[K[?25h[?2026l[?2026h[?25l[A[1Gpulling manifest [K
pulling 0624ba75c3ce:  14% ▕██                ▏ 1.0 GB/7.7 GB   12 MB/s   8m38s[K[?25h[?2026l[?2026h[?25l[A[1Gpulling manifest [K
pulling 0624ba75c3ce:  14% ▕██                ▏ 1.0 GB/7.7 GB   12 MB/s   8m38s[K[?25h[?2026l[?2026h[?25l[A[1Gpulling manifest [K
pulling 0624ba75c3ce:  14% ▕██                ▏ 1.0 GB/7.7 GB   12 MB/s   8m38s[K[?25h[?2026l[?2026h[?25l[A[1Gpulling manifest [K
pulling 0624ba75c3ce:  14% ▕██                ▏ 1.0 GB/7.7 GB   12 MB/s   8m38s[K[?25h[?2026l[?2026h[?25l[A[1Gpulling manifest [K
pulling 0624ba75c3ce:  14% ▕██                ▏ 1.0 GB/7.7 GB   12 MB/s   8m37s[K[?25h[?2026l[?2026h[?25l[A[1Gpulling manifest [K
pulling 0624ba75c3ce:  14% ▕██                ▏ 1.0 GB/7.7 GB   12 MB/s   8m37s[K[?25h[?2026l[?2026h[?25l[A[1Gpulling manifest [K
pulling 0624ba75c3ce:  14% ▕██                ▏ 1.1 GB/7.7 GB   12 MB/s   8m37s[K[?25h[?2026l[?2026h[?25l[A[1Gpulling manifest [K
pulling 0624ba75c3ce:  14% ▕██                ▏ 1.1 GB/7.7 GB   12 MB/s   8m37s[K[?25h[?2026l[?2026h[?25l[A[1Gpulling manifest [K
pulling 0624ba75c3ce:  14% ▕██                ▏ 1.1 GB/7.7 GB   12 MB/s   8m33s[K[?25h[?2026l[?2026h[?25l[A[1Gpulling manifest [K
pulling 0624ba75c3ce:  14% ▕██                ▏ 1.1 GB/7.7 GB   12 MB/s   8m32s[K[?25h[?2026l[?2026h[?25l[A[1Gpulling manifest [K
pulling 0624ba75c3ce:  14% ▕██                ▏ 1.1 GB/7.7 GB   12 MB/s   8m32s[K[?25h[?2026l[?2026h[?25l[A[1Gpulling manifest [K
pulling 0624ba75c3ce:  14% ▕██                ▏ 1.1 GB/7.7 GB   12 MB/s   8m32s[K[?25h[?2026l[?2026h[?25l[A[1Gpulling manifest [K
pulling 0624ba75c3ce:  14% ▕██                ▏ 1.1 GB/7.7 GB   12 MB/s   8m32s[K[?25h[?2026l[?2026h[?25l[A[1Gpulling manifest [K
pulling 0624ba75c3ce:  14% ▕██                ▏ 1.1 GB/7.7 GB   12 MB/s   8m32s[K[?25h[?2026l[?2026h[?25l[A[1Gpulling manifest [K
pulling 0624ba75c3ce:  14% ▕██                ▏ 1.1 GB/7.7 GB   12 MB/s   8m32s[K[?25h[?2026l[?2026h[?25l[A[1Gpulling manifest [K
pulling 0624ba75c3ce:  14% ▕██                ▏ 1.1 GB/7.7 GB   12 MB/s   8m32s[K[?25h[?2026l[?2026h[?25l[A[1Gpulling manifest [K
pulling 0624ba75c3ce:  14% ▕██                ▏ 1.1 GB/7.7 GB   12 MB/s   8m32s[K[?25h[?2026l[?2026h[?25l[A[1Gpulling manifest [K
pulling 0624ba75c3ce:  14% ▕██                ▏ 1.1 GB/7.7 GB   12 MB/s   8m32s[K[?25h[?2026l[?2026h[?25l[A[1Gpulling manifest [K
pulling 0624ba75c3ce:  14% ▕██                ▏ 1.1 GB/7.7 GB   13 MB/s   8m28s[K[?25h[?2026l[?2026h[?25l[A[1Gpulling manifest [K
pulling 0624ba75c3ce:  14% ▕██                ▏ 1.1 GB/7.7 GB   13 MB/s   8m28s[K[?25h[?2026l[?2026h[?25l[A[1Gpulling manifest [K
pulling 0624ba75c3ce:  14% ▕██                ▏ 1.1 GB/7.7 GB   13 MB/s   8m28s[K[?25h[?2026l[?2026h[?25l[A[1Gpulling manifest [K
pulling 0624ba75c3ce:  14% ▕██                ▏ 1.1 GB/7.7 GB   13 MB/s   8m28s[K[?25h[?2026l[?2026h[?25l[A[1Gpulling manifest [K
pulling 0624ba75c3ce:  14% ▕██                ▏ 1.1 GB/7.7 GB   13 MB/s   8m28s[K[?25h[?2026l[?2026h[?25l[A[1Gpulling manifest [K
pulling 0624ba75c3ce:  14% ▕██                ▏ 1.1 GB/7.7 GB   13 MB/s   8m28s[K[?25h[?2026l[?2026h[?25l[A[1Gpulling manifest [K
pulling 0624ba75c3ce:  14% ▕██                ▏ 1.1 GB/7.7 GB   13 MB/s   8m28s[K[?25h[?2026l[?2026h[?25l[A[1Gpulling manifest [K
pulling 0624ba75c3ce:  14% ▕██                ▏ 1.1 GB/7.7 GB   13 MB/s   8m28s[K[?25h[?2026l[?2026h[?25l[A[1Gpulling manifest [K
pulling 0624ba75c3ce:  14% ▕██                ▏ 1.1 GB/7.7 GB   13 MB/s   8m28s[K[?25h[?2026l[?2026h[?25l[A[1Gpulling manifest [K
pulling 0624ba75c3ce:  14% ▕██                ▏ 1.1 GB/7.7 GB   13 MB/s   8m27s[K[?25h[?2026l[?2026h[?25l[A[1Gpulling manifest [K
pulling 0624ba75c3ce:  14% ▕██                ▏ 1.1 GB/7.7 GB   13 MB/s   8m26s[K[?25h[?2026l[?2026h[?25l[A[1Gpulling manifest [K
pulling 0624ba75c3ce:  14% ▕██                ▏ 1.1 GB/7.7 GB   13 MB/s   8m26s[K[?25h[?2026l[?2026h[?25l[A[1Gpulling manifest [K
pulling 0624ba75c3ce:  14% ▕██                ▏ 1.1 GB/7.7 GB   13 MB/s   8m26s[K[?25h[?2026l[?2026h[?25l[A[1Gpulling manifest [K
pulling 0624ba75c3ce:  14% ▕██                ▏ 1.1 GB/7.7 GB   13 MB/s   8m26s[K[?25h[?2026l[?2026h[?25l[A[1Gpulling manifest [K
pulling 0624ba75c3ce:  14% ▕██                ▏ 1.1 GB/7.7 GB   13 MB/s   8m26s[K[?25h[?2026l[?2026h[?25l[A[1Gpulling manifest [K
pulling 0624ba75c3ce:  14% ▕██                ▏ 1.1 GB/7.7 GB   13 MB/s   8m26s[K[?25h[?2026l[?2026h[?25l[A[1Gpulling manifest [K
pulling 0624ba75c3ce:  14% ▕██                ▏ 1.1 GB/7.7 GB   13 MB/s   8m26s[K[?25h[?2026l[?2026h[?25l[A[1Gpulling manifest [K
pulling 0624ba75c3ce:  14% ▕██                ▏ 1.1 GB/7.7 GB   13 MB/s   8m26s[K[?25h[?2026l[?2026h[?25l[A[1Gpulling manifest [K
pulling 0624ba75c3ce:  14% ▕██                ▏ 1.1 GB/7.7 GB   13 MB/s   8m26s[K[?25h[?2026l[?2026h[?25l[A[1Gpulling manifest [K
pulling 0624ba75c3ce:  14% ▕██                ▏ 1.1 GB/7.7 GB   13 MB/s   8m25s[K[?25h[?2026l[?2026h[?25l[A[1Gpulling manifest [K
pulling 0624ba75c3ce:  14% ▕██                ▏ 1.1 GB/7.7 GB   13 MB/s   8m25s[K[?25h[?2026l[?2026h[?25l[A[1Gpulling manifest [K
pulling 0624ba75c3ce:  14% ▕██                ▏ 1.1 GB/7.7 GB   13 MB/s   8m23s[K[?25h[?2026l[?2026h[?25l[A[1Gpulling manifest [K
pulling 0624ba75c3ce:  14% ▕██                ▏ 1.1 GB/7.7 GB   13 MB/s   8m23s[K[?25h[?2026l[?2026h[?25l[A[1Gpulling manifest [K
pulling 0624ba75c3ce:  14% ▕██                ▏ 1.1 GB/7.7 GB   13 MB/s   8m23s[K[?25h[?2026l[?2026h[?25l[A[1Gpulling manifest [K
pulling 0624ba75c3ce:  14% ▕██                ▏ 1.1 GB/7.7 GB   13 MB/s   8m23s[K[?25h[?2026l[?2026h[?25l[A[1Gpulling manifest [K
pulling 0624ba75c3ce:  14% ▕██                ▏ 1.1 GB/7.7 GB   13 MB/s   8m23s[K[?25h[?2026l[?2026h[?25l[A[1Gpulling manifest [K
pulling 0624ba75c3ce:  14% ▕██                ▏ 1.1 GB/7.7 GB   13 MB/s   8m23s[K[?25h[?2026l[?2026h[?25l[A[1Gpulling manifest [K
pulling 0624ba75c3ce:  14% ▕██                ▏ 1.1 GB/7.7 GB   13 MB/s   8m23s[K[?25h[?2026l[?2026h[?25l[A[1Gpulling manifest [K
pulling 0624ba75c3ce:  14% ▕██                ▏ 1.1 GB/7.7 GB   13 MB/s   8m22s[K[?25h[?2026l[?2026h[?25l[A[1Gpulling manifest [K
pulling 0624ba75c3ce:  14% ▕██                ▏ 1.1 GB/7.7 GB   13 MB/s   8m22s[K[?25h[?2026l[?2026h[?25l[A[1Gpulling manifest [K
pulling 0624ba75c3ce:  14% ▕██                ▏ 1.1 GB/7.7 GB   13 MB/s   8m22s[K[?25h[?2026l[?2026h[?25l[A[1Gpulling manifest [K
pulling 0624ba75c3ce:  14% ▕██                ▏ 1.1 GB/7.7 GB   13 MB/s   8m23s[K[?25h[?2026l[?2026h[?25l[A[1Gpulling manifest [K
pulling 0624ba75c3ce:  14% ▕██                ▏ 1.1 GB/7.7 GB   13 MB/s   8m22s[K[?25h[?2026l[?2026h[?25l[A[1Gpulling manifest [K
pulling 0624ba75c3ce:  14% ▕██                ▏ 1.1 GB/7.7 GB   13 MB/s   8m22s[K[?25h[?2026l[?2026h[?25l[A[1Gpulling manifest [K
pulling 0624ba75c3ce:  14% ▕██                ▏ 1.1 GB/7.7 GB   13 MB/s   8m22s[K[?25h[?2026l[?2026h[?25l[A[1Gpulling manifest [K
pulling 0624ba75c3ce:  14% ▕██                ▏ 1.1 GB/7.7 GB   13 MB/s   8m22s[K[?25h[?2026l[?2026h[?25l[A[1Gpulling manifest [K
pulling 0624ba75c3ce:  14% ▕██                ▏ 1.1 GB/7.7 GB   13 MB/s   8m22s[K[?25h[?2026l[?2026h[?25l[A[1Gpulling manifest [K
pulling 0624ba75c3ce:  14% ▕██                ▏ 1.1 GB/7.7 GB   13 MB/s   8m22s[K[?25h[?2026l[?2026h[?25l[A[1Gpulling manifest [K
pulling 0624ba75c3ce:  14% ▕██                ▏ 1.1 GB/7.7 GB   13 MB/s   8m22s[K[?25h[?2026l[?2026h[?25l[A[1Gpulling manifest [K
pulling 0624ba75c3ce:  15% ▕██                ▏ 1.1 GB/7.7 GB   13 MB/s   8m22s[K[?25h[?2026l[?2026h[?25l[A[1Gpulling manifest [K
pulling 0624ba75c3ce:  15% ▕██                ▏ 1.1 GB/7.7 GB   13 MB/s   8m22s[K[?25h[?2026l[?2026h[?25l[A[1Gpulling manifest [K
pulling 0624ba75c3ce:  15% ▕██                ▏ 1.1 GB/7.7 GB   13 MB/s   8m24s[K[?25h[?2026l[?2026h[?25l[A[1Gpulling manifest [K
pulling 0624ba75c3ce:  15% ▕██                ▏ 1.1 GB/7.7 GB   13 MB/s   8m24s[K[?25h[?2026l[?2026h[?25l[A[1Gpulling manifest [K
pulling 0624ba75c3ce:  15% ▕██                ▏ 1.1 GB/7.7 GB   13 MB/s   8m24s[K[?25h[?2026l[?2026h[?25l[A[1Gpulling manifest [K
pulling 0624ba75c3ce:  15% ▕██                ▏ 1.1 GB/7.7 GB   13 MB/s   8m24s[K[?25h[?2026l[?2026h[?25l[A[1Gpulling manifest [K
pulling 0624ba75c3ce:  15% ▕██                ▏ 1.1 GB/7.7 GB   13 MB/s   8m24s[K[?25h[?2026l[?2026h[?25l[A[1Gpulling manifest [K
pulling 0624ba75c3ce:  15% ▕██                ▏ 1.1 GB/7.7 GB   13 MB/s   8m24s[K[?25h[?2026l[?2026h[?25l[A[1Gpulling manifest [K
pulling 0624ba75c3ce:  15% ▕██                ▏ 1.1 GB/7.7 GB   13 MB/s   8m24s[K[?25h[?2026l[?2026h[?25l[A[1Gpulling manifest [K
pulling 0624ba75c3ce:  15% ▕██                ▏ 1.1 GB/7.7 GB   13 MB/s   8m24s[K[?25h[?2026l[?2026h[?25l[A[1Gpulling manifest [K
pulling 0624ba75c3ce:  15% ▕██                ▏ 1.1 GB/7.7 GB   13 MB/s   8m24s[K[?25h[?2026l[?2026h[?25l[A[1Gpulling manifest [K
pulling 0624ba75c3ce:  15% ▕██                ▏ 1.1 GB/7.7 GB   13 MB/s   8m24s[K[?25h[?2026l[?2026h[?25l[A[1Gpulling manifest [K
pulling 0624ba75c3ce:  15% ▕██                ▏ 1.1 GB/7.7 GB   12 MB/s   8m29s[K[?25h[?2026l[?2026h[?25l[A[1Gpulling manifest [K
pulling 0624ba75c3ce:  15% ▕██                ▏ 1.1 GB/7.7 GB   12 MB/s   8m29s[K[?25h[?2026l[?2026h[?25l[A[1Gpulling manifest [K
pulling 0624ba75c3ce:  15% ▕██                ▏ 1.1 GB/7.7 GB   12 MB/s   8m29s[K[?25h[?2026l[?2026h[?25l[A[1Gpulling manifest [K
pulling 0624ba75c3ce:  15% ▕██                ▏ 1.1 GB/7.7 GB   12 MB/s   8m29s[K[?25h[?2026l[?2026h[?25l[A[1Gpulling manifest [K
pulling 0624ba75c3ce:  15% ▕██                ▏ 1.1 GB/7.7 GB   12 MB/s   8m29s[K[?25h[?2026l[?2026h[?25l[A[1Gpulling manifest [K
pulling 0624ba75c3ce:  15% ▕██                ▏ 1.1 GB/7.7 GB   12 MB/s   8m29s[K[?25h[?2026l[?2026h[?25l[A[1Gpulling manifest [K
pulling 0624ba75c3ce:  15% ▕██                ▏ 1.1 GB/7.7 GB   12 MB/s   8m29s[K[?25h[?2026l[?2026h[?25l[A[1Gpulling manifest [K
pulling 0624ba75c3ce:  15% ▕██                ▏ 1.1 GB/7.7 GB   12 MB/s   8m29s[K[?25h[?2026l[?2026h[?25l[A[1Gpulling manifest [K
pulling 0624ba75c3ce:  15% ▕██                ▏ 1.1 GB/7.7 GB   12 MB/s   8m29s[K[?25h[?2026l[?2026h[?25l[A[1Gpulling manifest [K
pulling 0624ba75c3ce:  15% ▕██                ▏ 1.1 GB/7.7 GB   12 MB/s   8m29s[K[?25h[?2026l[?2026h[?25l[A[1Gpulling manifest [K
pulling 0624ba75c3ce:  15% ▕██                ▏ 1.1 GB/7.7 GB   12 MB/s   8m39s[K[?25h[?2026l[?2026h[?25l[A[1Gpulling manifest [K
pulling 0624ba75c3ce:  15% ▕██                ▏ 1.1 GB/7.7 GB   12 MB/s   8m39s[K[?25h[?2026l[?2026h[?25l[A[1Gpulling manifest [K
pulling 0624ba75c3ce:  15% ▕██                ▏ 1.1 GB/7.7 GB   12 MB/s   8m38s[K[?25h[?2026l[?2026h[?25l[A[1Gpulling manifest [K
pulling 0624ba75c3ce:  15% ▕██                ▏ 1.1 GB/7.7 GB   12 MB/s   8m38s[K[?25h[?2026l[?2026h[?25l[A[1Gpulling manifest [K
pulling 0624ba75c3ce:  15% ▕██                ▏ 1.1 GB/7.7 GB   12 MB/s   8m38s[K[?25h[?2026l[?2026h[?25l[A[1Gpulling manifest [K
pulling 0624ba75c3ce:  15% ▕██                ▏ 1.1 GB/7.7 GB   12 MB/s   8m38s[K[?25h[?2026l[?2026h[?25l[A[1Gpulling manifest [K
pulling 0624ba75c3ce:  15% ▕██                ▏ 1.1 GB/7.7 GB   12 MB/s   8m38s[K[?25h[?2026l[?2026h[?25l[A[1Gpulling manifest [K
pulling 0624ba75c3ce:  15% ▕██                ▏ 1.1 GB/7.7 GB   12 MB/s   8m38s[K[?25h[?2026l[?2026h[?25l[A[1Gpulling manifest [K
pulling 0624ba75c3ce:  15% ▕██                ▏ 1.2 GB/7.7 GB   12 MB/s   8m38s[K[?25h[?2026l[?2026h[?25l[A[1Gpulling manifest [K
pulling 0624ba75c3ce:  15% ▕██                ▏ 1.2 GB/7.7 GB   12 MB/s   8m38s[K[?25h[?2026l[?2026h[?25l[A[1Gpulling manifest [K
pulling 0624ba75c3ce:  15% ▕██                ▏ 1.2 GB/7.7 GB   12 MB/s   8m38s[K[?25h[?2026l[?2026h[?25l[A[1Gpulling manifest [K
pulling 0624ba75c3ce:  15% ▕██                ▏ 1.2 GB/7.7 GB   12 MB/s   8m45s[K[?25h[?2026l[?2026h[?25l[A[1Gpulling manifest [K
pulling 0624ba75c3ce:  15% ▕██                ▏ 1.2 GB/7.7 GB   12 MB/s   8m45s[K[?25h[?2026l[?2026h[?25l[A[1Gpulling manifest [K
pulling 0624ba75c3ce:  15% ▕██                ▏ 1.2 GB/7.7 GB   12 MB/s   8m45s[K[?25h[?2026l[?2026h[?25l[A[1Gpulling manifest [K
pulling 0624ba75c3ce:  15% ▕██                ▏ 1.2 GB/7.7 GB   12 MB/s   8m45s[K[?25h[?2026l[?2026h[?25l[A[1Gpulling manifest [K
pulling 0624ba75c3ce:  15% ▕██                ▏ 1.2 GB/7.7 GB   12 MB/s   8m45s[K[?25h[?2026l[?2026h[?25l[A[1Gpulling manifest [K
pulling 0624ba75c3ce:  15% ▕██                ▏ 1.2 GB/7.7 GB   12 MB/s   8m45s[K[?25h[?2026l[?2026h[?25l[A[1Gpulling manifest [K
pulling 0624ba75c3ce:  15% ▕██                ▏ 1.2 GB/7.7 GB   12 MB/s   8m45s[K[?25h[?2026l[?2026h[?25l[A[1Gpulling manifest [K
pulling 0624ba75c3ce:  15% ▕██                ▏ 1.2 GB/7.7 GB   12 MB/s   8m45s[K[?25h[?2026l[?2026h[?25l[A[1Gpulling manifest [K
pulling 0624ba75c3ce:  15% ▕██                ▏ 1.2 GB/7.7 GB   12 MB/s   8m45s[K[?25h[?2026l[?2026h[?25l[A[1Gpulling manifest [K
pulling 0624ba75c3ce:  15% ▕██                ▏ 1.2 GB/7.7 GB   12 MB/s   8m45s[K[?25h[?2026l[?2026h[?25l[A[1Gpulling manifest [K
pulling 0624ba75c3ce:  15% ▕██                ▏ 1.2 GB/7.7 GB   12 MB/s   8m52s[K[?25h[?2026l[?2026h[?25l[A[1Gpulling manifest [K
pulling 0624ba75c3ce:  15% ▕██                ▏ 1.2 GB/7.7 GB   12 MB/s   8m52s[K[?25h[?2026l[?2026h[?25l[A[1Gpulling manifest [K
pulling 0624ba75c3ce:  15% ▕██                ▏ 1.2 GB/7.7 GB   12 MB/s   8m52s[K[?25h[?2026l[?2026h[?25l[A[1Gpulling manifest [K
pulling 0624ba75c3ce:  15% ▕██                ▏ 1.2 GB/7.7 GB   12 MB/s   8m52s[K[?25h[?2026l[?2026h[?25l[A[1Gpulling manifest [K
pulling 0624ba75c3ce:  15% ▕██                ▏ 1.2 GB/7.7 GB   12 MB/s   8m52s[K[?25h[?2026l[?2026h[?25l[A[1Gpulling manifest [K
pulling 0624ba75c3ce:  15% ▕██                ▏ 1.2 GB/7.7 GB   12 MB/s   8m52s[K[?25h[?2026l[?2026h[?25l[A[1Gpulling manifest [K
pulling 0624ba75c3ce:  15% ▕██                ▏ 1.2 GB/7.7 GB   12 MB/s   8m52s[K[?25h[?2026l[?2026h[?25l[A[1Gpulling manifest [K
pulling 0624ba75c3ce:  15% ▕██                ▏ 1.2 GB/7.7 GB   12 MB/s   8m51s[K[?25h[?2026l[?2026h[?25l[A[1Gpulling manifest [K
pulling 0624ba75c3ce:  15% ▕██                ▏ 1.2 GB/7.7 GB   12 MB/s   8m51s[K[?25h[?2026l[?2026h[?25l[A[1Gpulling manifest [K
pulling 0624ba75c3ce:  15% ▕██                ▏ 1.2 GB/7.7 GB   12 MB/s   8m51s[K[?25h[?2026l[?2026h[?25l[A[1Gpulling manifest [K
pulling 0624ba75c3ce:  15% ▕██                ▏ 1.2 GB/7.7 GB   12 MB/s   8m58s[K[?25h[?2026l[?2026h[?25l[A[1Gpulling manifest [K
pulling 0624ba75c3ce:  15% ▕██                ▏ 1.2 GB/7.7 GB   12 MB/s   8m58s[K[?25h[?2026l[?2026h[?25l[A[1Gpulling manifest [K
pulling 0624ba75c3ce:  15% ▕██                ▏ 1.2 GB/7.7 GB   12 MB/s   8m58s[K[?25h[?2026l[?2026h[?25l[A[1Gpulling manifest [K
pulling 0624ba75c3ce:  15% ▕██                ▏ 1.2 GB/7.7 GB   12 MB/s   8m58s[K[?25h[?2026l[?2026h[?25l[A[1Gpulling manifest [K
pulling 0624ba75c3ce:  15% ▕██                ▏ 1.2 GB/7.7 GB   12 MB/s   8m58s[K[?25h[?2026l[?2026h[?25l[A[1Gpulling manifest [K
pulling 0624ba75c3ce:  15% ▕██                ▏ 1.2 GB/7.7 GB   12 MB/s   8m58s[K[?25h[?2026l[?2026h[?25l[A[1Gpulling manifest [K
pulling 0624ba75c3ce:  15% ▕██                ▏ 1.2 GB/7.7 GB   12 MB/s   8m58s[K[?25h[?2026l[?2026h[?25l[A[1Gpulling manifest [K
pulling 0624ba75c3ce:  15% ▕██                ▏ 1.2 GB/7.7 GB   12 MB/s   8m57s[K[?25h[?2026l[?2026h[?25l[A[1Gpulling manifest [K
pulling 0624ba75c3ce:  15% ▕██                ▏ 1.2 GB/7.7 GB   12 MB/s   8m57s[K[?25h[?2026l[?2026h[?25l[A[1Gpulling manifest [K
pulling 0624ba75c3ce:  15% ▕██                ▏ 1.2 GB/7.7 GB   12 MB/s   8m57s[K[?25h[?2026l[?2026h[?25l[A[1Gpulling manifest [K
pulling 0624ba75c3ce:  15% ▕██                ▏ 1.2 GB/7.7 GB   12 MB/s    9m1s[K[?25h[?2026l[?2026h[?25l[A[1Gpulling manifest [K
pulling 0624ba75c3ce:  15% ▕██                ▏ 1.2 GB/7.7 GB   12 MB/s    9m1s[K[?25h[?2026l[?2026h[?25l[A[1Gpulling manifest [K
pulling 0624ba75c3ce:  15% ▕██                ▏ 1.2 GB/7.7 GB   12 MB/s    9m1s[K[?25h[?2026l[?2026h[?25l[A[1Gpulling manifest [K
pulling 0624ba75c3ce:  15% ▕██                ▏ 1.2 GB/7.7 GB   12 MB/s    9m1s[K[?25h[?2026l[?2026h[?25l[A[1Gpulling manifest [K
pulling 0624ba75c3ce:  16% ▕██                ▏ 1.2 GB/7.7 GB   12 MB/s    9m1s[K[?25h[?2026l[?2026h[?25l[A[1Gpulling manifest [K
pulling 0624ba75c3ce:  16% ▕██                ▏ 1.2 GB/7.7 GB   12 MB/s    9m0s[K[?25h[?2026l[?2026h[?25l[A[1Gpulling manifest [K
pulling 0624ba75c3ce:  16% ▕██                ▏ 1.2 GB/7.7 GB   12 MB/s    9m0s[K[?25h[?2026l[?2026h[?25l[A[1Gpulling manifest [K
pulling 0624ba75c3ce:  16% ▕██                ▏ 1.2 GB/7.7 GB   12 MB/s    9m0s[K[?25h[?2026l[?2026h[?25l[A[1Gpulling manifest [K
pulling 0624ba75c3ce:  16% ▕██                ▏ 1.2 GB/7.7 GB   12 MB/s    9m0s[K[?25h[?2026l[?2026h[?25l[A[1Gpulling manifest [K
pulling 0624ba75c3ce:  16% ▕██                ▏ 1.2 GB/7.7 GB   12 MB/s    9m0s[K[?25h[?2026l[?2026h[?25l[A[1Gpulling manifest [K
pulling 0624ba75c3ce:  16% ▕██                ▏ 1.2 GB/7.7 GB   11 MB/s    9m3s[K[?25h[?2026l[?2026h[?25l[A[1Gpulling manifest [K
pulling 0624ba75c3ce:  16% ▕██                ▏ 1.2 GB/7.7 GB   11 MB/s    9m3s[K[?25h[?2026l[?2026h[?25l[A[1Gpulling manifest [K
pulling 0624ba75c3ce:  16% ▕██                ▏ 1.2 GB/7.7 GB   11 MB/s    9m2s[K[?25h[?2026l[?2026h[?25l[A[1Gpulling manifest [K
pulling 0624ba75c3ce:  16% ▕██                ▏ 1.2 GB/7.7 GB   11 MB/s    9m2s[K[?25h[?2026l[?2026h[?25l[A[1Gpulling manifest [K
pulling 0624ba75c3ce:  16% ▕██                ▏ 1.2 GB/7.7 GB   11 MB/s    9m2s[K[?25h[?2026l[?2026h[?25l[A[1Gpulling manifest [K
pulling 0624ba75c3ce:  16% ▕██                ▏ 1.2 GB/7.7 GB   11 MB/s    9m2s[K[?25h[?2026l[?2026h[?25l[A[1Gpulling manifest [K
pulling 0624ba75c3ce:  16% ▕██                ▏ 1.2 GB/7.7 GB   11 MB/s    9m2s[K[?25h[?2026l[?2026h[?25l[A[1Gpulling manifest [K
pulling 0624ba75c3ce:  16% ▕██                ▏ 1.2 GB/7.7 GB   11 MB/s    9m2s[K[?25h[?2026l[?2026h[?25l[A[1Gpulling manifest [K
pulling 0624ba75c3ce:  16% ▕██                ▏ 1.2 GB/7.7 GB   11 MB/s    9m2s[K[?25h[?2026l[?2026h[?25l[A[1Gpulling manifest [K
pulling 0624ba75c3ce:  16% ▕██                ▏ 1.2 GB/7.7 GB   11 MB/s    9m2s[K[?25h[?2026l[?2026h[?25l[A[1Gpulling manifest [K
pulling 0624ba75c3ce:  16% ▕██                ▏ 1.2 GB/7.7 GB   11 MB/s    9m2s[K[?25h[?2026l[?2026h[?25l[A[1Gpulling manifest [K
pulling 0624ba75c3ce:  16% ▕██                ▏ 1.2 GB/7.7 GB   11 MB/s    9m4s[K[?25h[?2026l[?2026h[?25l[A[1Gpulling manifest [K
pulling 0624ba75c3ce:  16% ▕██                ▏ 1.2 GB/7.7 GB   11 MB/s    9m4s[K[?25h[?2026l[?2026h[?25l[A[1Gpulling manifest [K
pulling 0624ba75c3ce:  16% ▕██                ▏ 1.2 GB/7.7 GB   11 MB/s    9m3s[K[?25h[?2026l[?2026h[?25l[A[1Gpulling manifest [K
pulling 0624ba75c3ce:  16% ▕██                ▏ 1.2 GB/7.7 GB   11 MB/s    9m3s[K[?25h[?2026l[?2026h[?25l[A[1Gpulling manifest [K
pulling 0624ba75c3ce:  16% ▕██                ▏ 1.2 GB/7.7 GB   11 MB/s    9m3s[K[?25h[?2026l[?2026h[?25l[A[1Gpulling manifest [K
pulling 0624ba75c3ce:  16% ▕██                ▏ 1.2 GB/7.7 GB   11 MB/s    9m3s[K[?25h[?2026l[?2026h[?25l[A[1Gpulling manifest [K
pulling 0624ba75c3ce:  16% ▕██                ▏ 1.2 GB/7.7 GB   11 MB/s    9m3s[K[?25h[?2026l[?2026h[?25l[A[1Gpulling manifest [K
pulling 0624ba75c3ce:  16% ▕██                ▏ 1.2 GB/7.7 GB   11 MB/s    9m3s[K[?25h[?2026l[?2026h[?25l[A[1Gpulling manifest [K
pulling 0624ba75c3ce:  16% ▕██                ▏ 1.2 GB/7.7 GB   11 MB/s    9m3s[K[?25h[?2026l[?2026h[?25l[A[1Gpulling manifest [K
pulling 0624ba75c3ce:  16% ▕██                ▏ 1.2 GB/7.7 GB   11 MB/s    9m3s[K[?25h[?2026l[?2026h[?25l[A[1Gpulling manifest [K
pulling 0624ba75c3ce:  16% ▕██                ▏ 1.2 GB/7.7 GB   11 MB/s    9m6s[K[?25h[?2026l[?2026h[?25l[A[1Gpulling manifest [K
pulling 0624ba75c3ce:  16% ▕██                ▏ 1.2 GB/7.7 GB   11 MB/s    9m6s[K[?25h[?2026l[?2026h[?25l[A[1Gpulling manifest [K
pulling 0624ba75c3ce:  16% ▕██                ▏ 1.2 GB/7.7 GB   11 MB/s    9m6s[K[?25h[?2026l[?2026h[?25l[A[1Gpulling manifest [K
pulling 0624ba75c3ce:  16% ▕██                ▏ 1.2 GB/7.7 GB   11 MB/s    9m6s[K[?25h[?2026l[?2026h[?25l[A[1Gpulling manifest [K
pulling 0624ba75c3ce:  16% ▕██                ▏ 1.2 GB/7.7 GB   11 MB/s    9m5s[K[?25h[?2026l[?2026h[?25l[A[1Gpulling manifest [K
pulling 0624ba75c3ce:  16% ▕██                ▏ 1.2 GB/7.7 GB   11 MB/s    9m5s[K[?25h[?2026l[?2026h[?25l[A[1Gpulling manifest [K
pulling 0624ba75c3ce:  16% ▕██                ▏ 1.2 GB/7.7 GB   11 MB/s    9m5s[K[?25h[?2026l[?2026h[?25l[A[1Gpulling manifest [K
pulling 0624ba75c3ce:  16% ▕██                ▏ 1.2 GB/7.7 GB   11 MB/s    9m5s[K[?25h[?2026l[?2026h[?25l[A[1Gpulling manifest [K
pulling 0624ba75c3ce:  16% ▕██                ▏ 1.2 GB/7.7 GB   11 MB/s    9m5s[K[?25h[?2026l[?2026h[?25l[A[1Gpulling manifest [K
pulling 0624ba75c3ce:  16% ▕██                ▏ 1.2 GB/7.7 GB   11 MB/s    9m5s[K[?25h[?2026l[?2026h[?25l[A[1Gpulling manifest [K
pulling 0624ba75c3ce:  16% ▕██                ▏ 1.2 GB/7.7 GB   11 MB/s    9m4s[K[?25h[?2026l[?2026h[?25l[A[1Gpulling manifest [K
pulling 0624ba75c3ce:  16% ▕██                ▏ 1.2 GB/7.7 GB   11 MB/s    9m4s[K[?25h[?2026l[?2026h[?25l[A[1Gpulling manifest [K
pulling 0624ba75c3ce:  16% ▕██                ▏ 1.2 GB/7.7 GB   11 MB/s    9m4s[K[?25h[?2026l[?2026h[?25l[A[1Gpulling manifest [K
pulling 0624ba75c3ce:  16% ▕██                ▏ 1.2 GB/7.7 GB   11 MB/s    9m4s[K[?25h[?2026l[?2026h[?25l[A[1Gpulling manifest [K
pulling 0624ba75c3ce:  16% ▕██                ▏ 1.2 GB/7.7 GB   11 MB/s    9m4s[K[?25h[?2026l[?2026h[?25l[A[1Gpulling manifest [K
pulling 0624ba75c3ce:  16% ▕██                ▏ 1.2 GB/7.7 GB   11 MB/s    9m4s[K[?25h[?2026l[?2026h[?25l[A[1Gpulling manifest [K
pulling 0624ba75c3ce:  16% ▕██                ▏ 1.2 GB/7.7 GB   11 MB/s    9m4s[K[?25h[?2026l[?2026h[?25l[A[1Gpulling manifest [K
pulling 0624ba75c3ce:  16% ▕██                ▏ 1.2 GB/7.7 GB   11 MB/s    9m4s[K[?25h[?2026l[?2026h[?25l[A[1Gpulling manifest [K
pulling 0624ba75c3ce:  16% ▕██                ▏ 1.2 GB/7.7 GB   11 MB/s    9m4s[K[?25h[?2026l[?2026h[?25l[A[1Gpulling manifest [K
pulling 0624ba75c3ce:  16% ▕██                ▏ 1.2 GB/7.7 GB   11 MB/s    9m4s[K[?25h[?2026l[?2026h[?25l[A[1Gpulling manifest [K
pulling 0624ba75c3ce:  16% ▕██                ▏ 1.2 GB/7.7 GB   11 MB/s    9m0s[K[?25h[?2026l[?2026h[?25l[A[1Gpulling manifest [K
pulling 0624ba75c3ce:  16% ▕██                ▏ 1.2 GB/7.7 GB   11 MB/s    9m0s[K[?25h[?2026l[?2026h[?25l[A[1Gpulling manifest [K
pulling 0624ba75c3ce:  16% ▕██                ▏ 1.2 GB/7.7 GB   11 MB/s    9m0s[K[?25h[?2026l[?2026h[?25l[A[1Gpulling manifest [K
pulling 0624ba75c3ce:  16% ▕██                ▏ 1.3 GB/7.7 GB   11 MB/s    9m0s[K[?25h[?2026l[?2026h[?25l[A[1Gpulling manifest [K
pulling 0624ba75c3ce:  16% ▕██                ▏ 1.3 GB/7.7 GB   11 MB/s    9m0s[K[?25h[?2026l[?2026h[?25l[A[1Gpulling manifest [K
pulling 0624ba75c3ce:  16% ▕██                ▏ 1.3 GB/7.7 GB   11 MB/s    9m0s[K[?25h[?2026l[?2026h[?25l[A[1Gpulling manifest [K
pulling 0624ba75c3ce:  16% ▕██                ▏ 1.3 GB/7.7 GB   11 MB/s   8m59s[K[?25h[?2026l[?2026h[?25l[A[1Gpulling manifest [K
pulling 0624ba75c3ce:  16% ▕██                ▏ 1.3 GB/7.7 GB   11 MB/s   8m59s[K[?25h[?2026l[?2026h[?25l[A[1Gpulling manifest [K
pulling 0624ba75c3ce:  16% ▕██                ▏ 1.3 GB/7.7 GB   11 MB/s   8m59s[K[?25h[?2026l[?2026h[?25l[A[1Gpulling manifest [K
pulling 0624ba75c3ce:  16% ▕██                ▏ 1.3 GB/7.7 GB   11 MB/s   8m59s[K[?25h[?2026l[?2026h[?25l[A[1Gpulling manifest [K
pulling 0624ba75c3ce:  16% ▕██                ▏ 1.3 GB/7.7 GB   11 MB/s   8m58s[K[?25h[?2026l[?2026h[?25l[A[1Gpulling manifest [K
pulling 0624ba75c3ce:  16% ▕██                ▏ 1.3 GB/7.7 GB   11 MB/s   8m58s[K[?25h[?2026l[?2026h[?25l[A[1Gpulling manifest [K
pulling 0624ba75c3ce:  16% ▕██                ▏ 1.3 GB/7.7 GB   11 MB/s   8m58s[K[?25h[?2026l[?2026h[?25l[A[1Gpulling manifest [K
pulling 0624ba75c3ce:  16% ▕██                ▏ 1.3 GB/7.7 GB   11 MB/s   8m58s[K[?25h[?2026l[?2026h[?25l[A[1Gpulling manifest [K
pulling 0624ba75c3ce:  16% ▕██                ▏ 1.3 GB/7.7 GB   11 MB/s   8m58s[K[?25h[?2026l[?2026h[?25l[A[1Gpulling manifest [K
pulling 0624ba75c3ce:  16% ▕██                ▏ 1.3 GB/7.7 GB   11 MB/s   8m57s[K[?25h[?2026l[?2026h[?25l[A[1Gpulling manifest [K
pulling 0624ba75c3ce:  16% ▕██                ▏ 1.3 GB/7.7 GB   11 MB/s   8m57s[K[?25h[?2026l[?2026h[?25l[A[1Gpulling manifest [K
pulling 0624ba75c3ce:  16% ▕██                ▏ 1.3 GB/7.7 GB   11 MB/s   8m57s[K[?25h[?2026l[?2026h[?25l[A[1Gpulling manifest [K
pulling 0624ba75c3ce:  16% ▕██                ▏ 1.3 GB/7.7 GB   11 MB/s   8m57s[K[?25h[?2026l[?2026h[?25l[A[1Gpulling manifest [K
pulling 0624ba75c3ce:  17% ▕██                ▏ 1.3 GB/7.7 GB   11 MB/s   8m57s[K[?25h[?2026l[?2026h[?25l[A[1Gpulling manifest [K
pulling 0624ba75c3ce:  17% ▕██                ▏ 1.3 GB/7.7 GB   11 MB/s   8m57s[K[?25h[?2026l[?2026h[?25l[A[1Gpulling manifest [K
pulling 0624ba75c3ce:  17% ▕██                ▏ 1.3 GB/7.7 GB   12 MB/s   8m54s[K[?25h[?2026l[?2026h[?25l[A[1Gpulling manifest [K
pulling 0624ba75c3ce:  17% ▕██                ▏ 1.3 GB/7.7 GB   12 MB/s   8m54s[K[?25h[?2026l[?2026h[?25l[A[1Gpulling manifest [K
pulling 0624ba75c3ce:  17% ▕██                ▏ 1.3 GB/7.7 GB   12 MB/s   8m54s[K[?25h[?2026l[?2026h[?25l[A[1Gpulling manifest [K
pulling 0624ba75c3ce:  17% ▕██                ▏ 1.3 GB/7.7 GB   12 MB/s   8m54s[K[?25h[?2026l[?2026h[?25l[A[1Gpulling manifest [K
pulling 0624ba75c3ce:  17% ▕██                ▏ 1.3 GB/7.7 GB   12 MB/s   8m53s[K[?25h[?2026l[?2026h[?25l[A[1Gpulling manifest [K
pulling 0624ba75c3ce:  17% ▕██                ▏ 1.3 GB/7.7 GB   12 MB/s   8m53s[K[?25h[?2026l[?2026h[?25l[A[1Gpulling manifest [K
pulling 0624ba75c3ce:  17% ▕██                ▏ 1.3 GB/7.7 GB   12 MB/s   8m53s[K[?25h[?2026l[?2026h[?25l[A[1Gpulling manifest [K
pulling 0624ba75c3ce:  17% ▕██                ▏ 1.3 GB/7.7 GB   12 MB/s   8m53s[K[?25h[?2026l[?2026h[?25l[A[1Gpulling manifest [K
pulling 0624ba75c3ce:  17% ▕██                ▏ 1.3 GB/7.7 GB   12 MB/s   8m53s[K[?25h[?2026l[?2026h[?25l[A[1Gpulling manifest [K
pulling 0624ba75c3ce:  17% ▕███               ▏ 1.3 GB/7.7 GB   12 MB/s   8m53s[K[?25h[?2026l[?2026h[?25l[A[1Gpulling manifest [K
pulling 0624ba75c3ce:  17% ▕███               ▏ 1.3 GB/7.7 GB   12 MB/s   8m49s[K[?25h[?2026l[?2026h[?25l[A[1Gpulling manifest [K
pulling 0624ba75c3ce:  17% ▕███               ▏ 1.3 GB/7.7 GB   12 MB/s   8m49s[K[?25h[?2026l[?2026h[?25l[A[1Gpulling manifest [K
pulling 0624ba75c3ce:  17% ▕███               ▏ 1.3 GB/7.7 GB   12 MB/s   8m49s[K[?25h[?2026l[?2026h[?25l[A[1Gpulling manifest [K
pulling 0624ba75c3ce:  17% ▕███               ▏ 1.3 GB/7.7 GB   12 MB/s   8m49s[K[?25h[?2026l[?2026h[?25l[A[1Gpulling manifest [K
pulling 0624ba75c3ce:  17% ▕███               ▏ 1.3 GB/7.7 GB   12 MB/s   8m49s[K[?25h[?2026l[?2026h[?25l[A[1Gpulling manifest [K
pulling 0624ba75c3ce:  17% ▕███               ▏ 1.3 GB/7.7 GB   12 MB/s   8m49s[K[?25h[?2026l[?2026h[?25l[A[1Gpulling manifest [K
pulling 0624ba75c3ce:  17% ▕███               ▏ 1.3 GB/7.7 GB   12 MB/s   8m49s[K[?25h[?2026l[?2026h[?25l[A[1Gpulling manifest [K
pulling 0624ba75c3ce:  17% ▕███               ▏ 1.3 GB/7.7 GB   12 MB/s   8m49s[K[?25h[?2026l[?2026h[?25l[A[1Gpulling manifest [K
pulling 0624ba75c3ce:  17% ▕███               ▏ 1.3 GB/7.7 GB   12 MB/s   8m49s[K[?25h[?2026l[?2026h[?25l[A[1Gpulling manifest [K
pulling 0624ba75c3ce:  17% ▕███               ▏ 1.3 GB/7.7 GB   12 MB/s   8m49s[K[?25h[?2026l[?2026h[?25l[A[1Gpulling manifest [K
pulling 0624ba75c3ce:  17% ▕███               ▏ 1.3 GB/7.7 GB   12 MB/s   8m44s[K[?25h[?2026l[?2026h[?25l[A[1Gpulling manifest [K
pulling 0624ba75c3ce:  17% ▕███               ▏ 1.3 GB/7.7 GB   12 MB/s   8m44s[K[?25h[?2026l[?2026h[?25l[A[1Gpulling manifest [K
pulling 0624ba75c3ce:  17% ▕███               ▏ 1.3 GB/7.7 GB   12 MB/s   8m44s[K[?25h[?2026l[?2026h[?25l[A[1Gpulling manifest [K
pulling 0624ba75c3ce:  17% ▕███               ▏ 1.3 GB/7.7 GB   12 MB/s   8m44s[K[?25h[?2026l[?2026h[?25l[A[1Gpulling manifest [K
pulling 0624ba75c3ce:  17% ▕███               ▏ 1.3 GB/7.7 GB   12 MB/s   8m44s[K[?25h[?2026l[?2026h[?25l[A[1Gpulling manifest [K
pulling 0624ba75c3ce:  17% ▕███               ▏ 1.3 GB/7.7 GB   12 MB/s   8m44s[K[?25h[?2026l[?2026h[?25l[A[1Gpulling manifest [K
pulling 0624ba75c3ce:  17% ▕███               ▏ 1.3 GB/7.7 GB   12 MB/s   8m44s[K[?25h[?2026l[?2026h[?25l[A[1Gpulling manifest [K
pulling 0624ba75c3ce:  17% ▕███               ▏ 1.3 GB/7.7 GB   12 MB/s   8m44s[K[?25h[?2026l[?2026h[?25l[A[1Gpulling manifest [K
pulling 0624ba75c3ce:  17% ▕███               ▏ 1.3 GB/7.7 GB   12 MB/s   8m44s[K[?25h[?2026l[?2026h[?25l[A[1Gpulling manifest [K
pulling 0624ba75c3ce:  17% ▕███               ▏ 1.3 GB/7.7 GB   12 MB/s   8m43s[K[?25h[?2026l[?2026h[?25l[A[1Gpulling manifest [K
pulling 0624ba75c3ce:  17% ▕███               ▏ 1.3 GB/7.7 GB   12 MB/s   8m41s[K[?25h[?2026l[?2026h[?25l[A[1Gpulling manifest [K
pulling 0624ba75c3ce:  17% ▕███               ▏ 1.3 GB/7.7 GB   12 MB/s   8m41s[K[?25h[?2026l[?2026h[?25l[A[1Gpulling manifest [K
pulling 0624ba75c3ce:  17% ▕███               ▏ 1.3 GB/7.7 GB   12 MB/s   8m41s[K[?25h[?2026l[?2026h[?25l[A[1Gpulling manifest [K
pulling 0624ba75c3ce:  17% ▕███               ▏ 1.3 GB/7.7 GB   12 MB/s   8m41s[K[?25h[?2026l[?2026h[?25l[A[1Gpulling manifest [K
pulling 0624ba75c3ce:  17% ▕███               ▏ 1.3 GB/7.7 GB   12 MB/s   8m40s[K[?25h[?2026l[?2026h[?25l[A[1Gpulling manifest [K
pulling 0624ba75c3ce:  17% ▕███               ▏ 1.3 GB/7.7 GB   12 MB/s   8m40s[K[?25h[?2026l[?2026h[?25l[A[1Gpulling manifest [K
pulling 0624ba75c3ce:  17% ▕███               ▏ 1.3 GB/7.7 GB   12 MB/s   8m40s[K[?25h[?2026l[?2026h[?25l[A[1Gpulling manifest [K
pulling 0624ba75c3ce:  17% ▕███               ▏ 1.3 GB/7.7 GB   12 MB/s   8m40s[K[?25h[?2026l[?2026h[?25l[A[1Gpulling manifest [K
pulling 0624ba75c3ce:  17% ▕███               ▏ 1.3 GB/7.7 GB   12 MB/s   8m40s[K[?25h[?2026l[?2026h[?25l[A[1Gpulling manifest [K
pulling 0624ba75c3ce:  17% ▕███               ▏ 1.3 GB/7.7 GB   12 MB/s   8m40s[K[?25h[?2026l[?2026h[?25l[A[1Gpulling manifest [K
pulling 0624ba75c3ce:  17% ▕███               ▏ 1.3 GB/7.7 GB   12 MB/s   8m40s[K[?25h[?2026l[?2026h[?25l[A[1Gpulling manifest [K
pulling 0624ba75c3ce:  17% ▕███               ▏ 1.3 GB/7.7 GB   12 MB/s   8m40s[K[?25h[?2026l[?2026h[?25l[A[1Gpulling manifest [K
pulling 0624ba75c3ce:  17% ▕███               ▏ 1.3 GB/7.7 GB   12 MB/s   8m39s[K[?25h[?2026l[?2026h[?25l[A[1Gpulling manifest [K
pulling 0624ba75c3ce:  17% ▕███               ▏ 1.3 GB/7.7 GB   12 MB/s   8m39s[K[?25h[?2026l[?2026h[?25l[A[1Gpulling manifest [K
pulling 0624ba75c3ce:  17% ▕███               ▏ 1.3 GB/7.7 GB   12 MB/s   8m39s[K[?25h[?2026l[?2026h[?25l[A[1Gpulling manifest [K
pulling 0624ba75c3ce:  17% ▕███               ▏ 1.3 GB/7.7 GB   12 MB/s   8m39s[K[?25h[?2026l[?2026h[?25l[A[1Gpulling manifest [K
pulling 0624ba75c3ce:  17% ▕███               ▏ 1.3 GB/7.7 GB   12 MB/s   8m39s[K[?25h[?2026l[?2026h[?25l[A[1Gpulling manifest [K
pulling 0624ba75c3ce:  17% ▕███               ▏ 1.3 GB/7.7 GB   12 MB/s   8m39s[K[?25h[?2026l[?2026h[?25l[A[1Gpulling manifest [K
pulling 0624ba75c3ce:  17% ▕███               ▏ 1.3 GB/7.7 GB   12 MB/s   8m39s[K[?25h[?2026l[?2026h[?25l[A[1Gpulling manifest [K
pulling 0624ba75c3ce:  17% ▕███               ▏ 1.3 GB/7.7 GB   12 MB/s   8m39s[K[?25h[?2026l[?2026h[?25l[A[1Gpulling manifest [K
pulling 0624ba75c3ce:  17% ▕███               ▏ 1.3 GB/7.7 GB   12 MB/s   8m39s[K[?25h[?2026l[?2026h[?25l[A[1Gpulling manifest [K
pulling 0624ba75c3ce:  17% ▕███               ▏ 1.3 GB/7.7 GB   12 MB/s   8m32s[K[?25h[?2026l[?2026h[?25l[A[1Gpulling manifest [K
pulling 0624ba75c3ce:  17% ▕███               ▏ 1.3 GB/7.7 GB   12 MB/s   8m31s[K[?25h[?2026l[?2026h[?25l[A[1Gpulling manifest [K
pulling 0624ba75c3ce:  17% ▕███               ▏ 1.3 GB/7.7 GB   12 MB/s   8m31s[K[?25h[?2026l[?2026h[?25l[A[1Gpulling manifest [K
pulling 0624ba75c3ce:  17% ▕███               ▏ 1.3 GB/7.7 GB   12 MB/s   8m31s[K[?25h[?2026l[?2026h[?25l[A[1Gpulling manifest [K
pulling 0624ba75c3ce:  17% ▕███               ▏ 1.3 GB/7.7 GB   12 MB/s   8m31s[K[?25h[?2026l[?2026h[?25l[A[1Gpulling manifest [K
pulling 0624ba75c3ce:  17% ▕███               ▏ 1.3 GB/7.7 GB   12 MB/s   8m31s[K[?25h[?2026l[?2026h[?25l[A[1Gpulling manifest [K
pulling 0624ba75c3ce:  17% ▕███               ▏ 1.3 GB/7.7 GB   12 MB/s   8m31s[K[?25h[?2026l[?2026h[?25l[A[1Gpulling manifest [K
pulling 0624ba75c3ce:  18% ▕███               ▏ 1.3 GB/7.7 GB   12 MB/s   8m31s[K[?25h[?2026l[?2026h[?25l[A[1Gpulling manifest [K
pulling 0624ba75c3ce:  18% ▕███               ▏ 1.3 GB/7.7 GB   12 MB/s   8m31s[K[?25h[?2026l[?2026h[?25l[A[1Gpulling manifest [K
pulling 0624ba75c3ce:  18% ▕███               ▏ 1.3 GB/7.7 GB   12 MB/s   8m31s[K[?25h[?2026l[?2026h[?25l[A[1Gpulling manifest [K
pulling 0624ba75c3ce:  18% ▕███               ▏ 1.3 GB/7.7 GB   12 MB/s   8m30s[K[?25h[?2026l[?2026h[?25l[A[1Gpulling manifest [K
pulling 0624ba75c3ce:  18% ▕███               ▏ 1.4 GB/7.7 GB   12 MB/s   8m29s[K[?25h[?2026l[?2026h[?25l[A[1Gpulling manifest [K
pulling 0624ba75c3ce:  18% ▕███               ▏ 1.4 GB/7.7 GB   12 MB/s   8m29s[K[?25h[?2026l[?2026h[?25l[A[1Gpulling manifest [K
pulling 0624ba75c3ce:  18% ▕███               ▏ 1.4 GB/7.7 GB   12 MB/s   8m29s[K[?25h[?2026l[?2026h[?25l[A[1Gpulling manifest [K
pulling 0624ba75c3ce:  18% ▕███               ▏ 1.4 GB/7.7 GB   12 MB/s   8m29s[K[?25h[?2026l[?2026h[?25l[A[1Gpulling manifest [K
pulling 0624ba75c3ce:  18% ▕███               ▏ 1.4 GB/7.7 GB   12 MB/s   8m29s[K[?25h[?2026l[?2026h[?25l[A[1Gpulling manifest [K
pulling 0624ba75c3ce:  18% ▕███               ▏ 1.4 GB/7.7 GB   12 MB/s   8m29s[K[?25h[?2026l[?2026h[?25l[A[1Gpulling manifest [K
pulling 0624ba75c3ce:  18% ▕███               ▏ 1.4 GB/7.7 GB   12 MB/s   8m29s[K[?25h[?2026l[?2026h[?25l[A[1Gpulling manifest [K
pulling 0624ba75c3ce:  18% ▕███               ▏ 1.4 GB/7.7 GB   12 MB/s   8m29s[K[?25h[?2026l[?2026h[?25l[A[1Gpulling manifest [K
pulling 0624ba75c3ce:  18% ▕███               ▏ 1.4 GB/7.7 GB   12 MB/s   8m29s[K[?25h[?2026l[?2026h[?25l[A[1Gpulling manifest [K
pulling 0624ba75c3ce:  18% ▕███               ▏ 1.4 GB/7.7 GB   12 MB/s   8m22s[K[?25h[?2026l[?2026h[?25l[A[1Gpulling manifest [K
pulling 0624ba75c3ce:  18% ▕███               ▏ 1.4 GB/7.7 GB   12 MB/s   8m21s[K[?25h[?2026l[?2026h[?25l[A[1Gpulling manifest [K
pulling 0624ba75c3ce:  18% ▕███               ▏ 1.4 GB/7.7 GB   12 MB/s   8m21s[K[?25h[?2026l[?2026h[?25l[A[1Gpulling manifest [K
pulling 0624ba75c3ce:  18% ▕███               ▏ 1.4 GB/7.7 GB   12 MB/s   8m21s[K[?25h[?2026l[?2026h[?25l[A[1Gpulling manifest [K
pulling 0624ba75c3ce:  18% ▕███               ▏ 1.4 GB/7.7 GB   12 MB/s   8m21s[K[?25h[?2026l[?2026h[?25l[A[1Gpulling manifest [K
pulling 0624ba75c3ce:  18% ▕███               ▏ 1.4 GB/7.7 GB   12 MB/s   8m21s[K[?25h[?2026l[?2026h[?25l[A[1Gpulling manifest [K
pulling 0624ba75c3ce:  18% ▕███               ▏ 1.4 GB/7.7 GB   12 MB/s   8m21s[K[?25h[?2026l[?2026h[?25l[A[1Gpulling manifest [K
pulling 0624ba75c3ce:  18% ▕███               ▏ 1.4 GB/7.7 GB   12 MB/s   8m21s[K[?25h[?2026l[?2026h[?25l[A[1Gpulling manifest [K
pulling 0624ba75c3ce:  18% ▕███               ▏ 1.4 GB/7.7 GB   12 MB/s   8m21s[K[?25h[?2026l[?2026h[?25l[A[1Gpulling manifest [K
pulling 0624ba75c3ce:  18% ▕███               ▏ 1.4 GB/7.7 GB   12 MB/s   8m21s[K[?25h[?2026l[?2026h[?25l[A[1Gpulling manifest [K
pulling 0624ba75c3ce:  18% ▕███               ▏ 1.4 GB/7.7 GB   12 MB/s   8m17s[K[?25h[?2026l[?2026h[?25l[A[1Gpulling manifest [K
pulling 0624ba75c3ce:  18% ▕███               ▏ 1.4 GB/7.7 GB   12 MB/s   8m17s[K[?25h[?2026l[?2026h[?25l[A[1Gpulling manifest [K
pulling 0624ba75c3ce:  18% ▕███               ▏ 1.4 GB/7.7 GB   12 MB/s   8m17s[K[?25h[?2026l[?2026h[?25l[A[1Gpulling manifest [K
pulling 0624ba75c3ce:  18% ▕███               ▏ 1.4 GB/7.7 GB   12 MB/s   8m17s[K[?25h[?2026l[?2026h[?25l[A[1Gpulling manifest [K
pulling 0624ba75c3ce:  18% ▕███               ▏ 1.4 GB/7.7 GB   12 MB/s   8m17s[K[?25h[?2026l[?2026h[?25l[A[1Gpulling manifest [K
pulling 0624ba75c3ce:  18% ▕███               ▏ 1.4 GB/7.7 GB   12 MB/s   8m17s[K[?25h[?2026l[?2026h[?25l[A[1Gpulling manifest [K
pulling 0624ba75c3ce:  18% ▕███               ▏ 1.4 GB/7.7 GB   12 MB/s   8m17s[K[?25h[?2026l[?2026h[?25l[A[1Gpulling manifest [K
pulling 0624ba75c3ce:  18% ▕███               ▏ 1.4 GB/7.7 GB   12 MB/s   8m17s[K[?25h[?2026l[?2026h[?25l[A[1Gpulling manifest [K
pulling 0624ba75c3ce:  18% ▕███               ▏ 1.4 GB/7.7 GB   12 MB/s   8m16s[K[?25h[?2026l[?2026h[?25l[A[1Gpulling manifest [K
pulling 0624ba75c3ce:  18% ▕███               ▏ 1.4 GB/7.7 GB   12 MB/s   8m16s[K[?25h[?2026l[?2026h[?25l[A[1Gpulling manifest [K
pulling 0624ba75c3ce:  18% ▕███               ▏ 1.4 GB/7.7 GB   12 MB/s   8m11s[K[?25h[?2026l[?2026h[?25l[A[1Gpulling manifest [K
pulling 0624ba75c3ce:  18% ▕███               ▏ 1.4 GB/7.7 GB   12 MB/s   8m11s[K[?25h[?2026l[?2026h[?25l[A[1Gpulling manifest [K
pulling 0624ba75c3ce:  18% ▕███               ▏ 1.4 GB/7.7 GB   12 MB/s   8m11s[K[?25h[?2026l[?2026h[?25l[A[1Gpulling manifest [K
pulling 0624ba75c3ce:  18% ▕███               ▏ 1.4 GB/7.7 GB   12 MB/s   8m11s[K[?25h[?2026l[?2026h[?25l[A[1Gpulling manifest [K
pulling 0624ba75c3ce:  18% ▕███               ▏ 1.4 GB/7.7 GB   12 MB/s   8m11s[K[?25h[?2026l[?2026h[?25l[A[1Gpulling manifest [K
pulling 0624ba75c3ce:  18% ▕███               ▏ 1.4 GB/7.7 GB   12 MB/s   8m11s[K[?25h[?2026l[?2026h[?25l[A[1Gpulling manifest [K
pulling 0624ba75c3ce:  18% ▕███               ▏ 1.4 GB/7.7 GB   12 MB/s   8m11s[K[?25h[?2026l[?2026h[?25l[A[1Gpulling manifest [K
pulling 0624ba75c3ce:  18% ▕███               ▏ 1.4 GB/7.7 GB   12 MB/s   8m10s[K[?25h[?2026l[?2026h[?25l[A[1Gpulling manifest [K
pulling 0624ba75c3ce:  18% ▕███               ▏ 1.4 GB/7.7 GB   12 MB/s   8m10s[K[?25h[?2026l[?2026h[?25l[A[1Gpulling manifest [K
pulling 0624ba75c3ce:  18% ▕███               ▏ 1.4 GB/7.7 GB   12 MB/s   8m10s[K[?25h[?2026l[?2026h[?25l[A[1Gpulling manifest [K
pulling 0624ba75c3ce:  18% ▕███               ▏ 1.4 GB/7.7 GB   12 MB/s   8m10s[K[?25h[?2026l[?2026h[?25l[A[1Gpulling manifest [K
pulling 0624ba75c3ce:  18% ▕███               ▏ 1.4 GB/7.7 GB   12 MB/s    8m6s[K[?25h[?2026l[?2026h[?25l[A[1Gpulling manifest [K
pulling 0624ba75c3ce:  18% ▕███               ▏ 1.4 GB/7.7 GB   12 MB/s    8m6s[K[?25h[?2026l[?2026h[?25l[A[1Gpulling manifest [K
pulling 0624ba75c3ce:  18% ▕███               ▏ 1.4 GB/7.7 GB   12 MB/s    8m6s[K[?25h[?2026l[?2026h[?25l[A[1Gpulling manifest [K
pulling 0624ba75c3ce:  18% ▕███               ▏ 1.4 GB/7.7 GB   12 MB/s    8m6s[K[?25h[?2026l[?2026h[?25l[A[1Gpulling manifest [K
pulling 0624ba75c3ce:  18% ▕███               ▏ 1.4 GB/7.7 GB   12 MB/s    8m6s[K[?25h[?2026l[?2026h[?25l[A[1Gpulling manifest [K
pulling 0624ba75c3ce:  18% ▕███               ▏ 1.4 GB/7.7 GB   12 MB/s    8m6s[K[?25h[?2026l[?2026h[?25l[A[1Gpulling manifest [K
pulling 0624ba75c3ce:  18% ▕███               ▏ 1.4 GB/7.7 GB   12 MB/s    8m6s[K[?25h[?2026l[?2026h[?25l[A[1Gpulling manifest [K
pulling 0624ba75c3ce:  18% ▕███               ▏ 1.4 GB/7.7 GB   12 MB/s    8m6s[K[?25h[?2026l[?2026h[?25l[A[1Gpulling manifest [K
pulling 0624ba75c3ce:  18% ▕███               ▏ 1.4 GB/7.7 GB   12 MB/s    8m6s[K[?25h[?2026l[?2026h[?25l[A[1Gpulling manifest [K
pulling 0624ba75c3ce:  18% ▕███               ▏ 1.4 GB/7.7 GB   12 MB/s    8m5s[K[?25h[?2026l[?2026h[?25l[A[1Gpulling manifest [K
pulling 0624ba75c3ce:  18% ▕███               ▏ 1.4 GB/7.7 GB   12 MB/s   8m19s[K[?25h[?2026l[?2026h[?25l[A[1Gpulling manifest [K
pulling 0624ba75c3ce:  18% ▕███               ▏ 1.4 GB/7.7 GB   12 MB/s   8m19s[K[?25h[?2026l[?2026h[?25l[A[1Gpulling manifest [K
pulling 0624ba75c3ce:  18% ▕███               ▏ 1.4 GB/7.7 GB   12 MB/s   8m19s[K[?25h[?2026l[?2026h[?25l[A[1Gpulling manifest [K
pulling 0624ba75c3ce:  18% ▕███               ▏ 1.4 GB/7.7 GB   12 MB/s   8m18s[K[?25h[?2026l[?2026h[?25l[A[1Gpulling manifest [K
pulling 0624ba75c3ce:  18% ▕███               ▏ 1.4 GB/7.7 GB   12 MB/s   8m18s[K[?25h[?2026l[?2026h[?25l[A[1Gpulling manifest [K
pulling 0624ba75c3ce:  18% ▕███               ▏ 1.4 GB/7.7 GB   12 MB/s   8m18s[K[?25h[?2026l[?2026h[?25l[A[1Gpulling manifest [K
pulling 0624ba75c3ce:  18% ▕███               ▏ 1.4 GB/7.7 GB   12 MB/s   8m18s[K[?25h[?2026l[?2026h[?25l[A[1Gpulling manifest [K
pulling 0624ba75c3ce:  18% ▕███               ▏ 1.4 GB/7.7 GB   12 MB/s   8m18s[K[?25h[?2026l[?2026h[?25l[A[1Gpulling manifest [K
pulling 0624ba75c3ce:  18% ▕███               ▏ 1.4 GB/7.7 GB   12 MB/s   8m18s[K[?25h[?2026l[?2026h[?25l[A[1Gpulling manifest [K
pulling 0624ba75c3ce:  19% ▕███               ▏ 1.4 GB/7.7 GB   12 MB/s   8m18s[K[?25h[?2026l[?2026h[?25l[A[1Gpulling manifest [K
pulling 0624ba75c3ce:  19% ▕███               ▏ 1.4 GB/7.7 GB   12 MB/s   8m18s[K[?25h[?2026l[?2026h[?25l[A[1Gpulling manifest [K
pulling 0624ba75c3ce:  19% ▕███               ▏ 1.4 GB/7.7 GB   12 MB/s   8m18s[K[?25h[?2026l[?2026h[?25l[A[1Gpulling manifest [K
pulling 0624ba75c3ce:  19% ▕███               ▏ 1.4 GB/7.7 GB   12 MB/s   8m18s[K[?25h[?2026l[?2026h[?25l[A[1Gpulling manifest [K
pulling 0624ba75c3ce:  19% ▕███               ▏ 1.4 GB/7.7 GB   12 MB/s   8m18s[K[?25h[?2026l[?2026h[?25l[A[1Gpulling manifest [K
pulling 0624ba75c3ce:  19% ▕███               ▏ 1.4 GB/7.7 GB   12 MB/s   8m18s[K[?25h[?2026l[?2026h[?25l[A[1Gpulling manifest [K
pulling 0624ba75c3ce:  19% ▕███               ▏ 1.4 GB/7.7 GB   12 MB/s   8m18s[K[?25h[?2026l[?2026h[?25l[A[1Gpulling manifest [K
pulling 0624ba75c3ce:  19% ▕███               ▏ 1.4 GB/7.7 GB   12 MB/s   8m18s[K[?25h[?2026l[?2026h[?25l[A[1Gpulling manifest [K
pulling 0624ba75c3ce:  19% ▕███               ▏ 1.4 GB/7.7 GB   12 MB/s   8m18s[K[?25h[?2026l[?2026h[?25l[A[1Gpulling manifest [K
pulling 0624ba75c3ce:  19% ▕███               ▏ 1.4 GB/7.7 GB   12 MB/s   8m18s[K[?25h[?2026l[?2026h[?25l[A[1Gpulling manifest [K
pulling 0624ba75c3ce:  19% ▕███               ▏ 1.4 GB/7.7 GB   12 MB/s   8m17s[K[?25h[?2026l[?2026h[?25l[A[1Gpulling manifest [K
pulling 0624ba75c3ce:  19% ▕███               ▏ 1.4 GB/7.7 GB   12 MB/s   8m15s[K[?25h[?2026l[?2026h[?25l[A[1Gpulling manifest [K
pulling 0624ba75c3ce:  19% ▕███               ▏ 1.4 GB/7.7 GB   12 MB/s   8m15s[K[?25h[?2026l[?2026h[?25l[A[1Gpulling manifest [K
pulling 0624ba75c3ce:  19% ▕███               ▏ 1.4 GB/7.7 GB   12 MB/s   8m15s[K[?25h[?2026l[?2026h[?25l[A[1Gpulling manifest [K
pulling 0624ba75c3ce:  19% ▕███               ▏ 1.4 GB/7.7 GB   12 MB/s   8m15s[K[?25h[?2026l[?2026h[?25l[A[1Gpulling manifest [K
pulling 0624ba75c3ce:  19% ▕███               ▏ 1.4 GB/7.7 GB   12 MB/s   8m15s[K[?25h[?2026l[?2026h[?25l[A[1Gpulling manifest [K
pulling 0624ba75c3ce:  19% ▕███               ▏ 1.4 GB/7.7 GB   12 MB/s   8m15s[K[?25h[?2026l[?2026h[?25l[A[1Gpulling manifest [K
pulling 0624ba75c3ce:  19% ▕███               ▏ 1.4 GB/7.7 GB   12 MB/s   8m15s[K[?25h[?2026l[?2026h[?25l[A[1Gpulling manifest [K
pulling 0624ba75c3ce:  19% ▕███               ▏ 1.4 GB/7.7 GB   12 MB/s   8m15s[K[?25h[?2026l[?2026h[?25l[A[1Gpulling manifest [K
pulling 0624ba75c3ce:  19% ▕███               ▏ 1.4 GB/7.7 GB   12 MB/s   8m15s[K[?25h[?2026l[?2026h[?25l[A[1Gpulling manifest [K
pulling 0624ba75c3ce:  19% ▕███               ▏ 1.4 GB/7.7 GB   12 MB/s   8m15s[K[?25h[?2026l[?2026h[?25l[A[1Gpulling manifest [K
pulling 0624ba75c3ce:  19% ▕███               ▏ 1.4 GB/7.7 GB   12 MB/s   8m19s[K[?25h[?2026l[?2026h[?25l[A[1Gpulling manifest [K
pulling 0624ba75c3ce:  19% ▕███               ▏ 1.4 GB/7.7 GB   12 MB/s   8m19s[K[?25h[?2026l[?2026h[?25l[A[1Gpulling manifest [K
pulling 0624ba75c3ce:  19% ▕███               ▏ 1.5 GB/7.7 GB   12 MB/s   8m19s[K[?25h[?2026l[?2026h[?25l[A[1Gpulling manifest [K
pulling 0624ba75c3ce:  19% ▕███               ▏ 1.5 GB/7.7 GB   12 MB/s   8m19s[K[?25h[?2026l[?2026h[?25l[A[1Gpulling manifest [K
pulling 0624ba75c3ce:  19% ▕███               ▏ 1.5 GB/7.7 GB   12 MB/s   8m19s[K[?25h[?2026l[?2026h[?25l[A[1Gpulling manifest [K
pulling 0624ba75c3ce:  19% ▕███               ▏ 1.5 GB/7.7 GB   12 MB/s   8m19s[K[?25h[?2026l[?2026h[?25l[A[1Gpulling manifest [K
pulling 0624ba75c3ce:  19% ▕███               ▏ 1.5 GB/7.7 GB   12 MB/s   8m19s[K[?25h[?2026l[?2026h[?25l[A[1Gpulling manifest [K
pulling 0624ba75c3ce:  19% ▕███               ▏ 1.5 GB/7.7 GB   12 MB/s   8m19s[K[?25h[?2026l[?2026h[?25l[A[1Gpulling manifest [K
pulling 0624ba75c3ce:  19% ▕███               ▏ 1.5 GB/7.7 GB   12 MB/s   8m18s[K[?25h[?2026l[?2026h[?25l[A[1Gpulling manifest [K
pulling 0624ba75c3ce:  19% ▕███               ▏ 1.5 GB/7.7 GB   12 MB/s   8m18s[K[?25h[?2026l[?2026h[?25l[A[1Gpulling manifest [K
pulling 0624ba75c3ce:  19% ▕███               ▏ 1.5 GB/7.7 GB   12 MB/s   8m18s[K[?25h[?2026l[?2026h[?25l[A[1Gpulling manifest [K
pulling 0624ba75c3ce:  19% ▕███               ▏ 1.5 GB/7.7 GB   12 MB/s   8m19s[K[?25h[?2026l[?2026h[?25l[A[1Gpulling manifest [K
pulling 0624ba75c3ce:  19% ▕███               ▏ 1.5 GB/7.7 GB   12 MB/s   8m19s[K[?25h[?2026l[?2026h[?25l[A[1Gpulling manifest [K
pulling 0624ba75c3ce:  19% ▕███               ▏ 1.5 GB/7.7 GB   12 MB/s   8m19s[K[?25h[?2026l[?2026h[?25l[A[1Gpulling manifest [K
pulling 0624ba75c3ce:  19% ▕███               ▏ 1.5 GB/7.7 GB   12 MB/s   8m18s[K[?25h[?2026l[?2026h[?25l[A[1Gpulling manifest [K
pulling 0624ba75c3ce:  19% ▕███               ▏ 1.5 GB/7.7 GB   12 MB/s   8m18s[K[?25h[?2026l[?2026h[?25l[A[1Gpulling manifest [K
pulling 0624ba75c3ce:  19% ▕███               ▏ 1.5 GB/7.7 GB   12 MB/s   8m18s[K[?25h[?2026l[?2026h[?25l[A[1Gpulling manifest [K
pulling 0624ba75c3ce:  19% ▕███               ▏ 1.5 GB/7.7 GB   12 MB/s   8m18s[K[?25h[?2026l[?2026h[?25l[A[1Gpulling manifest [K
pulling 0624ba75c3ce:  19% ▕███               ▏ 1.5 GB/7.7 GB   12 MB/s   8m18s[K[?25h[?2026l[?2026h[?25l[A[1Gpulling manifest [K
pulling 0624ba75c3ce:  19% ▕███               ▏ 1.5 GB/7.7 GB   12 MB/s   8m18s[K[?25h[?2026l[?2026h[?25l[A[1Gpulling manifest [K
pulling 0624ba75c3ce:  19% ▕███               ▏ 1.5 GB/7.7 GB   12 MB/s   8m18s[K[?25h[?2026l[?2026h[?25l[A[1Gpulling manifest [K
pulling 0624ba75c3ce:  19% ▕███               ▏ 1.5 GB/7.7 GB   12 MB/s   8m22s[K[?25h[?2026l[?2026h[?25l[A[1Gpulling manifest [K
pulling 0624ba75c3ce:  19% ▕███               ▏ 1.5 GB/7.7 GB   12 MB/s   8m22s[K[?25h[?2026l[?2026h[?25l[A[1Gpulling manifest [K
pulling 0624ba75c3ce:  19% ▕███               ▏ 1.5 GB/7.7 GB   12 MB/s   8m21s[K[?25h[?2026l[?2026h[?25l[A[1Gpulling manifest [K
pulling 0624ba75c3ce:  19% ▕███               ▏ 1.5 GB/7.7 GB   12 MB/s   8m21s[K[?25h[?2026l[?2026h[?25l[A[1Gpulling manifest [K
pulling 0624ba75c3ce:  19% ▕███               ▏ 1.5 GB/7.7 GB   12 MB/s   8m21s[K[?25h[?2026l[?2026h[?25l[A[1Gpulling manifest [K
pulling 0624ba75c3ce:  19% ▕███               ▏ 1.5 GB/7.7 GB   12 MB/s   8m21s[K[?25h[?2026l[?2026h[?25l[A[1Gpulling manifest [K
pulling 0624ba75c3ce:  19% ▕███               ▏ 1.5 GB/7.7 GB   12 MB/s   8m21s[K[?25h[?2026l[?2026h[?25l[A[1Gpulling manifest [K
pulling 0624ba75c3ce:  19% ▕███               ▏ 1.5 GB/7.7 GB   12 MB/s   8m21s[K[?25h[?2026l[?2026h[?25l[A[1Gpulling manifest [K
pulling 0624ba75c3ce:  19% ▕███               ▏ 1.5 GB/7.7 GB   12 MB/s   8m21s[K[?25h[?2026l[?2026h[?25l[A[1Gpulling manifest [K
pulling 0624ba75c3ce:  19% ▕███               ▏ 1.5 GB/7.7 GB   12 MB/s   8m21s[K[?25h[?2026l[?2026h[?25l[A[1Gpulling manifest [K
pulling 0624ba75c3ce:  19% ▕███               ▏ 1.5 GB/7.7 GB   12 MB/s   8m22s[K[?25h[?2026l[?2026h[?25l[A[1Gpulling manifest [K
pulling 0624ba75c3ce:  19% ▕███               ▏ 1.5 GB/7.7 GB   12 MB/s   8m22s[K[?25h[?2026l[?2026h[?25l[A[1Gpulling manifest [K
pulling 0624ba75c3ce:  19% ▕███               ▏ 1.5 GB/7.7 GB   12 MB/s   8m22s[K[?25h[?2026l[?2026h[?25l[A[1Gpulling manifest [K
pulling 0624ba75c3ce:  19% ▕███               ▏ 1.5 GB/7.7 GB   12 MB/s   8m22s[K[?25h[?2026l[?2026h[?25l[A[1Gpulling manifest [K
pulling 0624ba75c3ce:  19% ▕███               ▏ 1.5 GB/7.7 GB   12 MB/s   8m21s[K[?25h[?2026l[?2026h[?25l[A[1Gpulling manifest [K
pulling 0624ba75c3ce:  19% ▕███               ▏ 1.5 GB/7.7 GB   12 MB/s   8m21s[K[?25h[?2026l[?2026h[?25l[A[1Gpulling manifest [K
pulling 0624ba75c3ce:  19% ▕███               ▏ 1.5 GB/7.7 GB   12 MB/s   8m21s[K[?25h[?2026l[?2026h[?25l[A[1Gpulling manifest [K
pulling 0624ba75c3ce:  19% ▕███               ▏ 1.5 GB/7.7 GB   12 MB/s   8m21s[K[?25h[?2026l[?2026h[?25l[A[1Gpulling manifest [K
pulling 0624ba75c3ce:  19% ▕███               ▏ 1.5 GB/7.7 GB   12 MB/s   8m21s[K[?25h[?2026l[?2026h[?25l[A[1Gpulling manifest [K
pulling 0624ba75c3ce:  19% ▕███               ▏ 1.5 GB/7.7 GB   12 MB/s   8m21s[K[?25h[?2026l[?2026h[?25l[A[1Gpulling manifest [K
pulling 0624ba75c3ce:  19% ▕███               ▏ 1.5 GB/7.7 GB   12 MB/s   8m26s[K[?25h[?2026l[?2026h[?25l[A[1Gpulling manifest [K
pulling 0624ba75c3ce:  19% ▕███               ▏ 1.5 GB/7.7 GB   12 MB/s   8m26s[K[?25h[?2026l[?2026h[?25l[A[1Gpulling manifest [K
pulling 0624ba75c3ce:  19% ▕███               ▏ 1.5 GB/7.7 GB   12 MB/s   8m26s[K[?25h[?2026l[?2026h[?25l[A[1Gpulling manifest [K
pulling 0624ba75c3ce:  19% ▕███               ▏ 1.5 GB/7.7 GB   12 MB/s   8m25s[K[?25h[?2026l[?2026h[?25l[A[1Gpulling manifest [K
pulling 0624ba75c3ce:  20% ▕███               ▏ 1.5 GB/7.7 GB   12 MB/s   8m25s[K[?25h[?2026l[?2026h[?25l[A[1Gpulling manifest [K
pulling 0624ba75c3ce:  20% ▕███               ▏ 1.5 GB/7.7 GB   12 MB/s   8m25s[K[?25h[?2026l[?2026h[?25l[A[1Gpulling manifest [K
pulling 0624ba75c3ce:  20% ▕███               ▏ 1.5 GB/7.7 GB   12 MB/s   8m25s[K[?25h[?2026l[?2026h[?25l[A[1Gpulling manifest [K
pulling 0624ba75c3ce:  20% ▕███               ▏ 1.5 GB/7.7 GB   12 MB/s   8m25s[K[?25h[?2026l[?2026h[?25l[A[1Gpulling manifest [K
pulling 0624ba75c3ce:  20% ▕███               ▏ 1.5 GB/7.7 GB   12 MB/s   8m25s[K[?25h[?2026l[?2026h[?25l[A[1Gpulling manifest [K
pulling 0624ba75c3ce:  20% ▕███               ▏ 1.5 GB/7.7 GB   12 MB/s   8m25s[K[?25h[?2026l[?2026h[?25l[A[1Gpulling manifest [K
pulling 0624ba75c3ce:  20% ▕███               ▏ 1.5 GB/7.7 GB   12 MB/s   8m30s[K[?25h[?2026l[?2026h[?25l[A[1Gpulling manifest [K
pulling 0624ba75c3ce:  20% ▕███               ▏ 1.5 GB/7.7 GB   12 MB/s   8m30s[K[?25h[?2026l[?2026h[?25l[A[1Gpulling manifest [K
pulling 0624ba75c3ce:  20% ▕███               ▏ 1.5 GB/7.7 GB   12 MB/s   8m30s[K[?25h[?2026l[?2026h[?25l[A[1Gpulling manifest [K
pulling 0624ba75c3ce:  20% ▕███               ▏ 1.5 GB/7.7 GB   12 MB/s   8m30s[K[?25h[?2026l[?2026h[?25l[A[1Gpulling manifest [K
pulling 0624ba75c3ce:  20% ▕███               ▏ 1.5 GB/7.7 GB   12 MB/s   8m30s[K[?25h[?2026l[?2026h[?25l[A[1Gpulling manifest [K
pulling 0624ba75c3ce:  20% ▕███               ▏ 1.5 GB/7.7 GB   12 MB/s   8m30s[K[?25h[?2026l[?2026h[?25l[A[1Gpulling manifest [K
pulling 0624ba75c3ce:  20% ▕███               ▏ 1.5 GB/7.7 GB   12 MB/s   8m30s[K[?25h[?2026l[?2026h[?25l[A[1Gpulling manifest [K
pulling 0624ba75c3ce:  20% ▕███               ▏ 1.5 GB/7.7 GB   12 MB/s   8m30s[K[?25h[?2026l[?2026h[?25l[A[1Gpulling manifest [K
pulling 0624ba75c3ce:  20% ▕███               ▏ 1.5 GB/7.7 GB   12 MB/s   8m30s[K[?25h[?2026l[?2026h[?25l[A[1Gpulling manifest [K
pulling 0624ba75c3ce:  20% ▕███               ▏ 1.5 GB/7.7 GB   12 MB/s   8m29s[K[?25h[?2026l[?2026h[?25l[A[1Gpulling manifest [K
pulling 0624ba75c3ce:  20% ▕███               ▏ 1.5 GB/7.7 GB   12 MB/s   8m29s[K[?25h[?2026l[?2026h[?25l[A[1Gpulling manifest [K
pulling 0624ba75c3ce:  20% ▕███               ▏ 1.5 GB/7.7 GB   12 MB/s   8m22s[K[?25h[?2026l[?2026h[?25l[A[1Gpulling manifest [K
pulling 0624ba75c3ce:  20% ▕███               ▏ 1.5 GB/7.7 GB   12 MB/s   8m22s[K[?25h[?2026l[?2026h[?25l[A[1Gpulling manifest [K
pulling 0624ba75c3ce:  20% ▕███               ▏ 1.5 GB/7.7 GB   12 MB/s   8m22s[K[?25h[?2026l[?2026h[?25l[A[1Gpulling manifest [K
pulling 0624ba75c3ce:  20% ▕███               ▏ 1.5 GB/7.7 GB   12 MB/s   8m21s[K[?25h[?2026l[?2026h[?25l[A[1Gpulling manifest [K
pulling 0624ba75c3ce:  20% ▕███               ▏ 1.5 GB/7.7 GB   12 MB/s   8m21s[K[?25h[?2026l[?2026h[?25l[A[1Gpulling manifest [K
pulling 0624ba75c3ce:  20% ▕███               ▏ 1.5 GB/7.7 GB   12 MB/s   8m21s[K[?25h[?2026l[?2026h[?25l[A[1Gpulling manifest [K
pulling 0624ba75c3ce:  20% ▕███               ▏ 1.5 GB/7.7 GB   12 MB/s   8m21s[K[?25h[?2026l[?2026h[?25l[A[1Gpulling manifest [K
pulling 0624ba75c3ce:  20% ▕███               ▏ 1.5 GB/7.7 GB   12 MB/s   8m21s[K[?25h[?2026l[?2026h[?25l[A[1Gpulling manifest [K
pulling 0624ba75c3ce:  20% ▕███               ▏ 1.5 GB/7.7 GB   12 MB/s   8m21s[K[?25h[?2026l[?2026h[?25l[A[1Gpulling manifest [K
pulling 0624ba75c3ce:  20% ▕███               ▏ 1.5 GB/7.7 GB   12 MB/s   8m21s[K[?25h[?2026l[?2026h[?25l[A[1Gpulling manifest [K
pulling 0624ba75c3ce:  20% ▕███               ▏ 1.5 GB/7.7 GB   12 MB/s   8m26s[K[?25h[?2026l[?2026h[?25l[A[1Gpulling manifest [K
pulling 0624ba75c3ce:  20% ▕███               ▏ 1.5 GB/7.7 GB   12 MB/s   8m26s[K[?25h[?2026l[?2026h[?25l[A[1Gpulling manifest [K
pulling 0624ba75c3ce:  20% ▕███               ▏ 1.5 GB/7.7 GB   12 MB/s   8m26s[K[?25h[?2026l[?2026h[?25l[A[1Gpulling manifest [K
pulling 0624ba75c3ce:  20% ▕███               ▏ 1.5 GB/7.7 GB   12 MB/s   8m26s[K[?25h[?2026l[?2026h[?25l[A[1Gpulling manifest [K
pulling 0624ba75c3ce:  20% ▕███               ▏ 1.5 GB/7.7 GB   12 MB/s   8m26s[K[?25h[?2026l[?2026h[?25l[A[1Gpulling manifest [K
pulling 0624ba75c3ce:  20% ▕███               ▏ 1.5 GB/7.7 GB   12 MB/s   8m25s[K[?25h[?2026l[?2026h[?25l[A[1Gpulling manifest [K
pulling 0624ba75c3ce:  20% ▕███               ▏ 1.5 GB/7.7 GB   12 MB/s   8m25s[K[?25h[?2026l[?2026h[?25l[A[1Gpulling manifest [K
pulling 0624ba75c3ce:  20% ▕███               ▏ 1.5 GB/7.7 GB   12 MB/s   8m25s[K[?25h[?2026l[?2026h[?25l[A[1Gpulling manifest [K
pulling 0624ba75c3ce:  20% ▕███               ▏ 1.5 GB/7.7 GB   12 MB/s   8m25s[K[?25h[?2026l[?2026h[?25l[A[1Gpulling manifest [K
pulling 0624ba75c3ce:  20% ▕███               ▏ 1.5 GB/7.7 GB   12 MB/s   8m25s[K[?25h[?2026l[?2026h[?25l[A[1Gpulling manifest [K
pulling 0624ba75c3ce:  20% ▕███               ▏ 1.5 GB/7.7 GB   11 MB/s   8m35s[K[?25h[?2026l[?2026h[?25l[A[1Gpulling manifest [K
pulling 0624ba75c3ce:  20% ▕███               ▏ 1.5 GB/7.7 GB   11 MB/s   8m35s[K[?25h[?2026l[?2026h[?25l[A[1Gpulling manifest [K
pulling 0624ba75c3ce:  20% ▕███               ▏ 1.5 GB/7.7 GB   11 MB/s   8m35s[K[?25h[?2026l[?2026h[?25l[A[1Gpulling manifest [K
pulling 0624ba75c3ce:  20% ▕███               ▏ 1.5 GB/7.7 GB   11 MB/s   8m35s[K[?25h[?2026l[?2026h[?25l[A[1Gpulling manifest [K
pulling 0624ba75c3ce:  20% ▕███               ▏ 1.5 GB/7.7 GB   11 MB/s   8m35s[K[?25h[?2026l[?2026h[?25l[A[1Gpulling manifest [K
pulling 0624ba75c3ce:  20% ▕███               ▏ 1.5 GB/7.7 GB   11 MB/s   8m35s[K[?25h[?2026l[?2026h[?25l[A[1Gpulling manifest [K
pulling 0624ba75c3ce:  20% ▕███               ▏ 1.5 GB/7.7 GB   11 MB/s   8m35s[K[?25h[?2026l[?2026h[?25l[A[1Gpulling manifest [K
pulling 0624ba75c3ce:  20% ▕███               ▏ 1.5 GB/7.7 GB   11 MB/s   8m35s[K[?25h[?2026l[?2026h[?25l[A[1Gpulling manifest [K
pulling 0624ba75c3ce:  20% ▕███               ▏ 1.6 GB/7.7 GB   11 MB/s   8m35s[K[?25h[?2026l[?2026h[?25l[A[1Gpulling manifest [K
pulling 0624ba75c3ce:  20% ▕███               ▏ 1.6 GB/7.7 GB   11 MB/s   8m35s[K[?25h[?2026l[?2026h[?25l[A[1Gpulling manifest [K
pulling 0624ba75c3ce:  20% ▕███               ▏ 1.6 GB/7.7 GB   11 MB/s   8m53s[K[?25h[?2026l[?2026h[?25l[A[1Gpulling manifest [K
pulling 0624ba75c3ce:  20% ▕███               ▏ 1.6 GB/7.7 GB   11 MB/s   8m53s[K[?25h[?2026l[?2026h[?25l[A[1Gpulling manifest [K
pulling 0624ba75c3ce:  20% ▕███               ▏ 1.6 GB/7.7 GB   11 MB/s   8m53s[K[?25h[?2026l[?2026h[?25l[A[1Gpulling manifest [K
pulling 0624ba75c3ce:  20% ▕███               ▏ 1.6 GB/7.7 GB   11 MB/s   8m53s[K[?25h[?2026l[?2026h[?25l[A[1Gpulling manifest [K
pulling 0624ba75c3ce:  20% ▕███               ▏ 1.6 GB/7.7 GB   11 MB/s   8m53s[K[?25h[?2026l[?2026h[?25l[A[1Gpulling manifest [K
pulling 0624ba75c3ce:  20% ▕███               ▏ 1.6 GB/7.7 GB   11 MB/s   8m53s[K[?25h[?2026l[?2026h[?25l[A[1Gpulling manifest [K
pulling 0624ba75c3ce:  20% ▕███               ▏ 1.6 GB/7.7 GB   11 MB/s   8m53s[K[?25h[?2026l[?2026h[?25l[A[1Gpulling manifest [K
pulling 0624ba75c3ce:  20% ▕███               ▏ 1.6 GB/7.7 GB   11 MB/s   8m53s[K[?25h[?2026l[?2026h[?25l[A[1Gpulling manifest [K
pulling 0624ba75c3ce:  20% ▕███               ▏ 1.6 GB/7.7 GB   11 MB/s   8m52s[K[?25h[?2026l[?2026h[?25l[A[1Gpulling manifest [K
pulling 0624ba75c3ce:  20% ▕███               ▏ 1.6 GB/7.7 GB   11 MB/s   8m52s[K[?25h[?2026l[?2026h[?25l[A[1Gpulling manifest [K
pulling 0624ba75c3ce:  20% ▕███               ▏ 1.6 GB/7.7 GB   11 MB/s   8m52s[K[?25h[?2026l[?2026h[?25l[A[1Gpulling manifest [K
pulling 0624ba75c3ce:  20% ▕███               ▏ 1.6 GB/7.7 GB   11 MB/s   8m52s[K[?25h[?2026l[?2026h[?25l[A[1Gpulling manifest [K
pulling 0624ba75c3ce:  20% ▕███               ▏ 1.6 GB/7.7 GB   11 MB/s   8m52s[K[?25h[?2026l[?2026h[?25l[A[1Gpulling manifest [K
pulling 0624ba75c3ce:  20% ▕███               ▏ 1.6 GB/7.7 GB   11 MB/s   8m52s[K[?25h[?2026l[?2026h[?25l[A[1Gpulling manifest [K
pulling 0624ba75c3ce:  20% ▕███               ▏ 1.6 GB/7.7 GB   11 MB/s   8m52s[K[?25h[?2026l[?2026h[?25l[A[1Gpulling manifest [K
pulling 0624ba75c3ce:  20% ▕███               ▏ 1.6 GB/7.7 GB   11 MB/s   8m52s[K[?25h[?2026l[?2026h[?25l[A[1Gpulling manifest [K
pulling 0624ba75c3ce:  20% ▕███               ▏ 1.6 GB/7.7 GB   11 MB/s   8m52s[K[?25h[?2026l[?2026h[?25l[A[1Gpulling manifest [K
pulling 0624ba75c3ce:  20% ▕███               ▏ 1.6 GB/7.7 GB   11 MB/s   8m52s[K[?25h[?2026l[?2026h[?25l[A[1Gpulling manifest [K
pulling 0624ba75c3ce:  20% ▕███               ▏ 1.6 GB/7.7 GB   11 MB/s   8m52s[K[?25h[?2026l[?2026h[?25l[A[1Gpulling manifest [K
pulling 0624ba75c3ce:  20% ▕███               ▏ 1.6 GB/7.7 GB   11 MB/s   8m52s[K[?25h[?2026l[?2026h[?25l[A[1Gpulling manifest [K
pulling 0624ba75c3ce:  20% ▕███               ▏ 1.6 GB/7.7 GB   11 MB/s   8m52s[K[?25h[?2026l[?2026h[?25l[A[1Gpulling manifest [K
pulling 0624ba75c3ce:  20% ▕███               ▏ 1.6 GB/7.7 GB   11 MB/s   8m58s[K[?25h[?2026l[?2026h[?25l[A[1Gpulling manifest [K
pulling 0624ba75c3ce:  21% ▕███               ▏ 1.6 GB/7.7 GB   11 MB/s   8m57s[K[?25h[?2026l[?2026h[?25l[A[1Gpulling manifest [K
pulling 0624ba75c3ce:  21% ▕███               ▏ 1.6 GB/7.7 GB   11 MB/s   8m57s[K[?25h[?2026l[?2026h[?25l[A[1Gpulling manifest [K
pulling 0624ba75c3ce:  21% ▕███               ▏ 1.6 GB/7.7 GB   11 MB/s   8m57s[K[?25h[?2026l[?2026h[?25l[A[1Gpulling manifest [K
pulling 0624ba75c3ce:  21% ▕███               ▏ 1.6 GB/7.7 GB   11 MB/s   8m57s[K[?25h[?2026l[?2026h[?25l[A[1Gpulling manifest [K
pulling 0624ba75c3ce:  21% ▕███               ▏ 1.6 GB/7.7 GB   11 MB/s   8m57s[K[?25h[?2026l[?2026h[?25l[A[1Gpulling manifest [K
pulling 0624ba75c3ce:  21% ▕███               ▏ 1.6 GB/7.7 GB   11 MB/s   8m57s[K[?25h[?2026l[?2026h[?25l[A[1Gpulling manifest [K
pulling 0624ba75c3ce:  21% ▕███               ▏ 1.6 GB/7.7 GB   11 MB/s   8m57s[K[?25h[?2026l[?2026h[?25l[A[1Gpulling manifest [K
pulling 0624ba75c3ce:  21% ▕███               ▏ 1.6 GB/7.7 GB   11 MB/s   8m57s[K[?25h[?2026l[?2026h[?25l[A[1Gpulling manifest [K
pulling 0624ba75c3ce:  21% ▕███               ▏ 1.6 GB/7.7 GB   11 MB/s   8m57s[K[?25h[?2026l[?2026h[?25l[A[1Gpulling manifest [K
pulling 0624ba75c3ce:  21% ▕███               ▏ 1.6 GB/7.7 GB   11 MB/s   8m58s[K[?25h[?2026l[?2026h[?25l[A[1Gpulling manifest [K
pulling 0624ba75c3ce:  21% ▕███               ▏ 1.6 GB/7.7 GB   11 MB/s   8m58s[K[?25h[?2026l[?2026h[?25l[A[1Gpulling manifest [K
pulling 0624ba75c3ce:  21% ▕███               ▏ 1.6 GB/7.7 GB   11 MB/s   8m58s[K[?25h[?2026l[?2026h[?25l[A[1Gpulling manifest [K
pulling 0624ba75c3ce:  21% ▕███               ▏ 1.6 GB/7.7 GB   11 MB/s   8m58s[K[?25h[?2026l[?2026h[?25l[A[1Gpulling manifest [K
pulling 0624ba75c3ce:  21% ▕███               ▏ 1.6 GB/7.7 GB   11 MB/s   8m58s[K[?25h[?2026l[?2026h[?25l[A[1Gpulling manifest [K
pulling 0624ba75c3ce:  21% ▕███               ▏ 1.6 GB/7.7 GB   11 MB/s   8m58s[K[?25h[?2026l[?2026h[?25l[A[1Gpulling manifest [K
pulling 0624ba75c3ce:  21% ▕███               ▏ 1.6 GB/7.7 GB   11 MB/s   8m58s[K[?25h[?2026l[?2026h[?25l[A[1Gpulling manifest [K
pulling 0624ba75c3ce:  21% ▕███               ▏ 1.6 GB/7.7 GB   11 MB/s   8m57s[K[?25h[?2026l[?2026h[?25l[A[1Gpulling manifest [K
pulling 0624ba75c3ce:  21% ▕███               ▏ 1.6 GB/7.7 GB   11 MB/s   8m57s[K[?25h[?2026l[?2026h[?25l[A[1Gpulling manifest [K
pulling 0624ba75c3ce:  21% ▕███               ▏ 1.6 GB/7.7 GB   11 MB/s   8m57s[K[?25h[?2026l[?2026h[?25l[A[1Gpulling manifest [K
pulling 0624ba75c3ce:  21% ▕███               ▏ 1.6 GB/7.7 GB   11 MB/s    9m2s[K[?25h[?2026l[?2026h[?25l[A[1Gpulling manifest [K
pulling 0624ba75c3ce:  21% ▕███               ▏ 1.6 GB/7.7 GB   11 MB/s    9m2s[K[?25h[?2026l[?2026h[?25l[A[1Gpulling manifest [K
pulling 0624ba75c3ce:  21% ▕███               ▏ 1.6 GB/7.7 GB   11 MB/s    9m2s[K[?25h[?2026l[?2026h[?25l[A[1Gpulling manifest [K
pulling 0624ba75c3ce:  21% ▕███               ▏ 1.6 GB/7.7 GB   11 MB/s    9m2s[K[?25h[?2026l[?2026h[?25l[A[1Gpulling manifest [K
pulling 0624ba75c3ce:  21% ▕███               ▏ 1.6 GB/7.7 GB   11 MB/s    9m2s[K[?25h[?2026l[?2026h[?25l[A[1Gpulling manifest [K
pulling 0624ba75c3ce:  21% ▕███               ▏ 1.6 GB/7.7 GB   11 MB/s    9m2s[K[?25h[?2026l[?2026h[?25l[A[1Gpulling manifest [K
pulling 0624ba75c3ce:  21% ▕███               ▏ 1.6 GB/7.7 GB   11 MB/s    9m2s[K[?25h[?2026l[?2026h[?25l[A[1Gpulling manifest [K
pulling 0624ba75c3ce:  21% ▕███               ▏ 1.6 GB/7.7 GB   11 MB/s    9m1s[K[?25h[?2026l[?2026h[?25l[A[1Gpulling manifest [K
pulling 0624ba75c3ce:  21% ▕███               ▏ 1.6 GB/7.7 GB   11 MB/s    9m1s[K[?25h[?2026l[?2026h[?25l[A[1Gpulling manifest [K
pulling 0624ba75c3ce:  21% ▕███               ▏ 1.6 GB/7.7 GB   11 MB/s    9m1s[K[?25h[?2026l[?2026h[?25l[A[1Gpulling manifest [K
pulling 0624ba75c3ce:  21% ▕███               ▏ 1.6 GB/7.7 GB   10 MB/s   9m13s[K[?25h[?2026l[?2026h[?25l[A[1Gpulling manifest [K
pulling 0624ba75c3ce:  21% ▕███               ▏ 1.6 GB/7.7 GB   10 MB/s   9m13s[K[?25h[?2026l[?2026h[?25l[A[1Gpulling manifest [K
pulling 0624ba75c3ce:  21% ▕███               ▏ 1.6 GB/7.7 GB   10 MB/s   9m13s[K[?25h[?2026l[?2026h[?25l[A[1Gpulling manifest [K
pulling 0624ba75c3ce:  21% ▕███               ▏ 1.6 GB/7.7 GB   10 MB/s   9m13s[K[?25h[?2026l[?2026h[?25l[A[1Gpulling manifest [K
pulling 0624ba75c3ce:  21% ▕███               ▏ 1.6 GB/7.7 GB   10 MB/s   9m13s[K[?25h[?2026l[?2026h[?25l[A[1Gpulling manifest [K
pulling 0624ba75c3ce:  21% ▕███               ▏ 1.6 GB/7.7 GB   10 MB/s   9m13s[K[?25h[?2026l[?2026h[?25l[A[1Gpulling manifest [K
pulling 0624ba75c3ce:  21% ▕███               ▏ 1.6 GB/7.7 GB   10 MB/s   9m13s[K[?25h[?2026l[?2026h[?25l[A[1Gpulling manifest [K
pulling 0624ba75c3ce:  21% ▕███               ▏ 1.6 GB/7.7 GB   10 MB/s   9m12s[K[?25h[?2026l[?2026h[?25l[A[1Gpulling manifest [K
pulling 0624ba75c3ce:  21% ▕███               ▏ 1.6 GB/7.7 GB   10 MB/s   9m12s[K[?25h[?2026l[?2026h[?25l[A[1Gpulling manifest [K
pulling 0624ba75c3ce:  21% ▕███               ▏ 1.6 GB/7.7 GB   10 MB/s   9m12s[K[?25h[?2026l[?2026h[?25l[A[1Gpulling manifest [K
pulling 0624ba75c3ce:  21% ▕███               ▏ 1.6 GB/7.7 GB   10 MB/s   9m15s[K[?25h[?2026l[?2026h[?25l[A[1Gpulling manifest [K
pulling 0624ba75c3ce:  21% ▕███               ▏ 1.6 GB/7.7 GB   10 MB/s   9m15s[K[?25h[?2026l[?2026h[?25l[A[1Gpulling manifest [K
pulling 0624ba75c3ce:  21% ▕███               ▏ 1.6 GB/7.7 GB   10 MB/s   9m14s[K[?25h[?2026l[?2026h[?25l[A[1Gpulling manifest [K
pulling 0624ba75c3ce:  21% ▕███               ▏ 1.6 GB/7.7 GB   10 MB/s   9m14s[K[?25h[?2026l[?2026h[?25l[A[1Gpulling manifest [K
pulling 0624ba75c3ce:  21% ▕███               ▏ 1.6 GB/7.7 GB   10 MB/s   9m14s[K[?25h[?2026l[?2026h[?25l[A[1Gpulling manifest [K
pulling 0624ba75c3ce:  21% ▕███               ▏ 1.6 GB/7.7 GB   10 MB/s   9m14s[K[?25h[?2026l[?2026h[?25l[A[1Gpulling manifest [K
pulling 0624ba75c3ce:  21% ▕███               ▏ 1.6 GB/7.7 GB   10 MB/s   9m14s[K[?25h[?2026l[?2026h[?25l[A[1Gpulling manifest [K
pulling 0624ba75c3ce:  21% ▕███               ▏ 1.6 GB/7.7 GB   10 MB/s   9m14s[K[?25h[?2026l[?2026h[?25l[A[1Gpulling manifest [K
pulling 0624ba75c3ce:  21% ▕███               ▏ 1.6 GB/7.7 GB   10 MB/s   9m14s[K[?25h[?2026l[?2026h[?25l[A[1Gpulling manifest [K
pulling 0624ba75c3ce:  21% ▕███               ▏ 1.6 GB/7.7 GB   10 MB/s   9m14s[K[?25h[?2026l[?2026h[?25l[A[1Gpulling manifest [K
pulling 0624ba75c3ce:  21% ▕███               ▏ 1.6 GB/7.7 GB   10 MB/s   9m14s[K[?25h[?2026l[?2026h[?25l[A[1Gpulling manifest [K
pulling 0624ba75c3ce:  21% ▕███               ▏ 1.6 GB/7.7 GB   10 MB/s   9m13s[K[?25h[?2026l[?2026h[?25l[A[1Gpulling manifest [K
pulling 0624ba75c3ce:  21% ▕███               ▏ 1.6 GB/7.7 GB   10 MB/s   9m13s[K[?25h[?2026l[?2026h[?25l[A[1Gpulling manifest [K
pulling 0624ba75c3ce:  21% ▕███               ▏ 1.6 GB/7.7 GB   10 MB/s   9m13s[K[?25h[?2026l[?2026h[?25l[A[1Gpulling manifest [K
pulling 0624ba75c3ce:  21% ▕███               ▏ 1.6 GB/7.7 GB   10 MB/s   9m13s[K[?25h[?2026l[?2026h[?25l[A[1Gpulling manifest [K
pulling 0624ba75c3ce:  21% ▕███               ▏ 1.6 GB/7.7 GB   10 MB/s   9m13s[K[?25h[?2026l[?2026h[?25l[A[1Gpulling manifest [K
pulling 0624ba75c3ce:  21% ▕███               ▏ 1.6 GB/7.7 GB   10 MB/s   9m13s[K[?25h[?2026l[?2026h[?25l[A[1Gpulling manifest [K
pulling 0624ba75c3ce:  21% ▕███               ▏ 1.6 GB/7.7 GB   10 MB/s   9m13s[K[?25h[?2026l[?2026h[?25l[A[1Gpulling manifest [K
pulling 0624ba75c3ce:  21% ▕███               ▏ 1.6 GB/7.7 GB   10 MB/s   9m13s[K[?25h[?2026l[?2026h[?25l[A[1Gpulling manifest [K
pulling 0624ba75c3ce:  21% ▕███               ▏ 1.6 GB/7.7 GB   10 MB/s   9m12s[K[?25h[?2026l[?2026h[?25l[A[1Gpulling manifest [K
pulling 0624ba75c3ce:  21% ▕███               ▏ 1.6 GB/7.7 GB   10 MB/s   9m12s[K[?25h[?2026l[?2026h[?25l[A[1Gpulling manifest [K
pulling 0624ba75c3ce:  21% ▕███               ▏ 1.6 GB/7.7 GB   11 MB/s    9m8s[K[?25h[?2026l[?2026h[?25l[A[1Gpulling manifest [K
pulling 0624ba75c3ce:  21% ▕███               ▏ 1.6 GB/7.7 GB   11 MB/s    9m8s[K[?25h[?2026l[?2026h[?25l[A[1Gpulling manifest [K
pulling 0624ba75c3ce:  21% ▕███               ▏ 1.6 GB/7.7 GB   11 MB/s    9m8s[K[?25h[?2026l[?2026h[?25l[A[1Gpulling manifest [K
pulling 0624ba75c3ce:  21% ▕███               ▏ 1.6 GB/7.7 GB   11 MB/s    9m8s[K[?25h[?2026l[?2026h[?25l[A[1Gpulling manifest [K
pulling 0624ba75c3ce:  21% ▕███               ▏ 1.6 GB/7.7 GB   11 MB/s    9m8s[K[?25h[?2026l[?2026h[?25l[A[1Gpulling manifest [K
pulling 0624ba75c3ce:  21% ▕███               ▏ 1.6 GB/7.7 GB   11 MB/s    9m8s[K[?25h[?2026l[?2026h[?25l[A[1Gpulling manifest [K
pulling 0624ba75c3ce:  21% ▕███               ▏ 1.6 GB/7.7 GB   11 MB/s    9m8s[K[?25h[?2026l[?2026h[?25l[A[1Gpulling manifest [K
pulling 0624ba75c3ce:  21% ▕███               ▏ 1.6 GB/7.7 GB   11 MB/s    9m8s[K[?25h[?2026l[?2026h[?25l[A[1Gpulling manifest [K
pulling 0624ba75c3ce:  21% ▕███               ▏ 1.7 GB/7.7 GB   11 MB/s    9m8s[K[?25h[?2026l[?2026h[?25l[A[1Gpulling manifest [K
pulling 0624ba75c3ce:  21% ▕███               ▏ 1.7 GB/7.7 GB   11 MB/s    9m8s[K[?25h[?2026l[?2026h[?25l[A[1Gpulling manifest [K
pulling 0624ba75c3ce:  21% ▕███               ▏ 1.7 GB/7.7 GB   10 MB/s   9m11s[K[?25h[?2026l[?2026h[?25l[A[1Gpulling manifest [K
pulling 0624ba75c3ce:  21% ▕███               ▏ 1.7 GB/7.7 GB   10 MB/s   9m11s[K[?25h[?2026l[?2026h[?25l[A[1Gpulling manifest [K
pulling 0624ba75c3ce:  21% ▕███               ▏ 1.7 GB/7.7 GB   10 MB/s   9m11s[K[?25h[?2026l[?2026h[?25l[A[1Gpulling manifest [K
pulling 0624ba75c3ce:  21% ▕███               ▏ 1.7 GB/7.7 GB   10 MB/s   9m11s[K[?25h[?2026l[?2026h[?25l[A[1Gpulling manifest [K
pulling 0624ba75c3ce:  22% ▕███               ▏ 1.7 GB/7.7 GB   10 MB/s   9m11s[K[?25h[?2026l[?2026h[?25l[A[1Gpulling manifest [K
pulling 0624ba75c3ce:  22% ▕███               ▏ 1.7 GB/7.7 GB   10 MB/s   9m11s[K[?25h[?2026l[?2026h[?25l[A[1Gpulling manifest [K
pulling 0624ba75c3ce:  22% ▕███               ▏ 1.7 GB/7.7 GB   10 MB/s   9m11s[K[?25h[?2026l[?2026h[?25l[A[1Gpulling manifest [K
pulling 0624ba75c3ce:  22% ▕███               ▏ 1.7 GB/7.7 GB   10 MB/s   9m10s[K[?25h[?2026l[?2026h[?25l[A[1Gpulling manifest [K
pulling 0624ba75c3ce:  22% ▕███               ▏ 1.7 GB/7.7 GB   10 MB/s   9m10s[K[?25h[?2026l[?2026h[?25l[A[1Gpulling manifest [K
pulling 0624ba75c3ce:  22% ▕███               ▏ 1.7 GB/7.7 GB   10 MB/s   9m10s[K[?25h[?2026l[?2026h[?25l[A[1Gpulling manifest [K
pulling 0624ba75c3ce:  22% ▕███               ▏ 1.7 GB/7.7 GB   10 MB/s   9m20s[K[?25h[?2026l[?2026h[?25l[A[1Gpulling manifest [K
pulling 0624ba75c3ce:  22% ▕███               ▏ 1.7 GB/7.7 GB   10 MB/s   9m20s[K[?25h[?2026l[?2026h[?25l[A[1Gpulling manifest [K
pulling 0624ba75c3ce:  22% ▕███               ▏ 1.7 GB/7.7 GB   10 MB/s   9m20s[K[?25h[?2026l[?2026h[?25l[A[1Gpulling manifest [K
pulling 0624ba75c3ce:  22% ▕███               ▏ 1.7 GB/7.7 GB   10 MB/s   9m20s[K[?25h[?2026l[?2026h[?25l[A[1Gpulling manifest [K
pulling 0624ba75c3ce:  22% ▕███               ▏ 1.7 GB/7.7 GB   10 MB/s   9m20s[K[?25h[?2026l[?2026h[?25l[A[1Gpulling manifest [K
pulling 0624ba75c3ce:  22% ▕███               ▏ 1.7 GB/7.7 GB   10 MB/s   9m20s[K[?25h[?2026l[?2026h[?25l[A[1Gpulling manifest [K
pulling 0624ba75c3ce:  22% ▕███               ▏ 1.7 GB/7.7 GB   10 MB/s   9m20s[K[?25h[?2026l[?2026h[?25l[A[1Gpulling manifest [K
pulling 0624ba75c3ce:  22% ▕███               ▏ 1.7 GB/7.7 GB   10 MB/s   9m20s[K[?25h[?2026l[?2026h[?25l[A[1Gpulling manifest [K
pulling 0624ba75c3ce:  22% ▕███               ▏ 1.7 GB/7.7 GB   10 MB/s   9m20s[K[?25h[?2026l[?2026h[?25l[A[1Gpulling manifest [K
pulling 0624ba75c3ce:  22% ▕███               ▏ 1.7 GB/7.7 GB   10 MB/s   9m20s[K[?25h[?2026l[?2026h[?25l[A[1Gpulling manifest [K
pulling 0624ba75c3ce:  22% ▕███               ▏ 1.7 GB/7.7 GB  9.9 MB/s  10m10s[K[?25h[?2026l[?2026h[?25l[A[1Gpulling manifest [K
pulling 0624ba75c3ce:  22% ▕███               ▏ 1.7 GB/7.7 GB  9.9 MB/s  10m10s[K[?25h[?2026l[?2026h[?25l[A[1Gpulling manifest [K
pulling 0624ba75c3ce:  22% ▕███               ▏ 1.7 GB/7.7 GB  9.9 MB/s  10m10s[K[?25h[?2026l[?2026h[?25l[A[1Gpulling manifest [K
pulling 0624ba75c3ce:  22% ▕███               ▏ 1.7 GB/7.7 GB  9.9 MB/s  10m10s[K[?25h[?2026l[?2026h[?25l[A[1Gpulling manifest [K
pulling 0624ba75c3ce:  22% ▕███               ▏ 1.7 GB/7.7 GB  9.9 MB/s  10m10s[K[?25h[?2026l[?2026h[?25l[A[1Gpulling manifest [K
pulling 0624ba75c3ce:  22% ▕███               ▏ 1.7 GB/7.7 GB  9.9 MB/s  10m10s[K[?25h[?2026l[?2026h[?25l[A[1Gpulling manifest [K
pulling 0624ba75c3ce:  22% ▕███               ▏ 1.7 GB/7.7 GB  9.9 MB/s  10m10s[K[?25h[?2026l[?2026h[?25l[A[1Gpulling manifest [K
pulling 0624ba75c3ce:  22% ▕███               ▏ 1.7 GB/7.7 GB  9.9 MB/s  10m10s[K[?25h[?2026l[?2026h[?25l[A[1Gpulling manifest [K
pulling 0624ba75c3ce:  22% ▕███               ▏ 1.7 GB/7.7 GB  9.9 MB/s   10m9s[K[?25h[?2026l[?2026h[?25l[A[1Gpulling manifest [K
pulling 0624ba75c3ce:  22% ▕███               ▏ 1.7 GB/7.7 GB  9.9 MB/s   10m9s[K[?25h[?2026l[?2026h[?25l[A[1Gpulling manifest [K
pulling 0624ba75c3ce:  22% ▕███               ▏ 1.7 GB/7.7 GB  9.9 MB/s   10m9s[K[?25h[?2026l[?2026h[?25l[A[1Gpulling manifest [K
pulling 0624ba75c3ce:  22% ▕███               ▏ 1.7 GB/7.7 GB  9.5 MB/s  10m31s[K[?25h[?2026l[?2026h[?25l[A[1Gpulling manifest [K
pulling 0624ba75c3ce:  22% ▕███               ▏ 1.7 GB/7.7 GB  9.5 MB/s  10m31s[K[?25h[?2026l[?2026h[?25l[A[1Gpulling manifest [K
pulling 0624ba75c3ce:  22% ▕███               ▏ 1.7 GB/7.7 GB  9.5 MB/s  10m31s[K[?25h[?2026l[?2026h[?25l[A[1Gpulling manifest [K
pulling 0624ba75c3ce:  22% ▕███               ▏ 1.7 GB/7.7 GB  9.5 MB/s  10m31s[K[?25h[?2026l[?2026h[?25l[A[1Gpulling manifest [K
pulling 0624ba75c3ce:  22% ▕███               ▏ 1.7 GB/7.7 GB  9.5 MB/s  10m31s[K[?25h[?2026l[?2026h[?25l[A[1Gpulling manifest [K
pulling 0624ba75c3ce:  22% ▕███               ▏ 1.7 GB/7.7 GB  9.5 MB/s  10m31s[K[?25h[?2026l[?2026h[?25l[A[1Gpulling manifest [K
pulling 0624ba75c3ce:  22% ▕███               ▏ 1.7 GB/7.7 GB  9.5 MB/s  10m31s[K[?25h[?2026l[?2026h[?25l[A[1Gpulling manifest [K
pulling 0624ba75c3ce:  22% ▕███               ▏ 1.7 GB/7.7 GB  9.5 MB/s  10m31s[K[?25h[?2026l[?2026h[?25l[A[1Gpulling manifest [K
pulling 0624ba75c3ce:  22% ▕███               ▏ 1.7 GB/7.7 GB  9.5 MB/s  10m31s[K[?25h[?2026l[?2026h[?25l[A[1Gpulling manifest [K
pulling 0624ba75c3ce:  22% ▕███               ▏ 1.7 GB/7.7 GB  9.5 MB/s  10m30s[K[?25h[?2026l[?2026h[?25l[A[1Gpulling manifest [K
pulling 0624ba75c3ce:  22% ▕███               ▏ 1.7 GB/7.7 GB  9.4 MB/s  10m36s[K[?25h[?2026l[?2026h[?25l[A[1Gpulling manifest [K
pulling 0624ba75c3ce:  22% ▕███               ▏ 1.7 GB/7.7 GB  9.4 MB/s  10m36s[K[?25h[?2026l[?2026h[?25l[A[1Gpulling manifest [K
pulling 0624ba75c3ce:  22% ▕███               ▏ 1.7 GB/7.7 GB  9.4 MB/s  10m36s[K[?25h[?2026l[?2026h[?25l[A[1Gpulling manifest [K
pulling 0624ba75c3ce:  22% ▕███               ▏ 1.7 GB/7.7 GB  9.4 MB/s  10m36s[K[?25h[?2026l[?2026h[?25l[A[1Gpulling manifest [K
pulling 0624ba75c3ce:  22% ▕███               ▏ 1.7 GB/7.7 GB  9.4 MB/s  10m36s[K[?25h[?2026l[?2026h[?25l[A[1Gpulling manifest [K
pulling 0624ba75c3ce:  22% ▕███               ▏ 1.7 GB/7.7 GB  9.4 MB/s  10m36s[K[?25h[?2026l[?2026h[?25l[A[1Gpulling manifest [K
pulling 0624ba75c3ce:  22% ▕███               ▏ 1.7 GB/7.7 GB  9.4 MB/s  10m36s[K[?25h[?2026l[?2026h[?25l[A[1Gpulling manifest [K
pulling 0624ba75c3ce:  22% ▕███               ▏ 1.7 GB/7.7 GB  9.4 MB/s  10m36s[K[?25h[?2026l[?2026h[?25l[A[1Gpulling manifest [K
pulling 0624ba75c3ce:  22% ▕███               ▏ 1.7 GB/7.7 GB  9.4 MB/s  10m36s[K[?25h[?2026l[?2026h[?25l[A[1Gpulling manifest [K
pulling 0624ba75c3ce:  22% ▕███               ▏ 1.7 GB/7.7 GB  9.4 MB/s  10m35s[K[?25h[?2026l[?2026h[?25l[A[1Gpulling manifest [K
pulling 0624ba75c3ce:  22% ▕███               ▏ 1.7 GB/7.7 GB  9.5 MB/s  10m28s[K[?25h[?2026l[?2026h[?25l[A[1Gpulling manifest [K
pulling 0624ba75c3ce:  22% ▕███               ▏ 1.7 GB/7.7 GB  9.5 MB/s  10m28s[K[?25h[?2026l[?2026h[?25l[A[1Gpulling manifest [K
pulling 0624ba75c3ce:  22% ▕███               ▏ 1.7 GB/7.7 GB  9.5 MB/s  10m28s[K[?25h[?2026l[?2026h[?25l[A[1Gpulling manifest [K
pulling 0624ba75c3ce:  22% ▕███               ▏ 1.7 GB/7.7 GB  9.5 MB/s  10m28s[K[?25h[?2026l[?2026h[?25l[A[1Gpulling manifest [K
pulling 0624ba75c3ce:  22% ▕███               ▏ 1.7 GB/7.7 GB  9.5 MB/s  10m28s[K[?25h[?2026l[?2026h[?25l[A[1Gpulling manifest [K
pulling 0624ba75c3ce:  22% ▕███               ▏ 1.7 GB/7.7 GB  9.5 MB/s  10m28s[K[?25h[?2026l[?2026h[?25l[A[1Gpulling manifest [K
pulling 0624ba75c3ce:  22% ▕███               ▏ 1.7 GB/7.7 GB  9.5 MB/s  10m28s[K[?25h[?2026l[?2026h[?25l[A[1Gpulling manifest [K
pulling 0624ba75c3ce:  22% ▕███               ▏ 1.7 GB/7.7 GB  9.5 MB/s  10m28s[K[?25h[?2026l[?2026h[?25l[A[1Gpulling manifest [K
pulling 0624ba75c3ce:  22% ▕███               ▏ 1.7 GB/7.7 GB  9.5 MB/s  10m28s[K[?25h[?2026l[?2026h[?25l[A[1Gpulling manifest [K
pulling 0624ba75c3ce:  22% ▕███               ▏ 1.7 GB/7.7 GB  9.5 MB/s  10m27s[K[?25h[?2026l[?2026h[?25l[A[1Gpulling manifest [K
pulling 0624ba75c3ce:  22% ▕███               ▏ 1.7 GB/7.7 GB  9.5 MB/s  10m32s[K[?25h[?2026l[?2026h[?25l[A[1Gpulling manifest [K
pulling 0624ba75c3ce:  22% ▕███               ▏ 1.7 GB/7.7 GB  9.5 MB/s  10m32s[K[?25h[?2026l[?2026h[?25l[A[1Gpulling manifest [K
pulling 0624ba75c3ce:  22% ▕███               ▏ 1.7 GB/7.7 GB  9.5 MB/s  10m32s[K[?25h[?2026l[?2026h[?25l[A[1Gpulling manifest [K
pulling 0624ba75c3ce:  22% ▕███               ▏ 1.7 GB/7.7 GB  9.5 MB/s  10m32s[K[?25h[?2026l[?2026h[?25l[A[1Gpulling manifest [K
pulling 0624ba75c3ce:  22% ▕███               ▏ 1.7 GB/7.7 GB  9.5 MB/s  10m32s[K[?25h[?2026l[?2026h[?25l[A[1Gpulling manifest [K
pulling 0624ba75c3ce:  22% ▕████              ▏ 1.7 GB/7.7 GB  9.5 MB/s  10m32s[K[?25h[?2026l[?2026h[?25l[A[1Gpulling manifest [K
pulling 0624ba75c3ce:  22% ▕████              ▏ 1.7 GB/7.7 GB  9.5 MB/s  10m32s[K[?25h[?2026l[?2026h[?25l[A[1Gpulling manifest [K
pulling 0624ba75c3ce:  22% ▕████              ▏ 1.7 GB/7.7 GB  9.5 MB/s  10m32s[K[?25h[?2026l[?2026h[?25l[A[1Gpulling manifest [K
pulling 0624ba75c3ce:  22% ▕████              ▏ 1.7 GB/7.7 GB  9.5 MB/s  10m32s[K[?25h[?2026l[?2026h[?25l[A[1Gpulling manifest [K
pulling 0624ba75c3ce:  22% ▕████              ▏ 1.7 GB/7.7 GB  9.5 MB/s  10m31s[K[?25h[?2026l[?2026h[?25l[A[1Gpulling manifest [K
pulling 0624ba75c3ce:  22% ▕████              ▏ 1.7 GB/7.7 GB  9.4 MB/s  10m38s[K[?25h[?2026l[?2026h[?25l[A[1Gpulling manifest [K
pulling 0624ba75c3ce:  22% ▕████              ▏ 1.7 GB/7.7 GB  9.4 MB/s  10m38s[K[?25h[?2026l[?2026h[?25l[A[1Gpulling manifest [K
pulling 0624ba75c3ce:  22% ▕████              ▏ 1.7 GB/7.7 GB  9.4 MB/s  10m37s[K[?25h[?2026l[?2026h[?25l[A[1Gpulling manifest [K
pulling 0624ba75c3ce:  22% ▕████              ▏ 1.7 GB/7.7 GB  9.4 MB/s  10m37s[K[?25h[?2026l[?2026h[?25l[A[1Gpulling manifest [K
pulling 0624ba75c3ce:  22% ▕████              ▏ 1.7 GB/7.7 GB  9.4 MB/s  10m37s[K[?25h[?2026l[?2026h[?25l[A[1Gpulling manifest [K
pulling 0624ba75c3ce:  22% ▕████              ▏ 1.7 GB/7.7 GB  9.4 MB/s  10m37s[K[?25h[?2026l[?2026h[?25l[A[1Gpulling manifest [K
pulling 0624ba75c3ce:  22% ▕████              ▏ 1.7 GB/7.7 GB  9.4 MB/s  10m37s[K[?25h[?2026l[?2026h[?25l[A[1Gpulling manifest [K
pulling 0624ba75c3ce:  22% ▕████              ▏ 1.7 GB/7.7 GB  9.4 MB/s  10m37s[K[?25h[?2026l[?2026h[?25l[A[1Gpulling manifest [K
pulling 0624ba75c3ce:  22% ▕████              ▏ 1.7 GB/7.7 GB  9.4 MB/s  10m37s[K[?25h[?2026l[?2026h[?25l[A[1Gpulling manifest [K
pulling 0624ba75c3ce:  22% ▕████              ▏ 1.7 GB/7.7 GB  9.4 MB/s  10m37s[K[?25h[?2026l[?2026h[?25l[A[1Gpulling manifest [K
pulling 0624ba75c3ce:  22% ▕████              ▏ 1.7 GB/7.7 GB  9.4 MB/s  10m37s[K[?25h[?2026l[?2026h[?25l[A[1Gpulling manifest [K
pulling 0624ba75c3ce:  22% ▕████              ▏ 1.7 GB/7.7 GB  9.3 MB/s  10m42s[K[?25h[?2026l[?2026h[?25l[A[1Gpulling manifest [K
pulling 0624ba75c3ce:  22% ▕████              ▏ 1.7 GB/7.7 GB  9.3 MB/s  10m41s[K[?25h[?2026l[?2026h[?25l[A[1Gpulling manifest [K
pulling 0624ba75c3ce:  22% ▕████              ▏ 1.7 GB/7.7 GB  9.3 MB/s  10m41s[K[?25h[?2026l[?2026h[?25l[A[1Gpulling manifest [K
pulling 0624ba75c3ce:  22% ▕████              ▏ 1.7 GB/7.7 GB  9.3 MB/s  10m41s[K[?25h[?2026l[?2026h[?25l[A[1Gpulling manifest [K
pulling 0624ba75c3ce:  23% ▕████              ▏ 1.7 GB/7.7 GB  9.3 MB/s  10m41s[K[?25h[?2026l[?2026h[?25l[A[1Gpulling manifest [K
pulling 0624ba75c3ce:  23% ▕████              ▏ 1.7 GB/7.7 GB  9.3 MB/s  10m41s[K[?25h[?2026l[?2026h[?25l[A[1Gpulling manifest [K
pulling 0624ba75c3ce:  23% ▕████              ▏ 1.7 GB/7.7 GB  9.3 MB/s  10m41s[K[?25h[?2026l[?2026h[?25l[A[1Gpulling manifest [K
pulling 0624ba75c3ce:  23% ▕████              ▏ 1.7 GB/7.7 GB  9.3 MB/s  10m41s[K[?25h[?2026l[?2026h[?25l[A[1Gpulling manifest [K
pulling 0624ba75c3ce:  23% ▕████              ▏ 1.7 GB/7.7 GB  9.3 MB/s  10m41s[K[?25h[?2026l[?2026h[?25l[A[1Gpulling manifest [K
pulling 0624ba75c3ce:  23% ▕████              ▏ 1.7 GB/7.7 GB  9.3 MB/s  10m41s[K[?25h[?2026l[?2026h[?25l[A[1Gpulling manifest [K
pulling 0624ba75c3ce:  23% ▕████              ▏ 1.7 GB/7.7 GB  9.6 MB/s  10m20s[K[?25h[?2026l[?2026h[?25l[A[1Gpulling manifest [K
pulling 0624ba75c3ce:  23% ▕████              ▏ 1.7 GB/7.7 GB  9.6 MB/s  10m20s[K[?25h[?2026l[?2026h[?25l[A[1Gpulling manifest [K
pulling 0624ba75c3ce:  23% ▕████              ▏ 1.7 GB/7.7 GB  9.6 MB/s  10m20s[K[?25h[?2026l[?2026h[?25l[A[1Gpulling manifest [K
pulling 0624ba75c3ce:  23% ▕████              ▏ 1.7 GB/7.7 GB  9.6 MB/s  10m20s[K[?25h[?2026l[?2026h[?25l[A[1Gpulling manifest [K
pulling 0624ba75c3ce:  23% ▕████              ▏ 1.7 GB/7.7 GB  9.6 MB/s  10m20s[K[?25h[?2026l[?2026h[?25l[A[1Gpulling manifest [K
pulling 0624ba75c3ce:  23% ▕████              ▏ 1.7 GB/7.7 GB  9.6 MB/s  10m19s[K[?25h[?2026l[?2026h[?25l[A[1Gpulling manifest [K
pulling 0624ba75c3ce:  23% ▕████              ▏ 1.7 GB/7.7 GB  9.6 MB/s  10m19s[K[?25h[?2026l[?2026h[?25l[A[1Gpulling manifest [K
pulling 0624ba75c3ce:  23% ▕████              ▏ 1.7 GB/7.7 GB  9.6 MB/s  10m19s[K[?25h[?2026l[?2026h[?25l[A[1Gpulling manifest [K
pulling 0624ba75c3ce:  23% ▕████              ▏ 1.7 GB/7.7 GB  9.6 MB/s  10m19s[K[?25h[?2026l[?2026h[?25l[A[1Gpulling manifest [K
pulling 0624ba75c3ce:  23% ▕████              ▏ 1.7 GB/7.7 GB  9.6 MB/s  10m19s[K[?25h[?2026l[?2026h[?25l[A[1Gpulling manifest [K
pulling 0624ba75c3ce:  23% ▕████              ▏ 1.7 GB/7.7 GB  9.6 MB/s  10m17s[K[?25h[?2026l[?2026h[?25l[A[1Gpulling manifest [K
pulling 0624ba75c3ce:  23% ▕████              ▏ 1.7 GB/7.7 GB  9.6 MB/s  10m17s[K[?25h[?2026l[?2026h[?25l[A[1Gpulling manifest [K
pulling 0624ba75c3ce:  23% ▕████              ▏ 1.8 GB/7.7 GB  9.6 MB/s  10m17s[K[?25h[?2026l[?2026h[?25l[A[1Gpulling manifest [K
pulling 0624ba75c3ce:  23% ▕████              ▏ 1.8 GB/7.7 GB  9.6 MB/s  10m17s[K[?25h[?2026l[?2026h[?25l[A[1Gpulling manifest [K
pulling 0624ba75c3ce:  23% ▕████              ▏ 1.8 GB/7.7 GB  9.6 MB/s  10m17s[K[?25h[?2026l[?2026h[?25l[A[1Gpulling manifest [K
pulling 0624ba75c3ce:  23% ▕████              ▏ 1.8 GB/7.7 GB  9.6 MB/s  10m17s[K[?25h[?2026l[?2026h[?25l[A[1Gpulling manifest [K
pulling 0624ba75c3ce:  23% ▕████              ▏ 1.8 GB/7.7 GB  9.6 MB/s  10m17s[K[?25h[?2026l[?2026h[?25l[A[1Gpulling manifest [K
pulling 0624ba75c3ce:  23% ▕████              ▏ 1.8 GB/7.7 GB  9.6 MB/s  10m17s[K[?25h[?2026l[?2026h[?25l[A[1Gpulling manifest [K
pulling 0624ba75c3ce:  23% ▕████              ▏ 1.8 GB/7.7 GB  9.6 MB/s  10m16s[K[?25h[?2026l[?2026h[?25l[A[1Gpulling manifest [K
pulling 0624ba75c3ce:  23% ▕████              ▏ 1.8 GB/7.7 GB  9.6 MB/s  10m16s[K[?25h[?2026l[?2026h[?25l[A[1Gpulling manifest [K
pulling 0624ba75c3ce:  23% ▕████              ▏ 1.8 GB/7.7 GB   10 MB/s   9m23s[K[?25h[?2026l[?2026h[?25l[A[1Gpulling manifest [K
pulling 0624ba75c3ce:  23% ▕████              ▏ 1.8 GB/7.7 GB   10 MB/s   9m23s[K[?25h[?2026l[?2026h[?25l[A[1Gpulling manifest [K
pulling 0624ba75c3ce:  23% ▕████              ▏ 1.8 GB/7.7 GB   10 MB/s   9m23s[K[?25h[?2026l[?2026h[?25l[A[1Gpulling manifest [K
pulling 0624ba75c3ce:  23% ▕████              ▏ 1.8 GB/7.7 GB   10 MB/s   9m23s[K[?25h[?2026l[?2026h[?25l[A[1Gpulling manifest [K
pulling 0624ba75c3ce:  23% ▕████              ▏ 1.8 GB/7.7 GB   10 MB/s   9m23s[K[?25h[?2026l[?2026h[?25l[A[1Gpulling manifest [K
pulling 0624ba75c3ce:  23% ▕████              ▏ 1.8 GB/7.7 GB   10 MB/s   9m23s[K[?25h[?2026l[?2026h[?25l[A[1Gpulling manifest [K
pulling 0624ba75c3ce:  23% ▕████              ▏ 1.8 GB/7.7 GB   10 MB/s   9m22s[K[?25h[?2026l[?2026h[?25l[A[1Gpulling manifest [K
pulling 0624ba75c3ce:  23% ▕████              ▏ 1.8 GB/7.7 GB   10 MB/s   9m22s[K[?25h[?2026l[?2026h[?25l[A[1Gpulling manifest [K
pulling 0624ba75c3ce:  23% ▕████              ▏ 1.8 GB/7.7 GB   10 MB/s   9m22s[K[?25h[?2026l[?2026h[?25l[A[1Gpulling manifest [K
pulling 0624ba75c3ce:  23% ▕████              ▏ 1.8 GB/7.7 GB   10 MB/s   9m22s[K[?25h[?2026l[?2026h[?25l[A[1Gpulling manifest [K
pulling 0624ba75c3ce:  23% ▕████              ▏ 1.8 GB/7.7 GB   10 MB/s    9m8s[K[?25h[?2026l[?2026h[?25l[A[1Gpulling manifest [K
pulling 0624ba75c3ce:  23% ▕████              ▏ 1.8 GB/7.7 GB   10 MB/s    9m8s[K[?25h[?2026l[?2026h[?25l[A[1Gpulling manifest [K
pulling 0624ba75c3ce:  23% ▕████              ▏ 1.8 GB/7.7 GB   10 MB/s    9m8s[K[?25h[?2026l[?2026h[?25l[A[1Gpulling manifest [K
pulling 0624ba75c3ce:  23% ▕████              ▏ 1.8 GB/7.7 GB   10 MB/s    9m8s[K[?25h[?2026l[?2026h[?25l[A[1Gpulling manifest [K
pulling 0624ba75c3ce:  23% ▕████              ▏ 1.8 GB/7.7 GB   10 MB/s    9m8s[K[?25h[?2026l[?2026h[?25l[A[1Gpulling manifest [K
pulling 0624ba75c3ce:  23% ▕████              ▏ 1.8 GB/7.7 GB   10 MB/s    9m8s[K[?25h[?2026l[?2026h[?25l[A[1Gpulling manifest [K
pulling 0624ba75c3ce:  23% ▕████              ▏ 1.8 GB/7.7 GB   10 MB/s    9m8s[K[?25h[?2026l[?2026h[?25l[A[1Gpulling manifest [K
pulling 0624ba75c3ce:  23% ▕████              ▏ 1.8 GB/7.7 GB   10 MB/s    9m8s[K[?25h[?2026l[?2026h[?25l[A[1Gpulling manifest [K
pulling 0624ba75c3ce:  23% ▕████              ▏ 1.8 GB/7.7 GB   10 MB/s    9m7s[K[?25h[?2026l[?2026h[?25l[A[1Gpulling manifest [K
pulling 0624ba75c3ce:  23% ▕████              ▏ 1.8 GB/7.7 GB   10 MB/s    9m7s[K[?25h[?2026l[?2026h[?25l[A[1Gpulling manifest [K
pulling 0624ba75c3ce:  23% ▕████              ▏ 1.8 GB/7.7 GB   10 MB/s    9m7s[K[?25h[?2026l[?2026h[?25l[A[1Gpulling manifest [K
pulling 0624ba75c3ce:  23% ▕████              ▏ 1.8 GB/7.7 GB   10 MB/s    9m6s[K[?25h[?2026l[?2026h[?25l[A[1Gpulling manifest [K
pulling 0624ba75c3ce:  23% ▕████              ▏ 1.8 GB/7.7 GB   10 MB/s    9m6s[K[?25h[?2026l[?2026h[?25l[A[1Gpulling manifest [K
pulling 0624ba75c3ce:  23% ▕████              ▏ 1.8 GB/7.7 GB   10 MB/s    9m6s[K[?25h[?2026l[?2026h[?25l[A[1Gpulling manifest [K
pulling 0624ba75c3ce:  23% ▕████              ▏ 1.8 GB/7.7 GB   10 MB/s    9m6s[K[?25h[?2026l[?2026h[?25l[A[1Gpulling manifest [K
pulling 0624ba75c3ce:  23% ▕████              ▏ 1.8 GB/7.7 GB   10 MB/s    9m6s[K[?25h[?2026l[?2026h[?25l[A[1Gpulling manifest [K
pulling 0624ba75c3ce:  23% ▕████              ▏ 1.8 GB/7.7 GB   10 MB/s    9m6s[K[?25h[?2026l[?2026h[?25l[A[1Gpulling manifest [K
pulling 0624ba75c3ce:  23% ▕████              ▏ 1.8 GB/7.7 GB   10 MB/s    9m6s[K[?25h[?2026l[?2026h[?25l[A[1Gpulling manifest [K
pulling 0624ba75c3ce:  23% ▕████              ▏ 1.8 GB/7.7 GB   10 MB/s    9m6s[K[?25h[?2026l[?2026h[?25l[A[1Gpulling manifest [K
pulling 0624ba75c3ce:  23% ▕████              ▏ 1.8 GB/7.7 GB   10 MB/s    9m6s[K[?25h[?2026l[?2026h[?25l[A[1Gpulling manifest [K
pulling 0624ba75c3ce:  23% ▕████              ▏ 1.8 GB/7.7 GB   10 MB/s    9m6s[K[?25h[?2026l[?2026h[?25l[A[1Gpulling manifest [K
pulling 0624ba75c3ce:  23% ▕████              ▏ 1.8 GB/7.7 GB   10 MB/s    9m6s[K[?25h[?2026l[?2026h[?25l[A[1Gpulling manifest [K
pulling 0624ba75c3ce:  23% ▕████              ▏ 1.8 GB/7.7 GB   10 MB/s    9m6s[K[?25h[?2026l[?2026h[?25l[A[1Gpulling manifest [K
pulling 0624ba75c3ce:  23% ▕████              ▏ 1.8 GB/7.7 GB   10 MB/s    9m6s[K[?25h[?2026l[?2026h[?25l[A[1Gpulling manifest [K
pulling 0624ba75c3ce:  23% ▕████              ▏ 1.8 GB/7.7 GB   10 MB/s    9m6s[K[?25h[?2026l[?2026h[?25l[A[1Gpulling manifest [K
pulling 0624ba75c3ce:  23% ▕████              ▏ 1.8 GB/7.7 GB   10 MB/s    9m6s[K[?25h[?2026l[?2026h[?25l[A[1Gpulling manifest [K
pulling 0624ba75c3ce:  23% ▕████              ▏ 1.8 GB/7.7 GB   10 MB/s    9m5s[K[?25h[?2026l[?2026h[?25l[A[1Gpulling manifest [K
pulling 0624ba75c3ce:  23% ▕████              ▏ 1.8 GB/7.7 GB   10 MB/s    9m5s[K[?25h[?2026l[?2026h[?25l[A[1Gpulling manifest [K
pulling 0624ba75c3ce:  23% ▕████              ▏ 1.8 GB/7.7 GB   10 MB/s    9m5s[K[?25h[?2026l[?2026h[?25l[A[1Gpulling manifest [K
pulling 0624ba75c3ce:  23% ▕████              ▏ 1.8 GB/7.7 GB   10 MB/s    9m5s[K[?25h[?2026l[?2026h[?25l[A[1Gpulling manifest [K
pulling 0624ba75c3ce:  23% ▕████              ▏ 1.8 GB/7.7 GB   10 MB/s    9m5s[K[?25h[?2026l[?2026h[?25l[A[1Gpulling manifest [K
pulling 0624ba75c3ce:  23% ▕████              ▏ 1.8 GB/7.7 GB   10 MB/s    9m5s[K[?25h[?2026l[?2026h[?25l[A[1Gpulling manifest [K
pulling 0624ba75c3ce:  23% ▕████              ▏ 1.8 GB/7.7 GB   10 MB/s    9m5s[K[?25h[?2026l[?2026h[?25l[A[1Gpulling manifest [K
pulling 0624ba75c3ce:  23% ▕████              ▏ 1.8 GB/7.7 GB   10 MB/s    9m5s[K[?25h[?2026l[?2026h[?25l[A[1Gpulling manifest [K
pulling 0624ba75c3ce:  23% ▕████              ▏ 1.8 GB/7.7 GB   10 MB/s    9m5s[K[?25h[?2026l[?2026h[?25l[A[1Gpulling manifest [K
pulling 0624ba75c3ce:  23% ▕████              ▏ 1.8 GB/7.7 GB   10 MB/s    9m5s[K[?25h[?2026l[?2026h[?25l[A[1Gpulling manifest [K
pulling 0624ba75c3ce:  23% ▕████              ▏ 1.8 GB/7.7 GB   10 MB/s    9m5s[K[?25h[?2026l[?2026h[?25l[A[1Gpulling manifest [K
pulling 0624ba75c3ce:  24% ▕████              ▏ 1.8 GB/7.7 GB   10 MB/s    9m5s[K[?25h[?2026l[?2026h[?25l[A[1Gpulling manifest [K
pulling 0624ba75c3ce:  24% ▕████              ▏ 1.8 GB/7.7 GB   10 MB/s    9m4s[K[?25h[?2026l[?2026h[?25l[A[1Gpulling manifest [K
pulling 0624ba75c3ce:  24% ▕████              ▏ 1.8 GB/7.7 GB   10 MB/s    9m4s[K[?25h[?2026l[?2026h[?25l[A[1Gpulling manifest [K
pulling 0624ba75c3ce:  24% ▕████              ▏ 1.8 GB/7.7 GB   10 MB/s    9m4s[K[?25h[?2026l[?2026h[?25l[A[1Gpulling manifest [K
pulling 0624ba75c3ce:  24% ▕████              ▏ 1.8 GB/7.7 GB   10 MB/s    9m2s[K[?25h[?2026l[?2026h[?25l[A[1Gpulling manifest [K
pulling 0624ba75c3ce:  24% ▕████              ▏ 1.8 GB/7.7 GB   10 MB/s    9m2s[K[?25h[?2026l[?2026h[?25l[A[1Gpulling manifest [K
pulling 0624ba75c3ce:  24% ▕████              ▏ 1.8 GB/7.7 GB   10 MB/s    9m2s[K[?25h[?2026l[?2026h[?25l[A[1Gpulling manifest [K
pulling 0624ba75c3ce:  24% ▕████              ▏ 1.8 GB/7.7 GB   10 MB/s    9m1s[K[?25h[?2026l[?2026h[?25l[A[1Gpulling manifest [K
pulling 0624ba75c3ce:  24% ▕████              ▏ 1.8 GB/7.7 GB   10 MB/s    9m1s[K[?25h[?2026l[?2026h[?25l[A[1Gpulling manifest [K
pulling 0624ba75c3ce:  24% ▕████              ▏ 1.8 GB/7.7 GB   10 MB/s    9m1s[K[?25h[?2026l[?2026h[?25l[A[1Gpulling manifest [K
pulling 0624ba75c3ce:  24% ▕████              ▏ 1.8 GB/7.7 GB   10 MB/s    9m1s[K[?25h[?2026l[?2026h[?25l[A[1Gpulling manifest [K
pulling 0624ba75c3ce:  24% ▕████              ▏ 1.8 GB/7.7 GB   10 MB/s    9m1s[K[?25h[?2026l[?2026h[?25l[A[1Gpulling manifest [K
pulling 0624ba75c3ce:  24% ▕████              ▏ 1.8 GB/7.7 GB   10 MB/s    9m1s[K[?25h[?2026l[?2026h[?25l[A[1Gpulling manifest [K
pulling 0624ba75c3ce:  24% ▕████              ▏ 1.8 GB/7.7 GB   10 MB/s    9m1s[K[?25h[?2026l[?2026h[?25l[A[1Gpulling manifest [K
pulling 0624ba75c3ce:  24% ▕████              ▏ 1.8 GB/7.7 GB   10 MB/s   8m59s[K[?25h[?2026l[?2026h[?25l[A[1Gpulling manifest [K
pulling 0624ba75c3ce:  24% ▕████              ▏ 1.8 GB/7.7 GB   10 MB/s   8m59s[K[?25h[?2026l[?2026h[?25l[A[1Gpulling manifest [K
pulling 0624ba75c3ce:  24% ▕████              ▏ 1.8 GB/7.7 GB   10 MB/s   8m58s[K[?25h[?2026l[?2026h[?25l[A[1Gpulling manifest [K
pulling 0624ba75c3ce:  24% ▕████              ▏ 1.8 GB/7.7 GB   10 MB/s   8m58s[K[?25h[?2026l[?2026h[?25l[A[1Gpulling manifest [K
pulling 0624ba75c3ce:  24% ▕████              ▏ 1.8 GB/7.7 GB   10 MB/s   8m58s[K[?25h[?2026l[?2026h[?25l[A[1Gpulling manifest [K
pulling 0624ba75c3ce:  24% ▕████              ▏ 1.8 GB/7.7 GB   10 MB/s   8m58s[K[?25h[?2026l[?2026h[?25l[A[1Gpulling manifest [K
pulling 0624ba75c3ce:  24% ▕████              ▏ 1.8 GB/7.7 GB   10 MB/s   8m58s[K[?25h[?2026l[?2026h[?25l[A[1Gpulling manifest [K
pulling 0624ba75c3ce:  24% ▕████              ▏ 1.8 GB/7.7 GB   10 MB/s   8m58s[K[?25h[?2026l[?2026h[?25l[A[1Gpulling manifest [K
pulling 0624ba75c3ce:  24% ▕████              ▏ 1.8 GB/7.7 GB   10 MB/s   8m58s[K[?25h[?2026l[?2026h[?25l[A[1Gpulling manifest [K
pulling 0624ba75c3ce:  24% ▕████              ▏ 1.8 GB/7.7 GB   10 MB/s   8m58s[K[?25h[?2026l[?2026h[?25l[A[1Gpulling manifest [K
pulling 0624ba75c3ce:  24% ▕████              ▏ 1.8 GB/7.7 GB   10 MB/s   8m58s[K[?25h[?2026l[?2026h[?25l[A[1Gpulling manifest [K
pulling 0624ba75c3ce:  24% ▕████              ▏ 1.8 GB/7.7 GB   10 MB/s   8m54s[K[?25h[?2026l[?2026h[?25l[A[1Gpulling manifest [K
pulling 0624ba75c3ce:  24% ▕████              ▏ 1.8 GB/7.7 GB   10 MB/s   8m54s[K[?25h[?2026l[?2026h[?25l[A[1Gpulling manifest [K
pulling 0624ba75c3ce:  24% ▕████              ▏ 1.8 GB/7.7 GB   10 MB/s   8m54s[K[?25h[?2026l[?2026h[?25l[A[1Gpulling manifest [K
pulling 0624ba75c3ce:  24% ▕████              ▏ 1.8 GB/7.7 GB   10 MB/s   8m54s[K[?25h[?2026l[?2026h[?25l[A[1Gpulling manifest [K
pulling 0624ba75c3ce:  24% ▕████              ▏ 1.8 GB/7.7 GB   10 MB/s   8m54s[K[?25h[?2026l[?2026h[?25l[A[1Gpulling manifest [K
pulling 0624ba75c3ce:  24% ▕████              ▏ 1.8 GB/7.7 GB   10 MB/s   8m54s[K[?25h[?2026l[?2026h[?25l[A[1Gpulling manifest [K
pulling 0624ba75c3ce:  24% ▕████              ▏ 1.8 GB/7.7 GB   10 MB/s   8m54s[K[?25h[?2026l[?2026h[?25l[A[1Gpulling manifest [K
pulling 0624ba75c3ce:  24% ▕████              ▏ 1.8 GB/7.7 GB   10 MB/s   8m53s[K[?25h[?2026l[?2026h[?25l[A[1Gpulling manifest [K
pulling 0624ba75c3ce:  24% ▕████              ▏ 1.8 GB/7.7 GB   10 MB/s   8m53s[K[?25h[?2026l[?2026h[?25l[A[1Gpulling manifest [K
pulling 0624ba75c3ce:  24% ▕████              ▏ 1.8 GB/7.7 GB   10 MB/s   8m53s[K[?25h[?2026l[?2026h[?25l[A[1Gpulling manifest [K
pulling 0624ba75c3ce:  24% ▕████              ▏ 1.8 GB/7.7 GB   11 MB/s   8m46s[K[?25h[?2026l[?2026h[?25l[A[1Gpulling manifest [K
pulling 0624ba75c3ce:  24% ▕████              ▏ 1.8 GB/7.7 GB   11 MB/s   8m46s[K[?25h[?2026l[?2026h[?25l[A[1Gpulling manifest [K
pulling 0624ba75c3ce:  24% ▕████              ▏ 1.8 GB/7.7 GB   11 MB/s   8m46s[K[?25h[?2026l[?2026h[?25l[A[1Gpulling manifest [K
pulling 0624ba75c3ce:  24% ▕████              ▏ 1.9 GB/7.7 GB   11 MB/s   8m46s[K[?25h[?2026l[?2026h[?25l[A[1Gpulling manifest [K
pulling 0624ba75c3ce:  24% ▕████              ▏ 1.9 GB/7.7 GB   11 MB/s   8m46s[K[?25h[?2026l[?2026h[?25l[A[1Gpulling manifest [K
pulling 0624ba75c3ce:  24% ▕████              ▏ 1.9 GB/7.7 GB   11 MB/s   8m46s[K[?25h[?2026l[?2026h[?25l[A[1Gpulling manifest [K
pulling 0624ba75c3ce:  24% ▕████              ▏ 1.9 GB/7.7 GB   11 MB/s   8m46s[K[?25h[?2026l[?2026h[?25l[A[1Gpulling manifest [K
pulling 0624ba75c3ce:  24% ▕████              ▏ 1.9 GB/7.7 GB   11 MB/s   8m46s[K[?25h[?2026l[?2026h[?25l[A[1Gpulling manifest [K
pulling 0624ba75c3ce:  24% ▕████              ▏ 1.9 GB/7.7 GB   11 MB/s   8m45s[K[?25h[?2026l[?2026h[?25l[A[1Gpulling manifest [K
pulling 0624ba75c3ce:  24% ▕████              ▏ 1.9 GB/7.7 GB   11 MB/s   8m45s[K[?25h[?2026l[?2026h[?25l[A[1Gpulling manifest [K
pulling 0624ba75c3ce:  24% ▕████              ▏ 1.9 GB/7.7 GB   11 MB/s   8m46s[K[?25h[?2026l[?2026h[?25l[A[1Gpulling manifest [K
pulling 0624ba75c3ce:  24% ▕████              ▏ 1.9 GB/7.7 GB   11 MB/s   8m46s[K[?25h[?2026l[?2026h[?25l[A[1Gpulling manifest [K
pulling 0624ba75c3ce:  24% ▕████              ▏ 1.9 GB/7.7 GB   11 MB/s   8m46s[K[?25h[?2026l[?2026h[?25l[A[1Gpulling manifest [K
pulling 0624ba75c3ce:  24% ▕████              ▏ 1.9 GB/7.7 GB   11 MB/s   8m46s[K[?25h[?2026l[?2026h[?25l[A[1Gpulling manifest [K
pulling 0624ba75c3ce:  24% ▕████              ▏ 1.9 GB/7.7 GB   11 MB/s   8m46s[K[?25h[?2026l[?2026h[?25l[A[1Gpulling manifest [K
pulling 0624ba75c3ce:  24% ▕████              ▏ 1.9 GB/7.7 GB   11 MB/s   8m46s[K[?25h[?2026l[?2026h[?25l[A[1Gpulling manifest [K
pulling 0624ba75c3ce:  24% ▕████              ▏ 1.9 GB/7.7 GB   11 MB/s   8m46s[K[?25h[?2026l[?2026h[?25l[A[1Gpulling manifest [K
pulling 0624ba75c3ce:  24% ▕████              ▏ 1.9 GB/7.7 GB   11 MB/s   8m46s[K[?25h[?2026l[?2026h[?25l[A[1Gpulling manifest [K
pulling 0624ba75c3ce:  24% ▕████              ▏ 1.9 GB/7.7 GB   11 MB/s   8m46s[K[?25h[?2026l[?2026h[?25l[A[1Gpulling manifest [K
pulling 0624ba75c3ce:  24% ▕████              ▏ 1.9 GB/7.7 GB   11 MB/s   8m45s[K[?25h[?2026l[?2026h[?25l[A[1Gpulling manifest [K
pulling 0624ba75c3ce:  24% ▕████              ▏ 1.9 GB/7.7 GB   11 MB/s   8m43s[K[?25h[?2026l[?2026h[?25l[A[1Gpulling manifest [K
pulling 0624ba75c3ce:  24% ▕████              ▏ 1.9 GB/7.7 GB   11 MB/s   8m43s[K[?25h[?2026l[?2026h[?25l[A[1Gpulling manifest [K
pulling 0624ba75c3ce:  24% ▕████              ▏ 1.9 GB/7.7 GB   11 MB/s   8m43s[K[?25h[?2026l[?2026h[?25l[A[1Gpulling manifest [K
pulling 0624ba75c3ce:  24% ▕████              ▏ 1.9 GB/7.7 GB   11 MB/s   8m43s[K[?25h[?2026l[?2026h[?25l[A[1Gpulling manifest [K
pulling 0624ba75c3ce:  24% ▕████              ▏ 1.9 GB/7.7 GB   11 MB/s   8m43s[K[?25h[?2026l[?2026h[?25l[A[1Gpulling manifest [K
pulling 0624ba75c3ce:  24% ▕████              ▏ 1.9 GB/7.7 GB   11 MB/s   8m43s[K[?25h[?2026l[?2026h[?25l[A[1Gpulling manifest [K
pulling 0624ba75c3ce:  24% ▕████              ▏ 1.9 GB/7.7 GB   11 MB/s   8m43s[K[?25h[?2026l[?2026h[?25l[A[1Gpulling manifest [K
pulling 0624ba75c3ce:  24% ▕████              ▏ 1.9 GB/7.7 GB   11 MB/s   8m43s[K[?25h[?2026l[?2026h[?25l[A[1Gpulling manifest [K
pulling 0624ba75c3ce:  24% ▕████              ▏ 1.9 GB/7.7 GB   11 MB/s   8m43s[K[?25h[?2026l[?2026h[?25l[A[1Gpulling manifest [K
pulling 0624ba75c3ce:  24% ▕████              ▏ 1.9 GB/7.7 GB   11 MB/s   8m43s[K[?25h[?2026l[?2026h[?25l[A[1Gpulling manifest [K
pulling 0624ba75c3ce:  24% ▕████              ▏ 1.9 GB/7.7 GB   11 MB/s   8m47s[K[?25h[?2026l[?2026h[?25l[A[1Gpulling manifest [K
pulling 0624ba75c3ce:  24% ▕████              ▏ 1.9 GB/7.7 GB   11 MB/s   8m47s[K[?25h[?2026l[?2026h[?25l[A[1Gpulling manifest [K
pulling 0624ba75c3ce:  24% ▕████              ▏ 1.9 GB/7.7 GB   11 MB/s   8m47s[K[?25h[?2026l[?2026h[?25l[A[1Gpulling manifest [K
pulling 0624ba75c3ce:  24% ▕████              ▏ 1.9 GB/7.7 GB   11 MB/s   8m47s[K[?25h[?2026l[?2026h[?25l[A[1Gpulling manifest [K
pulling 0624ba75c3ce:  24% ▕████              ▏ 1.9 GB/7.7 GB   11 MB/s   8m47s[K[?25h[?2026l[?2026h[?25l[A[1Gpulling manifest [K
pulling 0624ba75c3ce:  25% ▕████              ▏ 1.9 GB/7.7 GB   11 MB/s   8m47s[K[?25h[?2026l[?2026h[?25l[A[1Gpulling manifest [K
pulling 0624ba75c3ce:  25% ▕████              ▏ 1.9 GB/7.7 GB   11 MB/s   8m47s[K[?25h[?2026l[?2026h[?25l[A[1Gpulling manifest [K
pulling 0624ba75c3ce:  25% ▕████              ▏ 1.9 GB/7.7 GB   11 MB/s   8m46s[K[?25h[?2026l[?2026h[?25l[A[1Gpulling manifest [K
pulling 0624ba75c3ce:  25% ▕████              ▏ 1.9 GB/7.7 GB   11 MB/s   8m46s[K[?25h[?2026l[?2026h[?25l[A[1Gpulling manifest [K
pulling 0624ba75c3ce:  25% ▕████              ▏ 1.9 GB/7.7 GB   11 MB/s   8m46s[K[?25h[?2026l[?2026h[?25l[A[1Gpulling manifest [K
pulling 0624ba75c3ce:  25% ▕████              ▏ 1.9 GB/7.7 GB   11 MB/s   8m46s[K[?25h[?2026l[?2026h[?25l[A[1Gpulling manifest [K
pulling 0624ba75c3ce:  25% ▕████              ▏ 1.9 GB/7.7 GB   11 MB/s   8m41s[K[?25h[?2026l[?2026h[?25l[A[1Gpulling manifest [K
pulling 0624ba75c3ce:  25% ▕████              ▏ 1.9 GB/7.7 GB   11 MB/s   8m41s[K[?25h[?2026l[?2026h[?25l[A[1Gpulling manifest [K
pulling 0624ba75c3ce:  25% ▕████              ▏ 1.9 GB/7.7 GB   11 MB/s   8m41s[K[?25h[?2026l[?2026h[?25l[A[1Gpulling manifest [K
pulling 0624ba75c3ce:  25% ▕████              ▏ 1.9 GB/7.7 GB   11 MB/s   8m41s[K[?25h[?2026l[?2026h[?25l[A[1Gpulling manifest [K
pulling 0624ba75c3ce:  25% ▕████              ▏ 1.9 GB/7.7 GB   11 MB/s   8m41s[K[?25h[?2026l[?2026h[?25l[A[1Gpulling manifest [K
pulling 0624ba75c3ce:  25% ▕████              ▏ 1.9 GB/7.7 GB   11 MB/s   8m40s[K[?25h[?2026l[?2026h[?25l[A[1Gpulling manifest [K
pulling 0624ba75c3ce:  25% ▕████              ▏ 1.9 GB/7.7 GB   11 MB/s   8m40s[K[?25h[?2026l[?2026h[?25l[A[1Gpulling manifest [K
pulling 0624ba75c3ce:  25% ▕████              ▏ 1.9 GB/7.7 GB   11 MB/s   8m40s[K[?25h[?2026l[?2026h[?25l[A[1Gpulling manifest [K
pulling 0624ba75c3ce:  25% ▕████              ▏ 1.9 GB/7.7 GB   11 MB/s   8m40s[K[?25h[?2026l[?2026h[?25l[A[1Gpulling manifest [K
pulling 0624ba75c3ce:  25% ▕████              ▏ 1.9 GB/7.7 GB   11 MB/s   8m40s[K[?25h[?2026l[?2026h[?25l[A[1Gpulling manifest [K
pulling 0624ba75c3ce:  25% ▕████              ▏ 1.9 GB/7.7 GB   11 MB/s   8m31s[K[?25h[?2026l[?2026h[?25l[A[1Gpulling manifest [K
pulling 0624ba75c3ce:  25% ▕████              ▏ 1.9 GB/7.7 GB   11 MB/s   8m31s[K[?25h[?2026l[?2026h[?25l[A[1Gpulling manifest [K
pulling 0624ba75c3ce:  25% ▕████              ▏ 1.9 GB/7.7 GB   11 MB/s   8m31s[K[?25h[?2026l[?2026h[?25l[A[1Gpulling manifest [K
pulling 0624ba75c3ce:  25% ▕████              ▏ 1.9 GB/7.7 GB   11 MB/s   8m31s[K[?25h[?2026l[?2026h[?25l[A[1Gpulling manifest [K
pulling 0624ba75c3ce:  25% ▕████              ▏ 1.9 GB/7.7 GB   11 MB/s   8m31s[K[?25h[?2026l[?2026h[?25l[A[1Gpulling manifest [K
pulling 0624ba75c3ce:  25% ▕████              ▏ 1.9 GB/7.7 GB   11 MB/s   8m30s[K[?25h[?2026l[?2026h[?25l[A[1Gpulling manifest [K
pulling 0624ba75c3ce:  25% ▕████              ▏ 1.9 GB/7.7 GB   11 MB/s   8m30s[K[?25h[?2026l[?2026h[?25l[A[1Gpulling manifest [K
pulling 0624ba75c3ce:  25% ▕████              ▏ 1.9 GB/7.7 GB   11 MB/s   8m30s[K[?25h[?2026l[?2026h[?25l[A[1Gpulling manifest [K
pulling 0624ba75c3ce:  25% ▕████              ▏ 1.9 GB/7.7 GB   11 MB/s   8m30s[K[?25h[?2026l[?2026h[?25l[A[1Gpulling manifest [K
pulling 0624ba75c3ce:  25% ▕████              ▏ 1.9 GB/7.7 GB   11 MB/s   8m30s[K[?25h[?2026l[?2026h[?25l[A[1Gpulling manifest [K
pulling 0624ba75c3ce:  25% ▕████              ▏ 1.9 GB/7.7 GB   11 MB/s   8m24s[K[?25h[?2026l[?2026h[?25l[A[1Gpulling manifest [K
pulling 0624ba75c3ce:  25% ▕████              ▏ 1.9 GB/7.7 GB   11 MB/s   8m24s[K[?25h[?2026l[?2026h[?25l[A[1Gpulling manifest [K
pulling 0624ba75c3ce:  25% ▕████              ▏ 1.9 GB/7.7 GB   11 MB/s   8m24s[K[?25h[?2026l[?2026h[?25l[A[1Gpulling manifest [K
pulling 0624ba75c3ce:  25% ▕████              ▏ 1.9 GB/7.7 GB   11 MB/s   8m24s[K[?25h[?2026l[?2026h[?25l[A[1Gpulling manifest [K
pulling 0624ba75c3ce:  25% ▕████              ▏ 1.9 GB/7.7 GB   11 MB/s   8m24s[K[?25h[?2026l[?2026h[?25l[A[1Gpulling manifest [K
pulling 0624ba75c3ce:  25% ▕████              ▏ 1.9 GB/7.7 GB   11 MB/s   8m24s[K[?25h[?2026l[?2026h[?25l[A[1Gpulling manifest [K
pulling 0624ba75c3ce:  25% ▕████              ▏ 1.9 GB/7.7 GB   11 MB/s   8m24s[K[?25h[?2026l[?2026h[?25l[A[1Gpulling manifest [K
pulling 0624ba75c3ce:  25% ▕████              ▏ 1.9 GB/7.7 GB   11 MB/s   8m23s[K[?25h[?2026l[?2026h[?25l[A[1Gpulling manifest [K
pulling 0624ba75c3ce:  25% ▕████              ▏ 1.9 GB/7.7 GB   11 MB/s   8m23s[K[?25h[?2026l[?2026h[?25l[A[1Gpulling manifest [K
pulling 0624ba75c3ce:  25% ▕████              ▏ 1.9 GB/7.7 GB   11 MB/s   8m23s[K[?25h[?2026l[?2026h[?25l[A[1Gpulling manifest [K
pulling 0624ba75c3ce:  25% ▕████              ▏ 1.9 GB/7.7 GB   11 MB/s   8m19s[K[?25h[?2026l[?2026h[?25l[A[1Gpulling manifest [K
pulling 0624ba75c3ce:  25% ▕████              ▏ 1.9 GB/7.7 GB   11 MB/s   8m19s[K[?25h[?2026l[?2026h[?25l[A[1Gpulling manifest [K
pulling 0624ba75c3ce:  25% ▕████              ▏ 1.9 GB/7.7 GB   11 MB/s   8m19s[K[?25h[?2026l[?2026h[?25l[A[1Gpulling manifest [K
pulling 0624ba75c3ce:  25% ▕████              ▏ 1.9 GB/7.7 GB   11 MB/s   8m19s[K[?25h[?2026l[?2026h[?25l[A[1Gpulling manifest [K
pulling 0624ba75c3ce:  25% ▕████              ▏ 1.9 GB/7.7 GB   11 MB/s   8m18s[K[?25h[?2026l[?2026h[?25l[A[1Gpulling manifest [K
pulling 0624ba75c3ce:  25% ▕████              ▏ 1.9 GB/7.7 GB   11 MB/s   8m18s[K[?25h[?2026l[?2026h[?25l[A[1Gpulling manifest [K
pulling 0624ba75c3ce:  25% ▕████              ▏ 1.9 GB/7.7 GB   11 MB/s   8m18s[K[?25h[?2026l[?2026h[?25l[A[1Gpulling manifest [K
pulling 0624ba75c3ce:  25% ▕████              ▏ 1.9 GB/7.7 GB   11 MB/s   8m18s[K[?25h[?2026l[?2026h[?25l[A[1Gpulling manifest [K
pulling 0624ba75c3ce:  25% ▕████              ▏ 1.9 GB/7.7 GB   11 MB/s   8m18s[K[?25h[?2026l[?2026h[?25l[A[1Gpulling manifest [K
pulling 0624ba75c3ce:  25% ▕████              ▏ 1.9 GB/7.7 GB   11 MB/s   8m18s[K[?25h[?2026l[?2026h[?25l[A[1Gpulling manifest [K
pulling 0624ba75c3ce:  25% ▕████              ▏ 1.9 GB/7.7 GB   11 MB/s   8m17s[K[?25h[?2026l[?2026h[?25l[A[1Gpulling manifest [K
pulling 0624ba75c3ce:  25% ▕████              ▏ 1.9 GB/7.7 GB   11 MB/s   8m16s[K[?25h[?2026l[?2026h[?25l[A[1Gpulling manifest [K
pulling 0624ba75c3ce:  25% ▕████              ▏ 1.9 GB/7.7 GB   11 MB/s   8m16s[K[?25h[?2026l[?2026h[?25l[A[1Gpulling manifest [K
pulling 0624ba75c3ce:  25% ▕████              ▏ 1.9 GB/7.7 GB   11 MB/s   8m16s[K[?25h[?2026l[?2026h[?25l[A[1Gpulling manifest [K
pulling 0624ba75c3ce:  25% ▕████              ▏ 1.9 GB/7.7 GB   11 MB/s   8m16s[K[?25h[?2026l[?2026h[?25l[A[1Gpulling manifest [K
pulling 0624ba75c3ce:  25% ▕████              ▏ 1.9 GB/7.7 GB   11 MB/s   8m16s[K[?25h[?2026l[?2026h[?25l[A[1Gpulling manifest [K
pulling 0624ba75c3ce:  25% ▕████              ▏ 1.9 GB/7.7 GB   11 MB/s   8m16s[K[?25h[?2026l[?2026h[?25l[A[1Gpulling manifest [K
pulling 0624ba75c3ce:  25% ▕████              ▏ 1.9 GB/7.7 GB   11 MB/s   8m16s[K[?25h[?2026l[?2026h[?25l[A[1Gpulling manifest [K
pulling 0624ba75c3ce:  25% ▕████              ▏ 2.0 GB/7.7 GB   11 MB/s   8m16s[K[?25h[?2026l[?2026h[?25l[A[1Gpulling manifest [K
pulling 0624ba75c3ce:  25% ▕████              ▏ 2.0 GB/7.7 GB   11 MB/s   8m16s[K[?25h[?2026l[?2026h[?25l[A[1Gpulling manifest [K
pulling 0624ba75c3ce:  25% ▕████              ▏ 2.0 GB/7.7 GB   11 MB/s   8m16s[K[?25h[?2026l[?2026h[?25l[A[1Gpulling manifest [K
pulling 0624ba75c3ce:  25% ▕████              ▏ 2.0 GB/7.7 GB   11 MB/s   8m14s[K[?25h[?2026l[?2026h[?25l[A[1Gpulling manifest [K
pulling 0624ba75c3ce:  25% ▕████              ▏ 2.0 GB/7.7 GB   11 MB/s   8m13s[K[?25h[?2026l[?2026h[?25l[A[1Gpulling manifest [K
pulling 0624ba75c3ce:  25% ▕████              ▏ 2.0 GB/7.7 GB   11 MB/s   8m13s[K[?25h[?2026l[?2026h[?25l[A[1Gpulling manifest [K
pulling 0624ba75c3ce:  25% ▕████              ▏ 2.0 GB/7.7 GB   11 MB/s   8m13s[K[?25h[?2026l[?2026h[?25l[A[1Gpulling manifest [K
pulling 0624ba75c3ce:  25% ▕████              ▏ 2.0 GB/7.7 GB   11 MB/s   8m13s[K[?25h[?2026l[?2026h[?25l[A[1Gpulling manifest [K
pulling 0624ba75c3ce:  25% ▕████              ▏ 2.0 GB/7.7 GB   11 MB/s   8m13s[K[?25h[?2026l[?2026h[?25l[A[1Gpulling manifest [K
pulling 0624ba75c3ce:  25% ▕████              ▏ 2.0 GB/7.7 GB   11 MB/s   8m13s[K[?25h[?2026l[?2026h[?25l[A[1Gpulling manifest [K
pulling 0624ba75c3ce:  25% ▕████              ▏ 2.0 GB/7.7 GB   11 MB/s   8m13s[K[?25h[?2026l[?2026h[?25l[A[1Gpulling manifest [K
pulling 0624ba75c3ce:  25% ▕████              ▏ 2.0 GB/7.7 GB   11 MB/s   8m13s[K[?25h[?2026l[?2026h[?25l[A[1Gpulling manifest [K
pulling 0624ba75c3ce:  26% ▕████              ▏ 2.0 GB/7.7 GB   11 MB/s   8m13s[K[?25h[?2026l[?2026h[?25l[A[1Gpulling manifest [K
pulling 0624ba75c3ce:  26% ▕████              ▏ 2.0 GB/7.7 GB   11 MB/s   8m13s[K[?25h[?2026l[?2026h[?25l[A[1Gpulling manifest [K
pulling 0624ba75c3ce:  26% ▕████              ▏ 2.0 GB/7.7 GB   11 MB/s   8m13s[K[?25h[?2026l[?2026h[?25l[A[1Gpulling manifest [K
pulling 0624ba75c3ce:  26% ▕████              ▏ 2.0 GB/7.7 GB   11 MB/s   8m12s[K[?25h[?2026l[?2026h[?25l[A[1Gpulling manifest [K
pulling 0624ba75c3ce:  26% ▕████              ▏ 2.0 GB/7.7 GB   11 MB/s   8m12s[K[?25h[?2026l[?2026h[?25l[A[1Gpulling manifest [K
pulling 0624ba75c3ce:  26% ▕████              ▏ 2.0 GB/7.7 GB   11 MB/s   8m12s[K[?25h[?2026l[?2026h[?25l[A[1Gpulling manifest [K
pulling 0624ba75c3ce:  26% ▕████              ▏ 2.0 GB/7.7 GB   11 MB/s   8m12s[K[?25h[?2026l[?2026h[?25l[A[1Gpulling manifest [K
pulling 0624ba75c3ce:  26% ▕████              ▏ 2.0 GB/7.7 GB   11 MB/s   8m12s[K[?25h[?2026l[?2026h[?25l[A[1Gpulling manifest [K
pulling 0624ba75c3ce:  26% ▕████              ▏ 2.0 GB/7.7 GB   11 MB/s   8m12s[K[?25h[?2026l[?2026h[?25l[A[1Gpulling manifest [K
pulling 0624ba75c3ce:  26% ▕████              ▏ 2.0 GB/7.7 GB   11 MB/s   8m12s[K[?25h[?2026l[?2026h[?25l[A[1Gpulling manifest [K
pulling 0624ba75c3ce:  26% ▕████              ▏ 2.0 GB/7.7 GB   11 MB/s   8m12s[K[?25h[?2026l[?2026h[?25l[A[1Gpulling manifest [K
pulling 0624ba75c3ce:  26% ▕████              ▏ 2.0 GB/7.7 GB   11 MB/s   8m14s[K[?25h[?2026l[?2026h[?25l[A[1Gpulling manifest [K
pulling 0624ba75c3ce:  26% ▕████              ▏ 2.0 GB/7.7 GB   11 MB/s   8m13s[K[?25h[?2026l[?2026h[?25l[A[1Gpulling manifest [K
pulling 0624ba75c3ce:  26% ▕████              ▏ 2.0 GB/7.7 GB   11 MB/s   8m13s[K[?25h[?2026l[?2026h[?25l[A[1Gpulling manifest [K
pulling 0624ba75c3ce:  26% ▕████              ▏ 2.0 GB/7.7 GB   11 MB/s   8m13s[K[?25h[?2026l[?2026h[?25l[A[1Gpulling manifest [K
pulling 0624ba75c3ce:  26% ▕████              ▏ 2.0 GB/7.7 GB   11 MB/s   8m13s[K[?25h[?2026l[?2026h[?25l[A[1Gpulling manifest [K
pulling 0624ba75c3ce:  26% ▕████              ▏ 2.0 GB/7.7 GB   11 MB/s   8m13s[K[?25h[?2026l[?2026h[?25l[A[1Gpulling manifest [K
pulling 0624ba75c3ce:  26% ▕████              ▏ 2.0 GB/7.7 GB   11 MB/s   8m13s[K[?25h[?2026l[?2026h[?25l[A[1Gpulling manifest [K
pulling 0624ba75c3ce:  26% ▕████              ▏ 2.0 GB/7.7 GB   11 MB/s   8m13s[K[?25h[?2026l[?2026h[?25l[A[1Gpulling manifest [K
pulling 0624ba75c3ce:  26% ▕████              ▏ 2.0 GB/7.7 GB   11 MB/s   8m13s[K[?25h[?2026l[?2026h[?25l[A[1Gpulling manifest [K
pulling 0624ba75c3ce:  26% ▕████              ▏ 2.0 GB/7.7 GB   11 MB/s   8m13s[K[?25h[?2026l[?2026h[?25l[A[1Gpulling manifest [K
pulling 0624ba75c3ce:  26% ▕████              ▏ 2.0 GB/7.7 GB   11 MB/s    8m7s[K[?25h[?2026l[?2026h[?25l[A[1Gpulling manifest [K
pulling 0624ba75c3ce:  26% ▕████              ▏ 2.0 GB/7.7 GB   11 MB/s    8m6s[K[?25h[?2026l[?2026h[?25l[A[1Gpulling manifest [K
pulling 0624ba75c3ce:  26% ▕████              ▏ 2.0 GB/7.7 GB   11 MB/s    8m6s[K[?25h[?2026l[?2026h[?25l[A[1Gpulling manifest [K
pulling 0624ba75c3ce:  26% ▕████              ▏ 2.0 GB/7.7 GB   11 MB/s    8m6s[K[?25h[?2026l[?2026h[?25l[A[1Gpulling manifest [K
pulling 0624ba75c3ce:  26% ▕████              ▏ 2.0 GB/7.7 GB   11 MB/s    8m6s[K[?25h[?2026l[?2026h[?25l[A[1Gpulling manifest [K
pulling 0624ba75c3ce:  26% ▕████              ▏ 2.0 GB/7.7 GB   11 MB/s    8m6s[K[?25h[?2026l[?2026h[?25l[A[1Gpulling manifest [K
pulling 0624ba75c3ce:  26% ▕████              ▏ 2.0 GB/7.7 GB   11 MB/s    8m6s[K[?25h[?2026l[?2026h[?25l[A[1Gpulling manifest [K
pulling 0624ba75c3ce:  26% ▕████              ▏ 2.0 GB/7.7 GB   11 MB/s    8m6s[K[?25h[?2026l[?2026h[?25l[A[1Gpulling manifest [K
pulling 0624ba75c3ce:  26% ▕████              ▏ 2.0 GB/7.7 GB   11 MB/s    8m6s[K[?25h[?2026l[?2026h[?25l[A[1Gpulling manifest [K
pulling 0624ba75c3ce:  26% ▕████              ▏ 2.0 GB/7.7 GB   11 MB/s    8m6s[K[?25h[?2026l[?2026h[?25l[A[1Gpulling manifest [K
pulling 0624ba75c3ce:  26% ▕████              ▏ 2.0 GB/7.7 GB   11 MB/s    8m7s[K[?25h[?2026l[?2026h[?25l[A[1Gpulling manifest [K
pulling 0624ba75c3ce:  26% ▕████              ▏ 2.0 GB/7.7 GB   11 MB/s    8m7s[K[?25h[?2026l[?2026h[?25l[A[1Gpulling manifest [K
pulling 0624ba75c3ce:  26% ▕████              ▏ 2.0 GB/7.7 GB   11 MB/s    8m7s[K[?25h[?2026l[?2026h[?25l[A[1Gpulling manifest [K
pulling 0624ba75c3ce:  26% ▕████              ▏ 2.0 GB/7.7 GB   11 MB/s    8m7s[K[?25h[?2026l[?2026h[?25l[A[1Gpulling manifest [K
pulling 0624ba75c3ce:  26% ▕████              ▏ 2.0 GB/7.7 GB   11 MB/s    8m7s[K[?25h[?2026l[?2026h[?25l[A[1Gpulling manifest [K
pulling 0624ba75c3ce:  26% ▕████              ▏ 2.0 GB/7.7 GB   11 MB/s    8m7s[K[?25h[?2026l[?2026h[?25l[A[1Gpulling manifest [K
pulling 0624ba75c3ce:  26% ▕████              ▏ 2.0 GB/7.7 GB   11 MB/s    8m7s[K[?25h[?2026l[?2026h[?25l[A[1Gpulling manifest [K
pulling 0624ba75c3ce:  26% ▕████              ▏ 2.0 GB/7.7 GB   11 MB/s    8m7s[K[?25h[?2026l[?2026h[?25l[A[1Gpulling manifest [K
pulling 0624ba75c3ce:  26% ▕████              ▏ 2.0 GB/7.7 GB   11 MB/s    8m6s[K[?25h[?2026l[?2026h[?25l[A[1Gpulling manifest [K
pulling 0624ba75c3ce:  26% ▕████              ▏ 2.0 GB/7.7 GB   11 MB/s    8m6s[K[?25h[?2026l[?2026h[?25l[A[1Gpulling manifest [K
pulling 0624ba75c3ce:  26% ▕████              ▏ 2.0 GB/7.7 GB   11 MB/s    8m6s[K[?25h[?2026l[?2026h[?25l[A[1Gpulling manifest [K
pulling 0624ba75c3ce:  26% ▕████              ▏ 2.0 GB/7.7 GB   11 MB/s   8m10s[K[?25h[?2026l[?2026h[?25l[A[1Gpulling manifest [K
pulling 0624ba75c3ce:  26% ▕████              ▏ 2.0 GB/7.7 GB   11 MB/s   8m10s[K[?25h[?2026l[?2026h[?25l[A[1Gpulling manifest [K
pulling 0624ba75c3ce:  26% ▕████              ▏ 2.0 GB/7.7 GB   11 MB/s   8m10s[K[?25h[?2026l[?2026h[?25l[A[1Gpulling manifest [K
pulling 0624ba75c3ce:  26% ▕████              ▏ 2.0 GB/7.7 GB   11 MB/s   8m10s[K[?25h[?2026l[?2026h[?25l[A[1Gpulling manifest [K
pulling 0624ba75c3ce:  26% ▕████              ▏ 2.0 GB/7.7 GB   11 MB/s   8m10s[K[?25h[?2026l[?2026h[?25l[A[1Gpulling manifest [K
pulling 0624ba75c3ce:  26% ▕████              ▏ 2.0 GB/7.7 GB   11 MB/s   8m10s[K[?25h[?2026l[?2026h[?25l[A[1Gpulling manifest [K
pulling 0624ba75c3ce:  26% ▕████              ▏ 2.0 GB/7.7 GB   11 MB/s    8m9s[K[?25h[?2026l[?2026h[?25l[A[1Gpulling manifest [K
pulling 0624ba75c3ce:  26% ▕████              ▏ 2.0 GB/7.7 GB   11 MB/s    8m9s[K[?25h[?2026l[?2026h[?25l[A[1Gpulling manifest [K
pulling 0624ba75c3ce:  26% ▕████              ▏ 2.0 GB/7.7 GB   11 MB/s    8m9s[K[?25h[?2026l[?2026h[?25l[A[1Gpulling manifest [K
pulling 0624ba75c3ce:  26% ▕████              ▏ 2.0 GB/7.7 GB   11 MB/s    8m9s[K[?25h[?2026l[?2026h[?25l[A[1Gpulling manifest [K
pulling 0624ba75c3ce:  26% ▕████              ▏ 2.0 GB/7.7 GB   11 MB/s   8m10s[K[?25h[?2026l[?2026h[?25l[A[1Gpulling manifest [K
pulling 0624ba75c3ce:  26% ▕████              ▏ 2.0 GB/7.7 GB   11 MB/s   8m10s[K[?25h[?2026l[?2026h[?25l[A[1Gpulling manifest [K
pulling 0624ba75c3ce:  26% ▕████              ▏ 2.0 GB/7.7 GB   11 MB/s   8m10s[K[?25h[?2026l[?2026h[?25l[A[1Gpulling manifest [K
pulling 0624ba75c3ce:  26% ▕████              ▏ 2.0 GB/7.7 GB   11 MB/s   8m10s[K[?25h[?2026l[?2026h[?25l[A[1Gpulling manifest [K
pulling 0624ba75c3ce:  26% ▕████              ▏ 2.0 GB/7.7 GB   11 MB/s   8m10s[K[?25h[?2026l[?2026h[?25l[A[1Gpulling manifest [K
pulling 0624ba75c3ce:  26% ▕████              ▏ 2.0 GB/7.7 GB   11 MB/s   8m10s[K[?25h[?2026l[?2026h[?25l[A[1Gpulling manifest [K
pulling 0624ba75c3ce:  26% ▕████              ▏ 2.0 GB/7.7 GB   11 MB/s   8m10s[K[?25h[?2026l[?2026h[?25l[A[1Gpulling manifest [K
pulling 0624ba75c3ce:  26% ▕████              ▏ 2.0 GB/7.7 GB   11 MB/s   8m10s[K[?25h[?2026l[?2026h[?25l[A[1Gpulling manifest [K
pulling 0624ba75c3ce:  26% ▕████              ▏ 2.0 GB/7.7 GB   11 MB/s   8m10s[K[?25h[?2026l[?2026h[?25l[A[1Gpulling manifest [K
pulling 0624ba75c3ce:  26% ▕████              ▏ 2.0 GB/7.7 GB   11 MB/s    8m9s[K[?25h[?2026l[?2026h[?25l[A[1Gpulling manifest [K
pulling 0624ba75c3ce:  26% ▕████              ▏ 2.0 GB/7.7 GB   11 MB/s   8m13s[K[?25h[?2026l[?2026h[?25l[A[1Gpulling manifest [K
pulling 0624ba75c3ce:  26% ▕████              ▏ 2.0 GB/7.7 GB   11 MB/s   8m13s[K[?25h[?2026l[?2026h[?25l[A[1Gpulling manifest [K
pulling 0624ba75c3ce:  26% ▕████              ▏ 2.0 GB/7.7 GB   11 MB/s   8m13s[K[?25h[?2026l[?2026h[?25l[A[1Gpulling manifest [K
pulling 0624ba75c3ce:  26% ▕████              ▏ 2.0 GB/7.7 GB   11 MB/s   8m13s[K[?25h[?2026l[?2026h[?25l[A[1Gpulling manifest [K
pulling 0624ba75c3ce:  26% ▕████              ▏ 2.0 GB/7.7 GB   11 MB/s   8m12s[K[?25h[?2026l[?2026h[?25l[A[1Gpulling manifest [K
pulling 0624ba75c3ce:  26% ▕████              ▏ 2.0 GB/7.7 GB   11 MB/s   8m12s[K[?25h[?2026l[?2026h[?25l[A[1Gpulling manifest [K
pulling 0624ba75c3ce:  26% ▕████              ▏ 2.0 GB/7.7 GB   11 MB/s   8m12s[K[?25h[?2026l[?2026h[?25l[A[1Gpulling manifest [K
pulling 0624ba75c3ce:  27% ▕████              ▏ 2.0 GB/7.7 GB   11 MB/s   8m12s[K[?25h[?2026l[?2026h[?25l[A[1Gpulling manifest [K
pulling 0624ba75c3ce:  27% ▕████              ▏ 2.0 GB/7.7 GB   11 MB/s   8m12s[K[?25h[?2026l[?2026h[?25l[A[1Gpulling manifest [K
pulling 0624ba75c3ce:  27% ▕████              ▏ 2.0 GB/7.7 GB   11 MB/s   8m12s[K[?25h[?2026l[?2026h[?25l[A[1Gpulling manifest [K
pulling 0624ba75c3ce:  27% ▕████              ▏ 2.0 GB/7.7 GB   11 MB/s   8m14s[K[?25h[?2026l[?2026h[?25l[A[1Gpulling manifest [K
pulling 0624ba75c3ce:  27% ▕████              ▏ 2.0 GB/7.7 GB   11 MB/s   8m14s[K[?25h[?2026l[?2026h[?25l[A[1Gpulling manifest [K
pulling 0624ba75c3ce:  27% ▕████              ▏ 2.0 GB/7.7 GB   11 MB/s   8m14s[K[?25h[?2026l[?2026h[?25l[A[1Gpulling manifest [K
pulling 0624ba75c3ce:  27% ▕████              ▏ 2.0 GB/7.7 GB   11 MB/s   8m14s[K[?25h[?2026l[?2026h[?25l[A[1Gpulling manifest [K
pulling 0624ba75c3ce:  27% ▕████              ▏ 2.0 GB/7.7 GB   11 MB/s   8m14s[K[?25h[?2026l[?2026h[?25l[A[1Gpulling manifest [K
pulling 0624ba75c3ce:  27% ▕████              ▏ 2.0 GB/7.7 GB   11 MB/s   8m14s[K[?25h[?2026l[?2026h[?25l[A[1Gpulling manifest [K
pulling 0624ba75c3ce:  27% ▕████              ▏ 2.0 GB/7.7 GB   11 MB/s   8m14s[K[?25h[?2026l[?2026h[?25l[A[1Gpulling manifest [K
pulling 0624ba75c3ce:  27% ▕████              ▏ 2.1 GB/7.7 GB   11 MB/s   8m14s[K[?25h[?2026l[?2026h[?25l[A[1Gpulling manifest [K
pulling 0624ba75c3ce:  27% ▕████              ▏ 2.1 GB/7.7 GB   11 MB/s   8m13s[K[?25h[?2026l[?2026h[?25l[A[1Gpulling manifest [K
pulling 0624ba75c3ce:  27% ▕████              ▏ 2.1 GB/7.7 GB   11 MB/s   8m13s[K[?25h[?2026l[?2026h[?25l[A[1Gpulling manifest [K
pulling 0624ba75c3ce:  27% ▕████              ▏ 2.1 GB/7.7 GB   11 MB/s    8m9s[K[?25h[?2026l[?2026h[?25l[A[1Gpulling manifest [K
pulling 0624ba75c3ce:  27% ▕████              ▏ 2.1 GB/7.7 GB   11 MB/s    8m9s[K[?25h[?2026l[?2026h[?25l[A[1Gpulling manifest [K
pulling 0624ba75c3ce:  27% ▕████              ▏ 2.1 GB/7.7 GB   11 MB/s    8m9s[K[?25h[?2026l[?2026h[?25l[A[1Gpulling manifest [K
pulling 0624ba75c3ce:  27% ▕████              ▏ 2.1 GB/7.7 GB   11 MB/s    8m8s[K[?25h[?2026l[?2026h[?25l[A[1Gpulling manifest [K
pulling 0624ba75c3ce:  27% ▕████              ▏ 2.1 GB/7.7 GB   11 MB/s    8m8s[K[?25h[?2026l[?2026h[?25l[A[1Gpulling manifest [K
pulling 0624ba75c3ce:  27% ▕████              ▏ 2.1 GB/7.7 GB   11 MB/s    8m8s[K[?25h[?2026l[?2026h[?25l[A[1Gpulling manifest [K
pulling 0624ba75c3ce:  27% ▕████              ▏ 2.1 GB/7.7 GB   11 MB/s    8m8s[K[?25h[?2026l[?2026h[?25l[A[1Gpulling manifest [K
pulling 0624ba75c3ce:  27% ▕████              ▏ 2.1 GB/7.7 GB   11 MB/s    8m8s[K[?25h[?2026l[?2026h[?25l[A[1Gpulling manifest [K
pulling 0624ba75c3ce:  27% ▕████              ▏ 2.1 GB/7.7 GB   11 MB/s    8m8s[K[?25h[?2026l[?2026h[?25l[A[1Gpulling manifest [K
pulling 0624ba75c3ce:  27% ▕████              ▏ 2.1 GB/7.7 GB   11 MB/s    8m8s[K[?25h[?2026l[?2026h[?25l[A[1Gpulling manifest [K
pulling 0624ba75c3ce:  27% ▕████              ▏ 2.1 GB/7.7 GB   11 MB/s    8m8s[K[?25h[?2026l[?2026h[?25l[A[1Gpulling manifest [K
pulling 0624ba75c3ce:  27% ▕████              ▏ 2.1 GB/7.7 GB   11 MB/s    8m8s[K[?25h[?2026l[?2026h[?25l[A[1Gpulling manifest [K
pulling 0624ba75c3ce:  27% ▕████              ▏ 2.1 GB/7.7 GB   11 MB/s    8m8s[K[?25h[?2026l[?2026h[?25l[A[1Gpulling manifest [K
pulling 0624ba75c3ce:  27% ▕████              ▏ 2.1 GB/7.7 GB   11 MB/s    8m8s[K[?25h[?2026l[?2026h[?25l[A[1Gpulling manifest [K
pulling 0624ba75c3ce:  27% ▕████              ▏ 2.1 GB/7.7 GB   11 MB/s    8m8s[K[?25h[?2026l[?2026h[?25l[A[1Gpulling manifest [K
pulling 0624ba75c3ce:  27% ▕████              ▏ 2.1 GB/7.7 GB   11 MB/s    8m8s[K[?25h[?2026l[?2026h[?25l[A[1Gpulling manifest [K
pulling 0624ba75c3ce:  27% ▕████              ▏ 2.1 GB/7.7 GB   11 MB/s    8m7s[K[?25h[?2026l[?2026h[?25l[A[1Gpulling manifest [K
pulling 0624ba75c3ce:  27% ▕████              ▏ 2.1 GB/7.7 GB   11 MB/s    8m7s[K[?25h[?2026l[?2026h[?25l[A[1Gpulling manifest [K
pulling 0624ba75c3ce:  27% ▕████              ▏ 2.1 GB/7.7 GB   11 MB/s    8m7s[K[?25h[?2026l[?2026h[?25l[A[1Gpulling manifest [K
pulling 0624ba75c3ce:  27% ▕████              ▏ 2.1 GB/7.7 GB   11 MB/s    8m7s[K[?25h[?2026l[?2026h[?25l[A[1Gpulling manifest [K
pulling 0624ba75c3ce:  27% ▕████              ▏ 2.1 GB/7.7 GB   11 MB/s    8m7s[K[?25h[?2026l[?2026h[?25l[A[1Gpulling manifest [K
pulling 0624ba75c3ce:  27% ▕████              ▏ 2.1 GB/7.7 GB   11 MB/s    8m8s[K[?25h[?2026l[?2026h[?25l[A[1Gpulling manifest [K
pulling 0624ba75c3ce:  27% ▕████              ▏ 2.1 GB/7.7 GB   11 MB/s    8m8s[K[?25h[?2026l[?2026h[?25l[A[1Gpulling manifest [K
pulling 0624ba75c3ce:  27% ▕████              ▏ 2.1 GB/7.7 GB   11 MB/s    8m8s[K[?25h[?2026l[?2026h[?25l[A[1Gpulling manifest [K
pulling 0624ba75c3ce:  27% ▕████              ▏ 2.1 GB/7.7 GB   11 MB/s    8m8s[K[?25h[?2026l[?2026h[?25l[A[1Gpulling manifest [K
pulling 0624ba75c3ce:  27% ▕████              ▏ 2.1 GB/7.7 GB   11 MB/s    8m8s[K[?25h[?2026l[?2026h[?25l[A[1Gpulling manifest [K
pulling 0624ba75c3ce:  27% ▕████              ▏ 2.1 GB/7.7 GB   11 MB/s    8m7s[K[?25h[?2026l[?2026h[?25l[A[1Gpulling manifest [K
pulling 0624ba75c3ce:  27% ▕████              ▏ 2.1 GB/7.7 GB   11 MB/s    8m7s[K[?25h[?2026l[?2026h[?25l[A[1Gpulling manifest [K
pulling 0624ba75c3ce:  27% ▕████              ▏ 2.1 GB/7.7 GB   11 MB/s    8m7s[K[?25h[?2026l[?2026h[?25l[A[1Gpulling manifest [K
pulling 0624ba75c3ce:  27% ▕████              ▏ 2.1 GB/7.7 GB   11 MB/s    8m7s[K[?25h[?2026l[?2026h[?25l[A[1Gpulling manifest [K
pulling 0624ba75c3ce:  27% ▕████              ▏ 2.1 GB/7.7 GB   11 MB/s    8m7s[K[?25h[?2026l[?2026h[?25l[A[1Gpulling manifest [K
pulling 0624ba75c3ce:  27% ▕████              ▏ 2.1 GB/7.7 GB   11 MB/s   8m10s[K[?25h[?2026l[?2026h[?25l[A[1Gpulling manifest [K
pulling 0624ba75c3ce:  27% ▕████              ▏ 2.1 GB/7.7 GB   11 MB/s   8m10s[K[?25h[?2026l[?2026h[?25l[A[1Gpulling manifest [K
pulling 0624ba75c3ce:  27% ▕████              ▏ 2.1 GB/7.7 GB   11 MB/s   8m10s[K[?25h[?2026l[?2026h[?25l[A[1Gpulling manifest [K
pulling 0624ba75c3ce:  27% ▕████              ▏ 2.1 GB/7.7 GB   11 MB/s   8m10s[K[?25h[?2026l[?2026h[?25l[A[1Gpulling manifest [K
pulling 0624ba75c3ce:  27% ▕████              ▏ 2.1 GB/7.7 GB   11 MB/s   8m10s[K[?25h[?2026l[?2026h[?25l[A[1Gpulling manifest [K
pulling 0624ba75c3ce:  27% ▕████              ▏ 2.1 GB/7.7 GB   11 MB/s   8m10s[K[?25h[?2026l[?2026h[?25l[A[1Gpulling manifest [K
pulling 0624ba75c3ce:  27% ▕████              ▏ 2.1 GB/7.7 GB   11 MB/s   8m10s[K[?25h[?2026l[?2026h[?25l[A[1Gpulling manifest [K
pulling 0624ba75c3ce:  27% ▕████              ▏ 2.1 GB/7.7 GB   11 MB/s    8m9s[K[?25h[?2026l[?2026h[?25l[A[1Gpulling manifest [K
pulling 0624ba75c3ce:  27% ▕████              ▏ 2.1 GB/7.7 GB   11 MB/s    8m9s[K[?25h[?2026l[?2026h[?25l[A[1Gpulling manifest [K
pulling 0624ba75c3ce:  27% ▕████              ▏ 2.1 GB/7.7 GB   11 MB/s    8m9s[K[?25h[?2026l[?2026h[?25l[A[1Gpulling manifest [K
pulling 0624ba75c3ce:  27% ▕████              ▏ 2.1 GB/7.7 GB   11 MB/s   8m10s[K[?25h[?2026l[?2026h[?25l[A[1Gpulling manifest [K
pulling 0624ba75c3ce:  27% ▕████              ▏ 2.1 GB/7.7 GB   11 MB/s   8m10s[K[?25h[?2026l[?2026h[?25l[A[1Gpulling manifest [K
pulling 0624ba75c3ce:  27% ▕████              ▏ 2.1 GB/7.7 GB   11 MB/s   8m10s[K[?25h[?2026l[?2026h[?25l[A[1Gpulling manifest [K
pulling 0624ba75c3ce:  27% ▕████              ▏ 2.1 GB/7.7 GB   11 MB/s   8m10s[K[?25h[?2026l[?2026h[?25l[A[1Gpulling manifest [K
pulling 0624ba75c3ce:  27% ▕████              ▏ 2.1 GB/7.7 GB   11 MB/s   8m10s[K[?25h[?2026l[?2026h[?25l[A[1Gpulling manifest [K
pulling 0624ba75c3ce:  27% ▕████              ▏ 2.1 GB/7.7 GB   11 MB/s   8m10s[K[?25h[?2026l[?2026h[?25l[A[1Gpulling manifest [K
pulling 0624ba75c3ce:  27% ▕████              ▏ 2.1 GB/7.7 GB   11 MB/s   8m10s[K[?25h[?2026l[?2026h[?25l[A[1Gpulling manifest [K
pulling 0624ba75c3ce:  27% ▕████              ▏ 2.1 GB/7.7 GB   11 MB/s   8m10s[K[?25h[?2026l[?2026h[?25l[A[1Gpulling manifest [K
pulling 0624ba75c3ce:  27% ▕████              ▏ 2.1 GB/7.7 GB   11 MB/s   8m10s[K[?25h[?2026l[?2026h[?25l[A[1Gpulling manifest [K
pulling 0624ba75c3ce:  27% ▕████              ▏ 2.1 GB/7.7 GB   11 MB/s   8m10s[K[?25h[?2026l[?2026h[?25l[A[1Gpulling manifest [K
pulling 0624ba75c3ce:  27% ▕████              ▏ 2.1 GB/7.7 GB   11 MB/s   8m11s[K[?25h[?2026l[?2026h[?25l[A[1Gpulling manifest [K
pulling 0624ba75c3ce:  27% ▕████              ▏ 2.1 GB/7.7 GB   11 MB/s   8m11s[K[?25h[?2026l[?2026h[?25l[A[1Gpulling manifest [K
pulling 0624ba75c3ce:  27% ▕████              ▏ 2.1 GB/7.7 GB   11 MB/s   8m11s[K[?25h[?2026l[?2026h[?25l[A[1Gpulling manifest [K
pulling 0624ba75c3ce:  27% ▕████              ▏ 2.1 GB/7.7 GB   11 MB/s   8m11s[K[?25h[?2026l[?2026h[?25l[A[1Gpulling manifest [K
pulling 0624ba75c3ce:  27% ▕████              ▏ 2.1 GB/7.7 GB   11 MB/s   8m11s[K[?25h[?2026l[?2026h[?25l[A[1Gpulling manifest [K
pulling 0624ba75c3ce:  28% ▕████              ▏ 2.1 GB/7.7 GB   11 MB/s   8m11s[K[?25h[?2026l[?2026h[?25l[A[1Gpulling manifest [K
pulling 0624ba75c3ce:  28% ▕████              ▏ 2.1 GB/7.7 GB   11 MB/s   8m11s[K[?25h[?2026l[?2026h[?25l[A[1Gpulling manifest [K
pulling 0624ba75c3ce:  28% ▕████              ▏ 2.1 GB/7.7 GB   11 MB/s   8m10s[K[?25h[?2026l[?2026h[?25l[A[1Gpulling manifest [K
pulling 0624ba75c3ce:  28% ▕████              ▏ 2.1 GB/7.7 GB   11 MB/s   8m10s[K[?25h[?2026l[?2026h[?25l[A[1Gpulling manifest [K
pulling 0624ba75c3ce:  28% ▕████              ▏ 2.1 GB/7.7 GB   11 MB/s   8m10s[K[?25h[?2026l[?2026h[?25l[A[1Gpulling manifest [K
pulling 0624ba75c3ce:  28% ▕████              ▏ 2.1 GB/7.7 GB   11 MB/s   8m10s[K[?25h[?2026l[?2026h[?25l[A[1Gpulling manifest [K
pulling 0624ba75c3ce:  28% ▕████              ▏ 2.1 GB/7.7 GB   11 MB/s   8m16s[K[?25h[?2026l[?2026h[?25l[A[1Gpulling manifest [K
pulling 0624ba75c3ce:  28% ▕████              ▏ 2.1 GB/7.7 GB   11 MB/s   8m16s[K[?25h[?2026l[?2026h[?25l[A[1Gpulling manifest [K
pulling 0624ba75c3ce:  28% ▕████              ▏ 2.1 GB/7.7 GB   11 MB/s   8m16s[K[?25h[?2026l[?2026h[?25l[A[1Gpulling manifest [K
pulling 0624ba75c3ce:  28% ▕████              ▏ 2.1 GB/7.7 GB   11 MB/s   8m16s[K[?25h[?2026l[?2026h[?25l[A[1Gpulling manifest [K
pulling 0624ba75c3ce:  28% ▕████              ▏ 2.1 GB/7.7 GB   11 MB/s   8m16s[K[?25h[?2026l[?2026h[?25l[A[1Gpulling manifest [K
pulling 0624ba75c3ce:  28% ▕████              ▏ 2.1 GB/7.7 GB   11 MB/s   8m16s[K[?25h[?2026l[?2026h[?25l[A[1Gpulling manifest [K
pulling 0624ba75c3ce:  28% ▕████              ▏ 2.1 GB/7.7 GB   11 MB/s   8m16s[K[?25h[?2026l[?2026h[?25l[A[1Gpulling manifest [K
pulling 0624ba75c3ce:  28% ▕████              ▏ 2.1 GB/7.7 GB   11 MB/s   8m15s[K[?25h[?2026l[?2026h[?25l[A[1Gpulling manifest [K
pulling 0624ba75c3ce:  28% ▕████              ▏ 2.1 GB/7.7 GB   11 MB/s   8m15s[K[?25h[?2026l[?2026h[?25l[A[1Gpulling manifest [K
pulling 0624ba75c3ce:  28% ▕████              ▏ 2.1 GB/7.7 GB   11 MB/s   8m15s[K[?25h[?2026l[?2026h[?25l[A[1Gpulling manifest [K
pulling 0624ba75c3ce:  28% ▕████              ▏ 2.1 GB/7.7 GB   11 MB/s   8m15s[K[?25h[?2026l[?2026h[?25l[A[1Gpulling manifest [K
pulling 0624ba75c3ce:  28% ▕████              ▏ 2.1 GB/7.7 GB   11 MB/s   8m15s[K[?25h[?2026l[?2026h[?25l[A[1Gpulling manifest [K
pulling 0624ba75c3ce:  28% ▕████              ▏ 2.1 GB/7.7 GB   11 MB/s   8m15s[K[?25h[?2026l[?2026h[?25l[A[1Gpulling manifest [K
pulling 0624ba75c3ce:  28% ▕████              ▏ 2.1 GB/7.7 GB   11 MB/s   8m15s[K[?25h[?2026l[?2026h[?25l[A[1Gpulling manifest [K
pulling 0624ba75c3ce:  28% ▕████              ▏ 2.1 GB/7.7 GB   11 MB/s   8m15s[K[?25h[?2026l[?2026h[?25l[A[1Gpulling manifest [K
pulling 0624ba75c3ce:  28% ▕█████             ▏ 2.1 GB/7.7 GB   11 MB/s   8m15s[K[?25h[?2026l[?2026h[?25l[A[1Gpulling manifest [K
pulling 0624ba75c3ce:  28% ▕█████             ▏ 2.1 GB/7.7 GB   11 MB/s   8m14s[K[?25h[?2026l[?2026h[?25l[A[1Gpulling manifest [K
pulling 0624ba75c3ce:  28% ▕█████             ▏ 2.1 GB/7.7 GB   11 MB/s   8m14s[K[?25h[?2026l[?2026h[?25l[A[1Gpulling manifest [K
pulling 0624ba75c3ce:  28% ▕█████             ▏ 2.1 GB/7.7 GB   11 MB/s   8m14s[K[?25h[?2026l[?2026h[?25l[A[1Gpulling manifest [K
pulling 0624ba75c3ce:  28% ▕█████             ▏ 2.1 GB/7.7 GB   11 MB/s   8m14s[K[?25h[?2026l[?2026h[?25l[A[1Gpulling manifest [K
pulling 0624ba75c3ce:  28% ▕█████             ▏ 2.1 GB/7.7 GB   11 MB/s   8m14s[K[?25h[?2026l[?2026h[?25l[A[1Gpulling manifest [K
pulling 0624ba75c3ce:  28% ▕█████             ▏ 2.1 GB/7.7 GB   11 MB/s   8m13s[K[?25h[?2026l[?2026h[?25l[A[1Gpulling manifest [K
pulling 0624ba75c3ce:  28% ▕█████             ▏ 2.1 GB/7.7 GB   11 MB/s   8m13s[K[?25h[?2026l[?2026h[?25l[A[1Gpulling manifest [K
pulling 0624ba75c3ce:  28% ▕█████             ▏ 2.1 GB/7.7 GB   11 MB/s   8m13s[K[?25h[?2026l[?2026h[?25l[A[1Gpulling manifest [K
pulling 0624ba75c3ce:  28% ▕█████             ▏ 2.1 GB/7.7 GB   11 MB/s   8m13s[K[?25h[?2026l[?2026h[?25l[A[1Gpulling manifest [K
pulling 0624ba75c3ce:  28% ▕█████             ▏ 2.2 GB/7.7 GB   11 MB/s   8m13s[K[?25h[?2026l[?2026h[?25l[A[1Gpulling manifest [K
pulling 0624ba75c3ce:  28% ▕█████             ▏ 2.2 GB/7.7 GB   11 MB/s   8m13s[K[?25h[?2026l[?2026h[?25l[A[1Gpulling manifest [K
pulling 0624ba75c3ce:  28% ▕█████             ▏ 2.2 GB/7.7 GB   11 MB/s   8m13s[K[?25h[?2026l[?2026h[?25l[A[1Gpulling manifest [K
pulling 0624ba75c3ce:  28% ▕█████             ▏ 2.2 GB/7.7 GB   11 MB/s   8m13s[K[?25h[?2026l[?2026h[?25l[A[1Gpulling manifest [K
pulling 0624ba75c3ce:  28% ▕█████             ▏ 2.2 GB/7.7 GB   11 MB/s   8m13s[K[?25h[?2026l[?2026h[?25l[A[1Gpulling manifest [K
pulling 0624ba75c3ce:  28% ▕█████             ▏ 2.2 GB/7.7 GB   11 MB/s   8m21s[K[?25h[?2026l[?2026h[?25l[A[1Gpulling manifest [K
pulling 0624ba75c3ce:  28% ▕█████             ▏ 2.2 GB/7.7 GB   11 MB/s   8m21s[K[?25h[?2026l[?2026h[?25l[A[1Gpulling manifest [K
pulling 0624ba75c3ce:  28% ▕█████             ▏ 2.2 GB/7.7 GB   11 MB/s   8m20s[K[?25h[?2026l[?2026h[?25l[A[1Gpulling manifest [K
pulling 0624ba75c3ce:  28% ▕█████             ▏ 2.2 GB/7.7 GB   11 MB/s   8m20s[K[?25h[?2026l[?2026h[?25l[A[1Gpulling manifest [K
pulling 0624ba75c3ce:  28% ▕█████             ▏ 2.2 GB/7.7 GB   11 MB/s   8m20s[K[?25h[?2026l[?2026h[?25l[A[1Gpulling manifest [K
pulling 0624ba75c3ce:  28% ▕█████             ▏ 2.2 GB/7.7 GB   11 MB/s   8m20s[K[?25h[?2026l[?2026h[?25l[A[1Gpulling manifest [K
pulling 0624ba75c3ce:  28% ▕█████             ▏ 2.2 GB/7.7 GB   11 MB/s   8m20s[K[?25h[?2026l[?2026h[?25l[A[1Gpulling manifest [K
pulling 0624ba75c3ce:  28% ▕█████             ▏ 2.2 GB/7.7 GB   11 MB/s   8m20s[K[?25h[?2026l[?2026h[?25l[A[1Gpulling manifest [K
pulling 0624ba75c3ce:  28% ▕█████             ▏ 2.2 GB/7.7 GB   11 MB/s   8m20s[K[?25h[?2026l[?2026h[?25l[A[1Gpulling manifest [K
pulling 0624ba75c3ce:  28% ▕█████             ▏ 2.2 GB/7.7 GB   11 MB/s   8m20s[K[?25h[?2026l[?2026h[?25l[A[1Gpulling manifest [K
pulling 0624ba75c3ce:  28% ▕█████             ▏ 2.2 GB/7.7 GB   11 MB/s   8m22s[K[?25h[?2026l[?2026h[?25l[A[1Gpulling manifest [K
pulling 0624ba75c3ce:  28% ▕█████             ▏ 2.2 GB/7.7 GB   11 MB/s   8m22s[K[?25h[?2026l[?2026h[?25l[A[1Gpulling manifest [K
pulling 0624ba75c3ce:  28% ▕█████             ▏ 2.2 GB/7.7 GB   11 MB/s   8m21s[K[?25h[?2026l[?2026h[?25l[A[1Gpulling manifest [K
pulling 0624ba75c3ce:  28% ▕█████             ▏ 2.2 GB/7.7 GB   11 MB/s   8m21s[K[?25h[?2026l[?2026h[?25l[A[1Gpulling manifest [K
pulling 0624ba75c3ce:  28% ▕█████             ▏ 2.2 GB/7.7 GB   11 MB/s   8m21s[K[?25h[?2026l[?2026h[?25l[A[1Gpulling manifest [K
pulling 0624ba75c3ce:  28% ▕█████             ▏ 2.2 GB/7.7 GB   11 MB/s   8m21s[K[?25h[?2026l[?2026h[?25l[A[1Gpulling manifest [K
pulling 0624ba75c3ce:  28% ▕█████             ▏ 2.2 GB/7.7 GB   11 MB/s   8m21s[K[?25h[?2026l[?2026h[?25l[A[1Gpulling manifest [K
pulling 0624ba75c3ce:  28% ▕█████             ▏ 2.2 GB/7.7 GB   11 MB/s   8m21s[K[?25h[?2026l[?2026h[?25l[A[1Gpulling manifest [K
pulling 0624ba75c3ce:  28% ▕█████             ▏ 2.2 GB/7.7 GB   11 MB/s   8m21s[K[?25h[?2026l[?2026h[?25l[A[1Gpulling manifest [K
pulling 0624ba75c3ce:  28% ▕█████             ▏ 2.2 GB/7.7 GB   11 MB/s   8m21s[K[?25h[?2026l[?2026h[?25l[A[1Gpulling manifest [K
pulling 0624ba75c3ce:  28% ▕█████             ▏ 2.2 GB/7.7 GB   11 MB/s   8m21s[K[?25h[?2026l[?2026h[?25l[A[1Gpulling manifest [K
pulling 0624ba75c3ce:  28% ▕█████             ▏ 2.2 GB/7.7 GB   10 MB/s   8m22s[K[?25h[?2026l[?2026h[?25l[A[1Gpulling manifest [K
pulling 0624ba75c3ce:  28% ▕█████             ▏ 2.2 GB/7.7 GB   10 MB/s   8m22s[K[?25h[?2026l[?2026h[?25l[A[1Gpulling manifest [K
pulling 0624ba75c3ce:  28% ▕█████             ▏ 2.2 GB/7.7 GB   10 MB/s   8m22s[K[?25h[?2026l[?2026h[?25l[A[1Gpulling manifest [K
pulling 0624ba75c3ce:  28% ▕█████             ▏ 2.2 GB/7.7 GB   10 MB/s   8m22s[K[?25h[?2026l[?2026h[?25l[A[1Gpulling manifest [K
pulling 0624ba75c3ce:  28% ▕█████             ▏ 2.2 GB/7.7 GB   10 MB/s   8m22s[K[?25h[?2026l[?2026h[?25l[A[1Gpulling manifest [K
pulling 0624ba75c3ce:  28% ▕█████             ▏ 2.2 GB/7.7 GB   10 MB/s   8m22s[K[?25h[?2026l[?2026h[?25l[A[1Gpulling manifest [K
pulling 0624ba75c3ce:  28% ▕█████             ▏ 2.2 GB/7.7 GB   10 MB/s   8m22s[K[?25h[?2026l[?2026h[?25l[A[1Gpulling manifest [K
pulling 0624ba75c3ce:  28% ▕█████             ▏ 2.2 GB/7.7 GB   10 MB/s   8m22s[K[?25h[?2026l[?2026h[?25l[A[1Gpulling manifest [K
pulling 0624ba75c3ce:  28% ▕█████             ▏ 2.2 GB/7.7 GB   10 MB/s   8m22s[K[?25h[?2026l[?2026h[?25l[A[1Gpulling manifest [K
pulling 0624ba75c3ce:  28% ▕█████             ▏ 2.2 GB/7.7 GB   10 MB/s   8m22s[K[?25h[?2026l[?2026h[?25l[A[1Gpulling manifest [K
pulling 0624ba75c3ce:  28% ▕█████             ▏ 2.2 GB/7.7 GB   10 MB/s   8m24s[K[?25h[?2026l[?2026h[?25l[A[1Gpulling manifest [K
pulling 0624ba75c3ce:  28% ▕█████             ▏ 2.2 GB/7.7 GB   10 MB/s   8m24s[K[?25h[?2026l[?2026h[?25l[A[1Gpulling manifest [K
pulling 0624ba75c3ce:  28% ▕█████             ▏ 2.2 GB/7.7 GB   10 MB/s   8m24s[K[?25h[?2026l[?2026h[?25l[A[1Gpulling manifest [K
pulling 0624ba75c3ce:  28% ▕█████             ▏ 2.2 GB/7.7 GB   10 MB/s   8m24s[K[?25h[?2026l[?2026h[?25l[A[1Gpulling manifest [K
pulling 0624ba75c3ce:  28% ▕█████             ▏ 2.2 GB/7.7 GB   10 MB/s   8m24s[K[?25h[?2026l[?2026h[?25l[A[1Gpulling manifest [K
pulling 0624ba75c3ce:  28% ▕█████             ▏ 2.2 GB/7.7 GB   10 MB/s   8m24s[K[?25h[?2026l[?2026h[?25l[A[1Gpulling manifest [K
pulling 0624ba75c3ce:  29% ▕█████             ▏ 2.2 GB/7.7 GB   10 MB/s   8m24s[K[?25h[?2026l[?2026h[?25l[A[1Gpulling manifest [K
pulling 0624ba75c3ce:  29% ▕█████             ▏ 2.2 GB/7.7 GB   10 MB/s   8m23s[K[?25h[?2026l[?2026h[?25l[A[1Gpulling manifest [K
pulling 0624ba75c3ce:  29% ▕█████             ▏ 2.2 GB/7.7 GB   10 MB/s   8m23s[K[?25h[?2026l[?2026h[?25l[A[1Gpulling manifest [K
pulling 0624ba75c3ce:  29% ▕█████             ▏ 2.2 GB/7.7 GB   10 MB/s   8m23s[K[?25h[?2026l[?2026h[?25l[A[1Gpulling manifest [K
pulling 0624ba75c3ce:  29% ▕█████             ▏ 2.2 GB/7.7 GB   10 MB/s   8m30s[K[?25h[?2026l[?2026h[?25l[A[1Gpulling manifest [K
pulling 0624ba75c3ce:  29% ▕█████             ▏ 2.2 GB/7.7 GB   10 MB/s   8m30s[K[?25h[?2026l[?2026h[?25l[A[1Gpulling manifest [K
pulling 0624ba75c3ce:  29% ▕█████             ▏ 2.2 GB/7.7 GB   10 MB/s   8m30s[K[?25h[?2026l[?2026h[?25l[A[1Gpulling manifest [K
pulling 0624ba75c3ce:  29% ▕█████             ▏ 2.2 GB/7.7 GB   10 MB/s   8m30s[K[?25h[?2026l[?2026h[?25l[A[1Gpulling manifest [K
pulling 0624ba75c3ce:  29% ▕█████             ▏ 2.2 GB/7.7 GB   10 MB/s   8m30s[K[?25h[?2026l[?2026h[?25l[A[1Gpulling manifest [K
pulling 0624ba75c3ce:  29% ▕█████             ▏ 2.2 GB/7.7 GB   10 MB/s   8m30s[K[?25h[?2026l[?2026h[?25l[A[1Gpulling manifest [K
pulling 0624ba75c3ce:  29% ▕█████             ▏ 2.2 GB/7.7 GB   10 MB/s   8m29s[K[?25h[?2026l[?2026h[?25l[A[1Gpulling manifest [K
pulling 0624ba75c3ce:  29% ▕█████             ▏ 2.2 GB/7.7 GB   10 MB/s   8m29s[K[?25h[?2026l[?2026h[?25l[A[1Gpulling manifest [K
pulling 0624ba75c3ce:  29% ▕█████             ▏ 2.2 GB/7.7 GB   10 MB/s   8m29s[K[?25h[?2026l[?2026h[?25l[A[1Gpulling manifest [K
pulling 0624ba75c3ce:  29% ▕█████             ▏ 2.2 GB/7.7 GB   10 MB/s   8m29s[K[?25h[?2026l[?2026h[?25l[A[1Gpulling manifest [K
pulling 0624ba75c3ce:  29% ▕█████             ▏ 2.2 GB/7.7 GB   10 MB/s   8m29s[K[?25h[?2026l[?2026h[?25l[A[1Gpulling manifest [K
pulling 0624ba75c3ce:  29% ▕█████             ▏ 2.2 GB/7.7 GB   10 MB/s   8m29s[K[?25h[?2026l[?2026h[?25l[A[1Gpulling manifest [K
pulling 0624ba75c3ce:  29% ▕█████             ▏ 2.2 GB/7.7 GB   10 MB/s   8m29s[K[?25h[?2026l[?2026h[?25l[A[1Gpulling manifest [K
pulling 0624ba75c3ce:  29% ▕█████             ▏ 2.2 GB/7.7 GB   10 MB/s   8m29s[K[?25h[?2026l[?2026h[?25l[A[1Gpulling manifest [K
pulling 0624ba75c3ce:  29% ▕█████             ▏ 2.2 GB/7.7 GB   10 MB/s   8m29s[K[?25h[?2026l[?2026h[?25l[A[1Gpulling manifest [K
pulling 0624ba75c3ce:  29% ▕█████             ▏ 2.2 GB/7.7 GB   10 MB/s   8m29s[K[?25h[?2026l[?2026h[?25l[A[1Gpulling manifest [K
pulling 0624ba75c3ce:  29% ▕█████             ▏ 2.2 GB/7.7 GB   10 MB/s   8m29s[K[?25h[?2026l[?2026h[?25l[A[1Gpulling manifest [K
pulling 0624ba75c3ce:  29% ▕█████             ▏ 2.2 GB/7.7 GB   10 MB/s   8m29s[K[?25h[?2026l[?2026h[?25l[A[1Gpulling manifest [K
pulling 0624ba75c3ce:  29% ▕█████             ▏ 2.2 GB/7.7 GB   10 MB/s   8m29s[K[?25h[?2026l[?2026h[?25l[A[1Gpulling manifest [K
pulling 0624ba75c3ce:  29% ▕█████             ▏ 2.2 GB/7.7 GB   10 MB/s   8m28s[K[?25h[?2026l[?2026h[?25l[A[1Gpulling manifest [K
pulling 0624ba75c3ce:  29% ▕█████             ▏ 2.2 GB/7.7 GB   10 MB/s   8m24s[K[?25h[?2026l[?2026h[?25l[A[1Gpulling manifest [K
pulling 0624ba75c3ce:  29% ▕█████             ▏ 2.2 GB/7.7 GB   10 MB/s   8m24s[K[?25h[?2026l[?2026h[?25l[A[1Gpulling manifest [K
pulling 0624ba75c3ce:  29% ▕█████             ▏ 2.2 GB/7.7 GB   10 MB/s   8m23s[K[?25h[?2026l[?2026h[?25l[A[1Gpulling manifest [K
pulling 0624ba75c3ce:  29% ▕█████             ▏ 2.2 GB/7.7 GB   10 MB/s   8m23s[K[?25h[?2026l[?2026h[?25l[A[1Gpulling manifest [K
pulling 0624ba75c3ce:  29% ▕█████             ▏ 2.2 GB/7.7 GB   10 MB/s   8m23s[K[?25h[?2026l[?2026h[?25l[A[1Gpulling manifest [K
pulling 0624ba75c3ce:  29% ▕█████             ▏ 2.2 GB/7.7 GB   10 MB/s   8m23s[K[?25h[?2026l[?2026h[?25l[A[1Gpulling manifest [K
pulling 0624ba75c3ce:  29% ▕█████             ▏ 2.2 GB/7.7 GB   10 MB/s   8m23s[K[?25h[?2026l[?2026h[?25l[A[1Gpulling manifest [K
pulling 0624ba75c3ce:  29% ▕█████             ▏ 2.2 GB/7.7 GB   10 MB/s   8m23s[K[?25h[?2026l[?2026h[?25l[A[1Gpulling manifest [K
pulling 0624ba75c3ce:  29% ▕█████             ▏ 2.2 GB/7.7 GB   10 MB/s   8m23s[K[?25h[?2026l[?2026h[?25l[A[1Gpulling manifest [K
pulling 0624ba75c3ce:  29% ▕█████             ▏ 2.2 GB/7.7 GB   10 MB/s   8m23s[K[?25h[?2026l[?2026h[?25l[A[1Gpulling manifest [K
pulling 0624ba75c3ce:  29% ▕█████             ▏ 2.2 GB/7.7 GB   10 MB/s   8m23s[K[?25h[?2026l[?2026h[?25l[A[1Gpulling manifest [K
pulling 0624ba75c3ce:  29% ▕█████             ▏ 2.2 GB/7.7 GB   10 MB/s   8m23s[K[?25h[?2026l[?2026h[?25l[A[1Gpulling manifest [K
pulling 0624ba75c3ce:  29% ▕█████             ▏ 2.2 GB/7.7 GB   10 MB/s   8m23s[K[?25h[?2026l[?2026h[?25l[A[1Gpulling manifest [K
pulling 0624ba75c3ce:  29% ▕█████             ▏ 2.2 GB/7.7 GB   10 MB/s   8m23s[K[?25h[?2026l[?2026h[?25l[A[1Gpulling manifest [K
pulling 0624ba75c3ce:  29% ▕█████             ▏ 2.2 GB/7.7 GB   10 MB/s   8m22s[K[?25h[?2026l[?2026h[?25l[A[1Gpulling manifest [K
pulling 0624ba75c3ce:  29% ▕█████             ▏ 2.2 GB/7.7 GB   10 MB/s   8m22s[K[?25h[?2026l[?2026h[?25l[A[1Gpulling manifest [K
pulling 0624ba75c3ce:  29% ▕█████             ▏ 2.2 GB/7.7 GB   10 MB/s   8m22s[K[?25h[?2026l[?2026h[?25l[A[1Gpulling manifest [K
pulling 0624ba75c3ce:  29% ▕█████             ▏ 2.2 GB/7.7 GB   10 MB/s   8m22s[K[?25h[?2026l[?2026h[?25l[A[1Gpulling manifest [K
pulling 0624ba75c3ce:  29% ▕█████             ▏ 2.2 GB/7.7 GB   10 MB/s   8m22s[K[?25h[?2026l[?2026h[?25l[A[1Gpulling manifest [K
pulling 0624ba75c3ce:  29% ▕█████             ▏ 2.2 GB/7.7 GB   10 MB/s   8m22s[K[?25h[?2026l[?2026h[?25l[A[1Gpulling manifest [K
pulling 0624ba75c3ce:  29% ▕█████             ▏ 2.2 GB/7.7 GB   10 MB/s   8m22s[K[?25h[?2026l[?2026h[?25l[A[1Gpulling manifest [K
pulling 0624ba75c3ce:  29% ▕█████             ▏ 2.2 GB/7.7 GB   10 MB/s   8m17s[K[?25h[?2026l[?2026h[?25l[A[1Gpulling manifest [K
pulling 0624ba75c3ce:  29% ▕█████             ▏ 2.2 GB/7.7 GB   10 MB/s   8m17s[K[?25h[?2026l[?2026h[?25l[A[1Gpulling manifest [K
pulling 0624ba75c3ce:  29% ▕█████             ▏ 2.2 GB/7.7 GB   10 MB/s   8m17s[K[?25h[?2026l[?2026h[?25l[A[1Gpulling manifest [K
pulling 0624ba75c3ce:  29% ▕█████             ▏ 2.2 GB/7.7 GB   10 MB/s   8m17s[K[?25h[?2026l[?2026h[?25l[A[1Gpulling manifest [K
pulling 0624ba75c3ce:  29% ▕█████             ▏ 2.2 GB/7.7 GB   10 MB/s   8m16s[K[?25h[?2026l[?2026h[?25l[A[1Gpulling manifest [K
pulling 0624ba75c3ce:  29% ▕█████             ▏ 2.2 GB/7.7 GB   10 MB/s   8m16s[K[?25h[?2026l[?2026h[?25l[A[1Gpulling manifest [K
pulling 0624ba75c3ce:  29% ▕█████             ▏ 2.3 GB/7.7 GB   10 MB/s   8m16s[K[?25h[?2026l[?2026h[?25l[A[1Gpulling manifest [K
pulling 0624ba75c3ce:  29% ▕█████             ▏ 2.3 GB/7.7 GB   10 MB/s   8m16s[K[?25h[?2026l[?2026h[?25l[A[1Gpulling manifest [K
pulling 0624ba75c3ce:  29% ▕█████             ▏ 2.3 GB/7.7 GB   10 MB/s   8m16s[K[?25h[?2026l[?2026h[?25l[A[1Gpulling manifest [K
pulling 0624ba75c3ce:  29% ▕█████             ▏ 2.3 GB/7.7 GB   10 MB/s   8m16s[K[?25h[?2026l[?2026h[?25l[A[1Gpulling manifest [K
pulling 0624ba75c3ce:  29% ▕█████             ▏ 2.3 GB/7.7 GB   11 MB/s   8m14s[K[?25h[?2026l[?2026h[?25l[A[1Gpulling manifest [K
pulling 0624ba75c3ce:  29% ▕█████             ▏ 2.3 GB/7.7 GB   11 MB/s   8m14s[K[?25h[?2026l[?2026h[?25l[A[1Gpulling manifest [K
pulling 0624ba75c3ce:  29% ▕█████             ▏ 2.3 GB/7.7 GB   11 MB/s   8m14s[K[?25h[?2026l[?2026h[?25l[A[1Gpulling manifest [K
pulling 0624ba75c3ce:  29% ▕█████             ▏ 2.3 GB/7.7 GB   11 MB/s   8m14s[K[?25h[?2026l[?2026h[?25l[A[1Gpulling manifest [K
pulling 0624ba75c3ce:  29% ▕█████             ▏ 2.3 GB/7.7 GB   11 MB/s   8m14s[K[?25h[?2026l[?2026h[?25l[A[1Gpulling manifest [K
pulling 0624ba75c3ce:  29% ▕█████             ▏ 2.3 GB/7.7 GB   11 MB/s   8m14s[K[?25h[?2026l[?2026h[?25l[A[1Gpulling manifest [K
pulling 0624ba75c3ce:  29% ▕█████             ▏ 2.3 GB/7.7 GB   11 MB/s   8m14s[K[?25h[?2026l[?2026h[?25l[A[1Gpulling manifest [K
pulling 0624ba75c3ce:  29% ▕█████             ▏ 2.3 GB/7.7 GB   11 MB/s   8m13s[K[?25h[?2026l[?2026h[?25l[A[1Gpulling manifest [K
pulling 0624ba75c3ce:  29% ▕█████             ▏ 2.3 GB/7.7 GB   11 MB/s   8m13s[K[?25h[?2026l[?2026h[?25l[A[1Gpulling manifest [K
pulling 0624ba75c3ce:  29% ▕█████             ▏ 2.3 GB/7.7 GB   11 MB/s   8m13s[K[?25h[?2026l[?2026h[?25l[A[1Gpulling manifest [K
pulling 0624ba75c3ce:  29% ▕█████             ▏ 2.3 GB/7.7 GB   10 MB/s   8m14s[K[?25h[?2026l[?2026h[?25l[A[1Gpulling manifest [K
pulling 0624ba75c3ce:  29% ▕█████             ▏ 2.3 GB/7.7 GB   10 MB/s   8m14s[K[?25h[?2026l[?2026h[?25l[A[1Gpulling manifest [K
pulling 0624ba75c3ce:  29% ▕█████             ▏ 2.3 GB/7.7 GB   10 MB/s   8m14s[K[?25h[?2026l[?2026h[?25l[A[1Gpulling manifest [K
pulling 0624ba75c3ce:  29% ▕█████             ▏ 2.3 GB/7.7 GB   10 MB/s   8m14s[K[?25h[?2026l[?2026h[?25l[A[1Gpulling manifest [K
pulling 0624ba75c3ce:  29% ▕█████             ▏ 2.3 GB/7.7 GB   10 MB/s   8m14s[K[?25h[?2026l[?2026h[?25l[A[1Gpulling manifest [K
pulling 0624ba75c3ce:  29% ▕█████             ▏ 2.3 GB/7.7 GB   10 MB/s   8m14s[K[?25h[?2026l[?2026h[?25l[A[1Gpulling manifest [K
pulling 0624ba75c3ce:  30% ▕█████             ▏ 2.3 GB/7.7 GB   10 MB/s   8m14s[K[?25h[?2026l[?2026h[?25l[A[1Gpulling manifest [K
pulling 0624ba75c3ce:  30% ▕█████             ▏ 2.3 GB/7.7 GB   10 MB/s   8m13s[K[?25h[?2026l[?2026h[?25l[A[1Gpulling manifest [K
pulling 0624ba75c3ce:  30% ▕█████             ▏ 2.3 GB/7.7 GB   10 MB/s   8m13s[K[?25h[?2026l[?2026h[?25l[A[1Gpulling manifest [K
pulling 0624ba75c3ce:  30% ▕█████             ▏ 2.3 GB/7.7 GB   10 MB/s   8m13s[K[?25h[?2026l[?2026h[?25l[A[1Gpulling manifest [K
pulling 0624ba75c3ce:  30% ▕█████             ▏ 2.3 GB/7.7 GB   10 MB/s   8m13s[K[?25h[?2026l[?2026h[?25l[A[1Gpulling manifest [K
pulling 0624ba75c3ce:  30% ▕█████             ▏ 2.3 GB/7.7 GB   10 MB/s   8m13s[K[?25h[?2026l[?2026h[?25l[A[1Gpulling manifest [K
pulling 0624ba75c3ce:  30% ▕█████             ▏ 2.3 GB/7.7 GB   10 MB/s   8m13s[K[?25h[?2026l[?2026h[?25l[A[1Gpulling manifest [K
pulling 0624ba75c3ce:  30% ▕█████             ▏ 2.3 GB/7.7 GB   10 MB/s   8m13s[K[?25h[?2026l[?2026h[?25l[A[1Gpulling manifest [K
pulling 0624ba75c3ce:  30% ▕█████             ▏ 2.3 GB/7.7 GB   10 MB/s   8m13s[K[?25h[?2026l[?2026h[?25l[A[1Gpulling manifest [K
pulling 0624ba75c3ce:  30% ▕█████             ▏ 2.3 GB/7.7 GB   10 MB/s   8m13s[K[?25h[?2026l[?2026h[?25l[A[1Gpulling manifest [K
pulling 0624ba75c3ce:  30% ▕█████             ▏ 2.3 GB/7.7 GB   10 MB/s   8m13s[K[?25h[?2026l[?2026h[?25l[A[1Gpulling manifest [K
pulling 0624ba75c3ce:  30% ▕█████             ▏ 2.3 GB/7.7 GB   10 MB/s   8m13s[K[?25h[?2026l[?2026h[?25l[A[1Gpulling manifest [K
pulling 0624ba75c3ce:  30% ▕█████             ▏ 2.3 GB/7.7 GB   10 MB/s   8m13s[K[?25h[?2026l[?2026h[?25l[A[1Gpulling manifest [K
pulling 0624ba75c3ce:  30% ▕█████             ▏ 2.3 GB/7.7 GB   10 MB/s   8m13s[K[?25h[?2026l[?2026h[?25l[A[1Gpulling manifest [K
pulling 0624ba75c3ce:  30% ▕█████             ▏ 2.3 GB/7.7 GB   10 MB/s   8m12s[K[?25h[?2026l[?2026h[?25l[A[1Gpulling manifest [K
pulling 0624ba75c3ce:  30% ▕█████             ▏ 2.3 GB/7.7 GB   11 MB/s   8m11s[K[?25h[?2026l[?2026h[?25l[A[1Gpulling manifest [K
pulling 0624ba75c3ce:  30% ▕█████             ▏ 2.3 GB/7.7 GB   11 MB/s   8m11s[K[?25h[?2026l[?2026h[?25l[A[1Gpulling manifest [K
pulling 0624ba75c3ce:  30% ▕█████             ▏ 2.3 GB/7.7 GB   11 MB/s   8m10s[K[?25h[?2026l[?2026h[?25l[A[1Gpulling manifest [K
pulling 0624ba75c3ce:  30% ▕█████             ▏ 2.3 GB/7.7 GB   11 MB/s   8m10s[K[?25h[?2026l[?2026h[?25l[A[1Gpulling manifest [K
pulling 0624ba75c3ce:  30% ▕█████             ▏ 2.3 GB/7.7 GB   11 MB/s   8m10s[K[?25h[?2026l[?2026h[?25l[A[1Gpulling manifest [K
pulling 0624ba75c3ce:  30% ▕█████             ▏ 2.3 GB/7.7 GB   11 MB/s   8m10s[K[?25h[?2026l[?2026h[?25l[A[1Gpulling manifest [K
pulling 0624ba75c3ce:  30% ▕█████             ▏ 2.3 GB/7.7 GB   11 MB/s   8m10s[K[?25h[?2026l[?2026h[?25l[A[1Gpulling manifest [K
pulling 0624ba75c3ce:  30% ▕█████             ▏ 2.3 GB/7.7 GB   11 MB/s   8m10s[K[?25h[?2026l[?2026h[?25l[A[1Gpulling manifest [K
pulling 0624ba75c3ce:  30% ▕█████             ▏ 2.3 GB/7.7 GB   11 MB/s   8m10s[K[?25h[?2026l[?2026h[?25l[A[1Gpulling manifest [K
pulling 0624ba75c3ce:  30% ▕█████             ▏ 2.3 GB/7.7 GB   11 MB/s   8m10s[K[?25h[?2026l[?2026h[?25l[A[1Gpulling manifest [K
pulling 0624ba75c3ce:  30% ▕█████             ▏ 2.3 GB/7.7 GB   11 MB/s    8m4s[K[?25h[?2026l[?2026h[?25l[A[1Gpulling manifest [K
pulling 0624ba75c3ce:  30% ▕█████             ▏ 2.3 GB/7.7 GB   11 MB/s    8m4s[K[?25h[?2026l[?2026h[?25l[A[1Gpulling manifest [K
pulling 0624ba75c3ce:  30% ▕█████             ▏ 2.3 GB/7.7 GB   11 MB/s    8m4s[K[?25h[?2026l[?2026h[?25l[A[1Gpulling manifest [K
pulling 0624ba75c3ce:  30% ▕█████             ▏ 2.3 GB/7.7 GB   11 MB/s    8m4s[K[?25h[?2026l[?2026h[?25l[A[1Gpulling manifest [K
pulling 0624ba75c3ce:  30% ▕█████             ▏ 2.3 GB/7.7 GB   11 MB/s    8m3s[K[?25h[?2026l[?2026h[?25l[A[1Gpulling manifest [K
pulling 0624ba75c3ce:  30% ▕█████             ▏ 2.3 GB/7.7 GB   11 MB/s    8m3s[K[?25h[?2026l[?2026h[?25l[A[1Gpulling manifest [K
pulling 0624ba75c3ce:  30% ▕█████             ▏ 2.3 GB/7.7 GB   11 MB/s    8m3s[K[?25h[?2026l[?2026h[?25l[A[1Gpulling manifest [K
pulling 0624ba75c3ce:  30% ▕█████             ▏ 2.3 GB/7.7 GB   11 MB/s    8m3s[K[?25h[?2026l[?2026h[?25l[A[1Gpulling manifest [K
pulling 0624ba75c3ce:  30% ▕█████             ▏ 2.3 GB/7.7 GB   11 MB/s    8m3s[K[?25h[?2026l[?2026h[?25l[A[1Gpulling manifest [K
pulling 0624ba75c3ce:  30% ▕█████             ▏ 2.3 GB/7.7 GB   11 MB/s    8m3s[K[?25h[?2026l[?2026h[?25l[A[1Gpulling manifest [K
pulling 0624ba75c3ce:  30% ▕█████             ▏ 2.3 GB/7.7 GB   11 MB/s    8m5s[K[?25h[?2026l[?2026h[?25l[A[1Gpulling manifest [K
pulling 0624ba75c3ce:  30% ▕█████             ▏ 2.3 GB/7.7 GB   11 MB/s    8m5s[K[?25h[?2026l[?2026h[?25l[A[1Gpulling manifest [K
pulling 0624ba75c3ce:  30% ▕█████             ▏ 2.3 GB/7.7 GB   11 MB/s    8m5s[K[?25h[?2026l[?2026h[?25l[A[1Gpulling manifest [K
pulling 0624ba75c3ce:  30% ▕█████             ▏ 2.3 GB/7.7 GB   11 MB/s    8m5s[K[?25h[?2026l[?2026h[?25l[A[1Gpulling manifest [K
pulling 0624ba75c3ce:  30% ▕█████             ▏ 2.3 GB/7.7 GB   11 MB/s    8m5s[K[?25h[?2026l[?2026h[?25l[A[1Gpulling manifest [K
pulling 0624ba75c3ce:  30% ▕█████             ▏ 2.3 GB/7.7 GB   11 MB/s    8m5s[K[?25h[?2026l[?2026h[?25l[A[1Gpulling manifest [K
pulling 0624ba75c3ce:  30% ▕█████             ▏ 2.3 GB/7.7 GB   11 MB/s    8m5s[K[?25h[?2026l[?2026h[?25l[A[1Gpulling manifest [K
pulling 0624ba75c3ce:  30% ▕█████             ▏ 2.3 GB/7.7 GB   11 MB/s    8m4s[K[?25h[?2026l[?2026h[?25l[A[1Gpulling manifest [K
pulling 0624ba75c3ce:  30% ▕█████             ▏ 2.3 GB/7.7 GB   11 MB/s    8m4s[K[?25h[?2026l[?2026h[?25l[A[1Gpulling manifest [K
pulling 0624ba75c3ce:  30% ▕█████             ▏ 2.3 GB/7.7 GB   11 MB/s    8m4s[K[?25h[?2026l[?2026h[?25l[A[1Gpulling manifest [K
pulling 0624ba75c3ce:  30% ▕█████             ▏ 2.3 GB/7.7 GB   10 MB/s   8m18s[K[?25h[?2026l[?2026h[?25l[A[1Gpulling manifest [K
pulling 0624ba75c3ce:  30% ▕█████             ▏ 2.3 GB/7.7 GB   10 MB/s   8m18s[K[?25h[?2026l[?2026h[?25l[A[1Gpulling manifest [K
pulling 0624ba75c3ce:  30% ▕█████             ▏ 2.3 GB/7.7 GB   10 MB/s   8m18s[K[?25h[?2026l[?2026h[?25l[A[1Gpulling manifest [K
pulling 0624ba75c3ce:  30% ▕█████             ▏ 2.3 GB/7.7 GB   10 MB/s   8m18s[K[?25h[?2026l[?2026h[?25l[A[1Gpulling manifest [K
pulling 0624ba75c3ce:  30% ▕█████             ▏ 2.3 GB/7.7 GB   10 MB/s   8m17s[K[?25h[?2026l[?2026h[?25l[A[1Gpulling manifest [K
pulling 0624ba75c3ce:  30% ▕█████             ▏ 2.3 GB/7.7 GB   10 MB/s   8m17s[K[?25h[?2026l[?2026h[?25l[A[1Gpulling manifest [K
pulling 0624ba75c3ce:  30% ▕█████             ▏ 2.3 GB/7.7 GB   10 MB/s   8m17s[K[?25h[?2026l[?2026h[?25l[A[1Gpulling manifest [K
pulling 0624ba75c3ce:  30% ▕█████             ▏ 2.3 GB/7.7 GB   10 MB/s   8m17s[K[?25h[?2026l[?2026h[?25l[A[1Gpulling manifest [K
pulling 0624ba75c3ce:  30% ▕█████             ▏ 2.3 GB/7.7 GB   10 MB/s   8m17s[K[?25h[?2026l[?2026h[?25l[A[1Gpulling manifest [K
pulling 0624ba75c3ce:  30% ▕█████             ▏ 2.3 GB/7.7 GB   10 MB/s   8m17s[K[?25h[?2026l[?2026h[?25l[A[1Gpulling manifest [K
pulling 0624ba75c3ce:  30% ▕█████             ▏ 2.3 GB/7.7 GB   10 MB/s   8m17s[K[?25h[?2026l[?2026h[?25l[A[1Gpulling manifest [K
pulling 0624ba75c3ce:  30% ▕█████             ▏ 2.3 GB/7.7 GB   10 MB/s   8m17s[K[?25h[?2026l[?2026h[?25l[A[1Gpulling manifest [K
pulling 0624ba75c3ce:  30% ▕█████             ▏ 2.3 GB/7.7 GB   10 MB/s   8m16s[K[?25h[?2026l[?2026h[?25l[A[1Gpulling manifest [K
pulling 0624ba75c3ce:  30% ▕█████             ▏ 2.3 GB/7.7 GB   10 MB/s   8m16s[K[?25h[?2026l[?2026h[?25l[A[1Gpulling manifest [K
pulling 0624ba75c3ce:  30% ▕█████             ▏ 2.3 GB/7.7 GB   10 MB/s   8m16s[K[?25h[?2026l[?2026h[?25l[A[1Gpulling manifest [K
pulling 0624ba75c3ce:  30% ▕█████             ▏ 2.3 GB/7.7 GB   10 MB/s   8m16s[K[?25h[?2026l[?2026h[?25l[A[1Gpulling manifest [K
pulling 0624ba75c3ce:  30% ▕█████             ▏ 2.3 GB/7.7 GB   10 MB/s   8m16s[K[?25h[?2026l[?2026h[?25l[A[1Gpulling manifest [K
pulling 0624ba75c3ce:  30% ▕█████             ▏ 2.3 GB/7.7 GB   10 MB/s   8m16s[K[?25h[?2026l[?2026h[?25l[A[1Gpulling manifest [K
pulling 0624ba75c3ce:  30% ▕█████             ▏ 2.3 GB/7.7 GB   10 MB/s   8m16s[K[?25h[?2026l[?2026h[?25l[A[1Gpulling manifest [K
pulling 0624ba75c3ce:  30% ▕█████             ▏ 2.3 GB/7.7 GB   10 MB/s   8m16s[K[?25h[?2026l[?2026h[?25l[A[1Gpulling manifest [K
pulling 0624ba75c3ce:  30% ▕█████             ▏ 2.3 GB/7.7 GB   10 MB/s   8m16s[K[?25h[?2026l[?2026h[?25l[A[1Gpulling manifest [K
pulling 0624ba75c3ce:  30% ▕█████             ▏ 2.3 GB/7.7 GB   10 MB/s   8m26s[K[?25h[?2026l[?2026h[?25l[A[1Gpulling manifest [K
pulling 0624ba75c3ce:  30% ▕█████             ▏ 2.3 GB/7.7 GB   10 MB/s   8m26s[K[?25h[?2026l[?2026h[?25l[A[1Gpulling manifest [K
pulling 0624ba75c3ce:  30% ▕█████             ▏ 2.3 GB/7.7 GB   10 MB/s   8m26s[K[?25h[?2026l[?2026h[?25l[A[1Gpulling manifest [K
pulling 0624ba75c3ce:  30% ▕█████             ▏ 2.3 GB/7.7 GB   10 MB/s   8m26s[K[?25h[?2026l[?2026h[?25l[A[1Gpulling manifest [K
pulling 0624ba75c3ce:  30% ▕█████             ▏ 2.3 GB/7.7 GB   10 MB/s   8m26s[K[?25h[?2026l[?2026h[?25l[A[1Gpulling manifest [K
pulling 0624ba75c3ce:  30% ▕█████             ▏ 2.3 GB/7.7 GB   10 MB/s   8m26s[K[?25h[?2026l[?2026h[?25l[A[1Gpulling manifest [K
pulling 0624ba75c3ce:  30% ▕█████             ▏ 2.3 GB/7.7 GB   10 MB/s   8m26s[K[?25h[?2026l[?2026h[?25l[A[1Gpulling manifest [K
pulling 0624ba75c3ce:  31% ▕█████             ▏ 2.3 GB/7.7 GB   10 MB/s   8m26s[K[?25h[?2026l[?2026h[?25l[A[1Gpulling manifest [K
pulling 0624ba75c3ce:  31% ▕█████             ▏ 2.3 GB/7.7 GB   10 MB/s   8m26s[K[?25h[?2026l[?2026h[?25l[A[1Gpulling manifest [K
pulling 0624ba75c3ce:  31% ▕█████             ▏ 2.3 GB/7.7 GB   10 MB/s   8m26s[K[?25h[?2026l[?2026h[?25l[A[1Gpulling manifest [K
pulling 0624ba75c3ce:  31% ▕█████             ▏ 2.4 GB/7.7 GB   10 MB/s   8m24s[K[?25h[?2026l[?2026h[?25l[A[1Gpulling manifest [K
pulling 0624ba75c3ce:  31% ▕█████             ▏ 2.4 GB/7.7 GB   10 MB/s   8m24s[K[?25h[?2026l[?2026h[?25l[A[1Gpulling manifest [K
pulling 0624ba75c3ce:  31% ▕█████             ▏ 2.4 GB/7.7 GB   10 MB/s   8m24s[K[?25h[?2026l[?2026h[?25l[A[1Gpulling manifest [K
pulling 0624ba75c3ce:  31% ▕█████             ▏ 2.4 GB/7.7 GB   10 MB/s   8m24s[K[?25h[?2026l[?2026h[?25l[A[1Gpulling manifest [K
pulling 0624ba75c3ce:  31% ▕█████             ▏ 2.4 GB/7.7 GB   10 MB/s   8m24s[K[?25h[?2026l[?2026h[?25l[A[1Gpulling manifest [K
pulling 0624ba75c3ce:  31% ▕█████             ▏ 2.4 GB/7.7 GB   10 MB/s   8m24s[K[?25h[?2026l[?2026h[?25l[A[1Gpulling manifest [K
pulling 0624ba75c3ce:  31% ▕█████             ▏ 2.4 GB/7.7 GB   10 MB/s   8m24s[K[?25h[?2026l[?2026h[?25l[A[1Gpulling manifest [K
pulling 0624ba75c3ce:  31% ▕█████             ▏ 2.4 GB/7.7 GB   10 MB/s   8m23s[K[?25h[?2026l[?2026h[?25l[A[1Gpulling manifest [K
pulling 0624ba75c3ce:  31% ▕█████             ▏ 2.4 GB/7.7 GB   10 MB/s   8m23s[K[?25h[?2026l[?2026h[?25l[A[1Gpulling manifest [K
pulling 0624ba75c3ce:  31% ▕█████             ▏ 2.4 GB/7.7 GB   10 MB/s   8m23s[K[?25h[?2026l[?2026h[?25l[A[1Gpulling manifest [K
pulling 0624ba75c3ce:  31% ▕█████             ▏ 2.4 GB/7.7 GB   10 MB/s   8m21s[K[?25h[?2026l[?2026h[?25l[A[1Gpulling manifest [K
pulling 0624ba75c3ce:  31% ▕█████             ▏ 2.4 GB/7.7 GB   10 MB/s   8m20s[K[?25h[?2026l[?2026h[?25l[A[1Gpulling manifest [K
pulling 0624ba75c3ce:  31% ▕█████             ▏ 2.4 GB/7.7 GB   10 MB/s   8m20s[K[?25h[?2026l[?2026h[?25l[A[1Gpulling manifest [K
pulling 0624ba75c3ce:  31% ▕█████             ▏ 2.4 GB/7.7 GB   10 MB/s   8m20s[K[?25h[?2026l[?2026h[?25l[A[1Gpulling manifest [K
pulling 0624ba75c3ce:  31% ▕█████             ▏ 2.4 GB/7.7 GB   10 MB/s   8m20s[K[?25h[?2026l[?2026h[?25l[A[1Gpulling manifest [K
pulling 0624ba75c3ce:  31% ▕█████             ▏ 2.4 GB/7.7 GB   10 MB/s   8m20s[K[?25h[?2026l[?2026h[?25l[A[1Gpulling manifest [K
pulling 0624ba75c3ce:  31% ▕█████             ▏ 2.4 GB/7.7 GB   10 MB/s   8m20s[K[?25h[?2026l[?2026h[?25l[A[1Gpulling manifest [K
pulling 0624ba75c3ce:  31% ▕█████             ▏ 2.4 GB/7.7 GB   10 MB/s   8m20s[K[?25h[?2026l[?2026h[?25l[A[1Gpulling manifest [K
pulling 0624ba75c3ce:  31% ▕█████             ▏ 2.4 GB/7.7 GB   10 MB/s   8m20s[K[?25h[?2026l[?2026h[?25l[A[1Gpulling manifest [K
pulling 0624ba75c3ce:  31% ▕█████             ▏ 2.4 GB/7.7 GB   10 MB/s   8m20s[K[?25h[?2026l[?2026h[?25l[A[1Gpulling manifest [K
pulling 0624ba75c3ce:  31% ▕█████             ▏ 2.4 GB/7.7 GB   10 MB/s   8m24s[K[?25h[?2026l[?2026h[?25l[A[1Gpulling manifest [K
pulling 0624ba75c3ce:  31% ▕█████             ▏ 2.4 GB/7.7 GB   10 MB/s   8m24s[K[?25h[?2026l[?2026h[?25l[A[1Gpulling manifest [K
pulling 0624ba75c3ce:  31% ▕█████             ▏ 2.4 GB/7.7 GB   10 MB/s   8m24s[K[?25h[?2026l[?2026h[?25l[A[1Gpulling manifest [K
pulling 0624ba75c3ce:  31% ▕█████             ▏ 2.4 GB/7.7 GB   10 MB/s   8m24s[K[?25h[?2026l[?2026h[?25l[A[1Gpulling manifest [K
pulling 0624ba75c3ce:  31% ▕█████             ▏ 2.4 GB/7.7 GB   10 MB/s   8m24s[K[?25h[?2026l[?2026h[?25l[A[1Gpulling manifest [K
pulling 0624ba75c3ce:  31% ▕█████             ▏ 2.4 GB/7.7 GB   10 MB/s   8m24s[K[?25h[?2026l[?2026h[?25l[A[1Gpulling manifest [K
pulling 0624ba75c3ce:  31% ▕█████             ▏ 2.4 GB/7.7 GB   10 MB/s   8m24s[K[?25h[?2026l[?2026h[?25l[A[1Gpulling manifest [K
pulling 0624ba75c3ce:  31% ▕█████             ▏ 2.4 GB/7.7 GB   10 MB/s   8m23s[K[?25h[?2026l[?2026h[?25l[A[1Gpulling manifest [K
pulling 0624ba75c3ce:  31% ▕█████             ▏ 2.4 GB/7.7 GB   10 MB/s   8m23s[K[?25h[?2026l[?2026h[?25l[A[1Gpulling manifest [K
pulling 0624ba75c3ce:  31% ▕█████             ▏ 2.4 GB/7.7 GB   10 MB/s   8m23s[K[?25h[?2026l[?2026h[?25l[A[1Gpulling manifest [K
pulling 0624ba75c3ce:  31% ▕█████             ▏ 2.4 GB/7.7 GB   10 MB/s   8m16s[K[?25h[?2026l[?2026h[?25l[A[1Gpulling manifest [K
pulling 0624ba75c3ce:  31% ▕█████             ▏ 2.4 GB/7.7 GB   10 MB/s   8m16s[K[?25h[?2026l[?2026h[?25l[A[1Gpulling manifest [K
pulling 0624ba75c3ce:  31% ▕█████             ▏ 2.4 GB/7.7 GB   10 MB/s   8m15s[K[?25h[?2026l[?2026h[?25l[A[1Gpulling manifest [K
pulling 0624ba75c3ce:  31% ▕█████             ▏ 2.4 GB/7.7 GB   10 MB/s   8m15s[K[?25h[?2026l[?2026h[?25l[A[1Gpulling manifest [K
pulling 0624ba75c3ce:  31% ▕█████             ▏ 2.4 GB/7.7 GB   10 MB/s   8m15s[K[?25h[?2026l[?2026h[?25l[A[1Gpulling manifest [K
pulling 0624ba75c3ce:  31% ▕█████             ▏ 2.4 GB/7.7 GB   10 MB/s   8m15s[K[?25h[?2026l[?2026h[?25l[A[1Gpulling manifest [K
pulling 0624ba75c3ce:  31% ▕█████             ▏ 2.4 GB/7.7 GB   10 MB/s   8m15s[K[?25h[?2026l[?2026h[?25l[A[1Gpulling manifest [K
pulling 0624ba75c3ce:  31% ▕█████             ▏ 2.4 GB/7.7 GB   10 MB/s   8m15s[K[?25h[?2026l[?2026h[?25l[A[1Gpulling manifest [K
pulling 0624ba75c3ce:  31% ▕█████             ▏ 2.4 GB/7.7 GB   10 MB/s   8m15s[K[?25h[?2026l[?2026h[?25l[A[1Gpulling manifest [K
pulling 0624ba75c3ce:  31% ▕█████             ▏ 2.4 GB/7.7 GB   10 MB/s   8m15s[K[?25h[?2026l[?2026h[?25l[A[1Gpulling manifest [K
pulling 0624ba75c3ce:  31% ▕█████             ▏ 2.4 GB/7.7 GB   10 MB/s   8m15s[K[?25h[?2026l[?2026h[?25l[A[1Gpulling manifest [K
pulling 0624ba75c3ce:  31% ▕█████             ▏ 2.4 GB/7.7 GB   10 MB/s   8m12s[K[?25h[?2026l[?2026h[?25l[A[1Gpulling manifest [K
pulling 0624ba75c3ce:  31% ▕█████             ▏ 2.4 GB/7.7 GB   10 MB/s   8m12s[K[?25h[?2026l[?2026h[?25l[A[1Gpulling manifest [K
pulling 0624ba75c3ce:  31% ▕█████             ▏ 2.4 GB/7.7 GB   10 MB/s   8m12s[K[?25h[?2026l[?2026h[?25l[A[1Gpulling manifest [K
pulling 0624ba75c3ce:  31% ▕█████             ▏ 2.4 GB/7.7 GB   10 MB/s   8m11s[K[?25h[?2026l[?2026h[?25l[A[1Gpulling manifest [K
pulling 0624ba75c3ce:  31% ▕█████             ▏ 2.4 GB/7.7 GB   10 MB/s   8m11s[K[?25h[?2026l[?2026h[?25l[A[1Gpulling manifest [K
pulling 0624ba75c3ce:  31% ▕█████             ▏ 2.4 GB/7.7 GB   10 MB/s   8m11s[K[?25h[?2026l[?2026h[?25l[A[1Gpulling manifest [K
pulling 0624ba75c3ce:  31% ▕█████             ▏ 2.4 GB/7.7 GB   10 MB/s   8m11s[K[?25h[?2026l[?2026h[?25l[A[1Gpulling manifest [K
pulling 0624ba75c3ce:  31% ▕█████             ▏ 2.4 GB/7.7 GB   10 MB/s   8m11s[K[?25h[?2026l[?2026h[?25l[A[1Gpulling manifest [K
pulling 0624ba75c3ce:  31% ▕█████             ▏ 2.4 GB/7.7 GB   10 MB/s   8m11s[K[?25h[?2026l[?2026h[?25l[A[1Gpulling manifest [K
pulling 0624ba75c3ce:  31% ▕█████             ▏ 2.4 GB/7.7 GB   10 MB/s   8m11s[K[?25h[?2026l[?2026h[?25l[A[1Gpulling manifest [K
pulling 0624ba75c3ce:  31% ▕█████             ▏ 2.4 GB/7.7 GB   10 MB/s    8m7s[K[?25h[?2026l[?2026h[?25l[A[1Gpulling manifest [K
pulling 0624ba75c3ce:  31% ▕█████             ▏ 2.4 GB/7.7 GB   10 MB/s    8m7s[K[?25h[?2026l[?2026h[?25l[A[1Gpulling manifest [K
pulling 0624ba75c3ce:  31% ▕█████             ▏ 2.4 GB/7.7 GB   10 MB/s    8m7s[K[?25h[?2026l[?2026h[?25l[A[1Gpulling manifest [K
pulling 0624ba75c3ce:  31% ▕█████             ▏ 2.4 GB/7.7 GB   10 MB/s    8m7s[K[?25h[?2026l[?2026h[?25l[A[1Gpulling manifest [K
pulling 0624ba75c3ce:  31% ▕█████             ▏ 2.4 GB/7.7 GB   10 MB/s    8m7s[K[?25h[?2026l[?2026h[?25l[A[1Gpulling manifest [K
pulling 0624ba75c3ce:  31% ▕█████             ▏ 2.4 GB/7.7 GB   10 MB/s    8m7s[K[?25h[?2026l[?2026h[?25l[A[1Gpulling manifest [K
pulling 0624ba75c3ce:  31% ▕█████             ▏ 2.4 GB/7.7 GB   10 MB/s    8m7s[K[?25h[?2026l[?2026h[?25l[A[1Gpulling manifest [K
pulling 0624ba75c3ce:  31% ▕█████             ▏ 2.4 GB/7.7 GB   10 MB/s    8m7s[K[?25h[?2026l[?2026h[?25l[A[1Gpulling manifest [K
pulling 0624ba75c3ce:  31% ▕█████             ▏ 2.4 GB/7.7 GB   10 MB/s    8m7s[K[?25h[?2026l[?2026h[?25l[A[1Gpulling manifest [K
pulling 0624ba75c3ce:  31% ▕█████             ▏ 2.4 GB/7.7 GB   10 MB/s    8m7s[K[?25h[?2026l[?2026h[?25l[A[1Gpulling manifest [K
pulling 0624ba75c3ce:  31% ▕█████             ▏ 2.4 GB/7.7 GB   11 MB/s   7m56s[K[?25h[?2026l[?2026h[?25l[A[1Gpulling manifest [K
pulling 0624ba75c3ce:  31% ▕█████             ▏ 2.4 GB/7.7 GB   11 MB/s   7m56s[K[?25h[?2026l[?2026h[?25l[A[1Gpulling manifest [K
pulling 0624ba75c3ce:  31% ▕█████             ▏ 2.4 GB/7.7 GB   11 MB/s   7m55s[K[?25h[?2026l[?2026h[?25l[A[1Gpulling manifest [K
pulling 0624ba75c3ce:  31% ▕█████             ▏ 2.4 GB/7.7 GB   11 MB/s   7m55s[K[?25h[?2026l[?2026h[?25l[A[1Gpulling manifest [K
pulling 0624ba75c3ce:  31% ▕█████             ▏ 2.4 GB/7.7 GB   11 MB/s   7m55s[K[?25h[?2026l[?2026h[?25l[A[1Gpulling manifest [K
pulling 0624ba75c3ce:  31% ▕█████             ▏ 2.4 GB/7.7 GB   11 MB/s   7m55s[K[?25h[?2026l[?2026h[?25l[A[1Gpulling manifest [K
pulling 0624ba75c3ce:  31% ▕█████             ▏ 2.4 GB/7.7 GB   11 MB/s   7m55s[K[?25h[?2026l[?2026h[?25l[A[1Gpulling manifest [K
pulling 0624ba75c3ce:  32% ▕█████             ▏ 2.4 GB/7.7 GB   11 MB/s   7m55s[K[?25h[?2026l[?2026h[?25l[A[1Gpulling manifest [K
pulling 0624ba75c3ce:  32% ▕█████             ▏ 2.4 GB/7.7 GB   11 MB/s   7m55s[K[?25h[?2026l[?2026h[?25l[A[1Gpulling manifest [K
pulling 0624ba75c3ce:  32% ▕█████             ▏ 2.4 GB/7.7 GB   11 MB/s   7m55s[K[?25h[?2026l[?2026h[?25l[A[1Gpulling manifest [K
pulling 0624ba75c3ce:  32% ▕█████             ▏ 2.4 GB/7.7 GB   11 MB/s   7m52s[K[?25h[?2026l[?2026h[?25l[A[1Gpulling manifest [K
pulling 0624ba75c3ce:  32% ▕█████             ▏ 2.4 GB/7.7 GB   11 MB/s   7m52s[K[?25h[?2026l[?2026h[?25l[A[1Gpulling manifest [K
pulling 0624ba75c3ce:  32% ▕█████             ▏ 2.4 GB/7.7 GB   11 MB/s   7m51s[K[?25h[?2026l[?2026h[?25l[A[1Gpulling manifest [K
pulling 0624ba75c3ce:  32% ▕█████             ▏ 2.4 GB/7.7 GB   11 MB/s   7m51s[K[?25h[?2026l[?2026h[?25l[A[1Gpulling manifest [K
pulling 0624ba75c3ce:  32% ▕█████             ▏ 2.4 GB/7.7 GB   11 MB/s   7m51s[K[?25h[?2026l[?2026h[?25l[A[1Gpulling manifest [K
pulling 0624ba75c3ce:  32% ▕█████             ▏ 2.4 GB/7.7 GB   11 MB/s   7m51s[K[?25h[?2026l[?2026h[?25l[A[1Gpulling manifest [K
pulling 0624ba75c3ce:  32% ▕█████             ▏ 2.4 GB/7.7 GB   11 MB/s   7m51s[K[?25h[?2026l[?2026h[?25l[A[1Gpulling manifest [K
pulling 0624ba75c3ce:  32% ▕█████             ▏ 2.4 GB/7.7 GB   11 MB/s   7m51s[K[?25h[?2026l[?2026h[?25l[A[1Gpulling manifest [K
pulling 0624ba75c3ce:  32% ▕█████             ▏ 2.4 GB/7.7 GB   11 MB/s   7m51s[K[?25h[?2026l[?2026h[?25l[A[1Gpulling manifest [K
pulling 0624ba75c3ce:  32% ▕█████             ▏ 2.4 GB/7.7 GB   11 MB/s   7m51s[K[?25h[?2026l[?2026h[?25l[A[1Gpulling manifest [K
pulling 0624ba75c3ce:  32% ▕█████             ▏ 2.4 GB/7.7 GB   11 MB/s   7m38s[K[?25h[?2026l[?2026h[?25l[A[1Gpulling manifest [K
pulling 0624ba75c3ce:  32% ▕█████             ▏ 2.4 GB/7.7 GB   11 MB/s   7m38s[K[?25h[?2026l[?2026h[?25l[A[1Gpulling manifest [K
pulling 0624ba75c3ce:  32% ▕█████             ▏ 2.4 GB/7.7 GB   11 MB/s   7m38s[K[?25h[?2026l[?2026h[?25l[A[1Gpulling manifest [K
pulling 0624ba75c3ce:  32% ▕█████             ▏ 2.4 GB/7.7 GB   11 MB/s   7m38s[K[?25h[?2026l[?2026h[?25l[A[1Gpulling manifest [K
pulling 0624ba75c3ce:  32% ▕█████             ▏ 2.4 GB/7.7 GB   11 MB/s   7m38s[K[?25h[?2026l[?2026h[?25l[A[1Gpulling manifest [K
pulling 0624ba75c3ce:  32% ▕█████             ▏ 2.4 GB/7.7 GB   11 MB/s   7m38s[K[?25h[?2026l[?2026h[?25l[A[1Gpulling manifest [K
pulling 0624ba75c3ce:  32% ▕█████             ▏ 2.4 GB/7.7 GB   11 MB/s   7m38s[K[?25h[?2026l[?2026h[?25l[A[1Gpulling manifest [K
pulling 0624ba75c3ce:  32% ▕█████             ▏ 2.4 GB/7.7 GB   11 MB/s   7m38s[K[?25h[?2026l[?2026h[?25l[A[1Gpulling manifest [K
pulling 0624ba75c3ce:  32% ▕█████             ▏ 2.5 GB/7.7 GB   11 MB/s   7m37s[K[?25h[?2026l[?2026h[?25l[A[1Gpulling manifest [K
pulling 0624ba75c3ce:  32% ▕█████             ▏ 2.5 GB/7.7 GB   11 MB/s   7m37s[K[?25h[?2026l[?2026h[?25l[A[1Gpulling manifest [K
pulling 0624ba75c3ce:  32% ▕█████             ▏ 2.5 GB/7.7 GB   11 MB/s   7m37s[K[?25h[?2026l[?2026h[?25l[A[1Gpulling manifest [K
pulling 0624ba75c3ce:  32% ▕█████             ▏ 2.5 GB/7.7 GB   11 MB/s   7m37s[K[?25h[?2026l[?2026h[?25l[A[1Gpulling manifest [K
pulling 0624ba75c3ce:  32% ▕█████             ▏ 2.5 GB/7.7 GB   11 MB/s   7m37s[K[?25h[?2026l[?2026h[?25l[A[1Gpulling manifest [K
pulling 0624ba75c3ce:  32% ▕█████             ▏ 2.5 GB/7.7 GB   11 MB/s   7m37s[K[?25h[?2026l[?2026h[?25l[A[1Gpulling manifest [K
pulling 0624ba75c3ce:  32% ▕█████             ▏ 2.5 GB/7.7 GB   11 MB/s   7m36s[K[?25h[?2026l[?2026h[?25l[A[1Gpulling manifest [K
pulling 0624ba75c3ce:  32% ▕█████             ▏ 2.5 GB/7.7 GB   11 MB/s   7m36s[K[?25h[?2026l[?2026h[?25l[A[1Gpulling manifest [K
pulling 0624ba75c3ce:  32% ▕█████             ▏ 2.5 GB/7.7 GB   11 MB/s   7m36s[K[?25h[?2026l[?2026h[?25l[A[1Gpulling manifest [K
pulling 0624ba75c3ce:  32% ▕█████             ▏ 2.5 GB/7.7 GB   11 MB/s   7m36s[K[?25h[?2026l[?2026h[?25l[A[1Gpulling manifest [K
pulling 0624ba75c3ce:  32% ▕█████             ▏ 2.5 GB/7.7 GB   11 MB/s   7m36s[K[?25h[?2026l[?2026h[?25l[A[1Gpulling manifest [K
pulling 0624ba75c3ce:  32% ▕█████             ▏ 2.5 GB/7.7 GB   11 MB/s   7m36s[K[?25h[?2026l[?2026h[?25l[A[1Gpulling manifest [K
pulling 0624ba75c3ce:  32% ▕█████             ▏ 2.5 GB/7.7 GB   11 MB/s   7m36s[K[?25h[?2026l[?2026h[?25l[A[1Gpulling manifest [K
pulling 0624ba75c3ce:  32% ▕█████             ▏ 2.5 GB/7.7 GB   11 MB/s   7m35s[K[?25h[?2026l[?2026h[?25l[A[1Gpulling manifest [K
pulling 0624ba75c3ce:  32% ▕█████             ▏ 2.5 GB/7.7 GB   11 MB/s   7m35s[K[?25h[?2026l[?2026h[?25l[A[1Gpulling manifest [K
pulling 0624ba75c3ce:  32% ▕█████             ▏ 2.5 GB/7.7 GB   11 MB/s   7m35s[K[?25h[?2026l[?2026h[?25l[A[1Gpulling manifest [K
pulling 0624ba75c3ce:  32% ▕█████             ▏ 2.5 GB/7.7 GB   11 MB/s   7m35s[K[?25h[?2026l[?2026h[?25l[A[1Gpulling manifest [K
pulling 0624ba75c3ce:  32% ▕█████             ▏ 2.5 GB/7.7 GB   11 MB/s   7m35s[K[?25h[?2026l[?2026h[?25l[A[1Gpulling manifest [K
pulling 0624ba75c3ce:  32% ▕█████             ▏ 2.5 GB/7.7 GB   11 MB/s   7m35s[K[?25h[?2026l[?2026h[?25l[A[1Gpulling manifest [K
pulling 0624ba75c3ce:  32% ▕█████             ▏ 2.5 GB/7.7 GB   11 MB/s   7m35s[K[?25h[?2026l[?2026h[?25l[A[1Gpulling manifest [K
pulling 0624ba75c3ce:  32% ▕█████             ▏ 2.5 GB/7.7 GB   11 MB/s   7m35s[K[?25h[?2026l[?2026h[?25l[A[1Gpulling manifest [K
pulling 0624ba75c3ce:  32% ▕█████             ▏ 2.5 GB/7.7 GB   11 MB/s   7m34s[K[?25h[?2026l[?2026h[?25l[A[1Gpulling manifest [K
pulling 0624ba75c3ce:  32% ▕█████             ▏ 2.5 GB/7.7 GB   11 MB/s   7m34s[K[?25h[?2026l[?2026h[?25l[A[1Gpulling manifest [K
pulling 0624ba75c3ce:  32% ▕█████             ▏ 2.5 GB/7.7 GB   11 MB/s   7m26s[K[?25h[?2026l[?2026h[?25l[A[1Gpulling manifest [K
pulling 0624ba75c3ce:  32% ▕█████             ▏ 2.5 GB/7.7 GB   11 MB/s   7m26s[K[?25h[?2026l[?2026h[?25l[A[1Gpulling manifest [K
pulling 0624ba75c3ce:  32% ▕█████             ▏ 2.5 GB/7.7 GB   11 MB/s   7m26s[K[?25h[?2026l[?2026h[?25l[A[1Gpulling manifest [K
pulling 0624ba75c3ce:  32% ▕█████             ▏ 2.5 GB/7.7 GB   11 MB/s   7m25s[K[?25h[?2026l[?2026h[?25l[A[1Gpulling manifest [K
pulling 0624ba75c3ce:  32% ▕█████             ▏ 2.5 GB/7.7 GB   11 MB/s   7m25s[K[?25h[?2026l[?2026h[?25l[A[1Gpulling manifest [K
pulling 0624ba75c3ce:  32% ▕█████             ▏ 2.5 GB/7.7 GB   11 MB/s   7m25s[K[?25h[?2026l[?2026h[?25l[A[1Gpulling manifest [K
pulling 0624ba75c3ce:  32% ▕█████             ▏ 2.5 GB/7.7 GB   11 MB/s   7m25s[K[?25h[?2026l[?2026h[?25l[A[1Gpulling manifest [K
pulling 0624ba75c3ce:  32% ▕█████             ▏ 2.5 GB/7.7 GB   11 MB/s   7m25s[K[?25h[?2026l[?2026h[?25l[A[1Gpulling manifest [K
pulling 0624ba75c3ce:  32% ▕█████             ▏ 2.5 GB/7.7 GB   11 MB/s   7m25s[K[?25h[?2026l[?2026h[?25l[A[1Gpulling manifest [K
pulling 0624ba75c3ce:  32% ▕█████             ▏ 2.5 GB/7.7 GB   11 MB/s   7m25s[K[?25h[?2026l[?2026h[?25l[A[1Gpulling manifest [K
pulling 0624ba75c3ce:  32% ▕█████             ▏ 2.5 GB/7.7 GB   11 MB/s   7m31s[K[?25h[?2026l[?2026h[?25l[A[1Gpulling manifest [K
pulling 0624ba75c3ce:  32% ▕█████             ▏ 2.5 GB/7.7 GB   11 MB/s   7m31s[K[?25h[?2026l[?2026h[?25l[A[1Gpulling manifest [K
pulling 0624ba75c3ce:  32% ▕█████             ▏ 2.5 GB/7.7 GB   11 MB/s   7m31s[K[?25h[?2026l[?2026h[?25l[A[1Gpulling manifest [K
pulling 0624ba75c3ce:  32% ▕█████             ▏ 2.5 GB/7.7 GB   11 MB/s   7m31s[K[?25h[?2026l[?2026h[?25l[A[1Gpulling manifest [K
pulling 0624ba75c3ce:  32% ▕█████             ▏ 2.5 GB/7.7 GB   11 MB/s   7m31s[K[?25h[?2026l[?2026h[?25l[A[1Gpulling manifest [K
pulling 0624ba75c3ce:  32% ▕█████             ▏ 2.5 GB/7.7 GB   11 MB/s   7m31s[K[?25h[?2026l[?2026h[?25l[A[1Gpulling manifest [K
pulling 0624ba75c3ce:  32% ▕█████             ▏ 2.5 GB/7.7 GB   11 MB/s   7m31s[K[?25h[?2026l[?2026h[?25l[A[1Gpulling manifest [K
pulling 0624ba75c3ce:  32% ▕█████             ▏ 2.5 GB/7.7 GB   11 MB/s   7m31s[K[?25h[?2026l[?2026h[?25l[A[1Gpulling manifest [K
pulling 0624ba75c3ce:  32% ▕█████             ▏ 2.5 GB/7.7 GB   11 MB/s   7m31s[K[?25h[?2026l[?2026h[?25l[A[1Gpulling manifest [K
pulling 0624ba75c3ce:  32% ▕█████             ▏ 2.5 GB/7.7 GB   11 MB/s   7m30s[K[?25h[?2026l[?2026h[?25l[A[1Gpulling manifest [K
pulling 0624ba75c3ce:  32% ▕█████             ▏ 2.5 GB/7.7 GB   11 MB/s   7m34s[K[?25h[?2026l[?2026h[?25l[A[1Gpulling manifest [K
pulling 0624ba75c3ce:  32% ▕█████             ▏ 2.5 GB/7.7 GB   11 MB/s   7m34s[K[?25h[?2026l[?2026h[?25l[A[1Gpulling manifest [K
pulling 0624ba75c3ce:  32% ▕█████             ▏ 2.5 GB/7.7 GB   11 MB/s   7m34s[K[?25h[?2026l[?2026h[?25l[A[1Gpulling manifest [K
pulling 0624ba75c3ce:  32% ▕█████             ▏ 2.5 GB/7.7 GB   11 MB/s   7m34s[K[?25h[?2026l[?2026h[?25l[A[1Gpulling manifest [K
pulling 0624ba75c3ce:  32% ▕█████             ▏ 2.5 GB/7.7 GB   11 MB/s   7m34s[K[?25h[?2026l[?2026h[?25l[A[1Gpulling manifest [K
pulling 0624ba75c3ce:  33% ▕█████             ▏ 2.5 GB/7.7 GB   11 MB/s   7m34s[K[?25h[?2026l[?2026h[?25l[A[1Gpulling manifest [K
pulling 0624ba75c3ce:  33% ▕█████             ▏ 2.5 GB/7.7 GB   11 MB/s   7m34s[K[?25h[?2026l[?2026h[?25l[A[1Gpulling manifest [K
pulling 0624ba75c3ce:  33% ▕█████             ▏ 2.5 GB/7.7 GB   11 MB/s   7m34s[K[?25h[?2026l[?2026h[?25l[A[1Gpulling manifest [K
pulling 0624ba75c3ce:  33% ▕█████             ▏ 2.5 GB/7.7 GB   11 MB/s   7m34s[K[?25h[?2026l[?2026h[?25l[A[1Gpulling manifest [K
pulling 0624ba75c3ce:  33% ▕█████             ▏ 2.5 GB/7.7 GB   11 MB/s   7m33s[K[?25h[?2026l[?2026h[?25l[A[1Gpulling manifest [K
pulling 0624ba75c3ce:  33% ▕█████             ▏ 2.5 GB/7.7 GB   11 MB/s   7m33s[K[?25h[?2026l[?2026h[?25l[A[1Gpulling manifest [K
pulling 0624ba75c3ce:  33% ▕█████             ▏ 2.5 GB/7.7 GB   11 MB/s   7m34s[K[?25h[?2026l[?2026h[?25l[A[1Gpulling manifest [K
pulling 0624ba75c3ce:  33% ▕█████             ▏ 2.5 GB/7.7 GB   11 MB/s   7m34s[K[?25h[?2026l[?2026h[?25l[A[1Gpulling manifest [K
pulling 0624ba75c3ce:  33% ▕█████             ▏ 2.5 GB/7.7 GB   11 MB/s   7m34s[K[?25h[?2026l[?2026h[?25l[A[1Gpulling manifest [K
pulling 0624ba75c3ce:  33% ▕█████             ▏ 2.5 GB/7.7 GB   11 MB/s   7m34s[K[?25h[?2026l[?2026h[?25l[A[1Gpulling manifest [K
pulling 0624ba75c3ce:  33% ▕█████             ▏ 2.5 GB/7.7 GB   11 MB/s   7m33s[K[?25h[?2026l[?2026h[?25l[A[1Gpulling manifest [K
pulling 0624ba75c3ce:  33% ▕█████             ▏ 2.5 GB/7.7 GB   11 MB/s   7m33s[K[?25h[?2026l[?2026h[?25l[A[1Gpulling manifest [K
pulling 0624ba75c3ce:  33% ▕█████             ▏ 2.5 GB/7.7 GB   11 MB/s   7m33s[K[?25h[?2026l[?2026h[?25l[A[1Gpulling manifest [K
pulling 0624ba75c3ce:  33% ▕█████             ▏ 2.5 GB/7.7 GB   11 MB/s   7m33s[K[?25h[?2026l[?2026h[?25l[A[1Gpulling manifest [K
pulling 0624ba75c3ce:  33% ▕█████             ▏ 2.5 GB/7.7 GB   11 MB/s   7m33s[K[?25h[?2026l[?2026h[?25l[A[1Gpulling manifest [K
pulling 0624ba75c3ce:  33% ▕█████             ▏ 2.5 GB/7.7 GB   11 MB/s   7m33s[K[?25h[?2026l[?2026h[?25l[A[1Gpulling manifest [K
pulling 0624ba75c3ce:  33% ▕█████             ▏ 2.5 GB/7.7 GB   11 MB/s   7m30s[K[?25h[?2026l[?2026h[?25l[A[1Gpulling manifest [K
pulling 0624ba75c3ce:  33% ▕█████             ▏ 2.5 GB/7.7 GB   11 MB/s   7m30s[K[?25h[?2026l[?2026h[?25l[A[1Gpulling manifest [K
pulling 0624ba75c3ce:  33% ▕█████             ▏ 2.5 GB/7.7 GB   11 MB/s   7m30s[K[?25h[?2026l[?2026h[?25l[A[1Gpulling manifest [K
pulling 0624ba75c3ce:  33% ▕█████             ▏ 2.5 GB/7.7 GB   11 MB/s   7m30s[K[?25h[?2026l[?2026h[?25l[A[1Gpulling manifest [K
pulling 0624ba75c3ce:  33% ▕█████             ▏ 2.5 GB/7.7 GB   11 MB/s   7m30s[K[?25h[?2026l[?2026h[?25l[A[1Gpulling manifest [K
pulling 0624ba75c3ce:  33% ▕█████             ▏ 2.5 GB/7.7 GB   11 MB/s   7m30s[K[?25h[?2026l[?2026h[?25l[A[1Gpulling manifest [K
pulling 0624ba75c3ce:  33% ▕█████             ▏ 2.5 GB/7.7 GB   11 MB/s   7m30s[K[?25h[?2026l[?2026h[?25l[A[1Gpulling manifest [K
pulling 0624ba75c3ce:  33% ▕█████             ▏ 2.5 GB/7.7 GB   11 MB/s   7m30s[K[?25h[?2026l[?2026h[?25l[A[1Gpulling manifest [K
pulling 0624ba75c3ce:  33% ▕█████             ▏ 2.5 GB/7.7 GB   11 MB/s   7m30s[K[?25h[?2026l[?2026h[?25l[A[1Gpulling manifest [K
pulling 0624ba75c3ce:  33% ▕█████             ▏ 2.5 GB/7.7 GB   11 MB/s   7m29s[K[?25h[?2026l[?2026h[?25l[A[1Gpulling manifest [K
pulling 0624ba75c3ce:  33% ▕█████             ▏ 2.5 GB/7.7 GB   11 MB/s   7m32s[K[?25h[?2026l[?2026h[?25l[A[1Gpulling manifest [K
pulling 0624ba75c3ce:  33% ▕█████             ▏ 2.5 GB/7.7 GB   11 MB/s   7m32s[K[?25h[?2026l[?2026h[?25l[A[1Gpulling manifest [K
pulling 0624ba75c3ce:  33% ▕█████             ▏ 2.5 GB/7.7 GB   11 MB/s   7m32s[K[?25h[?2026l[?2026h[?25l[A[1Gpulling manifest [K
pulling 0624ba75c3ce:  33% ▕█████             ▏ 2.5 GB/7.7 GB   11 MB/s   7m32s[K[?25h[?2026l[?2026h[?25l[A[1Gpulling manifest [K
pulling 0624ba75c3ce:  33% ▕█████             ▏ 2.5 GB/7.7 GB   11 MB/s   7m32s[K[?25h[?2026l[?2026h[?25l[A[1Gpulling manifest [K
pulling 0624ba75c3ce:  33% ▕█████             ▏ 2.5 GB/7.7 GB   11 MB/s   7m32s[K[?25h[?2026l[?2026h[?25l[A[1Gpulling manifest [K
pulling 0624ba75c3ce:  33% ▕█████             ▏ 2.5 GB/7.7 GB   11 MB/s   7m32s[K[?25h[?2026l[?2026h[?25l[A[1Gpulling manifest [K
pulling 0624ba75c3ce:  33% ▕█████             ▏ 2.5 GB/7.7 GB   11 MB/s   7m32s[K[?25h[?2026l[?2026h[?25l[A[1Gpulling manifest [K
pulling 0624ba75c3ce:  33% ▕█████             ▏ 2.5 GB/7.7 GB   11 MB/s   7m32s[K[?25h[?2026l[?2026h[?25l[A[1Gpulling manifest [K
pulling 0624ba75c3ce:  33% ▕█████             ▏ 2.5 GB/7.7 GB   11 MB/s   7m32s[K[?25h[?2026l[?2026h[?25l[A[1Gpulling manifest [K
pulling 0624ba75c3ce:  33% ▕█████             ▏ 2.5 GB/7.7 GB   11 MB/s   7m42s[K[?25h[?2026l[?2026h[?25l[A[1Gpulling manifest [K
pulling 0624ba75c3ce:  33% ▕█████             ▏ 2.5 GB/7.7 GB   11 MB/s   7m42s[K[?25h[?2026l[?2026h[?25l[A[1Gpulling manifest [K
pulling 0624ba75c3ce:  33% ▕█████             ▏ 2.5 GB/7.7 GB   11 MB/s   7m42s[K[?25h[?2026l[?2026h[?25l[A[1Gpulling manifest [K
pulling 0624ba75c3ce:  33% ▕█████             ▏ 2.5 GB/7.7 GB   11 MB/s   7m42s[K[?25h[?2026l[?2026h[?25l[A[1Gpulling manifest [K
pulling 0624ba75c3ce:  33% ▕█████             ▏ 2.5 GB/7.7 GB   11 MB/s   7m42s[K[?25h[?2026l[?2026h[?25l[A[1Gpulling manifest [K
pulling 0624ba75c3ce:  33% ▕█████             ▏ 2.5 GB/7.7 GB   11 MB/s   7m42s[K[?25h[?2026l[?2026h[?25l[A[1Gpulling manifest [K
pulling 0624ba75c3ce:  33% ▕█████             ▏ 2.5 GB/7.7 GB   11 MB/s   7m42s[K[?25h[?2026l[?2026h[?25l[A[1Gpulling manifest [K
pulling 0624ba75c3ce:  33% ▕█████             ▏ 2.5 GB/7.7 GB   11 MB/s   7m41s[K[?25h[?2026l[?2026h[?25l[A[1Gpulling manifest [K
pulling 0624ba75c3ce:  33% ▕█████             ▏ 2.5 GB/7.7 GB   11 MB/s   7m41s[K[?25h[?2026l[?2026h[?25l[A[1Gpulling manifest [K
pulling 0624ba75c3ce:  33% ▕█████             ▏ 2.6 GB/7.7 GB   11 MB/s   7m41s[K[?25h[?2026l[?2026h[?25l[A[1Gpulling manifest [K
pulling 0624ba75c3ce:  33% ▕█████             ▏ 2.6 GB/7.7 GB   10 MB/s   7m49s[K[?25h[?2026l[?2026h[?25l[A[1Gpulling manifest [K
pulling 0624ba75c3ce:  33% ▕█████             ▏ 2.6 GB/7.7 GB   10 MB/s   7m49s[K[?25h[?2026l[?2026h[?25l[A[1Gpulling manifest [K
pulling 0624ba75c3ce:  33% ▕█████             ▏ 2.6 GB/7.7 GB   10 MB/s   7m48s[K[?25h[?2026l[?2026h[?25l[A[1Gpulling manifest [K
pulling 0624ba75c3ce:  33% ▕█████             ▏ 2.6 GB/7.7 GB   10 MB/s   7m48s[K[?25h[?2026l[?2026h[?25l[A[1Gpulling manifest [K
pulling 0624ba75c3ce:  33% ▕█████             ▏ 2.6 GB/7.7 GB   10 MB/s   7m48s[K[?25h[?2026l[?2026h[?25l[A[1Gpulling manifest [K
pulling 0624ba75c3ce:  33% ▕█████             ▏ 2.6 GB/7.7 GB   10 MB/s   7m48s[K[?25h[?2026l[?2026h[?25l[A[1Gpulling manifest [K
pulling 0624ba75c3ce:  33% ▕█████             ▏ 2.6 GB/7.7 GB   10 MB/s   7m48s[K[?25h[?2026l[?2026h[?25l[A[1Gpulling manifest [K
pulling 0624ba75c3ce:  33% ▕█████             ▏ 2.6 GB/7.7 GB   10 MB/s   7m48s[K[?25h[?2026l[?2026h[?25l[A[1Gpulling manifest [K
pulling 0624ba75c3ce:  33% ▕█████             ▏ 2.6 GB/7.7 GB   10 MB/s   7m48s[K[?25h[?2026l[?2026h[?25l[A[1Gpulling manifest [K
pulling 0624ba75c3ce:  33% ▕█████             ▏ 2.6 GB/7.7 GB   10 MB/s   7m48s[K[?25h[?2026l[?2026h[?25l[A[1Gpulling manifest [K
pulling 0624ba75c3ce:  33% ▕█████             ▏ 2.6 GB/7.7 GB   10 MB/s   7m48s[K[?25h[?2026l[?2026h[?25l[A[1Gpulling manifest [K
pulling 0624ba75c3ce:  33% ▕█████             ▏ 2.6 GB/7.7 GB   10 MB/s   7m59s[K[?25h[?2026l[?2026h[?25l[A[1Gpulling manifest [K
pulling 0624ba75c3ce:  33% ▕█████             ▏ 2.6 GB/7.7 GB   10 MB/s   7m59s[K[?25h[?2026l[?2026h[?25l[A[1Gpulling manifest [K
pulling 0624ba75c3ce:  33% ▕█████             ▏ 2.6 GB/7.7 GB   10 MB/s   7m59s[K[?25h[?2026l[?2026h[?25l[A[1Gpulling manifest [K
pulling 0624ba75c3ce:  33% ▕█████             ▏ 2.6 GB/7.7 GB   10 MB/s   7m59s[K[?25h[?2026l[?2026h[?25l[A[1Gpulling manifest [K
pulling 0624ba75c3ce:  33% ▕██████            ▏ 2.6 GB/7.7 GB   10 MB/s   7m58s[K[?25h[?2026l[?2026h[?25l[A[1Gpulling manifest [K
pulling 0624ba75c3ce:  33% ▕██████            ▏ 2.6 GB/7.7 GB   10 MB/s   7m58s[K[?25h[?2026l[?2026h[?25l[A[1Gpulling manifest [K
pulling 0624ba75c3ce:  33% ▕██████            ▏ 2.6 GB/7.7 GB   10 MB/s   7m58s[K[?25h[?2026l[?2026h[?25l[A[1Gpulling manifest [K
pulling 0624ba75c3ce:  33% ▕██████            ▏ 2.6 GB/7.7 GB   10 MB/s   7m58s[K[?25h[?2026l[?2026h[?25l[A[1Gpulling manifest [K
pulling 0624ba75c3ce:  33% ▕██████            ▏ 2.6 GB/7.7 GB   10 MB/s   7m58s[K[?25h[?2026l[?2026h[?25l[A[1Gpulling manifest [K
pulling 0624ba75c3ce:  33% ▕██████            ▏ 2.6 GB/7.7 GB   10 MB/s   7m58s[K[?25h[?2026l[?2026h[?25l[A[1Gpulling manifest [K
pulling 0624ba75c3ce:  33% ▕██████            ▏ 2.6 GB/7.7 GB   10 MB/s   7m59s[K[?25h[?2026l[?2026h[?25l[A[1Gpulling manifest [K
pulling 0624ba75c3ce:  33% ▕██████            ▏ 2.6 GB/7.7 GB   10 MB/s   7m59s[K[?25h[?2026l[?2026h[?25l[A[1Gpulling manifest [K
pulling 0624ba75c3ce:  33% ▕██████            ▏ 2.6 GB/7.7 GB   10 MB/s   7m59s[K[?25h[?2026l[?2026h[?25l[A[1Gpulling manifest [K
pulling 0624ba75c3ce:  33% ▕██████            ▏ 2.6 GB/7.7 GB   10 MB/s   7m59s[K[?25h[?2026l[?2026h[?25l[A[1Gpulling manifest [K
pulling 0624ba75c3ce:  33% ▕██████            ▏ 2.6 GB/7.7 GB   10 MB/s   7m59s[K[?25h[?2026l[?2026h[?25l[A[1Gpulling manifest [K
pulling 0624ba75c3ce:  34% ▕██████            ▏ 2.6 GB/7.7 GB   10 MB/s   7m59s[K[?25h[?2026l[?2026h[?25l[A[1Gpulling manifest [K
pulling 0624ba75c3ce:  34% ▕██████            ▏ 2.6 GB/7.7 GB   10 MB/s   7m58s[K[?25h[?2026l[?2026h[?25l[A[1Gpulling manifest [K
pulling 0624ba75c3ce:  34% ▕██████            ▏ 2.6 GB/7.7 GB   10 MB/s   7m58s[K[?25h[?2026l[?2026h[?25l[A[1Gpulling manifest [K
pulling 0624ba75c3ce:  34% ▕██████            ▏ 2.6 GB/7.7 GB   10 MB/s   7m58s[K[?25h[?2026l[?2026h[?25l[A[1Gpulling manifest [K
pulling 0624ba75c3ce:  34% ▕██████            ▏ 2.6 GB/7.7 GB   10 MB/s   7m58s[K[?25h[?2026l[?2026h[?25l[A[1Gpulling manifest [K
pulling 0624ba75c3ce:  34% ▕██████            ▏ 2.6 GB/7.7 GB   10 MB/s    8m0s[K[?25h[?2026l[?2026h[?25l[A[1Gpulling manifest [K
pulling 0624ba75c3ce:  34% ▕██████            ▏ 2.6 GB/7.7 GB   10 MB/s   7m59s[K[?25h[?2026l[?2026h[?25l[A[1Gpulling manifest [K
pulling 0624ba75c3ce:  34% ▕██████            ▏ 2.6 GB/7.7 GB   10 MB/s   7m59s[K[?25h[?2026l[?2026h[?25l[A[1Gpulling manifest [K
pulling 0624ba75c3ce:  34% ▕██████            ▏ 2.6 GB/7.7 GB   10 MB/s   7m59s[K[?25h[?2026l[?2026h[?25l[A[1Gpulling manifest [K
pulling 0624ba75c3ce:  34% ▕██████            ▏ 2.6 GB/7.7 GB   10 MB/s   7m59s[K[?25h[?2026l[?2026h[?25l[A[1Gpulling manifest [K
pulling 0624ba75c3ce:  34% ▕██████            ▏ 2.6 GB/7.7 GB   10 MB/s   7m59s[K[?25h[?2026l[?2026h[?25l[A[1Gpulling manifest [K
pulling 0624ba75c3ce:  34% ▕██████            ▏ 2.6 GB/7.7 GB   10 MB/s   7m59s[K[?25h[?2026l[?2026h[?25l[A[1Gpulling manifest [K
pulling 0624ba75c3ce:  34% ▕██████            ▏ 2.6 GB/7.7 GB   10 MB/s   7m59s[K[?25h[?2026l[?2026h[?25l[A[1Gpulling manifest [K
pulling 0624ba75c3ce:  34% ▕██████            ▏ 2.6 GB/7.7 GB   10 MB/s   7m59s[K[?25h[?2026l[?2026h[?25l[A[1Gpulling manifest [K
pulling 0624ba75c3ce:  34% ▕██████            ▏ 2.6 GB/7.7 GB   10 MB/s   7m59s[K[?25h[?2026l[?2026h[?25l[A[1Gpulling manifest [K
pulling 0624ba75c3ce:  34% ▕██████            ▏ 2.6 GB/7.7 GB   10 MB/s   7m55s[K[?25h[?2026l[?2026h[?25l[A[1Gpulling manifest [K
pulling 0624ba75c3ce:  34% ▕██████            ▏ 2.6 GB/7.7 GB   10 MB/s   7m55s[K[?25h[?2026l[?2026h[?25l[A[1Gpulling manifest [K
pulling 0624ba75c3ce:  34% ▕██████            ▏ 2.6 GB/7.7 GB   10 MB/s   7m55s[K[?25h[?2026l[?2026h[?25l[A[1Gpulling manifest [K
pulling 0624ba75c3ce:  34% ▕██████            ▏ 2.6 GB/7.7 GB   10 MB/s   7m55s[K[?25h[?2026l[?2026h[?25l[A[1Gpulling manifest [K
pulling 0624ba75c3ce:  34% ▕██████            ▏ 2.6 GB/7.7 GB   10 MB/s   7m54s[K[?25h[?2026l[?2026h[?25l[A[1Gpulling manifest [K
pulling 0624ba75c3ce:  34% ▕██████            ▏ 2.6 GB/7.7 GB   10 MB/s   7m54s[K[?25h[?2026l[?2026h[?25l[A[1Gpulling manifest [K
pulling 0624ba75c3ce:  34% ▕██████            ▏ 2.6 GB/7.7 GB   10 MB/s   7m54s[K[?25h[?2026l[?2026h[?25l[A[1Gpulling manifest [K
pulling 0624ba75c3ce:  34% ▕██████            ▏ 2.6 GB/7.7 GB   10 MB/s   7m54s[K[?25h[?2026l[?2026h[?25l[A[1Gpulling manifest [K
pulling 0624ba75c3ce:  34% ▕██████            ▏ 2.6 GB/7.7 GB   10 MB/s   7m54s[K[?25h[?2026l[?2026h[?25l[A[1Gpulling manifest [K
pulling 0624ba75c3ce:  34% ▕██████            ▏ 2.6 GB/7.7 GB   10 MB/s   7m54s[K[?25h[?2026l[?2026h[?25l[A[1Gpulling manifest [K
pulling 0624ba75c3ce:  34% ▕██████            ▏ 2.6 GB/7.7 GB   10 MB/s   7m49s[K[?25h[?2026l[?2026h[?25l[A[1Gpulling manifest [K
pulling 0624ba75c3ce:  34% ▕██████            ▏ 2.6 GB/7.7 GB   10 MB/s   7m49s[K[?25h[?2026l[?2026h[?25l[A[1Gpulling manifest [K
pulling 0624ba75c3ce:  34% ▕██████            ▏ 2.6 GB/7.7 GB   10 MB/s   7m49s[K[?25h[?2026l[?2026h[?25l[A[1Gpulling manifest [K
pulling 0624ba75c3ce:  34% ▕██████            ▏ 2.6 GB/7.7 GB   10 MB/s   7m49s[K[?25h[?2026l[?2026h[?25l[A[1Gpulling manifest [K
pulling 0624ba75c3ce:  34% ▕██████            ▏ 2.6 GB/7.7 GB   10 MB/s   7m49s[K[?25h[?2026l[?2026h[?25l[A[1Gpulling manifest [K
pulling 0624ba75c3ce:  34% ▕██████            ▏ 2.6 GB/7.7 GB   10 MB/s   7m49s[K[?25h[?2026l[?2026h[?25l[A[1Gpulling manifest [K
pulling 0624ba75c3ce:  34% ▕██████            ▏ 2.6 GB/7.7 GB   10 MB/s   7m49s[K[?25h[?2026l[?2026h[?25l[A[1Gpulling manifest [K
pulling 0624ba75c3ce:  34% ▕██████            ▏ 2.6 GB/7.7 GB   10 MB/s   7m48s[K[?25h[?2026l[?2026h[?25l[A[1Gpulling manifest [K
pulling 0624ba75c3ce:  34% ▕██████            ▏ 2.6 GB/7.7 GB   10 MB/s   7m48s[K[?25h[?2026l[?2026h[?25l[A[1Gpulling manifest [K
pulling 0624ba75c3ce:  34% ▕██████            ▏ 2.6 GB/7.7 GB   10 MB/s   7m48s[K[?25h[?2026l[?2026h[?25l[A[1Gpulling manifest [K
pulling 0624ba75c3ce:  34% ▕██████            ▏ 2.6 GB/7.7 GB   10 MB/s   7m48s[K[?25h[?2026l[?2026h[?25l[A[1Gpulling manifest [K
pulling 0624ba75c3ce:  34% ▕██████            ▏ 2.6 GB/7.7 GB   10 MB/s   7m48s[K[?25h[?2026l[?2026h[?25l[A[1Gpulling manifest [K
pulling 0624ba75c3ce:  34% ▕██████            ▏ 2.6 GB/7.7 GB   10 MB/s   7m48s[K[?25h[?2026l[?2026h[?25l[A[1Gpulling manifest [K
pulling 0624ba75c3ce:  34% ▕██████            ▏ 2.6 GB/7.7 GB   10 MB/s   7m48s[K[?25h[?2026l[?2026h[?25l[A[1Gpulling manifest [K
pulling 0624ba75c3ce:  34% ▕██████            ▏ 2.6 GB/7.7 GB   10 MB/s   7m48s[K[?25h[?2026l[?2026h[?25l[A[1Gpulling manifest [K
pulling 0624ba75c3ce:  34% ▕██████            ▏ 2.6 GB/7.7 GB   10 MB/s   7m48s[K[?25h[?2026l[?2026h[?25l[A[1Gpulling manifest [K
pulling 0624ba75c3ce:  34% ▕██████            ▏ 2.6 GB/7.7 GB   10 MB/s   7m48s[K[?25h[?2026l[?2026h[?25l[A[1Gpulling manifest [K
pulling 0624ba75c3ce:  34% ▕██████            ▏ 2.6 GB/7.7 GB   10 MB/s   7m47s[K[?25h[?2026l[?2026h[?25l[A[1Gpulling manifest [K
pulling 0624ba75c3ce:  34% ▕██████            ▏ 2.6 GB/7.7 GB   10 MB/s   7m47s[K[?25h[?2026l[?2026h[?25l[A[1Gpulling manifest [K
pulling 0624ba75c3ce:  34% ▕██████            ▏ 2.6 GB/7.7 GB   10 MB/s   7m47s[K[?25h[?2026l[?2026h[?25l[A[1Gpulling manifest [K
pulling 0624ba75c3ce:  34% ▕██████            ▏ 2.6 GB/7.7 GB   10 MB/s   7m47s[K[?25h[?2026l[?2026h[?25l[A[1Gpulling manifest [K
pulling 0624ba75c3ce:  34% ▕██████            ▏ 2.6 GB/7.7 GB   10 MB/s   7m43s[K[?25h[?2026l[?2026h[?25l[A[1Gpulling manifest [K
pulling 0624ba75c3ce:  34% ▕██████            ▏ 2.6 GB/7.7 GB   10 MB/s   7m43s[K[?25h[?2026l[?2026h[?25l[A[1Gpulling manifest [K
pulling 0624ba75c3ce:  34% ▕██████            ▏ 2.6 GB/7.7 GB   10 MB/s   7m43s[K[?25h[?2026l[?2026h[?25l[A[1Gpulling manifest [K
pulling 0624ba75c3ce:  34% ▕██████            ▏ 2.6 GB/7.7 GB   10 MB/s   7m43s[K[?25h[?2026l[?2026h[?25l[A[1Gpulling manifest [K
pulling 0624ba75c3ce:  34% ▕██████            ▏ 2.6 GB/7.7 GB   10 MB/s   7m43s[K[?25h[?2026l[?2026h[?25l[A[1Gpulling manifest [K
pulling 0624ba75c3ce:  34% ▕██████            ▏ 2.6 GB/7.7 GB   10 MB/s   7m43s[K[?25h[?2026l[?2026h[?25l[A[1Gpulling manifest [K
pulling 0624ba75c3ce:  34% ▕██████            ▏ 2.6 GB/7.7 GB   10 MB/s   7m43s[K[?25h[?2026l[?2026h[?25l[A[1Gpulling manifest [K
pulling 0624ba75c3ce:  34% ▕██████            ▏ 2.6 GB/7.7 GB   10 MB/s   7m43s[K[?25h[?2026l[?2026h[?25l[A[1Gpulling manifest [K
pulling 0624ba75c3ce:  34% ▕██████            ▏ 2.6 GB/7.7 GB   10 MB/s   7m42s[K[?25h[?2026l[?2026h[?25l[A[1Gpulling manifest [K
pulling 0624ba75c3ce:  34% ▕██████            ▏ 2.6 GB/7.7 GB   10 MB/s   7m42s[K[?25h[?2026l[?2026h[?25l[A[1Gpulling manifest [K
pulling 0624ba75c3ce:  34% ▕██████            ▏ 2.6 GB/7.7 GB   11 MB/s   7m36s[K[?25h[?2026l[?2026h[?25l[A[1Gpulling manifest [K
pulling 0624ba75c3ce:  34% ▕██████            ▏ 2.6 GB/7.7 GB   11 MB/s   7m36s[K[?25h[?2026l[?2026h[?25l[A[1Gpulling manifest [K
pulling 0624ba75c3ce:  34% ▕██████            ▏ 2.6 GB/7.7 GB   11 MB/s   7m36s[K[?25h[?2026l[?2026h[?25l[A[1Gpulling manifest [K
pulling 0624ba75c3ce:  34% ▕██████            ▏ 2.6 GB/7.7 GB   11 MB/s   7m36s[K[?25h[?2026l[?2026h[?25l[A[1Gpulling manifest [K
pulling 0624ba75c3ce:  34% ▕██████            ▏ 2.6 GB/7.7 GB   11 MB/s   7m36s[K[?25h[?2026l[?2026h[?25l[A[1Gpulling manifest [K
pulling 0624ba75c3ce:  34% ▕██████            ▏ 2.6 GB/7.7 GB   11 MB/s   7m36s[K[?25h[?2026l[?2026h[?25l[A[1Gpulling manifest [K
pulling 0624ba75c3ce:  34% ▕██████            ▏ 2.6 GB/7.7 GB   11 MB/s   7m36s[K[?25h[?2026l[?2026h[?25l[A[1Gpulling manifest [K
pulling 0624ba75c3ce:  34% ▕██████            ▏ 2.6 GB/7.7 GB   11 MB/s   7m36s[K[?25h[?2026l[?2026h[?25l[A[1Gpulling manifest [K
pulling 0624ba75c3ce:  34% ▕██████            ▏ 2.7 GB/7.7 GB   11 MB/s   7m35s[K[?25h[?2026l[?2026h[?25l[A[1Gpulling manifest [K
pulling 0624ba75c3ce:  34% ▕██████            ▏ 2.7 GB/7.7 GB   11 MB/s   7m35s[K[?25h[?2026l[?2026h[?25l[A[1Gpulling manifest [K
pulling 0624ba75c3ce:  34% ▕██████            ▏ 2.7 GB/7.7 GB   11 MB/s   7m30s[K[?25h[?2026l[?2026h[?25l[A[1Gpulling manifest [K
pulling 0624ba75c3ce:  34% ▕██████            ▏ 2.7 GB/7.7 GB   11 MB/s   7m30s[K[?25h[?2026l[?2026h[?25l[A[1Gpulling manifest [K
pulling 0624ba75c3ce:  34% ▕██████            ▏ 2.7 GB/7.7 GB   11 MB/s   7m30s[K[?25h[?2026l[?2026h[?25l[A[1Gpulling manifest [K
pulling 0624ba75c3ce:  35% ▕██████            ▏ 2.7 GB/7.7 GB   11 MB/s   7m30s[K[?25h[?2026l[?2026h[?25l[A[1Gpulling manifest [K
pulling 0624ba75c3ce:  35% ▕██████            ▏ 2.7 GB/7.7 GB   11 MB/s   7m30s[K[?25h[?2026l[?2026h[?25l[A[1Gpulling manifest [K
pulling 0624ba75c3ce:  35% ▕██████            ▏ 2.7 GB/7.7 GB   11 MB/s   7m30s[K[?25h[?2026l[?2026h[?25l[A[1Gpulling manifest [K
pulling 0624ba75c3ce:  35% ▕██████            ▏ 2.7 GB/7.7 GB   11 MB/s   7m30s[K[?25h[?2026l[?2026h[?25l[A[1Gpulling manifest [K
pulling 0624ba75c3ce:  35% ▕██████            ▏ 2.7 GB/7.7 GB   11 MB/s   7m30s[K[?25h[?2026l[?2026h[?25l[A[1Gpulling manifest [K
pulling 0624ba75c3ce:  35% ▕██████            ▏ 2.7 GB/7.7 GB   11 MB/s   7m30s[K[?25h[?2026l[?2026h[?25l[A[1Gpulling manifest [K
pulling 0624ba75c3ce:  35% ▕██████            ▏ 2.7 GB/7.7 GB   11 MB/s   7m29s[K[?25h[?2026l[?2026h[?25l[A[1Gpulling manifest [K
pulling 0624ba75c3ce:  35% ▕██████            ▏ 2.7 GB/7.7 GB   11 MB/s   7m19s[K[?25h[?2026l[?2026h[?25l[A[1Gpulling manifest [K
pulling 0624ba75c3ce:  35% ▕██████            ▏ 2.7 GB/7.7 GB   11 MB/s   7m19s[K[?25h[?2026l[?2026h[?25l[A[1Gpulling manifest [K
pulling 0624ba75c3ce:  35% ▕██████            ▏ 2.7 GB/7.7 GB   11 MB/s   7m19s[K[?25h[?2026l[?2026h[?25l[A[1Gpulling manifest [K
pulling 0624ba75c3ce:  35% ▕██████            ▏ 2.7 GB/7.7 GB   11 MB/s   7m19s[K[?25h[?2026l[?2026h[?25l[A[1Gpulling manifest [K
pulling 0624ba75c3ce:  35% ▕██████            ▏ 2.7 GB/7.7 GB   11 MB/s   7m19s[K[?25h[?2026l[?2026h[?25l[A[1Gpulling manifest [K
pulling 0624ba75c3ce:  35% ▕██████            ▏ 2.7 GB/7.7 GB   11 MB/s   7m18s[K[?25h[?2026l[?2026h[?25l[A[1Gpulling manifest [K
pulling 0624ba75c3ce:  35% ▕██████            ▏ 2.7 GB/7.7 GB   11 MB/s   7m18s[K[?25h[?2026l[?2026h[?25l[A[1Gpulling manifest [K
pulling 0624ba75c3ce:  35% ▕██████            ▏ 2.7 GB/7.7 GB   11 MB/s   7m18s[K[?25h[?2026l[?2026h[?25l[A[1Gpulling manifest [K
pulling 0624ba75c3ce:  35% ▕██████            ▏ 2.7 GB/7.7 GB   11 MB/s   7m18s[K[?25h[?2026l[?2026h[?25l[A[1Gpulling manifest [K
pulling 0624ba75c3ce:  35% ▕██████            ▏ 2.7 GB/7.7 GB   11 MB/s   7m18s[K[?25h[?2026l[?2026h[?25l[A[1Gpulling manifest [K
pulling 0624ba75c3ce:  35% ▕██████            ▏ 2.7 GB/7.7 GB   11 MB/s   7m18s[K[?25h[?2026l[?2026h[?25l[A[1Gpulling manifest [K
pulling 0624ba75c3ce:  35% ▕██████            ▏ 2.7 GB/7.7 GB   11 MB/s   7m19s[K[?25h[?2026l[?2026h[?25l[A[1Gpulling manifest [K
pulling 0624ba75c3ce:  35% ▕██████            ▏ 2.7 GB/7.7 GB   11 MB/s   7m19s[K[?25h[?2026l[?2026h[?25l[A[1Gpulling manifest [K
pulling 0624ba75c3ce:  35% ▕██████            ▏ 2.7 GB/7.7 GB   11 MB/s   7m19s[K[?25h[?2026l[?2026h[?25l[A[1Gpulling manifest [K
pulling 0624ba75c3ce:  35% ▕██████            ▏ 2.7 GB/7.7 GB   11 MB/s   7m18s[K[?25h[?2026l[?2026h[?25l[A[1Gpulling manifest [K
pulling 0624ba75c3ce:  35% ▕██████            ▏ 2.7 GB/7.7 GB   11 MB/s   7m18s[K[?25h[?2026l[?2026h[?25l[A[1Gpulling manifest [K
pulling 0624ba75c3ce:  35% ▕██████            ▏ 2.7 GB/7.7 GB   11 MB/s   7m18s[K[?25h[?2026l[?2026h[?25l[A[1Gpulling manifest [K
pulling 0624ba75c3ce:  35% ▕██████            ▏ 2.7 GB/7.7 GB   11 MB/s   7m18s[K[?25h[?2026l[?2026h[?25l[A[1Gpulling manifest [K
pulling 0624ba75c3ce:  35% ▕██████            ▏ 2.7 GB/7.7 GB   11 MB/s   7m18s[K[?25h[?2026l[?2026h[?25l[A[1Gpulling manifest [K
pulling 0624ba75c3ce:  35% ▕██████            ▏ 2.7 GB/7.7 GB   11 MB/s   7m18s[K[?25h[?2026l[?2026h[?25l[A[1Gpulling manifest [K
pulling 0624ba75c3ce:  35% ▕██████            ▏ 2.7 GB/7.7 GB   11 MB/s   7m18s[K[?25h[?2026l[?2026h[?25l[A[1Gpulling manifest [K
pulling 0624ba75c3ce:  35% ▕██████            ▏ 2.7 GB/7.7 GB   11 MB/s   7m12s[K[?25h[?2026l[?2026h[?25l[A[1Gpulling manifest [K
pulling 0624ba75c3ce:  35% ▕██████            ▏ 2.7 GB/7.7 GB   11 MB/s   7m12s[K[?25h[?2026l[?2026h[?25l[A[1Gpulling manifest [K
pulling 0624ba75c3ce:  35% ▕██████            ▏ 2.7 GB/7.7 GB   11 MB/s   7m12s[K[?25h[?2026l[?2026h[?25l[A[1Gpulling manifest [K
pulling 0624ba75c3ce:  35% ▕██████            ▏ 2.7 GB/7.7 GB   11 MB/s   7m12s[K[?25h[?2026l[?2026h[?25l[A[1Gpulling manifest [K
pulling 0624ba75c3ce:  35% ▕██████            ▏ 2.7 GB/7.7 GB   11 MB/s   7m12s[K[?25h[?2026l[?2026h[?25l[A[1Gpulling manifest [K
pulling 0624ba75c3ce:  35% ▕██████            ▏ 2.7 GB/7.7 GB   11 MB/s   7m11s[K[?25h[?2026l[?2026h[?25l[A[1Gpulling manifest [K
pulling 0624ba75c3ce:  35% ▕██████            ▏ 2.7 GB/7.7 GB   11 MB/s   7m11s[K[?25h[?2026l[?2026h[?25l[A[1Gpulling manifest [K
pulling 0624ba75c3ce:  35% ▕██████            ▏ 2.7 GB/7.7 GB   11 MB/s   7m11s[K[?25h[?2026l[?2026h[?25l[A[1Gpulling manifest [K
pulling 0624ba75c3ce:  35% ▕██████            ▏ 2.7 GB/7.7 GB   11 MB/s   7m11s[K[?25h[?2026l[?2026h[?25l[A[1Gpulling manifest [K
pulling 0624ba75c3ce:  35% ▕██████            ▏ 2.7 GB/7.7 GB   11 MB/s   7m11s[K[?25h[?2026l[?2026h[?25l[A[1Gpulling manifest [K
pulling 0624ba75c3ce:  35% ▕██████            ▏ 2.7 GB/7.7 GB   11 MB/s    7m9s[K[?25h[?2026l[?2026h[?25l[A[1Gpulling manifest [K
pulling 0624ba75c3ce:  35% ▕██████            ▏ 2.7 GB/7.7 GB   11 MB/s    7m8s[K[?25h[?2026l[?2026h[?25l[A[1Gpulling manifest [K
pulling 0624ba75c3ce:  35% ▕██████            ▏ 2.7 GB/7.7 GB   11 MB/s    7m8s[K[?25h[?2026l[?2026h[?25l[A[1Gpulling manifest [K
pulling 0624ba75c3ce:  35% ▕██████            ▏ 2.7 GB/7.7 GB   11 MB/s    7m8s[K[?25h[?2026l[?2026h[?25l[A[1Gpulling manifest [K
pulling 0624ba75c3ce:  35% ▕██████            ▏ 2.7 GB/7.7 GB   11 MB/s    7m8s[K[?25h[?2026l[?2026h[?25l[A[1Gpulling manifest [K
pulling 0624ba75c3ce:  35% ▕██████            ▏ 2.7 GB/7.7 GB   11 MB/s    7m8s[K[?25h[?2026l[?2026h[?25l[A[1Gpulling manifest [K
pulling 0624ba75c3ce:  35% ▕██████            ▏ 2.7 GB/7.7 GB   11 MB/s    7m8s[K[?25h[?2026l[?2026h[?25l[A[1Gpulling manifest [K
pulling 0624ba75c3ce:  35% ▕██████            ▏ 2.7 GB/7.7 GB   11 MB/s    7m8s[K[?25h[?2026l[?2026h[?25l[A[1Gpulling manifest [K
pulling 0624ba75c3ce:  35% ▕██████            ▏ 2.7 GB/7.7 GB   11 MB/s    7m8s[K[?25h[?2026l[?2026h[?25l[A[1Gpulling manifest [K
pulling 0624ba75c3ce:  35% ▕██████            ▏ 2.7 GB/7.7 GB   11 MB/s    7m8s[K[?25h[?2026l[?2026h[?25l[A[1Gpulling manifest [K
pulling 0624ba75c3ce:  35% ▕██████            ▏ 2.7 GB/7.7 GB   11 MB/s   7m11s[K[?25h[?2026l[?2026h[?25l[A[1Gpulling manifest [K
pulling 0624ba75c3ce:  35% ▕██████            ▏ 2.7 GB/7.7 GB   11 MB/s   7m11s[K[?25h[?2026l[?2026h[?25l[A[1Gpulling manifest [K
pulling 0624ba75c3ce:  35% ▕██████            ▏ 2.7 GB/7.7 GB   11 MB/s   7m11s[K[?25h[?2026l[?2026h[?25l[A[1Gpulling manifest [K
pulling 0624ba75c3ce:  35% ▕██████            ▏ 2.7 GB/7.7 GB   11 MB/s   7m11s[K[?25h[?2026l[?2026h[?25l[A[1Gpulling manifest [K
pulling 0624ba75c3ce:  35% ▕██████            ▏ 2.7 GB/7.7 GB   11 MB/s   7m11s[K[?25h[?2026l[?2026h[?25l[A[1Gpulling manifest [K
pulling 0624ba75c3ce:  35% ▕██████            ▏ 2.7 GB/7.7 GB   11 MB/s   7m10s[K[?25h[?2026l[?2026h[?25l[A[1Gpulling manifest [K
pulling 0624ba75c3ce:  35% ▕██████            ▏ 2.7 GB/7.7 GB   11 MB/s   7m10s[K[?25h[?2026l[?2026h[?25l[A[1Gpulling manifest [K
pulling 0624ba75c3ce:  35% ▕██████            ▏ 2.7 GB/7.7 GB   11 MB/s   7m10s[K[?25h[?2026l[?2026h[?25l[A[1Gpulling manifest [K
pulling 0624ba75c3ce:  35% ▕██████            ▏ 2.7 GB/7.7 GB   11 MB/s   7m10s[K[?25h[?2026l[?2026h[?25l[A[1Gpulling manifest [K
pulling 0624ba75c3ce:  35% ▕██████            ▏ 2.7 GB/7.7 GB   11 MB/s   7m10s[K[?25h[?2026l[?2026h[?25l[A[1Gpulling manifest [K
pulling 0624ba75c3ce:  35% ▕██████            ▏ 2.7 GB/7.7 GB   11 MB/s   7m12s[K[?25h[?2026l[?2026h[?25l[A[1Gpulling manifest [K
pulling 0624ba75c3ce:  35% ▕██████            ▏ 2.7 GB/7.7 GB   11 MB/s   7m11s[K[?25h[?2026l[?2026h[?25l[A[1Gpulling manifest [K
pulling 0624ba75c3ce:  35% ▕██████            ▏ 2.7 GB/7.7 GB   11 MB/s   7m11s[K[?25h[?2026l[?2026h[?25l[A[1Gpulling manifest [K
pulling 0624ba75c3ce:  35% ▕██████            ▏ 2.7 GB/7.7 GB   11 MB/s   7m11s[K[?25h[?2026l[?2026h[?25l[A[1Gpulling manifest [K
pulling 0624ba75c3ce:  35% ▕██████            ▏ 2.7 GB/7.7 GB   11 MB/s   7m11s[K[?25h[?2026l[?2026h[?25l[A[1Gpulling manifest [K
pulling 0624ba75c3ce:  35% ▕██████            ▏ 2.7 GB/7.7 GB   11 MB/s   7m11s[K[?25h[?2026l[?2026h[?25l[A[1Gpulling manifest [K
pulling 0624ba75c3ce:  35% ▕██████            ▏ 2.7 GB/7.7 GB   11 MB/s   7m11s[K[?25h[?2026l[?2026h[?25l[A[1Gpulling manifest [K
pulling 0624ba75c3ce:  35% ▕██████            ▏ 2.7 GB/7.7 GB   11 MB/s   7m11s[K[?25h[?2026l[?2026h[?25l[A[1Gpulling manifest [K
pulling 0624ba75c3ce:  35% ▕██████            ▏ 2.7 GB/7.7 GB   11 MB/s   7m11s[K[?25h[?2026l[?2026h[?25l[A[1Gpulling manifest [K
pulling 0624ba75c3ce:  35% ▕██████            ▏ 2.7 GB/7.7 GB   11 MB/s   7m11s[K[?25h[?2026l[?2026h[?25l[A[1Gpulling manifest [K
pulling 0624ba75c3ce:  35% ▕██████            ▏ 2.7 GB/7.7 GB   11 MB/s   7m11s[K[?25h[?2026l[?2026h[?25l[A[1Gpulling manifest [K
pulling 0624ba75c3ce:  36% ▕██████            ▏ 2.7 GB/7.7 GB   11 MB/s   7m12s[K[?25h[?2026l[?2026h[?25l[A[1Gpulling manifest [K
pulling 0624ba75c3ce:  36% ▕██████            ▏ 2.7 GB/7.7 GB   11 MB/s   7m12s[K[?25h[?2026l[?2026h[?25l[A[1Gpulling manifest [K
pulling 0624ba75c3ce:  36% ▕██████            ▏ 2.7 GB/7.7 GB   11 MB/s   7m12s[K[?25h[?2026l[?2026h[?25l[A[1Gpulling manifest [K
pulling 0624ba75c3ce:  36% ▕██████            ▏ 2.7 GB/7.7 GB   11 MB/s   7m12s[K[?25h[?2026l[?2026h[?25l[A[1Gpulling manifest [K
pulling 0624ba75c3ce:  36% ▕██████            ▏ 2.7 GB/7.7 GB   11 MB/s   7m12s[K[?25h[?2026l[?2026h[?25l[A[1Gpulling manifest [K
pulling 0624ba75c3ce:  36% ▕██████            ▏ 2.7 GB/7.7 GB   11 MB/s   7m12s[K[?25h[?2026l[?2026h[?25l[A[1Gpulling manifest [K
pulling 0624ba75c3ce:  36% ▕██████            ▏ 2.7 GB/7.7 GB   11 MB/s   7m11s[K[?25h[?2026l[?2026h[?25l[A[1Gpulling manifest [K
pulling 0624ba75c3ce:  36% ▕██████            ▏ 2.7 GB/7.7 GB   11 MB/s   7m11s[K[?25h[?2026l[?2026h[?25l[A[1Gpulling manifest [K
pulling 0624ba75c3ce:  36% ▕██████            ▏ 2.7 GB/7.7 GB   11 MB/s   7m11s[K[?25h[?2026l[?2026h[?25l[A[1Gpulling manifest [K
pulling 0624ba75c3ce:  36% ▕██████            ▏ 2.7 GB/7.7 GB   11 MB/s   7m11s[K[?25h[?2026l[?2026h[?25l[A[1Gpulling manifest [K
pulling 0624ba75c3ce:  36% ▕██████            ▏ 2.7 GB/7.7 GB   11 MB/s   7m15s[K[?25h[?2026l[?2026h[?25l[A[1Gpulling manifest [K
pulling 0624ba75c3ce:  36% ▕██████            ▏ 2.7 GB/7.7 GB   11 MB/s   7m15s[K[?25h[?2026l[?2026h[?25l[A[1Gpulling manifest [K
pulling 0624ba75c3ce:  36% ▕██████            ▏ 2.7 GB/7.7 GB   11 MB/s   7m15s[K[?25h[?2026l[?2026h[?25l[A[1Gpulling manifest [K
pulling 0624ba75c3ce:  36% ▕██████            ▏ 2.7 GB/7.7 GB   11 MB/s   7m15s[K[?25h[?2026l[?2026h[?25l[A[1Gpulling manifest [K
pulling 0624ba75c3ce:  36% ▕██████            ▏ 2.7 GB/7.7 GB   11 MB/s   7m15s[K[?25h[?2026l[?2026h[?25l[A[1Gpulling manifest [K
pulling 0624ba75c3ce:  36% ▕██████            ▏ 2.7 GB/7.7 GB   11 MB/s   7m15s[K[?25h[?2026l[?2026h[?25l[A[1Gpulling manifest [K
pulling 0624ba75c3ce:  36% ▕██████            ▏ 2.8 GB/7.7 GB   11 MB/s   7m14s[K[?25h[?2026l[?2026h[?25l[A[1Gpulling manifest [K
pulling 0624ba75c3ce:  36% ▕██████            ▏ 2.8 GB/7.7 GB   11 MB/s   7m14s[K[?25h[?2026l[?2026h[?25l[A[1Gpulling manifest [K
pulling 0624ba75c3ce:  36% ▕██████            ▏ 2.8 GB/7.7 GB   11 MB/s   7m14s[K[?25h[?2026l[?2026h[?25l[A[1Gpulling manifest [K
pulling 0624ba75c3ce:  36% ▕██████            ▏ 2.8 GB/7.7 GB   11 MB/s   7m14s[K[?25h[?2026l[?2026h[?25l[A[1Gpulling manifest [K
pulling 0624ba75c3ce:  36% ▕██████            ▏ 2.8 GB/7.7 GB   11 MB/s   7m14s[K[?25h[?2026l[?2026h[?25l[A[1Gpulling manifest [K
pulling 0624ba75c3ce:  36% ▕██████            ▏ 2.8 GB/7.7 GB   11 MB/s   7m14s[K[?25h[?2026l[?2026h[?25l[A[1Gpulling manifest [K
pulling 0624ba75c3ce:  36% ▕██████            ▏ 2.8 GB/7.7 GB   11 MB/s   7m14s[K[?25h[?2026l[?2026h[?25l[A[1Gpulling manifest [K
pulling 0624ba75c3ce:  36% ▕██████            ▏ 2.8 GB/7.7 GB   11 MB/s   7m14s[K[?25h[?2026l[?2026h[?25l[A[1Gpulling manifest [K
pulling 0624ba75c3ce:  36% ▕██████            ▏ 2.8 GB/7.7 GB   11 MB/s   7m14s[K[?25h[?2026l[?2026h[?25l[A[1Gpulling manifest [K
pulling 0624ba75c3ce:  36% ▕██████            ▏ 2.8 GB/7.7 GB   11 MB/s   7m13s[K[?25h[?2026l[?2026h[?25l[A[1Gpulling manifest [K
pulling 0624ba75c3ce:  36% ▕██████            ▏ 2.8 GB/7.7 GB   11 MB/s   7m13s[K[?25h[?2026l[?2026h[?25l[A[1Gpulling manifest [K
pulling 0624ba75c3ce:  36% ▕██████            ▏ 2.8 GB/7.7 GB   11 MB/s   7m13s[K[?25h[?2026l[?2026h[?25l[A[1Gpulling manifest [K
pulling 0624ba75c3ce:  36% ▕██████            ▏ 2.8 GB/7.7 GB   11 MB/s   7m13s[K[?25h[?2026l[?2026h[?25l[A[1Gpulling manifest [K
pulling 0624ba75c3ce:  36% ▕██████            ▏ 2.8 GB/7.7 GB   11 MB/s   7m13s[K[?25h[?2026l[?2026h[?25l[A[1Gpulling manifest [K
pulling 0624ba75c3ce:  36% ▕██████            ▏ 2.8 GB/7.7 GB   11 MB/s   7m13s[K[?25h[?2026l[?2026h[?25l[A[1Gpulling manifest [K
pulling 0624ba75c3ce:  36% ▕██████            ▏ 2.8 GB/7.7 GB   11 MB/s   7m13s[K[?25h[?2026l[?2026h[?25l[A[1Gpulling manifest [K
pulling 0624ba75c3ce:  36% ▕██████            ▏ 2.8 GB/7.7 GB   11 MB/s   7m13s[K[?25h[?2026l[?2026h[?25l[A[1Gpulling manifest [K
pulling 0624ba75c3ce:  36% ▕██████            ▏ 2.8 GB/7.7 GB   11 MB/s   7m13s[K[?25h[?2026l[?2026h[?25l[A[1Gpulling manifest [K
pulling 0624ba75c3ce:  36% ▕██████            ▏ 2.8 GB/7.7 GB   11 MB/s   7m13s[K[?25h[?2026l[?2026h[?25l[A[1Gpulling manifest [K
pulling 0624ba75c3ce:  36% ▕██████            ▏ 2.8 GB/7.7 GB   11 MB/s   7m13s[K[?25h[?2026l[?2026h[?25l[A[1Gpulling manifest [K
pulling 0624ba75c3ce:  36% ▕██████            ▏ 2.8 GB/7.7 GB   11 MB/s   7m13s[K[?25h[?2026l[?2026h[?25l[A[1Gpulling manifest [K
pulling 0624ba75c3ce:  36% ▕██████            ▏ 2.8 GB/7.7 GB   11 MB/s   7m13s[K[?25h[?2026l[?2026h[?25l[A[1Gpulling manifest [K
pulling 0624ba75c3ce:  36% ▕██████            ▏ 2.8 GB/7.7 GB   11 MB/s   7m13s[K[?25h[?2026l[?2026h[?25l[A[1Gpulling manifest [K
pulling 0624ba75c3ce:  36% ▕██████            ▏ 2.8 GB/7.7 GB   11 MB/s   7m13s[K[?25h[?2026l[?2026h[?25l[A[1Gpulling manifest [K
pulling 0624ba75c3ce:  36% ▕██████            ▏ 2.8 GB/7.7 GB   11 MB/s   7m12s[K[?25h[?2026l[?2026h[?25l[A[1Gpulling manifest [K
pulling 0624ba75c3ce:  36% ▕██████            ▏ 2.8 GB/7.7 GB   11 MB/s   7m12s[K[?25h[?2026l[?2026h[?25l[A[1Gpulling manifest [K
pulling 0624ba75c3ce:  36% ▕██████            ▏ 2.8 GB/7.7 GB   11 MB/s   7m11s[K[?25h[?2026l[?2026h[?25l[A[1Gpulling manifest [K
pulling 0624ba75c3ce:  36% ▕██████            ▏ 2.8 GB/7.7 GB   11 MB/s   7m11s[K[?25h[?2026l[?2026h[?25l[A[1Gpulling manifest [K
pulling 0624ba75c3ce:  36% ▕██████            ▏ 2.8 GB/7.7 GB   11 MB/s   7m11s[K[?25h[?2026l[?2026h[?25l[A[1Gpulling manifest [K
pulling 0624ba75c3ce:  36% ▕██████            ▏ 2.8 GB/7.7 GB   11 MB/s   7m11s[K[?25h[?2026l[?2026h[?25l[A[1Gpulling manifest [K
pulling 0624ba75c3ce:  36% ▕██████            ▏ 2.8 GB/7.7 GB   11 MB/s   7m11s[K[?25h[?2026l[?2026h[?25l[A[1Gpulling manifest [K
pulling 0624ba75c3ce:  36% ▕██████            ▏ 2.8 GB/7.7 GB   11 MB/s   7m11s[K[?25h[?2026l[?2026h[?25l[A[1Gpulling manifest [K
pulling 0624ba75c3ce:  36% ▕██████            ▏ 2.8 GB/7.7 GB   11 MB/s   7m11s[K[?25h[?2026l[?2026h[?25l[A[1Gpulling manifest [K
pulling 0624ba75c3ce:  36% ▕██████            ▏ 2.8 GB/7.7 GB   11 MB/s   7m11s[K[?25h[?2026l[?2026h[?25l[A[1Gpulling manifest [K
pulling 0624ba75c3ce:  36% ▕██████            ▏ 2.8 GB/7.7 GB   11 MB/s   7m11s[K[?25h[?2026l[?2026h[?25l[A[1Gpulling manifest [K
pulling 0624ba75c3ce:  36% ▕██████            ▏ 2.8 GB/7.7 GB   11 MB/s   7m11s[K[?25h[?2026l[?2026h[?25l[A[1Gpulling manifest [K
pulling 0624ba75c3ce:  36% ▕██████            ▏ 2.8 GB/7.7 GB   11 MB/s   7m10s[K[?25h[?2026l[?2026h[?25l[A[1Gpulling manifest [K
pulling 0624ba75c3ce:  36% ▕██████            ▏ 2.8 GB/7.7 GB   11 MB/s   7m10s[K[?25h[?2026l[?2026h[?25l[A[1Gpulling manifest [K
pulling 0624ba75c3ce:  36% ▕██████            ▏ 2.8 GB/7.7 GB   11 MB/s   7m10s[K[?25h[?2026l[?2026h[?25l[A[1Gpulling manifest [K
pulling 0624ba75c3ce:  36% ▕██████            ▏ 2.8 GB/7.7 GB   11 MB/s   7m10s[K[?25h[?2026l[?2026h[?25l[A[1Gpulling manifest [K
pulling 0624ba75c3ce:  36% ▕██████            ▏ 2.8 GB/7.7 GB   11 MB/s   7m10s[K[?25h[?2026l[?2026h[?25l[A[1Gpulling manifest [K
pulling 0624ba75c3ce:  36% ▕██████            ▏ 2.8 GB/7.7 GB   11 MB/s   7m10s[K[?25h[?2026l[?2026h[?25l[A[1Gpulling manifest [K
pulling 0624ba75c3ce:  36% ▕██████            ▏ 2.8 GB/7.7 GB   11 MB/s   7m10s[K[?25h[?2026l[?2026h[?25l[A[1Gpulling manifest [K
pulling 0624ba75c3ce:  36% ▕██████            ▏ 2.8 GB/7.7 GB   11 MB/s   7m10s[K[?25h[?2026l[?2026h[?25l[A[1Gpulling manifest [K
pulling 0624ba75c3ce:  36% ▕██████            ▏ 2.8 GB/7.7 GB   11 MB/s   7m10s[K[?25h[?2026l[?2026h[?25l[A[1Gpulling manifest [K
pulling 0624ba75c3ce:  36% ▕██████            ▏ 2.8 GB/7.7 GB   11 MB/s    7m8s[K[?25h[?2026l[?2026h[?25l[A[1Gpulling manifest [K
pulling 0624ba75c3ce:  36% ▕██████            ▏ 2.8 GB/7.7 GB   11 MB/s    7m8s[K[?25h[?2026l[?2026h[?25l[A[1Gpulling manifest [K
pulling 0624ba75c3ce:  36% ▕██████            ▏ 2.8 GB/7.7 GB   11 MB/s    7m8s[K[?25h[?2026l[?2026h[?25l[A[1Gpulling manifest [K
pulling 0624ba75c3ce:  36% ▕██████            ▏ 2.8 GB/7.7 GB   11 MB/s    7m8s[K[?25h[?2026l[?2026h[?25l[A[1Gpulling manifest [K
pulling 0624ba75c3ce:  36% ▕██████            ▏ 2.8 GB/7.7 GB   11 MB/s    7m8s[K[?25h[?2026l[?2026h[?25l[A[1Gpulling manifest [K
pulling 0624ba75c3ce:  36% ▕██████            ▏ 2.8 GB/7.7 GB   11 MB/s    7m8s[K[?25h[?2026l[?2026h[?25l[A[1Gpulling manifest [K
pulling 0624ba75c3ce:  37% ▕██████            ▏ 2.8 GB/7.7 GB   11 MB/s    7m7s[K[?25h[?2026l[?2026h[?25l[A[1Gpulling manifest [K
pulling 0624ba75c3ce:  37% ▕██████            ▏ 2.8 GB/7.7 GB   11 MB/s    7m7s[K[?25h[?2026l[?2026h[?25l[A[1Gpulling manifest [K
pulling 0624ba75c3ce:  37% ▕██████            ▏ 2.8 GB/7.7 GB   11 MB/s    7m7s[K[?25h[?2026l[?2026h[?25l[A[1Gpulling manifest [K
pulling 0624ba75c3ce:  37% ▕██████            ▏ 2.8 GB/7.7 GB   11 MB/s    7m7s[K[?25h[?2026l[?2026h[?25l[A[1Gpulling manifest [K
pulling 0624ba75c3ce:  37% ▕██████            ▏ 2.8 GB/7.7 GB   11 MB/s    7m5s[K[?25h[?2026l[?2026h[?25l[A[1Gpulling manifest [K
pulling 0624ba75c3ce:  37% ▕██████            ▏ 2.8 GB/7.7 GB   11 MB/s    7m5s[K[?25h[?2026l[?2026h[?25l[A[1Gpulling manifest [K
pulling 0624ba75c3ce:  37% ▕██████            ▏ 2.8 GB/7.7 GB   11 MB/s    7m4s[K[?25h[?2026l[?2026h[?25l[A[1Gpulling manifest [K
pulling 0624ba75c3ce:  37% ▕██████            ▏ 2.8 GB/7.7 GB   11 MB/s    7m4s[K[?25h[?2026l[?2026h[?25l[A[1Gpulling manifest [K
pulling 0624ba75c3ce:  37% ▕██████            ▏ 2.8 GB/7.7 GB   11 MB/s    7m4s[K[?25h[?2026l[?2026h[?25l[A[1Gpulling manifest [K
pulling 0624ba75c3ce:  37% ▕██████            ▏ 2.8 GB/7.7 GB   11 MB/s    7m4s[K[?25h[?2026l[?2026h[?25l[A[1Gpulling manifest [K
pulling 0624ba75c3ce:  37% ▕██████            ▏ 2.8 GB/7.7 GB   11 MB/s    7m4s[K[?25h[?2026l[?2026h[?25l[A[1Gpulling manifest [K
pulling 0624ba75c3ce:  37% ▕██████            ▏ 2.8 GB/7.7 GB   11 MB/s    7m4s[K[?25h[?2026l[?2026h[?25l[A[1Gpulling manifest [K
pulling 0624ba75c3ce:  37% ▕██████            ▏ 2.8 GB/7.7 GB   11 MB/s    7m4s[K[?25h[?2026l[?2026h[?25l[A[1Gpulling manifest [K
pulling 0624ba75c3ce:  37% ▕██████            ▏ 2.8 GB/7.7 GB   11 MB/s    7m4s[K[?25h[?2026l[?2026h[?25l[A[1Gpulling manifest [K
pulling 0624ba75c3ce:  37% ▕██████            ▏ 2.8 GB/7.7 GB   11 MB/s    7m9s[K[?25h[?2026l[?2026h[?25l[A[1Gpulling manifest [K
pulling 0624ba75c3ce:  37% ▕██████            ▏ 2.8 GB/7.7 GB   11 MB/s    7m9s[K[?25h[?2026l[?2026h[?25l[A[1Gpulling manifest [K
pulling 0624ba75c3ce:  37% ▕██████            ▏ 2.8 GB/7.7 GB   11 MB/s    7m8s[K[?25h[?2026l[?2026h[?25l[A[1Gpulling manifest [K
pulling 0624ba75c3ce:  37% ▕██████            ▏ 2.8 GB/7.7 GB   11 MB/s    7m8s[K[?25h[?2026l[?2026h[?25l[A[1Gpulling manifest [K
pulling 0624ba75c3ce:  37% ▕██████            ▏ 2.8 GB/7.7 GB   11 MB/s    7m8s[K[?25h[?2026l[?2026h[?25l[A[1Gpulling manifest [K
pulling 0624ba75c3ce:  37% ▕██████            ▏ 2.8 GB/7.7 GB   11 MB/s    7m8s[K[?25h[?2026l[?2026h[?25l[A[1Gpulling manifest [K
pulling 0624ba75c3ce:  37% ▕██████            ▏ 2.8 GB/7.7 GB   11 MB/s    7m8s[K[?25h[?2026l[?2026h[?25l[A[1Gpulling manifest [K
pulling 0624ba75c3ce:  37% ▕██████            ▏ 2.8 GB/7.7 GB   11 MB/s    7m8s[K[?25h[?2026l[?2026h[?25l[A[1Gpulling manifest [K
pulling 0624ba75c3ce:  37% ▕██████            ▏ 2.8 GB/7.7 GB   11 MB/s    7m8s[K[?25h[?2026l[?2026h[?25l[A[1Gpulling manifest [K
pulling 0624ba75c3ce:  37% ▕██████            ▏ 2.8 GB/7.7 GB   11 MB/s    7m8s[K[?25h[?2026l[?2026h[?25l[A[1Gpulling manifest [K
pulling 0624ba75c3ce:  37% ▕██████            ▏ 2.8 GB/7.7 GB   11 MB/s    7m7s[K[?25h[?2026l[?2026h[?25l[A[1Gpulling manifest [K
pulling 0624ba75c3ce:  37% ▕██████            ▏ 2.8 GB/7.7 GB   11 MB/s    7m7s[K[?25h[?2026l[?2026h[?25l[A[1Gpulling manifest [K
pulling 0624ba75c3ce:  37% ▕██████            ▏ 2.8 GB/7.7 GB   11 MB/s    7m7s[K[?25h[?2026l[?2026h[?25l[A[1Gpulling manifest [K
pulling 0624ba75c3ce:  37% ▕██████            ▏ 2.8 GB/7.7 GB   11 MB/s    7m7s[K[?25h[?2026l[?2026h[?25l[A[1Gpulling manifest [K
pulling 0624ba75c3ce:  37% ▕██████            ▏ 2.8 GB/7.7 GB   11 MB/s    7m7s[K[?25h[?2026l[?2026h[?25l[A[1Gpulling manifest [K
pulling 0624ba75c3ce:  37% ▕██████            ▏ 2.8 GB/7.7 GB   11 MB/s    7m7s[K[?25h[?2026l[?2026h[?25l[A[1Gpulling manifest [K
pulling 0624ba75c3ce:  37% ▕██████            ▏ 2.8 GB/7.7 GB   11 MB/s    7m6s[K[?25h[?2026l[?2026h[?25l[A[1Gpulling manifest [K
pulling 0624ba75c3ce:  37% ▕██████            ▏ 2.8 GB/7.7 GB   11 MB/s    7m6s[K[?25h[?2026l[?2026h[?25l[A[1Gpulling manifest [K
pulling 0624ba75c3ce:  37% ▕██████            ▏ 2.8 GB/7.7 GB   11 MB/s    7m6s[K[?25h[?2026l[?2026h[?25l[A[1Gpulling manifest [K
pulling 0624ba75c3ce:  37% ▕██████            ▏ 2.8 GB/7.7 GB   11 MB/s    7m6s[K[?25h[?2026l[?2026h[?25l[A[1Gpulling manifest [K
pulling 0624ba75c3ce:  37% ▕██████            ▏ 2.8 GB/7.7 GB   11 MB/s    7m6s[K[?25h[?2026l[?2026h[?25l[A[1Gpulling manifest [K
pulling 0624ba75c3ce:  37% ▕██████            ▏ 2.8 GB/7.7 GB   11 MB/s    7m2s[K[?25h[?2026l[?2026h[?25l[A[1Gpulling manifest [K
pulling 0624ba75c3ce:  37% ▕██████            ▏ 2.8 GB/7.7 GB   11 MB/s    7m2s[K[?25h[?2026l[?2026h[?25l[A[1Gpulling manifest [K
pulling 0624ba75c3ce:  37% ▕██████            ▏ 2.9 GB/7.7 GB   11 MB/s    7m2s[K[?25h[?2026l[?2026h[?25l[A[1Gpulling manifest [K
pulling 0624ba75c3ce:  37% ▕██████            ▏ 2.9 GB/7.7 GB   11 MB/s    7m2s[K[?25h[?2026l[?2026h[?25l[A[1Gpulling manifest [K
pulling 0624ba75c3ce:  37% ▕██████            ▏ 2.9 GB/7.7 GB   11 MB/s    7m1s[K[?25h[?2026l[?2026h[?25l[A[1Gpulling manifest [K
pulling 0624ba75c3ce:  37% ▕██████            ▏ 2.9 GB/7.7 GB   11 MB/s    7m1s[K[?25h[?2026l[?2026h[?25l[A[1Gpulling manifest [K
pulling 0624ba75c3ce:  37% ▕██████            ▏ 2.9 GB/7.7 GB   11 MB/s    7m1s[K[?25h[?2026l[?2026h[?25l[A[1Gpulling manifest [K
pulling 0624ba75c3ce:  37% ▕██████            ▏ 2.9 GB/7.7 GB   11 MB/s    7m1s[K[?25h[?2026l[?2026h[?25l[A[1Gpulling manifest [K
pulling 0624ba75c3ce:  37% ▕██████            ▏ 2.9 GB/7.7 GB   11 MB/s    7m1s[K[?25h[?2026l[?2026h[?25l[A[1Gpulling manifest [K
pulling 0624ba75c3ce:  37% ▕██████            ▏ 2.9 GB/7.7 GB   11 MB/s    7m1s[K[?25h[?2026l[?2026h[?25l[A[1Gpulling manifest [K
pulling 0624ba75c3ce:  37% ▕██████            ▏ 2.9 GB/7.7 GB   11 MB/s   6m58s[K[?25h[?2026l[?2026h[?25l[A[1Gpulling manifest [K
pulling 0624ba75c3ce:  37% ▕██████            ▏ 2.9 GB/7.7 GB   11 MB/s   6m58s[K[?25h[?2026l[?2026h[?25l[A[1Gpulling manifest [K
pulling 0624ba75c3ce:  37% ▕██████            ▏ 2.9 GB/7.7 GB   11 MB/s   6m58s[K[?25h[?2026l[?2026h[?25l[A[1Gpulling manifest [K
pulling 0624ba75c3ce:  37% ▕██████            ▏ 2.9 GB/7.7 GB   11 MB/s   6m58s[K[?25h[?2026l[?2026h[?25l[A[1Gpulling manifest [K
pulling 0624ba75c3ce:  37% ▕██████            ▏ 2.9 GB/7.7 GB   11 MB/s   6m58s[K[?25h[?2026l[?2026h[?25l[A[1Gpulling manifest [K
pulling 0624ba75c3ce:  37% ▕██████            ▏ 2.9 GB/7.7 GB   11 MB/s   6m58s[K[?25h[?2026l[?2026h[?25l[A[1Gpulling manifest [K
pulling 0624ba75c3ce:  37% ▕██████            ▏ 2.9 GB/7.7 GB   11 MB/s   6m58s[K[?25h[?2026l[?2026h[?25l[A[1Gpulling manifest [K
pulling 0624ba75c3ce:  37% ▕██████            ▏ 2.9 GB/7.7 GB   11 MB/s   6m57s[K[?25h[?2026l[?2026h[?25l[A[1Gpulling manifest [K
pulling 0624ba75c3ce:  37% ▕██████            ▏ 2.9 GB/7.7 GB   11 MB/s   6m57s[K[?25h[?2026l[?2026h[?25l[A[1Gpulling manifest [K
pulling 0624ba75c3ce:  37% ▕██████            ▏ 2.9 GB/7.7 GB   11 MB/s   6m57s[K[?25h[?2026l[?2026h[?25l[A[1Gpulling manifest [K
pulling 0624ba75c3ce:  37% ▕██████            ▏ 2.9 GB/7.7 GB   11 MB/s   6m54s[K[?25h[?2026l[?2026h[?25l[A[1Gpulling manifest [K
pulling 0624ba75c3ce:  37% ▕██████            ▏ 2.9 GB/7.7 GB   11 MB/s   6m54s[K[?25h[?2026l[?2026h[?25l[A[1Gpulling manifest [K
pulling 0624ba75c3ce:  37% ▕██████            ▏ 2.9 GB/7.7 GB   11 MB/s   6m54s[K[?25h[?2026l[?2026h[?25l[A[1Gpulling manifest [K
pulling 0624ba75c3ce:  37% ▕██████            ▏ 2.9 GB/7.7 GB   11 MB/s   6m54s[K[?25h[?2026l[?2026h[?25l[A[1Gpulling manifest [K
pulling 0624ba75c3ce:  37% ▕██████            ▏ 2.9 GB/7.7 GB   11 MB/s   6m53s[K[?25h[?2026l[?2026h[?25l[A[1Gpulling manifest [K
pulling 0624ba75c3ce:  37% ▕██████            ▏ 2.9 GB/7.7 GB   11 MB/s   6m53s[K[?25h[?2026l[?2026h[?25l[A[1Gpulling manifest [K
pulling 0624ba75c3ce:  37% ▕██████            ▏ 2.9 GB/7.7 GB   11 MB/s   6m53s[K[?25h[?2026l[?2026h[?25l[A[1Gpulling manifest [K
pulling 0624ba75c3ce:  37% ▕██████            ▏ 2.9 GB/7.7 GB   11 MB/s   6m53s[K[?25h[?2026l[?2026h[?25l[A[1Gpulling manifest [K
pulling 0624ba75c3ce:  37% ▕██████            ▏ 2.9 GB/7.7 GB   11 MB/s   6m53s[K[?25h[?2026l[?2026h[?25l[A[1Gpulling manifest [K
pulling 0624ba75c3ce:  37% ▕██████            ▏ 2.9 GB/7.7 GB   11 MB/s   6m53s[K[?25h[?2026l[?2026h[?25l[A[1Gpulling manifest [K
pulling 0624ba75c3ce:  37% ▕██████            ▏ 2.9 GB/7.7 GB   11 MB/s   6m48s[K[?25h[?2026l[?2026h[?25l[A[1Gpulling manifest [K
pulling 0624ba75c3ce:  37% ▕██████            ▏ 2.9 GB/7.7 GB   11 MB/s   6m48s[K[?25h[?2026l[?2026h[?25l[A[1Gpulling manifest [K
pulling 0624ba75c3ce:  37% ▕██████            ▏ 2.9 GB/7.7 GB   11 MB/s   6m48s[K[?25h[?2026l[?2026h[?25l[A[1Gpulling manifest [K
pulling 0624ba75c3ce:  38% ▕██████            ▏ 2.9 GB/7.7 GB   11 MB/s   6m47s[K[?25h[?2026l[?2026h[?25l[A[1Gpulling manifest [K
pulling 0624ba75c3ce:  38% ▕██████            ▏ 2.9 GB/7.7 GB   11 MB/s   6m47s[K[?25h[?2026l[?2026h[?25l[A[1Gpulling manifest [K
pulling 0624ba75c3ce:  38% ▕██████            ▏ 2.9 GB/7.7 GB   11 MB/s   6m47s[K[?25h[?2026l[?2026h[?25l[A[1Gpulling manifest [K
pulling 0624ba75c3ce:  38% ▕██████            ▏ 2.9 GB/7.7 GB   11 MB/s   6m47s[K[?25h[?2026l[?2026h[?25l[A[1Gpulling manifest [K
pulling 0624ba75c3ce:  38% ▕██████            ▏ 2.9 GB/7.7 GB   11 MB/s   6m47s[K[?25h[?2026l[?2026h[?25l[A[1Gpulling manifest [K
pulling 0624ba75c3ce:  38% ▕██████            ▏ 2.9 GB/7.7 GB   11 MB/s   6m47s[K[?25h[?2026l[?2026h[?25l[A[1Gpulling manifest [K
pulling 0624ba75c3ce:  38% ▕██████            ▏ 2.9 GB/7.7 GB   11 MB/s   6m47s[K[?25h[?2026l[?2026h[?25l[A[1Gpulling manifest [K
pulling 0624ba75c3ce:  38% ▕██████            ▏ 2.9 GB/7.7 GB   11 MB/s   6m44s[K[?25h[?2026l[?2026h[?25l[A[1Gpulling manifest [K
pulling 0624ba75c3ce:  38% ▕██████            ▏ 2.9 GB/7.7 GB   11 MB/s   6m44s[K[?25h[?2026l[?2026h[?25l[A[1Gpulling manifest [K
pulling 0624ba75c3ce:  38% ▕██████            ▏ 2.9 GB/7.7 GB   11 MB/s   6m44s[K[?25h[?2026l[?2026h[?25l[A[1Gpulling manifest [K
pulling 0624ba75c3ce:  38% ▕██████            ▏ 2.9 GB/7.7 GB   11 MB/s   6m43s[K[?25h[?2026l[?2026h[?25l[A[1Gpulling manifest [K
pulling 0624ba75c3ce:  38% ▕██████            ▏ 2.9 GB/7.7 GB   11 MB/s   6m43s[K[?25h[?2026l[?2026h[?25l[A[1Gpulling manifest [K
pulling 0624ba75c3ce:  38% ▕██████            ▏ 2.9 GB/7.7 GB   11 MB/s   6m43s[K[?25h[?2026l[?2026h[?25l[A[1Gpulling manifest [K
pulling 0624ba75c3ce:  38% ▕██████            ▏ 2.9 GB/7.7 GB   11 MB/s   6m43s[K[?25h[?2026l[?2026h[?25l[A[1Gpulling manifest [K
pulling 0624ba75c3ce:  38% ▕██████            ▏ 2.9 GB/7.7 GB   11 MB/s   6m43s[K[?25h[?2026l[?2026h[?25l[A[1Gpulling manifest [K
pulling 0624ba75c3ce:  38% ▕██████            ▏ 2.9 GB/7.7 GB   11 MB/s   6m43s[K[?25h[?2026l[?2026h[?25l[A[1Gpulling manifest [K
pulling 0624ba75c3ce:  38% ▕██████            ▏ 2.9 GB/7.7 GB   11 MB/s   6m43s[K[?25h[?2026l[?2026h[?25l[A[1Gpulling manifest [K
pulling 0624ba75c3ce:  38% ▕██████            ▏ 2.9 GB/7.7 GB   11 MB/s   6m43s[K[?25h[?2026l[?2026h[?25l[A[1Gpulling manifest [K
pulling 0624ba75c3ce:  38% ▕██████            ▏ 2.9 GB/7.7 GB   11 MB/s   6m45s[K[?25h[?2026l[?2026h[?25l[A[1Gpulling manifest [K
pulling 0624ba75c3ce:  38% ▕██████            ▏ 2.9 GB/7.7 GB   11 MB/s   6m45s[K[?25h[?2026l[?2026h[?25l[A[1Gpulling manifest [K
pulling 0624ba75c3ce:  38% ▕██████            ▏ 2.9 GB/7.7 GB   11 MB/s   6m45s[K[?25h[?2026l[?2026h[?25l[A[1Gpulling manifest [K
pulling 0624ba75c3ce:  38% ▕██████            ▏ 2.9 GB/7.7 GB   11 MB/s   6m45s[K[?25h[?2026l[?2026h[?25l[A[1Gpulling manifest [K
pulling 0624ba75c3ce:  38% ▕██████            ▏ 2.9 GB/7.7 GB   11 MB/s   6m45s[K[?25h[?2026l[?2026h[?25l[A[1Gpulling manifest [K
pulling 0624ba75c3ce:  38% ▕██████            ▏ 2.9 GB/7.7 GB   11 MB/s   6m44s[K[?25h[?2026l[?2026h[?25l[A[1Gpulling manifest [K
pulling 0624ba75c3ce:  38% ▕██████            ▏ 2.9 GB/7.7 GB   11 MB/s   6m44s[K[?25h[?2026l[?2026h[?25l[A[1Gpulling manifest [K
pulling 0624ba75c3ce:  38% ▕██████            ▏ 2.9 GB/7.7 GB   11 MB/s   6m44s[K[?25h[?2026l[?2026h[?25l[A[1Gpulling manifest [K
pulling 0624ba75c3ce:  38% ▕██████            ▏ 2.9 GB/7.7 GB   11 MB/s   6m44s[K[?25h[?2026l[?2026h[?25l[A[1Gpulling manifest [K
pulling 0624ba75c3ce:  38% ▕██████            ▏ 2.9 GB/7.7 GB   11 MB/s   6m44s[K[?25h[?2026l[?2026h[?25l[A[1Gpulling manifest [K
pulling 0624ba75c3ce:  38% ▕██████            ▏ 2.9 GB/7.7 GB   11 MB/s   6m45s[K[?25h[?2026l[?2026h[?25l[A[1Gpulling manifest [K
pulling 0624ba75c3ce:  38% ▕██████            ▏ 2.9 GB/7.7 GB   11 MB/s   6m45s[K[?25h[?2026l[?2026h[?25l[A[1Gpulling manifest [K
pulling 0624ba75c3ce:  38% ▕██████            ▏ 2.9 GB/7.7 GB   11 MB/s   6m45s[K[?25h[?2026l[?2026h[?25l[A[1Gpulling manifest [K
pulling 0624ba75c3ce:  38% ▕██████            ▏ 2.9 GB/7.7 GB   11 MB/s   6m45s[K[?25h[?2026l[?2026h[?25l[A[1Gpulling manifest [K
pulling 0624ba75c3ce:  38% ▕██████            ▏ 2.9 GB/7.7 GB   11 MB/s   6m45s[K[?25h[?2026l[?2026h[?25l[A[1Gpulling manifest [K
pulling 0624ba75c3ce:  38% ▕██████            ▏ 2.9 GB/7.7 GB   11 MB/s   6m45s[K[?25h[?2026l[?2026h[?25l[A[1Gpulling manifest [K
pulling 0624ba75c3ce:  38% ▕██████            ▏ 2.9 GB/7.7 GB   11 MB/s   6m44s[K[?25h[?2026l[?2026h[?25l[A[1Gpulling manifest [K
pulling 0624ba75c3ce:  38% ▕██████            ▏ 2.9 GB/7.7 GB   11 MB/s   6m44s[K[?25h[?2026l[?2026h[?25l[A[1Gpulling manifest [K
pulling 0624ba75c3ce:  38% ▕██████            ▏ 2.9 GB/7.7 GB   11 MB/s   6m44s[K[?25h[?2026l[?2026h[?25l[A[1Gpulling manifest [K
pulling 0624ba75c3ce:  38% ▕██████            ▏ 2.9 GB/7.7 GB   11 MB/s   6m44s[K[?25h[?2026l[?2026h[?25l[A[1Gpulling manifest [K
pulling 0624ba75c3ce:  38% ▕██████            ▏ 2.9 GB/7.7 GB   11 MB/s   6m38s[K[?25h[?2026l[?2026h[?25l[A[1Gpulling manifest [K
pulling 0624ba75c3ce:  38% ▕██████            ▏ 2.9 GB/7.7 GB   11 MB/s   6m37s[K[?25h[?2026l[?2026h[?25l[A[1Gpulling manifest [K
pulling 0624ba75c3ce:  38% ▕██████            ▏ 2.9 GB/7.7 GB   11 MB/s   6m37s[K[?25h[?2026l[?2026h[?25l[A[1Gpulling manifest [K
pulling 0624ba75c3ce:  38% ▕██████            ▏ 2.9 GB/7.7 GB   11 MB/s   6m37s[K[?25h[?2026l[?2026h[?25l[A[1Gpulling manifest [K
pulling 0624ba75c3ce:  38% ▕██████            ▏ 2.9 GB/7.7 GB   11 MB/s   6m37s[K[?25h[?2026l[?2026h[?25l[A[1Gpulling manifest [K
pulling 0624ba75c3ce:  38% ▕██████            ▏ 2.9 GB/7.7 GB   11 MB/s   6m37s[K[?25h[?2026l[?2026h[?25l[A[1Gpulling manifest [K
pulling 0624ba75c3ce:  38% ▕██████            ▏ 2.9 GB/7.7 GB   11 MB/s   6m37s[K[?25h[?2026l[?2026h[?25l[A[1Gpulling manifest [K
pulling 0624ba75c3ce:  38% ▕██████            ▏ 2.9 GB/7.7 GB   11 MB/s   6m37s[K[?25h[?2026l[?2026h[?25l[A[1Gpulling manifest [K
pulling 0624ba75c3ce:  38% ▕██████            ▏ 2.9 GB/7.7 GB   11 MB/s   6m37s[K[?25h[?2026l[?2026h[?25l[A[1Gpulling manifest [K
pulling 0624ba75c3ce:  38% ▕██████            ▏ 2.9 GB/7.7 GB   11 MB/s   6m37s[K[?25h[?2026l[?2026h[?25l[A[1Gpulling manifest [K
pulling 0624ba75c3ce:  38% ▕██████            ▏ 2.9 GB/7.7 GB   11 MB/s   6m38s[K[?25h[?2026l[?2026h[?25l[A[1Gpulling manifest [K
pulling 0624ba75c3ce:  38% ▕██████            ▏ 2.9 GB/7.7 GB   11 MB/s   6m37s[K[?25h[?2026l[?2026h[?25l[A[1Gpulling manifest [K
pulling 0624ba75c3ce:  38% ▕██████            ▏ 2.9 GB/7.7 GB   11 MB/s   6m37s[K[?25h[?2026l[?2026h[?25l[A[1Gpulling manifest [K
pulling 0624ba75c3ce:  38% ▕██████            ▏ 2.9 GB/7.7 GB   11 MB/s   6m37s[K[?25h[?2026l[?2026h[?25l[A[1Gpulling manifest [K
pulling 0624ba75c3ce:  38% ▕██████            ▏ 2.9 GB/7.7 GB   11 MB/s   6m37s[K[?25h[?2026l[?2026h[?25l[A[1Gpulling manifest [K
pulling 0624ba75c3ce:  38% ▕██████            ▏ 2.9 GB/7.7 GB   11 MB/s   6m37s[K[?25h[?2026l[?2026h[?25l[A[1Gpulling manifest [K
pulling 0624ba75c3ce:  38% ▕██████            ▏ 2.9 GB/7.7 GB   11 MB/s   6m37s[K[?25h[?2026l[?2026h[?25l[A[1Gpulling manifest [K
pulling 0624ba75c3ce:  38% ▕██████            ▏ 3.0 GB/7.7 GB   11 MB/s   6m37s[K[?25h[?2026l[?2026h[?25l[A[1Gpulling manifest [K
pulling 0624ba75c3ce:  38% ▕██████            ▏ 3.0 GB/7.7 GB   11 MB/s   6m37s[K[?25h[?2026l[?2026h[?25l[A[1Gpulling manifest [K
pulling 0624ba75c3ce:  38% ▕██████            ▏ 3.0 GB/7.7 GB   11 MB/s   6m37s[K[?25h[?2026l[?2026h[?25l[A[1Gpulling manifest [K
pulling 0624ba75c3ce:  38% ▕██████            ▏ 3.0 GB/7.7 GB   11 MB/s   6m42s[K[?25h[?2026l[?2026h[?25l[A[1Gpulling manifest [K
pulling 0624ba75c3ce:  38% ▕██████            ▏ 3.0 GB/7.7 GB   11 MB/s   6m42s[K[?25h[?2026l[?2026h[?25l[A[1Gpulling manifest [K
pulling 0624ba75c3ce:  38% ▕██████            ▏ 3.0 GB/7.7 GB   11 MB/s   6m42s[K[?25h[?2026l[?2026h[?25l[A[1Gpulling manifest [K
pulling 0624ba75c3ce:  38% ▕██████            ▏ 3.0 GB/7.7 GB   11 MB/s   6m42s[K[?25h[?2026l[?2026h[?25l[A[1Gpulling manifest [K
pulling 0624ba75c3ce:  38% ▕██████            ▏ 3.0 GB/7.7 GB   11 MB/s   6m42s[K[?25h[?2026l[?2026h[?25l[A[1Gpulling manifest [K
pulling 0624ba75c3ce:  38% ▕██████            ▏ 3.0 GB/7.7 GB   11 MB/s   6m41s[K[?25h[?2026l[?2026h[?25l[A[1Gpulling manifest [K
pulling 0624ba75c3ce:  38% ▕██████            ▏ 3.0 GB/7.7 GB   11 MB/s   6m41s[K[?25h[?2026l[?2026h[?25l[A[1Gpulling manifest [K
pulling 0624ba75c3ce:  38% ▕██████            ▏ 3.0 GB/7.7 GB   11 MB/s   6m41s[K[?25h[?2026l[?2026h[?25l[A[1Gpulling manifest [K
pulling 0624ba75c3ce:  38% ▕██████            ▏ 3.0 GB/7.7 GB   11 MB/s   6m41s[K[?25h[?2026l[?2026h[?25l[A[1Gpulling manifest [K
pulling 0624ba75c3ce:  38% ▕██████            ▏ 3.0 GB/7.7 GB   11 MB/s   6m41s[K[?25h[?2026l[?2026h[?25l[A[1Gpulling manifest [K
pulling 0624ba75c3ce:  39% ▕██████            ▏ 3.0 GB/7.7 GB   11 MB/s   6m41s[K[?25h[?2026l[?2026h[?25l[A[1Gpulling manifest [K
pulling 0624ba75c3ce:  39% ▕██████            ▏ 3.0 GB/7.7 GB   11 MB/s   6m44s[K[?25h[?2026l[?2026h[?25l[A[1Gpulling manifest [K
pulling 0624ba75c3ce:  39% ▕██████            ▏ 3.0 GB/7.7 GB   11 MB/s   6m44s[K[?25h[?2026l[?2026h[?25l[A[1Gpulling manifest [K
pulling 0624ba75c3ce:  39% ▕██████            ▏ 3.0 GB/7.7 GB   11 MB/s   6m44s[K[?25h[?2026l[?2026h[?25l[A[1Gpulling manifest [K
pulling 0624ba75c3ce:  39% ▕██████            ▏ 3.0 GB/7.7 GB   11 MB/s   6m44s[K[?25h[?2026l[?2026h[?25l[A[1Gpulling manifest [K
pulling 0624ba75c3ce:  39% ▕██████            ▏ 3.0 GB/7.7 GB   11 MB/s   6m44s[K[?25h[?2026l[?2026h[?25l[A[1Gpulling manifest [K
pulling 0624ba75c3ce:  39% ▕██████            ▏ 3.0 GB/7.7 GB   11 MB/s   6m43s[K[?25h[?2026l[?2026h[?25l[A[1Gpulling manifest [K
pulling 0624ba75c3ce:  39% ▕██████            ▏ 3.0 GB/7.7 GB   11 MB/s   6m43s[K[?25h[?2026l[?2026h[?25l[A[1Gpulling manifest [K
pulling 0624ba75c3ce:  39% ▕██████            ▏ 3.0 GB/7.7 GB   11 MB/s   6m43s[K[?25h[?2026l[?2026h[?25l[A[1Gpulling manifest [K
pulling 0624ba75c3ce:  39% ▕██████            ▏ 3.0 GB/7.7 GB   11 MB/s   6m43s[K[?25h[?2026l[?2026h[?25l[A[1Gpulling manifest [K
pulling 0624ba75c3ce:  39% ▕██████            ▏ 3.0 GB/7.7 GB   11 MB/s   6m43s[K[?25h[?2026l[?2026h[?25l[A[1Gpulling manifest [K
pulling 0624ba75c3ce:  39% ▕██████            ▏ 3.0 GB/7.7 GB   11 MB/s   6m50s[K[?25h[?2026l[?2026h[?25l[A[1Gpulling manifest [K
pulling 0624ba75c3ce:  39% ▕██████            ▏ 3.0 GB/7.7 GB   11 MB/s   6m50s[K[?25h[?2026l[?2026h[?25l[A[1Gpulling manifest [K
pulling 0624ba75c3ce:  39% ▕██████            ▏ 3.0 GB/7.7 GB   11 MB/s   6m50s[K[?25h[?2026l[?2026h[?25l[A[1Gpulling manifest [K
pulling 0624ba75c3ce:  39% ▕██████            ▏ 3.0 GB/7.7 GB   11 MB/s   6m50s[K[?25h[?2026l[?2026h[?25l[A[1Gpulling manifest [K
pulling 0624ba75c3ce:  39% ▕██████            ▏ 3.0 GB/7.7 GB   11 MB/s   6m50s[K[?25h[?2026l[?2026h[?25l[A[1Gpulling manifest [K
pulling 0624ba75c3ce:  39% ▕██████            ▏ 3.0 GB/7.7 GB   11 MB/s   6m50s[K[?25h[?2026l[?2026h[?25l[A[1Gpulling manifest [K
pulling 0624ba75c3ce:  39% ▕██████            ▏ 3.0 GB/7.7 GB   11 MB/s   6m50s[K[?25h[?2026l[?2026h[?25l[A[1Gpulling manifest [K
pulling 0624ba75c3ce:  39% ▕██████            ▏ 3.0 GB/7.7 GB   11 MB/s   6m49s[K[?25h[?2026l[?2026h[?25l[A[1Gpulling manifest [K
pulling 0624ba75c3ce:  39% ▕██████            ▏ 3.0 GB/7.7 GB   11 MB/s   6m49s[K[?25h[?2026l[?2026h[?25l[A[1Gpulling manifest [K
pulling 0624ba75c3ce:  39% ▕██████            ▏ 3.0 GB/7.7 GB   11 MB/s   6m49s[K[?25h[?2026l[?2026h[?25l[A[1Gpulling manifest [K
pulling 0624ba75c3ce:  39% ▕██████            ▏ 3.0 GB/7.7 GB   11 MB/s   6m56s[K[?25h[?2026l[?2026h[?25l[A[1Gpulling manifest [K
pulling 0624ba75c3ce:  39% ▕██████            ▏ 3.0 GB/7.7 GB   11 MB/s   6m56s[K[?25h[?2026l[?2026h[?25l[A[1Gpulling manifest [K
pulling 0624ba75c3ce:  39% ▕██████            ▏ 3.0 GB/7.7 GB   11 MB/s   6m56s[K[?25h[?2026l[?2026h[?25l[A[1Gpulling manifest [K
pulling 0624ba75c3ce:  39% ▕██████            ▏ 3.0 GB/7.7 GB   11 MB/s   6m56s[K[?25h[?2026l[?2026h[?25l[A[1Gpulling manifest [K
pulling 0624ba75c3ce:  39% ▕██████            ▏ 3.0 GB/7.7 GB   11 MB/s   6m56s[K[?25h[?2026l[?2026h[?25l[A[1Gpulling manifest [K
pulling 0624ba75c3ce:  39% ▕██████            ▏ 3.0 GB/7.7 GB   11 MB/s   6m56s[K[?25h[?2026l[?2026h[?25l[A[1Gpulling manifest [K
pulling 0624ba75c3ce:  39% ▕██████            ▏ 3.0 GB/7.7 GB   11 MB/s   6m56s[K[?25h[?2026l[?2026h[?25l[A[1Gpulling manifest [K
pulling 0624ba75c3ce:  39% ▕███████           ▏ 3.0 GB/7.7 GB   11 MB/s   6m56s[K[?25h[?2026l[?2026h[?25l[A[1Gpulling manifest [K
pulling 0624ba75c3ce:  39% ▕███████           ▏ 3.0 GB/7.7 GB   11 MB/s   6m56s[K[?25h[?2026l[?2026h[?25l[A[1Gpulling manifest [K
pulling 0624ba75c3ce:  39% ▕███████           ▏ 3.0 GB/7.7 GB   11 MB/s   6m56s[K[?25h[?2026l[?2026h[?25l[A[1Gpulling manifest [K
pulling 0624ba75c3ce:  39% ▕███████           ▏ 3.0 GB/7.7 GB   11 MB/s    7m3s[K[?25h[?2026l[?2026h[?25l[A[1Gpulling manifest [K
pulling 0624ba75c3ce:  39% ▕███████           ▏ 3.0 GB/7.7 GB   11 MB/s    7m3s[K[?25h[?2026l[?2026h[?25l[A[1Gpulling manifest [K
pulling 0624ba75c3ce:  39% ▕███████           ▏ 3.0 GB/7.7 GB   11 MB/s    7m2s[K[?25h[?2026l[?2026h[?25l[A[1Gpulling manifest [K
pulling 0624ba75c3ce:  39% ▕███████           ▏ 3.0 GB/7.7 GB   11 MB/s    7m2s[K[?25h[?2026l[?2026h[?25l[A[1Gpulling manifest [K
pulling 0624ba75c3ce:  39% ▕███████           ▏ 3.0 GB/7.7 GB   11 MB/s    7m2s[K[?25h[?2026l[?2026h[?25l[A[1Gpulling manifest [K
pulling 0624ba75c3ce:  39% ▕███████           ▏ 3.0 GB/7.7 GB   11 MB/s    7m2s[K[?25h[?2026l[?2026h[?25l[A[1Gpulling manifest [K
pulling 0624ba75c3ce:  39% ▕███████           ▏ 3.0 GB/7.7 GB   11 MB/s    7m2s[K[?25h[?2026l[?2026h[?25l[A[1Gpulling manifest [K
pulling 0624ba75c3ce:  39% ▕███████           ▏ 3.0 GB/7.7 GB   11 MB/s    7m2s[K[?25h[?2026l[?2026h[?25l[A[1Gpulling manifest [K
pulling 0624ba75c3ce:  39% ▕███████           ▏ 3.0 GB/7.7 GB   11 MB/s    7m2s[K[?25h[?2026l[?2026h[?25l[A[1Gpulling manifest [K
pulling 0624ba75c3ce:  39% ▕███████           ▏ 3.0 GB/7.7 GB   11 MB/s    7m2s[K[?25h[?2026l[?2026h[?25l[A[1Gpulling manifest [K
pulling 0624ba75c3ce:  39% ▕███████           ▏ 3.0 GB/7.7 GB   11 MB/s    7m5s[K[?25h[?2026l[?2026h[?25l[A[1Gpulling manifest [K
pulling 0624ba75c3ce:  39% ▕███████           ▏ 3.0 GB/7.7 GB   11 MB/s    7m5s[K[?25h[?2026l[?2026h[?25l[A[1Gpulling manifest [K
pulling 0624ba75c3ce:  39% ▕███████           ▏ 3.0 GB/7.7 GB   11 MB/s    7m4s[K[?25h[?2026l[?2026h[?25l[A[1Gpulling manifest [K
pulling 0624ba75c3ce:  39% ▕███████           ▏ 3.0 GB/7.7 GB   11 MB/s    7m4s[K[?25h[?2026l[?2026h[?25l[A[1Gpulling manifest [K
pulling 0624ba75c3ce:  39% ▕███████           ▏ 3.0 GB/7.7 GB   11 MB/s    7m4s[K[?25h[?2026l[?2026h[?25l[A[1Gpulling manifest [K
pulling 0624ba75c3ce:  39% ▕███████           ▏ 3.0 GB/7.7 GB   11 MB/s    7m4s[K[?25h[?2026l[?2026h[?25l[A[1Gpulling manifest [K
pulling 0624ba75c3ce:  39% ▕███████           ▏ 3.0 GB/7.7 GB   11 MB/s    7m4s[K[?25h[?2026l[?2026h[?25l[A[1Gpulling manifest [K
pulling 0624ba75c3ce:  39% ▕███████           ▏ 3.0 GB/7.7 GB   11 MB/s    7m4s[K[?25h[?2026l[?2026h[?25l[A[1Gpulling manifest [K
pulling 0624ba75c3ce:  39% ▕███████           ▏ 3.0 GB/7.7 GB   11 MB/s    7m4s[K[?25h[?2026l[?2026h[?25l[A[1Gpulling manifest [K
pulling 0624ba75c3ce:  39% ▕███████           ▏ 3.0 GB/7.7 GB   11 MB/s    7m4s[K[?25h[?2026l[?2026h[?25l[A[1Gpulling manifest [K
pulling 0624ba75c3ce:  39% ▕███████           ▏ 3.0 GB/7.7 GB   11 MB/s    7m4s[K[?25h[?2026l[?2026h[?25l[A[1Gpulling manifest [K
pulling 0624ba75c3ce:  39% ▕███████           ▏ 3.0 GB/7.7 GB   10 MB/s    7m7s[K[?25h[?2026l[?2026h[?25l[A[1Gpulling manifest [K
pulling 0624ba75c3ce:  39% ▕███████           ▏ 3.0 GB/7.7 GB   10 MB/s    7m7s[K[?25h[?2026l[?2026h[?25l[A[1Gpulling manifest [K
pulling 0624ba75c3ce:  39% ▕███████           ▏ 3.0 GB/7.7 GB   10 MB/s    7m7s[K[?25h[?2026l[?2026h[?25l[A[1Gpulling manifest [K
pulling 0624ba75c3ce:  39% ▕███████           ▏ 3.0 GB/7.7 GB   10 MB/s    7m7s[K[?25h[?2026l[?2026h[?25l[A[1Gpulling manifest [K
pulling 0624ba75c3ce:  39% ▕███████           ▏ 3.0 GB/7.7 GB   10 MB/s    7m7s[K[?25h[?2026l[?2026h[?25l[A[1Gpulling manifest [K
pulling 0624ba75c3ce:  39% ▕███████           ▏ 3.0 GB/7.7 GB   10 MB/s    7m7s[K[?25h[?2026l[?2026h[?25l[A[1Gpulling manifest [K
pulling 0624ba75c3ce:  39% ▕███████           ▏ 3.0 GB/7.7 GB   10 MB/s    7m7s[K[?25h[?2026l[?2026h[?25l[A[1Gpulling manifest [K
pulling 0624ba75c3ce:  39% ▕███████           ▏ 3.0 GB/7.7 GB   10 MB/s    7m6s[K[?25h[?2026l[?2026h[?25l[A[1Gpulling manifest [K
pulling 0624ba75c3ce:  39% ▕███████           ▏ 3.0 GB/7.7 GB   10 MB/s    7m6s[K[?25h[?2026l[?2026h[?25l[A[1Gpulling manifest [K
pulling 0624ba75c3ce:  39% ▕███████           ▏ 3.0 GB/7.7 GB   10 MB/s    7m6s[K[?25h[?2026l[?2026h[?25l[A[1Gpulling manifest [K
pulling 0624ba75c3ce:  39% ▕███████           ▏ 3.0 GB/7.7 GB   10 MB/s   7m11s[K[?25h[?2026l[?2026h[?25l[A[1Gpulling manifest [K
pulling 0624ba75c3ce:  39% ▕███████           ▏ 3.0 GB/7.7 GB   10 MB/s   7m11s[K[?25h[?2026l[?2026h[?25l[A[1Gpulling manifest [K
pulling 0624ba75c3ce:  39% ▕███████           ▏ 3.0 GB/7.7 GB   10 MB/s   7m11s[K[?25h[?2026l[?2026h[?25l[A[1Gpulling manifest [K
pulling 0624ba75c3ce:  39% ▕███████           ▏ 3.0 GB/7.7 GB   10 MB/s   7m10s[K[?25h[?2026l[?2026h[?25l[A[1Gpulling manifest [K
pulling 0624ba75c3ce:  39% ▕███████           ▏ 3.0 GB/7.7 GB   10 MB/s   7m10s[K[?25h[?2026l[?2026h[?25l[A[1Gpulling manifest [K
pulling 0624ba75c3ce:  39% ▕███████           ▏ 3.0 GB/7.7 GB   10 MB/s   7m10s[K[?25h[?2026l[?2026h[?25l[A[1Gpulling manifest [K
pulling 0624ba75c3ce:  39% ▕███████           ▏ 3.0 GB/7.7 GB   10 MB/s   7m10s[K[?25h[?2026l[?2026h[?25l[A[1Gpulling manifest [K
pulling 0624ba75c3ce:  39% ▕███████           ▏ 3.0 GB/7.7 GB   10 MB/s   7m10s[K[?25h[?2026l[?2026h[?25l[A[1Gpulling manifest [K
pulling 0624ba75c3ce:  39% ▕███████           ▏ 3.0 GB/7.7 GB   10 MB/s   7m10s[K[?25h[?2026l[?2026h[?25l[A[1Gpulling manifest [K
pulling 0624ba75c3ce:  39% ▕███████           ▏ 3.0 GB/7.7 GB   10 MB/s   7m10s[K[?25h[?2026l[?2026h[?25l[A[1Gpulling manifest [K
pulling 0624ba75c3ce:  39% ▕███████           ▏ 3.0 GB/7.7 GB   10 MB/s   7m16s[K[?25h[?2026l[?2026h[?25l[A[1Gpulling manifest [K
pulling 0624ba75c3ce:  40% ▕███████           ▏ 3.0 GB/7.7 GB   10 MB/s   7m16s[K[?25h[?2026l[?2026h[?25l[A[1Gpulling manifest [K
pulling 0624ba75c3ce:  40% ▕███████           ▏ 3.0 GB/7.7 GB   10 MB/s   7m16s[K[?25h[?2026l[?2026h[?25l[A[1Gpulling manifest [K
pulling 0624ba75c3ce:  40% ▕███████           ▏ 3.0 GB/7.7 GB   10 MB/s   7m16s[K[?25h[?2026l[?2026h[?25l[A[1Gpulling manifest [K
pulling 0624ba75c3ce:  40% ▕███████           ▏ 3.0 GB/7.7 GB   10 MB/s   7m16s[K[?25h[?2026l[?2026h[?25l[A[1Gpulling manifest [K
pulling 0624ba75c3ce:  40% ▕███████           ▏ 3.0 GB/7.7 GB   10 MB/s   7m16s[K[?25h[?2026l[?2026h[?25l[A[1Gpulling manifest [K
pulling 0624ba75c3ce:  40% ▕███████           ▏ 3.0 GB/7.7 GB   10 MB/s   7m16s[K[?25h[?2026l[?2026h[?25l[A[1Gpulling manifest [K
pulling 0624ba75c3ce:  40% ▕███████           ▏ 3.0 GB/7.7 GB   10 MB/s   7m16s[K[?25h[?2026l[?2026h[?25l[A[1Gpulling manifest [K
pulling 0624ba75c3ce:  40% ▕███████           ▏ 3.0 GB/7.7 GB   10 MB/s   7m15s[K[?25h[?2026l[?2026h[?25l[A[1Gpulling manifest [K
pulling 0624ba75c3ce:  40% ▕███████           ▏ 3.0 GB/7.7 GB   10 MB/s   7m15s[K[?25h[?2026l[?2026h[?25l[A[1Gpulling manifest [K
pulling 0624ba75c3ce:  40% ▕███████           ▏ 3.0 GB/7.7 GB   10 MB/s   7m17s[K[?25h[?2026l[?2026h[?25l[A[1Gpulling manifest [K
pulling 0624ba75c3ce:  40% ▕███████           ▏ 3.1 GB/7.7 GB   10 MB/s   7m17s[K[?25h[?2026l[?2026h[?25l[A[1Gpulling manifest [K
pulling 0624ba75c3ce:  40% ▕███████           ▏ 3.1 GB/7.7 GB   10 MB/s   7m17s[K[?25h[?2026l[?2026h[?25l[A[1Gpulling manifest [K
pulling 0624ba75c3ce:  40% ▕███████           ▏ 3.1 GB/7.7 GB   10 MB/s   7m17s[K[?25h[?2026l[?2026h[?25l[A[1Gpulling manifest [K
pulling 0624ba75c3ce:  40% ▕███████           ▏ 3.1 GB/7.7 GB   10 MB/s   7m17s[K[?25h[?2026l[?2026h[?25l[A[1Gpulling manifest [K
pulling 0624ba75c3ce:  40% ▕███████           ▏ 3.1 GB/7.7 GB   10 MB/s   7m17s[K[?25h[?2026l[?2026h[?25l[A[1Gpulling manifest [K
pulling 0624ba75c3ce:  40% ▕███████           ▏ 3.1 GB/7.7 GB   10 MB/s   7m17s[K[?25h[?2026l[?2026h[?25l[A[1Gpulling manifest [K
pulling 0624ba75c3ce:  40% ▕███████           ▏ 3.1 GB/7.7 GB   10 MB/s   7m17s[K[?25h[?2026l[?2026h[?25l[A[1Gpulling manifest [K
pulling 0624ba75c3ce:  40% ▕███████           ▏ 3.1 GB/7.7 GB   10 MB/s   7m17s[K[?25h[?2026l[?2026h[?25l[A[1Gpulling manifest [K
pulling 0624ba75c3ce:  40% ▕███████           ▏ 3.1 GB/7.7 GB   10 MB/s   7m16s[K[?25h[?2026l[?2026h[?25l[A[1Gpulling manifest [K
pulling 0624ba75c3ce:  40% ▕███████           ▏ 3.1 GB/7.7 GB   10 MB/s   7m22s[K[?25h[?2026l[?2026h[?25l[A[1Gpulling manifest [K
pulling 0624ba75c3ce:  40% ▕███████           ▏ 3.1 GB/7.7 GB   10 MB/s   7m22s[K[?25h[?2026l[?2026h[?25l[A[1Gpulling manifest [K
pulling 0624ba75c3ce:  40% ▕███████           ▏ 3.1 GB/7.7 GB   10 MB/s   7m22s[K[?25h[?2026l[?2026h[?25l[A[1Gpulling manifest [K
pulling 0624ba75c3ce:  40% ▕███████           ▏ 3.1 GB/7.7 GB   10 MB/s   7m21s[K[?25h[?2026l[?2026h[?25l[A[1Gpulling manifest [K
pulling 0624ba75c3ce:  40% ▕███████           ▏ 3.1 GB/7.7 GB   10 MB/s   7m21s[K[?25h[?2026l[?2026h[?25l[A[1Gpulling manifest [K
pulling 0624ba75c3ce:  40% ▕███████           ▏ 3.1 GB/7.7 GB   10 MB/s   7m21s[K[?25h[?2026l[?2026h[?25l[A[1Gpulling manifest [K
pulling 0624ba75c3ce:  40% ▕███████           ▏ 3.1 GB/7.7 GB   10 MB/s   7m21s[K[?25h[?2026l[?2026h[?25l[A[1Gpulling manifest [K
pulling 0624ba75c3ce:  40% ▕███████           ▏ 3.1 GB/7.7 GB   10 MB/s   7m21s[K[?25h[?2026l[?2026h[?25l[A[1Gpulling manifest [K
pulling 0624ba75c3ce:  40% ▕███████           ▏ 3.1 GB/7.7 GB   10 MB/s   7m21s[K[?25h[?2026l[?2026h[?25l[A[1Gpulling manifest [K
pulling 0624ba75c3ce:  40% ▕███████           ▏ 3.1 GB/7.7 GB   10 MB/s   7m21s[K[?25h[?2026l[?2026h[?25l[A[1Gpulling manifest [K
pulling 0624ba75c3ce:  40% ▕███████           ▏ 3.1 GB/7.7 GB   10 MB/s   7m21s[K[?25h[?2026l[?2026h[?25l[A[1Gpulling manifest [K
pulling 0624ba75c3ce:  40% ▕███████           ▏ 3.1 GB/7.7 GB   10 MB/s   7m27s[K[?25h[?2026l[?2026h[?25l[A[1Gpulling manifest [K
pulling 0624ba75c3ce:  40% ▕███████           ▏ 3.1 GB/7.7 GB   10 MB/s   7m27s[K[?25h[?2026l[?2026h[?25l[A[1Gpulling manifest [K
pulling 0624ba75c3ce:  40% ▕███████           ▏ 3.1 GB/7.7 GB   10 MB/s   7m27s[K[?25h[?2026l[?2026h[?25l[A[1Gpulling manifest [K
pulling 0624ba75c3ce:  40% ▕███████           ▏ 3.1 GB/7.7 GB   10 MB/s   7m26s[K[?25h[?2026l[?2026h[?25l[A[1Gpulling manifest [K
pulling 0624ba75c3ce:  40% ▕███████           ▏ 3.1 GB/7.7 GB   10 MB/s   7m26s[K[?25h[?2026l[?2026h[?25l[A[1Gpulling manifest [K
pulling 0624ba75c3ce:  40% ▕███████           ▏ 3.1 GB/7.7 GB   10 MB/s   7m26s[K[?25h[?2026l[?2026h[?25l[A[1Gpulling manifest [K
pulling 0624ba75c3ce:  40% ▕███████           ▏ 3.1 GB/7.7 GB   10 MB/s   7m26s[K[?25h[?2026l[?2026h[?25l[A[1Gpulling manifest [K
pulling 0624ba75c3ce:  40% ▕███████           ▏ 3.1 GB/7.7 GB   10 MB/s   7m26s[K[?25h[?2026l[?2026h[?25l[A[1Gpulling manifest [K
pulling 0624ba75c3ce:  40% ▕███████           ▏ 3.1 GB/7.7 GB   10 MB/s   7m26s[K[?25h[?2026l[?2026h[?25l[A[1Gpulling manifest [K
pulling 0624ba75c3ce:  40% ▕███████           ▏ 3.1 GB/7.7 GB   10 MB/s   7m26s[K[?25h[?2026l[?2026h[?25l[A[1Gpulling manifest [K
pulling 0624ba75c3ce:  40% ▕███████           ▏ 3.1 GB/7.7 GB   10 MB/s   7m32s[K[?25h[?2026l[?2026h[?25l[A[1Gpulling manifest [K
pulling 0624ba75c3ce:  40% ▕███████           ▏ 3.1 GB/7.7 GB   10 MB/s   7m32s[K[?25h[?2026l[?2026h[?25l[A[1Gpulling manifest [K
pulling 0624ba75c3ce:  40% ▕███████           ▏ 3.1 GB/7.7 GB   10 MB/s   7m32s[K[?25h[?2026l[?2026h[?25l[A[1Gpulling manifest [K
pulling 0624ba75c3ce:  40% ▕███████           ▏ 3.1 GB/7.7 GB   10 MB/s   7m32s[K[?25h[?2026l[?2026h[?25l[A[1Gpulling manifest [K
pulling 0624ba75c3ce:  40% ▕███████           ▏ 3.1 GB/7.7 GB   10 MB/s   7m31s[K[?25h[?2026l[?2026h[?25l[A[1Gpulling manifest [K
pulling 0624ba75c3ce:  40% ▕███████           ▏ 3.1 GB/7.7 GB   10 MB/s   7m31s[K[?25h[?2026l[?2026h[?25l[A[1Gpulling manifest [K
pulling 0624ba75c3ce:  40% ▕███████           ▏ 3.1 GB/7.7 GB   10 MB/s   7m31s[K[?25h[?2026l[?2026h[?25l[A[1Gpulling manifest [K
pulling 0624ba75c3ce:  40% ▕███████           ▏ 3.1 GB/7.7 GB   10 MB/s   7m31s[K[?25h[?2026l[?2026h[?25l[A[1Gpulling manifest [K
pulling 0624ba75c3ce:  40% ▕███████           ▏ 3.1 GB/7.7 GB   10 MB/s   7m31s[K[?25h[?2026l[?2026h[?25l[A[1Gpulling manifest [K
pulling 0624ba75c3ce:  40% ▕███████           ▏ 3.1 GB/7.7 GB   10 MB/s   7m31s[K[?25h[?2026l[?2026h[?25l[A[1Gpulling manifest [K
pulling 0624ba75c3ce:  40% ▕███████           ▏ 3.1 GB/7.7 GB   10 MB/s   7m37s[K[?25h[?2026l[?2026h[?25l[A[1Gpulling manifest [K
pulling 0624ba75c3ce:  40% ▕███████           ▏ 3.1 GB/7.7 GB   10 MB/s   7m37s[K[?25h[?2026l[?2026h[?25l[A[1Gpulling manifest [K
pulling 0624ba75c3ce:  40% ▕███████           ▏ 3.1 GB/7.7 GB   10 MB/s   7m37s[K[?25h[?2026l[?2026h[?25l[A[1Gpulling manifest [K
pulling 0624ba75c3ce:  40% ▕███████           ▏ 3.1 GB/7.7 GB   10 MB/s   7m37s[K[?25h[?2026l[?2026h[?25l[A[1Gpulling manifest [K
pulling 0624ba75c3ce:  40% ▕███████           ▏ 3.1 GB/7.7 GB   10 MB/s   7m37s[K[?25h[?2026l[?2026h[?25l[A[1Gpulling manifest [K
pulling 0624ba75c3ce:  40% ▕███████           ▏ 3.1 GB/7.7 GB   10 MB/s   7m37s[K[?25h[?2026l[?2026h[?25l[A[1Gpulling manifest [K
pulling 0624ba75c3ce:  40% ▕███████           ▏ 3.1 GB/7.7 GB   10 MB/s   7m37s[K[?25h[?2026l[?2026h[?25l[A[1Gpulling manifest [K
pulling 0624ba75c3ce:  40% ▕███████           ▏ 3.1 GB/7.7 GB   10 MB/s   7m36s[K[?25h[?2026l[?2026h[?25l[A[1Gpulling manifest [K
pulling 0624ba75c3ce:  40% ▕███████           ▏ 3.1 GB/7.7 GB   10 MB/s   7m36s[K[?25h[?2026l[?2026h[?25l[A[1Gpulling manifest [K
pulling 0624ba75c3ce:  40% ▕███████           ▏ 3.1 GB/7.7 GB   10 MB/s   7m36s[K[?25h[?2026l[?2026h[?25l[A[1Gpulling manifest [K
pulling 0624ba75c3ce:  40% ▕███████           ▏ 3.1 GB/7.7 GB   10 MB/s   7m39s[K[?25h[?2026l[?2026h[?25l[A[1Gpulling manifest [K
pulling 0624ba75c3ce:  40% ▕███████           ▏ 3.1 GB/7.7 GB   10 MB/s   7m39s[K[?25h[?2026l[?2026h[?25l[A[1Gpulling manifest [K
pulling 0624ba75c3ce:  40% ▕███████           ▏ 3.1 GB/7.7 GB   10 MB/s   7m39s[K[?25h[?2026l[?2026h[?25l[A[1Gpulling manifest [K
pulling 0624ba75c3ce:  40% ▕███████           ▏ 3.1 GB/7.7 GB   10 MB/s   7m39s[K[?25h[?2026l[?2026h[?25l[A[1Gpulling manifest [K
pulling 0624ba75c3ce:  40% ▕███████           ▏ 3.1 GB/7.7 GB   10 MB/s   7m39s[K[?25h[?2026l[?2026h[?25l[A[1Gpulling manifest [K
pulling 0624ba75c3ce:  40% ▕███████           ▏ 3.1 GB/7.7 GB   10 MB/s   7m39s[K[?25h[?2026l[?2026h[?25l[A[1Gpulling manifest [K
pulling 0624ba75c3ce:  40% ▕███████           ▏ 3.1 GB/7.7 GB   10 MB/s   7m39s[K[?25h[?2026l[?2026h[?25l[A[1Gpulling manifest [K
pulling 0624ba75c3ce:  40% ▕███████           ▏ 3.1 GB/7.7 GB   10 MB/s   7m39s[K[?25h[?2026l[?2026h[?25l[A[1Gpulling manifest [K
pulling 0624ba75c3ce:  40% ▕███████           ▏ 3.1 GB/7.7 GB   10 MB/s   7m38s[K[?25h[?2026l[?2026h[?25l[A[1Gpulling manifest [K
pulling 0624ba75c3ce:  40% ▕███████           ▏ 3.1 GB/7.7 GB   10 MB/s   7m38s[K[?25h[?2026l[?2026h[?25l[A[1Gpulling manifest [K
pulling 0624ba75c3ce:  40% ▕███████           ▏ 3.1 GB/7.7 GB  9.8 MB/s   7m46s[K[?25h[?2026l[?2026h[?25l[A[1Gpulling manifest [K
pulling 0624ba75c3ce:  40% ▕███████           ▏ 3.1 GB/7.7 GB  9.8 MB/s   7m46s[K[?25h[?2026l[?2026h[?25l[A[1Gpulling manifest [K
pulling 0624ba75c3ce:  40% ▕███████           ▏ 3.1 GB/7.7 GB  9.8 MB/s   7m46s[K[?25h[?2026l[?2026h[?25l[A[1Gpulling manifest [K
pulling 0624ba75c3ce:  40% ▕███████           ▏ 3.1 GB/7.7 GB  9.8 MB/s   7m45s[K[?25h[?2026l[?2026h[?25l[A[1Gpulling manifest [K
pulling 0624ba75c3ce:  40% ▕███████           ▏ 3.1 GB/7.7 GB  9.8 MB/s   7m45s[K[?25h[?2026l[?2026h[?25l[A[1Gpulling manifest [K
pulling 0624ba75c3ce:  40% ▕███████           ▏ 3.1 GB/7.7 GB  9.8 MB/s   7m45s[K[?25h[?2026l[?2026h[?25l[A[1Gpulling manifest [K
pulling 0624ba75c3ce:  40% ▕███████           ▏ 3.1 GB/7.7 GB  9.8 MB/s   7m45s[K[?25h[?2026l[?2026h[?25l[A[1Gpulling manifest [K
pulling 0624ba75c3ce:  40% ▕███████           ▏ 3.1 GB/7.7 GB  9.8 MB/s   7m45s[K[?25h[?2026l[?2026h[?25l[A[1Gpulling manifest [K
pulling 0624ba75c3ce:  40% ▕███████           ▏ 3.1 GB/7.7 GB  9.8 MB/s   7m45s[K[?25h[?2026l[?2026h[?25l[A[1Gpulling manifest [K
pulling 0624ba75c3ce:  40% ▕███████           ▏ 3.1 GB/7.7 GB  9.8 MB/s   7m45s[K[?25h[?2026l[?2026h[?25l[A[1Gpulling manifest [K
pulling 0624ba75c3ce:  40% ▕███████           ▏ 3.1 GB/7.7 GB  9.8 MB/s   7m45s[K[?25h[?2026l[?2026h[?25l[A[1Gpulling manifest [K
pulling 0624ba75c3ce:  41% ▕███████           ▏ 3.1 GB/7.7 GB  9.9 MB/s   7m44s[K[?25h[?2026l[?2026h[?25l[A[1Gpulling manifest [K
pulling 0624ba75c3ce:  41% ▕███████           ▏ 3.1 GB/7.7 GB  9.9 MB/s   7m44s[K[?25h[?2026l[?2026h[?25l[A[1Gpulling manifest [K
pulling 0624ba75c3ce:  41% ▕███████           ▏ 3.1 GB/7.7 GB  9.9 MB/s   7m44s[K[?25h[?2026l[?2026h[?25l[A[1Gpulling manifest [K
pulling 0624ba75c3ce:  41% ▕███████           ▏ 3.1 GB/7.7 GB  9.9 MB/s   7m44s[K[?25h[?2026l[?2026h[?25l[A[1Gpulling manifest [K
pulling 0624ba75c3ce:  41% ▕███████           ▏ 3.1 GB/7.7 GB  9.9 MB/s   7m44s[K[?25h[?2026l[?2026h[?25l[A[1Gpulling manifest [K
pulling 0624ba75c3ce:  41% ▕███████           ▏ 3.1 GB/7.7 GB  9.9 MB/s   7m44s[K[?25h[?2026l[?2026h[?25l[A[1Gpulling manifest [K
pulling 0624ba75c3ce:  41% ▕███████           ▏ 3.1 GB/7.7 GB  9.9 MB/s   7m44s[K[?25h[?2026l[?2026h[?25l[A[1Gpulling manifest [K
pulling 0624ba75c3ce:  41% ▕███████           ▏ 3.1 GB/7.7 GB  9.9 MB/s   7m44s[K[?25h[?2026l[?2026h[?25l[A[1Gpulling manifest [K
pulling 0624ba75c3ce:  41% ▕███████           ▏ 3.1 GB/7.7 GB  9.9 MB/s   7m43s[K[?25h[?2026l[?2026h[?25l[A[1Gpulling manifest [K
pulling 0624ba75c3ce:  41% ▕███████           ▏ 3.1 GB/7.7 GB  9.9 MB/s   7m43s[K[?25h[?2026l[?2026h[?25l[A[1Gpulling manifest [K
pulling 0624ba75c3ce:  41% ▕███████           ▏ 3.1 GB/7.7 GB  9.8 MB/s   7m47s[K[?25h[?2026l[?2026h[?25l[A[1Gpulling manifest [K
pulling 0624ba75c3ce:  41% ▕███████           ▏ 3.1 GB/7.7 GB  9.8 MB/s   7m47s[K[?25h[?2026l[?2026h[?25l[A[1Gpulling manifest [K
pulling 0624ba75c3ce:  41% ▕███████           ▏ 3.1 GB/7.7 GB  9.8 MB/s   7m47s[K[?25h[?2026l[?2026h[?25l[A[1Gpulling manifest [K
pulling 0624ba75c3ce:  41% ▕███████           ▏ 3.1 GB/7.7 GB  9.8 MB/s   7m47s[K[?25h[?2026l[?2026h[?25l[A[1Gpulling manifest [K
pulling 0624ba75c3ce:  41% ▕███████           ▏ 3.1 GB/7.7 GB  9.8 MB/s   7m47s[K[?25h[?2026l[?2026h[?25l[A[1Gpulling manifest [K
pulling 0624ba75c3ce:  41% ▕███████           ▏ 3.1 GB/7.7 GB  9.8 MB/s   7m46s[K[?25h[?2026l[?2026h[?25l[A[1Gpulling manifest [K
pulling 0624ba75c3ce:  41% ▕███████           ▏ 3.1 GB/7.7 GB  9.8 MB/s   7m46s[K[?25h[?2026l[?2026h[?25l[A[1Gpulling manifest [K
pulling 0624ba75c3ce:  41% ▕███████           ▏ 3.1 GB/7.7 GB  9.8 MB/s   7m46s[K[?25h[?2026l[?2026h[?25l[A[1Gpulling manifest [K
pulling 0624ba75c3ce:  41% ▕███████           ▏ 3.1 GB/7.7 GB  9.8 MB/s   7m46s[K[?25h[?2026l[?2026h[?25l[A[1Gpulling manifest [K
pulling 0624ba75c3ce:  41% ▕███████           ▏ 3.1 GB/7.7 GB  9.8 MB/s   7m46s[K[?25h[?2026l[?2026h[?25l[A[1Gpulling manifest [K
pulling 0624ba75c3ce:  41% ▕███████           ▏ 3.1 GB/7.7 GB  9.8 MB/s   7m44s[K[?25h[?2026l[?2026h[?25l[A[1Gpulling manifest [K
pulling 0624ba75c3ce:  41% ▕███████           ▏ 3.1 GB/7.7 GB  9.8 MB/s   7m44s[K[?25h[?2026l[?2026h[?25l[A[1Gpulling manifest [K
pulling 0624ba75c3ce:  41% ▕███████           ▏ 3.1 GB/7.7 GB  9.8 MB/s   7m44s[K[?25h[?2026l[?2026h[?25l[A[1Gpulling manifest [K
pulling 0624ba75c3ce:  41% ▕███████           ▏ 3.1 GB/7.7 GB  9.8 MB/s   7m44s[K[?25h[?2026l[?2026h[?25l[A[1Gpulling manifest [K
pulling 0624ba75c3ce:  41% ▕███████           ▏ 3.1 GB/7.7 GB  9.8 MB/s   7m44s[K[?25h[?2026l[?2026h[?25l[A[1Gpulling manifest [K
pulling 0624ba75c3ce:  41% ▕███████           ▏ 3.1 GB/7.7 GB  9.8 MB/s   7m44s[K[?25h[?2026l[?2026h[?25l[A[1Gpulling manifest [K
pulling 0624ba75c3ce:  41% ▕███████           ▏ 3.1 GB/7.7 GB  9.8 MB/s   7m43s[K[?25h[?2026l[?2026h[?25l[A[1Gpulling manifest [K
pulling 0624ba75c3ce:  41% ▕███████           ▏ 3.1 GB/7.7 GB  9.8 MB/s   7m43s[K[?25h[?2026l[?2026h[?25l[A[1Gpulling manifest [K
pulling 0624ba75c3ce:  41% ▕███████           ▏ 3.1 GB/7.7 GB  9.8 MB/s   7m43s[K[?25h[?2026l[?2026h[?25l[A[1Gpulling manifest [K
pulling 0624ba75c3ce:  41% ▕███████           ▏ 3.1 GB/7.7 GB  9.8 MB/s   7m43s[K[?25h[?2026l[?2026h[?25l[A[1Gpulling manifest [K
pulling 0624ba75c3ce:  41% ▕███████           ▏ 3.1 GB/7.7 GB  9.8 MB/s   7m42s[K[?25h[?2026l[?2026h[?25l[A[1Gpulling manifest [K
pulling 0624ba75c3ce:  41% ▕███████           ▏ 3.1 GB/7.7 GB  9.8 MB/s   7m42s[K[?25h[?2026l[?2026h[?25l[A[1Gpulling manifest [K
pulling 0624ba75c3ce:  41% ▕███████           ▏ 3.1 GB/7.7 GB  9.8 MB/s   7m42s[K[?25h[?2026l[?2026h[?25l[A[1Gpulling manifest [K
pulling 0624ba75c3ce:  41% ▕███████           ▏ 3.2 GB/7.7 GB  9.8 MB/s   7m42s[K[?25h[?2026l[?2026h[?25l[A[1Gpulling manifest [K
pulling 0624ba75c3ce:  41% ▕███████           ▏ 3.2 GB/7.7 GB  9.8 MB/s   7m42s[K[?25h[?2026l[?2026h[?25l[A[1Gpulling manifest [K
pulling 0624ba75c3ce:  41% ▕███████           ▏ 3.2 GB/7.7 GB  9.8 MB/s   7m41s[K[?25h[?2026l[?2026h[?25l[A[1Gpulling manifest [K
pulling 0624ba75c3ce:  41% ▕███████           ▏ 3.2 GB/7.7 GB  9.8 MB/s   7m41s[K[?25h[?2026l[?2026h[?25l[A[1Gpulling manifest [K
pulling 0624ba75c3ce:  41% ▕███████           ▏ 3.2 GB/7.7 GB  9.8 MB/s   7m41s[K[?25h[?2026l[?2026h[?25l[A[1Gpulling manifest [K
pulling 0624ba75c3ce:  41% ▕███████           ▏ 3.2 GB/7.7 GB  9.8 MB/s   7m41s[K[?25h[?2026l[?2026h[?25l[A[1Gpulling manifest [K
pulling 0624ba75c3ce:  41% ▕███████           ▏ 3.2 GB/7.7 GB  9.8 MB/s   7m41s[K[?25h[?2026l[?2026h[?25l[A[1Gpulling manifest [K
pulling 0624ba75c3ce:  41% ▕███████           ▏ 3.2 GB/7.7 GB  9.8 MB/s   7m42s[K[?25h[?2026l[?2026h[?25l[A[1Gpulling manifest [K
pulling 0624ba75c3ce:  41% ▕███████           ▏ 3.2 GB/7.7 GB  9.8 MB/s   7m42s[K[?25h[?2026l[?2026h[?25l[A[1Gpulling manifest [K
pulling 0624ba75c3ce:  41% ▕███████           ▏ 3.2 GB/7.7 GB  9.8 MB/s   7m42s[K[?25h[?2026l[?2026h[?25l[A[1Gpulling manifest [K
pulling 0624ba75c3ce:  41% ▕███████           ▏ 3.2 GB/7.7 GB  9.8 MB/s   7m41s[K[?25h[?2026l[?2026h[?25l[A[1Gpulling manifest [K
pulling 0624ba75c3ce:  41% ▕███████           ▏ 3.2 GB/7.7 GB  9.8 MB/s   7m41s[K[?25h[?2026l[?2026h[?25l[A[1Gpulling manifest [K
pulling 0624ba75c3ce:  41% ▕███████           ▏ 3.2 GB/7.7 GB  9.8 MB/s   7m41s[K[?25h[?2026l[?2026h[?25l[A[1Gpulling manifest [K
pulling 0624ba75c3ce:  41% ▕███████           ▏ 3.2 GB/7.7 GB  9.8 MB/s   7m41s[K[?25h[?2026l[?2026h[?25l[A[1Gpulling manifest [K
pulling 0624ba75c3ce:  41% ▕███████           ▏ 3.2 GB/7.7 GB  9.8 MB/s   7m41s[K[?25h[?2026l[?2026h[?25l[A[1Gpulling manifest [K
pulling 0624ba75c3ce:  41% ▕███████           ▏ 3.2 GB/7.7 GB  9.8 MB/s   7m41s[K[?25h[?2026l[?2026h[?25l[A[1Gpulling manifest [K
pulling 0624ba75c3ce:  41% ▕███████           ▏ 3.2 GB/7.7 GB  9.8 MB/s   7m41s[K[?25h[?2026l[?2026h[?25l[A[1Gpulling manifest [K
pulling 0624ba75c3ce:  41% ▕███████           ▏ 3.2 GB/7.7 GB  9.8 MB/s   7m41s[K[?25h[?2026l[?2026h[?25l[A[1Gpulling manifest [K
pulling 0624ba75c3ce:  41% ▕███████           ▏ 3.2 GB/7.7 GB   10 MB/s   7m32s[K[?25h[?2026l[?2026h[?25l[A[1Gpulling manifest [K
pulling 0624ba75c3ce:  41% ▕███████           ▏ 3.2 GB/7.7 GB   10 MB/s   7m32s[K[?25h[?2026l[?2026h[?25l[A[1Gpulling manifest [K
pulling 0624ba75c3ce:  41% ▕███████           ▏ 3.2 GB/7.7 GB   10 MB/s   7m32s[K[?25h[?2026l[?2026h[?25l[A[1Gpulling manifest [K
pulling 0624ba75c3ce:  41% ▕███████           ▏ 3.2 GB/7.7 GB   10 MB/s   7m32s[K[?25h[?2026l[?2026h[?25l[A[1Gpulling manifest [K
pulling 0624ba75c3ce:  41% ▕███████           ▏ 3.2 GB/7.7 GB   10 MB/s   7m32s[K[?25h[?2026l[?2026h[?25l[A[1Gpulling manifest [K
pulling 0624ba75c3ce:  41% ▕███████           ▏ 3.2 GB/7.7 GB   10 MB/s   7m32s[K[?25h[?2026l[?2026h[?25l[A[1Gpulling manifest [K
pulling 0624ba75c3ce:  41% ▕███████           ▏ 3.2 GB/7.7 GB   10 MB/s   7m32s[K[?25h[?2026l[?2026h[?25l[A[1Gpulling manifest [K
pulling 0624ba75c3ce:  41% ▕███████           ▏ 3.2 GB/7.7 GB   10 MB/s   7m31s[K[?25h[?2026l[?2026h[?25l[A[1Gpulling manifest [K
pulling 0624ba75c3ce:  41% ▕███████           ▏ 3.2 GB/7.7 GB   10 MB/s   7m31s[K[?25h[?2026l[?2026h[?25l[A[1Gpulling manifest [K
pulling 0624ba75c3ce:  41% ▕███████           ▏ 3.2 GB/7.7 GB   10 MB/s   7m31s[K[?25h[?2026l[?2026h[?25l[A[1Gpulling manifest [K
pulling 0624ba75c3ce:  41% ▕███████           ▏ 3.2 GB/7.7 GB   10 MB/s   7m22s[K[?25h[?2026l[?2026h[?25l[A[1Gpulling manifest [K
pulling 0624ba75c3ce:  41% ▕███████           ▏ 3.2 GB/7.7 GB   10 MB/s   7m22s[K[?25h[?2026l[?2026h[?25l[A[1Gpulling manifest [K
pulling 0624ba75c3ce:  41% ▕███████           ▏ 3.2 GB/7.7 GB   10 MB/s   7m22s[K[?25h[?2026l[?2026h[?25l[A[1Gpulling manifest [K
pulling 0624ba75c3ce:  41% ▕███████           ▏ 3.2 GB/7.7 GB   10 MB/s   7m22s[K[?25h[?2026l[?2026h[?25l[A[1Gpulling manifest [K
pulling 0624ba75c3ce:  41% ▕███████           ▏ 3.2 GB/7.7 GB   10 MB/s   7m22s[K[?25h[?2026l[?2026h[?25l[A[1Gpulling manifest [K
pulling 0624ba75c3ce:  41% ▕███████           ▏ 3.2 GB/7.7 GB   10 MB/s   7m21s[K[?25h[?2026l[?2026h[?25l[A[1Gpulling manifest [K
pulling 0624ba75c3ce:  41% ▕███████           ▏ 3.2 GB/7.7 GB   10 MB/s   7m21s[K[?25h[?2026l[?2026h[?25l[A[1Gpulling manifest [K
pulling 0624ba75c3ce:  41% ▕███████           ▏ 3.2 GB/7.7 GB   10 MB/s   7m21s[K[?25h[?2026l[?2026h[?25l[A[1Gpulling manifest [K
pulling 0624ba75c3ce:  41% ▕███████           ▏ 3.2 GB/7.7 GB   10 MB/s   7m21s[K[?25h[?2026l[?2026h[?25l[A[1Gpulling manifest [K
pulling 0624ba75c3ce:  41% ▕███████           ▏ 3.2 GB/7.7 GB   10 MB/s   7m21s[K[?25h[?2026l[?2026h[?25l[A[1Gpulling manifest [K
pulling 0624ba75c3ce:  41% ▕███████           ▏ 3.2 GB/7.7 GB   10 MB/s   7m21s[K[?25h[?2026l[?2026h[?25l[A[1Gpulling manifest [K
pulling 0624ba75c3ce:  41% ▕███████           ▏ 3.2 GB/7.7 GB   10 MB/s   7m21s[K[?25h[?2026l[?2026h[?25l[A[1Gpulling manifest [K
pulling 0624ba75c3ce:  41% ▕███████           ▏ 3.2 GB/7.7 GB   10 MB/s   7m21s[K[?25h[?2026l[?2026h[?25l[A[1Gpulling manifest [K
pulling 0624ba75c3ce:  41% ▕███████           ▏ 3.2 GB/7.7 GB   10 MB/s   7m21s[K[?25h[?2026l[?2026h[?25l[A[1Gpulling manifest [K
pulling 0624ba75c3ce:  41% ▕███████           ▏ 3.2 GB/7.7 GB   10 MB/s   7m20s[K[?25h[?2026l[?2026h[?25l[A[1Gpulling manifest [K
pulling 0624ba75c3ce:  42% ▕███████           ▏ 3.2 GB/7.7 GB   10 MB/s   7m20s[K[?25h[?2026l[?2026h[?25l[A[1Gpulling manifest [K
pulling 0624ba75c3ce:  42% ▕███████           ▏ 3.2 GB/7.7 GB   10 MB/s   7m20s[K[?25h[?2026l[?2026h[?25l[A[1Gpulling manifest [K
pulling 0624ba75c3ce:  42% ▕███████           ▏ 3.2 GB/7.7 GB   10 MB/s   7m20s[K[?25h[?2026l[?2026h[?25l[A[1Gpulling manifest [K
pulling 0624ba75c3ce:  42% ▕███████           ▏ 3.2 GB/7.7 GB   10 MB/s   7m20s[K[?25h[?2026l[?2026h[?25l[A[1Gpulling manifest [K
pulling 0624ba75c3ce:  42% ▕███████           ▏ 3.2 GB/7.7 GB   10 MB/s   7m20s[K[?25h[?2026l[?2026h[?25l[A[1Gpulling manifest [K
pulling 0624ba75c3ce:  42% ▕███████           ▏ 3.2 GB/7.7 GB   10 MB/s   7m11s[K[?25h[?2026l[?2026h[?25l[A[1Gpulling manifest [K
pulling 0624ba75c3ce:  42% ▕███████           ▏ 3.2 GB/7.7 GB   10 MB/s   7m11s[K[?25h[?2026l[?2026h[?25l[A[1Gpulling manifest [K
pulling 0624ba75c3ce:  42% ▕███████           ▏ 3.2 GB/7.7 GB   10 MB/s   7m11s[K[?25h[?2026l[?2026h[?25l[A[1Gpulling manifest [K
pulling 0624ba75c3ce:  42% ▕███████           ▏ 3.2 GB/7.7 GB   10 MB/s   7m11s[K[?25h[?2026l[?2026h[?25l[A[1Gpulling manifest [K
pulling 0624ba75c3ce:  42% ▕███████           ▏ 3.2 GB/7.7 GB   10 MB/s   7m11s[K[?25h[?2026l[?2026h[?25l[A[1Gpulling manifest [K
pulling 0624ba75c3ce:  42% ▕███████           ▏ 3.2 GB/7.7 GB   10 MB/s   7m10s[K[?25h[?2026l[?2026h[?25l[A[1Gpulling manifest [K
pulling 0624ba75c3ce:  42% ▕███████           ▏ 3.2 GB/7.7 GB   10 MB/s   7m10s[K[?25h[?2026l[?2026h[?25l[A[1Gpulling manifest [K
pulling 0624ba75c3ce:  42% ▕███████           ▏ 3.2 GB/7.7 GB   10 MB/s   7m10s[K[?25h[?2026l[?2026h[?25l[A[1Gpulling manifest [K
pulling 0624ba75c3ce:  42% ▕███████           ▏ 3.2 GB/7.7 GB   10 MB/s   7m10s[K[?25h[?2026l[?2026h[?25l[A[1Gpulling manifest [K
pulling 0624ba75c3ce:  42% ▕███████           ▏ 3.2 GB/7.7 GB   10 MB/s   7m10s[K[?25h[?2026l[?2026h[?25l[A[1Gpulling manifest [K
pulling 0624ba75c3ce:  42% ▕███████           ▏ 3.2 GB/7.7 GB   10 MB/s   7m10s[K[?25h[?2026l[?2026h[?25l[A[1Gpulling manifest [K
pulling 0624ba75c3ce:  42% ▕███████           ▏ 3.2 GB/7.7 GB   10 MB/s   7m10s[K[?25h[?2026l[?2026h[?25l[A[1Gpulling manifest [K
pulling 0624ba75c3ce:  42% ▕███████           ▏ 3.2 GB/7.7 GB   10 MB/s    7m9s[K[?25h[?2026l[?2026h[?25l[A[1Gpulling manifest [K
pulling 0624ba75c3ce:  42% ▕███████           ▏ 3.2 GB/7.7 GB   10 MB/s    7m9s[K[?25h[?2026l[?2026h[?25l[A[1Gpulling manifest [K
pulling 0624ba75c3ce:  42% ▕███████           ▏ 3.2 GB/7.7 GB   10 MB/s    7m9s[K[?25h[?2026l[?2026h[?25l[A[1Gpulling manifest [K
pulling 0624ba75c3ce:  42% ▕███████           ▏ 3.2 GB/7.7 GB   10 MB/s    7m9s[K[?25h[?2026l[?2026h[?25l[A[1Gpulling manifest [K
pulling 0624ba75c3ce:  42% ▕███████           ▏ 3.2 GB/7.7 GB   10 MB/s    7m9s[K[?25h[?2026l[?2026h[?25l[A[1Gpulling manifest [K
pulling 0624ba75c3ce:  42% ▕███████           ▏ 3.2 GB/7.7 GB   10 MB/s    7m9s[K[?25h[?2026l[?2026h[?25l[A[1Gpulling manifest [K
pulling 0624ba75c3ce:  42% ▕███████           ▏ 3.2 GB/7.7 GB   10 MB/s    7m9s[K[?25h[?2026l[?2026h[?25l[A[1Gpulling manifest [K
pulling 0624ba75c3ce:  42% ▕███████           ▏ 3.2 GB/7.7 GB   10 MB/s    7m9s[K[?25h[?2026l[?2026h[?25l[A[1Gpulling manifest [K
pulling 0624ba75c3ce:  42% ▕███████           ▏ 3.2 GB/7.7 GB   10 MB/s    7m9s[K[?25h[?2026l[?2026h[?25l[A[1Gpulling manifest [K
pulling 0624ba75c3ce:  42% ▕███████           ▏ 3.2 GB/7.7 GB   10 MB/s    7m2s[K[?25h[?2026l[?2026h[?25l[A[1Gpulling manifest [K
pulling 0624ba75c3ce:  42% ▕███████           ▏ 3.2 GB/7.7 GB   10 MB/s    7m2s[K[?25h[?2026l[?2026h[?25l[A[1Gpulling manifest [K
pulling 0624ba75c3ce:  42% ▕███████           ▏ 3.2 GB/7.7 GB   10 MB/s    7m1s[K[?25h[?2026l[?2026h[?25l[A[1Gpulling manifest [K
pulling 0624ba75c3ce:  42% ▕███████           ▏ 3.2 GB/7.7 GB   10 MB/s    7m1s[K[?25h[?2026l[?2026h[?25l[A[1Gpulling manifest [K
pulling 0624ba75c3ce:  42% ▕███████           ▏ 3.2 GB/7.7 GB   10 MB/s    7m1s[K[?25h[?2026l[?2026h[?25l[A[1Gpulling manifest [K
pulling 0624ba75c3ce:  42% ▕███████           ▏ 3.2 GB/7.7 GB   10 MB/s    7m1s[K[?25h[?2026l[?2026h[?25l[A[1Gpulling manifest [K
pulling 0624ba75c3ce:  42% ▕███████           ▏ 3.2 GB/7.7 GB   10 MB/s    7m1s[K[?25h[?2026l[?2026h[?25l[A[1Gpulling manifest [K
pulling 0624ba75c3ce:  42% ▕███████           ▏ 3.2 GB/7.7 GB   10 MB/s    7m1s[K[?25h[?2026l[?2026h[?25l[A[1Gpulling manifest [K
pulling 0624ba75c3ce:  42% ▕███████           ▏ 3.2 GB/7.7 GB   10 MB/s    7m1s[K[?25h[?2026l[?2026h[?25l[A[1Gpulling manifest [K
pulling 0624ba75c3ce:  42% ▕███████           ▏ 3.2 GB/7.7 GB   10 MB/s    7m1s[K[?25h[?2026l[?2026h[?25l[A[1Gpulling manifest [K
pulling 0624ba75c3ce:  42% ▕███████           ▏ 3.2 GB/7.7 GB   10 MB/s   6m58s[K[?25h[?2026l[?2026h[?25l[A[1Gpulling manifest [K
pulling 0624ba75c3ce:  42% ▕███████           ▏ 3.2 GB/7.7 GB   10 MB/s   6m58s[K[?25h[?2026l[?2026h[?25l[A[1Gpulling manifest [K
pulling 0624ba75c3ce:  42% ▕███████           ▏ 3.2 GB/7.7 GB   10 MB/s   6m58s[K[?25h[?2026l[?2026h[?25l[A[1Gpulling manifest [K
pulling 0624ba75c3ce:  42% ▕███████           ▏ 3.2 GB/7.7 GB   10 MB/s   6m58s[K[?25h[?2026l[?2026h[?25l[A[1Gpulling manifest [K
pulling 0624ba75c3ce:  42% ▕███████           ▏ 3.2 GB/7.7 GB   10 MB/s   6m58s[K[?25h[?2026l[?2026h[?25l[A[1Gpulling manifest [K
pulling 0624ba75c3ce:  42% ▕███████           ▏ 3.2 GB/7.7 GB   10 MB/s   6m57s[K[?25h[?2026l[?2026h[?25l[A[1Gpulling manifest [K
pulling 0624ba75c3ce:  42% ▕███████           ▏ 3.2 GB/7.7 GB   10 MB/s   6m57s[K[?25h[?2026l[?2026h[?25l[A[1Gpulling manifest [K
pulling 0624ba75c3ce:  42% ▕███████           ▏ 3.2 GB/7.7 GB   10 MB/s   6m57s[K[?25h[?2026l[?2026h[?25l[A[1Gpulling manifest [K
pulling 0624ba75c3ce:  42% ▕███████           ▏ 3.2 GB/7.7 GB   10 MB/s   6m57s[K[?25h[?2026l[?2026h[?25l[A[1Gpulling manifest [K
pulling 0624ba75c3ce:  42% ▕███████           ▏ 3.2 GB/7.7 GB   10 MB/s   6m57s[K[?25h[?2026l[?2026h[?25l[A[1Gpulling manifest [K
pulling 0624ba75c3ce:  42% ▕███████           ▏ 3.2 GB/7.7 GB   10 MB/s   6m58s[K[?25h[?2026l[?2026h[?25l[A[1Gpulling manifest [K
pulling 0624ba75c3ce:  42% ▕███████           ▏ 3.2 GB/7.7 GB   10 MB/s   6m58s[K[?25h[?2026l[?2026h[?25l[A[1Gpulling manifest [K
pulling 0624ba75c3ce:  42% ▕███████           ▏ 3.2 GB/7.7 GB   10 MB/s   6m58s[K[?25h[?2026l[?2026h[?25l[A[1Gpulling manifest [K
pulling 0624ba75c3ce:  42% ▕███████           ▏ 3.2 GB/7.7 GB   10 MB/s   6m58s[K[?25h[?2026l[?2026h[?25l[A[1Gpulling manifest [K
pulling 0624ba75c3ce:  42% ▕███████           ▏ 3.2 GB/7.7 GB   10 MB/s   6m57s[K[?25h[?2026l[?2026h[?25l[A[1Gpulling manifest [K
pulling 0624ba75c3ce:  42% ▕███████           ▏ 3.2 GB/7.7 GB   10 MB/s   6m57s[K[?25h[?2026l[?2026h[?25l[A[1Gpulling manifest [K
pulling 0624ba75c3ce:  42% ▕███████           ▏ 3.2 GB/7.7 GB   10 MB/s   6m57s[K[?25h[?2026l[?2026h[?25l[A[1Gpulling manifest [K
pulling 0624ba75c3ce:  42% ▕███████           ▏ 3.3 GB/7.7 GB   10 MB/s   6m57s[K[?25h[?2026l[?2026h[?25l[A[1Gpulling manifest [K
pulling 0624ba75c3ce:  42% ▕███████           ▏ 3.3 GB/7.7 GB   10 MB/s   6m57s[K[?25h[?2026l[?2026h[?25l[A[1Gpulling manifest [K
pulling 0624ba75c3ce:  42% ▕███████           ▏ 3.3 GB/7.7 GB   10 MB/s   6m57s[K[?25h[?2026l[?2026h[?25l[A[1Gpulling manifest [K
pulling 0624ba75c3ce:  42% ▕███████           ▏ 3.3 GB/7.7 GB   10 MB/s   6m47s[K[?25h[?2026l[?2026h[?25l[A[1Gpulling manifest [K
pulling 0624ba75c3ce:  42% ▕███████           ▏ 3.3 GB/7.7 GB   10 MB/s   6m47s[K[?25h[?2026l[?2026h[?25l[A[1Gpulling manifest [K
pulling 0624ba75c3ce:  42% ▕███████           ▏ 3.3 GB/7.7 GB   10 MB/s   6m47s[K[?25h[?2026l[?2026h[?25l[A[1Gpulling manifest [K
pulling 0624ba75c3ce:  42% ▕███████           ▏ 3.3 GB/7.7 GB   10 MB/s   6m47s[K[?25h[?2026l[?2026h[?25l[A[1Gpulling manifest [K
pulling 0624ba75c3ce:  42% ▕███████           ▏ 3.3 GB/7.7 GB   10 MB/s   6m47s[K[?25h[?2026l[?2026h[?25l[A[1Gpulling manifest [K
pulling 0624ba75c3ce:  42% ▕███████           ▏ 3.3 GB/7.7 GB   10 MB/s   6m47s[K[?25h[?2026l[?2026h[?25l[A[1Gpulling manifest [K
pulling 0624ba75c3ce:  42% ▕███████           ▏ 3.3 GB/7.7 GB   10 MB/s   6m47s[K[?25h[?2026l[?2026h[?25l[A[1Gpulling manifest [K
pulling 0624ba75c3ce:  42% ▕███████           ▏ 3.3 GB/7.7 GB   10 MB/s   6m47s[K[?25h[?2026l[?2026h[?25l[A[1Gpulling manifest [K
pulling 0624ba75c3ce:  42% ▕███████           ▏ 3.3 GB/7.7 GB   10 MB/s   6m47s[K[?25h[?2026l[?2026h[?25l[A[1Gpulling manifest [K
pulling 0624ba75c3ce:  42% ▕███████           ▏ 3.3 GB/7.7 GB   10 MB/s   6m47s[K[?25h[?2026l[?2026h[?25l[A[1Gpulling manifest [K
pulling 0624ba75c3ce:  42% ▕███████           ▏ 3.3 GB/7.7 GB   10 MB/s   6m47s[K[?25h[?2026l[?2026h[?25l[A[1Gpulling manifest [K
pulling 0624ba75c3ce:  42% ▕███████           ▏ 3.3 GB/7.7 GB   10 MB/s   6m47s[K[?25h[?2026l[?2026h[?25l[A[1Gpulling manifest [K
pulling 0624ba75c3ce:  42% ▕███████           ▏ 3.3 GB/7.7 GB   10 MB/s   6m47s[K[?25h[?2026l[?2026h[?25l[A[1Gpulling manifest [K
pulling 0624ba75c3ce:  42% ▕███████           ▏ 3.3 GB/7.7 GB   10 MB/s   6m47s[K[?25h[?2026l[?2026h[?25l[A[1Gpulling manifest [K
pulling 0624ba75c3ce:  42% ▕███████           ▏ 3.3 GB/7.7 GB   10 MB/s   6m47s[K[?25h[?2026l[?2026h[?25l[A[1Gpulling manifest [K
pulling 0624ba75c3ce:  42% ▕███████           ▏ 3.3 GB/7.7 GB   10 MB/s   6m47s[K[?25h[?2026l[?2026h[?25l[A[1Gpulling manifest [K
pulling 0624ba75c3ce:  42% ▕███████           ▏ 3.3 GB/7.7 GB   10 MB/s   6m47s[K[?25h[?2026l[?2026h[?25l[A[1Gpulling manifest [K
pulling 0624ba75c3ce:  42% ▕███████           ▏ 3.3 GB/7.7 GB   10 MB/s   6m47s[K[?25h[?2026l[?2026h[?25l[A[1Gpulling manifest [K
pulling 0624ba75c3ce:  43% ▕███████           ▏ 3.3 GB/7.7 GB   10 MB/s   6m46s[K[?25h[?2026l[?2026h[?25l[A[1Gpulling manifest [K
pulling 0624ba75c3ce:  43% ▕███████           ▏ 3.3 GB/7.7 GB   10 MB/s   6m46s[K[?25h[?2026l[?2026h[?25l[A[1Gpulling manifest [K
pulling 0624ba75c3ce:  43% ▕███████           ▏ 3.3 GB/7.7 GB   10 MB/s   6m46s[K[?25h[?2026l[?2026h[?25l[A[1Gpulling manifest [K
pulling 0624ba75c3ce:  43% ▕███████           ▏ 3.3 GB/7.7 GB   10 MB/s   6m49s[K[?25h[?2026l[?2026h[?25l[A[1Gpulling manifest [K
pulling 0624ba75c3ce:  43% ▕███████           ▏ 3.3 GB/7.7 GB   10 MB/s   6m49s[K[?25h[?2026l[?2026h[?25l[A[1Gpulling manifest [K
pulling 0624ba75c3ce:  43% ▕███████           ▏ 3.3 GB/7.7 GB   10 MB/s   6m49s[K[?25h[?2026l[?2026h[?25l[A[1Gpulling manifest [K
pulling 0624ba75c3ce:  43% ▕███████           ▏ 3.3 GB/7.7 GB   10 MB/s   6m49s[K[?25h[?2026l[?2026h[?25l[A[1Gpulling manifest [K
pulling 0624ba75c3ce:  43% ▕███████           ▏ 3.3 GB/7.7 GB   10 MB/s   6m49s[K[?25h[?2026l[?2026h[?25l[A[1Gpulling manifest [K
pulling 0624ba75c3ce:  43% ▕███████           ▏ 3.3 GB/7.7 GB   10 MB/s   6m49s[K[?25h[?2026l[?2026h[?25l[A[1Gpulling manifest [K
pulling 0624ba75c3ce:  43% ▕███████           ▏ 3.3 GB/7.7 GB   10 MB/s   6m49s[K[?25h[?2026l[?2026h[?25l[A[1Gpulling manifest [K
pulling 0624ba75c3ce:  43% ▕███████           ▏ 3.3 GB/7.7 GB   10 MB/s   6m49s[K[?25h[?2026l[?2026h[?25l[A[1Gpulling manifest [K
pulling 0624ba75c3ce:  43% ▕███████           ▏ 3.3 GB/7.7 GB   10 MB/s   6m49s[K[?25h[?2026l[?2026h[?25l[A[1Gpulling manifest [K
pulling 0624ba75c3ce:  43% ▕███████           ▏ 3.3 GB/7.7 GB   10 MB/s   6m48s[K[?25h[?2026l[?2026h[?25l[A[1Gpulling manifest [K
pulling 0624ba75c3ce:  43% ▕███████           ▏ 3.3 GB/7.7 GB   10 MB/s   6m45s[K[?25h[?2026l[?2026h[?25l[A[1Gpulling manifest [K
pulling 0624ba75c3ce:  43% ▕███████           ▏ 3.3 GB/7.7 GB   10 MB/s   6m45s[K[?25h[?2026l[?2026h[?25l[A[1Gpulling manifest [K
pulling 0624ba75c3ce:  43% ▕███████           ▏ 3.3 GB/7.7 GB   10 MB/s   6m44s[K[?25h[?2026l[?2026h[?25l[A[1Gpulling manifest [K
pulling 0624ba75c3ce:  43% ▕███████           ▏ 3.3 GB/7.7 GB   10 MB/s   6m44s[K[?25h[?2026l[?2026h[?25l[A[1Gpulling manifest [K
pulling 0624ba75c3ce:  43% ▕███████           ▏ 3.3 GB/7.7 GB   10 MB/s   6m44s[K[?25h[?2026l[?2026h[?25l[A[1Gpulling manifest [K
pulling 0624ba75c3ce:  43% ▕███████           ▏ 3.3 GB/7.7 GB   10 MB/s   6m44s[K[?25h[?2026l[?2026h[?25l[A[1Gpulling manifest [K
pulling 0624ba75c3ce:  43% ▕███████           ▏ 3.3 GB/7.7 GB   10 MB/s   6m44s[K[?25h[?2026l[?2026h[?25l[A[1Gpulling manifest [K
pulling 0624ba75c3ce:  43% ▕███████           ▏ 3.3 GB/7.7 GB   10 MB/s   6m44s[K[?25h[?2026l[?2026h[?25l[A[1Gpulling manifest [K
pulling 0624ba75c3ce:  43% ▕███████           ▏ 3.3 GB/7.7 GB   10 MB/s   6m44s[K[?25h[?2026l[?2026h[?25l[A[1Gpulling manifest [K
pulling 0624ba75c3ce:  43% ▕███████           ▏ 3.3 GB/7.7 GB   10 MB/s   6m44s[K[?25h[?2026l[?2026h[?25l[A[1Gpulling manifest [K
pulling 0624ba75c3ce:  43% ▕███████           ▏ 3.3 GB/7.7 GB   10 MB/s   6m47s[K[?25h[?2026l[?2026h[?25l[A[1Gpulling manifest [K
pulling 0624ba75c3ce:  43% ▕███████           ▏ 3.3 GB/7.7 GB   10 MB/s   6m47s[K[?25h[?2026l[?2026h[?25l[A[1Gpulling manifest [K
pulling 0624ba75c3ce:  43% ▕███████           ▏ 3.3 GB/7.7 GB   10 MB/s   6m47s[K[?25h[?2026l[?2026h[?25l[A[1Gpulling manifest [K
pulling 0624ba75c3ce:  43% ▕███████           ▏ 3.3 GB/7.7 GB   10 MB/s   6m47s[K[?25h[?2026l[?2026h[?25l[A[1Gpulling manifest [K
pulling 0624ba75c3ce:  43% ▕███████           ▏ 3.3 GB/7.7 GB   10 MB/s   6m47s[K[?25h[?2026l[?2026h[?25l[A[1Gpulling manifest [K
pulling 0624ba75c3ce:  43% ▕███████           ▏ 3.3 GB/7.7 GB   10 MB/s   6m46s[K[?25h[?2026l[?2026h[?25l[A[1Gpulling manifest [K
pulling 0624ba75c3ce:  43% ▕███████           ▏ 3.3 GB/7.7 GB   10 MB/s   6m46s[K[?25h[?2026l[?2026h[?25l[A[1Gpulling manifest [K
pulling 0624ba75c3ce:  43% ▕███████           ▏ 3.3 GB/7.7 GB   10 MB/s   6m46s[K[?25h[?2026l[?2026h[?25l[A[1Gpulling manifest [K
pulling 0624ba75c3ce:  43% ▕███████           ▏ 3.3 GB/7.7 GB   10 MB/s   6m46s[K[?25h[?2026l[?2026h[?25l[A[1Gpulling manifest [K
pulling 0624ba75c3ce:  43% ▕███████           ▏ 3.3 GB/7.7 GB   10 MB/s   6m46s[K[?25h[?2026l[?2026h[?25l[A[1Gpulling manifest [K
pulling 0624ba75c3ce:  43% ▕███████           ▏ 3.3 GB/7.7 GB   10 MB/s   6m48s[K[?25h[?2026l[?2026h[?25l[A[1Gpulling manifest [K
pulling 0624ba75c3ce:  43% ▕███████           ▏ 3.3 GB/7.7 GB   10 MB/s   6m48s[K[?25h[?2026l[?2026h[?25l[A[1Gpulling manifest [K
pulling 0624ba75c3ce:  43% ▕███████           ▏ 3.3 GB/7.7 GB   10 MB/s   6m48s[K[?25h[?2026l[?2026h[?25l[A[1Gpulling manifest [K
pulling 0624ba75c3ce:  43% ▕███████           ▏ 3.3 GB/7.7 GB   10 MB/s   6m47s[K[?25h[?2026l[?2026h[?25l[A[1Gpulling manifest [K
pulling 0624ba75c3ce:  43% ▕███████           ▏ 3.3 GB/7.7 GB   10 MB/s   6m47s[K[?25h[?2026l[?2026h[?25l[A[1Gpulling manifest [K
pulling 0624ba75c3ce:  43% ▕███████           ▏ 3.3 GB/7.7 GB   10 MB/s   6m47s[K[?25h[?2026l[?2026h[?25l[A[1Gpulling manifest [K
pulling 0624ba75c3ce:  43% ▕███████           ▏ 3.3 GB/7.7 GB   10 MB/s   6m47s[K[?25h[?2026l[?2026h[?25l[A[1Gpulling manifest [K
pulling 0624ba75c3ce:  43% ▕███████           ▏ 3.3 GB/7.7 GB   10 MB/s   6m47s[K[?25h[?2026l[?2026h[?25l[A[1Gpulling manifest [K
pulling 0624ba75c3ce:  43% ▕███████           ▏ 3.3 GB/7.7 GB   10 MB/s   6m47s[K[?25h[?2026l[?2026h[?25l[A[1Gpulling manifest [K
pulling 0624ba75c3ce:  43% ▕███████           ▏ 3.3 GB/7.7 GB   10 MB/s   6m47s[K[?25h[?2026l[?2026h[?25l[A[1Gpulling manifest [K
pulling 0624ba75c3ce:  43% ▕███████           ▏ 3.3 GB/7.7 GB   10 MB/s   6m46s[K[?25h[?2026l[?2026h[?25l[A[1Gpulling manifest [K
pulling 0624ba75c3ce:  43% ▕███████           ▏ 3.3 GB/7.7 GB   10 MB/s   6m46s[K[?25h[?2026l[?2026h[?25l[A[1Gpulling manifest [K
pulling 0624ba75c3ce:  43% ▕███████           ▏ 3.3 GB/7.7 GB   10 MB/s   6m46s[K[?25h[?2026l[?2026h[?25l[A[1Gpulling manifest [K
pulling 0624ba75c3ce:  43% ▕███████           ▏ 3.3 GB/7.7 GB   10 MB/s   6m46s[K[?25h[?2026l[?2026h[?25l[A[1Gpulling manifest [K
pulling 0624ba75c3ce:  43% ▕███████           ▏ 3.3 GB/7.7 GB   10 MB/s   6m46s[K[?25h[?2026l[?2026h[?25l[A[1Gpulling manifest [K
pulling 0624ba75c3ce:  43% ▕███████           ▏ 3.3 GB/7.7 GB   10 MB/s   6m46s[K[?25h[?2026l[?2026h[?25l[A[1Gpulling manifest [K
pulling 0624ba75c3ce:  43% ▕███████           ▏ 3.3 GB/7.7 GB   10 MB/s   6m46s[K[?25h[?2026l[?2026h[?25l[A[1Gpulling manifest [K
pulling 0624ba75c3ce:  43% ▕███████           ▏ 3.3 GB/7.7 GB   10 MB/s   6m45s[K[?25h[?2026l[?2026h[?25l[A[1Gpulling manifest [K
pulling 0624ba75c3ce:  43% ▕███████           ▏ 3.3 GB/7.7 GB   10 MB/s   6m45s[K[?25h[?2026l[?2026h[?25l[A[1Gpulling manifest [K
pulling 0624ba75c3ce:  43% ▕███████           ▏ 3.3 GB/7.7 GB   10 MB/s   6m45s[K[?25h[?2026l[?2026h[?25l[A[1Gpulling manifest [K
pulling 0624ba75c3ce:  43% ▕███████           ▏ 3.3 GB/7.7 GB   10 MB/s   6m45s[K[?25h[?2026l[?2026h[?25l[A[1Gpulling manifest [K
pulling 0624ba75c3ce:  43% ▕███████           ▏ 3.3 GB/7.7 GB   10 MB/s   6m45s[K[?25h[?2026l[?2026h[?25l[A[1Gpulling manifest [K
pulling 0624ba75c3ce:  43% ▕███████           ▏ 3.3 GB/7.7 GB   10 MB/s   6m45s[K[?25h[?2026l[?2026h[?25l[A[1Gpulling manifest [K
pulling 0624ba75c3ce:  43% ▕███████           ▏ 3.3 GB/7.7 GB   10 MB/s   6m45s[K[?25h[?2026l[?2026h[?25l[A[1Gpulling manifest [K
pulling 0624ba75c3ce:  43% ▕███████           ▏ 3.3 GB/7.7 GB   10 MB/s   6m45s[K[?25h[?2026l[?2026h[?25l[A[1Gpulling manifest [K
pulling 0624ba75c3ce:  43% ▕███████           ▏ 3.3 GB/7.7 GB   10 MB/s   6m45s[K[?25h[?2026l[?2026h[?25l[A[1Gpulling manifest [K
pulling 0624ba75c3ce:  43% ▕███████           ▏ 3.3 GB/7.7 GB   10 MB/s   6m45s[K[?25h[?2026l[?2026h[?25l[A[1Gpulling manifest [K
pulling 0624ba75c3ce:  43% ▕███████           ▏ 3.3 GB/7.7 GB   10 MB/s   6m45s[K[?25h[?2026l[?2026h[?25l[A[1Gpulling manifest [K
pulling 0624ba75c3ce:  43% ▕███████           ▏ 3.3 GB/7.7 GB   10 MB/s   6m45s[K[?25h[?2026l[?2026h[?25l[A[1Gpulling manifest [K
pulling 0624ba75c3ce:  43% ▕███████           ▏ 3.3 GB/7.7 GB   10 MB/s   6m45s[K[?25h[?2026l[?2026h[?25l[A[1Gpulling manifest [K
pulling 0624ba75c3ce:  43% ▕███████           ▏ 3.3 GB/7.7 GB   10 MB/s   6m44s[K[?25h[?2026l[?2026h[?25l[A[1Gpulling manifest [K
pulling 0624ba75c3ce:  43% ▕███████           ▏ 3.3 GB/7.7 GB   10 MB/s   6m40s[K[?25h[?2026l[?2026h[?25l[A[1Gpulling manifest [K
pulling 0624ba75c3ce:  43% ▕███████           ▏ 3.3 GB/7.7 GB   10 MB/s   6m40s[K[?25h[?2026l[?2026h[?25l[A[1Gpulling manifest [K
pulling 0624ba75c3ce:  43% ▕███████           ▏ 3.3 GB/7.7 GB   10 MB/s   6m40s[K[?25h[?2026l[?2026h[?25l[A[1Gpulling manifest [K
pulling 0624ba75c3ce:  43% ▕███████           ▏ 3.3 GB/7.7 GB   10 MB/s   6m40s[K[?25h[?2026l[?2026h[?25l[A[1Gpulling manifest [K
pulling 0624ba75c3ce:  43% ▕███████           ▏ 3.3 GB/7.7 GB   10 MB/s   6m40s[K[?25h[?2026l[?2026h[?25l[A[1Gpulling manifest [K
pulling 0624ba75c3ce:  43% ▕███████           ▏ 3.3 GB/7.7 GB   10 MB/s   6m40s[K[?25h[?2026l[?2026h[?25l[A[1Gpulling manifest [K
pulling 0624ba75c3ce:  44% ▕███████           ▏ 3.3 GB/7.7 GB   10 MB/s   6m39s[K[?25h[?2026l[?2026h[?25l[A[1Gpulling manifest [K
pulling 0624ba75c3ce:  44% ▕███████           ▏ 3.3 GB/7.7 GB   10 MB/s   6m39s[K[?25h[?2026l[?2026h[?25l[A[1Gpulling manifest [K
pulling 0624ba75c3ce:  44% ▕███████           ▏ 3.3 GB/7.7 GB   10 MB/s   6m39s[K[?25h[?2026l[?2026h[?25l[A[1Gpulling manifest [K
pulling 0624ba75c3ce:  44% ▕███████           ▏ 3.4 GB/7.7 GB   10 MB/s   6m39s[K[?25h[?2026l[?2026h[?25l[A[1Gpulling manifest [K
pulling 0624ba75c3ce:  44% ▕███████           ▏ 3.4 GB/7.7 GB   10 MB/s   6m40s[K[?25h[?2026l[?2026h[?25l[A[1Gpulling manifest [K
pulling 0624ba75c3ce:  44% ▕███████           ▏ 3.4 GB/7.7 GB   10 MB/s   6m39s[K[?25h[?2026l[?2026h[?25l[A[1Gpulling manifest [K
pulling 0624ba75c3ce:  44% ▕███████           ▏ 3.4 GB/7.7 GB   10 MB/s   6m39s[K[?25h[?2026l[?2026h[?25l[A[1Gpulling manifest [K
pulling 0624ba75c3ce:  44% ▕███████           ▏ 3.4 GB/7.7 GB   10 MB/s   6m39s[K[?25h[?2026l[?2026h[?25l[A[1Gpulling manifest [K
pulling 0624ba75c3ce:  44% ▕███████           ▏ 3.4 GB/7.7 GB   10 MB/s   6m39s[K[?25h[?2026l[?2026h[?25l[A[1Gpulling manifest [K
pulling 0624ba75c3ce:  44% ▕███████           ▏ 3.4 GB/7.7 GB   10 MB/s   6m39s[K[?25h[?2026l[?2026h[?25l[A[1Gpulling manifest [K
pulling 0624ba75c3ce:  44% ▕███████           ▏ 3.4 GB/7.7 GB   10 MB/s   6m39s[K[?25h[?2026l[?2026h[?25l[A[1Gpulling manifest [K
pulling 0624ba75c3ce:  44% ▕███████           ▏ 3.4 GB/7.7 GB   10 MB/s   6m39s[K[?25h[?2026l[?2026h[?25l[A[1Gpulling manifest [K
pulling 0624ba75c3ce:  44% ▕███████           ▏ 3.4 GB/7.7 GB   10 MB/s   6m39s[K[?25h[?2026l[?2026h[?25l[A[1Gpulling manifest [K
pulling 0624ba75c3ce:  44% ▕███████           ▏ 3.4 GB/7.7 GB   10 MB/s   6m39s[K[?25h[?2026l[?2026h[?25l[A[1Gpulling manifest [K
pulling 0624ba75c3ce:  44% ▕███████           ▏ 3.4 GB/7.7 GB   10 MB/s   6m37s[K[?25h[?2026l[?2026h[?25l[A[1Gpulling manifest [K
pulling 0624ba75c3ce:  44% ▕███████           ▏ 3.4 GB/7.7 GB   10 MB/s   6m37s[K[?25h[?2026l[?2026h[?25l[A[1Gpulling manifest [K
pulling 0624ba75c3ce:  44% ▕███████           ▏ 3.4 GB/7.7 GB   10 MB/s   6m37s[K[?25h[?2026l[?2026h[?25l[A[1Gpulling manifest [K
pulling 0624ba75c3ce:  44% ▕███████           ▏ 3.4 GB/7.7 GB   10 MB/s   6m37s[K[?25h[?2026l[?2026h[?25l[A[1Gpulling manifest [K
pulling 0624ba75c3ce:  44% ▕███████           ▏ 3.4 GB/7.7 GB   10 MB/s   6m36s[K[?25h[?2026l[?2026h[?25l[A[1Gpulling manifest [K
pulling 0624ba75c3ce:  44% ▕███████           ▏ 3.4 GB/7.7 GB   10 MB/s   6m36s[K[?25h[?2026l[?2026h[?25l[A[1Gpulling manifest [K
pulling 0624ba75c3ce:  44% ▕███████           ▏ 3.4 GB/7.7 GB   10 MB/s   6m36s[K[?25h[?2026l[?2026h[?25l[A[1Gpulling manifest [K
pulling 0624ba75c3ce:  44% ▕███████           ▏ 3.4 GB/7.7 GB   10 MB/s   6m36s[K[?25h[?2026l[?2026h[?25l[A[1Gpulling manifest [K
pulling 0624ba75c3ce:  44% ▕███████           ▏ 3.4 GB/7.7 GB   10 MB/s   6m36s[K[?25h[?2026l[?2026h[?25l[A[1Gpulling manifest [K
pulling 0624ba75c3ce:  44% ▕███████           ▏ 3.4 GB/7.7 GB   10 MB/s   6m36s[K[?25h[?2026l[?2026h[?25l[A[1Gpulling manifest [K
pulling 0624ba75c3ce:  44% ▕███████           ▏ 3.4 GB/7.7 GB   10 MB/s   6m37s[K[?25h[?2026l[?2026h[?25l[A[1Gpulling manifest [K
pulling 0624ba75c3ce:  44% ▕███████           ▏ 3.4 GB/7.7 GB   10 MB/s   6m37s[K[?25h[?2026l[?2026h[?25l[A[1Gpulling manifest [K
pulling 0624ba75c3ce:  44% ▕███████           ▏ 3.4 GB/7.7 GB   10 MB/s   6m37s[K[?25h[?2026l[?2026h[?25l[A[1Gpulling manifest [K
pulling 0624ba75c3ce:  44% ▕███████           ▏ 3.4 GB/7.7 GB   10 MB/s   6m37s[K[?25h[?2026l[?2026h[?25l[A[1Gpulling manifest [K
pulling 0624ba75c3ce:  44% ▕███████           ▏ 3.4 GB/7.7 GB   10 MB/s   6m37s[K[?25h[?2026l[?2026h[?25l[A[1Gpulling manifest [K
pulling 0624ba75c3ce:  44% ▕███████           ▏ 3.4 GB/7.7 GB   10 MB/s   6m37s[K[?25h[?2026l[?2026h[?25l[A[1Gpulling manifest [K
pulling 0624ba75c3ce:  44% ▕███████           ▏ 3.4 GB/7.7 GB   10 MB/s   6m37s[K[?25h[?2026l[?2026h[?25l[A[1Gpulling manifest [K
pulling 0624ba75c3ce:  44% ▕███████           ▏ 3.4 GB/7.7 GB   10 MB/s   6m37s[K[?25h[?2026l[?2026h[?25l[A[1Gpulling manifest [K
pulling 0624ba75c3ce:  44% ▕███████           ▏ 3.4 GB/7.7 GB   10 MB/s   6m37s[K[?25h[?2026l[?2026h[?25l[A[1Gpulling manifest [K
pulling 0624ba75c3ce:  44% ▕███████           ▏ 3.4 GB/7.7 GB   10 MB/s   6m36s[K[?25h[?2026l[?2026h[?25l[A[1Gpulling manifest [K
pulling 0624ba75c3ce:  44% ▕███████           ▏ 3.4 GB/7.7 GB   10 MB/s   6m36s[K[?25h[?2026l[?2026h[?25l[A[1Gpulling manifest [K
pulling 0624ba75c3ce:  44% ▕███████           ▏ 3.4 GB/7.7 GB   10 MB/s   6m33s[K[?25h[?2026l[?2026h[?25l[A[1Gpulling manifest [K
pulling 0624ba75c3ce:  44% ▕███████           ▏ 3.4 GB/7.7 GB   10 MB/s   6m33s[K[?25h[?2026l[?2026h[?25l[A[1Gpulling manifest [K
pulling 0624ba75c3ce:  44% ▕███████           ▏ 3.4 GB/7.7 GB   10 MB/s   6m33s[K[?25h[?2026l[?2026h[?25l[A[1Gpulling manifest [K
pulling 0624ba75c3ce:  44% ▕███████           ▏ 3.4 GB/7.7 GB   10 MB/s   6m33s[K[?25h[?2026l[?2026h[?25l[A[1Gpulling manifest [K
pulling 0624ba75c3ce:  44% ▕███████           ▏ 3.4 GB/7.7 GB   10 MB/s   6m33s[K[?25h[?2026l[?2026h[?25l[A[1Gpulling manifest [K
pulling 0624ba75c3ce:  44% ▕███████           ▏ 3.4 GB/7.7 GB   10 MB/s   6m33s[K[?25h[?2026l[?2026h[?25l[A[1Gpulling manifest [K
pulling 0624ba75c3ce:  44% ▕███████           ▏ 3.4 GB/7.7 GB   10 MB/s   6m32s[K[?25h[?2026l[?2026h[?25l[A[1Gpulling manifest [K
pulling 0624ba75c3ce:  44% ▕███████           ▏ 3.4 GB/7.7 GB   10 MB/s   6m32s[K[?25h[?2026l[?2026h[?25l[A[1Gpulling manifest [K
pulling 0624ba75c3ce:  44% ▕███████           ▏ 3.4 GB/7.7 GB   10 MB/s   6m32s[K[?25h[?2026l[?2026h[?25l[A[1Gpulling manifest [K
pulling 0624ba75c3ce:  44% ▕███████           ▏ 3.4 GB/7.7 GB   10 MB/s   6m32s[K[?25h[?2026l[?2026h[?25l[A[1Gpulling manifest [K
pulling 0624ba75c3ce:  44% ▕███████           ▏ 3.4 GB/7.7 GB   11 MB/s   6m28s[K[?25h[?2026l[?2026h[?25l[A[1Gpulling manifest [K
pulling 0624ba75c3ce:  44% ▕███████           ▏ 3.4 GB/7.7 GB   11 MB/s   6m28s[K[?25h[?2026l[?2026h[?25l[A[1Gpulling manifest [K
pulling 0624ba75c3ce:  44% ▕███████           ▏ 3.4 GB/7.7 GB   11 MB/s   6m28s[K[?25h[?2026l[?2026h[?25l[A[1Gpulling manifest [K
pulling 0624ba75c3ce:  44% ▕███████           ▏ 3.4 GB/7.7 GB   11 MB/s   6m27s[K[?25h[?2026l[?2026h[?25l[A[1Gpulling manifest [K
pulling 0624ba75c3ce:  44% ▕███████           ▏ 3.4 GB/7.7 GB   11 MB/s   6m27s[K[?25h[?2026l[?2026h[?25l[A[1Gpulling manifest [K
pulling 0624ba75c3ce:  44% ▕███████           ▏ 3.4 GB/7.7 GB   11 MB/s   6m27s[K[?25h[?2026l[?2026h[?25l[A[1Gpulling manifest [K
pulling 0624ba75c3ce:  44% ▕███████           ▏ 3.4 GB/7.7 GB   11 MB/s   6m27s[K[?25h[?2026l[?2026h[?25l[A[1Gpulling manifest [K
pulling 0624ba75c3ce:  44% ▕███████           ▏ 3.4 GB/7.7 GB   11 MB/s   6m27s[K[?25h[?2026l[?2026h[?25l[A[1Gpulling manifest [K
pulling 0624ba75c3ce:  44% ▕███████           ▏ 3.4 GB/7.7 GB   11 MB/s   6m27s[K[?25h[?2026l[?2026h[?25l[A[1Gpulling manifest [K
pulling 0624ba75c3ce:  44% ▕███████           ▏ 3.4 GB/7.7 GB   11 MB/s   6m27s[K[?25h[?2026l[?2026h[?25l[A[1Gpulling manifest [K
pulling 0624ba75c3ce:  44% ▕███████           ▏ 3.4 GB/7.7 GB   11 MB/s   6m24s[K[?25h[?2026l[?2026h[?25l[A[1Gpulling manifest [K
pulling 0624ba75c3ce:  44% ▕███████           ▏ 3.4 GB/7.7 GB   11 MB/s   6m24s[K[?25h[?2026l[?2026h[?25l[A[1Gpulling manifest [K
pulling 0624ba75c3ce:  44% ▕███████           ▏ 3.4 GB/7.7 GB   11 MB/s   6m24s[K[?25h[?2026l[?2026h[?25l[A[1Gpulling manifest [K
pulling 0624ba75c3ce:  44% ▕███████           ▏ 3.4 GB/7.7 GB   11 MB/s   6m24s[K[?25h[?2026l[?2026h[?25l[A[1Gpulling manifest [K
pulling 0624ba75c3ce:  44% ▕███████           ▏ 3.4 GB/7.7 GB   11 MB/s   6m24s[K[?25h[?2026l[?2026h[?25l[A[1Gpulling manifest [K
pulling 0624ba75c3ce:  44% ▕███████           ▏ 3.4 GB/7.7 GB   11 MB/s   6m23s[K[?25h[?2026l[?2026h[?25l[A[1Gpulling manifest [K
pulling 0624ba75c3ce:  44% ▕███████           ▏ 3.4 GB/7.7 GB   11 MB/s   6m23s[K[?25h[?2026l[?2026h[?25l[A[1Gpulling manifest [K
pulling 0624ba75c3ce:  44% ▕███████           ▏ 3.4 GB/7.7 GB   11 MB/s   6m23s[K[?25h[?2026l[?2026h[?25l[A[1Gpulling manifest [K
pulling 0624ba75c3ce:  44% ▕███████           ▏ 3.4 GB/7.7 GB   11 MB/s   6m23s[K[?25h[?2026l[?2026h[?25l[A[1Gpulling manifest [K
pulling 0624ba75c3ce:  44% ▕███████           ▏ 3.4 GB/7.7 GB   11 MB/s   6m23s[K[?25h[?2026l[?2026h[?25l[A[1Gpulling manifest [K
pulling 0624ba75c3ce:  44% ▕███████           ▏ 3.4 GB/7.7 GB   11 MB/s   6m22s[K[?25h[?2026l[?2026h[?25l[A[1Gpulling manifest [K
pulling 0624ba75c3ce:  44% ▕████████          ▏ 3.4 GB/7.7 GB   11 MB/s   6m22s[K[?25h[?2026l[?2026h[?25l[A[1Gpulling manifest [K
pulling 0624ba75c3ce:  44% ▕████████          ▏ 3.4 GB/7.7 GB   11 MB/s   6m22s[K[?25h[?2026l[?2026h[?25l[A[1Gpulling manifest [K
pulling 0624ba75c3ce:  44% ▕████████          ▏ 3.4 GB/7.7 GB   11 MB/s   6m22s[K[?25h[?2026l[?2026h[?25l[A[1Gpulling manifest [K
pulling 0624ba75c3ce:  45% ▕████████          ▏ 3.4 GB/7.7 GB   11 MB/s   6m22s[K[?25h[?2026l[?2026h[?25l[A[1Gpulling manifest [K
pulling 0624ba75c3ce:  45% ▕████████          ▏ 3.4 GB/7.7 GB   11 MB/s   6m22s[K[?25h[?2026l[?2026h[?25l[A[1Gpulling manifest [K
pulling 0624ba75c3ce:  45% ▕████████          ▏ 3.4 GB/7.7 GB   11 MB/s   6m21s[K[?25h[?2026l[?2026h[?25l[A[1Gpulling manifest [K
pulling 0624ba75c3ce:  45% ▕████████          ▏ 3.4 GB/7.7 GB   11 MB/s   6m21s[K[?25h[?2026l[?2026h[?25l[A[1Gpulling manifest [K
pulling 0624ba75c3ce:  45% ▕████████          ▏ 3.4 GB/7.7 GB   11 MB/s   6m21s[K[?25h[?2026l[?2026h[?25l[A[1Gpulling manifest [K
pulling 0624ba75c3ce:  45% ▕████████          ▏ 3.4 GB/7.7 GB   11 MB/s   6m21s[K[?25h[?2026l[?2026h[?25l[A[1Gpulling manifest [K
pulling 0624ba75c3ce:  45% ▕████████          ▏ 3.4 GB/7.7 GB   11 MB/s   6m18s[K[?25h[?2026l[?2026h[?25l[A[1Gpulling manifest [K
pulling 0624ba75c3ce:  45% ▕████████          ▏ 3.4 GB/7.7 GB   11 MB/s   6m18s[K[?25h[?2026l[?2026h[?25l[A[1Gpulling manifest [K
pulling 0624ba75c3ce:  45% ▕████████          ▏ 3.4 GB/7.7 GB   11 MB/s   6m18s[K[?25h[?2026l[?2026h[?25l[A[1Gpulling manifest [K
pulling 0624ba75c3ce:  45% ▕████████          ▏ 3.4 GB/7.7 GB   11 MB/s   6m18s[K[?25h[?2026l[?2026h[?25l[A[1Gpulling manifest [K
pulling 0624ba75c3ce:  45% ▕████████          ▏ 3.4 GB/7.7 GB   11 MB/s   6m17s[K[?25h[?2026l[?2026h[?25l[A[1Gpulling manifest [K
pulling 0624ba75c3ce:  45% ▕████████          ▏ 3.4 GB/7.7 GB   11 MB/s   6m17s[K[?25h[?2026l[?2026h[?25l[A[1Gpulling manifest [K
pulling 0624ba75c3ce:  45% ▕████████          ▏ 3.4 GB/7.7 GB   11 MB/s   6m17s[K[?25h[?2026l[?2026h[?25l[A[1Gpulling manifest [K
pulling 0624ba75c3ce:  45% ▕████████          ▏ 3.4 GB/7.7 GB   11 MB/s   6m17s[K[?25h[?2026l[?2026h[?25l[A[1Gpulling manifest [K
pulling 0624ba75c3ce:  45% ▕████████          ▏ 3.4 GB/7.7 GB   11 MB/s   6m17s[K[?25h[?2026l[?2026h[?25l[A[1Gpulling manifest [K
pulling 0624ba75c3ce:  45% ▕████████          ▏ 3.4 GB/7.7 GB   11 MB/s   6m17s[K[?25h[?2026l[?2026h[?25l[A[1Gpulling manifest [K
pulling 0624ba75c3ce:  45% ▕████████          ▏ 3.4 GB/7.7 GB   11 MB/s   6m17s[K[?25h[?2026l[?2026h[?25l[A[1Gpulling manifest [K
pulling 0624ba75c3ce:  45% ▕████████          ▏ 3.4 GB/7.7 GB   11 MB/s   6m11s[K[?25h[?2026l[?2026h[?25l[A[1Gpulling manifest [K
pulling 0624ba75c3ce:  45% ▕████████          ▏ 3.4 GB/7.7 GB   11 MB/s   6m11s[K[?25h[?2026l[?2026h[?25l[A[1Gpulling manifest [K
pulling 0624ba75c3ce:  45% ▕████████          ▏ 3.4 GB/7.7 GB   11 MB/s   6m11s[K[?25h[?2026l[?2026h[?25l[A[1Gpulling manifest [K
pulling 0624ba75c3ce:  45% ▕████████          ▏ 3.4 GB/7.7 GB   11 MB/s   6m11s[K[?25h[?2026l[?2026h[?25l[A[1Gpulling manifest [K
pulling 0624ba75c3ce:  45% ▕████████          ▏ 3.4 GB/7.7 GB   11 MB/s   6m11s[K[?25h[?2026l[?2026h[?25l[A[1Gpulling manifest [K
pulling 0624ba75c3ce:  45% ▕████████          ▏ 3.4 GB/7.7 GB   11 MB/s   6m11s[K[?25h[?2026l[?2026h[?25l[A[1Gpulling manifest [K
pulling 0624ba75c3ce:  45% ▕████████          ▏ 3.5 GB/7.7 GB   11 MB/s   6m11s[K[?25h[?2026l[?2026h[?25l[A[1Gpulling manifest [K
pulling 0624ba75c3ce:  45% ▕████████          ▏ 3.5 GB/7.7 GB   11 MB/s   6m10s[K[?25h[?2026l[?2026h[?25l[A[1Gpulling manifest [K
pulling 0624ba75c3ce:  45% ▕████████          ▏ 3.5 GB/7.7 GB   11 MB/s   6m10s[K[?25h[?2026l[?2026h[?25l[A[1Gpulling manifest [K
pulling 0624ba75c3ce:  45% ▕████████          ▏ 3.5 GB/7.7 GB   11 MB/s   6m10s[K[?25h[?2026l[?2026h[?25l[A[1Gpulling manifest [K
pulling 0624ba75c3ce:  45% ▕████████          ▏ 3.5 GB/7.7 GB   11 MB/s    6m7s[K[?25h[?2026l[?2026h[?25l[A[1Gpulling manifest [K
pulling 0624ba75c3ce:  45% ▕████████          ▏ 3.5 GB/7.7 GB   11 MB/s    6m7s[K[?25h[?2026l[?2026h[?25l[A[1Gpulling manifest [K
pulling 0624ba75c3ce:  45% ▕████████          ▏ 3.5 GB/7.7 GB   11 MB/s    6m7s[K[?25h[?2026l[?2026h[?25l[A[1Gpulling manifest [K
pulling 0624ba75c3ce:  45% ▕████████          ▏ 3.5 GB/7.7 GB   11 MB/s    6m7s[K[?25h[?2026l[?2026h[?25l[A[1Gpulling manifest [K
pulling 0624ba75c3ce:  45% ▕████████          ▏ 3.5 GB/7.7 GB   11 MB/s    6m7s[K[?25h[?2026l[?2026h[?25l[A[1Gpulling manifest [K
pulling 0624ba75c3ce:  45% ▕████████          ▏ 3.5 GB/7.7 GB   11 MB/s    6m7s[K[?25h[?2026l[?2026h[?25l[A[1Gpulling manifest [K
pulling 0624ba75c3ce:  45% ▕████████          ▏ 3.5 GB/7.7 GB   11 MB/s    6m7s[K[?25h[?2026l[?2026h[?25l[A[1Gpulling manifest [K
pulling 0624ba75c3ce:  45% ▕████████          ▏ 3.5 GB/7.7 GB   11 MB/s    6m7s[K[?25h[?2026l[?2026h[?25l[A[1Gpulling manifest [K
pulling 0624ba75c3ce:  45% ▕████████          ▏ 3.5 GB/7.7 GB   11 MB/s    6m6s[K[?25h[?2026l[?2026h[?25l[A[1Gpulling manifest [K
pulling 0624ba75c3ce:  45% ▕████████          ▏ 3.5 GB/7.7 GB   11 MB/s    6m6s[K[?25h[?2026l[?2026h[?25l[A[1Gpulling manifest [K
pulling 0624ba75c3ce:  45% ▕████████          ▏ 3.5 GB/7.7 GB   11 MB/s    6m2s[K[?25h[?2026l[?2026h[?25l[A[1Gpulling manifest [K
pulling 0624ba75c3ce:  45% ▕████████          ▏ 3.5 GB/7.7 GB   11 MB/s    6m2s[K[?25h[?2026l[?2026h[?25l[A[1Gpulling manifest [K
pulling 0624ba75c3ce:  45% ▕████████          ▏ 3.5 GB/7.7 GB   11 MB/s    6m2s[K[?25h[?2026l[?2026h[?25l[A[1Gpulling manifest [K
pulling 0624ba75c3ce:  45% ▕████████          ▏ 3.5 GB/7.7 GB   11 MB/s    6m2s[K[?25h[?2026l[?2026h[?25l[A[1Gpulling manifest [K
pulling 0624ba75c3ce:  45% ▕████████          ▏ 3.5 GB/7.7 GB   11 MB/s    6m1s[K[?25h[?2026l[?2026h[?25l[A[1Gpulling manifest [K
pulling 0624ba75c3ce:  45% ▕████████          ▏ 3.5 GB/7.7 GB   11 MB/s    6m1s[K[?25h[?2026l[?2026h[?25l[A[1Gpulling manifest [K
pulling 0624ba75c3ce:  45% ▕████████          ▏ 3.5 GB/7.7 GB   11 MB/s    6m1s[K[?25h[?2026l[?2026h[?25l[A[1Gpulling manifest [K
pulling 0624ba75c3ce:  45% ▕████████          ▏ 3.5 GB/7.7 GB   11 MB/s    6m1s[K[?25h[?2026l[?2026h[?25l[A[1Gpulling manifest [K
pulling 0624ba75c3ce:  45% ▕████████          ▏ 3.5 GB/7.7 GB   11 MB/s    6m1s[K[?25h[?2026l[?2026h[?25l[A[1Gpulling manifest [K
pulling 0624ba75c3ce:  45% ▕████████          ▏ 3.5 GB/7.7 GB   11 MB/s    6m1s[K[?25h[?2026l[?2026h[?25l[A[1Gpulling manifest [K
pulling 0624ba75c3ce:  45% ▕████████          ▏ 3.5 GB/7.7 GB   11 MB/s   5m53s[K[?25h[?2026l[?2026h[?25l[A[1Gpulling manifest [K
pulling 0624ba75c3ce:  45% ▕████████          ▏ 3.5 GB/7.7 GB   11 MB/s   5m53s[K[?25h[?2026l[?2026h[?25l[A[1Gpulling manifest [K
pulling 0624ba75c3ce:  45% ▕████████          ▏ 3.5 GB/7.7 GB   11 MB/s   5m53s[K[?25h[?2026l[?2026h[?25l[A[1Gpulling manifest [K
pulling 0624ba75c3ce:  45% ▕████████          ▏ 3.5 GB/7.7 GB   11 MB/s   5m53s[K[?25h[?2026l[?2026h[?25l[A[1Gpulling manifest [K
pulling 0624ba75c3ce:  45% ▕████████          ▏ 3.5 GB/7.7 GB   11 MB/s   5m52s[K[?25h[?2026l[?2026h[?25l[A[1Gpulling manifest [K
pulling 0624ba75c3ce:  45% ▕████████          ▏ 3.5 GB/7.7 GB   11 MB/s   5m52s[K[?25h[?2026l[?2026h[?25l[A[1Gpulling manifest [K
pulling 0624ba75c3ce:  45% ▕████████          ▏ 3.5 GB/7.7 GB   11 MB/s   5m52s[K[?25h[?2026l[?2026h[?25l[A[1Gpulling manifest [K
pulling 0624ba75c3ce:  45% ▕████████          ▏ 3.5 GB/7.7 GB   11 MB/s   5m52s[K[?25h[?2026l[?2026h[?25l[A[1Gpulling manifest [K
pulling 0624ba75c3ce:  45% ▕████████          ▏ 3.5 GB/7.7 GB   11 MB/s   5m52s[K[?25h[?2026l[?2026h[?25l[A[1Gpulling manifest [K
pulling 0624ba75c3ce:  45% ▕████████          ▏ 3.5 GB/7.7 GB   11 MB/s   5m52s[K[?25h[?2026l[?2026h[?25l[A[1Gpulling manifest [K
pulling 0624ba75c3ce:  45% ▕████████          ▏ 3.5 GB/7.7 GB   11 MB/s   5m54s[K[?25h[?2026l[?2026h[?25l[A[1Gpulling manifest [K
pulling 0624ba75c3ce:  45% ▕████████          ▏ 3.5 GB/7.7 GB   11 MB/s   5m54s[K[?25h[?2026l[?2026h[?25l[A[1Gpulling manifest [K
pulling 0624ba75c3ce:  45% ▕████████          ▏ 3.5 GB/7.7 GB   11 MB/s   5m54s[K[?25h[?2026l[?2026h[?25l[A[1Gpulling manifest [K
pulling 0624ba75c3ce:  45% ▕████████          ▏ 3.5 GB/7.7 GB   11 MB/s   5m54s[K[?25h[?2026l[?2026h[?25l[A[1Gpulling manifest [K
pulling 0624ba75c3ce:  45% ▕████████          ▏ 3.5 GB/7.7 GB   11 MB/s   5m54s[K[?25h[?2026l[?2026h[?25l[A[1Gpulling manifest [K
pulling 0624ba75c3ce:  45% ▕████████          ▏ 3.5 GB/7.7 GB   11 MB/s   5m54s[K[?25h[?2026l[?2026h[?25l[A[1Gpulling manifest [K
pulling 0624ba75c3ce:  45% ▕████████          ▏ 3.5 GB/7.7 GB   11 MB/s   5m54s[K[?25h[?2026l[?2026h[?25l[A[1Gpulling manifest [K
pulling 0624ba75c3ce:  45% ▕████████          ▏ 3.5 GB/7.7 GB   11 MB/s   5m54s[K[?25h[?2026l[?2026h[?25l[A[1Gpulling manifest [K
pulling 0624ba75c3ce:  45% ▕████████          ▏ 3.5 GB/7.7 GB   11 MB/s   5m54s[K[?25h[?2026l[?2026h[?25l[A[1Gpulling manifest [K
pulling 0624ba75c3ce:  46% ▕████████          ▏ 3.5 GB/7.7 GB   11 MB/s   5m53s[K[?25h[?2026l[?2026h[?25l[A[1Gpulling manifest [K
pulling 0624ba75c3ce:  46% ▕████████          ▏ 3.5 GB/7.7 GB   11 MB/s   5m53s[K[?25h[?2026l[?2026h[?25l[A[1Gpulling manifest [K
pulling 0624ba75c3ce:  46% ▕████████          ▏ 3.5 GB/7.7 GB   11 MB/s   5m50s[K[?25h[?2026l[?2026h[?25l[A[1Gpulling manifest [K
pulling 0624ba75c3ce:  46% ▕████████          ▏ 3.5 GB/7.7 GB   11 MB/s   5m50s[K[?25h[?2026l[?2026h[?25l[A[1Gpulling manifest [K
pulling 0624ba75c3ce:  46% ▕████████          ▏ 3.5 GB/7.7 GB   11 MB/s   5m50s[K[?25h[?2026l[?2026h[?25l[A[1Gpulling manifest [K
pulling 0624ba75c3ce:  46% ▕████████          ▏ 3.5 GB/7.7 GB   11 MB/s   5m50s[K[?25h[?2026l[?2026h[?25l[A[1Gpulling manifest [K
pulling 0624ba75c3ce:  46% ▕████████          ▏ 3.5 GB/7.7 GB   11 MB/s   5m49s[K[?25h[?2026l[?2026h[?25l[A[1Gpulling manifest [K
pulling 0624ba75c3ce:  46% ▕████████          ▏ 3.5 GB/7.7 GB   11 MB/s   5m49s[K[?25h[?2026l[?2026h[?25l[A[1Gpulling manifest [K
pulling 0624ba75c3ce:  46% ▕████████          ▏ 3.5 GB/7.7 GB   11 MB/s   5m49s[K[?25h[?2026l[?2026h[?25l[A[1Gpulling manifest [K
pulling 0624ba75c3ce:  46% ▕████████          ▏ 3.5 GB/7.7 GB   11 MB/s   5m49s[K[?25h[?2026l[?2026h[?25l[A[1Gpulling manifest [K
pulling 0624ba75c3ce:  46% ▕████████          ▏ 3.5 GB/7.7 GB   11 MB/s   5m49s[K[?25h[?2026l[?2026h[?25l[A[1Gpulling manifest [K
pulling 0624ba75c3ce:  46% ▕████████          ▏ 3.5 GB/7.7 GB   11 MB/s   5m49s[K[?25h[?2026l[?2026h[?25l[A[1Gpulling manifest [K
pulling 0624ba75c3ce:  46% ▕████████          ▏ 3.5 GB/7.7 GB   12 MB/s   5m46s[K[?25h[?2026l[?2026h[?25l[A[1Gpulling manifest [K
pulling 0624ba75c3ce:  46% ▕████████          ▏ 3.5 GB/7.7 GB   12 MB/s   5m46s[K[?25h[?2026l[?2026h[?25l[A[1Gpulling manifest [K
pulling 0624ba75c3ce:  46% ▕████████          ▏ 3.5 GB/7.7 GB   12 MB/s   5m46s[K[?25h[?2026l[?2026h[?25l[A[1Gpulling manifest [K
pulling 0624ba75c3ce:  46% ▕████████          ▏ 3.5 GB/7.7 GB   12 MB/s   5m46s[K[?25h[?2026l[?2026h[?25l[A[1Gpulling manifest [K
pulling 0624ba75c3ce:  46% ▕████████          ▏ 3.5 GB/7.7 GB   12 MB/s   5m46s[K[?25h[?2026l[?2026h[?25l[A[1Gpulling manifest [K
pulling 0624ba75c3ce:  46% ▕████████          ▏ 3.5 GB/7.7 GB   12 MB/s   5m46s[K[?25h[?2026l[?2026h[?25l[A[1Gpulling manifest [K
pulling 0624ba75c3ce:  46% ▕████████          ▏ 3.5 GB/7.7 GB   12 MB/s   5m46s[K[?25h[?2026l[?2026h[?25l[A[1Gpulling manifest [K
pulling 0624ba75c3ce:  46% ▕████████          ▏ 3.5 GB/7.7 GB   12 MB/s   5m46s[K[?25h[?2026l[?2026h[?25l[A[1Gpulling manifest [K
pulling 0624ba75c3ce:  46% ▕████████          ▏ 3.5 GB/7.7 GB   12 MB/s   5m46s[K[?25h[?2026l[?2026h[?25l[A[1Gpulling manifest [K
pulling 0624ba75c3ce:  46% ▕████████          ▏ 3.5 GB/7.7 GB   12 MB/s   5m46s[K[?25h[?2026l[?2026h[?25l[A[1Gpulling manifest [K
pulling 0624ba75c3ce:  46% ▕████████          ▏ 3.5 GB/7.7 GB   12 MB/s   5m43s[K[?25h[?2026l[?2026h[?25l[A[1Gpulling manifest [K
pulling 0624ba75c3ce:  46% ▕████████          ▏ 3.5 GB/7.7 GB   12 MB/s   5m42s[K[?25h[?2026l[?2026h[?25l[A[1Gpulling manifest [K
pulling 0624ba75c3ce:  46% ▕████████          ▏ 3.5 GB/7.7 GB   12 MB/s   5m42s[K[?25h[?2026l[?2026h[?25l[A[1Gpulling manifest [K
pulling 0624ba75c3ce:  46% ▕████████          ▏ 3.5 GB/7.7 GB   12 MB/s   5m42s[K[?25h[?2026l[?2026h[?25l[A[1Gpulling manifest [K
pulling 0624ba75c3ce:  46% ▕████████          ▏ 3.5 GB/7.7 GB   12 MB/s   5m42s[K[?25h[?2026l[?2026h[?25l[A[1Gpulling manifest [K
pulling 0624ba75c3ce:  46% ▕████████          ▏ 3.5 GB/7.7 GB   12 MB/s   5m42s[K[?25h[?2026l[?2026h[?25l[A[1Gpulling manifest [K
pulling 0624ba75c3ce:  46% ▕████████          ▏ 3.5 GB/7.7 GB   12 MB/s   5m42s[K[?25h[?2026l[?2026h[?25l[A[1Gpulling manifest [K
pulling 0624ba75c3ce:  46% ▕████████          ▏ 3.5 GB/7.7 GB   12 MB/s   5m42s[K[?25h[?2026l[?2026h[?25l[A[1Gpulling manifest [K
pulling 0624ba75c3ce:  46% ▕████████          ▏ 3.5 GB/7.7 GB   12 MB/s   5m42s[K[?25h[?2026l[?2026h[?25l[A[1Gpulling manifest [K
pulling 0624ba75c3ce:  46% ▕████████          ▏ 3.5 GB/7.7 GB   12 MB/s   5m42s[K[?25h[?2026l[?2026h[?25l[A[1Gpulling manifest [K
pulling 0624ba75c3ce:  46% ▕████████          ▏ 3.5 GB/7.7 GB   12 MB/s   5m39s[K[?25h[?2026l[?2026h[?25l[A[1Gpulling manifest [K
pulling 0624ba75c3ce:  46% ▕████████          ▏ 3.5 GB/7.7 GB   12 MB/s   5m39s[K[?25h[?2026l[?2026h[?25l[A[1Gpulling manifest [K
pulling 0624ba75c3ce:  46% ▕████████          ▏ 3.5 GB/7.7 GB   12 MB/s   5m39s[K[?25h[?2026l[?2026h[?25l[A[1Gpulling manifest [K
pulling 0624ba75c3ce:  46% ▕████████          ▏ 3.5 GB/7.7 GB   12 MB/s   5m39s[K[?25h[?2026l[?2026h[?25l[A[1Gpulling manifest [K
pulling 0624ba75c3ce:  46% ▕████████          ▏ 3.5 GB/7.7 GB   12 MB/s   5m38s[K[?25h[?2026l[?2026h[?25l[A[1Gpulling manifest [K
pulling 0624ba75c3ce:  46% ▕████████          ▏ 3.5 GB/7.7 GB   12 MB/s   5m38s[K[?25h[?2026l[?2026h[?25l[A[1Gpulling manifest [K
pulling 0624ba75c3ce:  46% ▕████████          ▏ 3.5 GB/7.7 GB   12 MB/s   5m38s[K[?25h[?2026l[?2026h[?25l[A[1Gpulling manifest [K
pulling 0624ba75c3ce:  46% ▕████████          ▏ 3.6 GB/7.7 GB   12 MB/s   5m38s[K[?25h[?2026l[?2026h[?25l[A[1Gpulling manifest [K
pulling 0624ba75c3ce:  46% ▕████████          ▏ 3.6 GB/7.7 GB   12 MB/s   5m38s[K[?25h[?2026l[?2026h[?25l[A[1Gpulling manifest [K
pulling 0624ba75c3ce:  46% ▕████████          ▏ 3.6 GB/7.7 GB   12 MB/s   5m38s[K[?25h[?2026l[?2026h[?25l[A[1Gpulling manifest [K
pulling 0624ba75c3ce:  46% ▕████████          ▏ 3.6 GB/7.7 GB   12 MB/s   5m43s[K[?25h[?2026l[?2026h[?25l[A[1Gpulling manifest [K
pulling 0624ba75c3ce:  46% ▕████████          ▏ 3.6 GB/7.7 GB   12 MB/s   5m43s[K[?25h[?2026l[?2026h[?25l[A[1Gpulling manifest [K
pulling 0624ba75c3ce:  46% ▕████████          ▏ 3.6 GB/7.7 GB   12 MB/s   5m43s[K[?25h[?2026l[?2026h[?25l[A[1Gpulling manifest [K
pulling 0624ba75c3ce:  46% ▕████████          ▏ 3.6 GB/7.7 GB   12 MB/s   5m43s[K[?25h[?2026l[?2026h[?25l[A[1Gpulling manifest [K
pulling 0624ba75c3ce:  46% ▕████████          ▏ 3.6 GB/7.7 GB   12 MB/s   5m43s[K[?25h[?2026l[?2026h[?25l[A[1Gpulling manifest [K
pulling 0624ba75c3ce:  46% ▕████████          ▏ 3.6 GB/7.7 GB   12 MB/s   5m43s[K[?25h[?2026l[?2026h[?25l[A[1Gpulling manifest [K
pulling 0624ba75c3ce:  46% ▕████████          ▏ 3.6 GB/7.7 GB   12 MB/s   5m42s[K[?25h[?2026l[?2026h[?25l[A[1Gpulling manifest [K
pulling 0624ba75c3ce:  46% ▕████████          ▏ 3.6 GB/7.7 GB   12 MB/s   5m42s[K[?25h[?2026l[?2026h[?25l[A[1Gpulling manifest [K
pulling 0624ba75c3ce:  46% ▕████████          ▏ 3.6 GB/7.7 GB   12 MB/s   5m42s[K[?25h[?2026l[?2026h[?25l[A[1Gpulling manifest [K
pulling 0624ba75c3ce:  46% ▕████████          ▏ 3.6 GB/7.7 GB   12 MB/s   5m42s[K[?25h[?2026l[?2026h[?25l[A[1Gpulling manifest [K
pulling 0624ba75c3ce:  46% ▕████████          ▏ 3.6 GB/7.7 GB   12 MB/s   5m42s[K[?25h[?2026l[?2026h[?25l[A[1Gpulling manifest [K
pulling 0624ba75c3ce:  46% ▕████████          ▏ 3.6 GB/7.7 GB   11 MB/s   5m45s[K[?25h[?2026l[?2026h[?25l[A[1Gpulling manifest [K
pulling 0624ba75c3ce:  46% ▕████████          ▏ 3.6 GB/7.7 GB   11 MB/s   5m45s[K[?25h[?2026l[?2026h[?25l[A[1Gpulling manifest [K
pulling 0624ba75c3ce:  46% ▕████████          ▏ 3.6 GB/7.7 GB   11 MB/s   5m45s[K[?25h[?2026l[?2026h[?25l[A[1Gpulling manifest [K
pulling 0624ba75c3ce:  46% ▕████████          ▏ 3.6 GB/7.7 GB   11 MB/s   5m45s[K[?25h[?2026l[?2026h[?25l[A[1Gpulling manifest [K
pulling 0624ba75c3ce:  46% ▕████████          ▏ 3.6 GB/7.7 GB   11 MB/s   5m45s[K[?25h[?2026l[?2026h[?25l[A[1Gpulling manifest [K
pulling 0624ba75c3ce:  46% ▕████████          ▏ 3.6 GB/7.7 GB   11 MB/s   5m44s[K[?25h[?2026l[?2026h[?25l[A[1Gpulling manifest [K
pulling 0624ba75c3ce:  46% ▕████████          ▏ 3.6 GB/7.7 GB   11 MB/s   5m44s[K[?25h[?2026l[?2026h[?25l[A[1Gpulling manifest [K
pulling 0624ba75c3ce:  46% ▕████████          ▏ 3.6 GB/7.7 GB   11 MB/s   5m44s[K[?25h[?2026l[?2026h[?25l[A[1Gpulling manifest [K
pulling 0624ba75c3ce:  46% ▕████████          ▏ 3.6 GB/7.7 GB   11 MB/s   5m44s[K[?25h[?2026l[?2026h[?25l[A[1Gpulling manifest [K
pulling 0624ba75c3ce:  46% ▕████████          ▏ 3.6 GB/7.7 GB   11 MB/s   5m44s[K[?25h[?2026l[?2026h[?25l[A[1Gpulling manifest [K
pulling 0624ba75c3ce:  46% ▕████████          ▏ 3.6 GB/7.7 GB   12 MB/s   5m43s[K[?25h[?2026l[?2026h[?25l[A[1Gpulling manifest [K
pulling 0624ba75c3ce:  46% ▕████████          ▏ 3.6 GB/7.7 GB   12 MB/s   5m43s[K[?25h[?2026l[?2026h[?25l[A[1Gpulling manifest [K
pulling 0624ba75c3ce:  47% ▕████████          ▏ 3.6 GB/7.7 GB   12 MB/s   5m43s[K[?25h[?2026l[?2026h[?25l[A[1Gpulling manifest [K
pulling 0624ba75c3ce:  47% ▕████████          ▏ 3.6 GB/7.7 GB   12 MB/s   5m43s[K[?25h[?2026l[?2026h[?25l[A[1Gpulling manifest [K
pulling 0624ba75c3ce:  47% ▕████████          ▏ 3.6 GB/7.7 GB   12 MB/s   5m42s[K[?25h[?2026l[?2026h[?25l[A[1Gpulling manifest [K
pulling 0624ba75c3ce:  47% ▕████████          ▏ 3.6 GB/7.7 GB   12 MB/s   5m42s[K[?25h[?2026l[?2026h[?25l[A[1Gpulling manifest [K
pulling 0624ba75c3ce:  47% ▕████████          ▏ 3.6 GB/7.7 GB   12 MB/s   5m42s[K[?25h[?2026l[?2026h[?25l[A[1Gpulling manifest [K
pulling 0624ba75c3ce:  47% ▕████████          ▏ 3.6 GB/7.7 GB   12 MB/s   5m42s[K[?25h[?2026l[?2026h[?25l[A[1Gpulling manifest [K
pulling 0624ba75c3ce:  47% ▕████████          ▏ 3.6 GB/7.7 GB   12 MB/s   5m42s[K[?25h[?2026l[?2026h[?25l[A[1Gpulling manifest [K
pulling 0624ba75c3ce:  47% ▕████████          ▏ 3.6 GB/7.7 GB   12 MB/s   5m42s[K[?25h[?2026l[?2026h[?25l[A[1Gpulling manifest [K
pulling 0624ba75c3ce:  47% ▕████████          ▏ 3.6 GB/7.7 GB   12 MB/s   5m41s[K[?25h[?2026l[?2026h[?25l[A[1Gpulling manifest [K
pulling 0624ba75c3ce:  47% ▕████████          ▏ 3.6 GB/7.7 GB   12 MB/s   5m41s[K[?25h[?2026l[?2026h[?25l[A[1Gpulling manifest [K
pulling 0624ba75c3ce:  47% ▕████████          ▏ 3.6 GB/7.7 GB   12 MB/s   5m41s[K[?25h[?2026l[?2026h[?25l[A[1Gpulling manifest [K
pulling 0624ba75c3ce:  47% ▕████████          ▏ 3.6 GB/7.7 GB   12 MB/s   5m41s[K[?25h[?2026l[?2026h[?25l[A[1Gpulling manifest [K
pulling 0624ba75c3ce:  47% ▕████████          ▏ 3.6 GB/7.7 GB   12 MB/s   5m41s[K[?25h[?2026l[?2026h[?25l[A[1Gpulling manifest [K
pulling 0624ba75c3ce:  47% ▕████████          ▏ 3.6 GB/7.7 GB   12 MB/s   5m41s[K[?25h[?2026l[?2026h[?25l[A[1Gpulling manifest [K
pulling 0624ba75c3ce:  47% ▕████████          ▏ 3.6 GB/7.7 GB   12 MB/s   5m41s[K[?25h[?2026l[?2026h[?25l[A[1Gpulling manifest [K
pulling 0624ba75c3ce:  47% ▕████████          ▏ 3.6 GB/7.7 GB   12 MB/s   5m40s[K[?25h[?2026l[?2026h[?25l[A[1Gpulling manifest [K
pulling 0624ba75c3ce:  47% ▕████████          ▏ 3.6 GB/7.7 GB   12 MB/s   5m40s[K[?25h[?2026l[?2026h[?25l[A[1Gpulling manifest [K
pulling 0624ba75c3ce:  47% ▕████████          ▏ 3.6 GB/7.7 GB   12 MB/s   5m40s[K[?25h[?2026l[?2026h[?25l[A[1Gpulling manifest [K
pulling 0624ba75c3ce:  47% ▕████████          ▏ 3.6 GB/7.7 GB   12 MB/s   5m35s[K[?25h[?2026l[?2026h[?25l[A[1Gpulling manifest [K
pulling 0624ba75c3ce:  47% ▕████████          ▏ 3.6 GB/7.7 GB   12 MB/s   5m35s[K[?25h[?2026l[?2026h[?25l[A[1Gpulling manifest [K
pulling 0624ba75c3ce:  47% ▕████████          ▏ 3.6 GB/7.7 GB   12 MB/s   5m35s[K[?25h[?2026l[?2026h[?25l[A[1Gpulling manifest [K
pulling 0624ba75c3ce:  47% ▕████████          ▏ 3.6 GB/7.7 GB   12 MB/s   5m35s[K[?25h[?2026l[?2026h[?25l[A[1Gpulling manifest [K
pulling 0624ba75c3ce:  47% ▕████████          ▏ 3.6 GB/7.7 GB   12 MB/s   5m35s[K[?25h[?2026l[?2026h[?25l[A[1Gpulling manifest [K
pulling 0624ba75c3ce:  47% ▕████████          ▏ 3.6 GB/7.7 GB   12 MB/s   5m35s[K[?25h[?2026l[?2026h[?25l[A[1Gpulling manifest [K
pulling 0624ba75c3ce:  47% ▕████████          ▏ 3.6 GB/7.7 GB   12 MB/s   5m35s[K[?25h[?2026l[?2026h[?25l[A[1Gpulling manifest [K
pulling 0624ba75c3ce:  47% ▕████████          ▏ 3.6 GB/7.7 GB   12 MB/s   5m35s[K[?25h[?2026l[?2026h[?25l[A[1Gpulling manifest [K
pulling 0624ba75c3ce:  47% ▕████████          ▏ 3.6 GB/7.7 GB   12 MB/s   5m35s[K[?25h[?2026l[?2026h[?25l[A[1Gpulling manifest [K
pulling 0624ba75c3ce:  47% ▕████████          ▏ 3.6 GB/7.7 GB   12 MB/s   5m35s[K[?25h[?2026l[?2026h[?25l[A[1Gpulling manifest [K
pulling 0624ba75c3ce:  47% ▕████████          ▏ 3.6 GB/7.7 GB   12 MB/s   5m37s[K[?25h[?2026l[?2026h[?25l[A[1Gpulling manifest [K
pulling 0624ba75c3ce:  47% ▕████████          ▏ 3.6 GB/7.7 GB   12 MB/s   5m37s[K[?25h[?2026l[?2026h[?25l[A[1Gpulling manifest [K
pulling 0624ba75c3ce:  47% ▕████████          ▏ 3.6 GB/7.7 GB   12 MB/s   5m36s[K[?25h[?2026l[?2026h[?25l[A[1Gpulling manifest [K
pulling 0624ba75c3ce:  47% ▕████████          ▏ 3.6 GB/7.7 GB   12 MB/s   5m36s[K[?25h[?2026l[?2026h[?25l[A[1Gpulling manifest [K
pulling 0624ba75c3ce:  47% ▕████████          ▏ 3.6 GB/7.7 GB   12 MB/s   5m36s[K[?25h[?2026l[?2026h[?25l[A[1Gpulling manifest [K
pulling 0624ba75c3ce:  47% ▕████████          ▏ 3.6 GB/7.7 GB   12 MB/s   5m36s[K[?25h[?2026l[?2026h[?25l[A[1Gpulling manifest [K
pulling 0624ba75c3ce:  47% ▕████████          ▏ 3.6 GB/7.7 GB   12 MB/s   5m36s[K[?25h[?2026l[?2026h[?25l[A[1Gpulling manifest [K
pulling 0624ba75c3ce:  47% ▕████████          ▏ 3.6 GB/7.7 GB   12 MB/s   5m36s[K[?25h[?2026l[?2026h[?25l[A[1Gpulling manifest [K
pulling 0624ba75c3ce:  47% ▕████████          ▏ 3.6 GB/7.7 GB   12 MB/s   5m36s[K[?25h[?2026l[?2026h[?25l[A[1Gpulling manifest [K
pulling 0624ba75c3ce:  47% ▕████████          ▏ 3.6 GB/7.7 GB   12 MB/s   5m36s[K[?25h[?2026l[?2026h[?25l[A[1Gpulling manifest [K
pulling 0624ba75c3ce:  47% ▕████████          ▏ 3.6 GB/7.7 GB   12 MB/s   5m36s[K[?25h[?2026l[?2026h[?25l[A[1Gpulling manifest [K
pulling 0624ba75c3ce:  47% ▕████████          ▏ 3.6 GB/7.7 GB   12 MB/s   5m37s[K[?25h[?2026l[?2026h[?25l[A[1Gpulling manifest [K
pulling 0624ba75c3ce:  47% ▕████████          ▏ 3.6 GB/7.7 GB   12 MB/s   5m36s[K[?25h[?2026l[?2026h[?25l[A[1Gpulling manifest [K
pulling 0624ba75c3ce:  47% ▕████████          ▏ 3.6 GB/7.7 GB   12 MB/s   5m36s[K[?25h[?2026l[?2026h[?25l[A[1Gpulling manifest [K
pulling 0624ba75c3ce:  47% ▕████████          ▏ 3.6 GB/7.7 GB   12 MB/s   5m36s[K[?25h[?2026l[?2026h[?25l[A[1Gpulling manifest [K
pulling 0624ba75c3ce:  47% ▕████████          ▏ 3.6 GB/7.7 GB   12 MB/s   5m36s[K[?25h[?2026l[?2026h[?25l[A[1Gpulling manifest [K
pulling 0624ba75c3ce:  47% ▕████████          ▏ 3.6 GB/7.7 GB   12 MB/s   5m36s[K[?25h[?2026l[?2026h[?25l[A[1Gpulling manifest [K
pulling 0624ba75c3ce:  47% ▕████████          ▏ 3.6 GB/7.7 GB   12 MB/s   5m36s[K[?25h[?2026l[?2026h[?25l[A[1Gpulling manifest [K
pulling 0624ba75c3ce:  47% ▕████████          ▏ 3.6 GB/7.7 GB   12 MB/s   5m36s[K[?25h[?2026l[?2026h[?25l[A[1Gpulling manifest [K
pulling 0624ba75c3ce:  47% ▕████████          ▏ 3.6 GB/7.7 GB   12 MB/s   5m36s[K[?25h[?2026l[?2026h[?25l[A[1Gpulling manifest [K
pulling 0624ba75c3ce:  47% ▕████████          ▏ 3.6 GB/7.7 GB   12 MB/s   5m36s[K[?25h[?2026l[?2026h[?25l[A[1Gpulling manifest [K
pulling 0624ba75c3ce:  47% ▕████████          ▏ 3.6 GB/7.7 GB   12 MB/s   5m37s[K[?25h[?2026l[?2026h[?25l[A[1Gpulling manifest [K
pulling 0624ba75c3ce:  47% ▕████████          ▏ 3.6 GB/7.7 GB   12 MB/s   5m37s[K[?25h[?2026l[?2026h[?25l[A[1Gpulling manifest [K
pulling 0624ba75c3ce:  47% ▕████████          ▏ 3.6 GB/7.7 GB   12 MB/s   5m36s[K[?25h[?2026l[?2026h[?25l[A[1Gpulling manifest [K
pulling 0624ba75c3ce:  47% ▕████████          ▏ 3.6 GB/7.7 GB   12 MB/s   5m36s[K[?25h[?2026l[?2026h[?25l[A[1Gpulling manifest [K
pulling 0624ba75c3ce:  47% ▕████████          ▏ 3.6 GB/7.7 GB   12 MB/s   5m36s[K[?25h[?2026l[?2026h[?25l[A[1Gpulling manifest [K
pulling 0624ba75c3ce:  47% ▕████████          ▏ 3.6 GB/7.7 GB   12 MB/s   5m36s[K[?25h[?2026l[?2026h[?25l[A[1Gpulling manifest [K
pulling 0624ba75c3ce:  47% ▕████████          ▏ 3.6 GB/7.7 GB   12 MB/s   5m36s[K[?25h[?2026l[?2026h[?25l[A[1Gpulling manifest [K
pulling 0624ba75c3ce:  47% ▕████████          ▏ 3.6 GB/7.7 GB   12 MB/s   5m36s[K[?25h[?2026l[?2026h[?25l[A[1Gpulling manifest [K
pulling 0624ba75c3ce:  47% ▕████████          ▏ 3.6 GB/7.7 GB   12 MB/s   5m36s[K[?25h[?2026l[?2026h[?25l[A[1Gpulling manifest [K
pulling 0624ba75c3ce:  47% ▕████████          ▏ 3.7 GB/7.7 GB   12 MB/s   5m36s[K[?25h[?2026l[?2026h[?25l[A[1Gpulling manifest [K
pulling 0624ba75c3ce:  47% ▕████████          ▏ 3.7 GB/7.7 GB   12 MB/s   5m34s[K[?25h[?2026l[?2026h[?25l[A[1Gpulling manifest [K
pulling 0624ba75c3ce:  47% ▕████████          ▏ 3.7 GB/7.7 GB   12 MB/s   5m34s[K[?25h[?2026l[?2026h[?25l[A[1Gpulling manifest [K
pulling 0624ba75c3ce:  47% ▕████████          ▏ 3.7 GB/7.7 GB   12 MB/s   5m34s[K[?25h[?2026l[?2026h[?25l[A[1Gpulling manifest [K
pulling 0624ba75c3ce:  47% ▕████████          ▏ 3.7 GB/7.7 GB   12 MB/s   5m34s[K[?25h[?2026l[?2026h[?25l[A[1Gpulling manifest [K
pulling 0624ba75c3ce:  48% ▕████████          ▏ 3.7 GB/7.7 GB   12 MB/s   5m34s[K[?25h[?2026l[?2026h[?25l[A[1Gpulling manifest [K
pulling 0624ba75c3ce:  48% ▕████████          ▏ 3.7 GB/7.7 GB   12 MB/s   5m34s[K[?25h[?2026l[?2026h[?25l[A[1Gpulling manifest [K
pulling 0624ba75c3ce:  48% ▕████████          ▏ 3.7 GB/7.7 GB   12 MB/s   5m33s[K[?25h[?2026l[?2026h[?25l[A[1Gpulling manifest [K
pulling 0624ba75c3ce:  48% ▕████████          ▏ 3.7 GB/7.7 GB   12 MB/s   5m33s[K[?25h[?2026l[?2026h[?25l[A[1Gpulling manifest [K
pulling 0624ba75c3ce:  48% ▕████████          ▏ 3.7 GB/7.7 GB   12 MB/s   5m33s[K[?25h[?2026l[?2026h[?25l[A[1Gpulling manifest [K
pulling 0624ba75c3ce:  48% ▕████████          ▏ 3.7 GB/7.7 GB   12 MB/s   5m33s[K[?25h[?2026l[?2026h[?25l[A[1Gpulling manifest [K
pulling 0624ba75c3ce:  48% ▕████████          ▏ 3.7 GB/7.7 GB   12 MB/s   5m27s[K[?25h[?2026l[?2026h[?25l[A[1Gpulling manifest [K
pulling 0624ba75c3ce:  48% ▕████████          ▏ 3.7 GB/7.7 GB   12 MB/s   5m27s[K[?25h[?2026l[?2026h[?25l[A[1Gpulling manifest [K
pulling 0624ba75c3ce:  48% ▕████████          ▏ 3.7 GB/7.7 GB   12 MB/s   5m27s[K[?25h[?2026l[?2026h[?25l[A[1Gpulling manifest [K
pulling 0624ba75c3ce:  48% ▕████████          ▏ 3.7 GB/7.7 GB   12 MB/s   5m26s[K[?25h[?2026l[?2026h[?25l[A[1Gpulling manifest [K
pulling 0624ba75c3ce:  48% ▕████████          ▏ 3.7 GB/7.7 GB   12 MB/s   5m26s[K[?25h[?2026l[?2026h[?25l[A[1Gpulling manifest [K
pulling 0624ba75c3ce:  48% ▕████████          ▏ 3.7 GB/7.7 GB   12 MB/s   5m26s[K[?25h[?2026l[?2026h[?25l[A[1Gpulling manifest [K
pulling 0624ba75c3ce:  48% ▕████████          ▏ 3.7 GB/7.7 GB   12 MB/s   5m26s[K[?25h[?2026l[?2026h[?25l[A[1Gpulling manifest [K
pulling 0624ba75c3ce:  48% ▕████████          ▏ 3.7 GB/7.7 GB   12 MB/s   5m26s[K[?25h[?2026l[?2026h[?25l[A[1Gpulling manifest [K
pulling 0624ba75c3ce:  48% ▕████████          ▏ 3.7 GB/7.7 GB   12 MB/s   5m26s[K[?25h[?2026l[?2026h[?25l[A[1Gpulling manifest [K
pulling 0624ba75c3ce:  48% ▕████████          ▏ 3.7 GB/7.7 GB   12 MB/s   5m26s[K[?25h[?2026l[?2026h[?25l[A[1Gpulling manifest [K
pulling 0624ba75c3ce:  48% ▕████████          ▏ 3.7 GB/7.7 GB   12 MB/s   5m21s[K[?25h[?2026l[?2026h[?25l[A[1Gpulling manifest [K
pulling 0624ba75c3ce:  48% ▕████████          ▏ 3.7 GB/7.7 GB   12 MB/s   5m21s[K[?25h[?2026l[?2026h[?25l[A[1Gpulling manifest [K
pulling 0624ba75c3ce:  48% ▕████████          ▏ 3.7 GB/7.7 GB   12 MB/s   5m21s[K[?25h[?2026l[?2026h[?25l[A[1Gpulling manifest [K
pulling 0624ba75c3ce:  48% ▕████████          ▏ 3.7 GB/7.7 GB   12 MB/s   5m20s[K[?25h[?2026l[?2026h[?25l[A[1Gpulling manifest [K
pulling 0624ba75c3ce:  48% ▕████████          ▏ 3.7 GB/7.7 GB   12 MB/s   5m20s[K[?25h[?2026l[?2026h[?25l[A[1Gpulling manifest [K
pulling 0624ba75c3ce:  48% ▕████████          ▏ 3.7 GB/7.7 GB   12 MB/s   5m20s[K[?25h[?2026l[?2026h[?25l[A[1Gpulling manifest [K
pulling 0624ba75c3ce:  48% ▕████████          ▏ 3.7 GB/7.7 GB   12 MB/s   5m20s[K[?25h[?2026l[?2026h[?25l[A[1Gpulling manifest [K
pulling 0624ba75c3ce:  48% ▕████████          ▏ 3.7 GB/7.7 GB   12 MB/s   5m20s[K[?25h[?2026l[?2026h[?25l[A[1Gpulling manifest [K
pulling 0624ba75c3ce:  48% ▕████████          ▏ 3.7 GB/7.7 GB   12 MB/s   5m20s[K[?25h[?2026l[?2026h[?25l[A[1Gpulling manifest [K
pulling 0624ba75c3ce:  48% ▕████████          ▏ 3.7 GB/7.7 GB   12 MB/s   5m20s[K[?25h[?2026l[?2026h[?25l[A[1Gpulling manifest [K
pulling 0624ba75c3ce:  48% ▕████████          ▏ 3.7 GB/7.7 GB   12 MB/s   5m20s[K[?25h[?2026l[?2026h[?25l[A[1Gpulling manifest [K
pulling 0624ba75c3ce:  48% ▕████████          ▏ 3.7 GB/7.7 GB   12 MB/s   5m23s[K[?25h[?2026l[?2026h[?25l[A[1Gpulling manifest [K
pulling 0624ba75c3ce:  48% ▕████████          ▏ 3.7 GB/7.7 GB   12 MB/s   5m22s[K[?25h[?2026l[?2026h[?25l[A[1Gpulling manifest [K
pulling 0624ba75c3ce:  48% ▕████████          ▏ 3.7 GB/7.7 GB   12 MB/s   5m22s[K[?25h[?2026l[?2026h[?25l[A[1Gpulling manifest [K
pulling 0624ba75c3ce:  48% ▕████████          ▏ 3.7 GB/7.7 GB   12 MB/s   5m22s[K[?25h[?2026l[?2026h[?25l[A[1Gpulling manifest [K
pulling 0624ba75c3ce:  48% ▕████████          ▏ 3.7 GB/7.7 GB   12 MB/s   5m22s[K[?25h[?2026l[?2026h[?25l[A[1Gpulling manifest [K
pulling 0624ba75c3ce:  48% ▕████████          ▏ 3.7 GB/7.7 GB   12 MB/s   5m22s[K[?25h[?2026l[?2026h[?25l[A[1Gpulling manifest [K
pulling 0624ba75c3ce:  48% ▕████████          ▏ 3.7 GB/7.7 GB   12 MB/s   5m22s[K[?25h[?2026l[?2026h[?25l[A[1Gpulling manifest [K
pulling 0624ba75c3ce:  48% ▕████████          ▏ 3.7 GB/7.7 GB   12 MB/s   5m22s[K[?25h[?2026l[?2026h[?25l[A[1Gpulling manifest [K
pulling 0624ba75c3ce:  48% ▕████████          ▏ 3.7 GB/7.7 GB   12 MB/s   5m22s[K[?25h[?2026l[?2026h[?25l[A[1Gpulling manifest [K
pulling 0624ba75c3ce:  48% ▕████████          ▏ 3.7 GB/7.7 GB   12 MB/s   5m22s[K[?25h[?2026l[?2026h[?25l[A[1Gpulling manifest [K
pulling 0624ba75c3ce:  48% ▕████████          ▏ 3.7 GB/7.7 GB   12 MB/s   5m23s[K[?25h[?2026l[?2026h[?25l[A[1Gpulling manifest [K
pulling 0624ba75c3ce:  48% ▕████████          ▏ 3.7 GB/7.7 GB   12 MB/s   5m23s[K[?25h[?2026l[?2026h[?25l[A[1Gpulling manifest [K
pulling 0624ba75c3ce:  48% ▕████████          ▏ 3.7 GB/7.7 GB   12 MB/s   5m23s[K[?25h[?2026l[?2026h[?25l[A[1Gpulling manifest [K
pulling 0624ba75c3ce:  48% ▕████████          ▏ 3.7 GB/7.7 GB   12 MB/s   5m23s[K[?25h[?2026l[?2026h[?25l[A[1Gpulling manifest [K
pulling 0624ba75c3ce:  48% ▕████████          ▏ 3.7 GB/7.7 GB   12 MB/s   5m23s[K[?25h[?2026l[?2026h[?25l[A[1Gpulling manifest [K
pulling 0624ba75c3ce:  48% ▕████████          ▏ 3.7 GB/7.7 GB   12 MB/s   5m23s[K[?25h[?2026l[?2026h[?25l[A[1Gpulling manifest [K
pulling 0624ba75c3ce:  48% ▕████████          ▏ 3.7 GB/7.7 GB   12 MB/s   5m23s[K[?25h[?2026l[?2026h[?25l[A[1Gpulling manifest [K
pulling 0624ba75c3ce:  48% ▕████████          ▏ 3.7 GB/7.7 GB   12 MB/s   5m23s[K[?25h[?2026l[?2026h[?25l[A[1Gpulling manifest [K
pulling 0624ba75c3ce:  48% ▕████████          ▏ 3.7 GB/7.7 GB   12 MB/s   5m22s[K[?25h[?2026l[?2026h[?25l[A[1Gpulling manifest [K
pulling 0624ba75c3ce:  48% ▕████████          ▏ 3.7 GB/7.7 GB   12 MB/s   5m22s[K[?25h[?2026l[?2026h[?25l[A[1Gpulling manifest [K
pulling 0624ba75c3ce:  48% ▕████████          ▏ 3.7 GB/7.7 GB   12 MB/s   5m28s[K[?25h[?2026l[?2026h[?25l[A[1Gpulling manifest [K
pulling 0624ba75c3ce:  48% ▕████████          ▏ 3.7 GB/7.7 GB   12 MB/s   5m28s[K[?25h[?2026l[?2026h[?25l[A[1Gpulling manifest [K
pulling 0624ba75c3ce:  48% ▕████████          ▏ 3.7 GB/7.7 GB   12 MB/s   5m28s[K[?25h[?2026l[?2026h[?25l[A[1Gpulling manifest [K
pulling 0624ba75c3ce:  48% ▕████████          ▏ 3.7 GB/7.7 GB   12 MB/s   5m28s[K[?25h[?2026l[?2026h[?25l[A[1Gpulling manifest [K
pulling 0624ba75c3ce:  48% ▕████████          ▏ 3.7 GB/7.7 GB   12 MB/s   5m28s[K[?25h[?2026l[?2026h[?25l[A[1Gpulling manifest [K
pulling 0624ba75c3ce:  48% ▕████████          ▏ 3.7 GB/7.7 GB   12 MB/s   5m28s[K[?25h[?2026l[?2026h[?25l[A[1Gpulling manifest [K
pulling 0624ba75c3ce:  48% ▕████████          ▏ 3.7 GB/7.7 GB   12 MB/s   5m28s[K[?25h[?2026l[?2026h[?25l[A[1Gpulling manifest [K
pulling 0624ba75c3ce:  48% ▕████████          ▏ 3.7 GB/7.7 GB   12 MB/s   5m28s[K[?25h[?2026l[?2026h[?25l[A[1Gpulling manifest [K
pulling 0624ba75c3ce:  48% ▕████████          ▏ 3.7 GB/7.7 GB   12 MB/s   5m28s[K[?25h[?2026l[?2026h[?25l[A[1Gpulling manifest [K
pulling 0624ba75c3ce:  48% ▕████████          ▏ 3.7 GB/7.7 GB   12 MB/s   5m28s[K[?25h[?2026l[?2026h[?25l[A[1Gpulling manifest [K
pulling 0624ba75c3ce:  48% ▕████████          ▏ 3.7 GB/7.7 GB   12 MB/s   5m30s[K[?25h[?2026l[?2026h[?25l[A[1Gpulling manifest [K
pulling 0624ba75c3ce:  48% ▕████████          ▏ 3.7 GB/7.7 GB   12 MB/s   5m30s[K[?25h[?2026l[?2026h[?25l[A[1Gpulling manifest [K
pulling 0624ba75c3ce:  48% ▕████████          ▏ 3.7 GB/7.7 GB   12 MB/s   5m30s[K[?25h[?2026l[?2026h[?25l[A[1Gpulling manifest [K
pulling 0624ba75c3ce:  48% ▕████████          ▏ 3.7 GB/7.7 GB   12 MB/s   5m30s[K[?25h[?2026l[?2026h[?25l[A[1Gpulling manifest [K
pulling 0624ba75c3ce:  48% ▕████████          ▏ 3.7 GB/7.7 GB   12 MB/s   5m29s[K[?25h[?2026l[?2026h[?25l[A[1Gpulling manifest [K
pulling 0624ba75c3ce:  48% ▕████████          ▏ 3.7 GB/7.7 GB   12 MB/s   5m29s[K[?25h[?2026l[?2026h[?25l[A[1Gpulling manifest [K
pulling 0624ba75c3ce:  48% ▕████████          ▏ 3.7 GB/7.7 GB   12 MB/s   5m29s[K[?25h[?2026l[?2026h[?25l[A[1Gpulling manifest [K
pulling 0624ba75c3ce:  48% ▕████████          ▏ 3.7 GB/7.7 GB   12 MB/s   5m29s[K[?25h[?2026l[?2026h[?25l[A[1Gpulling manifest [K
pulling 0624ba75c3ce:  48% ▕████████          ▏ 3.7 GB/7.7 GB   12 MB/s   5m29s[K[?25h[?2026l[?2026h[?25l[A[1Gpulling manifest [K
pulling 0624ba75c3ce:  48% ▕████████          ▏ 3.7 GB/7.7 GB   12 MB/s   5m29s[K[?25h[?2026l[?2026h[?25l[A[1Gpulling manifest [K
pulling 0624ba75c3ce:  49% ▕████████          ▏ 3.7 GB/7.7 GB   11 MB/s   5m33s[K[?25h[?2026l[?2026h[?25l[A[1Gpulling manifest [K
pulling 0624ba75c3ce:  49% ▕████████          ▏ 3.7 GB/7.7 GB   11 MB/s   5m33s[K[?25h[?2026l[?2026h[?25l[A[1Gpulling manifest [K
pulling 0624ba75c3ce:  49% ▕████████          ▏ 3.7 GB/7.7 GB   11 MB/s   5m33s[K[?25h[?2026l[?2026h[?25l[A[1Gpulling manifest [K
pulling 0624ba75c3ce:  49% ▕████████          ▏ 3.7 GB/7.7 GB   11 MB/s   5m32s[K[?25h[?2026l[?2026h[?25l[A[1Gpulling manifest [K
pulling 0624ba75c3ce:  49% ▕████████          ▏ 3.7 GB/7.7 GB   11 MB/s   5m32s[K[?25h[?2026l[?2026h[?25l[A[1Gpulling manifest [K
pulling 0624ba75c3ce:  49% ▕████████          ▏ 3.7 GB/7.7 GB   11 MB/s   5m32s[K[?25h[?2026l[?2026h[?25l[A[1Gpulling manifest [K
pulling 0624ba75c3ce:  49% ▕████████          ▏ 3.7 GB/7.7 GB   11 MB/s   5m32s[K[?25h[?2026l[?2026h[?25l[A[1Gpulling manifest [K
pulling 0624ba75c3ce:  49% ▕████████          ▏ 3.7 GB/7.7 GB   11 MB/s   5m32s[K[?25h[?2026l[?2026h[?25l[A[1Gpulling manifest [K
pulling 0624ba75c3ce:  49% ▕████████          ▏ 3.7 GB/7.7 GB   11 MB/s   5m32s[K[?25h[?2026l[?2026h[?25l[A[1Gpulling manifest [K
pulling 0624ba75c3ce:  49% ▕████████          ▏ 3.7 GB/7.7 GB   11 MB/s   5m32s[K[?25h[?2026l[?2026h[?25l[A[1Gpulling manifest [K
pulling 0624ba75c3ce:  49% ▕████████          ▏ 3.7 GB/7.7 GB   11 MB/s   5m32s[K[?25h[?2026l[?2026h[?25l[A[1Gpulling manifest [K
pulling 0624ba75c3ce:  49% ▕████████          ▏ 3.7 GB/7.7 GB   12 MB/s   5m28s[K[?25h[?2026l[?2026h[?25l[A[1Gpulling manifest [K
pulling 0624ba75c3ce:  49% ▕████████          ▏ 3.7 GB/7.7 GB   12 MB/s   5m28s[K[?25h[?2026l[?2026h[?25l[A[1Gpulling manifest [K
pulling 0624ba75c3ce:  49% ▕████████          ▏ 3.7 GB/7.7 GB   12 MB/s   5m28s[K[?25h[?2026l[?2026h[?25l[A[1Gpulling manifest [K
pulling 0624ba75c3ce:  49% ▕████████          ▏ 3.7 GB/7.7 GB   12 MB/s   5m28s[K[?25h[?2026l[?2026h[?25l[A[1Gpulling manifest [K
pulling 0624ba75c3ce:  49% ▕████████          ▏ 3.8 GB/7.7 GB   12 MB/s   5m28s[K[?25h[?2026l[?2026h[?25l[A[1Gpulling manifest [K
pulling 0624ba75c3ce:  49% ▕████████          ▏ 3.8 GB/7.7 GB   12 MB/s   5m28s[K[?25h[?2026l[?2026h[?25l[A[1Gpulling manifest [K
pulling 0624ba75c3ce:  49% ▕████████          ▏ 3.8 GB/7.7 GB   12 MB/s   5m27s[K[?25h[?2026l[?2026h[?25l[A[1Gpulling manifest [K
pulling 0624ba75c3ce:  49% ▕████████          ▏ 3.8 GB/7.7 GB   12 MB/s   5m27s[K[?25h[?2026l[?2026h[?25l[A[1Gpulling manifest [K
pulling 0624ba75c3ce:  49% ▕████████          ▏ 3.8 GB/7.7 GB   12 MB/s   5m27s[K[?25h[?2026l[?2026h[?25l[A[1Gpulling manifest [K
pulling 0624ba75c3ce:  49% ▕████████          ▏ 3.8 GB/7.7 GB   12 MB/s   5m27s[K[?25h[?2026l[?2026h[?25l[A[1Gpulling manifest [K
pulling 0624ba75c3ce:  49% ▕████████          ▏ 3.8 GB/7.7 GB   11 MB/s   5m33s[K[?25h[?2026l[?2026h[?25l[A[1Gpulling manifest [K
pulling 0624ba75c3ce:  49% ▕████████          ▏ 3.8 GB/7.7 GB   11 MB/s   5m33s[K[?25h[?2026l[?2026h[?25l[A[1Gpulling manifest [K
pulling 0624ba75c3ce:  49% ▕████████          ▏ 3.8 GB/7.7 GB   11 MB/s   5m33s[K[?25h[?2026l[?2026h[?25l[A[1Gpulling manifest [K
pulling 0624ba75c3ce:  49% ▕████████          ▏ 3.8 GB/7.7 GB   11 MB/s   5m32s[K[?25h[?2026l[?2026h[?25l[A[1Gpulling manifest [K
pulling 0624ba75c3ce:  49% ▕████████          ▏ 3.8 GB/7.7 GB   11 MB/s   5m32s[K[?25h[?2026l[?2026h[?25l[A[1Gpulling manifest [K
pulling 0624ba75c3ce:  49% ▕████████          ▏ 3.8 GB/7.7 GB   11 MB/s   5m32s[K[?25h[?2026l[?2026h[?25l[A[1Gpulling manifest [K
pulling 0624ba75c3ce:  49% ▕████████          ▏ 3.8 GB/7.7 GB   11 MB/s   5m32s[K[?25h[?2026l[?2026h[?25l[A[1Gpulling manifest [K
pulling 0624ba75c3ce:  49% ▕████████          ▏ 3.8 GB/7.7 GB   11 MB/s   5m32s[K[?25h[?2026l[?2026h[?25l[A[1Gpulling manifest [K
pulling 0624ba75c3ce:  49% ▕████████          ▏ 3.8 GB/7.7 GB   11 MB/s   5m32s[K[?25h[?2026l[?2026h[?25l[A[1Gpulling manifest [K
pulling 0624ba75c3ce:  49% ▕████████          ▏ 3.8 GB/7.7 GB   11 MB/s   5m32s[K[?25h[?2026l[?2026h[?25l[A[1Gpulling manifest [K
pulling 0624ba75c3ce:  49% ▕████████          ▏ 3.8 GB/7.7 GB   11 MB/s   5m36s[K[?25h[?2026l[?2026h[?25l[A[1Gpulling manifest [K
pulling 0624ba75c3ce:  49% ▕████████          ▏ 3.8 GB/7.7 GB   11 MB/s   5m36s[K[?25h[?2026l[?2026h[?25l[A[1Gpulling manifest [K
pulling 0624ba75c3ce:  49% ▕████████          ▏ 3.8 GB/7.7 GB   11 MB/s   5m36s[K[?25h[?2026l[?2026h[?25l[A[1Gpulling manifest [K
pulling 0624ba75c3ce:  49% ▕████████          ▏ 3.8 GB/7.7 GB   11 MB/s   5m36s[K[?25h[?2026l[?2026h[?25l[A[1Gpulling manifest [K
pulling 0624ba75c3ce:  49% ▕████████          ▏ 3.8 GB/7.7 GB   11 MB/s   5m36s[K[?25h[?2026l[?2026h[?25l[A[1Gpulling manifest [K
pulling 0624ba75c3ce:  49% ▕████████          ▏ 3.8 GB/7.7 GB   11 MB/s   5m36s[K[?25h[?2026l[?2026h[?25l[A[1Gpulling manifest [K
pulling 0624ba75c3ce:  49% ▕████████          ▏ 3.8 GB/7.7 GB   11 MB/s   5m36s[K[?25h[?2026l[?2026h[?25l[A[1Gpulling manifest [K
pulling 0624ba75c3ce:  49% ▕████████          ▏ 3.8 GB/7.7 GB   11 MB/s   5m36s[K[?25h[?2026l[?2026h[?25l[A[1Gpulling manifest [K
pulling 0624ba75c3ce:  49% ▕████████          ▏ 3.8 GB/7.7 GB   11 MB/s   5m36s[K[?25h[?2026l[?2026h[?25l[A[1Gpulling manifest [K
pulling 0624ba75c3ce:  49% ▕████████          ▏ 3.8 GB/7.7 GB   11 MB/s   5m35s[K[?25h[?2026l[?2026h[?25l[A[1Gpulling manifest [K
pulling 0624ba75c3ce:  49% ▕████████          ▏ 3.8 GB/7.7 GB   11 MB/s   5m39s[K[?25h[?2026l[?2026h[?25l[A[1Gpulling manifest [K
pulling 0624ba75c3ce:  49% ▕████████          ▏ 3.8 GB/7.7 GB   11 MB/s   5m39s[K[?25h[?2026l[?2026h[?25l[A[1Gpulling manifest [K
pulling 0624ba75c3ce:  49% ▕████████          ▏ 3.8 GB/7.7 GB   11 MB/s   5m39s[K[?25h[?2026l[?2026h[?25l[A[1Gpulling manifest [K
pulling 0624ba75c3ce:  49% ▕████████          ▏ 3.8 GB/7.7 GB   11 MB/s   5m39s[K[?25h[?2026l[?2026h[?25l[A[1Gpulling manifest [K
pulling 0624ba75c3ce:  49% ▕████████          ▏ 3.8 GB/7.7 GB   11 MB/s   5m39s[K[?25h[?2026l[?2026h[?25l[A[1Gpulling manifest [K
pulling 0624ba75c3ce:  49% ▕████████          ▏ 3.8 GB/7.7 GB   11 MB/s   5m38s[K[?25h[?2026l[?2026h[?25l[A[1Gpulling manifest [K
pulling 0624ba75c3ce:  49% ▕████████          ▏ 3.8 GB/7.7 GB   11 MB/s   5m38s[K[?25h[?2026l[?2026h[?25l[A[1Gpulling manifest [K
pulling 0624ba75c3ce:  49% ▕████████          ▏ 3.8 GB/7.7 GB   11 MB/s   5m38s[K[?25h[?2026l[?2026h[?25l[A[1Gpulling manifest [K
pulling 0624ba75c3ce:  49% ▕████████          ▏ 3.8 GB/7.7 GB   11 MB/s   5m38s[K[?25h[?2026l[?2026h[?25l[A[1Gpulling manifest [K
pulling 0624ba75c3ce:  49% ▕████████          ▏ 3.8 GB/7.7 GB   11 MB/s   5m38s[K[?25h[?2026l[?2026h[?25l[A[1Gpulling manifest [K
pulling 0624ba75c3ce:  49% ▕████████          ▏ 3.8 GB/7.7 GB   11 MB/s   5m38s[K[?25h[?2026l[?2026h[?25l[A[1Gpulling manifest [K
pulling 0624ba75c3ce:  49% ▕████████          ▏ 3.8 GB/7.7 GB   11 MB/s   5m38s[K[?25h[?2026l[?2026h[?25l[A[1Gpulling manifest [K
pulling 0624ba75c3ce:  49% ▕████████          ▏ 3.8 GB/7.7 GB   11 MB/s   5m37s[K[?25h[?2026l[?2026h[?25l[A[1Gpulling manifest [K
pulling 0624ba75c3ce:  49% ▕████████          ▏ 3.8 GB/7.7 GB   11 MB/s   5m37s[K[?25h[?2026l[?2026h[?25l[A[1Gpulling manifest [K
pulling 0624ba75c3ce:  49% ▕████████          ▏ 3.8 GB/7.7 GB   11 MB/s   5m37s[K[?25h[?2026l[?2026h[?25l[A[1Gpulling manifest [K
pulling 0624ba75c3ce:  49% ▕████████          ▏ 3.8 GB/7.7 GB   11 MB/s   5m37s[K[?25h[?2026l[?2026h[?25l[A[1Gpulling manifest [K
pulling 0624ba75c3ce:  49% ▕████████          ▏ 3.8 GB/7.7 GB   11 MB/s   5m37s[K[?25h[?2026l[?2026h[?25l[A[1Gpulling manifest [K
pulling 0624ba75c3ce:  49% ▕████████          ▏ 3.8 GB/7.7 GB   11 MB/s   5m37s[K[?25h[?2026l[?2026h[?25l[A[1Gpulling manifest [K
pulling 0624ba75c3ce:  49% ▕████████          ▏ 3.8 GB/7.7 GB   11 MB/s   5m37s[K[?25h[?2026l[?2026h[?25l[A[1Gpulling manifest [K
pulling 0624ba75c3ce:  49% ▕████████          ▏ 3.8 GB/7.7 GB   11 MB/s   5m37s[K[?25h[?2026l[?2026h[?25l[A[1Gpulling manifest [K
pulling 0624ba75c3ce:  49% ▕████████          ▏ 3.8 GB/7.7 GB   11 MB/s   5m37s[K[?25h[?2026l[?2026h[?25l[A[1Gpulling manifest [K
pulling 0624ba75c3ce:  49% ▕████████          ▏ 3.8 GB/7.7 GB   11 MB/s   5m37s[K[?25h[?2026l[?2026h[?25l[A[1Gpulling manifest [K
pulling 0624ba75c3ce:  49% ▕████████          ▏ 3.8 GB/7.7 GB   11 MB/s   5m37s[K[?25h[?2026l[?2026h[?25l[A[1Gpulling manifest [K
pulling 0624ba75c3ce:  49% ▕████████          ▏ 3.8 GB/7.7 GB   11 MB/s   5m37s[K[?25h[?2026l[?2026h[?25l[A[1Gpulling manifest [K
pulling 0624ba75c3ce:  49% ▕████████          ▏ 3.8 GB/7.7 GB   11 MB/s   5m37s[K[?25h[?2026l[?2026h[?25l[A[1Gpulling manifest [K
pulling 0624ba75c3ce:  49% ▕████████          ▏ 3.8 GB/7.7 GB   11 MB/s   5m37s[K[?25h[?2026l[?2026h[?25l[A[1Gpulling manifest [K
pulling 0624ba75c3ce:  50% ▕████████          ▏ 3.8 GB/7.7 GB   11 MB/s   5m37s[K[?25h[?2026l[?2026h[?25l[A[1Gpulling manifest [K
pulling 0624ba75c3ce:  50% ▕████████          ▏ 3.8 GB/7.7 GB   11 MB/s   5m37s[K[?25h[?2026l[?2026h[?25l[A[1Gpulling manifest [K
pulling 0624ba75c3ce:  50% ▕████████          ▏ 3.8 GB/7.7 GB   11 MB/s   5m37s[K[?25h[?2026l[?2026h[?25l[A[1Gpulling manifest [K
pulling 0624ba75c3ce:  50% ▕████████          ▏ 3.8 GB/7.7 GB   11 MB/s   5m37s[K[?25h[?2026l[?2026h[?25l[A[1Gpulling manifest [K
pulling 0624ba75c3ce:  50% ▕████████          ▏ 3.8 GB/7.7 GB   11 MB/s   5m37s[K[?25h[?2026l[?2026h[?25l[A[1Gpulling manifest [K
pulling 0624ba75c3ce:  50% ▕████████          ▏ 3.8 GB/7.7 GB   11 MB/s   5m34s[K[?25h[?2026l[?2026h[?25l[A[1Gpulling manifest [K
pulling 0624ba75c3ce:  50% ▕████████          ▏ 3.8 GB/7.7 GB   11 MB/s   5m34s[K[?25h[?2026l[?2026h[?25l[A[1Gpulling manifest [K
pulling 0624ba75c3ce:  50% ▕████████          ▏ 3.8 GB/7.7 GB   11 MB/s   5m34s[K[?25h[?2026l[?2026h[?25l[A[1Gpulling manifest [K
pulling 0624ba75c3ce:  50% ▕████████          ▏ 3.8 GB/7.7 GB   11 MB/s   5m34s[K[?25h[?2026l[?2026h[?25l[A[1Gpulling manifest [K
pulling 0624ba75c3ce:  50% ▕████████          ▏ 3.8 GB/7.7 GB   11 MB/s   5m34s[K[?25h[?2026l[?2026h[?25l[A[1Gpulling manifest [K
pulling 0624ba75c3ce:  50% ▕████████          ▏ 3.8 GB/7.7 GB   11 MB/s   5m33s[K[?25h[?2026l[?2026h[?25l[A[1Gpulling manifest [K
pulling 0624ba75c3ce:  50% ▕████████          ▏ 3.8 GB/7.7 GB   11 MB/s   5m33s[K[?25h[?2026l[?2026h[?25l[A[1Gpulling manifest [K
pulling 0624ba75c3ce:  50% ▕████████          ▏ 3.8 GB/7.7 GB   11 MB/s   5m33s[K[?25h[?2026l[?2026h[?25l[A[1Gpulling manifest [K
pulling 0624ba75c3ce:  50% ▕████████          ▏ 3.8 GB/7.7 GB   11 MB/s   5m33s[K[?25h[?2026l[?2026h[?25l[A[1Gpulling manifest [K
pulling 0624ba75c3ce:  50% ▕████████          ▏ 3.8 GB/7.7 GB   11 MB/s   5m33s[K[?25h[?2026l[?2026h[?25l[A[1Gpulling manifest [K
pulling 0624ba75c3ce:  50% ▕████████          ▏ 3.8 GB/7.7 GB   11 MB/s   5m32s[K[?25h[?2026l[?2026h[?25l[A[1Gpulling manifest [K
pulling 0624ba75c3ce:  50% ▕████████          ▏ 3.8 GB/7.7 GB   11 MB/s   5m32s[K[?25h[?2026l[?2026h[?25l[A[1Gpulling manifest [K
pulling 0624ba75c3ce:  50% ▕████████          ▏ 3.8 GB/7.7 GB   11 MB/s   5m32s[K[?25h[?2026l[?2026h[?25l[A[1Gpulling manifest [K
pulling 0624ba75c3ce:  50% ▕████████          ▏ 3.8 GB/7.7 GB   11 MB/s   5m31s[K[?25h[?2026l[?2026h[?25l[A[1Gpulling manifest [K
pulling 0624ba75c3ce:  50% ▕████████          ▏ 3.8 GB/7.7 GB   11 MB/s   5m31s[K[?25h[?2026l[?2026h[?25l[A[1Gpulling manifest [K
pulling 0624ba75c3ce:  50% ▕████████          ▏ 3.8 GB/7.7 GB   11 MB/s   5m31s[K[?25h[?2026l[?2026h[?25l[A[1Gpulling manifest [K
pulling 0624ba75c3ce:  50% ▕████████          ▏ 3.8 GB/7.7 GB   11 MB/s   5m31s[K[?25h[?2026l[?2026h[?25l[A[1Gpulling manifest [K
pulling 0624ba75c3ce:  50% ▕████████          ▏ 3.8 GB/7.7 GB   11 MB/s   5m31s[K[?25h[?2026l[?2026h[?25l[A[1Gpulling manifest [K
pulling 0624ba75c3ce:  50% ▕████████          ▏ 3.8 GB/7.7 GB   11 MB/s   5m31s[K[?25h[?2026l[?2026h[?25l[A[1Gpulling manifest [K
pulling 0624ba75c3ce:  50% ▕████████          ▏ 3.8 GB/7.7 GB   11 MB/s   5m31s[K[?25h[?2026l[?2026h[?25l[A[1Gpulling manifest [K
pulling 0624ba75c3ce:  50% ▕████████          ▏ 3.8 GB/7.7 GB   11 MB/s   5m27s[K[?25h[?2026l[?2026h[?25l[A[1Gpulling manifest [K
pulling 0624ba75c3ce:  50% ▕████████          ▏ 3.8 GB/7.7 GB   11 MB/s   5m27s[K[?25h[?2026l[?2026h[?25l[A[1Gpulling manifest [K
pulling 0624ba75c3ce:  50% ▕████████          ▏ 3.8 GB/7.7 GB   11 MB/s   5m27s[K[?25h[?2026l[?2026h[?25l[A[1Gpulling manifest [K
pulling 0624ba75c3ce:  50% ▕████████          ▏ 3.8 GB/7.7 GB   11 MB/s   5m27s[K[?25h[?2026l[?2026h[?25l[A[1Gpulling manifest [K
pulling 0624ba75c3ce:  50% ▕████████          ▏ 3.8 GB/7.7 GB   11 MB/s   5m27s[K[?25h[?2026l[?2026h[?25l[A[1Gpulling manifest [K
pulling 0624ba75c3ce:  50% ▕████████          ▏ 3.8 GB/7.7 GB   11 MB/s   5m27s[K[?25h[?2026l[?2026h[?25l[A[1Gpulling manifest [K
pulling 0624ba75c3ce:  50% ▕████████          ▏ 3.8 GB/7.7 GB   11 MB/s   5m27s[K[?25h[?2026l[?2026h[?25l[A[1Gpulling manifest [K
pulling 0624ba75c3ce:  50% ▕████████          ▏ 3.8 GB/7.7 GB   11 MB/s   5m27s[K[?25h[?2026l[?2026h[?25l[A[1Gpulling manifest [K
pulling 0624ba75c3ce:  50% ▕████████          ▏ 3.8 GB/7.7 GB   11 MB/s   5m27s[K[?25h[?2026l[?2026h[?25l[A[1Gpulling manifest [K
pulling 0624ba75c3ce:  50% ▕█████████         ▏ 3.8 GB/7.7 GB   11 MB/s   5m27s[K[?25h[?2026l[?2026h[?25l[A[1Gpulling manifest [K
pulling 0624ba75c3ce:  50% ▕█████████         ▏ 3.8 GB/7.7 GB   11 MB/s   5m33s[K[?25h[?2026l[?2026h[?25l[A[1Gpulling manifest [K
pulling 0624ba75c3ce:  50% ▕█████████         ▏ 3.9 GB/7.7 GB   11 MB/s   5m33s[K[?25h[?2026l[?2026h[?25l[A[1Gpulling manifest [K
pulling 0624ba75c3ce:  50% ▕█████████         ▏ 3.9 GB/7.7 GB   11 MB/s   5m33s[K[?25h[?2026l[?2026h[?25l[A[1Gpulling manifest [K
pulling 0624ba75c3ce:  50% ▕█████████         ▏ 3.9 GB/7.7 GB   11 MB/s   5m32s[K[?25h[?2026l[?2026h[?25l[A[1Gpulling manifest [K
pulling 0624ba75c3ce:  50% ▕█████████         ▏ 3.9 GB/7.7 GB   11 MB/s   5m32s[K[?25h[?2026l[?2026h[?25l[A[1Gpulling manifest [K
pulling 0624ba75c3ce:  50% ▕█████████         ▏ 3.9 GB/7.7 GB   11 MB/s   5m32s[K[?25h[?2026l[?2026h[?25l[A[1Gpulling manifest [K
pulling 0624ba75c3ce:  50% ▕█████████         ▏ 3.9 GB/7.7 GB   11 MB/s   5m32s[K[?25h[?2026l[?2026h[?25l[A[1Gpulling manifest [K
pulling 0624ba75c3ce:  50% ▕█████████         ▏ 3.9 GB/7.7 GB   11 MB/s   5m32s[K[?25h[?2026l[?2026h[?25l[A[1Gpulling manifest [K
pulling 0624ba75c3ce:  50% ▕█████████         ▏ 3.9 GB/7.7 GB   11 MB/s   5m32s[K[?25h[?2026l[?2026h[?25l[A[1Gpulling manifest [K
pulling 0624ba75c3ce:  50% ▕█████████         ▏ 3.9 GB/7.7 GB   11 MB/s   5m32s[K[?25h[?2026l[?2026h[?25l[A[1Gpulling manifest [K
pulling 0624ba75c3ce:  50% ▕█████████         ▏ 3.9 GB/7.7 GB   11 MB/s   5m32s[K[?25h[?2026l[?2026h[?25l[A[1Gpulling manifest [K
pulling 0624ba75c3ce:  50% ▕█████████         ▏ 3.9 GB/7.7 GB   11 MB/s   5m31s[K[?25h[?2026l[?2026h[?25l[A[1Gpulling manifest [K
pulling 0624ba75c3ce:  50% ▕█████████         ▏ 3.9 GB/7.7 GB   11 MB/s   5m31s[K[?25h[?2026l[?2026h[?25l[A[1Gpulling manifest [K
pulling 0624ba75c3ce:  50% ▕█████████         ▏ 3.9 GB/7.7 GB   11 MB/s   5m31s[K[?25h[?2026l[?2026h[?25l[A[1Gpulling manifest [K
pulling 0624ba75c3ce:  50% ▕█████████         ▏ 3.9 GB/7.7 GB   11 MB/s   5m31s[K[?25h[?2026l[?2026h[?25l[A[1Gpulling manifest [K
pulling 0624ba75c3ce:  50% ▕█████████         ▏ 3.9 GB/7.7 GB   11 MB/s   5m31s[K[?25h[?2026l[?2026h[?25l[A[1Gpulling manifest [K
pulling 0624ba75c3ce:  50% ▕█████████         ▏ 3.9 GB/7.7 GB   11 MB/s   5m31s[K[?25h[?2026l[?2026h[?25l[A[1Gpulling manifest [K
pulling 0624ba75c3ce:  50% ▕█████████         ▏ 3.9 GB/7.7 GB   11 MB/s   5m31s[K[?25h[?2026l[?2026h[?25l[A[1Gpulling manifest [K
pulling 0624ba75c3ce:  50% ▕█████████         ▏ 3.9 GB/7.7 GB   11 MB/s   5m31s[K[?25h[?2026l[?2026h[?25l[A[1Gpulling manifest [K
pulling 0624ba75c3ce:  50% ▕█████████         ▏ 3.9 GB/7.7 GB   11 MB/s   5m31s[K[?25h[?2026l[?2026h[?25l[A[1Gpulling manifest [K
pulling 0624ba75c3ce:  50% ▕█████████         ▏ 3.9 GB/7.7 GB   11 MB/s   5m30s[K[?25h[?2026l[?2026h[?25l[A[1Gpulling manifest [K
pulling 0624ba75c3ce:  50% ▕█████████         ▏ 3.9 GB/7.7 GB   11 MB/s   5m31s[K[?25h[?2026l[?2026h[?25l[A[1Gpulling manifest [K
pulling 0624ba75c3ce:  50% ▕█████████         ▏ 3.9 GB/7.7 GB   11 MB/s   5m31s[K[?25h[?2026l[?2026h[?25l[A[1Gpulling manifest [K
pulling 0624ba75c3ce:  50% ▕█████████         ▏ 3.9 GB/7.7 GB   11 MB/s   5m30s[K[?25h[?2026l[?2026h[?25l[A[1Gpulling manifest [K
pulling 0624ba75c3ce:  50% ▕█████████         ▏ 3.9 GB/7.7 GB   11 MB/s   5m30s[K[?25h[?2026l[?2026h[?25l[A[1Gpulling manifest [K
pulling 0624ba75c3ce:  50% ▕█████████         ▏ 3.9 GB/7.7 GB   11 MB/s   5m30s[K[?25h[?2026l[?2026h[?25l[A[1Gpulling manifest [K
pulling 0624ba75c3ce:  50% ▕█████████         ▏ 3.9 GB/7.7 GB   11 MB/s   5m30s[K[?25h[?2026l[?2026h[?25l[A[1Gpulling manifest [K
pulling 0624ba75c3ce:  50% ▕█████████         ▏ 3.9 GB/7.7 GB   11 MB/s   5m30s[K[?25h[?2026l[?2026h[?25l[A[1Gpulling manifest [K
pulling 0624ba75c3ce:  50% ▕█████████         ▏ 3.9 GB/7.7 GB   11 MB/s   5m30s[K[?25h[?2026l[?2026h[?25l[A[1Gpulling manifest [K
pulling 0624ba75c3ce:  50% ▕█████████         ▏ 3.9 GB/7.7 GB   11 MB/s   5m30s[K[?25h[?2026l[?2026h[?25l[A[1Gpulling manifest [K
pulling 0624ba75c3ce:  50% ▕█████████         ▏ 3.9 GB/7.7 GB   11 MB/s   5m30s[K[?25h[?2026l[?2026h[?25l[A[1Gpulling manifest [K
pulling 0624ba75c3ce:  50% ▕█████████         ▏ 3.9 GB/7.7 GB   11 MB/s   5m29s[K[?25h[?2026l[?2026h[?25l[A[1Gpulling manifest [K
pulling 0624ba75c3ce:  50% ▕█████████         ▏ 3.9 GB/7.7 GB   11 MB/s   5m28s[K[?25h[?2026l[?2026h[?25l[A[1Gpulling manifest [K
pulling 0624ba75c3ce:  50% ▕█████████         ▏ 3.9 GB/7.7 GB   11 MB/s   5m28s[K[?25h[?2026l[?2026h[?25l[A[1Gpulling manifest [K
pulling 0624ba75c3ce:  51% ▕█████████         ▏ 3.9 GB/7.7 GB   11 MB/s   5m28s[K[?25h[?2026l[?2026h[?25l[A[1Gpulling manifest [K
pulling 0624ba75c3ce:  51% ▕█████████         ▏ 3.9 GB/7.7 GB   11 MB/s   5m28s[K[?25h[?2026l[?2026h[?25l[A[1Gpulling manifest [K
pulling 0624ba75c3ce:  51% ▕█████████         ▏ 3.9 GB/7.7 GB   11 MB/s   5m28s[K[?25h[?2026l[?2026h[?25l[A[1Gpulling manifest [K
pulling 0624ba75c3ce:  51% ▕█████████         ▏ 3.9 GB/7.7 GB   11 MB/s   5m28s[K[?25h[?2026l[?2026h[?25l[A[1Gpulling manifest [K
pulling 0624ba75c3ce:  51% ▕█████████         ▏ 3.9 GB/7.7 GB   11 MB/s   5m28s[K[?25h[?2026l[?2026h[?25l[A[1Gpulling manifest [K
pulling 0624ba75c3ce:  51% ▕█████████         ▏ 3.9 GB/7.7 GB   11 MB/s   5m28s[K[?25h[?2026l[?2026h[?25l[A[1Gpulling manifest [K
pulling 0624ba75c3ce:  51% ▕█████████         ▏ 3.9 GB/7.7 GB   11 MB/s   5m28s[K[?25h[?2026l[?2026h[?25l[A[1Gpulling manifest [K
pulling 0624ba75c3ce:  51% ▕█████████         ▏ 3.9 GB/7.7 GB   11 MB/s   5m39s[K[?25h[?2026l[?2026h[?25l[A[1Gpulling manifest [K
pulling 0624ba75c3ce:  51% ▕█████████         ▏ 3.9 GB/7.7 GB   11 MB/s   5m39s[K[?25h[?2026l[?2026h[?25l[A[1Gpulling manifest [K
pulling 0624ba75c3ce:  51% ▕█████████         ▏ 3.9 GB/7.7 GB   11 MB/s   5m39s[K[?25h[?2026l[?2026h[?25l[A[1Gpulling manifest [K
pulling 0624ba75c3ce:  51% ▕█████████         ▏ 3.9 GB/7.7 GB   11 MB/s   5m39s[K[?25h[?2026l[?2026h[?25l[A[1Gpulling manifest [K
pulling 0624ba75c3ce:  51% ▕█████████         ▏ 3.9 GB/7.7 GB   11 MB/s   5m39s[K[?25h[?2026l[?2026h[?25l[A[1Gpulling manifest [K
pulling 0624ba75c3ce:  51% ▕█████████         ▏ 3.9 GB/7.7 GB   11 MB/s   5m38s[K[?25h[?2026l[?2026h[?25l[A[1Gpulling manifest [K
pulling 0624ba75c3ce:  51% ▕█████████         ▏ 3.9 GB/7.7 GB   11 MB/s   5m38s[K[?25h[?2026l[?2026h[?25l[A[1Gpulling manifest [K
pulling 0624ba75c3ce:  51% ▕█████████         ▏ 3.9 GB/7.7 GB   11 MB/s   5m38s[K[?25h[?2026l[?2026h[?25l[A[1Gpulling manifest [K
pulling 0624ba75c3ce:  51% ▕█████████         ▏ 3.9 GB/7.7 GB   11 MB/s   5m38s[K[?25h[?2026l[?2026h[?25l[A[1Gpulling manifest [K
pulling 0624ba75c3ce:  51% ▕█████████         ▏ 3.9 GB/7.7 GB   11 MB/s   5m38s[K[?25h[?2026l[?2026h[?25l[A[1Gpulling manifest [K
pulling 0624ba75c3ce:  51% ▕█████████         ▏ 3.9 GB/7.7 GB   11 MB/s   5m37s[K[?25h[?2026l[?2026h[?25l[A[1Gpulling manifest [K
pulling 0624ba75c3ce:  51% ▕█████████         ▏ 3.9 GB/7.7 GB   11 MB/s   5m37s[K[?25h[?2026l[?2026h[?25l[A[1Gpulling manifest [K
pulling 0624ba75c3ce:  51% ▕█████████         ▏ 3.9 GB/7.7 GB   11 MB/s   5m37s[K[?25h[?2026l[?2026h[?25l[A[1Gpulling manifest [K
pulling 0624ba75c3ce:  51% ▕█████████         ▏ 3.9 GB/7.7 GB   11 MB/s   5m37s[K[?25h[?2026l[?2026h[?25l[A[1Gpulling manifest [K
pulling 0624ba75c3ce:  51% ▕█████████         ▏ 3.9 GB/7.7 GB   11 MB/s   5m36s[K[?25h[?2026l[?2026h[?25l[A[1Gpulling manifest [K
pulling 0624ba75c3ce:  51% ▕█████████         ▏ 3.9 GB/7.7 GB   11 MB/s   5m36s[K[?25h[?2026l[?2026h[?25l[A[1Gpulling manifest [K
pulling 0624ba75c3ce:  51% ▕█████████         ▏ 3.9 GB/7.7 GB   11 MB/s   5m36s[K[?25h[?2026l[?2026h[?25l[A[1Gpulling manifest [K
pulling 0624ba75c3ce:  51% ▕█████████         ▏ 3.9 GB/7.7 GB   11 MB/s   5m36s[K[?25h[?2026l[?2026h[?25l[A[1Gpulling manifest [K
pulling 0624ba75c3ce:  51% ▕█████████         ▏ 3.9 GB/7.7 GB   11 MB/s   5m36s[K[?25h[?2026l[?2026h[?25l[A[1Gpulling manifest [K
pulling 0624ba75c3ce:  51% ▕█████████         ▏ 3.9 GB/7.7 GB   11 MB/s   5m36s[K[?25h[?2026l[?2026h[?25l[A[1Gpulling manifest [K
pulling 0624ba75c3ce:  51% ▕█████████         ▏ 3.9 GB/7.7 GB   11 MB/s   5m36s[K[?25h[?2026l[?2026h[?25l[A[1Gpulling manifest [K
pulling 0624ba75c3ce:  51% ▕█████████         ▏ 3.9 GB/7.7 GB   11 MB/s   5m34s[K[?25h[?2026l[?2026h[?25l[A[1Gpulling manifest [K
pulling 0624ba75c3ce:  51% ▕█████████         ▏ 3.9 GB/7.7 GB   11 MB/s   5m34s[K[?25h[?2026l[?2026h[?25l[A[1Gpulling manifest [K
pulling 0624ba75c3ce:  51% ▕█████████         ▏ 3.9 GB/7.7 GB   11 MB/s   5m34s[K[?25h[?2026l[?2026h[?25l[A[1Gpulling manifest [K
pulling 0624ba75c3ce:  51% ▕█████████         ▏ 3.9 GB/7.7 GB   11 MB/s   5m34s[K[?25h[?2026l[?2026h[?25l[A[1Gpulling manifest [K
pulling 0624ba75c3ce:  51% ▕█████████         ▏ 3.9 GB/7.7 GB   11 MB/s   5m34s[K[?25h[?2026l[?2026h[?25l[A[1Gpulling manifest [K
pulling 0624ba75c3ce:  51% ▕█████████         ▏ 3.9 GB/7.7 GB   11 MB/s   5m34s[K[?25h[?2026l[?2026h[?25l[A[1Gpulling manifest [K
pulling 0624ba75c3ce:  51% ▕█████████         ▏ 3.9 GB/7.7 GB   11 MB/s   5m34s[K[?25h[?2026l[?2026h[?25l[A[1Gpulling manifest [K
pulling 0624ba75c3ce:  51% ▕█████████         ▏ 3.9 GB/7.7 GB   11 MB/s   5m34s[K[?25h[?2026l[?2026h[?25l[A[1Gpulling manifest [K
pulling 0624ba75c3ce:  51% ▕█████████         ▏ 3.9 GB/7.7 GB   11 MB/s   5m33s[K[?25h[?2026l[?2026h[?25l[A[1Gpulling manifest [K
pulling 0624ba75c3ce:  51% ▕█████████         ▏ 3.9 GB/7.7 GB   11 MB/s   5m33s[K[?25h[?2026l[?2026h[?25l[A[1Gpulling manifest [K
pulling 0624ba75c3ce:  51% ▕█████████         ▏ 3.9 GB/7.7 GB   11 MB/s   5m32s[K[?25h[?2026l[?2026h[?25l[A[1Gpulling manifest [K
pulling 0624ba75c3ce:  51% ▕█████████         ▏ 3.9 GB/7.7 GB   11 MB/s   5m32s[K[?25h[?2026l[?2026h[?25l[A[1Gpulling manifest [K
pulling 0624ba75c3ce:  51% ▕█████████         ▏ 3.9 GB/7.7 GB   11 MB/s   5m32s[K[?25h[?2026l[?2026h[?25l[A[1Gpulling manifest [K
pulling 0624ba75c3ce:  51% ▕█████████         ▏ 3.9 GB/7.7 GB   11 MB/s   5m32s[K[?25h[?2026l[?2026h[?25l[A[1Gpulling manifest [K
pulling 0624ba75c3ce:  51% ▕█████████         ▏ 3.9 GB/7.7 GB   11 MB/s   5m32s[K[?25h[?2026l[?2026h[?25l[A[1Gpulling manifest [K
pulling 0624ba75c3ce:  51% ▕█████████         ▏ 3.9 GB/7.7 GB   11 MB/s   5m31s[K[?25h[?2026l[?2026h[?25l[A[1Gpulling manifest [K
pulling 0624ba75c3ce:  51% ▕█████████         ▏ 3.9 GB/7.7 GB   11 MB/s   5m31s[K[?25h[?2026l[?2026h[?25l[A[1Gpulling manifest [K
pulling 0624ba75c3ce:  51% ▕█████████         ▏ 3.9 GB/7.7 GB   11 MB/s   5m31s[K[?25h[?2026l[?2026h[?25l[A[1Gpulling manifest [K
pulling 0624ba75c3ce:  51% ▕█████████         ▏ 3.9 GB/7.7 GB   11 MB/s   5m31s[K[?25h[?2026l[?2026h[?25l[A[1Gpulling manifest [K
pulling 0624ba75c3ce:  51% ▕█████████         ▏ 3.9 GB/7.7 GB   11 MB/s   5m31s[K[?25h[?2026l[?2026h[?25l[A[1Gpulling manifest [K
pulling 0624ba75c3ce:  51% ▕█████████         ▏ 3.9 GB/7.7 GB   11 MB/s   5m30s[K[?25h[?2026l[?2026h[?25l[A[1Gpulling manifest [K
pulling 0624ba75c3ce:  51% ▕█████████         ▏ 3.9 GB/7.7 GB   11 MB/s   5m30s[K[?25h[?2026l[?2026h[?25l[A[1Gpulling manifest [K
pulling 0624ba75c3ce:  51% ▕█████████         ▏ 3.9 GB/7.7 GB   11 MB/s   5m30s[K[?25h[?2026l[?2026h[?25l[A[1Gpulling manifest [K
pulling 0624ba75c3ce:  51% ▕█████████         ▏ 3.9 GB/7.7 GB   11 MB/s   5m30s[K[?25h[?2026l[?2026h[?25l[A[1Gpulling manifest [K
pulling 0624ba75c3ce:  51% ▕█████████         ▏ 3.9 GB/7.7 GB   11 MB/s   5m29s[K[?25h[?2026l[?2026h[?25l[A[1Gpulling manifest [K
pulling 0624ba75c3ce:  51% ▕█████████         ▏ 3.9 GB/7.7 GB   11 MB/s   5m29s[K[?25h[?2026l[?2026h[?25l[A[1Gpulling manifest [K
pulling 0624ba75c3ce:  51% ▕█████████         ▏ 3.9 GB/7.7 GB   11 MB/s   5m29s[K[?25h[?2026l[?2026h[?25l[A[1Gpulling manifest [K
pulling 0624ba75c3ce:  51% ▕█████████         ▏ 3.9 GB/7.7 GB   11 MB/s   5m29s[K[?25h[?2026l[?2026h[?25l[A[1Gpulling manifest [K
pulling 0624ba75c3ce:  51% ▕█████████         ▏ 3.9 GB/7.7 GB   11 MB/s   5m29s[K[?25h[?2026l[?2026h[?25l[A[1Gpulling manifest [K
pulling 0624ba75c3ce:  51% ▕█████████         ▏ 4.0 GB/7.7 GB   11 MB/s   5m29s[K[?25h[?2026l[?2026h[?25l[A[1Gpulling manifest [K
pulling 0624ba75c3ce:  51% ▕█████████         ▏ 4.0 GB/7.7 GB   11 MB/s   5m28s[K[?25h[?2026l[?2026h[?25l[A[1Gpulling manifest [K
pulling 0624ba75c3ce:  51% ▕█████████         ▏ 4.0 GB/7.7 GB   11 MB/s   5m28s[K[?25h[?2026l[?2026h[?25l[A[1Gpulling manifest [K
pulling 0624ba75c3ce:  51% ▕█████████         ▏ 4.0 GB/7.7 GB   11 MB/s   5m28s[K[?25h[?2026l[?2026h[?25l[A[1Gpulling manifest [K
pulling 0624ba75c3ce:  51% ▕█████████         ▏ 4.0 GB/7.7 GB   11 MB/s   5m28s[K[?25h[?2026l[?2026h[?25l[A[1Gpulling manifest [K
pulling 0624ba75c3ce:  51% ▕█████████         ▏ 4.0 GB/7.7 GB   11 MB/s   5m28s[K[?25h[?2026l[?2026h[?25l[A[1Gpulling manifest [K
pulling 0624ba75c3ce:  51% ▕█████████         ▏ 4.0 GB/7.7 GB   11 MB/s   5m28s[K[?25h[?2026l[?2026h[?25l[A[1Gpulling manifest [K
pulling 0624ba75c3ce:  51% ▕█████████         ▏ 4.0 GB/7.7 GB   11 MB/s   5m28s[K[?25h[?2026l[?2026h[?25l[A[1Gpulling manifest [K
pulling 0624ba75c3ce:  51% ▕█████████         ▏ 4.0 GB/7.7 GB   11 MB/s   5m28s[K[?25h[?2026l[?2026h[?25l[A[1Gpulling manifest [K
pulling 0624ba75c3ce:  51% ▕█████████         ▏ 4.0 GB/7.7 GB   11 MB/s   5m28s[K[?25h[?2026l[?2026h[?25l[A[1Gpulling manifest [K
pulling 0624ba75c3ce:  51% ▕█████████         ▏ 4.0 GB/7.7 GB   11 MB/s   5m28s[K[?25h[?2026l[?2026h[?25l[A[1Gpulling manifest [K
pulling 0624ba75c3ce:  51% ▕█████████         ▏ 4.0 GB/7.7 GB   11 MB/s   5m33s[K[?25h[?2026l[?2026h[?25l[A[1Gpulling manifest [K
pulling 0624ba75c3ce:  51% ▕█████████         ▏ 4.0 GB/7.7 GB   11 MB/s   5m33s[K[?25h[?2026l[?2026h[?25l[A[1Gpulling manifest [K
pulling 0624ba75c3ce:  51% ▕█████████         ▏ 4.0 GB/7.7 GB   11 MB/s   5m33s[K[?25h[?2026l[?2026h[?25l[A[1Gpulling manifest [K
pulling 0624ba75c3ce:  51% ▕█████████         ▏ 4.0 GB/7.7 GB   11 MB/s   5m33s[K[?25h[?2026l[?2026h[?25l[A[1Gpulling manifest [K
pulling 0624ba75c3ce:  52% ▕█████████         ▏ 4.0 GB/7.7 GB   11 MB/s   5m33s[K[?25h[?2026l[?2026h[?25l[A[1Gpulling manifest [K
pulling 0624ba75c3ce:  52% ▕█████████         ▏ 4.0 GB/7.7 GB   11 MB/s   5m33s[K[?25h[?2026l[?2026h[?25l[A[1Gpulling manifest [K
pulling 0624ba75c3ce:  52% ▕█████████         ▏ 4.0 GB/7.7 GB   11 MB/s   5m33s[K[?25h[?2026l[?2026h[?25l[A[1Gpulling manifest [K
pulling 0624ba75c3ce:  52% ▕█████████         ▏ 4.0 GB/7.7 GB   11 MB/s   5m33s[K[?25h[?2026l[?2026h[?25l[A[1Gpulling manifest [K
pulling 0624ba75c3ce:  52% ▕█████████         ▏ 4.0 GB/7.7 GB   11 MB/s   5m33s[K[?25h[?2026l[?2026h[?25l[A[1Gpulling manifest [K
pulling 0624ba75c3ce:  52% ▕█████████         ▏ 4.0 GB/7.7 GB   11 MB/s   5m33s[K[?25h[?2026l[?2026h[?25l[A[1Gpulling manifest [K
pulling 0624ba75c3ce:  52% ▕█████████         ▏ 4.0 GB/7.7 GB   11 MB/s   5m33s[K[?25h[?2026l[?2026h[?25l[A[1Gpulling manifest [K
pulling 0624ba75c3ce:  52% ▕█████████         ▏ 4.0 GB/7.7 GB   11 MB/s   5m36s[K[?25h[?2026l[?2026h[?25l[A[1Gpulling manifest [K
pulling 0624ba75c3ce:  52% ▕█████████         ▏ 4.0 GB/7.7 GB   11 MB/s   5m35s[K[?25h[?2026l[?2026h[?25l[A[1Gpulling manifest [K
pulling 0624ba75c3ce:  52% ▕█████████         ▏ 4.0 GB/7.7 GB   11 MB/s   5m35s[K[?25h[?2026l[?2026h[?25l[A[1Gpulling manifest [K
pulling 0624ba75c3ce:  52% ▕█████████         ▏ 4.0 GB/7.7 GB   11 MB/s   5m35s[K[?25h[?2026l[?2026h[?25l[A[1Gpulling manifest [K
pulling 0624ba75c3ce:  52% ▕█████████         ▏ 4.0 GB/7.7 GB   11 MB/s   5m35s[K[?25h[?2026l[?2026h[?25l[A[1Gpulling manifest [K
pulling 0624ba75c3ce:  52% ▕█████████         ▏ 4.0 GB/7.7 GB   11 MB/s   5m35s[K[?25h[?2026l[?2026h[?25l[A[1Gpulling manifest [K
pulling 0624ba75c3ce:  52% ▕█████████         ▏ 4.0 GB/7.7 GB   11 MB/s   5m35s[K[?25h[?2026l[?2026h[?25l[A[1Gpulling manifest [K
pulling 0624ba75c3ce:  52% ▕█████████         ▏ 4.0 GB/7.7 GB   11 MB/s   5m35s[K[?25h[?2026l[?2026h[?25l[A[1Gpulling manifest [K
pulling 0624ba75c3ce:  52% ▕█████████         ▏ 4.0 GB/7.7 GB   11 MB/s   5m35s[K[?25h[?2026l[?2026h[?25l[A[1Gpulling manifest [K
pulling 0624ba75c3ce:  52% ▕█████████         ▏ 4.0 GB/7.7 GB   11 MB/s   5m35s[K[?25h[?2026l[?2026h[?25l[A[1Gpulling manifest [K
pulling 0624ba75c3ce:  52% ▕█████████         ▏ 4.0 GB/7.7 GB   10 MB/s   5m38s[K[?25h[?2026l[?2026h[?25l[A[1Gpulling manifest [K
pulling 0624ba75c3ce:  52% ▕█████████         ▏ 4.0 GB/7.7 GB   10 MB/s   5m38s[K[?25h[?2026l[?2026h[?25l[A[1Gpulling manifest [K
pulling 0624ba75c3ce:  52% ▕█████████         ▏ 4.0 GB/7.7 GB   10 MB/s   5m38s[K[?25h[?2026l[?2026h[?25l[A[1Gpulling manifest [K
pulling 0624ba75c3ce:  52% ▕█████████         ▏ 4.0 GB/7.7 GB   10 MB/s   5m38s[K[?25h[?2026l[?2026h[?25l[A[1Gpulling manifest [K
pulling 0624ba75c3ce:  52% ▕█████████         ▏ 4.0 GB/7.7 GB   10 MB/s   5m38s[K[?25h[?2026l[?2026h[?25l[A[1Gpulling manifest [K
pulling 0624ba75c3ce:  52% ▕█████████         ▏ 4.0 GB/7.7 GB   10 MB/s   5m38s[K[?25h[?2026l[?2026h[?25l[A[1Gpulling manifest [K
pulling 0624ba75c3ce:  52% ▕█████████         ▏ 4.0 GB/7.7 GB   10 MB/s   5m38s[K[?25h[?2026l[?2026h[?25l[A[1Gpulling manifest [K
pulling 0624ba75c3ce:  52% ▕█████████         ▏ 4.0 GB/7.7 GB   10 MB/s   5m38s[K[?25h[?2026l[?2026h[?25l[A[1Gpulling manifest [K
pulling 0624ba75c3ce:  52% ▕█████████         ▏ 4.0 GB/7.7 GB   10 MB/s   5m38s[K[?25h[?2026l[?2026h[?25l[A[1Gpulling manifest [K
pulling 0624ba75c3ce:  52% ▕█████████         ▏ 4.0 GB/7.7 GB   10 MB/s   5m38s[K[?25h[?2026l[?2026h[?25l[A[1Gpulling manifest [K
pulling 0624ba75c3ce:  52% ▕█████████         ▏ 4.0 GB/7.7 GB   11 MB/s   5m36s[K[?25h[?2026l[?2026h[?25l[A[1Gpulling manifest [K
pulling 0624ba75c3ce:  52% ▕█████████         ▏ 4.0 GB/7.7 GB   11 MB/s   5m35s[K[?25h[?2026l[?2026h[?25l[A[1Gpulling manifest [K
pulling 0624ba75c3ce:  52% ▕█████████         ▏ 4.0 GB/7.7 GB   11 MB/s   5m35s[K[?25h[?2026l[?2026h[?25l[A[1Gpulling manifest [K
pulling 0624ba75c3ce:  52% ▕█████████         ▏ 4.0 GB/7.7 GB   11 MB/s   5m35s[K[?25h[?2026l[?2026h[?25l[A[1Gpulling manifest [K
pulling 0624ba75c3ce:  52% ▕█████████         ▏ 4.0 GB/7.7 GB   11 MB/s   5m35s[K[?25h[?2026l[?2026h[?25l[A[1Gpulling manifest [K
pulling 0624ba75c3ce:  52% ▕█████████         ▏ 4.0 GB/7.7 GB   11 MB/s   5m35s[K[?25h[?2026l[?2026h[?25l[A[1Gpulling manifest [K
pulling 0624ba75c3ce:  52% ▕█████████         ▏ 4.0 GB/7.7 GB   11 MB/s   5m35s[K[?25h[?2026l[?2026h[?25l[A[1Gpulling manifest [K
pulling 0624ba75c3ce:  52% ▕█████████         ▏ 4.0 GB/7.7 GB   11 MB/s   5m35s[K[?25h[?2026l[?2026h[?25l[A[1Gpulling manifest [K
pulling 0624ba75c3ce:  52% ▕█████████         ▏ 4.0 GB/7.7 GB   11 MB/s   5m35s[K[?25h[?2026l[?2026h[?25l[A[1Gpulling manifest [K
pulling 0624ba75c3ce:  52% ▕█████████         ▏ 4.0 GB/7.7 GB   11 MB/s   5m35s[K[?25h[?2026l[?2026h[?25l[A[1Gpulling manifest [K
pulling 0624ba75c3ce:  52% ▕█████████         ▏ 4.0 GB/7.7 GB   10 MB/s   5m48s[K[?25h[?2026l[?2026h[?25l[A[1Gpulling manifest [K
pulling 0624ba75c3ce:  52% ▕█████████         ▏ 4.0 GB/7.7 GB   10 MB/s   5m48s[K[?25h[?2026l[?2026h[?25l[A[1Gpulling manifest [K
pulling 0624ba75c3ce:  52% ▕█████████         ▏ 4.0 GB/7.7 GB   10 MB/s   5m48s[K[?25h[?2026l[?2026h[?25l[A[1Gpulling manifest [K
pulling 0624ba75c3ce:  52% ▕█████████         ▏ 4.0 GB/7.7 GB   10 MB/s   5m48s[K[?25h[?2026l[?2026h[?25l[A[1Gpulling manifest [K
pulling 0624ba75c3ce:  52% ▕█████████         ▏ 4.0 GB/7.7 GB   10 MB/s   5m48s[K[?25h[?2026l[?2026h[?25l[A[1Gpulling manifest [K
pulling 0624ba75c3ce:  52% ▕█████████         ▏ 4.0 GB/7.7 GB   10 MB/s   5m48s[K[?25h[?2026l[?2026h[?25l[A[1Gpulling manifest [K
pulling 0624ba75c3ce:  52% ▕█████████         ▏ 4.0 GB/7.7 GB   10 MB/s   5m48s[K[?25h[?2026l[?2026h[?25l[A[1Gpulling manifest [K
pulling 0624ba75c3ce:  52% ▕█████████         ▏ 4.0 GB/7.7 GB   10 MB/s   5m47s[K[?25h[?2026l[?2026h[?25l[A[1Gpulling manifest [K
pulling 0624ba75c3ce:  52% ▕█████████         ▏ 4.0 GB/7.7 GB   10 MB/s   5m47s[K[?25h[?2026l[?2026h[?25l[A[1Gpulling manifest [K
pulling 0624ba75c3ce:  52% ▕█████████         ▏ 4.0 GB/7.7 GB   10 MB/s   5m47s[K[?25h[?2026l[?2026h[?25l[A[1Gpulling manifest [K
pulling 0624ba75c3ce:  52% ▕█████████         ▏ 4.0 GB/7.7 GB   10 MB/s   5m51s[K[?25h[?2026l[?2026h[?25l[A[1Gpulling manifest [K
pulling 0624ba75c3ce:  52% ▕█████████         ▏ 4.0 GB/7.7 GB   10 MB/s   5m51s[K[?25h[?2026l[?2026h[?25l[A[1Gpulling manifest [K
pulling 0624ba75c3ce:  52% ▕█████████         ▏ 4.0 GB/7.7 GB   10 MB/s   5m51s[K[?25h[?2026l[?2026h[?25l[A[1Gpulling manifest [K
pulling 0624ba75c3ce:  52% ▕█████████         ▏ 4.0 GB/7.7 GB   10 MB/s   5m51s[K[?25h[?2026l[?2026h[?25l[A[1Gpulling manifest [K
pulling 0624ba75c3ce:  52% ▕█████████         ▏ 4.0 GB/7.7 GB   10 MB/s   5m51s[K[?25h[?2026l[?2026h[?25l[A[1Gpulling manifest [K
pulling 0624ba75c3ce:  52% ▕█████████         ▏ 4.0 GB/7.7 GB   10 MB/s   5m51s[K[?25h[?2026l[?2026h[?25l[A[1Gpulling manifest [K
pulling 0624ba75c3ce:  52% ▕█████████         ▏ 4.0 GB/7.7 GB   10 MB/s   5m50s[K[?25h[?2026l[?2026h[?25l[A[1Gpulling manifest [K
pulling 0624ba75c3ce:  52% ▕█████████         ▏ 4.0 GB/7.7 GB   10 MB/s   5m50s[K[?25h[?2026l[?2026h[?25l[A[1Gpulling manifest [K
pulling 0624ba75c3ce:  52% ▕█████████         ▏ 4.0 GB/7.7 GB   10 MB/s   5m50s[K[?25h[?2026l[?2026h[?25l[A[1Gpulling manifest [K
pulling 0624ba75c3ce:  52% ▕█████████         ▏ 4.0 GB/7.7 GB   10 MB/s   5m50s[K[?25h[?2026l[?2026h[?25l[A[1Gpulling manifest [K
pulling 0624ba75c3ce:  52% ▕█████████         ▏ 4.0 GB/7.7 GB   10 MB/s   5m50s[K[?25h[?2026l[?2026h[?25l[A[1Gpulling manifest [K
pulling 0624ba75c3ce:  52% ▕█████████         ▏ 4.0 GB/7.7 GB   10 MB/s   5m54s[K[?25h[?2026l[?2026h[?25l[A[1Gpulling manifest [K
pulling 0624ba75c3ce:  52% ▕█████████         ▏ 4.0 GB/7.7 GB   10 MB/s   5m53s[K[?25h[?2026l[?2026h[?25l[A[1Gpulling manifest [K
pulling 0624ba75c3ce:  52% ▕█████████         ▏ 4.0 GB/7.7 GB   10 MB/s   5m53s[K[?25h[?2026l[?2026h[?25l[A[1Gpulling manifest [K
pulling 0624ba75c3ce:  52% ▕█████████         ▏ 4.0 GB/7.7 GB   10 MB/s   5m53s[K[?25h[?2026l[?2026h[?25l[A[1Gpulling manifest [K
pulling 0624ba75c3ce:  52% ▕█████████         ▏ 4.0 GB/7.7 GB   10 MB/s   5m53s[K[?25h[?2026l[?2026h[?25l[A[1Gpulling manifest [K
pulling 0624ba75c3ce:  52% ▕█████████         ▏ 4.0 GB/7.7 GB   10 MB/s   5m53s[K[?25h[?2026l[?2026h[?25l[A[1Gpulling manifest [K
pulling 0624ba75c3ce:  52% ▕█████████         ▏ 4.0 GB/7.7 GB   10 MB/s   5m53s[K[?25h[?2026l[?2026h[?25l[A[1Gpulling manifest [K
pulling 0624ba75c3ce:  52% ▕█████████         ▏ 4.0 GB/7.7 GB   10 MB/s   5m53s[K[?25h[?2026l[?2026h[?25l[A[1Gpulling manifest [K
pulling 0624ba75c3ce:  52% ▕█████████         ▏ 4.0 GB/7.7 GB   10 MB/s   5m53s[K[?25h[?2026l[?2026h[?25l[A[1Gpulling manifest [K
pulling 0624ba75c3ce:  52% ▕█████████         ▏ 4.0 GB/7.7 GB   10 MB/s   5m53s[K[?25h[?2026l[?2026h[?25l[A[1Gpulling manifest [K
pulling 0624ba75c3ce:  52% ▕█████████         ▏ 4.0 GB/7.7 GB   10 MB/s   5m56s[K[?25h[?2026l[?2026h[?25l[A[1Gpulling manifest [K
pulling 0624ba75c3ce:  52% ▕█████████         ▏ 4.0 GB/7.7 GB   10 MB/s   5m56s[K[?25h[?2026l[?2026h[?25l[A[1Gpulling manifest [K
pulling 0624ba75c3ce:  52% ▕█████████         ▏ 4.0 GB/7.7 GB   10 MB/s   5m56s[K[?25h[?2026l[?2026h[?25l[A[1Gpulling manifest [K
pulling 0624ba75c3ce:  52% ▕█████████         ▏ 4.0 GB/7.7 GB   10 MB/s   5m56s[K[?25h[?2026l[?2026h[?25l[A[1Gpulling manifest [K
pulling 0624ba75c3ce:  52% ▕█████████         ▏ 4.0 GB/7.7 GB   10 MB/s   5m56s[K[?25h[?2026l[?2026h[?25l[A[1Gpulling manifest [K
pulling 0624ba75c3ce:  52% ▕█████████         ▏ 4.0 GB/7.7 GB   10 MB/s   5m55s[K[?25h[?2026l[?2026h[?25l[A[1Gpulling manifest [K
pulling 0624ba75c3ce:  53% ▕█████████         ▏ 4.0 GB/7.7 GB   10 MB/s   5m55s[K[?25h[?2026l[?2026h[?25l[A[1Gpulling manifest [K
pulling 0624ba75c3ce:  53% ▕█████████         ▏ 4.0 GB/7.7 GB   10 MB/s   5m55s[K[?25h[?2026l[?2026h[?25l[A[1Gpulling manifest [K
pulling 0624ba75c3ce:  53% ▕█████████         ▏ 4.0 GB/7.7 GB   10 MB/s   5m55s[K[?25h[?2026l[?2026h[?25l[A[1Gpulling manifest [K
pulling 0624ba75c3ce:  53% ▕█████████         ▏ 4.0 GB/7.7 GB   10 MB/s   5m55s[K[?25h[?2026l[?2026h[?25l[A[1Gpulling manifest [K
pulling 0624ba75c3ce:  53% ▕█████████         ▏ 4.0 GB/7.7 GB   10 MB/s   5m53s[K[?25h[?2026l[?2026h[?25l[A[1Gpulling manifest [K
pulling 0624ba75c3ce:  53% ▕█████████         ▏ 4.0 GB/7.7 GB   10 MB/s   5m53s[K[?25h[?2026l[?2026h[?25l[A[1Gpulling manifest [K
pulling 0624ba75c3ce:  53% ▕█████████         ▏ 4.0 GB/7.7 GB   10 MB/s   5m53s[K[?25h[?2026l[?2026h[?25l[A[1Gpulling manifest [K
pulling 0624ba75c3ce:  53% ▕█████████         ▏ 4.0 GB/7.7 GB   10 MB/s   5m53s[K[?25h[?2026l[?2026h[?25l[A[1Gpulling manifest [K
pulling 0624ba75c3ce:  53% ▕█████████         ▏ 4.1 GB/7.7 GB   10 MB/s   5m53s[K[?25h[?2026l[?2026h[?25l[A[1Gpulling manifest [K
pulling 0624ba75c3ce:  53% ▕█████████         ▏ 4.1 GB/7.7 GB   10 MB/s   5m53s[K[?25h[?2026l[?2026h[?25l[A[1Gpulling manifest [K
pulling 0624ba75c3ce:  53% ▕█████████         ▏ 4.1 GB/7.7 GB   10 MB/s   5m53s[K[?25h[?2026l[?2026h[?25l[A[1Gpulling manifest [K
pulling 0624ba75c3ce:  53% ▕█████████         ▏ 4.1 GB/7.7 GB   10 MB/s   5m53s[K[?25h[?2026l[?2026h[?25l[A[1Gpulling manifest [K
pulling 0624ba75c3ce:  53% ▕█████████         ▏ 4.1 GB/7.7 GB   10 MB/s   5m52s[K[?25h[?2026l[?2026h[?25l[A[1Gpulling manifest [K
pulling 0624ba75c3ce:  53% ▕█████████         ▏ 4.1 GB/7.7 GB   10 MB/s   5m52s[K[?25h[?2026l[?2026h[?25l[A[1Gpulling manifest [K
pulling 0624ba75c3ce:  53% ▕█████████         ▏ 4.1 GB/7.7 GB   10 MB/s   5m43s[K[?25h[?2026l[?2026h[?25l[A[1Gpulling manifest [K
pulling 0624ba75c3ce:  53% ▕█████████         ▏ 4.1 GB/7.7 GB   10 MB/s   5m43s[K[?25h[?2026l[?2026h[?25l[A[1Gpulling manifest [K
pulling 0624ba75c3ce:  53% ▕█████████         ▏ 4.1 GB/7.7 GB   10 MB/s   5m43s[K[?25h[?2026l[?2026h[?25l[A[1Gpulling manifest [K
pulling 0624ba75c3ce:  53% ▕█████████         ▏ 4.1 GB/7.7 GB   10 MB/s   5m42s[K[?25h[?2026l[?2026h[?25l[A[1Gpulling manifest [K
pulling 0624ba75c3ce:  53% ▕█████████         ▏ 4.1 GB/7.7 GB   10 MB/s   5m42s[K[?25h[?2026l[?2026h[?25l[A[1Gpulling manifest [K
pulling 0624ba75c3ce:  53% ▕█████████         ▏ 4.1 GB/7.7 GB   10 MB/s   5m42s[K[?25h[?2026l[?2026h[?25l[A[1Gpulling manifest [K
pulling 0624ba75c3ce:  53% ▕█████████         ▏ 4.1 GB/7.7 GB   10 MB/s   5m42s[K[?25h[?2026l[?2026h[?25l[A[1Gpulling manifest [K
pulling 0624ba75c3ce:  53% ▕█████████         ▏ 4.1 GB/7.7 GB   10 MB/s   5m42s[K[?25h[?2026l[?2026h[?25l[A[1Gpulling manifest [K
pulling 0624ba75c3ce:  53% ▕█████████         ▏ 4.1 GB/7.7 GB   10 MB/s   5m42s[K[?25h[?2026l[?2026h[?25l[A[1Gpulling manifest [K
pulling 0624ba75c3ce:  53% ▕█████████         ▏ 4.1 GB/7.7 GB   10 MB/s   5m42s[K[?25h[?2026l[?2026h[?25l[A[1Gpulling manifest [K
pulling 0624ba75c3ce:  53% ▕█████████         ▏ 4.1 GB/7.7 GB   10 MB/s   5m36s[K[?25h[?2026l[?2026h[?25l[A[1Gpulling manifest [K
pulling 0624ba75c3ce:  53% ▕█████████         ▏ 4.1 GB/7.7 GB   10 MB/s   5m36s[K[?25h[?2026l[?2026h[?25l[A[1Gpulling manifest [K
pulling 0624ba75c3ce:  53% ▕█████████         ▏ 4.1 GB/7.7 GB   10 MB/s   5m36s[K[?25h[?2026l[?2026h[?25l[A[1Gpulling manifest [K
pulling 0624ba75c3ce:  53% ▕█████████         ▏ 4.1 GB/7.7 GB   10 MB/s   5m35s[K[?25h[?2026l[?2026h[?25l[A[1Gpulling manifest [K
pulling 0624ba75c3ce:  53% ▕█████████         ▏ 4.1 GB/7.7 GB   10 MB/s   5m35s[K[?25h[?2026l[?2026h[?25l[A[1Gpulling manifest [K
pulling 0624ba75c3ce:  53% ▕█████████         ▏ 4.1 GB/7.7 GB   10 MB/s   5m35s[K[?25h[?2026l[?2026h[?25l[A[1Gpulling manifest [K
pulling 0624ba75c3ce:  53% ▕█████████         ▏ 4.1 GB/7.7 GB   10 MB/s   5m35s[K[?25h[?2026l[?2026h[?25l[A[1Gpulling manifest [K
pulling 0624ba75c3ce:  53% ▕█████████         ▏ 4.1 GB/7.7 GB   10 MB/s   5m35s[K[?25h[?2026l[?2026h[?25l[A[1Gpulling manifest [K
pulling 0624ba75c3ce:  53% ▕█████████         ▏ 4.1 GB/7.7 GB   10 MB/s   5m35s[K[?25h[?2026l[?2026h[?25l[A[1Gpulling manifest [K
pulling 0624ba75c3ce:  53% ▕█████████         ▏ 4.1 GB/7.7 GB   10 MB/s   5m35s[K[?25h[?2026l[?2026h[?25l[A[1Gpulling manifest [K
pulling 0624ba75c3ce:  53% ▕█████████         ▏ 4.1 GB/7.7 GB   10 MB/s   5m35s[K[?25h[?2026l[?2026h[?25l[A[1Gpulling manifest [K
pulling 0624ba75c3ce:  53% ▕█████████         ▏ 4.1 GB/7.7 GB   10 MB/s   5m32s[K[?25h[?2026l[?2026h[?25l[A[1Gpulling manifest [K
pulling 0624ba75c3ce:  53% ▕█████████         ▏ 4.1 GB/7.7 GB   10 MB/s   5m32s[K[?25h[?2026l[?2026h[?25l[A[1Gpulling manifest [K
pulling 0624ba75c3ce:  53% ▕█████████         ▏ 4.1 GB/7.7 GB   10 MB/s   5m32s[K[?25h[?2026l[?2026h[?25l[A[1Gpulling manifest [K
pulling 0624ba75c3ce:  53% ▕█████████         ▏ 4.1 GB/7.7 GB   10 MB/s   5m32s[K[?25h[?2026l[?2026h[?25l[A[1Gpulling manifest [K
pulling 0624ba75c3ce:  53% ▕█████████         ▏ 4.1 GB/7.7 GB   10 MB/s   5m32s[K[?25h[?2026l[?2026h[?25l[A[1Gpulling manifest [K
pulling 0624ba75c3ce:  53% ▕█████████         ▏ 4.1 GB/7.7 GB   10 MB/s   5m32s[K[?25h[?2026l[?2026h[?25l[A[1Gpulling manifest [K
pulling 0624ba75c3ce:  53% ▕█████████         ▏ 4.1 GB/7.7 GB   10 MB/s   5m31s[K[?25h[?2026l[?2026h[?25l[A[1Gpulling manifest [K
pulling 0624ba75c3ce:  53% ▕█████████         ▏ 4.1 GB/7.7 GB   10 MB/s   5m31s[K[?25h[?2026l[?2026h[?25l[A[1Gpulling manifest [K
pulling 0624ba75c3ce:  53% ▕█████████         ▏ 4.1 GB/7.7 GB   10 MB/s   5m31s[K[?25h[?2026l[?2026h[?25l[A[1Gpulling manifest [K
pulling 0624ba75c3ce:  53% ▕█████████         ▏ 4.1 GB/7.7 GB   10 MB/s   5m31s[K[?25h[?2026l[?2026h[?25l[A[1Gpulling manifest [K
pulling 0624ba75c3ce:  53% ▕█████████         ▏ 4.1 GB/7.7 GB   11 MB/s   5m20s[K[?25h[?2026l[?2026h[?25l[A[1Gpulling manifest [K
pulling 0624ba75c3ce:  53% ▕█████████         ▏ 4.1 GB/7.7 GB   11 MB/s   5m20s[K[?25h[?2026l[?2026h[?25l[A[1Gpulling manifest [K
pulling 0624ba75c3ce:  53% ▕█████████         ▏ 4.1 GB/7.7 GB   11 MB/s   5m20s[K[?25h[?2026l[?2026h[?25l[A[1Gpulling manifest [K
pulling 0624ba75c3ce:  53% ▕█████████         ▏ 4.1 GB/7.7 GB   11 MB/s   5m20s[K[?25h[?2026l[?2026h[?25l[A[1Gpulling manifest [K
pulling 0624ba75c3ce:  53% ▕█████████         ▏ 4.1 GB/7.7 GB   11 MB/s   5m20s[K[?25h[?2026l[?2026h[?25l[A[1Gpulling manifest [K
pulling 0624ba75c3ce:  53% ▕█████████         ▏ 4.1 GB/7.7 GB   11 MB/s   5m20s[K[?25h[?2026l[?2026h[?25l[A[1Gpulling manifest [K
pulling 0624ba75c3ce:  53% ▕█████████         ▏ 4.1 GB/7.7 GB   11 MB/s   5m20s[K[?25h[?2026l[?2026h[?25l[A[1Gpulling manifest [K
pulling 0624ba75c3ce:  53% ▕█████████         ▏ 4.1 GB/7.7 GB   11 MB/s   5m19s[K[?25h[?2026l[?2026h[?25l[A[1Gpulling manifest [K
pulling 0624ba75c3ce:  53% ▕█████████         ▏ 4.1 GB/7.7 GB   11 MB/s   5m19s[K[?25h[?2026l[?2026h[?25l[A[1Gpulling manifest [K
pulling 0624ba75c3ce:  53% ▕█████████         ▏ 4.1 GB/7.7 GB   11 MB/s   5m19s[K[?25h[?2026l[?2026h[?25l[A[1Gpulling manifest [K
pulling 0624ba75c3ce:  53% ▕█████████         ▏ 4.1 GB/7.7 GB   11 MB/s   5m10s[K[?25h[?2026l[?2026h[?25l[A[1Gpulling manifest [K
pulling 0624ba75c3ce:  53% ▕█████████         ▏ 4.1 GB/7.7 GB   11 MB/s   5m10s[K[?25h[?2026l[?2026h[?25l[A[1Gpulling manifest [K
pulling 0624ba75c3ce:  53% ▕█████████         ▏ 4.1 GB/7.7 GB   11 MB/s   5m10s[K[?25h[?2026l[?2026h[?25l[A[1Gpulling manifest [K
pulling 0624ba75c3ce:  53% ▕█████████         ▏ 4.1 GB/7.7 GB   11 MB/s    5m9s[K[?25h[?2026l[?2026h[?25l[A[1Gpulling manifest [K
pulling 0624ba75c3ce:  53% ▕█████████         ▏ 4.1 GB/7.7 GB   11 MB/s    5m9s[K[?25h[?2026l[?2026h[?25l[A[1Gpulling manifest [K
pulling 0624ba75c3ce:  53% ▕█████████         ▏ 4.1 GB/7.7 GB   11 MB/s    5m9s[K[?25h[?2026l[?2026h[?25l[A[1Gpulling manifest [K
pulling 0624ba75c3ce:  53% ▕█████████         ▏ 4.1 GB/7.7 GB   11 MB/s    5m9s[K[?25h[?2026l[?2026h[?25l[A[1Gpulling manifest [K
pulling 0624ba75c3ce:  53% ▕█████████         ▏ 4.1 GB/7.7 GB   11 MB/s    5m9s[K[?25h[?2026l[?2026h[?25l[A[1Gpulling manifest [K
pulling 0624ba75c3ce:  53% ▕█████████         ▏ 4.1 GB/7.7 GB   11 MB/s    5m9s[K[?25h[?2026l[?2026h[?25l[A[1Gpulling manifest [K
pulling 0624ba75c3ce:  53% ▕█████████         ▏ 4.1 GB/7.7 GB   11 MB/s    5m9s[K[?25h[?2026l[?2026h[?25l[A[1Gpulling manifest [K
pulling 0624ba75c3ce:  53% ▕█████████         ▏ 4.1 GB/7.7 GB   11 MB/s    5m7s[K[?25h[?2026l[?2026h[?25l[A[1Gpulling manifest [K
pulling 0624ba75c3ce:  53% ▕█████████         ▏ 4.1 GB/7.7 GB   11 MB/s    5m7s[K[?25h[?2026l[?2026h[?25l[A[1Gpulling manifest [K
pulling 0624ba75c3ce:  53% ▕█████████         ▏ 4.1 GB/7.7 GB   11 MB/s    5m7s[K[?25h[?2026l[?2026h[?25l[A[1Gpulling manifest [K
pulling 0624ba75c3ce:  54% ▕█████████         ▏ 4.1 GB/7.7 GB   11 MB/s    5m7s[K[?25h[?2026l[?2026h[?25l[A[1Gpulling manifest [K
pulling 0624ba75c3ce:  54% ▕█████████         ▏ 4.1 GB/7.7 GB   11 MB/s    5m7s[K[?25h[?2026l[?2026h[?25l[A[1Gpulling manifest [K
pulling 0624ba75c3ce:  54% ▕█████████         ▏ 4.1 GB/7.7 GB   11 MB/s    5m6s[K[?25h[?2026l[?2026h[?25l[A[1Gpulling manifest [K
pulling 0624ba75c3ce:  54% ▕█████████         ▏ 4.1 GB/7.7 GB   11 MB/s    5m6s[K[?25h[?2026l[?2026h[?25l[A[1Gpulling manifest [K
pulling 0624ba75c3ce:  54% ▕█████████         ▏ 4.1 GB/7.7 GB   11 MB/s    5m6s[K[?25h[?2026l[?2026h[?25l[A[1Gpulling manifest [K
pulling 0624ba75c3ce:  54% ▕█████████         ▏ 4.1 GB/7.7 GB   11 MB/s    5m6s[K[?25h[?2026l[?2026h[?25l[A[1Gpulling manifest [K
pulling 0624ba75c3ce:  54% ▕█████████         ▏ 4.1 GB/7.7 GB   11 MB/s    5m6s[K[?25h[?2026l[?2026h[?25l[A[1Gpulling manifest [K
pulling 0624ba75c3ce:  54% ▕█████████         ▏ 4.1 GB/7.7 GB   11 MB/s    5m9s[K[?25h[?2026l[?2026h[?25l[A[1Gpulling manifest [K
pulling 0624ba75c3ce:  54% ▕█████████         ▏ 4.1 GB/7.7 GB   11 MB/s    5m9s[K[?25h[?2026l[?2026h[?25l[A[1Gpulling manifest [K
pulling 0624ba75c3ce:  54% ▕█████████         ▏ 4.1 GB/7.7 GB   11 MB/s    5m9s[K[?25h[?2026l[?2026h[?25l[A[1Gpulling manifest [K
pulling 0624ba75c3ce:  54% ▕█████████         ▏ 4.1 GB/7.7 GB   11 MB/s    5m9s[K[?25h[?2026l[?2026h[?25l[A[1Gpulling manifest [K
pulling 0624ba75c3ce:  54% ▕█████████         ▏ 4.1 GB/7.7 GB   11 MB/s    5m9s[K[?25h[?2026l[?2026h[?25l[A[1Gpulling manifest [K
pulling 0624ba75c3ce:  54% ▕█████████         ▏ 4.1 GB/7.7 GB   11 MB/s    5m9s[K[?25h[?2026l[?2026h[?25l[A[1Gpulling manifest [K
pulling 0624ba75c3ce:  54% ▕█████████         ▏ 4.1 GB/7.7 GB   11 MB/s    5m8s[K[?25h[?2026l[?2026h[?25l[A[1Gpulling manifest [K
pulling 0624ba75c3ce:  54% ▕█████████         ▏ 4.1 GB/7.7 GB   11 MB/s    5m8s[K[?25h[?2026l[?2026h[?25l[A[1Gpulling manifest [K
pulling 0624ba75c3ce:  54% ▕█████████         ▏ 4.1 GB/7.7 GB   11 MB/s    5m8s[K[?25h[?2026l[?2026h[?25l[A[1Gpulling manifest [K
pulling 0624ba75c3ce:  54% ▕█████████         ▏ 4.1 GB/7.7 GB   11 MB/s    5m8s[K[?25h[?2026l[?2026h[?25l[A[1Gpulling manifest [K
pulling 0624ba75c3ce:  54% ▕█████████         ▏ 4.1 GB/7.7 GB   11 MB/s    5m8s[K[?25h[?2026l[?2026h[?25l[A[1Gpulling manifest [K
pulling 0624ba75c3ce:  54% ▕█████████         ▏ 4.1 GB/7.7 GB   11 MB/s   5m11s[K[?25h[?2026l[?2026h[?25l[A[1Gpulling manifest [K
pulling 0624ba75c3ce:  54% ▕█████████         ▏ 4.1 GB/7.7 GB   11 MB/s   5m11s[K[?25h[?2026l[?2026h[?25l[A[1Gpulling manifest [K
pulling 0624ba75c3ce:  54% ▕█████████         ▏ 4.1 GB/7.7 GB   11 MB/s   5m11s[K[?25h[?2026l[?2026h[?25l[A[1Gpulling manifest [K
pulling 0624ba75c3ce:  54% ▕█████████         ▏ 4.1 GB/7.7 GB   11 MB/s   5m11s[K[?25h[?2026l[?2026h[?25l[A[1Gpulling manifest [K
pulling 0624ba75c3ce:  54% ▕█████████         ▏ 4.1 GB/7.7 GB   11 MB/s   5m11s[K[?25h[?2026l[?2026h[?25l[A[1Gpulling manifest [K
pulling 0624ba75c3ce:  54% ▕█████████         ▏ 4.1 GB/7.7 GB   11 MB/s   5m11s[K[?25h[?2026l[?2026h[?25l[A[1Gpulling manifest [K
pulling 0624ba75c3ce:  54% ▕█████████         ▏ 4.1 GB/7.7 GB   11 MB/s   5m11s[K[?25h[?2026l[?2026h[?25l[A[1Gpulling manifest [K
pulling 0624ba75c3ce:  54% ▕█████████         ▏ 4.1 GB/7.7 GB   11 MB/s   5m10s[K[?25h[?2026l[?2026h[?25l[A[1Gpulling manifest [K
pulling 0624ba75c3ce:  54% ▕█████████         ▏ 4.1 GB/7.7 GB   11 MB/s   5m10s[K[?25h[?2026l[?2026h[?25l[A[1Gpulling manifest [K
pulling 0624ba75c3ce:  54% ▕█████████         ▏ 4.1 GB/7.7 GB   11 MB/s   5m10s[K[?25h[?2026l[?2026h[?25l[A[1Gpulling manifest [K
pulling 0624ba75c3ce:  54% ▕█████████         ▏ 4.1 GB/7.7 GB   11 MB/s   5m14s[K[?25h[?2026l[?2026h[?25l[A[1Gpulling manifest [K
pulling 0624ba75c3ce:  54% ▕█████████         ▏ 4.1 GB/7.7 GB   11 MB/s   5m14s[K[?25h[?2026l[?2026h[?25l[A[1Gpulling manifest [K
pulling 0624ba75c3ce:  54% ▕█████████         ▏ 4.1 GB/7.7 GB   11 MB/s   5m14s[K[?25h[?2026l[?2026h[?25l[A[1Gpulling manifest [K
pulling 0624ba75c3ce:  54% ▕█████████         ▏ 4.1 GB/7.7 GB   11 MB/s   5m14s[K[?25h[?2026l[?2026h[?25l[A[1Gpulling manifest [K
pulling 0624ba75c3ce:  54% ▕█████████         ▏ 4.2 GB/7.7 GB   11 MB/s   5m14s[K[?25h[?2026l[?2026h[?25l[A[1Gpulling manifest [K
pulling 0624ba75c3ce:  54% ▕█████████         ▏ 4.2 GB/7.7 GB   11 MB/s   5m14s[K[?25h[?2026l[?2026h[?25l[A[1Gpulling manifest [K
pulling 0624ba75c3ce:  54% ▕█████████         ▏ 4.2 GB/7.7 GB   11 MB/s   5m14s[K[?25h[?2026l[?2026h[?25l[A[1Gpulling manifest [K
pulling 0624ba75c3ce:  54% ▕█████████         ▏ 4.2 GB/7.7 GB   11 MB/s   5m14s[K[?25h[?2026l[?2026h[?25l[A[1Gpulling manifest [K
pulling 0624ba75c3ce:  54% ▕█████████         ▏ 4.2 GB/7.7 GB   11 MB/s   5m14s[K[?25h[?2026l[?2026h[?25l[A[1Gpulling manifest [K
pulling 0624ba75c3ce:  54% ▕█████████         ▏ 4.2 GB/7.7 GB   11 MB/s   5m14s[K[?25h[?2026l[?2026h[?25l[A[1Gpulling manifest [K
pulling 0624ba75c3ce:  54% ▕█████████         ▏ 4.2 GB/7.7 GB   11 MB/s   5m19s[K[?25h[?2026l[?2026h[?25l[A[1Gpulling manifest [K
pulling 0624ba75c3ce:  54% ▕█████████         ▏ 4.2 GB/7.7 GB   11 MB/s   5m19s[K[?25h[?2026l[?2026h[?25l[A[1Gpulling manifest [K
pulling 0624ba75c3ce:  54% ▕█████████         ▏ 4.2 GB/7.7 GB   11 MB/s   5m19s[K[?25h[?2026l[?2026h[?25l[A[1Gpulling manifest [K
pulling 0624ba75c3ce:  54% ▕█████████         ▏ 4.2 GB/7.7 GB   11 MB/s   5m18s[K[?25h[?2026l[?2026h[?25l[A[1Gpulling manifest [K
pulling 0624ba75c3ce:  54% ▕█████████         ▏ 4.2 GB/7.7 GB   11 MB/s   5m18s[K[?25h[?2026l[?2026h[?25l[A[1Gpulling manifest [K
pulling 0624ba75c3ce:  54% ▕█████████         ▏ 4.2 GB/7.7 GB   11 MB/s   5m18s[K[?25h[?2026l[?2026h[?25l[A[1Gpulling manifest [K
pulling 0624ba75c3ce:  54% ▕█████████         ▏ 4.2 GB/7.7 GB   11 MB/s   5m18s[K[?25h[?2026l[?2026h[?25l[A[1Gpulling manifest [K
pulling 0624ba75c3ce:  54% ▕█████████         ▏ 4.2 GB/7.7 GB   11 MB/s   5m18s[K[?25h[?2026l[?2026h[?25l[A[1Gpulling manifest [K
pulling 0624ba75c3ce:  54% ▕█████████         ▏ 4.2 GB/7.7 GB   11 MB/s   5m18s[K[?25h[?2026l[?2026h[?25l[A[1Gpulling manifest [K
pulling 0624ba75c3ce:  54% ▕█████████         ▏ 4.2 GB/7.7 GB   11 MB/s   5m18s[K[?25h[?2026l[?2026h[?25l[A[1Gpulling manifest [K
pulling 0624ba75c3ce:  54% ▕█████████         ▏ 4.2 GB/7.7 GB   10 MB/s   5m26s[K[?25h[?2026l[?2026h[?25l[A[1Gpulling manifest [K
pulling 0624ba75c3ce:  54% ▕█████████         ▏ 4.2 GB/7.7 GB   10 MB/s   5m26s[K[?25h[?2026l[?2026h[?25l[A[1Gpulling manifest [K
pulling 0624ba75c3ce:  54% ▕█████████         ▏ 4.2 GB/7.7 GB   10 MB/s   5m26s[K[?25h[?2026l[?2026h[?25l[A[1Gpulling manifest [K
pulling 0624ba75c3ce:  54% ▕█████████         ▏ 4.2 GB/7.7 GB   10 MB/s   5m26s[K[?25h[?2026l[?2026h[?25l[A[1Gpulling manifest [K
pulling 0624ba75c3ce:  54% ▕█████████         ▏ 4.2 GB/7.7 GB   10 MB/s   5m26s[K[?25h[?2026l[?2026h[?25l[A[1Gpulling manifest [K
pulling 0624ba75c3ce:  54% ▕█████████         ▏ 4.2 GB/7.7 GB   10 MB/s   5m26s[K[?25h[?2026l[?2026h[?25l[A[1Gpulling manifest [K
pulling 0624ba75c3ce:  54% ▕█████████         ▏ 4.2 GB/7.7 GB   10 MB/s   5m26s[K[?25h[?2026l[?2026h[?25l[A[1Gpulling manifest [K
pulling 0624ba75c3ce:  54% ▕█████████         ▏ 4.2 GB/7.7 GB   10 MB/s   5m26s[K[?25h[?2026l[?2026h[?25l[A[1Gpulling manifest [K
pulling 0624ba75c3ce:  54% ▕█████████         ▏ 4.2 GB/7.7 GB   10 MB/s   5m26s[K[?25h[?2026l[?2026h[?25l[A[1Gpulling manifest [K
pulling 0624ba75c3ce:  54% ▕█████████         ▏ 4.2 GB/7.7 GB   10 MB/s   5m26s[K[?25h[?2026l[?2026h[?25l[A[1Gpulling manifest [K
pulling 0624ba75c3ce:  54% ▕█████████         ▏ 4.2 GB/7.7 GB   10 MB/s   5m33s[K[?25h[?2026l[?2026h[?25l[A[1Gpulling manifest [K
pulling 0624ba75c3ce:  54% ▕█████████         ▏ 4.2 GB/7.7 GB   10 MB/s   5m33s[K[?25h[?2026l[?2026h[?25l[A[1Gpulling manifest [K
pulling 0624ba75c3ce:  54% ▕█████████         ▏ 4.2 GB/7.7 GB   10 MB/s   5m33s[K[?25h[?2026l[?2026h[?25l[A[1Gpulling manifest [K
pulling 0624ba75c3ce:  54% ▕█████████         ▏ 4.2 GB/7.7 GB   10 MB/s   5m32s[K[?25h[?2026l[?2026h[?25l[A[1Gpulling manifest [K
pulling 0624ba75c3ce:  54% ▕█████████         ▏ 4.2 GB/7.7 GB   10 MB/s   5m32s[K[?25h[?2026l[?2026h[?25l[A[1Gpulling manifest [K
pulling 0624ba75c3ce:  54% ▕█████████         ▏ 4.2 GB/7.7 GB   10 MB/s   5m32s[K[?25h[?2026l[?2026h[?25l[A[1Gpulling manifest [K
pulling 0624ba75c3ce:  54% ▕█████████         ▏ 4.2 GB/7.7 GB   10 MB/s   5m32s[K[?25h[?2026l[?2026h[?25l[A[1Gpulling manifest [K
pulling 0624ba75c3ce:  54% ▕█████████         ▏ 4.2 GB/7.7 GB   10 MB/s   5m32s[K[?25h[?2026l[?2026h[?25l[A[1Gpulling manifest [K
pulling 0624ba75c3ce:  54% ▕█████████         ▏ 4.2 GB/7.7 GB   10 MB/s   5m32s[K[?25h[?2026l[?2026h[?25l[A[1Gpulling manifest [K
pulling 0624ba75c3ce:  54% ▕█████████         ▏ 4.2 GB/7.7 GB   10 MB/s   5m32s[K[?25h[?2026l[?2026h[?25l[A[1Gpulling manifest [K
pulling 0624ba75c3ce:  54% ▕█████████         ▏ 4.2 GB/7.7 GB   10 MB/s   5m32s[K[?25h[?2026l[?2026h[?25l[A[1Gpulling manifest [K
pulling 0624ba75c3ce:  54% ▕█████████         ▏ 4.2 GB/7.7 GB   10 MB/s   5m38s[K[?25h[?2026l[?2026h[?25l[A[1Gpulling manifest [K
pulling 0624ba75c3ce:  54% ▕█████████         ▏ 4.2 GB/7.7 GB   10 MB/s   5m38s[K[?25h[?2026l[?2026h[?25l[A[1Gpulling manifest [K
pulling 0624ba75c3ce:  54% ▕█████████         ▏ 4.2 GB/7.7 GB   10 MB/s   5m38s[K[?25h[?2026l[?2026h[?25l[A[1Gpulling manifest [K
pulling 0624ba75c3ce:  54% ▕█████████         ▏ 4.2 GB/7.7 GB   10 MB/s   5m38s[K[?25h[?2026l[?2026h[?25l[A[1Gpulling manifest [K
pulling 0624ba75c3ce:  54% ▕█████████         ▏ 4.2 GB/7.7 GB   10 MB/s   5m38s[K[?25h[?2026l[?2026h[?25l[A[1Gpulling manifest [K
pulling 0624ba75c3ce:  54% ▕█████████         ▏ 4.2 GB/7.7 GB   10 MB/s   5m38s[K[?25h[?2026l[?2026h[?25l[A[1Gpulling manifest [K
pulling 0624ba75c3ce:  54% ▕█████████         ▏ 4.2 GB/7.7 GB   10 MB/s   5m38s[K[?25h[?2026l[?2026h[?25l[A[1Gpulling manifest [K
pulling 0624ba75c3ce:  55% ▕█████████         ▏ 4.2 GB/7.7 GB   10 MB/s   5m38s[K[?25h[?2026l[?2026h[?25l[A[1Gpulling manifest [K
pulling 0624ba75c3ce:  55% ▕█████████         ▏ 4.2 GB/7.7 GB   10 MB/s   5m38s[K[?25h[?2026l[?2026h[?25l[A[1Gpulling manifest [K
pulling 0624ba75c3ce:  55% ▕█████████         ▏ 4.2 GB/7.7 GB   10 MB/s   5m38s[K[?25h[?2026l[?2026h[?25l[A[1Gpulling manifest [K
pulling 0624ba75c3ce:  55% ▕█████████         ▏ 4.2 GB/7.7 GB   10 MB/s   5m40s[K[?25h[?2026l[?2026h[?25l[A[1Gpulling manifest [K
pulling 0624ba75c3ce:  55% ▕█████████         ▏ 4.2 GB/7.7 GB   10 MB/s   5m40s[K[?25h[?2026l[?2026h[?25l[A[1Gpulling manifest [K
pulling 0624ba75c3ce:  55% ▕█████████         ▏ 4.2 GB/7.7 GB   10 MB/s   5m40s[K[?25h[?2026l[?2026h[?25l[A[1Gpulling manifest [K
pulling 0624ba75c3ce:  55% ▕█████████         ▏ 4.2 GB/7.7 GB   10 MB/s   5m40s[K[?25h[?2026l[?2026h[?25l[A[1Gpulling manifest [K
pulling 0624ba75c3ce:  55% ▕█████████         ▏ 4.2 GB/7.7 GB   10 MB/s   5m40s[K[?25h[?2026l[?2026h[?25l[A[1Gpulling manifest [K
pulling 0624ba75c3ce:  55% ▕█████████         ▏ 4.2 GB/7.7 GB   10 MB/s   5m40s[K[?25h[?2026l[?2026h[?25l[A[1Gpulling manifest [K
pulling 0624ba75c3ce:  55% ▕█████████         ▏ 4.2 GB/7.7 GB   10 MB/s   5m40s[K[?25h[?2026l[?2026h[?25l[A[1Gpulling manifest [K
pulling 0624ba75c3ce:  55% ▕█████████         ▏ 4.2 GB/7.7 GB   10 MB/s   5m40s[K[?25h[?2026l[?2026h[?25l[A[1Gpulling manifest [K
pulling 0624ba75c3ce:  55% ▕█████████         ▏ 4.2 GB/7.7 GB   10 MB/s   5m40s[K[?25h[?2026l[?2026h[?25l[A[1Gpulling manifest [K
pulling 0624ba75c3ce:  55% ▕█████████         ▏ 4.2 GB/7.7 GB   10 MB/s   5m39s[K[?25h[?2026l[?2026h[?25l[A[1Gpulling manifest [K
pulling 0624ba75c3ce:  55% ▕█████████         ▏ 4.2 GB/7.7 GB   10 MB/s   5m39s[K[?25h[?2026l[?2026h[?25l[A[1Gpulling manifest [K
pulling 0624ba75c3ce:  55% ▕█████████         ▏ 4.2 GB/7.7 GB   10 MB/s   5m39s[K[?25h[?2026l[?2026h[?25l[A[1Gpulling manifest [K
pulling 0624ba75c3ce:  55% ▕█████████         ▏ 4.2 GB/7.7 GB   10 MB/s   5m38s[K[?25h[?2026l[?2026h[?25l[A[1Gpulling manifest [K
pulling 0624ba75c3ce:  55% ▕█████████         ▏ 4.2 GB/7.7 GB   10 MB/s   5m38s[K[?25h[?2026l[?2026h[?25l[A[1Gpulling manifest [K
pulling 0624ba75c3ce:  55% ▕█████████         ▏ 4.2 GB/7.7 GB   10 MB/s   5m38s[K[?25h[?2026l[?2026h[?25l[A[1Gpulling manifest [K
pulling 0624ba75c3ce:  55% ▕█████████         ▏ 4.2 GB/7.7 GB   10 MB/s   5m38s[K[?25h[?2026l[?2026h[?25l[A[1Gpulling manifest [K
pulling 0624ba75c3ce:  55% ▕█████████         ▏ 4.2 GB/7.7 GB   10 MB/s   5m38s[K[?25h[?2026l[?2026h[?25l[A[1Gpulling manifest [K
pulling 0624ba75c3ce:  55% ▕█████████         ▏ 4.2 GB/7.7 GB   10 MB/s   5m38s[K[?25h[?2026l[?2026h[?25l[A[1Gpulling manifest [K
pulling 0624ba75c3ce:  55% ▕█████████         ▏ 4.2 GB/7.7 GB   10 MB/s   5m38s[K[?25h[?2026l[?2026h[?25l[A[1Gpulling manifest [K
pulling 0624ba75c3ce:  55% ▕█████████         ▏ 4.2 GB/7.7 GB   10 MB/s   5m38s[K[?25h[?2026l[?2026h[?25l[A[1Gpulling manifest [K
pulling 0624ba75c3ce:  55% ▕█████████         ▏ 4.2 GB/7.7 GB   10 MB/s   5m31s[K[?25h[?2026l[?2026h[?25l[A[1Gpulling manifest [K
pulling 0624ba75c3ce:  55% ▕█████████         ▏ 4.2 GB/7.7 GB   10 MB/s   5m31s[K[?25h[?2026l[?2026h[?25l[A[1Gpulling manifest [K
pulling 0624ba75c3ce:  55% ▕█████████         ▏ 4.2 GB/7.7 GB   10 MB/s   5m31s[K[?25h[?2026l[?2026h[?25l[A[1Gpulling manifest [K
pulling 0624ba75c3ce:  55% ▕█████████         ▏ 4.2 GB/7.7 GB   10 MB/s   5m30s[K[?25h[?2026l[?2026h[?25l[A[1Gpulling manifest [K
pulling 0624ba75c3ce:  55% ▕█████████         ▏ 4.2 GB/7.7 GB   10 MB/s   5m30s[K[?25h[?2026l[?2026h[?25l[A[1Gpulling manifest [K
pulling 0624ba75c3ce:  55% ▕█████████         ▏ 4.2 GB/7.7 GB   10 MB/s   5m30s[K[?25h[?2026l[?2026h[?25l[A[1Gpulling manifest [K
pulling 0624ba75c3ce:  55% ▕█████████         ▏ 4.2 GB/7.7 GB   10 MB/s   5m30s[K[?25h[?2026l[?2026h[?25l[A[1Gpulling manifest [K
pulling 0624ba75c3ce:  55% ▕█████████         ▏ 4.2 GB/7.7 GB   10 MB/s   5m30s[K[?25h[?2026l[?2026h[?25l[A[1Gpulling manifest [K
pulling 0624ba75c3ce:  55% ▕█████████         ▏ 4.2 GB/7.7 GB   10 MB/s   5m30s[K[?25h[?2026l[?2026h[?25l[A[1Gpulling manifest [K
pulling 0624ba75c3ce:  55% ▕█████████         ▏ 4.2 GB/7.7 GB   10 MB/s   5m30s[K[?25h[?2026l[?2026h[?25l[A[1Gpulling manifest [K
pulling 0624ba75c3ce:  55% ▕█████████         ▏ 4.2 GB/7.7 GB   10 MB/s   5m26s[K[?25h[?2026l[?2026h[?25l[A[1Gpulling manifest [K
pulling 0624ba75c3ce:  55% ▕█████████         ▏ 4.2 GB/7.7 GB   10 MB/s   5m26s[K[?25h[?2026l[?2026h[?25l[A[1Gpulling manifest [K
pulling 0624ba75c3ce:  55% ▕█████████         ▏ 4.2 GB/7.7 GB   10 MB/s   5m26s[K[?25h[?2026l[?2026h[?25l[A[1Gpulling manifest [K
pulling 0624ba75c3ce:  55% ▕█████████         ▏ 4.2 GB/7.7 GB   10 MB/s   5m25s[K[?25h[?2026l[?2026h[?25l[A[1Gpulling manifest [K
pulling 0624ba75c3ce:  55% ▕█████████         ▏ 4.2 GB/7.7 GB   10 MB/s   5m25s[K[?25h[?2026l[?2026h[?25l[A[1Gpulling manifest [K
pulling 0624ba75c3ce:  55% ▕█████████         ▏ 4.2 GB/7.7 GB   10 MB/s   5m25s[K[?25h[?2026l[?2026h[?25l[A[1Gpulling manifest [K
pulling 0624ba75c3ce:  55% ▕█████████         ▏ 4.2 GB/7.7 GB   10 MB/s   5m25s[K[?25h[?2026l[?2026h[?25l[A[1Gpulling manifest [K
pulling 0624ba75c3ce:  55% ▕█████████         ▏ 4.2 GB/7.7 GB   10 MB/s   5m25s[K[?25h[?2026l[?2026h[?25l[A[1Gpulling manifest [K
pulling 0624ba75c3ce:  55% ▕█████████         ▏ 4.2 GB/7.7 GB   10 MB/s   5m25s[K[?25h[?2026l[?2026h[?25l[A[1Gpulling manifest [K
pulling 0624ba75c3ce:  55% ▕█████████         ▏ 4.2 GB/7.7 GB   10 MB/s   5m25s[K[?25h[?2026l[?2026h[?25l[A[1Gpulling manifest [K
pulling 0624ba75c3ce:  55% ▕█████████         ▏ 4.2 GB/7.7 GB   10 MB/s   5m25s[K[?25h[?2026l[?2026h[?25l[A[1Gpulling manifest [K
pulling 0624ba75c3ce:  55% ▕█████████         ▏ 4.2 GB/7.7 GB   10 MB/s   5m18s[K[?25h[?2026l[?2026h[?25l[A[1Gpulling manifest [K
pulling 0624ba75c3ce:  55% ▕█████████         ▏ 4.2 GB/7.7 GB   10 MB/s   5m17s[K[?25h[?2026l[?2026h[?25l[A[1Gpulling manifest [K
pulling 0624ba75c3ce:  55% ▕█████████         ▏ 4.2 GB/7.7 GB   10 MB/s   5m17s[K[?25h[?2026l[?2026h[?25l[A[1Gpulling manifest [K
pulling 0624ba75c3ce:  55% ▕█████████         ▏ 4.2 GB/7.7 GB   10 MB/s   5m17s[K[?25h[?2026l[?2026h[?25l[A[1Gpulling manifest [K
pulling 0624ba75c3ce:  55% ▕█████████         ▏ 4.2 GB/7.7 GB   10 MB/s   5m17s[K[?25h[?2026l[?2026h[?25l[A[1Gpulling manifest [K
pulling 0624ba75c3ce:  55% ▕█████████         ▏ 4.3 GB/7.7 GB   10 MB/s   5m17s[K[?25h[?2026l[?2026h[?25l[A[1Gpulling manifest [K
pulling 0624ba75c3ce:  55% ▕█████████         ▏ 4.3 GB/7.7 GB   10 MB/s   5m17s[K[?25h[?2026l[?2026h[?25l[A[1Gpulling manifest [K
pulling 0624ba75c3ce:  55% ▕█████████         ▏ 4.3 GB/7.7 GB   10 MB/s   5m17s[K[?25h[?2026l[?2026h[?25l[A[1Gpulling manifest [K
pulling 0624ba75c3ce:  55% ▕█████████         ▏ 4.3 GB/7.7 GB   10 MB/s   5m17s[K[?25h[?2026l[?2026h[?25l[A[1Gpulling manifest [K
pulling 0624ba75c3ce:  55% ▕█████████         ▏ 4.3 GB/7.7 GB   10 MB/s   5m17s[K[?25h[?2026l[?2026h[?25l[A[1Gpulling manifest [K
pulling 0624ba75c3ce:  55% ▕█████████         ▏ 4.3 GB/7.7 GB   10 MB/s   5m14s[K[?25h[?2026l[?2026h[?25l[A[1Gpulling manifest [K
pulling 0624ba75c3ce:  55% ▕█████████         ▏ 4.3 GB/7.7 GB   10 MB/s   5m14s[K[?25h[?2026l[?2026h[?25l[A[1Gpulling manifest [K
pulling 0624ba75c3ce:  55% ▕█████████         ▏ 4.3 GB/7.7 GB   10 MB/s   5m14s[K[?25h[?2026l[?2026h[?25l[A[1Gpulling manifest [K
pulling 0624ba75c3ce:  55% ▕█████████         ▏ 4.3 GB/7.7 GB   10 MB/s   5m14s[K[?25h[?2026l[?2026h[?25l[A[1Gpulling manifest [K
pulling 0624ba75c3ce:  55% ▕█████████         ▏ 4.3 GB/7.7 GB   10 MB/s   5m14s[K[?25h[?2026l[?2026h[?25l[A[1Gpulling manifest [K
pulling 0624ba75c3ce:  55% ▕█████████         ▏ 4.3 GB/7.7 GB   10 MB/s   5m14s[K[?25h[?2026l[?2026h[?25l[A[1Gpulling manifest [K
pulling 0624ba75c3ce:  55% ▕█████████         ▏ 4.3 GB/7.7 GB   10 MB/s   5m13s[K[?25h[?2026l[?2026h[?25l[A[1Gpulling manifest [K
pulling 0624ba75c3ce:  55% ▕█████████         ▏ 4.3 GB/7.7 GB   10 MB/s   5m13s[K[?25h[?2026l[?2026h[?25l[A[1Gpulling manifest [K
pulling 0624ba75c3ce:  55% ▕█████████         ▏ 4.3 GB/7.7 GB   10 MB/s   5m13s[K[?25h[?2026l[?2026h[?25l[A[1Gpulling manifest [K
pulling 0624ba75c3ce:  55% ▕█████████         ▏ 4.3 GB/7.7 GB   10 MB/s   5m13s[K[?25h[?2026l[?2026h[?25l[A[1Gpulling manifest [K
pulling 0624ba75c3ce:  55% ▕█████████         ▏ 4.3 GB/7.7 GB   11 MB/s    5m6s[K[?25h[?2026l[?2026h[?25l[A[1Gpulling manifest [K
pulling 0624ba75c3ce:  55% ▕█████████         ▏ 4.3 GB/7.7 GB   11 MB/s    5m6s[K[?25h[?2026l[?2026h[?25l[A[1Gpulling manifest [K
pulling 0624ba75c3ce:  55% ▕█████████         ▏ 4.3 GB/7.7 GB   11 MB/s    5m6s[K[?25h[?2026l[?2026h[?25l[A[1Gpulling manifest [K
pulling 0624ba75c3ce:  55% ▕█████████         ▏ 4.3 GB/7.7 GB   11 MB/s    5m6s[K[?25h[?2026l[?2026h[?25l[A[1Gpulling manifest [K
pulling 0624ba75c3ce:  56% ▕█████████         ▏ 4.3 GB/7.7 GB   11 MB/s    5m6s[K[?25h[?2026l[?2026h[?25l[A[1Gpulling manifest [K
pulling 0624ba75c3ce:  56% ▕█████████         ▏ 4.3 GB/7.7 GB   11 MB/s    5m6s[K[?25h[?2026l[?2026h[?25l[A[1Gpulling manifest [K
pulling 0624ba75c3ce:  56% ▕█████████         ▏ 4.3 GB/7.7 GB   11 MB/s    5m6s[K[?25h[?2026l[?2026h[?25l[A[1Gpulling manifest [K
pulling 0624ba75c3ce:  56% ▕██████████        ▏ 4.3 GB/7.7 GB   11 MB/s    5m5s[K[?25h[?2026l[?2026h[?25l[A[1Gpulling manifest [K
pulling 0624ba75c3ce:  56% ▕██████████        ▏ 4.3 GB/7.7 GB   11 MB/s    5m5s[K[?25h[?2026l[?2026h[?25l[A[1Gpulling manifest [K
pulling 0624ba75c3ce:  56% ▕██████████        ▏ 4.3 GB/7.7 GB   11 MB/s    5m5s[K[?25h[?2026l[?2026h[?25l[A[1Gpulling manifest [K
pulling 0624ba75c3ce:  56% ▕██████████        ▏ 4.3 GB/7.7 GB   11 MB/s    5m1s[K[?25h[?2026l[?2026h[?25l[A[1Gpulling manifest [K
pulling 0624ba75c3ce:  56% ▕██████████        ▏ 4.3 GB/7.7 GB   11 MB/s    5m1s[K[?25h[?2026l[?2026h[?25l[A[1Gpulling manifest [K
pulling 0624ba75c3ce:  56% ▕██████████        ▏ 4.3 GB/7.7 GB   11 MB/s    5m0s[K[?25h[?2026l[?2026h[?25l[A[1Gpulling manifest [K
pulling 0624ba75c3ce:  56% ▕██████████        ▏ 4.3 GB/7.7 GB   11 MB/s    5m0s[K[?25h[?2026l[?2026h[?25l[A[1Gpulling manifest [K
pulling 0624ba75c3ce:  56% ▕██████████        ▏ 4.3 GB/7.7 GB   11 MB/s    5m0s[K[?25h[?2026l[?2026h[?25l[A[1Gpulling manifest [K
pulling 0624ba75c3ce:  56% ▕██████████        ▏ 4.3 GB/7.7 GB   11 MB/s    5m0s[K[?25h[?2026l[?2026h[?25l[A[1Gpulling manifest [K
pulling 0624ba75c3ce:  56% ▕██████████        ▏ 4.3 GB/7.7 GB   11 MB/s    5m0s[K[?25h[?2026l[?2026h[?25l[A[1Gpulling manifest [K
pulling 0624ba75c3ce:  56% ▕██████████        ▏ 4.3 GB/7.7 GB   11 MB/s    5m0s[K[?25h[?2026l[?2026h[?25l[A[1Gpulling manifest [K
pulling 0624ba75c3ce:  56% ▕██████████        ▏ 4.3 GB/7.7 GB   11 MB/s    5m0s[K[?25h[?2026l[?2026h[?25l[A[1Gpulling manifest [K
pulling 0624ba75c3ce:  56% ▕██████████        ▏ 4.3 GB/7.7 GB   11 MB/s    5m0s[K[?25h[?2026l[?2026h[?25l[A[1Gpulling manifest [K
pulling 0624ba75c3ce:  56% ▕██████████        ▏ 4.3 GB/7.7 GB   11 MB/s   4m58s[K[?25h[?2026l[?2026h[?25l[A[1Gpulling manifest [K
pulling 0624ba75c3ce:  56% ▕██████████        ▏ 4.3 GB/7.7 GB   11 MB/s   4m58s[K[?25h[?2026l[?2026h[?25l[A[1Gpulling manifest [K
pulling 0624ba75c3ce:  56% ▕██████████        ▏ 4.3 GB/7.7 GB   11 MB/s   4m58s[K[?25h[?2026l[?2026h[?25l[A[1Gpulling manifest [K
pulling 0624ba75c3ce:  56% ▕██████████        ▏ 4.3 GB/7.7 GB   11 MB/s   4m58s[K[?25h[?2026l[?2026h[?25l[A[1Gpulling manifest [K
pulling 0624ba75c3ce:  56% ▕██████████        ▏ 4.3 GB/7.7 GB   11 MB/s   4m58s[K[?25h[?2026l[?2026h[?25l[A[1Gpulling manifest [K
pulling 0624ba75c3ce:  56% ▕██████████        ▏ 4.3 GB/7.7 GB   11 MB/s   4m58s[K[?25h[?2026l[?2026h[?25l[A[1Gpulling manifest [K
pulling 0624ba75c3ce:  56% ▕██████████        ▏ 4.3 GB/7.7 GB   11 MB/s   4m58s[K[?25h[?2026l[?2026h[?25l[A[1Gpulling manifest [K
pulling 0624ba75c3ce:  56% ▕██████████        ▏ 4.3 GB/7.7 GB   11 MB/s   4m58s[K[?25h[?2026l[?2026h[?25l[A[1Gpulling manifest [K
pulling 0624ba75c3ce:  56% ▕██████████        ▏ 4.3 GB/7.7 GB   11 MB/s   4m57s[K[?25h[?2026l[?2026h[?25l[A[1Gpulling manifest [K
pulling 0624ba75c3ce:  56% ▕██████████        ▏ 4.3 GB/7.7 GB   11 MB/s   4m57s[K[?25h[?2026l[?2026h[?25l[A[1Gpulling manifest [K
pulling 0624ba75c3ce:  56% ▕██████████        ▏ 4.3 GB/7.7 GB   11 MB/s   4m57s[K[?25h[?2026l[?2026h[?25l[A[1Gpulling manifest [K
pulling 0624ba75c3ce:  56% ▕██████████        ▏ 4.3 GB/7.7 GB   11 MB/s   4m50s[K[?25h[?2026l[?2026h[?25l[A[1Gpulling manifest [K
pulling 0624ba75c3ce:  56% ▕██████████        ▏ 4.3 GB/7.7 GB   11 MB/s   4m50s[K[?25h[?2026l[?2026h[?25l[A[1Gpulling manifest [K
pulling 0624ba75c3ce:  56% ▕██████████        ▏ 4.3 GB/7.7 GB   11 MB/s   4m50s[K[?25h[?2026l[?2026h[?25l[A[1Gpulling manifest [K
pulling 0624ba75c3ce:  56% ▕██████████        ▏ 4.3 GB/7.7 GB   11 MB/s   4m49s[K[?25h[?2026l[?2026h[?25l[A[1Gpulling manifest [K
pulling 0624ba75c3ce:  56% ▕██████████        ▏ 4.3 GB/7.7 GB   11 MB/s   4m49s[K[?25h[?2026l[?2026h[?25l[A[1Gpulling manifest [K
pulling 0624ba75c3ce:  56% ▕██████████        ▏ 4.3 GB/7.7 GB   11 MB/s   4m49s[K[?25h[?2026l[?2026h[?25l[A[1Gpulling manifest [K
pulling 0624ba75c3ce:  56% ▕██████████        ▏ 4.3 GB/7.7 GB   11 MB/s   4m49s[K[?25h[?2026l[?2026h[?25l[A[1Gpulling manifest [K
pulling 0624ba75c3ce:  56% ▕██████████        ▏ 4.3 GB/7.7 GB   11 MB/s   4m49s[K[?25h[?2026l[?2026h[?25l[A[1Gpulling manifest [K
pulling 0624ba75c3ce:  56% ▕██████████        ▏ 4.3 GB/7.7 GB   11 MB/s   4m49s[K[?25h[?2026l[?2026h[?25l[A[1Gpulling manifest [K
pulling 0624ba75c3ce:  56% ▕██████████        ▏ 4.3 GB/7.7 GB   11 MB/s   4m49s[K[?25h[?2026l[?2026h[?25l[A[1Gpulling manifest [K
pulling 0624ba75c3ce:  56% ▕██████████        ▏ 4.3 GB/7.7 GB   11 MB/s   4m42s[K[?25h[?2026l[?2026h[?25l[A[1Gpulling manifest [K
pulling 0624ba75c3ce:  56% ▕██████████        ▏ 4.3 GB/7.7 GB   11 MB/s   4m42s[K[?25h[?2026l[?2026h[?25l[A[1Gpulling manifest [K
pulling 0624ba75c3ce:  56% ▕██████████        ▏ 4.3 GB/7.7 GB   11 MB/s   4m42s[K[?25h[?2026l[?2026h[?25l[A[1Gpulling manifest [K
pulling 0624ba75c3ce:  56% ▕██████████        ▏ 4.3 GB/7.7 GB   11 MB/s   4m42s[K[?25h[?2026l[?2026h[?25l[A[1Gpulling manifest [K
pulling 0624ba75c3ce:  56% ▕██████████        ▏ 4.3 GB/7.7 GB   11 MB/s   4m42s[K[?25h[?2026l[?2026h[?25l[A[1Gpulling manifest [K
pulling 0624ba75c3ce:  56% ▕██████████        ▏ 4.3 GB/7.7 GB   11 MB/s   4m42s[K[?25h[?2026l[?2026h[?25l[A[1Gpulling manifest [K
pulling 0624ba75c3ce:  56% ▕██████████        ▏ 4.3 GB/7.7 GB   11 MB/s   4m42s[K[?25h[?2026l[?2026h[?25l[A[1Gpulling manifest [K
pulling 0624ba75c3ce:  56% ▕██████████        ▏ 4.3 GB/7.7 GB   11 MB/s   4m42s[K[?25h[?2026l[?2026h[?25l[A[1Gpulling manifest [K
pulling 0624ba75c3ce:  56% ▕██████████        ▏ 4.3 GB/7.7 GB   11 MB/s   4m41s[K[?25h[?2026l[?2026h[?25l[A[1Gpulling manifest [K
pulling 0624ba75c3ce:  56% ▕██████████        ▏ 4.3 GB/7.7 GB   11 MB/s   4m41s[K[?25h[?2026l[?2026h[?25l[A[1Gpulling manifest [K
pulling 0624ba75c3ce:  56% ▕██████████        ▏ 4.3 GB/7.7 GB   12 MB/s   4m36s[K[?25h[?2026l[?2026h[?25l[A[1Gpulling manifest [K
pulling 0624ba75c3ce:  56% ▕██████████        ▏ 4.3 GB/7.7 GB   12 MB/s   4m36s[K[?25h[?2026l[?2026h[?25l[A[1Gpulling manifest [K
pulling 0624ba75c3ce:  56% ▕██████████        ▏ 4.3 GB/7.7 GB   12 MB/s   4m36s[K[?25h[?2026l[?2026h[?25l[A[1Gpulling manifest [K
pulling 0624ba75c3ce:  56% ▕██████████        ▏ 4.3 GB/7.7 GB   12 MB/s   4m36s[K[?25h[?2026l[?2026h[?25l[A[1Gpulling manifest [K
pulling 0624ba75c3ce:  56% ▕██████████        ▏ 4.3 GB/7.7 GB   12 MB/s   4m35s[K[?25h[?2026l[?2026h[?25l[A[1Gpulling manifest [K
pulling 0624ba75c3ce:  56% ▕██████████        ▏ 4.3 GB/7.7 GB   12 MB/s   4m35s[K[?25h[?2026l[?2026h[?25l[A[1Gpulling manifest [K
pulling 0624ba75c3ce:  56% ▕██████████        ▏ 4.3 GB/7.7 GB   12 MB/s   4m35s[K[?25h[?2026l[?2026h[?25l[A[1Gpulling manifest [K
pulling 0624ba75c3ce:  56% ▕██████████        ▏ 4.3 GB/7.7 GB   12 MB/s   4m35s[K[?25h[?2026l[?2026h[?25l[A[1Gpulling manifest [K
pulling 0624ba75c3ce:  56% ▕██████████        ▏ 4.3 GB/7.7 GB   12 MB/s   4m35s[K[?25h[?2026l[?2026h[?25l[A[1Gpulling manifest [K
pulling 0624ba75c3ce:  56% ▕██████████        ▏ 4.3 GB/7.7 GB   12 MB/s   4m35s[K[?25h[?2026l[?2026h[?25l[A[1Gpulling manifest [K
pulling 0624ba75c3ce:  56% ▕██████████        ▏ 4.3 GB/7.7 GB   12 MB/s   4m34s[K[?25h[?2026l[?2026h[?25l[A[1Gpulling manifest [K
pulling 0624ba75c3ce:  56% ▕██████████        ▏ 4.3 GB/7.7 GB   12 MB/s   4m34s[K[?25h[?2026l[?2026h[?25l[A[1Gpulling manifest [K
pulling 0624ba75c3ce:  56% ▕██████████        ▏ 4.3 GB/7.7 GB   12 MB/s   4m34s[K[?25h[?2026l[?2026h[?25l[A[1Gpulling manifest [K
pulling 0624ba75c3ce:  56% ▕██████████        ▏ 4.3 GB/7.7 GB   12 MB/s   4m34s[K[?25h[?2026l[?2026h[?25l[A[1Gpulling manifest [K
pulling 0624ba75c3ce:  56% ▕██████████        ▏ 4.3 GB/7.7 GB   12 MB/s   4m34s[K[?25h[?2026l[?2026h[?25l[A[1Gpulling manifest [K
pulling 0624ba75c3ce:  56% ▕██████████        ▏ 4.3 GB/7.7 GB   12 MB/s   4m34s[K[?25h[?2026l[?2026h[?25l[A[1Gpulling manifest [K
pulling 0624ba75c3ce:  57% ▕██████████        ▏ 4.3 GB/7.7 GB   12 MB/s   4m33s[K[?25h[?2026l[?2026h[?25l[A[1Gpulling manifest [K
pulling 0624ba75c3ce:  57% ▕██████████        ▏ 4.3 GB/7.7 GB   12 MB/s   4m33s[K[?25h[?2026l[?2026h[?25l[A[1Gpulling manifest [K
pulling 0624ba75c3ce:  57% ▕██████████        ▏ 4.4 GB/7.7 GB   12 MB/s   4m33s[K[?25h[?2026l[?2026h[?25l[A[1Gpulling manifest [K
pulling 0624ba75c3ce:  57% ▕██████████        ▏ 4.4 GB/7.7 GB   12 MB/s   4m33s[K[?25h[?2026l[?2026h[?25l[A[1Gpulling manifest [K
pulling 0624ba75c3ce:  57% ▕██████████        ▏ 4.4 GB/7.7 GB   12 MB/s   4m30s[K[?25h[?2026l[?2026h[?25l[A[1Gpulling manifest [K
pulling 0624ba75c3ce:  57% ▕██████████        ▏ 4.4 GB/7.7 GB   12 MB/s   4m30s[K[?25h[?2026l[?2026h[?25l[A[1Gpulling manifest [K
pulling 0624ba75c3ce:  57% ▕██████████        ▏ 4.4 GB/7.7 GB   12 MB/s   4m30s[K[?25h[?2026l[?2026h[?25l[A[1Gpulling manifest [K
pulling 0624ba75c3ce:  57% ▕██████████        ▏ 4.4 GB/7.7 GB   12 MB/s   4m30s[K[?25h[?2026l[?2026h[?25l[A[1Gpulling manifest [K
pulling 0624ba75c3ce:  57% ▕██████████        ▏ 4.4 GB/7.7 GB   12 MB/s   4m30s[K[?25h[?2026l[?2026h[?25l[A[1Gpulling manifest [K
pulling 0624ba75c3ce:  57% ▕██████████        ▏ 4.4 GB/7.7 GB   12 MB/s   4m29s[K[?25h[?2026l[?2026h[?25l[A[1Gpulling manifest [K
pulling 0624ba75c3ce:  57% ▕██████████        ▏ 4.4 GB/7.7 GB   12 MB/s   4m29s[K[?25h[?2026l[?2026h[?25l[A[1Gpulling manifest [K
pulling 0624ba75c3ce:  57% ▕██████████        ▏ 4.4 GB/7.7 GB   12 MB/s   4m29s[K[?25h[?2026l[?2026h[?25l[A[1Gpulling manifest [K
pulling 0624ba75c3ce:  57% ▕██████████        ▏ 4.4 GB/7.7 GB   12 MB/s   4m29s[K[?25h[?2026l[?2026h[?25l[A[1Gpulling manifest [K
pulling 0624ba75c3ce:  57% ▕██████████        ▏ 4.4 GB/7.7 GB   12 MB/s   4m29s[K[?25h[?2026l[?2026h[?25l[A[1Gpulling manifest [K
pulling 0624ba75c3ce:  57% ▕██████████        ▏ 4.4 GB/7.7 GB   12 MB/s   4m29s[K[?25h[?2026l[?2026h[?25l[A[1Gpulling manifest [K
pulling 0624ba75c3ce:  57% ▕██████████        ▏ 4.4 GB/7.7 GB   12 MB/s   4m25s[K[?25h[?2026l[?2026h[?25l[A[1Gpulling manifest [K
pulling 0624ba75c3ce:  57% ▕██████████        ▏ 4.4 GB/7.7 GB   12 MB/s   4m25s[K[?25h[?2026l[?2026h[?25l[A[1Gpulling manifest [K
pulling 0624ba75c3ce:  57% ▕██████████        ▏ 4.4 GB/7.7 GB   12 MB/s   4m25s[K[?25h[?2026l[?2026h[?25l[A[1Gpulling manifest [K
pulling 0624ba75c3ce:  57% ▕██████████        ▏ 4.4 GB/7.7 GB   12 MB/s   4m24s[K[?25h[?2026l[?2026h[?25l[A[1Gpulling manifest [K
pulling 0624ba75c3ce:  57% ▕██████████        ▏ 4.4 GB/7.7 GB   12 MB/s   4m24s[K[?25h[?2026l[?2026h[?25l[A[1Gpulling manifest [K
pulling 0624ba75c3ce:  57% ▕██████████        ▏ 4.4 GB/7.7 GB   12 MB/s   4m24s[K[?25h[?2026l[?2026h[?25l[A[1Gpulling manifest [K
pulling 0624ba75c3ce:  57% ▕██████████        ▏ 4.4 GB/7.7 GB   12 MB/s   4m24s[K[?25h[?2026l[?2026h[?25l[A[1Gpulling manifest [K
pulling 0624ba75c3ce:  57% ▕██████████        ▏ 4.4 GB/7.7 GB   12 MB/s   4m24s[K[?25h[?2026l[?2026h[?25l[A[1Gpulling manifest [K
pulling 0624ba75c3ce:  57% ▕██████████        ▏ 4.4 GB/7.7 GB   12 MB/s   4m24s[K[?25h[?2026l[?2026h[?25l[A[1Gpulling manifest [K
pulling 0624ba75c3ce:  57% ▕██████████        ▏ 4.4 GB/7.7 GB   12 MB/s   4m24s[K[?25h[?2026l[?2026h[?25l[A[1Gpulling manifest [K
pulling 0624ba75c3ce:  57% ▕██████████        ▏ 4.4 GB/7.7 GB   12 MB/s   4m20s[K[?25h[?2026l[?2026h[?25l[A[1Gpulling manifest [K
pulling 0624ba75c3ce:  57% ▕██████████        ▏ 4.4 GB/7.7 GB   12 MB/s   4m20s[K[?25h[?2026l[?2026h[?25l[A[1Gpulling manifest [K
pulling 0624ba75c3ce:  57% ▕██████████        ▏ 4.4 GB/7.7 GB   12 MB/s   4m20s[K[?25h[?2026l[?2026h[?25l[A[1Gpulling manifest [K
pulling 0624ba75c3ce:  57% ▕██████████        ▏ 4.4 GB/7.7 GB   12 MB/s   4m20s[K[?25h[?2026l[?2026h[?25l[A[1Gpulling manifest [K
pulling 0624ba75c3ce:  57% ▕██████████        ▏ 4.4 GB/7.7 GB   12 MB/s   4m20s[K[?25h[?2026l[?2026h[?25l[A[1Gpulling manifest [K
pulling 0624ba75c3ce:  57% ▕██████████        ▏ 4.4 GB/7.7 GB   12 MB/s   4m20s[K[?25h[?2026l[?2026h[?25l[A[1Gpulling manifest [K
pulling 0624ba75c3ce:  57% ▕██████████        ▏ 4.4 GB/7.7 GB   12 MB/s   4m20s[K[?25h[?2026l[?2026h[?25l[A[1Gpulling manifest [K
pulling 0624ba75c3ce:  57% ▕██████████        ▏ 4.4 GB/7.7 GB   12 MB/s   4m20s[K[?25h[?2026l[?2026h[?25l[A[1Gpulling manifest [K
pulling 0624ba75c3ce:  57% ▕██████████        ▏ 4.4 GB/7.7 GB   12 MB/s   4m20s[K[?25h[?2026l[?2026h[?25l[A[1Gpulling manifest [K
pulling 0624ba75c3ce:  57% ▕██████████        ▏ 4.4 GB/7.7 GB   12 MB/s   4m20s[K[?25h[?2026l[?2026h[?25l[A[1Gpulling manifest [K
pulling 0624ba75c3ce:  57% ▕██████████        ▏ 4.4 GB/7.7 GB   12 MB/s   4m19s[K[?25h[?2026l[?2026h[?25l[A[1Gpulling manifest [K
pulling 0624ba75c3ce:  57% ▕██████████        ▏ 4.4 GB/7.7 GB   12 MB/s   4m18s[K[?25h[?2026l[?2026h[?25l[A[1Gpulling manifest [K
pulling 0624ba75c3ce:  57% ▕██████████        ▏ 4.4 GB/7.7 GB   12 MB/s   4m18s[K[?25h[?2026l[?2026h[?25l[A[1Gpulling manifest [K
pulling 0624ba75c3ce:  57% ▕██████████        ▏ 4.4 GB/7.7 GB   12 MB/s   4m18s[K[?25h[?2026l[?2026h[?25l[A[1Gpulling manifest [K
pulling 0624ba75c3ce:  57% ▕██████████        ▏ 4.4 GB/7.7 GB   12 MB/s   4m18s[K[?25h[?2026l[?2026h[?25l[A[1Gpulling manifest [K
pulling 0624ba75c3ce:  57% ▕██████████        ▏ 4.4 GB/7.7 GB   12 MB/s   4m18s[K[?25h[?2026l[?2026h[?25l[A[1Gpulling manifest [K
pulling 0624ba75c3ce:  57% ▕██████████        ▏ 4.4 GB/7.7 GB   12 MB/s   4m18s[K[?25h[?2026l[?2026h[?25l[A[1Gpulling manifest [K
pulling 0624ba75c3ce:  57% ▕██████████        ▏ 4.4 GB/7.7 GB   12 MB/s   4m18s[K[?25h[?2026l[?2026h[?25l[A[1Gpulling manifest [K
pulling 0624ba75c3ce:  57% ▕██████████        ▏ 4.4 GB/7.7 GB   12 MB/s   4m18s[K[?25h[?2026l[?2026h[?25l[A[1Gpulling manifest [K
pulling 0624ba75c3ce:  57% ▕██████████        ▏ 4.4 GB/7.7 GB   12 MB/s   4m18s[K[?25h[?2026l[?2026h[?25l[A[1Gpulling manifest [K
pulling 0624ba75c3ce:  57% ▕██████████        ▏ 4.4 GB/7.7 GB   12 MB/s   4m15s[K[?25h[?2026l[?2026h[?25l[A[1Gpulling manifest [K
pulling 0624ba75c3ce:  57% ▕██████████        ▏ 4.4 GB/7.7 GB   12 MB/s   4m14s[K[?25h[?2026l[?2026h[?25l[A[1Gpulling manifest [K
pulling 0624ba75c3ce:  57% ▕██████████        ▏ 4.4 GB/7.7 GB   12 MB/s   4m14s[K[?25h[?2026l[?2026h[?25l[A[1Gpulling manifest [K
pulling 0624ba75c3ce:  57% ▕██████████        ▏ 4.4 GB/7.7 GB   12 MB/s   4m14s[K[?25h[?2026l[?2026h[?25l[A[1Gpulling manifest [K
pulling 0624ba75c3ce:  57% ▕██████████        ▏ 4.4 GB/7.7 GB   12 MB/s   4m14s[K[?25h[?2026l[?2026h[?25l[A[1Gpulling manifest [K
pulling 0624ba75c3ce:  57% ▕██████████        ▏ 4.4 GB/7.7 GB   12 MB/s   4m14s[K[?25h[?2026l[?2026h[?25l[A[1Gpulling manifest [K
pulling 0624ba75c3ce:  57% ▕██████████        ▏ 4.4 GB/7.7 GB   12 MB/s   4m14s[K[?25h[?2026l[?2026h[?25l[A[1Gpulling manifest [K
pulling 0624ba75c3ce:  57% ▕██████████        ▏ 4.4 GB/7.7 GB   12 MB/s   4m14s[K[?25h[?2026l[?2026h[?25l[A[1Gpulling manifest [K
pulling 0624ba75c3ce:  57% ▕██████████        ▏ 4.4 GB/7.7 GB   12 MB/s   4m14s[K[?25h[?2026l[?2026h[?25l[A[1Gpulling manifest [K
pulling 0624ba75c3ce:  57% ▕██████████        ▏ 4.4 GB/7.7 GB   12 MB/s   4m14s[K[?25h[?2026l[?2026h[?25l[A[1Gpulling manifest [K
pulling 0624ba75c3ce:  57% ▕██████████        ▏ 4.4 GB/7.7 GB   12 MB/s   4m17s[K[?25h[?2026l[?2026h[?25l[A[1Gpulling manifest [K
pulling 0624ba75c3ce:  57% ▕██████████        ▏ 4.4 GB/7.7 GB   12 MB/s   4m17s[K[?25h[?2026l[?2026h[?25l[A[1Gpulling manifest [K
pulling 0624ba75c3ce:  57% ▕██████████        ▏ 4.4 GB/7.7 GB   12 MB/s   4m17s[K[?25h[?2026l[?2026h[?25l[A[1Gpulling manifest [K
pulling 0624ba75c3ce:  57% ▕██████████        ▏ 4.4 GB/7.7 GB   12 MB/s   4m17s[K[?25h[?2026l[?2026h[?25l[A[1Gpulling manifest [K
pulling 0624ba75c3ce:  57% ▕██████████        ▏ 4.4 GB/7.7 GB   12 MB/s   4m17s[K[?25h[?2026l[?2026h[?25l[A[1Gpulling manifest [K
pulling 0624ba75c3ce:  57% ▕██████████        ▏ 4.4 GB/7.7 GB   12 MB/s   4m17s[K[?25h[?2026l[?2026h[?25l[A[1Gpulling manifest [K
pulling 0624ba75c3ce:  57% ▕██████████        ▏ 4.4 GB/7.7 GB   12 MB/s   4m17s[K[?25h[?2026l[?2026h[?25l[A[1Gpulling manifest [K
pulling 0624ba75c3ce:  57% ▕██████████        ▏ 4.4 GB/7.7 GB   12 MB/s   4m17s[K[?25h[?2026l[?2026h[?25l[A[1Gpulling manifest [K
pulling 0624ba75c3ce:  58% ▕██████████        ▏ 4.4 GB/7.7 GB   12 MB/s   4m16s[K[?25h[?2026l[?2026h[?25l[A[1Gpulling manifest [K
pulling 0624ba75c3ce:  58% ▕██████████        ▏ 4.4 GB/7.7 GB   12 MB/s   4m16s[K[?25h[?2026l[?2026h[?25l[A[1Gpulling manifest [K
pulling 0624ba75c3ce:  58% ▕██████████        ▏ 4.4 GB/7.7 GB   12 MB/s   4m16s[K[?25h[?2026l[?2026h[?25l[A[1Gpulling manifest [K
pulling 0624ba75c3ce:  58% ▕██████████        ▏ 4.4 GB/7.7 GB   12 MB/s   4m24s[K[?25h[?2026l[?2026h[?25l[A[1Gpulling manifest [K
pulling 0624ba75c3ce:  58% ▕██████████        ▏ 4.4 GB/7.7 GB   12 MB/s   4m23s[K[?25h[?2026l[?2026h[?25l[A[1Gpulling manifest [K
pulling 0624ba75c3ce:  58% ▕██████████        ▏ 4.4 GB/7.7 GB   12 MB/s   4m23s[K[?25h[?2026l[?2026h[?25l[A[1Gpulling manifest [K
pulling 0624ba75c3ce:  58% ▕██████████        ▏ 4.4 GB/7.7 GB   12 MB/s   4m23s[K[?25h[?2026l[?2026h[?25l[A[1Gpulling manifest [K
pulling 0624ba75c3ce:  58% ▕██████████        ▏ 4.4 GB/7.7 GB   12 MB/s   4m23s[K[?25h[?2026l[?2026h[?25l[A[1Gpulling manifest [K
pulling 0624ba75c3ce:  58% ▕██████████        ▏ 4.4 GB/7.7 GB   12 MB/s   4m23s[K[?25h[?2026l[?2026h[?25l[A[1Gpulling manifest [K
pulling 0624ba75c3ce:  58% ▕██████████        ▏ 4.4 GB/7.7 GB   12 MB/s   4m23s[K[?25h[?2026l[?2026h[?25l[A[1Gpulling manifest [K
pulling 0624ba75c3ce:  58% ▕██████████        ▏ 4.4 GB/7.7 GB   12 MB/s   4m23s[K[?25h[?2026l[?2026h[?25l[A[1Gpulling manifest [K
pulling 0624ba75c3ce:  58% ▕██████████        ▏ 4.4 GB/7.7 GB   12 MB/s   4m23s[K[?25h[?2026l[?2026h[?25l[A[1Gpulling manifest [K
pulling 0624ba75c3ce:  58% ▕██████████        ▏ 4.4 GB/7.7 GB   12 MB/s   4m23s[K[?25h[?2026l[?2026h[?25l[A[1Gpulling manifest [K
pulling 0624ba75c3ce:  58% ▕██████████        ▏ 4.4 GB/7.7 GB   12 MB/s   4m29s[K[?25h[?2026l[?2026h[?25l[A[1Gpulling manifest [K
pulling 0624ba75c3ce:  58% ▕██████████        ▏ 4.4 GB/7.7 GB   12 MB/s   4m29s[K[?25h[?2026l[?2026h[?25l[A[1Gpulling manifest [K
pulling 0624ba75c3ce:  58% ▕██████████        ▏ 4.4 GB/7.7 GB   12 MB/s   4m29s[K[?25h[?2026l[?2026h[?25l[A[1Gpulling manifest [K
pulling 0624ba75c3ce:  58% ▕██████████        ▏ 4.4 GB/7.7 GB   12 MB/s   4m29s[K[?25h[?2026l[?2026h[?25l[A[1Gpulling manifest [K
pulling 0624ba75c3ce:  58% ▕██████████        ▏ 4.4 GB/7.7 GB   12 MB/s   4m29s[K[?25h[?2026l[?2026h[?25l[A[1Gpulling manifest [K
pulling 0624ba75c3ce:  58% ▕██████████        ▏ 4.4 GB/7.7 GB   12 MB/s   4m29s[K[?25h[?2026l[?2026h[?25l[A[1Gpulling manifest [K
pulling 0624ba75c3ce:  58% ▕██████████        ▏ 4.4 GB/7.7 GB   12 MB/s   4m29s[K[?25h[?2026l[?2026h[?25l[A[1Gpulling manifest [K
pulling 0624ba75c3ce:  58% ▕██████████        ▏ 4.4 GB/7.7 GB   12 MB/s   4m29s[K[?25h[?2026l[?2026h[?25l[A[1Gpulling manifest [K
pulling 0624ba75c3ce:  58% ▕██████████        ▏ 4.4 GB/7.7 GB   12 MB/s   4m29s[K[?25h[?2026l[?2026h[?25l[A[1Gpulling manifest [K
pulling 0624ba75c3ce:  58% ▕██████████        ▏ 4.5 GB/7.7 GB   12 MB/s   4m29s[K[?25h[?2026l[?2026h[?25l[A[1Gpulling manifest [K
pulling 0624ba75c3ce:  58% ▕██████████        ▏ 4.5 GB/7.7 GB   12 MB/s   4m27s[K[?25h[?2026l[?2026h[?25l[A[1Gpulling manifest [K
pulling 0624ba75c3ce:  58% ▕██████████        ▏ 4.5 GB/7.7 GB   12 MB/s   4m26s[K[?25h[?2026l[?2026h[?25l[A[1Gpulling manifest [K
pulling 0624ba75c3ce:  58% ▕██████████        ▏ 4.5 GB/7.7 GB   12 MB/s   4m26s[K[?25h[?2026l[?2026h[?25l[A[1Gpulling manifest [K
pulling 0624ba75c3ce:  58% ▕██████████        ▏ 4.5 GB/7.7 GB   12 MB/s   4m26s[K[?25h[?2026l[?2026h[?25l[A[1Gpulling manifest [K
pulling 0624ba75c3ce:  58% ▕██████████        ▏ 4.5 GB/7.7 GB   12 MB/s   4m26s[K[?25h[?2026l[?2026h[?25l[A[1Gpulling manifest [K
pulling 0624ba75c3ce:  58% ▕██████████        ▏ 4.5 GB/7.7 GB   12 MB/s   4m26s[K[?25h[?2026l[?2026h[?25l[A[1Gpulling manifest [K
pulling 0624ba75c3ce:  58% ▕██████████        ▏ 4.5 GB/7.7 GB   12 MB/s   4m26s[K[?25h[?2026l[?2026h[?25l[A[1Gpulling manifest [K
pulling 0624ba75c3ce:  58% ▕██████████        ▏ 4.5 GB/7.7 GB   12 MB/s   4m26s[K[?25h[?2026l[?2026h[?25l[A[1Gpulling manifest [K
pulling 0624ba75c3ce:  58% ▕██████████        ▏ 4.5 GB/7.7 GB   12 MB/s   4m26s[K[?25h[?2026l[?2026h[?25l[A[1Gpulling manifest [K
pulling 0624ba75c3ce:  58% ▕██████████        ▏ 4.5 GB/7.7 GB   12 MB/s   4m26s[K[?25h[?2026l[?2026h[?25l[A[1Gpulling manifest [K
pulling 0624ba75c3ce:  58% ▕██████████        ▏ 4.5 GB/7.7 GB   11 MB/s   4m30s[K[?25h[?2026l[?2026h[?25l[A[1Gpulling manifest [K
pulling 0624ba75c3ce:  58% ▕██████████        ▏ 4.5 GB/7.7 GB   11 MB/s   4m29s[K[?25h[?2026l[?2026h[?25l[A[1Gpulling manifest [K
pulling 0624ba75c3ce:  58% ▕██████████        ▏ 4.5 GB/7.7 GB   11 MB/s   4m29s[K[?25h[?2026l[?2026h[?25l[A[1Gpulling manifest [K
pulling 0624ba75c3ce:  58% ▕██████████        ▏ 4.5 GB/7.7 GB   11 MB/s   4m29s[K[?25h[?2026l[?2026h[?25l[A[1Gpulling manifest [K
pulling 0624ba75c3ce:  58% ▕██████████        ▏ 4.5 GB/7.7 GB   11 MB/s   4m29s[K[?25h[?2026l[?2026h[?25l[A[1Gpulling manifest [K
pulling 0624ba75c3ce:  58% ▕██████████        ▏ 4.5 GB/7.7 GB   11 MB/s   4m29s[K[?25h[?2026l[?2026h[?25l[A[1Gpulling manifest [K
pulling 0624ba75c3ce:  58% ▕██████████        ▏ 4.5 GB/7.7 GB   11 MB/s   4m29s[K[?25h[?2026l[?2026h[?25l[A[1Gpulling manifest [K
pulling 0624ba75c3ce:  58% ▕██████████        ▏ 4.5 GB/7.7 GB   11 MB/s   4m29s[K[?25h[?2026l[?2026h[?25l[A[1Gpulling manifest [K
pulling 0624ba75c3ce:  58% ▕██████████        ▏ 4.5 GB/7.7 GB   11 MB/s   4m29s[K[?25h[?2026l[?2026h[?25l[A[1Gpulling manifest [K
pulling 0624ba75c3ce:  58% ▕██████████        ▏ 4.5 GB/7.7 GB   11 MB/s   4m29s[K[?25h[?2026l[?2026h[?25l[A[1Gpulling manifest [K
pulling 0624ba75c3ce:  58% ▕██████████        ▏ 4.5 GB/7.7 GB   11 MB/s   4m31s[K[?25h[?2026l[?2026h[?25l[A[1Gpulling manifest [K
pulling 0624ba75c3ce:  58% ▕██████████        ▏ 4.5 GB/7.7 GB   11 MB/s   4m31s[K[?25h[?2026l[?2026h[?25l[A[1Gpulling manifest [K
pulling 0624ba75c3ce:  58% ▕██████████        ▏ 4.5 GB/7.7 GB   11 MB/s   4m30s[K[?25h[?2026l[?2026h[?25l[A[1Gpulling manifest [K
pulling 0624ba75c3ce:  58% ▕██████████        ▏ 4.5 GB/7.7 GB   11 MB/s   4m30s[K[?25h[?2026l[?2026h[?25l[A[1Gpulling manifest [K
pulling 0624ba75c3ce:  58% ▕██████████        ▏ 4.5 GB/7.7 GB   11 MB/s   4m30s[K[?25h[?2026l[?2026h[?25l[A[1Gpulling manifest [K
pulling 0624ba75c3ce:  58% ▕██████████        ▏ 4.5 GB/7.7 GB   11 MB/s   4m30s[K[?25h[?2026l[?2026h[?25l[A[1Gpulling manifest [K
pulling 0624ba75c3ce:  58% ▕██████████        ▏ 4.5 GB/7.7 GB   11 MB/s   4m30s[K[?25h[?2026l[?2026h[?25l[A[1Gpulling manifest [K
pulling 0624ba75c3ce:  58% ▕██████████        ▏ 4.5 GB/7.7 GB   11 MB/s   4m30s[K[?25h[?2026l[?2026h[?25l[A[1Gpulling manifest [K
pulling 0624ba75c3ce:  58% ▕██████████        ▏ 4.5 GB/7.7 GB   11 MB/s   4m30s[K[?25h[?2026l[?2026h[?25l[A[1Gpulling manifest [K
pulling 0624ba75c3ce:  58% ▕██████████        ▏ 4.5 GB/7.7 GB   11 MB/s   4m30s[K[?25h[?2026l[?2026h[?25l[A[1Gpulling manifest [K
pulling 0624ba75c3ce:  58% ▕██████████        ▏ 4.5 GB/7.7 GB   11 MB/s   4m30s[K[?25h[?2026l[?2026h[?25l[A[1Gpulling manifest [K
pulling 0624ba75c3ce:  58% ▕██████████        ▏ 4.5 GB/7.7 GB   11 MB/s   4m32s[K[?25h[?2026l[?2026h[?25l[A[1Gpulling manifest [K
pulling 0624ba75c3ce:  58% ▕██████████        ▏ 4.5 GB/7.7 GB   11 MB/s   4m32s[K[?25h[?2026l[?2026h[?25l[A[1Gpulling manifest [K
pulling 0624ba75c3ce:  58% ▕██████████        ▏ 4.5 GB/7.7 GB   11 MB/s   4m32s[K[?25h[?2026l[?2026h[?25l[A[1Gpulling manifest [K
pulling 0624ba75c3ce:  58% ▕██████████        ▏ 4.5 GB/7.7 GB   11 MB/s   4m32s[K[?25h[?2026l[?2026h[?25l[A[1Gpulling manifest [K
pulling 0624ba75c3ce:  58% ▕██████████        ▏ 4.5 GB/7.7 GB   11 MB/s   4m32s[K[?25h[?2026l[?2026h[?25l[A[1Gpulling manifest [K
pulling 0624ba75c3ce:  58% ▕██████████        ▏ 4.5 GB/7.7 GB   11 MB/s   4m32s[K[?25h[?2026l[?2026h[?25l[A[1Gpulling manifest [K
pulling 0624ba75c3ce:  58% ▕██████████        ▏ 4.5 GB/7.7 GB   11 MB/s   4m32s[K[?25h[?2026l[?2026h[?25l[A[1Gpulling manifest [K
pulling 0624ba75c3ce:  58% ▕██████████        ▏ 4.5 GB/7.7 GB   11 MB/s   4m31s[K[?25h[?2026l[?2026h[?25l[A[1Gpulling manifest [K
pulling 0624ba75c3ce:  58% ▕██████████        ▏ 4.5 GB/7.7 GB   11 MB/s   4m31s[K[?25h[?2026l[?2026h[?25l[A[1Gpulling manifest [K
pulling 0624ba75c3ce:  58% ▕██████████        ▏ 4.5 GB/7.7 GB   11 MB/s   4m31s[K[?25h[?2026l[?2026h[?25l[A[1Gpulling manifest [K
pulling 0624ba75c3ce:  58% ▕██████████        ▏ 4.5 GB/7.7 GB   11 MB/s   4m30s[K[?25h[?2026l[?2026h[?25l[A[1Gpulling manifest [K
pulling 0624ba75c3ce:  58% ▕██████████        ▏ 4.5 GB/7.7 GB   11 MB/s   4m30s[K[?25h[?2026l[?2026h[?25l[A[1Gpulling manifest [K
pulling 0624ba75c3ce:  59% ▕██████████        ▏ 4.5 GB/7.7 GB   11 MB/s   4m30s[K[?25h[?2026l[?2026h[?25l[A[1Gpulling manifest [K
pulling 0624ba75c3ce:  59% ▕██████████        ▏ 4.5 GB/7.7 GB   11 MB/s   4m29s[K[?25h[?2026l[?2026h[?25l[A[1Gpulling manifest [K
pulling 0624ba75c3ce:  59% ▕██████████        ▏ 4.5 GB/7.7 GB   11 MB/s   4m29s[K[?25h[?2026l[?2026h[?25l[A[1Gpulling manifest [K
pulling 0624ba75c3ce:  59% ▕██████████        ▏ 4.5 GB/7.7 GB   11 MB/s   4m29s[K[?25h[?2026l[?2026h[?25l[A[1Gpulling manifest [K
pulling 0624ba75c3ce:  59% ▕██████████        ▏ 4.5 GB/7.7 GB   11 MB/s   4m29s[K[?25h[?2026l[?2026h[?25l[A[1Gpulling manifest [K
pulling 0624ba75c3ce:  59% ▕██████████        ▏ 4.5 GB/7.7 GB   11 MB/s   4m29s[K[?25h[?2026l[?2026h[?25l[A[1Gpulling manifest [K
pulling 0624ba75c3ce:  59% ▕██████████        ▏ 4.5 GB/7.7 GB   11 MB/s   4m29s[K[?25h[?2026l[?2026h[?25l[A[1Gpulling manifest [K
pulling 0624ba75c3ce:  59% ▕██████████        ▏ 4.5 GB/7.7 GB   11 MB/s   4m29s[K[?25h[?2026l[?2026h[?25l[A[1Gpulling manifest [K
pulling 0624ba75c3ce:  59% ▕██████████        ▏ 4.5 GB/7.7 GB   11 MB/s   4m27s[K[?25h[?2026l[?2026h[?25l[A[1Gpulling manifest [K
pulling 0624ba75c3ce:  59% ▕██████████        ▏ 4.5 GB/7.7 GB   11 MB/s   4m27s[K[?25h[?2026l[?2026h[?25l[A[1Gpulling manifest [K
pulling 0624ba75c3ce:  59% ▕██████████        ▏ 4.5 GB/7.7 GB   11 MB/s   4m27s[K[?25h[?2026l[?2026h[?25l[A[1Gpulling manifest [K
pulling 0624ba75c3ce:  59% ▕██████████        ▏ 4.5 GB/7.7 GB   11 MB/s   4m26s[K[?25h[?2026l[?2026h[?25l[A[1Gpulling manifest [K
pulling 0624ba75c3ce:  59% ▕██████████        ▏ 4.5 GB/7.7 GB   11 MB/s   4m26s[K[?25h[?2026l[?2026h[?25l[A[1Gpulling manifest [K
pulling 0624ba75c3ce:  59% ▕██████████        ▏ 4.5 GB/7.7 GB   11 MB/s   4m26s[K[?25h[?2026l[?2026h[?25l[A[1Gpulling manifest [K
pulling 0624ba75c3ce:  59% ▕██████████        ▏ 4.5 GB/7.7 GB   11 MB/s   4m26s[K[?25h[?2026l[?2026h[?25l[A[1Gpulling manifest [K
pulling 0624ba75c3ce:  59% ▕██████████        ▏ 4.5 GB/7.7 GB   11 MB/s   4m26s[K[?25h[?2026l[?2026h[?25l[A[1Gpulling manifest [K
pulling 0624ba75c3ce:  59% ▕██████████        ▏ 4.5 GB/7.7 GB   11 MB/s   4m26s[K[?25h[?2026l[?2026h[?25l[A[1Gpulling manifest [K
pulling 0624ba75c3ce:  59% ▕██████████        ▏ 4.5 GB/7.7 GB   11 MB/s   4m26s[K[?25h[?2026l[?2026h[?25l[A[1Gpulling manifest [K
pulling 0624ba75c3ce:  59% ▕██████████        ▏ 4.5 GB/7.7 GB   11 MB/s   4m29s[K[?25h[?2026l[?2026h[?25l[A[1Gpulling manifest [K
pulling 0624ba75c3ce:  59% ▕██████████        ▏ 4.5 GB/7.7 GB   11 MB/s   4m29s[K[?25h[?2026l[?2026h[?25l[A[1Gpulling manifest [K
pulling 0624ba75c3ce:  59% ▕██████████        ▏ 4.5 GB/7.7 GB   11 MB/s   4m29s[K[?25h[?2026l[?2026h[?25l[A[1Gpulling manifest [K
pulling 0624ba75c3ce:  59% ▕██████████        ▏ 4.5 GB/7.7 GB   11 MB/s   4m29s[K[?25h[?2026l[?2026h[?25l[A[1Gpulling manifest [K
pulling 0624ba75c3ce:  59% ▕██████████        ▏ 4.5 GB/7.7 GB   11 MB/s   4m29s[K[?25h[?2026l[?2026h[?25l[A[1Gpulling manifest [K
pulling 0624ba75c3ce:  59% ▕██████████        ▏ 4.5 GB/7.7 GB   11 MB/s   4m29s[K[?25h[?2026l[?2026h[?25l[A[1Gpulling manifest [K
pulling 0624ba75c3ce:  59% ▕██████████        ▏ 4.5 GB/7.7 GB   11 MB/s   4m29s[K[?25h[?2026l[?2026h[?25l[A[1Gpulling manifest [K
pulling 0624ba75c3ce:  59% ▕██████████        ▏ 4.5 GB/7.7 GB   11 MB/s   4m29s[K[?25h[?2026l[?2026h[?25l[A[1Gpulling manifest [K
pulling 0624ba75c3ce:  59% ▕██████████        ▏ 4.5 GB/7.7 GB   11 MB/s   4m29s[K[?25h[?2026l[?2026h[?25l[A[1Gpulling manifest [K
pulling 0624ba75c3ce:  59% ▕██████████        ▏ 4.5 GB/7.7 GB   11 MB/s   4m28s[K[?25h[?2026l[?2026h[?25l[A[1Gpulling manifest [K
pulling 0624ba75c3ce:  59% ▕██████████        ▏ 4.5 GB/7.7 GB   12 MB/s   4m21s[K[?25h[?2026l[?2026h[?25l[A[1Gpulling manifest [K
pulling 0624ba75c3ce:  59% ▕██████████        ▏ 4.5 GB/7.7 GB   12 MB/s   4m21s[K[?25h[?2026l[?2026h[?25l[A[1Gpulling manifest [K
pulling 0624ba75c3ce:  59% ▕██████████        ▏ 4.5 GB/7.7 GB   12 MB/s   4m21s[K[?25h[?2026l[?2026h[?25l[A[1Gpulling manifest [K
pulling 0624ba75c3ce:  59% ▕██████████        ▏ 4.5 GB/7.7 GB   12 MB/s   4m21s[K[?25h[?2026l[?2026h[?25l[A[1Gpulling manifest [K
pulling 0624ba75c3ce:  59% ▕██████████        ▏ 4.5 GB/7.7 GB   12 MB/s   4m21s[K[?25h[?2026l[?2026h[?25l[A[1Gpulling manifest [K
pulling 0624ba75c3ce:  59% ▕██████████        ▏ 4.5 GB/7.7 GB   12 MB/s   4m21s[K[?25h[?2026l[?2026h[?25l[A[1Gpulling manifest [K
pulling 0624ba75c3ce:  59% ▕██████████        ▏ 4.5 GB/7.7 GB   12 MB/s   4m21s[K[?25h[?2026l[?2026h[?25l[A[1Gpulling manifest [K
pulling 0624ba75c3ce:  59% ▕██████████        ▏ 4.5 GB/7.7 GB   12 MB/s   4m21s[K[?25h[?2026l[?2026h[?25l[A[1Gpulling manifest [K
pulling 0624ba75c3ce:  59% ▕██████████        ▏ 4.5 GB/7.7 GB   12 MB/s   4m20s[K[?25h[?2026l[?2026h[?25l[A[1Gpulling manifest [K
pulling 0624ba75c3ce:  59% ▕██████████        ▏ 4.5 GB/7.7 GB   12 MB/s   4m20s[K[?25h[?2026l[?2026h[?25l[A[1Gpulling manifest [K
pulling 0624ba75c3ce:  59% ▕██████████        ▏ 4.5 GB/7.7 GB   12 MB/s   4m20s[K[?25h[?2026l[?2026h[?25l[A[1Gpulling manifest [K
pulling 0624ba75c3ce:  59% ▕██████████        ▏ 4.5 GB/7.7 GB   12 MB/s   4m19s[K[?25h[?2026l[?2026h[?25l[A[1Gpulling manifest [K
pulling 0624ba75c3ce:  59% ▕██████████        ▏ 4.5 GB/7.7 GB   12 MB/s   4m19s[K[?25h[?2026l[?2026h[?25l[A[1Gpulling manifest [K
pulling 0624ba75c3ce:  59% ▕██████████        ▏ 4.6 GB/7.7 GB   12 MB/s   4m19s[K[?25h[?2026l[?2026h[?25l[A[1Gpulling manifest [K
pulling 0624ba75c3ce:  59% ▕██████████        ▏ 4.6 GB/7.7 GB   12 MB/s   4m19s[K[?25h[?2026l[?2026h[?25l[A[1Gpulling manifest [K
pulling 0624ba75c3ce:  59% ▕██████████        ▏ 4.6 GB/7.7 GB   12 MB/s   4m19s[K[?25h[?2026l[?2026h[?25l[A[1Gpulling manifest [K
pulling 0624ba75c3ce:  59% ▕██████████        ▏ 4.6 GB/7.7 GB   12 MB/s   4m19s[K[?25h[?2026l[?2026h[?25l[A[1Gpulling manifest [K
pulling 0624ba75c3ce:  59% ▕██████████        ▏ 4.6 GB/7.7 GB   12 MB/s   4m18s[K[?25h[?2026l[?2026h[?25l[A[1Gpulling manifest [K
pulling 0624ba75c3ce:  59% ▕██████████        ▏ 4.6 GB/7.7 GB   12 MB/s   4m18s[K[?25h[?2026l[?2026h[?25l[A[1Gpulling manifest [K
pulling 0624ba75c3ce:  59% ▕██████████        ▏ 4.6 GB/7.7 GB   12 MB/s   4m18s[K[?25h[?2026l[?2026h[?25l[A[1Gpulling manifest [K
pulling 0624ba75c3ce:  59% ▕██████████        ▏ 4.6 GB/7.7 GB   12 MB/s   4m18s[K[?25h[?2026l[?2026h[?25l[A[1Gpulling manifest [K
pulling 0624ba75c3ce:  59% ▕██████████        ▏ 4.6 GB/7.7 GB   12 MB/s   4m17s[K[?25h[?2026l[?2026h[?25l[A[1Gpulling manifest [K
pulling 0624ba75c3ce:  59% ▕██████████        ▏ 4.6 GB/7.7 GB   12 MB/s   4m17s[K[?25h[?2026l[?2026h[?25l[A[1Gpulling manifest [K
pulling 0624ba75c3ce:  59% ▕██████████        ▏ 4.6 GB/7.7 GB   12 MB/s   4m17s[K[?25h[?2026l[?2026h[?25l[A[1Gpulling manifest [K
pulling 0624ba75c3ce:  59% ▕██████████        ▏ 4.6 GB/7.7 GB   12 MB/s   4m17s[K[?25h[?2026l[?2026h[?25l[A[1Gpulling manifest [K
pulling 0624ba75c3ce:  59% ▕██████████        ▏ 4.6 GB/7.7 GB   12 MB/s   4m17s[K[?25h[?2026l[?2026h[?25l[A[1Gpulling manifest [K
pulling 0624ba75c3ce:  59% ▕██████████        ▏ 4.6 GB/7.7 GB   12 MB/s   4m17s[K[?25h[?2026l[?2026h[?25l[A[1Gpulling manifest [K
pulling 0624ba75c3ce:  59% ▕██████████        ▏ 4.6 GB/7.7 GB   12 MB/s   4m17s[K[?25h[?2026l[?2026h[?25l[A[1Gpulling manifest [K
pulling 0624ba75c3ce:  59% ▕██████████        ▏ 4.6 GB/7.7 GB   12 MB/s   4m17s[K[?25h[?2026l[?2026h[?25l[A[1Gpulling manifest [K
pulling 0624ba75c3ce:  59% ▕██████████        ▏ 4.6 GB/7.7 GB   12 MB/s   4m17s[K[?25h[?2026l[?2026h[?25l[A[1Gpulling manifest [K
pulling 0624ba75c3ce:  59% ▕██████████        ▏ 4.6 GB/7.7 GB   12 MB/s   4m16s[K[?25h[?2026l[?2026h[?25l[A[1Gpulling manifest [K
pulling 0624ba75c3ce:  59% ▕██████████        ▏ 4.6 GB/7.7 GB   12 MB/s   4m15s[K[?25h[?2026l[?2026h[?25l[A[1Gpulling manifest [K
pulling 0624ba75c3ce:  59% ▕██████████        ▏ 4.6 GB/7.7 GB   12 MB/s   4m15s[K[?25h[?2026l[?2026h[?25l[A[1Gpulling manifest [K
pulling 0624ba75c3ce:  59% ▕██████████        ▏ 4.6 GB/7.7 GB   12 MB/s   4m15s[K[?25h[?2026l[?2026h[?25l[A[1Gpulling manifest [K
pulling 0624ba75c3ce:  59% ▕██████████        ▏ 4.6 GB/7.7 GB   12 MB/s   4m15s[K[?25h[?2026l[?2026h[?25l[A[1Gpulling manifest [K
pulling 0624ba75c3ce:  59% ▕██████████        ▏ 4.6 GB/7.7 GB   12 MB/s   4m15s[K[?25h[?2026l[?2026h[?25l[A[1Gpulling manifest [K
pulling 0624ba75c3ce:  59% ▕██████████        ▏ 4.6 GB/7.7 GB   12 MB/s   4m15s[K[?25h[?2026l[?2026h[?25l[A[1Gpulling manifest [K
pulling 0624ba75c3ce:  60% ▕██████████        ▏ 4.6 GB/7.7 GB   12 MB/s   4m14s[K[?25h[?2026l[?2026h[?25l[A[1Gpulling manifest [K
pulling 0624ba75c3ce:  60% ▕██████████        ▏ 4.6 GB/7.7 GB   12 MB/s   4m14s[K[?25h[?2026l[?2026h[?25l[A[1Gpulling manifest [K
pulling 0624ba75c3ce:  60% ▕██████████        ▏ 4.6 GB/7.7 GB   12 MB/s   4m14s[K[?25h[?2026l[?2026h[?25l[A[1Gpulling manifest [K
pulling 0624ba75c3ce:  60% ▕██████████        ▏ 4.6 GB/7.7 GB   12 MB/s   4m14s[K[?25h[?2026l[?2026h[?25l[A[1Gpulling manifest [K
pulling 0624ba75c3ce:  60% ▕██████████        ▏ 4.6 GB/7.7 GB   12 MB/s   4m13s[K[?25h[?2026l[?2026h[?25l[A[1Gpulling manifest [K
pulling 0624ba75c3ce:  60% ▕██████████        ▏ 4.6 GB/7.7 GB   12 MB/s   4m13s[K[?25h[?2026l[?2026h[?25l[A[1Gpulling manifest [K
pulling 0624ba75c3ce:  60% ▕██████████        ▏ 4.6 GB/7.7 GB   12 MB/s   4m13s[K[?25h[?2026l[?2026h[?25l[A[1Gpulling manifest [K
pulling 0624ba75c3ce:  60% ▕██████████        ▏ 4.6 GB/7.7 GB   12 MB/s   4m13s[K[?25h[?2026l[?2026h[?25l[A[1Gpulling manifest [K
pulling 0624ba75c3ce:  60% ▕██████████        ▏ 4.6 GB/7.7 GB   12 MB/s   4m13s[K[?25h[?2026l[?2026h[?25l[A[1Gpulling manifest [K
pulling 0624ba75c3ce:  60% ▕██████████        ▏ 4.6 GB/7.7 GB   12 MB/s   4m13s[K[?25h[?2026l[?2026h[?25l[A[1Gpulling manifest [K
pulling 0624ba75c3ce:  60% ▕██████████        ▏ 4.6 GB/7.7 GB   12 MB/s   4m13s[K[?25h[?2026l[?2026h[?25l[A[1Gpulling manifest [K
pulling 0624ba75c3ce:  60% ▕██████████        ▏ 4.6 GB/7.7 GB   12 MB/s   4m13s[K[?25h[?2026l[?2026h[?25l[A[1Gpulling manifest [K
pulling 0624ba75c3ce:  60% ▕██████████        ▏ 4.6 GB/7.7 GB   12 MB/s   4m13s[K[?25h[?2026l[?2026h[?25l[A[1Gpulling manifest [K
pulling 0624ba75c3ce:  60% ▕██████████        ▏ 4.6 GB/7.7 GB   12 MB/s   4m13s[K[?25h[?2026l[?2026h[?25l[A[1Gpulling manifest [K
pulling 0624ba75c3ce:  60% ▕██████████        ▏ 4.6 GB/7.7 GB   12 MB/s   4m17s[K[?25h[?2026l[?2026h[?25l[A[1Gpulling manifest [K
pulling 0624ba75c3ce:  60% ▕██████████        ▏ 4.6 GB/7.7 GB   12 MB/s   4m17s[K[?25h[?2026l[?2026h[?25l[A[1Gpulling manifest [K
pulling 0624ba75c3ce:  60% ▕██████████        ▏ 4.6 GB/7.7 GB   12 MB/s   4m17s[K[?25h[?2026l[?2026h[?25l[A[1Gpulling manifest [K
pulling 0624ba75c3ce:  60% ▕██████████        ▏ 4.6 GB/7.7 GB   12 MB/s   4m17s[K[?25h[?2026l[?2026h[?25l[A[1Gpulling manifest [K
pulling 0624ba75c3ce:  60% ▕██████████        ▏ 4.6 GB/7.7 GB   12 MB/s   4m17s[K[?25h[?2026l[?2026h[?25l[A[1Gpulling manifest [K
pulling 0624ba75c3ce:  60% ▕██████████        ▏ 4.6 GB/7.7 GB   12 MB/s   4m17s[K[?25h[?2026l[?2026h[?25l[A[1Gpulling manifest [K
pulling 0624ba75c3ce:  60% ▕██████████        ▏ 4.6 GB/7.7 GB   12 MB/s   4m17s[K[?25h[?2026l[?2026h[?25l[A[1Gpulling manifest [K
pulling 0624ba75c3ce:  60% ▕██████████        ▏ 4.6 GB/7.7 GB   12 MB/s   4m16s[K[?25h[?2026l[?2026h[?25l[A[1Gpulling manifest [K
pulling 0624ba75c3ce:  60% ▕██████████        ▏ 4.6 GB/7.7 GB   12 MB/s   4m16s[K[?25h[?2026l[?2026h[?25l[A[1Gpulling manifest [K
pulling 0624ba75c3ce:  60% ▕██████████        ▏ 4.6 GB/7.7 GB   12 MB/s   4m16s[K[?25h[?2026l[?2026h[?25l[A[1Gpulling manifest [K
pulling 0624ba75c3ce:  60% ▕██████████        ▏ 4.6 GB/7.7 GB   12 MB/s   4m16s[K[?25h[?2026l[?2026h[?25l[A[1Gpulling manifest [K
pulling 0624ba75c3ce:  60% ▕██████████        ▏ 4.6 GB/7.7 GB   12 MB/s   4m15s[K[?25h[?2026l[?2026h[?25l[A[1Gpulling manifest [K
pulling 0624ba75c3ce:  60% ▕██████████        ▏ 4.6 GB/7.7 GB   12 MB/s   4m15s[K[?25h[?2026l[?2026h[?25l[A[1Gpulling manifest [K
pulling 0624ba75c3ce:  60% ▕██████████        ▏ 4.6 GB/7.7 GB   12 MB/s   4m15s[K[?25h[?2026l[?2026h[?25l[A[1Gpulling manifest [K
pulling 0624ba75c3ce:  60% ▕██████████        ▏ 4.6 GB/7.7 GB   12 MB/s   4m15s[K[?25h[?2026l[?2026h[?25l[A[1Gpulling manifest [K
pulling 0624ba75c3ce:  60% ▕██████████        ▏ 4.6 GB/7.7 GB   12 MB/s   4m15s[K[?25h[?2026l[?2026h[?25l[A[1Gpulling manifest [K
pulling 0624ba75c3ce:  60% ▕██████████        ▏ 4.6 GB/7.7 GB   12 MB/s   4m15s[K[?25h[?2026l[?2026h[?25l[A[1Gpulling manifest [K
pulling 0624ba75c3ce:  60% ▕██████████        ▏ 4.6 GB/7.7 GB   12 MB/s   4m15s[K[?25h[?2026l[?2026h[?25l[A[1Gpulling manifest [K
pulling 0624ba75c3ce:  60% ▕██████████        ▏ 4.6 GB/7.7 GB   12 MB/s   4m15s[K[?25h[?2026l[?2026h[?25l[A[1Gpulling manifest [K
pulling 0624ba75c3ce:  60% ▕██████████        ▏ 4.6 GB/7.7 GB   12 MB/s   4m15s[K[?25h[?2026l[?2026h[?25l[A[1Gpulling manifest [K
pulling 0624ba75c3ce:  60% ▕██████████        ▏ 4.6 GB/7.7 GB   12 MB/s   4m15s[K[?25h[?2026l[?2026h[?25l[A[1Gpulling manifest [K
pulling 0624ba75c3ce:  60% ▕██████████        ▏ 4.6 GB/7.7 GB   11 MB/s   4m18s[K[?25h[?2026l[?2026h[?25l[A[1Gpulling manifest [K
pulling 0624ba75c3ce:  60% ▕██████████        ▏ 4.6 GB/7.7 GB   11 MB/s   4m18s[K[?25h[?2026l[?2026h[?25l[A[1Gpulling manifest [K
pulling 0624ba75c3ce:  60% ▕██████████        ▏ 4.6 GB/7.7 GB   11 MB/s   4m18s[K[?25h[?2026l[?2026h[?25l[A[1Gpulling manifest [K
pulling 0624ba75c3ce:  60% ▕██████████        ▏ 4.6 GB/7.7 GB   11 MB/s   4m18s[K[?25h[?2026l[?2026h[?25l[A[1Gpulling manifest [K
pulling 0624ba75c3ce:  60% ▕██████████        ▏ 4.6 GB/7.7 GB   11 MB/s   4m18s[K[?25h[?2026l[?2026h[?25l[A[1Gpulling manifest [K
pulling 0624ba75c3ce:  60% ▕██████████        ▏ 4.6 GB/7.7 GB   11 MB/s   4m18s[K[?25h[?2026l[?2026h[?25l[A[1Gpulling manifest [K
pulling 0624ba75c3ce:  60% ▕██████████        ▏ 4.6 GB/7.7 GB   11 MB/s   4m18s[K[?25h[?2026l[?2026h[?25l[A[1Gpulling manifest [K
pulling 0624ba75c3ce:  60% ▕██████████        ▏ 4.6 GB/7.7 GB   11 MB/s   4m18s[K[?25h[?2026l[?2026h[?25l[A[1Gpulling manifest [K
pulling 0624ba75c3ce:  60% ▕██████████        ▏ 4.6 GB/7.7 GB   11 MB/s   4m18s[K[?25h[?2026l[?2026h[?25l[A[1Gpulling manifest [K
pulling 0624ba75c3ce:  60% ▕██████████        ▏ 4.6 GB/7.7 GB   11 MB/s   4m18s[K[?25h[?2026l[?2026h[?25l[A[1Gpulling manifest [K
pulling 0624ba75c3ce:  60% ▕██████████        ▏ 4.6 GB/7.7 GB   12 MB/s   4m13s[K[?25h[?2026l[?2026h[?25l[A[1Gpulling manifest [K
pulling 0624ba75c3ce:  60% ▕██████████        ▏ 4.6 GB/7.7 GB   12 MB/s   4m13s[K[?25h[?2026l[?2026h[?25l[A[1Gpulling manifest [K
pulling 0624ba75c3ce:  60% ▕██████████        ▏ 4.6 GB/7.7 GB   12 MB/s   4m13s[K[?25h[?2026l[?2026h[?25l[A[1Gpulling manifest [K
pulling 0624ba75c3ce:  60% ▕██████████        ▏ 4.6 GB/7.7 GB   12 MB/s   4m13s[K[?25h[?2026l[?2026h[?25l[A[1Gpulling manifest [K
pulling 0624ba75c3ce:  60% ▕██████████        ▏ 4.6 GB/7.7 GB   12 MB/s   4m13s[K[?25h[?2026l[?2026h[?25l[A[1Gpulling manifest [K
pulling 0624ba75c3ce:  60% ▕██████████        ▏ 4.6 GB/7.7 GB   12 MB/s   4m12s[K[?25h[?2026l[?2026h[?25l[A[1Gpulling manifest [K
pulling 0624ba75c3ce:  60% ▕██████████        ▏ 4.6 GB/7.7 GB   12 MB/s   4m12s[K[?25h[?2026l[?2026h[?25l[A[1Gpulling manifest [K
pulling 0624ba75c3ce:  60% ▕██████████        ▏ 4.6 GB/7.7 GB   12 MB/s   4m12s[K[?25h[?2026l[?2026h[?25l[A[1Gpulling manifest [K
pulling 0624ba75c3ce:  60% ▕██████████        ▏ 4.6 GB/7.7 GB   12 MB/s   4m12s[K[?25h[?2026l[?2026h[?25l[A[1Gpulling manifest [K
pulling 0624ba75c3ce:  60% ▕██████████        ▏ 4.6 GB/7.7 GB   12 MB/s   4m12s[K[?25h[?2026l[?2026h[?25l[A[1Gpulling manifest [K
pulling 0624ba75c3ce:  60% ▕██████████        ▏ 4.6 GB/7.7 GB   11 MB/s   4m17s[K[?25h[?2026l[?2026h[?25l[A[1Gpulling manifest [K
pulling 0624ba75c3ce:  60% ▕██████████        ▏ 4.6 GB/7.7 GB   11 MB/s   4m17s[K[?25h[?2026l[?2026h[?25l[A[1Gpulling manifest [K
pulling 0624ba75c3ce:  60% ▕██████████        ▏ 4.6 GB/7.7 GB   11 MB/s   4m16s[K[?25h[?2026l[?2026h[?25l[A[1Gpulling manifest [K
pulling 0624ba75c3ce:  60% ▕██████████        ▏ 4.6 GB/7.7 GB   11 MB/s   4m16s[K[?25h[?2026l[?2026h[?25l[A[1Gpulling manifest [K
pulling 0624ba75c3ce:  60% ▕██████████        ▏ 4.6 GB/7.7 GB   11 MB/s   4m16s[K[?25h[?2026l[?2026h[?25l[A[1Gpulling manifest [K
pulling 0624ba75c3ce:  60% ▕██████████        ▏ 4.6 GB/7.7 GB   11 MB/s   4m16s[K[?25h[?2026l[?2026h[?25l[A[1Gpulling manifest [K
pulling 0624ba75c3ce:  60% ▕██████████        ▏ 4.7 GB/7.7 GB   11 MB/s   4m16s[K[?25h[?2026l[?2026h[?25l[A[1Gpulling manifest [K
pulling 0624ba75c3ce:  60% ▕██████████        ▏ 4.7 GB/7.7 GB   11 MB/s   4m16s[K[?25h[?2026l[?2026h[?25l[A[1Gpulling manifest [K
pulling 0624ba75c3ce:  60% ▕██████████        ▏ 4.7 GB/7.7 GB   11 MB/s   4m16s[K[?25h[?2026l[?2026h[?25l[A[1Gpulling manifest [K
pulling 0624ba75c3ce:  60% ▕██████████        ▏ 4.7 GB/7.7 GB   11 MB/s   4m16s[K[?25h[?2026l[?2026h[?25l[A[1Gpulling manifest [K
pulling 0624ba75c3ce:  60% ▕██████████        ▏ 4.7 GB/7.7 GB   11 MB/s   4m16s[K[?25h[?2026l[?2026h[?25l[A[1Gpulling manifest [K
pulling 0624ba75c3ce:  60% ▕██████████        ▏ 4.7 GB/7.7 GB   11 MB/s   4m16s[K[?25h[?2026l[?2026h[?25l[A[1Gpulling manifest [K
pulling 0624ba75c3ce:  61% ▕██████████        ▏ 4.7 GB/7.7 GB   11 MB/s   4m16s[K[?25h[?2026l[?2026h[?25l[A[1Gpulling manifest [K
pulling 0624ba75c3ce:  61% ▕██████████        ▏ 4.7 GB/7.7 GB   11 MB/s   4m16s[K[?25h[?2026l[?2026h[?25l[A[1Gpulling manifest [K
pulling 0624ba75c3ce:  61% ▕██████████        ▏ 4.7 GB/7.7 GB   11 MB/s   4m16s[K[?25h[?2026l[?2026h[?25l[A[1Gpulling manifest [K
pulling 0624ba75c3ce:  61% ▕██████████        ▏ 4.7 GB/7.7 GB   11 MB/s   4m16s[K[?25h[?2026l[?2026h[?25l[A[1Gpulling manifest [K
pulling 0624ba75c3ce:  61% ▕██████████        ▏ 4.7 GB/7.7 GB   11 MB/s   4m16s[K[?25h[?2026l[?2026h[?25l[A[1Gpulling manifest [K
pulling 0624ba75c3ce:  61% ▕██████████        ▏ 4.7 GB/7.7 GB   11 MB/s   4m16s[K[?25h[?2026l[?2026h[?25l[A[1Gpulling manifest [K
pulling 0624ba75c3ce:  61% ▕██████████        ▏ 4.7 GB/7.7 GB   11 MB/s   4m16s[K[?25h[?2026l[?2026h[?25l[A[1Gpulling manifest [K
pulling 0624ba75c3ce:  61% ▕██████████        ▏ 4.7 GB/7.7 GB   11 MB/s   4m16s[K[?25h[?2026l[?2026h[?25l[A[1Gpulling manifest [K
pulling 0624ba75c3ce:  61% ▕██████████        ▏ 4.7 GB/7.7 GB   11 MB/s   4m16s[K[?25h[?2026l[?2026h[?25l[A[1Gpulling manifest [K
pulling 0624ba75c3ce:  61% ▕██████████        ▏ 4.7 GB/7.7 GB   11 MB/s   4m18s[K[?25h[?2026l[?2026h[?25l[A[1Gpulling manifest [K
pulling 0624ba75c3ce:  61% ▕██████████        ▏ 4.7 GB/7.7 GB   11 MB/s   4m18s[K[?25h[?2026l[?2026h[?25l[A[1Gpulling manifest [K
pulling 0624ba75c3ce:  61% ▕██████████        ▏ 4.7 GB/7.7 GB   11 MB/s   4m18s[K[?25h[?2026l[?2026h[?25l[A[1Gpulling manifest [K
pulling 0624ba75c3ce:  61% ▕██████████        ▏ 4.7 GB/7.7 GB   11 MB/s   4m18s[K[?25h[?2026l[?2026h[?25l[A[1Gpulling manifest [K
pulling 0624ba75c3ce:  61% ▕██████████        ▏ 4.7 GB/7.7 GB   11 MB/s   4m18s[K[?25h[?2026l[?2026h[?25l[A[1Gpulling manifest [K
pulling 0624ba75c3ce:  61% ▕██████████        ▏ 4.7 GB/7.7 GB   11 MB/s   4m18s[K[?25h[?2026l[?2026h[?25l[A[1Gpulling manifest [K
pulling 0624ba75c3ce:  61% ▕██████████        ▏ 4.7 GB/7.7 GB   11 MB/s   4m18s[K[?25h[?2026l[?2026h[?25l[A[1Gpulling manifest [K
pulling 0624ba75c3ce:  61% ▕██████████        ▏ 4.7 GB/7.7 GB   11 MB/s   4m17s[K[?25h[?2026l[?2026h[?25l[A[1Gpulling manifest [K
pulling 0624ba75c3ce:  61% ▕██████████        ▏ 4.7 GB/7.7 GB   11 MB/s   4m17s[K[?25h[?2026l[?2026h[?25l[A[1Gpulling manifest [K
pulling 0624ba75c3ce:  61% ▕██████████        ▏ 4.7 GB/7.7 GB   11 MB/s   4m17s[K[?25h[?2026l[?2026h[?25l[A[1Gpulling manifest [K
pulling 0624ba75c3ce:  61% ▕██████████        ▏ 4.7 GB/7.7 GB   11 MB/s   4m18s[K[?25h[?2026l[?2026h[?25l[A[1Gpulling manifest [K
pulling 0624ba75c3ce:  61% ▕██████████        ▏ 4.7 GB/7.7 GB   11 MB/s   4m18s[K[?25h[?2026l[?2026h[?25l[A[1Gpulling manifest [K
pulling 0624ba75c3ce:  61% ▕██████████        ▏ 4.7 GB/7.7 GB   11 MB/s   4m17s[K[?25h[?2026l[?2026h[?25l[A[1Gpulling manifest [K
pulling 0624ba75c3ce:  61% ▕██████████        ▏ 4.7 GB/7.7 GB   11 MB/s   4m17s[K[?25h[?2026l[?2026h[?25l[A[1Gpulling manifest [K
pulling 0624ba75c3ce:  61% ▕██████████        ▏ 4.7 GB/7.7 GB   11 MB/s   4m17s[K[?25h[?2026l[?2026h[?25l[A[1Gpulling manifest [K
pulling 0624ba75c3ce:  61% ▕██████████        ▏ 4.7 GB/7.7 GB   11 MB/s   4m17s[K[?25h[?2026l[?2026h[?25l[A[1Gpulling manifest [K
pulling 0624ba75c3ce:  61% ▕██████████        ▏ 4.7 GB/7.7 GB   11 MB/s   4m17s[K[?25h[?2026l[?2026h[?25l[A[1Gpulling manifest [K
pulling 0624ba75c3ce:  61% ▕██████████        ▏ 4.7 GB/7.7 GB   11 MB/s   4m17s[K[?25h[?2026l[?2026h[?25l[A[1Gpulling manifest [K
pulling 0624ba75c3ce:  61% ▕██████████        ▏ 4.7 GB/7.7 GB   11 MB/s   4m17s[K[?25h[?2026l[?2026h[?25l[A[1Gpulling manifest [K
pulling 0624ba75c3ce:  61% ▕██████████        ▏ 4.7 GB/7.7 GB   11 MB/s   4m17s[K[?25h[?2026l[?2026h[?25l[A[1Gpulling manifest [K
pulling 0624ba75c3ce:  61% ▕██████████        ▏ 4.7 GB/7.7 GB   11 MB/s   4m19s[K[?25h[?2026l[?2026h[?25l[A[1Gpulling manifest [K
pulling 0624ba75c3ce:  61% ▕██████████        ▏ 4.7 GB/7.7 GB   11 MB/s   4m19s[K[?25h[?2026l[?2026h[?25l[A[1Gpulling manifest [K
pulling 0624ba75c3ce:  61% ▕██████████        ▏ 4.7 GB/7.7 GB   11 MB/s   4m19s[K[?25h[?2026l[?2026h[?25l[A[1Gpulling manifest [K
pulling 0624ba75c3ce:  61% ▕██████████        ▏ 4.7 GB/7.7 GB   11 MB/s   4m19s[K[?25h[?2026l[?2026h[?25l[A[1Gpulling manifest [K
pulling 0624ba75c3ce:  61% ▕██████████        ▏ 4.7 GB/7.7 GB   11 MB/s   4m18s[K[?25h[?2026l[?2026h[?25l[A[1Gpulling manifest [K
pulling 0624ba75c3ce:  61% ▕██████████        ▏ 4.7 GB/7.7 GB   11 MB/s   4m18s[K[?25h[?2026l[?2026h[?25l[A[1Gpulling manifest [K
pulling 0624ba75c3ce:  61% ▕██████████        ▏ 4.7 GB/7.7 GB   11 MB/s   4m18s[K[?25h[?2026l[?2026h[?25l[A[1Gpulling manifest [K
pulling 0624ba75c3ce:  61% ▕██████████        ▏ 4.7 GB/7.7 GB   11 MB/s   4m18s[K[?25h[?2026l[?2026h[?25l[A[1Gpulling manifest [K
pulling 0624ba75c3ce:  61% ▕██████████        ▏ 4.7 GB/7.7 GB   11 MB/s   4m18s[K[?25h[?2026l[?2026h[?25l[A[1Gpulling manifest [K
pulling 0624ba75c3ce:  61% ▕██████████        ▏ 4.7 GB/7.7 GB   11 MB/s   4m18s[K[?25h[?2026l[?2026h[?25l[A[1Gpulling manifest [K
pulling 0624ba75c3ce:  61% ▕██████████        ▏ 4.7 GB/7.7 GB   11 MB/s   4m14s[K[?25h[?2026l[?2026h[?25l[A[1Gpulling manifest [K
pulling 0624ba75c3ce:  61% ▕██████████        ▏ 4.7 GB/7.7 GB   11 MB/s   4m14s[K[?25h[?2026l[?2026h[?25l[A[1Gpulling manifest [K
pulling 0624ba75c3ce:  61% ▕███████████       ▏ 4.7 GB/7.7 GB   11 MB/s   4m14s[K[?25h[?2026l[?2026h[?25l[A[1Gpulling manifest [K
pulling 0624ba75c3ce:  61% ▕███████████       ▏ 4.7 GB/7.7 GB   11 MB/s   4m14s[K[?25h[?2026l[?2026h[?25l[A[1Gpulling manifest [K
pulling 0624ba75c3ce:  61% ▕███████████       ▏ 4.7 GB/7.7 GB   11 MB/s   4m14s[K[?25h[?2026l[?2026h[?25l[A[1Gpulling manifest [K
pulling 0624ba75c3ce:  61% ▕███████████       ▏ 4.7 GB/7.7 GB   11 MB/s   4m14s[K[?25h[?2026l[?2026h[?25l[A[1Gpulling manifest [K
pulling 0624ba75c3ce:  61% ▕███████████       ▏ 4.7 GB/7.7 GB   11 MB/s   4m14s[K[?25h[?2026l[?2026h[?25l[A[1Gpulling manifest [K
pulling 0624ba75c3ce:  61% ▕███████████       ▏ 4.7 GB/7.7 GB   11 MB/s   4m14s[K[?25h[?2026l[?2026h[?25l[A[1Gpulling manifest [K
pulling 0624ba75c3ce:  61% ▕███████████       ▏ 4.7 GB/7.7 GB   11 MB/s   4m13s[K[?25h[?2026l[?2026h[?25l[A[1Gpulling manifest [K
pulling 0624ba75c3ce:  61% ▕███████████       ▏ 4.7 GB/7.7 GB   11 MB/s   4m13s[K[?25h[?2026l[?2026h[?25l[A[1Gpulling manifest [K
pulling 0624ba75c3ce:  61% ▕███████████       ▏ 4.7 GB/7.7 GB   11 MB/s   4m19s[K[?25h[?2026l[?2026h[?25l[A[1Gpulling manifest [K
pulling 0624ba75c3ce:  61% ▕███████████       ▏ 4.7 GB/7.7 GB   11 MB/s   4m19s[K[?25h[?2026l[?2026h[?25l[A[1Gpulling manifest [K
pulling 0624ba75c3ce:  61% ▕███████████       ▏ 4.7 GB/7.7 GB   11 MB/s   4m18s[K[?25h[?2026l[?2026h[?25l[A[1Gpulling manifest [K
pulling 0624ba75c3ce:  61% ▕███████████       ▏ 4.7 GB/7.7 GB   11 MB/s   4m18s[K[?25h[?2026l[?2026h[?25l[A[1Gpulling manifest [K
pulling 0624ba75c3ce:  61% ▕███████████       ▏ 4.7 GB/7.7 GB   11 MB/s   4m18s[K[?25h[?2026l[?2026h[?25l[A[1Gpulling manifest [K
pulling 0624ba75c3ce:  61% ▕███████████       ▏ 4.7 GB/7.7 GB   11 MB/s   4m18s[K[?25h[?2026l[?2026h[?25l[A[1Gpulling manifest [K
pulling 0624ba75c3ce:  61% ▕███████████       ▏ 4.7 GB/7.7 GB   11 MB/s   4m18s[K[?25h[?2026l[?2026h[?25l[A[1Gpulling manifest [K
pulling 0624ba75c3ce:  61% ▕███████████       ▏ 4.7 GB/7.7 GB   11 MB/s   4m18s[K[?25h[?2026l[?2026h[?25l[A[1Gpulling manifest [K
pulling 0624ba75c3ce:  61% ▕███████████       ▏ 4.7 GB/7.7 GB   11 MB/s   4m18s[K[?25h[?2026l[?2026h[?25l[A[1Gpulling manifest [K
pulling 0624ba75c3ce:  61% ▕███████████       ▏ 4.7 GB/7.7 GB   11 MB/s   4m18s[K[?25h[?2026l[?2026h[?25l[A[1Gpulling manifest [K
pulling 0624ba75c3ce:  61% ▕███████████       ▏ 4.7 GB/7.7 GB   11 MB/s   4m18s[K[?25h[?2026l[?2026h[?25l[A[1Gpulling manifest [K
pulling 0624ba75c3ce:  61% ▕███████████       ▏ 4.7 GB/7.7 GB   11 MB/s   4m16s[K[?25h[?2026l[?2026h[?25l[A[1Gpulling manifest [K
pulling 0624ba75c3ce:  61% ▕███████████       ▏ 4.7 GB/7.7 GB   11 MB/s   4m16s[K[?25h[?2026l[?2026h[?25l[A[1Gpulling manifest [K
pulling 0624ba75c3ce:  61% ▕███████████       ▏ 4.7 GB/7.7 GB   11 MB/s   4m16s[K[?25h[?2026l[?2026h[?25l[A[1Gpulling manifest [K
pulling 0624ba75c3ce:  61% ▕███████████       ▏ 4.7 GB/7.7 GB   11 MB/s   4m16s[K[?25h[?2026l[?2026h[?25l[A[1Gpulling manifest [K
pulling 0624ba75c3ce:  61% ▕███████████       ▏ 4.7 GB/7.7 GB   11 MB/s   4m16s[K[?25h[?2026l[?2026h[?25l[A[1Gpulling manifest [K
pulling 0624ba75c3ce:  61% ▕███████████       ▏ 4.7 GB/7.7 GB   11 MB/s   4m16s[K[?25h[?2026l[?2026h[?25l[A[1Gpulling manifest [K
pulling 0624ba75c3ce:  61% ▕███████████       ▏ 4.7 GB/7.7 GB   11 MB/s   4m15s[K[?25h[?2026l[?2026h[?25l[A[1Gpulling manifest [K
pulling 0624ba75c3ce:  61% ▕███████████       ▏ 4.7 GB/7.7 GB   11 MB/s   4m15s[K[?25h[?2026l[?2026h[?25l[A[1Gpulling manifest [K
pulling 0624ba75c3ce:  62% ▕███████████       ▏ 4.7 GB/7.7 GB   11 MB/s   4m15s[K[?25h[?2026l[?2026h[?25l[A[1Gpulling manifest [K
pulling 0624ba75c3ce:  62% ▕███████████       ▏ 4.7 GB/7.7 GB   11 MB/s   4m15s[K[?25h[?2026l[?2026h[?25l[A[1Gpulling manifest [K
pulling 0624ba75c3ce:  62% ▕███████████       ▏ 4.7 GB/7.7 GB   11 MB/s   4m15s[K[?25h[?2026l[?2026h[?25l[A[1Gpulling manifest [K
pulling 0624ba75c3ce:  62% ▕███████████       ▏ 4.7 GB/7.7 GB   11 MB/s   4m15s[K[?25h[?2026l[?2026h[?25l[A[1Gpulling manifest [K
pulling 0624ba75c3ce:  62% ▕███████████       ▏ 4.7 GB/7.7 GB   11 MB/s   4m15s[K[?25h[?2026l[?2026h[?25l[A[1Gpulling manifest [K
pulling 0624ba75c3ce:  62% ▕███████████       ▏ 4.7 GB/7.7 GB   11 MB/s   4m15s[K[?25h[?2026l[?2026h[?25l[A[1Gpulling manifest [K
pulling 0624ba75c3ce:  62% ▕███████████       ▏ 4.7 GB/7.7 GB   11 MB/s   4m15s[K[?25h[?2026l[?2026h[?25l[A[1Gpulling manifest [K
pulling 0624ba75c3ce:  62% ▕███████████       ▏ 4.7 GB/7.7 GB   11 MB/s   4m15s[K[?25h[?2026l[?2026h[?25l[A[1Gpulling manifest [K
pulling 0624ba75c3ce:  62% ▕███████████       ▏ 4.7 GB/7.7 GB   11 MB/s   4m15s[K[?25h[?2026l[?2026h[?25l[A[1Gpulling manifest [K
pulling 0624ba75c3ce:  62% ▕███████████       ▏ 4.7 GB/7.7 GB   11 MB/s   4m15s[K[?25h[?2026l[?2026h[?25l[A[1Gpulling manifest [K
pulling 0624ba75c3ce:  62% ▕███████████       ▏ 4.7 GB/7.7 GB   11 MB/s   4m15s[K[?25h[?2026l[?2026h[?25l[A[1Gpulling manifest [K
pulling 0624ba75c3ce:  62% ▕███████████       ▏ 4.7 GB/7.7 GB   11 MB/s   4m14s[K[?25h[?2026l[?2026h[?25l[A[1Gpulling manifest [K
pulling 0624ba75c3ce:  62% ▕███████████       ▏ 4.7 GB/7.7 GB   11 MB/s   4m11s[K[?25h[?2026l[?2026h[?25l[A[1Gpulling manifest [K
pulling 0624ba75c3ce:  62% ▕███████████       ▏ 4.7 GB/7.7 GB   11 MB/s   4m11s[K[?25h[?2026l[?2026h[?25l[A[1Gpulling manifest [K
pulling 0624ba75c3ce:  62% ▕███████████       ▏ 4.8 GB/7.7 GB   11 MB/s   4m11s[K[?25h[?2026l[?2026h[?25l[A[1Gpulling manifest [K
pulling 0624ba75c3ce:  62% ▕███████████       ▏ 4.8 GB/7.7 GB   11 MB/s   4m11s[K[?25h[?2026l[?2026h[?25l[A[1Gpulling manifest [K
pulling 0624ba75c3ce:  62% ▕███████████       ▏ 4.8 GB/7.7 GB   11 MB/s   4m11s[K[?25h[?2026l[?2026h[?25l[A[1Gpulling manifest [K
pulling 0624ba75c3ce:  62% ▕███████████       ▏ 4.8 GB/7.7 GB   11 MB/s   4m11s[K[?25h[?2026l[?2026h[?25l[A[1Gpulling manifest [K
pulling 0624ba75c3ce:  62% ▕███████████       ▏ 4.8 GB/7.7 GB   11 MB/s   4m11s[K[?25h[?2026l[?2026h[?25l[A[1Gpulling manifest [K
pulling 0624ba75c3ce:  62% ▕███████████       ▏ 4.8 GB/7.7 GB   11 MB/s   4m11s[K[?25h[?2026l[?2026h[?25l[A[1Gpulling manifest [K
pulling 0624ba75c3ce:  62% ▕███████████       ▏ 4.8 GB/7.7 GB   11 MB/s   4m11s[K[?25h[?2026l[?2026h[?25l[A[1Gpulling manifest [K
pulling 0624ba75c3ce:  62% ▕███████████       ▏ 4.8 GB/7.7 GB   11 MB/s   4m11s[K[?25h[?2026l[?2026h[?25l[A[1Gpulling manifest [K
pulling 0624ba75c3ce:  62% ▕███████████       ▏ 4.8 GB/7.7 GB   11 MB/s    4m6s[K[?25h[?2026l[?2026h[?25l[A[1Gpulling manifest [K
pulling 0624ba75c3ce:  62% ▕███████████       ▏ 4.8 GB/7.7 GB   11 MB/s    4m6s[K[?25h[?2026l[?2026h[?25l[A[1Gpulling manifest [K
pulling 0624ba75c3ce:  62% ▕███████████       ▏ 4.8 GB/7.7 GB   11 MB/s    4m6s[K[?25h[?2026l[?2026h[?25l[A[1Gpulling manifest [K
pulling 0624ba75c3ce:  62% ▕███████████       ▏ 4.8 GB/7.7 GB   11 MB/s    4m5s[K[?25h[?2026l[?2026h[?25l[A[1Gpulling manifest [K
pulling 0624ba75c3ce:  62% ▕███████████       ▏ 4.8 GB/7.7 GB   11 MB/s    4m5s[K[?25h[?2026l[?2026h[?25l[A[1Gpulling manifest [K
pulling 0624ba75c3ce:  62% ▕███████████       ▏ 4.8 GB/7.7 GB   11 MB/s    4m5s[K[?25h[?2026l[?2026h[?25l[A[1Gpulling manifest [K
pulling 0624ba75c3ce:  62% ▕███████████       ▏ 4.8 GB/7.7 GB   11 MB/s    4m5s[K[?25h[?2026l[?2026h[?25l[A[1Gpulling manifest [K
pulling 0624ba75c3ce:  62% ▕███████████       ▏ 4.8 GB/7.7 GB   11 MB/s    4m5s[K[?25h[?2026l[?2026h[?25l[A[1Gpulling manifest [K
pulling 0624ba75c3ce:  62% ▕███████████       ▏ 4.8 GB/7.7 GB   11 MB/s    4m5s[K[?25h[?2026l[?2026h[?25l[A[1Gpulling manifest [K
pulling 0624ba75c3ce:  62% ▕███████████       ▏ 4.8 GB/7.7 GB   11 MB/s    4m5s[K[?25h[?2026l[?2026h[?25l[A[1Gpulling manifest [K
pulling 0624ba75c3ce:  62% ▕███████████       ▏ 4.8 GB/7.7 GB   11 MB/s    4m4s[K[?25h[?2026l[?2026h[?25l[A[1Gpulling manifest [K
pulling 0624ba75c3ce:  62% ▕███████████       ▏ 4.8 GB/7.7 GB   11 MB/s    4m4s[K[?25h[?2026l[?2026h[?25l[A[1Gpulling manifest [K
pulling 0624ba75c3ce:  62% ▕███████████       ▏ 4.8 GB/7.7 GB   11 MB/s    4m4s[K[?25h[?2026l[?2026h[?25l[A[1Gpulling manifest [K
pulling 0624ba75c3ce:  62% ▕███████████       ▏ 4.8 GB/7.7 GB   11 MB/s    4m4s[K[?25h[?2026l[?2026h[?25l[A[1Gpulling manifest [K
pulling 0624ba75c3ce:  62% ▕███████████       ▏ 4.8 GB/7.7 GB   11 MB/s    4m4s[K[?25h[?2026l[?2026h[?25l[A[1Gpulling manifest [K
pulling 0624ba75c3ce:  62% ▕███████████       ▏ 4.8 GB/7.7 GB   11 MB/s    4m3s[K[?25h[?2026l[?2026h[?25l[A[1Gpulling manifest [K
pulling 0624ba75c3ce:  62% ▕███████████       ▏ 4.8 GB/7.7 GB   11 MB/s    4m3s[K[?25h[?2026l[?2026h[?25l[A[1Gpulling manifest [K
pulling 0624ba75c3ce:  62% ▕███████████       ▏ 4.8 GB/7.7 GB   11 MB/s    4m3s[K[?25h[?2026l[?2026h[?25l[A[1Gpulling manifest [K
pulling 0624ba75c3ce:  62% ▕███████████       ▏ 4.8 GB/7.7 GB   11 MB/s    4m3s[K[?25h[?2026l[?2026h[?25l[A[1Gpulling manifest [K
pulling 0624ba75c3ce:  62% ▕███████████       ▏ 4.8 GB/7.7 GB   11 MB/s    4m3s[K[?25h[?2026l[?2026h[?25l[A[1Gpulling manifest [K
pulling 0624ba75c3ce:  62% ▕███████████       ▏ 4.8 GB/7.7 GB   11 MB/s    4m3s[K[?25h[?2026l[?2026h[?25l[A[1Gpulling manifest [K
pulling 0624ba75c3ce:  62% ▕███████████       ▏ 4.8 GB/7.7 GB   12 MB/s    4m1s[K[?25h[?2026l[?2026h[?25l[A[1Gpulling manifest [K
pulling 0624ba75c3ce:  62% ▕███████████       ▏ 4.8 GB/7.7 GB   12 MB/s    4m1s[K[?25h[?2026l[?2026h[?25l[A[1Gpulling manifest [K
pulling 0624ba75c3ce:  62% ▕███████████       ▏ 4.8 GB/7.7 GB   12 MB/s    4m1s[K[?25h[?2026l[?2026h[?25l[A[1Gpulling manifest [K
pulling 0624ba75c3ce:  62% ▕███████████       ▏ 4.8 GB/7.7 GB   12 MB/s    4m1s[K[?25h[?2026l[?2026h[?25l[A[1Gpulling manifest [K
pulling 0624ba75c3ce:  62% ▕███████████       ▏ 4.8 GB/7.7 GB   12 MB/s    4m0s[K[?25h[?2026l[?2026h[?25l[A[1Gpulling manifest [K
pulling 0624ba75c3ce:  62% ▕███████████       ▏ 4.8 GB/7.7 GB   12 MB/s    4m0s[K[?25h[?2026l[?2026h[?25l[A[1Gpulling manifest [K
pulling 0624ba75c3ce:  62% ▕███████████       ▏ 4.8 GB/7.7 GB   12 MB/s    4m0s[K[?25h[?2026l[?2026h[?25l[A[1Gpulling manifest [K
pulling 0624ba75c3ce:  62% ▕███████████       ▏ 4.8 GB/7.7 GB   12 MB/s    4m0s[K[?25h[?2026l[?2026h[?25l[A[1Gpulling manifest [K
pulling 0624ba75c3ce:  62% ▕███████████       ▏ 4.8 GB/7.7 GB   12 MB/s    4m0s[K[?25h[?2026l[?2026h[?25l[A[1Gpulling manifest [K
pulling 0624ba75c3ce:  62% ▕███████████       ▏ 4.8 GB/7.7 GB   12 MB/s    4m0s[K[?25h[?2026l[?2026h[?25l[A[1Gpulling manifest [K
pulling 0624ba75c3ce:  62% ▕███████████       ▏ 4.8 GB/7.7 GB   12 MB/s   3m56s[K[?25h[?2026l[?2026h[?25l[A[1Gpulling manifest [K
pulling 0624ba75c3ce:  62% ▕███████████       ▏ 4.8 GB/7.7 GB   12 MB/s   3m56s[K[?25h[?2026l[?2026h[?25l[A[1Gpulling manifest [K
pulling 0624ba75c3ce:  62% ▕███████████       ▏ 4.8 GB/7.7 GB   12 MB/s   3m56s[K[?25h[?2026l[?2026h[?25l[A[1Gpulling manifest [K
pulling 0624ba75c3ce:  62% ▕███████████       ▏ 4.8 GB/7.7 GB   12 MB/s   3m55s[K[?25h[?2026l[?2026h[?25l[A[1Gpulling manifest [K
pulling 0624ba75c3ce:  62% ▕███████████       ▏ 4.8 GB/7.7 GB   12 MB/s   3m55s[K[?25h[?2026l[?2026h[?25l[A[1Gpulling manifest [K
pulling 0624ba75c3ce:  62% ▕███████████       ▏ 4.8 GB/7.7 GB   12 MB/s   3m55s[K[?25h[?2026l[?2026h[?25l[A[1Gpulling manifest [K
pulling 0624ba75c3ce:  62% ▕███████████       ▏ 4.8 GB/7.7 GB   12 MB/s   3m55s[K[?25h[?2026l[?2026h[?25l[A[1Gpulling manifest [K
pulling 0624ba75c3ce:  62% ▕███████████       ▏ 4.8 GB/7.7 GB   12 MB/s   3m55s[K[?25h[?2026l[?2026h[?25l[A[1Gpulling manifest [K
pulling 0624ba75c3ce:  63% ▕███████████       ▏ 4.8 GB/7.7 GB   12 MB/s   3m55s[K[?25h[?2026l[?2026h[?25l[A[1Gpulling manifest [K
pulling 0624ba75c3ce:  63% ▕███████████       ▏ 4.8 GB/7.7 GB   12 MB/s   3m55s[K[?25h[?2026l[?2026h[?25l[A[1Gpulling manifest [K
pulling 0624ba75c3ce:  63% ▕███████████       ▏ 4.8 GB/7.7 GB   12 MB/s   3m51s[K[?25h[?2026l[?2026h[?25l[A[1Gpulling manifest [K
pulling 0624ba75c3ce:  63% ▕███████████       ▏ 4.8 GB/7.7 GB   12 MB/s   3m51s[K[?25h[?2026l[?2026h[?25l[A[1Gpulling manifest [K
pulling 0624ba75c3ce:  63% ▕███████████       ▏ 4.8 GB/7.7 GB   12 MB/s   3m51s[K[?25h[?2026l[?2026h[?25l[A[1Gpulling manifest [K
pulling 0624ba75c3ce:  63% ▕███████████       ▏ 4.8 GB/7.7 GB   12 MB/s   3m51s[K[?25h[?2026l[?2026h[?25l[A[1Gpulling manifest [K
pulling 0624ba75c3ce:  63% ▕███████████       ▏ 4.8 GB/7.7 GB   12 MB/s   3m51s[K[?25h[?2026l[?2026h[?25l[A[1Gpulling manifest [K
pulling 0624ba75c3ce:  63% ▕███████████       ▏ 4.8 GB/7.7 GB   12 MB/s   3m50s[K[?25h[?2026l[?2026h[?25l[A[1Gpulling manifest [K
pulling 0624ba75c3ce:  63% ▕███████████       ▏ 4.8 GB/7.7 GB   12 MB/s   3m50s[K[?25h[?2026l[?2026h[?25l[A[1Gpulling manifest [K
pulling 0624ba75c3ce:  63% ▕███████████       ▏ 4.8 GB/7.7 GB   12 MB/s   3m50s[K[?25h[?2026l[?2026h[?25l[A[1Gpulling manifest [K
pulling 0624ba75c3ce:  63% ▕███████████       ▏ 4.8 GB/7.7 GB   12 MB/s   3m50s[K[?25h[?2026l[?2026h[?25l[A[1Gpulling manifest [K
pulling 0624ba75c3ce:  63% ▕███████████       ▏ 4.8 GB/7.7 GB   12 MB/s   3m50s[K[?25h[?2026l[?2026h[?25l[A[1Gpulling manifest [K
pulling 0624ba75c3ce:  63% ▕███████████       ▏ 4.8 GB/7.7 GB   12 MB/s   3m44s[K[?25h[?2026l[?2026h[?25l[A[1Gpulling manifest [K
pulling 0624ba75c3ce:  63% ▕███████████       ▏ 4.8 GB/7.7 GB   12 MB/s   3m43s[K[?25h[?2026l[?2026h[?25l[A[1Gpulling manifest [K
pulling 0624ba75c3ce:  63% ▕███████████       ▏ 4.8 GB/7.7 GB   12 MB/s   3m43s[K[?25h[?2026l[?2026h[?25l[A[1Gpulling manifest [K
pulling 0624ba75c3ce:  63% ▕███████████       ▏ 4.8 GB/7.7 GB   12 MB/s   3m43s[K[?25h[?2026l[?2026h[?25l[A[1Gpulling manifest [K
pulling 0624ba75c3ce:  63% ▕███████████       ▏ 4.8 GB/7.7 GB   12 MB/s   3m43s[K[?25h[?2026l[?2026h[?25l[A[1Gpulling manifest [K
pulling 0624ba75c3ce:  63% ▕███████████       ▏ 4.8 GB/7.7 GB   12 MB/s   3m43s[K[?25h[?2026l[?2026h[?25l[A[1Gpulling manifest [K
pulling 0624ba75c3ce:  63% ▕███████████       ▏ 4.8 GB/7.7 GB   12 MB/s   3m43s[K[?25h[?2026l[?2026h[?25l[A[1Gpulling manifest [K
pulling 0624ba75c3ce:  63% ▕███████████       ▏ 4.8 GB/7.7 GB   12 MB/s   3m43s[K[?25h[?2026l[?2026h[?25l[A[1Gpulling manifest [K
pulling 0624ba75c3ce:  63% ▕███████████       ▏ 4.8 GB/7.7 GB   12 MB/s   3m43s[K[?25h[?2026l[?2026h[?25l[A[1Gpulling manifest [K
pulling 0624ba75c3ce:  63% ▕███████████       ▏ 4.8 GB/7.7 GB   12 MB/s   3m43s[K[?25h[?2026l[?2026h[?25l[A[1Gpulling manifest [K
pulling 0624ba75c3ce:  63% ▕███████████       ▏ 4.8 GB/7.7 GB   12 MB/s   3m40s[K[?25h[?2026l[?2026h[?25l[A[1Gpulling manifest [K
pulling 0624ba75c3ce:  63% ▕███████████       ▏ 4.8 GB/7.7 GB   12 MB/s   3m40s[K[?25h[?2026l[?2026h[?25l[A[1Gpulling manifest [K
pulling 0624ba75c3ce:  63% ▕███████████       ▏ 4.8 GB/7.7 GB   12 MB/s   3m40s[K[?25h[?2026l[?2026h[?25l[A[1Gpulling manifest [K
pulling 0624ba75c3ce:  63% ▕███████████       ▏ 4.8 GB/7.7 GB   12 MB/s   3m40s[K[?25h[?2026l[?2026h[?25l[A[1Gpulling manifest [K
pulling 0624ba75c3ce:  63% ▕███████████       ▏ 4.8 GB/7.7 GB   12 MB/s   3m40s[K[?25h[?2026l[?2026h[?25l[A[1Gpulling manifest [K
pulling 0624ba75c3ce:  63% ▕███████████       ▏ 4.8 GB/7.7 GB   12 MB/s   3m40s[K[?25h[?2026l[?2026h[?25l[A[1Gpulling manifest [K
pulling 0624ba75c3ce:  63% ▕███████████       ▏ 4.8 GB/7.7 GB   12 MB/s   3m39s[K[?25h[?2026l[?2026h[?25l[A[1Gpulling manifest [K
pulling 0624ba75c3ce:  63% ▕███████████       ▏ 4.8 GB/7.7 GB   12 MB/s   3m39s[K[?25h[?2026l[?2026h[?25l[A[1Gpulling manifest [K
pulling 0624ba75c3ce:  63% ▕███████████       ▏ 4.9 GB/7.7 GB   12 MB/s   3m39s[K[?25h[?2026l[?2026h[?25l[A[1Gpulling manifest [K
pulling 0624ba75c3ce:  63% ▕███████████       ▏ 4.9 GB/7.7 GB   12 MB/s   3m39s[K[?25h[?2026l[?2026h[?25l[A[1Gpulling manifest [K
pulling 0624ba75c3ce:  63% ▕███████████       ▏ 4.9 GB/7.7 GB   12 MB/s   3m39s[K[?25h[?2026l[?2026h[?25l[A[1Gpulling manifest [K
pulling 0624ba75c3ce:  63% ▕███████████       ▏ 4.9 GB/7.7 GB   13 MB/s   3m35s[K[?25h[?2026l[?2026h[?25l[A[1Gpulling manifest [K
pulling 0624ba75c3ce:  63% ▕███████████       ▏ 4.9 GB/7.7 GB   13 MB/s   3m35s[K[?25h[?2026l[?2026h[?25l[A[1Gpulling manifest [K
pulling 0624ba75c3ce:  63% ▕███████████       ▏ 4.9 GB/7.7 GB   13 MB/s   3m35s[K[?25h[?2026l[?2026h[?25l[A[1Gpulling manifest [K
pulling 0624ba75c3ce:  63% ▕███████████       ▏ 4.9 GB/7.7 GB   13 MB/s   3m35s[K[?25h[?2026l[?2026h[?25l[A[1Gpulling manifest [K
pulling 0624ba75c3ce:  63% ▕███████████       ▏ 4.9 GB/7.7 GB   13 MB/s   3m35s[K[?25h[?2026l[?2026h[?25l[A[1Gpulling manifest [K
pulling 0624ba75c3ce:  63% ▕███████████       ▏ 4.9 GB/7.7 GB   13 MB/s   3m35s[K[?25h[?2026l[?2026h[?25l[A[1Gpulling manifest [K
pulling 0624ba75c3ce:  63% ▕███████████       ▏ 4.9 GB/7.7 GB   13 MB/s   3m35s[K[?25h[?2026l[?2026h[?25l[A[1Gpulling manifest [K
pulling 0624ba75c3ce:  63% ▕███████████       ▏ 4.9 GB/7.7 GB   13 MB/s   3m35s[K[?25h[?2026l[?2026h[?25l[A[1Gpulling manifest [K
pulling 0624ba75c3ce:  63% ▕███████████       ▏ 4.9 GB/7.7 GB   13 MB/s   3m35s[K[?25h[?2026l[?2026h[?25l[A[1Gpulling manifest [K
pulling 0624ba75c3ce:  63% ▕███████████       ▏ 4.9 GB/7.7 GB   13 MB/s   3m34s[K[?25h[?2026l[?2026h[?25l[A[1Gpulling manifest [K
pulling 0624ba75c3ce:  63% ▕███████████       ▏ 4.9 GB/7.7 GB   13 MB/s   3m31s[K[?25h[?2026l[?2026h[?25l[A[1Gpulling manifest [K
pulling 0624ba75c3ce:  63% ▕███████████       ▏ 4.9 GB/7.7 GB   13 MB/s   3m31s[K[?25h[?2026l[?2026h[?25l[A[1Gpulling manifest [K
pulling 0624ba75c3ce:  63% ▕███████████       ▏ 4.9 GB/7.7 GB   13 MB/s   3m31s[K[?25h[?2026l[?2026h[?25l[A[1Gpulling manifest [K
pulling 0624ba75c3ce:  63% ▕███████████       ▏ 4.9 GB/7.7 GB   13 MB/s   3m31s[K[?25h[?2026l[?2026h[?25l[A[1Gpulling manifest [K
pulling 0624ba75c3ce:  63% ▕███████████       ▏ 4.9 GB/7.7 GB   13 MB/s   3m31s[K[?25h[?2026l[?2026h[?25l[A[1Gpulling manifest [K
pulling 0624ba75c3ce:  63% ▕███████████       ▏ 4.9 GB/7.7 GB   13 MB/s   3m31s[K[?25h[?2026l[?2026h[?25l[A[1Gpulling manifest [K
pulling 0624ba75c3ce:  63% ▕███████████       ▏ 4.9 GB/7.7 GB   13 MB/s   3m30s[K[?25h[?2026l[?2026h[?25l[A[1Gpulling manifest [K
pulling 0624ba75c3ce:  63% ▕███████████       ▏ 4.9 GB/7.7 GB   13 MB/s   3m30s[K[?25h[?2026l[?2026h[?25l[A[1Gpulling manifest [K
pulling 0624ba75c3ce:  63% ▕███████████       ▏ 4.9 GB/7.7 GB   13 MB/s   3m30s[K[?25h[?2026l[?2026h[?25l[A[1Gpulling manifest [K
pulling 0624ba75c3ce:  63% ▕███████████       ▏ 4.9 GB/7.7 GB   13 MB/s   3m30s[K[?25h[?2026l[?2026h[?25l[A[1Gpulling manifest [K
pulling 0624ba75c3ce:  63% ▕███████████       ▏ 4.9 GB/7.7 GB   13 MB/s   3m30s[K[?25h[?2026l[?2026h[?25l[A[1Gpulling manifest [K
pulling 0624ba75c3ce:  63% ▕███████████       ▏ 4.9 GB/7.7 GB   13 MB/s   3m30s[K[?25h[?2026l[?2026h[?25l[A[1Gpulling manifest [K
pulling 0624ba75c3ce:  63% ▕███████████       ▏ 4.9 GB/7.7 GB   13 MB/s   3m29s[K[?25h[?2026l[?2026h[?25l[A[1Gpulling manifest [K
pulling 0624ba75c3ce:  63% ▕███████████       ▏ 4.9 GB/7.7 GB   13 MB/s   3m29s[K[?25h[?2026l[?2026h[?25l[A[1Gpulling manifest [K
pulling 0624ba75c3ce:  63% ▕███████████       ▏ 4.9 GB/7.7 GB   13 MB/s   3m29s[K[?25h[?2026l[?2026h[?25l[A[1Gpulling manifest [K
pulling 0624ba75c3ce:  64% ▕███████████       ▏ 4.9 GB/7.7 GB   13 MB/s   3m29s[K[?25h[?2026l[?2026h[?25l[A[1Gpulling manifest [K
pulling 0624ba75c3ce:  64% ▕███████████       ▏ 4.9 GB/7.7 GB   13 MB/s   3m29s[K[?25h[?2026l[?2026h[?25l[A[1Gpulling manifest [K
pulling 0624ba75c3ce:  64% ▕███████████       ▏ 4.9 GB/7.7 GB   13 MB/s   3m29s[K[?25h[?2026l[?2026h[?25l[A[1Gpulling manifest [K
pulling 0624ba75c3ce:  64% ▕███████████       ▏ 4.9 GB/7.7 GB   13 MB/s   3m29s[K[?25h[?2026l[?2026h[?25l[A[1Gpulling manifest [K
pulling 0624ba75c3ce:  64% ▕███████████       ▏ 4.9 GB/7.7 GB   13 MB/s   3m29s[K[?25h[?2026l[?2026h[?25l[A[1Gpulling manifest [K
pulling 0624ba75c3ce:  64% ▕███████████       ▏ 4.9 GB/7.7 GB   13 MB/s   3m27s[K[?25h[?2026l[?2026h[?25l[A[1Gpulling manifest [K
pulling 0624ba75c3ce:  64% ▕███████████       ▏ 4.9 GB/7.7 GB   13 MB/s   3m26s[K[?25h[?2026l[?2026h[?25l[A[1Gpulling manifest [K
pulling 0624ba75c3ce:  64% ▕███████████       ▏ 4.9 GB/7.7 GB   13 MB/s   3m26s[K[?25h[?2026l[?2026h[?25l[A[1Gpulling manifest [K
pulling 0624ba75c3ce:  64% ▕███████████       ▏ 4.9 GB/7.7 GB   13 MB/s   3m26s[K[?25h[?2026l[?2026h[?25l[A[1Gpulling manifest [K
pulling 0624ba75c3ce:  64% ▕███████████       ▏ 4.9 GB/7.7 GB   13 MB/s   3m26s[K[?25h[?2026l[?2026h[?25l[A[1Gpulling manifest [K
pulling 0624ba75c3ce:  64% ▕███████████       ▏ 4.9 GB/7.7 GB   13 MB/s   3m26s[K[?25h[?2026l[?2026h[?25l[A[1Gpulling manifest [K
pulling 0624ba75c3ce:  64% ▕███████████       ▏ 4.9 GB/7.7 GB   13 MB/s   3m26s[K[?25h[?2026l[?2026h[?25l[A[1Gpulling manifest [K
pulling 0624ba75c3ce:  64% ▕███████████       ▏ 4.9 GB/7.7 GB   13 MB/s   3m26s[K[?25h[?2026l[?2026h[?25l[A[1Gpulling manifest [K
pulling 0624ba75c3ce:  64% ▕███████████       ▏ 4.9 GB/7.7 GB   13 MB/s   3m26s[K[?25h[?2026l[?2026h[?25l[A[1Gpulling manifest [K
pulling 0624ba75c3ce:  64% ▕███████████       ▏ 4.9 GB/7.7 GB   13 MB/s   3m26s[K[?25h[?2026l[?2026h[?25l[A[1Gpulling manifest [K
pulling 0624ba75c3ce:  64% ▕███████████       ▏ 4.9 GB/7.7 GB   13 MB/s   3m24s[K[?25h[?2026l[?2026h[?25l[A[1Gpulling manifest [K
pulling 0624ba75c3ce:  64% ▕███████████       ▏ 4.9 GB/7.7 GB   13 MB/s   3m24s[K[?25h[?2026l[?2026h[?25l[A[1Gpulling manifest [K
pulling 0624ba75c3ce:  64% ▕███████████       ▏ 4.9 GB/7.7 GB   13 MB/s   3m23s[K[?25h[?2026l[?2026h[?25l[A[1Gpulling manifest [K
pulling 0624ba75c3ce:  64% ▕███████████       ▏ 4.9 GB/7.7 GB   13 MB/s   3m23s[K[?25h[?2026l[?2026h[?25l[A[1Gpulling manifest [K
pulling 0624ba75c3ce:  64% ▕███████████       ▏ 4.9 GB/7.7 GB   13 MB/s   3m23s[K[?25h[?2026l[?2026h[?25l[A[1Gpulling manifest [K
pulling 0624ba75c3ce:  64% ▕███████████       ▏ 4.9 GB/7.7 GB   13 MB/s   3m23s[K[?25h[?2026l[?2026h[?25l[A[1Gpulling manifest [K
pulling 0624ba75c3ce:  64% ▕███████████       ▏ 4.9 GB/7.7 GB   13 MB/s   3m23s[K[?25h[?2026l[?2026h[?25l[A[1Gpulling manifest [K
pulling 0624ba75c3ce:  64% ▕███████████       ▏ 4.9 GB/7.7 GB   13 MB/s   3m23s[K[?25h[?2026l[?2026h[?25l[A[1Gpulling manifest [K
pulling 0624ba75c3ce:  64% ▕███████████       ▏ 4.9 GB/7.7 GB   13 MB/s   3m23s[K[?25h[?2026l[?2026h[?25l[A[1Gpulling manifest [K
pulling 0624ba75c3ce:  64% ▕███████████       ▏ 4.9 GB/7.7 GB   13 MB/s   3m23s[K[?25h[?2026l[?2026h[?25l[A[1Gpulling manifest [K
pulling 0624ba75c3ce:  64% ▕███████████       ▏ 4.9 GB/7.7 GB   13 MB/s   3m23s[K[?25h[?2026l[?2026h[?25l[A[1Gpulling manifest [K
pulling 0624ba75c3ce:  64% ▕███████████       ▏ 4.9 GB/7.7 GB   13 MB/s   3m23s[K[?25h[?2026l[?2026h[?25l[A[1Gpulling manifest [K
pulling 0624ba75c3ce:  64% ▕███████████       ▏ 4.9 GB/7.7 GB   13 MB/s   3m23s[K[?25h[?2026l[?2026h[?25l[A[1Gpulling manifest [K
pulling 0624ba75c3ce:  64% ▕███████████       ▏ 4.9 GB/7.7 GB   13 MB/s   3m23s[K[?25h[?2026l[?2026h[?25l[A[1Gpulling manifest [K
pulling 0624ba75c3ce:  64% ▕███████████       ▏ 4.9 GB/7.7 GB   13 MB/s   3m22s[K[?25h[?2026l[?2026h[?25l[A[1Gpulling manifest [K
pulling 0624ba75c3ce:  64% ▕███████████       ▏ 4.9 GB/7.7 GB   13 MB/s   3m22s[K[?25h[?2026l[?2026h[?25l[A[1Gpulling manifest [K
pulling 0624ba75c3ce:  64% ▕███████████       ▏ 4.9 GB/7.7 GB   13 MB/s   3m22s[K[?25h[?2026l[?2026h[?25l[A[1Gpulling manifest [K
pulling 0624ba75c3ce:  64% ▕███████████       ▏ 4.9 GB/7.7 GB   13 MB/s   3m22s[K[?25h[?2026l[?2026h[?25l[A[1Gpulling manifest [K
pulling 0624ba75c3ce:  64% ▕███████████       ▏ 4.9 GB/7.7 GB   13 MB/s   3m22s[K[?25h[?2026l[?2026h[?25l[A[1Gpulling manifest [K
pulling 0624ba75c3ce:  64% ▕███████████       ▏ 4.9 GB/7.7 GB   13 MB/s   3m22s[K[?25h[?2026l[?2026h[?25l[A[1Gpulling manifest [K
pulling 0624ba75c3ce:  64% ▕███████████       ▏ 4.9 GB/7.7 GB   13 MB/s   3m22s[K[?25h[?2026l[?2026h[?25l[A[1Gpulling manifest [K
pulling 0624ba75c3ce:  64% ▕███████████       ▏ 4.9 GB/7.7 GB   13 MB/s   3m22s[K[?25h[?2026l[?2026h[?25l[A[1Gpulling manifest [K
pulling 0624ba75c3ce:  64% ▕███████████       ▏ 4.9 GB/7.7 GB   13 MB/s   3m22s[K[?25h[?2026l[?2026h[?25l[A[1Gpulling manifest [K
pulling 0624ba75c3ce:  64% ▕███████████       ▏ 4.9 GB/7.7 GB   13 MB/s   3m22s[K[?25h[?2026l[?2026h[?25l[A[1Gpulling manifest [K
pulling 0624ba75c3ce:  64% ▕███████████       ▏ 4.9 GB/7.7 GB   13 MB/s   3m22s[K[?25h[?2026l[?2026h[?25l[A[1Gpulling manifest [K
pulling 0624ba75c3ce:  64% ▕███████████       ▏ 4.9 GB/7.7 GB   13 MB/s   3m22s[K[?25h[?2026l[?2026h[?25l[A[1Gpulling manifest [K
pulling 0624ba75c3ce:  64% ▕███████████       ▏ 4.9 GB/7.7 GB   13 MB/s   3m22s[K[?25h[?2026l[?2026h[?25l[A[1Gpulling manifest [K
pulling 0624ba75c3ce:  64% ▕███████████       ▏ 4.9 GB/7.7 GB   13 MB/s   3m21s[K[?25h[?2026l[?2026h[?25l[A[1Gpulling manifest [K
pulling 0624ba75c3ce:  64% ▕███████████       ▏ 4.9 GB/7.7 GB   13 MB/s   3m21s[K[?25h[?2026l[?2026h[?25l[A[1Gpulling manifest [K
pulling 0624ba75c3ce:  64% ▕███████████       ▏ 4.9 GB/7.7 GB   13 MB/s   3m21s[K[?25h[?2026l[?2026h[?25l[A[1Gpulling manifest [K
pulling 0624ba75c3ce:  64% ▕███████████       ▏ 5.0 GB/7.7 GB   13 MB/s   3m21s[K[?25h[?2026l[?2026h[?25l[A[1Gpulling manifest [K
pulling 0624ba75c3ce:  64% ▕███████████       ▏ 5.0 GB/7.7 GB   13 MB/s   3m18s[K[?25h[?2026l[?2026h[?25l[A[1Gpulling manifest [K
pulling 0624ba75c3ce:  64% ▕███████████       ▏ 5.0 GB/7.7 GB   13 MB/s   3m18s[K[?25h[?2026l[?2026h[?25l[A[1Gpulling manifest [K
pulling 0624ba75c3ce:  64% ▕███████████       ▏ 5.0 GB/7.7 GB   13 MB/s   3m18s[K[?25h[?2026l[?2026h[?25l[A[1Gpulling manifest [K
pulling 0624ba75c3ce:  64% ▕███████████       ▏ 5.0 GB/7.7 GB   13 MB/s   3m18s[K[?25h[?2026l[?2026h[?25l[A[1Gpulling manifest [K
pulling 0624ba75c3ce:  64% ▕███████████       ▏ 5.0 GB/7.7 GB   13 MB/s   3m18s[K[?25h[?2026l[?2026h[?25l[A[1Gpulling manifest [K
pulling 0624ba75c3ce:  64% ▕███████████       ▏ 5.0 GB/7.7 GB   13 MB/s   3m18s[K[?25h[?2026l[?2026h[?25l[A[1Gpulling manifest [K
pulling 0624ba75c3ce:  64% ▕███████████       ▏ 5.0 GB/7.7 GB   13 MB/s   3m18s[K[?25h[?2026l[?2026h[?25l[A[1Gpulling manifest [K
pulling 0624ba75c3ce:  64% ▕███████████       ▏ 5.0 GB/7.7 GB   13 MB/s   3m17s[K[?25h[?2026l[?2026h[?25l[A[1Gpulling manifest [K
pulling 0624ba75c3ce:  65% ▕███████████       ▏ 5.0 GB/7.7 GB   13 MB/s   3m17s[K[?25h[?2026l[?2026h[?25l[A[1Gpulling manifest [K
pulling 0624ba75c3ce:  65% ▕███████████       ▏ 5.0 GB/7.7 GB   13 MB/s   3m17s[K[?25h[?2026l[?2026h[?25l[A[1Gpulling manifest [K
pulling 0624ba75c3ce:  65% ▕███████████       ▏ 5.0 GB/7.7 GB   14 MB/s   3m14s[K[?25h[?2026l[?2026h[?25l[A[1Gpulling manifest [K
pulling 0624ba75c3ce:  65% ▕███████████       ▏ 5.0 GB/7.7 GB   14 MB/s   3m14s[K[?25h[?2026l[?2026h[?25l[A[1Gpulling manifest [K
pulling 0624ba75c3ce:  65% ▕███████████       ▏ 5.0 GB/7.7 GB   14 MB/s   3m14s[K[?25h[?2026l[?2026h[?25l[A[1Gpulling manifest [K
pulling 0624ba75c3ce:  65% ▕███████████       ▏ 5.0 GB/7.7 GB   14 MB/s   3m14s[K[?25h[?2026l[?2026h[?25l[A[1Gpulling manifest [K
pulling 0624ba75c3ce:  65% ▕███████████       ▏ 5.0 GB/7.7 GB   14 MB/s   3m14s[K[?25h[?2026l[?2026h[?25l[A[1Gpulling manifest [K
pulling 0624ba75c3ce:  65% ▕███████████       ▏ 5.0 GB/7.7 GB   14 MB/s   3m14s[K[?25h[?2026l[?2026h[?25l[A[1Gpulling manifest [K
pulling 0624ba75c3ce:  65% ▕███████████       ▏ 5.0 GB/7.7 GB   14 MB/s   3m14s[K[?25h[?2026l[?2026h[?25l[A[1Gpulling manifest [K
pulling 0624ba75c3ce:  65% ▕███████████       ▏ 5.0 GB/7.7 GB   14 MB/s   3m13s[K[?25h[?2026l[?2026h[?25l[A[1Gpulling manifest [K
pulling 0624ba75c3ce:  65% ▕███████████       ▏ 5.0 GB/7.7 GB   14 MB/s   3m13s[K[?25h[?2026l[?2026h[?25l[A[1Gpulling manifest [K
pulling 0624ba75c3ce:  65% ▕███████████       ▏ 5.0 GB/7.7 GB   14 MB/s   3m13s[K[?25h[?2026l[?2026h[?25l[A[1Gpulling manifest [K
pulling 0624ba75c3ce:  65% ▕███████████       ▏ 5.0 GB/7.7 GB   14 MB/s   3m11s[K[?25h[?2026l[?2026h[?25l[A[1Gpulling manifest [K
pulling 0624ba75c3ce:  65% ▕███████████       ▏ 5.0 GB/7.7 GB   14 MB/s   3m11s[K[?25h[?2026l[?2026h[?25l[A[1Gpulling manifest [K
pulling 0624ba75c3ce:  65% ▕███████████       ▏ 5.0 GB/7.7 GB   14 MB/s   3m10s[K[?25h[?2026l[?2026h[?25l[A[1Gpulling manifest [K
pulling 0624ba75c3ce:  65% ▕███████████       ▏ 5.0 GB/7.7 GB   14 MB/s   3m10s[K[?25h[?2026l[?2026h[?25l[A[1Gpulling manifest [K
pulling 0624ba75c3ce:  65% ▕███████████       ▏ 5.0 GB/7.7 GB   14 MB/s   3m10s[K[?25h[?2026l[?2026h[?25l[A[1Gpulling manifest [K
pulling 0624ba75c3ce:  65% ▕███████████       ▏ 5.0 GB/7.7 GB   14 MB/s   3m10s[K[?25h[?2026l[?2026h[?25l[A[1Gpulling manifest [K
pulling 0624ba75c3ce:  65% ▕███████████       ▏ 5.0 GB/7.7 GB   14 MB/s   3m10s[K[?25h[?2026l[?2026h[?25l[A[1Gpulling manifest [K
pulling 0624ba75c3ce:  65% ▕███████████       ▏ 5.0 GB/7.7 GB   14 MB/s   3m10s[K[?25h[?2026l[?2026h[?25l[A[1Gpulling manifest [K
pulling 0624ba75c3ce:  65% ▕███████████       ▏ 5.0 GB/7.7 GB   14 MB/s   3m10s[K[?25h[?2026l[?2026h[?25l[A[1Gpulling manifest [K
pulling 0624ba75c3ce:  65% ▕███████████       ▏ 5.0 GB/7.7 GB   14 MB/s   3m10s[K[?25h[?2026l[?2026h[?25l[A[1Gpulling manifest [K
pulling 0624ba75c3ce:  65% ▕███████████       ▏ 5.0 GB/7.7 GB   14 MB/s   3m10s[K[?25h[?2026l[?2026h[?25l[A[1Gpulling manifest [K
pulling 0624ba75c3ce:  65% ▕███████████       ▏ 5.0 GB/7.7 GB   14 MB/s   3m11s[K[?25h[?2026l[?2026h[?25l[A[1Gpulling manifest [K
pulling 0624ba75c3ce:  65% ▕███████████       ▏ 5.0 GB/7.7 GB   14 MB/s   3m10s[K[?25h[?2026l[?2026h[?25l[A[1Gpulling manifest [K
pulling 0624ba75c3ce:  65% ▕███████████       ▏ 5.0 GB/7.7 GB   14 MB/s   3m10s[K[?25h[?2026l[?2026h[?25l[A[1Gpulling manifest [K
pulling 0624ba75c3ce:  65% ▕███████████       ▏ 5.0 GB/7.7 GB   14 MB/s   3m10s[K[?25h[?2026l[?2026h[?25l[A[1Gpulling manifest [K
pulling 0624ba75c3ce:  65% ▕███████████       ▏ 5.0 GB/7.7 GB   14 MB/s   3m10s[K[?25h[?2026l[?2026h[?25l[A[1Gpulling manifest [K
pulling 0624ba75c3ce:  65% ▕███████████       ▏ 5.0 GB/7.7 GB   14 MB/s   3m10s[K[?25h[?2026l[?2026h[?25l[A[1Gpulling manifest [K
pulling 0624ba75c3ce:  65% ▕███████████       ▏ 5.0 GB/7.7 GB   14 MB/s   3m10s[K[?25h[?2026l[?2026h[?25l[A[1Gpulling manifest [K
pulling 0624ba75c3ce:  65% ▕███████████       ▏ 5.0 GB/7.7 GB   14 MB/s   3m10s[K[?25h[?2026l[?2026h[?25l[A[1Gpulling manifest [K
pulling 0624ba75c3ce:  65% ▕███████████       ▏ 5.0 GB/7.7 GB   14 MB/s   3m10s[K[?25h[?2026l[?2026h[?25l[A[1Gpulling manifest [K
pulling 0624ba75c3ce:  65% ▕███████████       ▏ 5.0 GB/7.7 GB   14 MB/s   3m10s[K[?25h[?2026l[?2026h[?25l[A[1Gpulling manifest [K
pulling 0624ba75c3ce:  65% ▕███████████       ▏ 5.0 GB/7.7 GB   14 MB/s    3m7s[K[?25h[?2026l[?2026h[?25l[A[1Gpulling manifest [K
pulling 0624ba75c3ce:  65% ▕███████████       ▏ 5.0 GB/7.7 GB   14 MB/s    3m7s[K[?25h[?2026l[?2026h[?25l[A[1Gpulling manifest [K
pulling 0624ba75c3ce:  65% ▕███████████       ▏ 5.0 GB/7.7 GB   14 MB/s    3m7s[K[?25h[?2026l[?2026h[?25l[A[1Gpulling manifest [K
pulling 0624ba75c3ce:  65% ▕███████████       ▏ 5.0 GB/7.7 GB   14 MB/s    3m7s[K[?25h[?2026l[?2026h[?25l[A[1Gpulling manifest [K
pulling 0624ba75c3ce:  65% ▕███████████       ▏ 5.0 GB/7.7 GB   14 MB/s    3m7s[K[?25h[?2026l[?2026h[?25l[A[1Gpulling manifest [K
pulling 0624ba75c3ce:  65% ▕███████████       ▏ 5.0 GB/7.7 GB   14 MB/s    3m7s[K[?25h[?2026l[?2026h[?25l[A[1Gpulling manifest [K
pulling 0624ba75c3ce:  65% ▕███████████       ▏ 5.0 GB/7.7 GB   14 MB/s    3m7s[K[?25h[?2026l[?2026h[?25l[A[1Gpulling manifest [K
pulling 0624ba75c3ce:  65% ▕███████████       ▏ 5.0 GB/7.7 GB   14 MB/s    3m6s[K[?25h[?2026l[?2026h[?25l[A[1Gpulling manifest [K
pulling 0624ba75c3ce:  65% ▕███████████       ▏ 5.0 GB/7.7 GB   14 MB/s    3m6s[K[?25h[?2026l[?2026h[?25l[A[1Gpulling manifest [K
pulling 0624ba75c3ce:  65% ▕███████████       ▏ 5.0 GB/7.7 GB   14 MB/s    3m6s[K[?25h[?2026l[?2026h[?25l[A[1Gpulling manifest [K
pulling 0624ba75c3ce:  65% ▕███████████       ▏ 5.0 GB/7.7 GB   14 MB/s    3m4s[K[?25h[?2026l[?2026h[?25l[A[1Gpulling manifest [K
pulling 0624ba75c3ce:  65% ▕███████████       ▏ 5.0 GB/7.7 GB   14 MB/s    3m4s[K[?25h[?2026l[?2026h[?25l[A[1Gpulling manifest [K
pulling 0624ba75c3ce:  65% ▕███████████       ▏ 5.0 GB/7.7 GB   14 MB/s    3m4s[K[?25h[?2026l[?2026h[?25l[A[1Gpulling manifest [K
pulling 0624ba75c3ce:  65% ▕███████████       ▏ 5.0 GB/7.7 GB   14 MB/s    3m4s[K[?25h[?2026l[?2026h[?25l[A[1Gpulling manifest [K
pulling 0624ba75c3ce:  65% ▕███████████       ▏ 5.0 GB/7.7 GB   14 MB/s    3m4s[K[?25h[?2026l[?2026h[?25l[A[1Gpulling manifest [K
pulling 0624ba75c3ce:  65% ▕███████████       ▏ 5.0 GB/7.7 GB   14 MB/s    3m4s[K[?25h[?2026l[?2026h[?25l[A[1Gpulling manifest [K
pulling 0624ba75c3ce:  65% ▕███████████       ▏ 5.0 GB/7.7 GB   14 MB/s    3m4s[K[?25h[?2026l[?2026h[?25l[A[1Gpulling manifest [K
pulling 0624ba75c3ce:  65% ▕███████████       ▏ 5.0 GB/7.7 GB   14 MB/s    3m4s[K[?25h[?2026l[?2026h[?25l[A[1Gpulling manifest [K
pulling 0624ba75c3ce:  65% ▕███████████       ▏ 5.0 GB/7.7 GB   14 MB/s    3m4s[K[?25h[?2026l[?2026h[?25l[A[1Gpulling manifest [K
pulling 0624ba75c3ce:  65% ▕███████████       ▏ 5.0 GB/7.7 GB   14 MB/s    3m3s[K[?25h[?2026l[?2026h[?25l[A[1Gpulling manifest [K
pulling 0624ba75c3ce:  65% ▕███████████       ▏ 5.0 GB/7.7 GB   14 MB/s    3m3s[K[?25h[?2026l[?2026h[?25l[A[1Gpulling manifest [K
pulling 0624ba75c3ce:  65% ▕███████████       ▏ 5.0 GB/7.7 GB   14 MB/s    3m3s[K[?25h[?2026l[?2026h[?25l[A[1Gpulling manifest [K
pulling 0624ba75c3ce:  65% ▕███████████       ▏ 5.0 GB/7.7 GB   14 MB/s    3m3s[K[?25h[?2026l[?2026h[?25l[A[1Gpulling manifest [K
pulling 0624ba75c3ce:  66% ▕███████████       ▏ 5.0 GB/7.7 GB   14 MB/s    3m3s[K[?25h[?2026l[?2026h[?25l[A[1Gpulling manifest [K
pulling 0624ba75c3ce:  66% ▕███████████       ▏ 5.0 GB/7.7 GB   14 MB/s    3m3s[K[?25h[?2026l[?2026h[?25l[A[1Gpulling manifest [K
pulling 0624ba75c3ce:  66% ▕███████████       ▏ 5.0 GB/7.7 GB   14 MB/s    3m2s[K[?25h[?2026l[?2026h[?25l[A[1Gpulling manifest [K
pulling 0624ba75c3ce:  66% ▕███████████       ▏ 5.0 GB/7.7 GB   14 MB/s    3m2s[K[?25h[?2026l[?2026h[?25l[A[1Gpulling manifest [K
pulling 0624ba75c3ce:  66% ▕███████████       ▏ 5.0 GB/7.7 GB   14 MB/s    3m2s[K[?25h[?2026l[?2026h[?25l[A[1Gpulling manifest [K
pulling 0624ba75c3ce:  66% ▕███████████       ▏ 5.1 GB/7.7 GB   14 MB/s    3m2s[K[?25h[?2026l[?2026h[?25l[A[1Gpulling manifest [K
pulling 0624ba75c3ce:  66% ▕███████████       ▏ 5.1 GB/7.7 GB   14 MB/s    3m2s[K[?25h[?2026l[?2026h[?25l[A[1Gpulling manifest [K
pulling 0624ba75c3ce:  66% ▕███████████       ▏ 5.1 GB/7.7 GB   14 MB/s   2m59s[K[?25h[?2026l[?2026h[?25l[A[1Gpulling manifest [K
pulling 0624ba75c3ce:  66% ▕███████████       ▏ 5.1 GB/7.7 GB   14 MB/s   2m58s[K[?25h[?2026l[?2026h[?25l[A[1Gpulling manifest [K
pulling 0624ba75c3ce:  66% ▕███████████       ▏ 5.1 GB/7.7 GB   14 MB/s   2m58s[K[?25h[?2026l[?2026h[?25l[A[1Gpulling manifest [K
pulling 0624ba75c3ce:  66% ▕███████████       ▏ 5.1 GB/7.7 GB   14 MB/s   2m58s[K[?25h[?2026l[?2026h[?25l[A[1Gpulling manifest [K
pulling 0624ba75c3ce:  66% ▕███████████       ▏ 5.1 GB/7.7 GB   14 MB/s   2m58s[K[?25h[?2026l[?2026h[?25l[A[1Gpulling manifest [K
pulling 0624ba75c3ce:  66% ▕███████████       ▏ 5.1 GB/7.7 GB   14 MB/s   2m58s[K[?25h[?2026l[?2026h[?25l[A[1Gpulling manifest [K
pulling 0624ba75c3ce:  66% ▕███████████       ▏ 5.1 GB/7.7 GB   14 MB/s   2m58s[K[?25h[?2026l[?2026h[?25l[A[1Gpulling manifest [K
pulling 0624ba75c3ce:  66% ▕███████████       ▏ 5.1 GB/7.7 GB   14 MB/s   2m58s[K[?25h[?2026l[?2026h[?25l[A[1Gpulling manifest [K
pulling 0624ba75c3ce:  66% ▕███████████       ▏ 5.1 GB/7.7 GB   14 MB/s   2m58s[K[?25h[?2026l[?2026h[?25l[A[1Gpulling manifest [K
pulling 0624ba75c3ce:  66% ▕███████████       ▏ 5.1 GB/7.7 GB   14 MB/s   2m58s[K[?25h[?2026l[?2026h[?25l[A[1Gpulling manifest [K
pulling 0624ba75c3ce:  66% ▕███████████       ▏ 5.1 GB/7.7 GB   14 MB/s   2m58s[K[?25h[?2026l[?2026h[?25l[A[1Gpulling manifest [K
pulling 0624ba75c3ce:  66% ▕███████████       ▏ 5.1 GB/7.7 GB   15 MB/s   2m54s[K[?25h[?2026l[?2026h[?25l[A[1Gpulling manifest [K
pulling 0624ba75c3ce:  66% ▕███████████       ▏ 5.1 GB/7.7 GB   15 MB/s   2m54s[K[?25h[?2026l[?2026h[?25l[A[1Gpulling manifest [K
pulling 0624ba75c3ce:  66% ▕███████████       ▏ 5.1 GB/7.7 GB   15 MB/s   2m54s[K[?25h[?2026l[?2026h[?25l[A[1Gpulling manifest [K
pulling 0624ba75c3ce:  66% ▕███████████       ▏ 5.1 GB/7.7 GB   15 MB/s   2m54s[K[?25h[?2026l[?2026h[?25l[A[1Gpulling manifest [K
pulling 0624ba75c3ce:  66% ▕███████████       ▏ 5.1 GB/7.7 GB   15 MB/s   2m53s[K[?25h[?2026l[?2026h[?25l[A[1Gpulling manifest [K
pulling 0624ba75c3ce:  66% ▕███████████       ▏ 5.1 GB/7.7 GB   15 MB/s   2m53s[K[?25h[?2026l[?2026h[?25l[A[1Gpulling manifest [K
pulling 0624ba75c3ce:  66% ▕███████████       ▏ 5.1 GB/7.7 GB   15 MB/s   2m53s[K[?25h[?2026l[?2026h[?25l[A[1Gpulling manifest [K
pulling 0624ba75c3ce:  66% ▕███████████       ▏ 5.1 GB/7.7 GB   15 MB/s   2m53s[K[?25h[?2026l[?2026h[?25l[A[1Gpulling manifest [K
pulling 0624ba75c3ce:  66% ▕███████████       ▏ 5.1 GB/7.7 GB   15 MB/s   2m53s[K[?25h[?2026l[?2026h[?25l[A[1Gpulling manifest [K
pulling 0624ba75c3ce:  66% ▕███████████       ▏ 5.1 GB/7.7 GB   15 MB/s   2m53s[K[?25h[?2026l[?2026h[?25l[A[1Gpulling manifest [K
pulling 0624ba75c3ce:  66% ▕███████████       ▏ 5.1 GB/7.7 GB   15 MB/s   2m50s[K[?25h[?2026l[?2026h[?25l[A[1Gpulling manifest [K
pulling 0624ba75c3ce:  66% ▕███████████       ▏ 5.1 GB/7.7 GB   15 MB/s   2m50s[K[?25h[?2026l[?2026h[?25l[A[1Gpulling manifest [K
pulling 0624ba75c3ce:  66% ▕███████████       ▏ 5.1 GB/7.7 GB   15 MB/s   2m50s[K[?25h[?2026l[?2026h[?25l[A[1Gpulling manifest [K
pulling 0624ba75c3ce:  66% ▕███████████       ▏ 5.1 GB/7.7 GB   15 MB/s   2m50s[K[?25h[?2026l[?2026h[?25l[A[1Gpulling manifest [K
pulling 0624ba75c3ce:  66% ▕███████████       ▏ 5.1 GB/7.7 GB   15 MB/s   2m50s[K[?25h[?2026l[?2026h[?25l[A[1Gpulling manifest [K
pulling 0624ba75c3ce:  66% ▕███████████       ▏ 5.1 GB/7.7 GB   15 MB/s   2m50s[K[?25h[?2026l[?2026h[?25l[A[1Gpulling manifest [K
pulling 0624ba75c3ce:  66% ▕███████████       ▏ 5.1 GB/7.7 GB   15 MB/s   2m50s[K[?25h[?2026l[?2026h[?25l[A[1Gpulling manifest [K
pulling 0624ba75c3ce:  66% ▕███████████       ▏ 5.1 GB/7.7 GB   15 MB/s   2m50s[K[?25h[?2026l[?2026h[?25l[A[1Gpulling manifest [K
pulling 0624ba75c3ce:  66% ▕███████████       ▏ 5.1 GB/7.7 GB   15 MB/s   2m50s[K[?25h[?2026l[?2026h[?25l[A[1Gpulling manifest [K
pulling 0624ba75c3ce:  66% ▕███████████       ▏ 5.1 GB/7.7 GB   15 MB/s   2m49s[K[?25h[?2026l[?2026h[?25l[A[1Gpulling manifest [K
pulling 0624ba75c3ce:  66% ▕███████████       ▏ 5.1 GB/7.7 GB   15 MB/s   2m48s[K[?25h[?2026l[?2026h[?25l[A[1Gpulling manifest [K
pulling 0624ba75c3ce:  66% ▕███████████       ▏ 5.1 GB/7.7 GB   15 MB/s   2m48s[K[?25h[?2026l[?2026h[?25l[A[1Gpulling manifest [K
pulling 0624ba75c3ce:  66% ▕███████████       ▏ 5.1 GB/7.7 GB   15 MB/s   2m48s[K[?25h[?2026l[?2026h[?25l[A[1Gpulling manifest [K
pulling 0624ba75c3ce:  66% ▕███████████       ▏ 5.1 GB/7.7 GB   15 MB/s   2m48s[K[?25h[?2026l[?2026h[?25l[A[1Gpulling manifest [K
pulling 0624ba75c3ce:  66% ▕███████████       ▏ 5.1 GB/7.7 GB   15 MB/s   2m47s[K[?25h[?2026l[?2026h[?25l[A[1Gpulling manifest [K
pulling 0624ba75c3ce:  66% ▕███████████       ▏ 5.1 GB/7.7 GB   15 MB/s   2m47s[K[?25h[?2026l[?2026h[?25l[A[1Gpulling manifest [K
pulling 0624ba75c3ce:  66% ▕███████████       ▏ 5.1 GB/7.7 GB   15 MB/s   2m47s[K[?25h[?2026l[?2026h[?25l[A[1Gpulling manifest [K
pulling 0624ba75c3ce:  66% ▕███████████       ▏ 5.1 GB/7.7 GB   15 MB/s   2m47s[K[?25h[?2026l[?2026h[?25l[A[1Gpulling manifest [K
pulling 0624ba75c3ce:  66% ▕███████████       ▏ 5.1 GB/7.7 GB   15 MB/s   2m47s[K[?25h[?2026l[?2026h[?25l[A[1Gpulling manifest [K
pulling 0624ba75c3ce:  67% ▕███████████       ▏ 5.1 GB/7.7 GB   15 MB/s   2m47s[K[?25h[?2026l[?2026h[?25l[A[1Gpulling manifest [K
pulling 0624ba75c3ce:  67% ▕███████████       ▏ 5.1 GB/7.7 GB   15 MB/s   2m46s[K[?25h[?2026l[?2026h[?25l[A[1Gpulling manifest [K
pulling 0624ba75c3ce:  67% ▕███████████       ▏ 5.1 GB/7.7 GB   15 MB/s   2m45s[K[?25h[?2026l[?2026h[?25l[A[1Gpulling manifest [K
pulling 0624ba75c3ce:  67% ▕███████████       ▏ 5.1 GB/7.7 GB   15 MB/s   2m45s[K[?25h[?2026l[?2026h[?25l[A[1Gpulling manifest [K
pulling 0624ba75c3ce:  67% ▕███████████       ▏ 5.1 GB/7.7 GB   15 MB/s   2m45s[K[?25h[?2026l[?2026h[?25l[A[1Gpulling manifest [K
pulling 0624ba75c3ce:  67% ▕███████████       ▏ 5.1 GB/7.7 GB   15 MB/s   2m45s[K[?25h[?2026l[?2026h[?25l[A[1Gpulling manifest [K
pulling 0624ba75c3ce:  67% ▕███████████       ▏ 5.1 GB/7.7 GB   15 MB/s   2m45s[K[?25h[?2026l[?2026h[?25l[A[1Gpulling manifest [K
pulling 0624ba75c3ce:  67% ▕████████████      ▏ 5.1 GB/7.7 GB   15 MB/s   2m45s[K[?25h[?2026l[?2026h[?25l[A[1Gpulling manifest [K
pulling 0624ba75c3ce:  67% ▕████████████      ▏ 5.1 GB/7.7 GB   15 MB/s   2m45s[K[?25h[?2026l[?2026h[?25l[A[1Gpulling manifest [K
pulling 0624ba75c3ce:  67% ▕████████████      ▏ 5.1 GB/7.7 GB   15 MB/s   2m45s[K[?25h[?2026l[?2026h[?25l[A[1Gpulling manifest [K
pulling 0624ba75c3ce:  67% ▕████████████      ▏ 5.1 GB/7.7 GB   15 MB/s   2m45s[K[?25h[?2026l[?2026h[?25l[A[1Gpulling manifest [K
pulling 0624ba75c3ce:  67% ▕████████████      ▏ 5.1 GB/7.7 GB   15 MB/s   2m42s[K[?25h[?2026l[?2026h[?25l[A[1Gpulling manifest [K
pulling 0624ba75c3ce:  67% ▕████████████      ▏ 5.1 GB/7.7 GB   15 MB/s   2m42s[K[?25h[?2026l[?2026h[?25l[A[1Gpulling manifest [K
pulling 0624ba75c3ce:  67% ▕████████████      ▏ 5.1 GB/7.7 GB   15 MB/s   2m42s[K[?25h[?2026l[?2026h[?25l[A[1Gpulling manifest [K
pulling 0624ba75c3ce:  67% ▕████████████      ▏ 5.1 GB/7.7 GB   15 MB/s   2m42s[K[?25h[?2026l[?2026h[?25l[A[1Gpulling manifest [K
pulling 0624ba75c3ce:  67% ▕████████████      ▏ 5.1 GB/7.7 GB   15 MB/s   2m42s[K[?25h[?2026l[?2026h[?25l[A[1Gpulling manifest [K
pulling 0624ba75c3ce:  67% ▕████████████      ▏ 5.1 GB/7.7 GB   15 MB/s   2m41s[K[?25h[?2026l[?2026h[?25l[A[1Gpulling manifest [K
pulling 0624ba75c3ce:  67% ▕████████████      ▏ 5.1 GB/7.7 GB   15 MB/s   2m41s[K[?25h[?2026l[?2026h[?25l[A[1Gpulling manifest [K
pulling 0624ba75c3ce:  67% ▕████████████      ▏ 5.1 GB/7.7 GB   15 MB/s   2m41s[K[?25h[?2026l[?2026h[?25l[A[1Gpulling manifest [K
pulling 0624ba75c3ce:  67% ▕████████████      ▏ 5.2 GB/7.7 GB   15 MB/s   2m41s[K[?25h[?2026l[?2026h[?25l[A[1Gpulling manifest [K
pulling 0624ba75c3ce:  67% ▕████████████      ▏ 5.2 GB/7.7 GB   15 MB/s   2m41s[K[?25h[?2026l[?2026h[?25l[A[1Gpulling manifest [K
pulling 0624ba75c3ce:  67% ▕████████████      ▏ 5.2 GB/7.7 GB   15 MB/s   2m41s[K[?25h[?2026l[?2026h[?25l[A[1Gpulling manifest [K
pulling 0624ba75c3ce:  67% ▕████████████      ▏ 5.2 GB/7.7 GB   15 MB/s   2m40s[K[?25h[?2026l[?2026h[?25l[A[1Gpulling manifest [K
pulling 0624ba75c3ce:  67% ▕████████████      ▏ 5.2 GB/7.7 GB   15 MB/s   2m40s[K[?25h[?2026l[?2026h[?25l[A[1Gpulling manifest [K
pulling 0624ba75c3ce:  67% ▕████████████      ▏ 5.2 GB/7.7 GB   15 MB/s   2m40s[K[?25h[?2026l[?2026h[?25l[A[1Gpulling manifest [K
pulling 0624ba75c3ce:  67% ▕████████████      ▏ 5.2 GB/7.7 GB   15 MB/s   2m40s[K[?25h[?2026l[?2026h[?25l[A[1Gpulling manifest [K
pulling 0624ba75c3ce:  67% ▕████████████      ▏ 5.2 GB/7.7 GB   15 MB/s   2m40s[K[?25h[?2026l[?2026h[?25l[A[1Gpulling manifest [K
pulling 0624ba75c3ce:  67% ▕████████████      ▏ 5.2 GB/7.7 GB   15 MB/s   2m40s[K[?25h[?2026l[?2026h[?25l[A[1Gpulling manifest [K
pulling 0624ba75c3ce:  67% ▕████████████      ▏ 5.2 GB/7.7 GB   15 MB/s   2m40s[K[?25h[?2026l[?2026h[?25l[A[1Gpulling manifest [K
pulling 0624ba75c3ce:  67% ▕████████████      ▏ 5.2 GB/7.7 GB   15 MB/s   2m39s[K[?25h[?2026l[?2026h[?25l[A[1Gpulling manifest [K
pulling 0624ba75c3ce:  67% ▕████████████      ▏ 5.2 GB/7.7 GB   15 MB/s   2m39s[K[?25h[?2026l[?2026h[?25l[A[1Gpulling manifest [K
pulling 0624ba75c3ce:  67% ▕████████████      ▏ 5.2 GB/7.7 GB   15 MB/s   2m39s[K[?25h[?2026l[?2026h[?25l[A[1Gpulling manifest [K
pulling 0624ba75c3ce:  67% ▕████████████      ▏ 5.2 GB/7.7 GB   16 MB/s   2m37s[K[?25h[?2026l[?2026h[?25l[A[1Gpulling manifest [K
pulling 0624ba75c3ce:  67% ▕████████████      ▏ 5.2 GB/7.7 GB   16 MB/s   2m36s[K[?25h[?2026l[?2026h[?25l[A[1Gpulling manifest [K
pulling 0624ba75c3ce:  67% ▕████████████      ▏ 5.2 GB/7.7 GB   16 MB/s   2m36s[K[?25h[?2026l[?2026h[?25l[A[1Gpulling manifest [K
pulling 0624ba75c3ce:  67% ▕████████████      ▏ 5.2 GB/7.7 GB   16 MB/s   2m36s[K[?25h[?2026l[?2026h[?25l[A[1Gpulling manifest [K
pulling 0624ba75c3ce:  67% ▕████████████      ▏ 5.2 GB/7.7 GB   16 MB/s   2m36s[K[?25h[?2026l[?2026h[?25l[A[1Gpulling manifest [K
pulling 0624ba75c3ce:  67% ▕████████████      ▏ 5.2 GB/7.7 GB   16 MB/s   2m36s[K[?25h[?2026l[?2026h[?25l[A[1Gpulling manifest [K
pulling 0624ba75c3ce:  67% ▕████████████      ▏ 5.2 GB/7.7 GB   16 MB/s   2m36s[K[?25h[?2026l[?2026h[?25l[A[1Gpulling manifest [K
pulling 0624ba75c3ce:  67% ▕████████████      ▏ 5.2 GB/7.7 GB   16 MB/s   2m36s[K[?25h[?2026l[?2026h[?25l[A[1Gpulling manifest [K
pulling 0624ba75c3ce:  67% ▕████████████      ▏ 5.2 GB/7.7 GB   16 MB/s   2m36s[K[?25h[?2026l[?2026h[?25l[A[1Gpulling manifest [K
pulling 0624ba75c3ce:  67% ▕████████████      ▏ 5.2 GB/7.7 GB   16 MB/s   2m36s[K[?25h[?2026l[?2026h[?25l[A[1Gpulling manifest [K
pulling 0624ba75c3ce:  67% ▕████████████      ▏ 5.2 GB/7.7 GB   16 MB/s   2m33s[K[?25h[?2026l[?2026h[?25l[A[1Gpulling manifest [K
pulling 0624ba75c3ce:  67% ▕████████████      ▏ 5.2 GB/7.7 GB   16 MB/s   2m33s[K[?25h[?2026l[?2026h[?25l[A[1Gpulling manifest [K
pulling 0624ba75c3ce:  67% ▕████████████      ▏ 5.2 GB/7.7 GB   16 MB/s   2m33s[K[?25h[?2026l[?2026h[?25l[A[1Gpulling manifest [K
pulling 0624ba75c3ce:  67% ▕████████████      ▏ 5.2 GB/7.7 GB   16 MB/s   2m33s[K[?25h[?2026l[?2026h[?25l[A[1Gpulling manifest [K
pulling 0624ba75c3ce:  67% ▕████████████      ▏ 5.2 GB/7.7 GB   16 MB/s   2m33s[K[?25h[?2026l[?2026h[?25l[A[1Gpulling manifest [K
pulling 0624ba75c3ce:  68% ▕████████████      ▏ 5.2 GB/7.7 GB   16 MB/s   2m33s[K[?25h[?2026l[?2026h[?25l[A[1Gpulling manifest [K
pulling 0624ba75c3ce:  68% ▕████████████      ▏ 5.2 GB/7.7 GB   16 MB/s   2m33s[K[?25h[?2026l[?2026h[?25l[A[1Gpulling manifest [K
pulling 0624ba75c3ce:  68% ▕████████████      ▏ 5.2 GB/7.7 GB   16 MB/s   2m33s[K[?25h[?2026l[?2026h[?25l[A[1Gpulling manifest [K
pulling 0624ba75c3ce:  68% ▕████████████      ▏ 5.2 GB/7.7 GB   16 MB/s   2m32s[K[?25h[?2026l[?2026h[?25l[A[1Gpulling manifest [K
pulling 0624ba75c3ce:  68% ▕████████████      ▏ 5.2 GB/7.7 GB   16 MB/s   2m32s[K[?25h[?2026l[?2026h[?25l[A[1Gpulling manifest [K
pulling 0624ba75c3ce:  68% ▕████████████      ▏ 5.2 GB/7.7 GB   16 MB/s   2m34s[K[?25h[?2026l[?2026h[?25l[A[1Gpulling manifest [K
pulling 0624ba75c3ce:  68% ▕████████████      ▏ 5.2 GB/7.7 GB   16 MB/s   2m34s[K[?25h[?2026l[?2026h[?25l[A[1Gpulling manifest [K
pulling 0624ba75c3ce:  68% ▕████████████      ▏ 5.2 GB/7.7 GB   16 MB/s   2m34s[K[?25h[?2026l[?2026h[?25l[A[1Gpulling manifest [K
pulling 0624ba75c3ce:  68% ▕████████████      ▏ 5.2 GB/7.7 GB   16 MB/s   2m34s[K[?25h[?2026l[?2026h[?25l[A[1Gpulling manifest [K
pulling 0624ba75c3ce:  68% ▕████████████      ▏ 5.2 GB/7.7 GB   16 MB/s   2m34s[K[?25h[?2026l[?2026h[?25l[A[1Gpulling manifest [K
pulling 0624ba75c3ce:  68% ▕████████████      ▏ 5.2 GB/7.7 GB   16 MB/s   2m33s[K[?25h[?2026l[?2026h[?25l[A[1Gpulling manifest [K
pulling 0624ba75c3ce:  68% ▕████████████      ▏ 5.2 GB/7.7 GB   16 MB/s   2m33s[K[?25h[?2026l[?2026h[?25l[A[1Gpulling manifest [K
pulling 0624ba75c3ce:  68% ▕████████████      ▏ 5.2 GB/7.7 GB   16 MB/s   2m33s[K[?25h[?2026l[?2026h[?25l[A[1Gpulling manifest [K
pulling 0624ba75c3ce:  68% ▕████████████      ▏ 5.2 GB/7.7 GB   16 MB/s   2m33s[K[?25h[?2026l[?2026h[?25l[A[1Gpulling manifest [K
pulling 0624ba75c3ce:  68% ▕████████████      ▏ 5.2 GB/7.7 GB   16 MB/s   2m33s[K[?25h[?2026l[?2026h[?25l[A[1Gpulling manifest [K
pulling 0624ba75c3ce:  68% ▕████████████      ▏ 5.2 GB/7.7 GB   16 MB/s   2m31s[K[?25h[?2026l[?2026h[?25l[A[1Gpulling manifest [K
pulling 0624ba75c3ce:  68% ▕████████████      ▏ 5.2 GB/7.7 GB   16 MB/s   2m30s[K[?25h[?2026l[?2026h[?25l[A[1Gpulling manifest [K
pulling 0624ba75c3ce:  68% ▕████████████      ▏ 5.2 GB/7.7 GB   16 MB/s   2m30s[K[?25h[?2026l[?2026h[?25l[A[1Gpulling manifest [K
pulling 0624ba75c3ce:  68% ▕████████████      ▏ 5.2 GB/7.7 GB   16 MB/s   2m30s[K[?25h[?2026l[?2026h[?25l[A[1Gpulling manifest [K
pulling 0624ba75c3ce:  68% ▕████████████      ▏ 5.2 GB/7.7 GB   16 MB/s   2m30s[K[?25h[?2026l[?2026h[?25l[A[1Gpulling manifest [K
pulling 0624ba75c3ce:  68% ▕████████████      ▏ 5.2 GB/7.7 GB   16 MB/s   2m30s[K[?25h[?2026l[?2026h[?25l[A[1Gpulling manifest [K
pulling 0624ba75c3ce:  68% ▕████████████      ▏ 5.2 GB/7.7 GB   16 MB/s   2m30s[K[?25h[?2026l[?2026h[?25l[A[1Gpulling manifest [K
pulling 0624ba75c3ce:  68% ▕████████████      ▏ 5.2 GB/7.7 GB   16 MB/s   2m30s[K[?25h[?2026l[?2026h[?25l[A[1Gpulling manifest [K
pulling 0624ba75c3ce:  68% ▕████████████      ▏ 5.2 GB/7.7 GB   16 MB/s   2m30s[K[?25h[?2026l[?2026h[?25l[A[1Gpulling manifest [K
pulling 0624ba75c3ce:  68% ▕████████████      ▏ 5.2 GB/7.7 GB   16 MB/s   2m29s[K[?25h[?2026l[?2026h[?25l[A[1Gpulling manifest [K
pulling 0624ba75c3ce:  68% ▕████████████      ▏ 5.2 GB/7.7 GB   16 MB/s   2m29s[K[?25h[?2026l[?2026h[?25l[A[1Gpulling manifest [K
pulling 0624ba75c3ce:  68% ▕████████████      ▏ 5.2 GB/7.7 GB   16 MB/s   2m26s[K[?25h[?2026l[?2026h[?25l[A[1Gpulling manifest [K
pulling 0624ba75c3ce:  68% ▕████████████      ▏ 5.2 GB/7.7 GB   16 MB/s   2m26s[K[?25h[?2026l[?2026h[?25l[A[1Gpulling manifest [K
pulling 0624ba75c3ce:  68% ▕████████████      ▏ 5.2 GB/7.7 GB   16 MB/s   2m26s[K[?25h[?2026l[?2026h[?25l[A[1Gpulling manifest [K
pulling 0624ba75c3ce:  68% ▕████████████      ▏ 5.2 GB/7.7 GB   16 MB/s   2m26s[K[?25h[?2026l[?2026h[?25l[A[1Gpulling manifest [K
pulling 0624ba75c3ce:  68% ▕████████████      ▏ 5.2 GB/7.7 GB   16 MB/s   2m26s[K[?25h[?2026l[?2026h[?25l[A[1Gpulling manifest [K
pulling 0624ba75c3ce:  68% ▕████████████      ▏ 5.3 GB/7.7 GB   16 MB/s   2m26s[K[?25h[?2026l[?2026h[?25l[A[1Gpulling manifest [K
pulling 0624ba75c3ce:  68% ▕████████████      ▏ 5.3 GB/7.7 GB   16 MB/s   2m26s[K[?25h[?2026l[?2026h[?25l[A[1Gpulling manifest [K
pulling 0624ba75c3ce:  68% ▕████████████      ▏ 5.3 GB/7.7 GB   16 MB/s   2m25s[K[?25h[?2026l[?2026h[?25l[A[1Gpulling manifest [K
pulling 0624ba75c3ce:  68% ▕████████████      ▏ 5.3 GB/7.7 GB   16 MB/s   2m25s[K[?25h[?2026l[?2026h[?25l[A[1Gpulling manifest [K
pulling 0624ba75c3ce:  68% ▕████████████      ▏ 5.3 GB/7.7 GB   16 MB/s   2m25s[K[?25h[?2026l[?2026h[?25l[A[1Gpulling manifest [K
pulling 0624ba75c3ce:  68% ▕████████████      ▏ 5.3 GB/7.7 GB   17 MB/s   2m21s[K[?25h[?2026l[?2026h[?25l[A[1Gpulling manifest [K
pulling 0624ba75c3ce:  68% ▕████████████      ▏ 5.3 GB/7.7 GB   17 MB/s   2m21s[K[?25h[?2026l[?2026h[?25l[A[1Gpulling manifest [K
pulling 0624ba75c3ce:  68% ▕████████████      ▏ 5.3 GB/7.7 GB   17 MB/s   2m21s[K[?25h[?2026l[?2026h[?25l[A[1Gpulling manifest [K
pulling 0624ba75c3ce:  68% ▕████████████      ▏ 5.3 GB/7.7 GB   17 MB/s   2m21s[K[?25h[?2026l[?2026h[?25l[A[1Gpulling manifest [K
pulling 0624ba75c3ce:  68% ▕████████████      ▏ 5.3 GB/7.7 GB   17 MB/s   2m21s[K[?25h[?2026l[?2026h[?25l[A[1Gpulling manifest [K
pulling 0624ba75c3ce:  68% ▕████████████      ▏ 5.3 GB/7.7 GB   17 MB/s   2m21s[K[?25h[?2026l[?2026h[?25l[A[1Gpulling manifest [K
pulling 0624ba75c3ce:  69% ▕████████████      ▏ 5.3 GB/7.7 GB   17 MB/s   2m21s[K[?25h[?2026l[?2026h[?25l[A[1Gpulling manifest [K
pulling 0624ba75c3ce:  69% ▕████████████      ▏ 5.3 GB/7.7 GB   17 MB/s   2m21s[K[?25h[?2026l[?2026h[?25l[A[1Gpulling manifest [K
pulling 0624ba75c3ce:  69% ▕████████████      ▏ 5.3 GB/7.7 GB   17 MB/s   2m20s[K[?25h[?2026l[?2026h[?25l[A[1Gpulling manifest [K
pulling 0624ba75c3ce:  69% ▕████████████      ▏ 5.3 GB/7.7 GB   17 MB/s   2m20s[K[?25h[?2026l[?2026h[?25l[A[1Gpulling manifest [K
pulling 0624ba75c3ce:  69% ▕████████████      ▏ 5.3 GB/7.7 GB   17 MB/s   2m17s[K[?25h[?2026l[?2026h[?25l[A[1Gpulling manifest [K
pulling 0624ba75c3ce:  69% ▕████████████      ▏ 5.3 GB/7.7 GB   17 MB/s   2m16s[K[?25h[?2026l[?2026h[?25l[A[1Gpulling manifest [K
pulling 0624ba75c3ce:  69% ▕████████████      ▏ 5.3 GB/7.7 GB   17 MB/s   2m16s[K[?25h[?2026l[?2026h[?25l[A[1Gpulling manifest [K
pulling 0624ba75c3ce:  69% ▕████████████      ▏ 5.3 GB/7.7 GB   17 MB/s   2m16s[K[?25h[?2026l[?2026h[?25l[A[1Gpulling manifest [K
pulling 0624ba75c3ce:  69% ▕████████████      ▏ 5.3 GB/7.7 GB   17 MB/s   2m16s[K[?25h[?2026l[?2026h[?25l[A[1Gpulling manifest [K
pulling 0624ba75c3ce:  69% ▕████████████      ▏ 5.3 GB/7.7 GB   17 MB/s   2m16s[K[?25h[?2026l[?2026h[?25l[A[1Gpulling manifest [K
pulling 0624ba75c3ce:  69% ▕████████████      ▏ 5.3 GB/7.7 GB   17 MB/s   2m16s[K[?25h[?2026l[?2026h[?25l[A[1Gpulling manifest [K
pulling 0624ba75c3ce:  69% ▕████████████      ▏ 5.3 GB/7.7 GB   17 MB/s   2m16s[K[?25h[?2026l[?2026h[?25l[A[1Gpulling manifest [K
pulling 0624ba75c3ce:  69% ▕████████████      ▏ 5.3 GB/7.7 GB   17 MB/s   2m16s[K[?25h[?2026l[?2026h[?25l[A[1Gpulling manifest [K
pulling 0624ba75c3ce:  69% ▕████████████      ▏ 5.3 GB/7.7 GB   17 MB/s   2m15s[K[?25h[?2026l[?2026h[?25l[A[1Gpulling manifest [K
pulling 0624ba75c3ce:  69% ▕████████████      ▏ 5.3 GB/7.7 GB   18 MB/s   2m11s[K[?25h[?2026l[?2026h[?25l[A[1Gpulling manifest [K
pulling 0624ba75c3ce:  69% ▕████████████      ▏ 5.3 GB/7.7 GB   18 MB/s   2m11s[K[?25h[?2026l[?2026h[?25l[A[1Gpulling manifest [K
pulling 0624ba75c3ce:  69% ▕████████████      ▏ 5.3 GB/7.7 GB   18 MB/s   2m11s[K[?25h[?2026l[?2026h[?25l[A[1Gpulling manifest [K
pulling 0624ba75c3ce:  69% ▕████████████      ▏ 5.3 GB/7.7 GB   18 MB/s   2m10s[K[?25h[?2026l[?2026h[?25l[A[1Gpulling manifest [K
pulling 0624ba75c3ce:  69% ▕████████████      ▏ 5.3 GB/7.7 GB   18 MB/s   2m10s[K[?25h[?2026l[?2026h[?25l[A[1Gpulling manifest [K
pulling 0624ba75c3ce:  69% ▕████████████      ▏ 5.3 GB/7.7 GB   18 MB/s   2m10s[K[?25h[?2026l[?2026h[?25l[A[1Gpulling manifest [K
pulling 0624ba75c3ce:  69% ▕████████████      ▏ 5.3 GB/7.7 GB   18 MB/s   2m10s[K[?25h[?2026l[?2026h[?25l[A[1Gpulling manifest [K
pulling 0624ba75c3ce:  69% ▕████████████      ▏ 5.3 GB/7.7 GB   18 MB/s   2m10s[K[?25h[?2026l[?2026h[?25l[A[1Gpulling manifest [K
pulling 0624ba75c3ce:  69% ▕████████████      ▏ 5.3 GB/7.7 GB   18 MB/s   2m10s[K[?25h[?2026l[?2026h[?25l[A[1Gpulling manifest [K
pulling 0624ba75c3ce:  69% ▕████████████      ▏ 5.3 GB/7.7 GB   18 MB/s   2m10s[K[?25h[?2026l[?2026h[?25l[A[1Gpulling manifest [K
pulling 0624ba75c3ce:  69% ▕████████████      ▏ 5.3 GB/7.7 GB   18 MB/s    2m5s[K[?25h[?2026l[?2026h[?25l[A[1Gpulling manifest [K
pulling 0624ba75c3ce:  69% ▕████████████      ▏ 5.3 GB/7.7 GB   18 MB/s    2m5s[K[?25h[?2026l[?2026h[?25l[A[1Gpulling manifest [K
pulling 0624ba75c3ce:  69% ▕████████████      ▏ 5.3 GB/7.7 GB   18 MB/s    2m5s[K[?25h[?2026l[?2026h[?25l[A[1Gpulling manifest [K
pulling 0624ba75c3ce:  69% ▕████████████      ▏ 5.3 GB/7.7 GB   18 MB/s    2m5s[K[?25h[?2026l[?2026h[?25l[A[1Gpulling manifest [K
pulling 0624ba75c3ce:  69% ▕████████████      ▏ 5.3 GB/7.7 GB   18 MB/s    2m5s[K[?25h[?2026l[?2026h[?25l[A[1Gpulling manifest [K
pulling 0624ba75c3ce:  69% ▕████████████      ▏ 5.3 GB/7.7 GB   18 MB/s    2m5s[K[?25h[?2026l[?2026h[?25l[A[1Gpulling manifest [K
pulling 0624ba75c3ce:  69% ▕████████████      ▏ 5.3 GB/7.7 GB   18 MB/s    2m5s[K[?25h[?2026l[?2026h[?25l[A[1Gpulling manifest [K
pulling 0624ba75c3ce:  69% ▕████████████      ▏ 5.3 GB/7.7 GB   18 MB/s    2m5s[K[?25h[?2026l[?2026h[?25l[A[1Gpulling manifest [K
pulling 0624ba75c3ce:  69% ▕████████████      ▏ 5.3 GB/7.7 GB   18 MB/s    2m5s[K[?25h[?2026l[?2026h[?25l[A[1Gpulling manifest [K
pulling 0624ba75c3ce:  69% ▕████████████      ▏ 5.3 GB/7.7 GB   18 MB/s    2m4s[K[?25h[?2026l[?2026h[?25l[A[1Gpulling manifest [K
pulling 0624ba75c3ce:  69% ▕████████████      ▏ 5.3 GB/7.7 GB   18 MB/s    2m4s[K[?25h[?2026l[?2026h[?25l[A[1Gpulling manifest [K
pulling 0624ba75c3ce:  69% ▕████████████      ▏ 5.3 GB/7.7 GB   19 MB/s    2m2s[K[?25h[?2026l[?2026h[?25l[A[1Gpulling manifest [K
pulling 0624ba75c3ce:  69% ▕████████████      ▏ 5.3 GB/7.7 GB   19 MB/s    2m2s[K[?25h[?2026l[?2026h[?25l[A[1Gpulling manifest [K
pulling 0624ba75c3ce:  69% ▕████████████      ▏ 5.3 GB/7.7 GB   19 MB/s    2m1s[K[?25h[?2026l[?2026h[?25l[A[1Gpulling manifest [K
pulling 0624ba75c3ce:  70% ▕████████████      ▏ 5.4 GB/7.7 GB   19 MB/s    2m1s[K[?25h[?2026l[?2026h[?25l[A[1Gpulling manifest [K
pulling 0624ba75c3ce:  70% ▕████████████      ▏ 5.4 GB/7.7 GB   19 MB/s    2m1s[K[?25h[?2026l[?2026h[?25l[A[1Gpulling manifest [K
pulling 0624ba75c3ce:  70% ▕████████████      ▏ 5.4 GB/7.7 GB   19 MB/s    2m1s[K[?25h[?2026l[?2026h[?25l[A[1Gpulling manifest [K
pulling 0624ba75c3ce:  70% ▕████████████      ▏ 5.4 GB/7.7 GB   19 MB/s    2m1s[K[?25h[?2026l[?2026h[?25l[A[1Gpulling manifest [K
pulling 0624ba75c3ce:  70% ▕████████████      ▏ 5.4 GB/7.7 GB   19 MB/s    2m1s[K[?25h[?2026l[?2026h[?25l[A[1Gpulling manifest [K
pulling 0624ba75c3ce:  70% ▕████████████      ▏ 5.4 GB/7.7 GB   19 MB/s    2m1s[K[?25h[?2026l[?2026h[?25l[A[1Gpulling manifest [K
pulling 0624ba75c3ce:  70% ▕████████████      ▏ 5.4 GB/7.7 GB   19 MB/s    2m1s[K[?25h[?2026l[?2026h[?25l[A[1Gpulling manifest [K
pulling 0624ba75c3ce:  70% ▕████████████      ▏ 5.4 GB/7.7 GB   19 MB/s   1m57s[K[?25h[?2026l[?2026h[?25l[A[1Gpulling manifest [K
pulling 0624ba75c3ce:  70% ▕████████████      ▏ 5.4 GB/7.7 GB   19 MB/s   1m57s[K[?25h[?2026l[?2026h[?25l[A[1Gpulling manifest [K
pulling 0624ba75c3ce:  70% ▕████████████      ▏ 5.4 GB/7.7 GB   19 MB/s   1m57s[K[?25h[?2026l[?2026h[?25l[A[1Gpulling manifest [K
pulling 0624ba75c3ce:  70% ▕████████████      ▏ 5.4 GB/7.7 GB   19 MB/s   1m57s[K[?25h[?2026l[?2026h[?25l[A[1Gpulling manifest [K
pulling 0624ba75c3ce:  70% ▕████████████      ▏ 5.4 GB/7.7 GB   19 MB/s   1m57s[K[?25h[?2026l[?2026h[?25l[A[1Gpulling manifest [K
pulling 0624ba75c3ce:  70% ▕████████████      ▏ 5.4 GB/7.7 GB   19 MB/s   1m57s[K[?25h[?2026l[?2026h[?25l[A[1Gpulling manifest [K
pulling 0624ba75c3ce:  70% ▕████████████      ▏ 5.4 GB/7.7 GB   19 MB/s   1m57s[K[?25h[?2026l[?2026h[?25l[A[1Gpulling manifest [K
pulling 0624ba75c3ce:  70% ▕████████████      ▏ 5.4 GB/7.7 GB   19 MB/s   1m57s[K[?25h[?2026l[?2026h[?25l[A[1Gpulling manifest [K
pulling 0624ba75c3ce:  70% ▕████████████      ▏ 5.4 GB/7.7 GB   19 MB/s   1m57s[K[?25h[?2026l[?2026h[?25l[A[1Gpulling manifest [K
pulling 0624ba75c3ce:  70% ▕████████████      ▏ 5.4 GB/7.7 GB   19 MB/s   1m56s[K[?25h[?2026l[?2026h[?25l[A[1Gpulling manifest [K
pulling 0624ba75c3ce:  70% ▕████████████      ▏ 5.4 GB/7.7 GB   20 MB/s   1m52s[K[?25h[?2026l[?2026h[?25l[A[1Gpulling manifest [K
pulling 0624ba75c3ce:  70% ▕████████████      ▏ 5.4 GB/7.7 GB   20 MB/s   1m52s[K[?25h[?2026l[?2026h[?25l[A[1Gpulling manifest [K
pulling 0624ba75c3ce:  70% ▕████████████      ▏ 5.4 GB/7.7 GB   20 MB/s   1m52s[K[?25h[?2026l[?2026h[?25l[A[1Gpulling manifest [K
pulling 0624ba75c3ce:  70% ▕████████████      ▏ 5.4 GB/7.7 GB   20 MB/s   1m52s[K[?25h[?2026l[?2026h[?25l[A[1Gpulling manifest [K
pulling 0624ba75c3ce:  70% ▕████████████      ▏ 5.4 GB/7.7 GB   20 MB/s   1m51s[K[?25h[?2026l[?2026h[?25l[A[1Gpulling manifest [K
pulling 0624ba75c3ce:  70% ▕████████████      ▏ 5.4 GB/7.7 GB   20 MB/s   1m51s[K[?25h[?2026l[?2026h[?25l[A[1Gpulling manifest [K
pulling 0624ba75c3ce:  70% ▕████████████      ▏ 5.4 GB/7.7 GB   20 MB/s   1m51s[K[?25h[?2026l[?2026h[?25l[A[1Gpulling manifest [K
pulling 0624ba75c3ce:  70% ▕████████████      ▏ 5.4 GB/7.7 GB   20 MB/s   1m51s[K[?25h[?2026l[?2026h[?25l[A[1Gpulling manifest [K
pulling 0624ba75c3ce:  70% ▕████████████      ▏ 5.4 GB/7.7 GB   20 MB/s   1m51s[K[?25h[?2026l[?2026h[?25l[A[1Gpulling manifest [K
pulling 0624ba75c3ce:  70% ▕████████████      ▏ 5.4 GB/7.7 GB   20 MB/s   1m51s[K[?25h[?2026l[?2026h[?25l[A[1Gpulling manifest [K
pulling 0624ba75c3ce:  70% ▕████████████      ▏ 5.4 GB/7.7 GB   20 MB/s   1m49s[K[?25h[?2026l[?2026h[?25l[A[1Gpulling manifest [K
pulling 0624ba75c3ce:  70% ▕████████████      ▏ 5.4 GB/7.7 GB   20 MB/s   1m49s[K[?25h[?2026l[?2026h[?25l[A[1Gpulling manifest [K
pulling 0624ba75c3ce:  70% ▕████████████      ▏ 5.4 GB/7.7 GB   20 MB/s   1m49s[K[?25h[?2026l[?2026h[?25l[A[1Gpulling manifest [K
pulling 0624ba75c3ce:  70% ▕████████████      ▏ 5.4 GB/7.7 GB   20 MB/s   1m48s[K[?25h[?2026l[?2026h[?25l[A[1Gpulling manifest [K
pulling 0624ba75c3ce:  70% ▕████████████      ▏ 5.4 GB/7.7 GB   20 MB/s   1m48s[K[?25h[?2026l[?2026h[?25l[A[1Gpulling manifest [K
pulling 0624ba75c3ce:  70% ▕████████████      ▏ 5.4 GB/7.7 GB   20 MB/s   1m48s[K[?25h[?2026l[?2026h[?25l[A[1Gpulling manifest [K
pulling 0624ba75c3ce:  70% ▕████████████      ▏ 5.4 GB/7.7 GB   20 MB/s   1m48s[K[?25h[?2026l[?2026h[?25l[A[1Gpulling manifest [K
pulling 0624ba75c3ce:  70% ▕████████████      ▏ 5.4 GB/7.7 GB   20 MB/s   1m48s[K[?25h[?2026l[?2026h[?25l[A[1Gpulling manifest [K
pulling 0624ba75c3ce:  70% ▕████████████      ▏ 5.4 GB/7.7 GB   20 MB/s   1m48s[K[?25h[?2026l[?2026h[?25l[A[1Gpulling manifest [K
pulling 0624ba75c3ce:  71% ▕████████████      ▏ 5.4 GB/7.7 GB   20 MB/s   1m48s[K[?25h[?2026l[?2026h[?25l[A[1Gpulling manifest [K
pulling 0624ba75c3ce:  71% ▕████████████      ▏ 5.4 GB/7.7 GB   21 MB/s   1m46s[K[?25h[?2026l[?2026h[?25l[A[1Gpulling manifest [K
pulling 0624ba75c3ce:  71% ▕████████████      ▏ 5.4 GB/7.7 GB   21 MB/s   1m46s[K[?25h[?2026l[?2026h[?25l[A[1Gpulling manifest [K
pulling 0624ba75c3ce:  71% ▕████████████      ▏ 5.4 GB/7.7 GB   21 MB/s   1m46s[K[?25h[?2026l[?2026h[?25l[A[1Gpulling manifest [K
pulling 0624ba75c3ce:  71% ▕████████████      ▏ 5.4 GB/7.7 GB   21 MB/s   1m46s[K[?25h[?2026l[?2026h[?25l[A[1Gpulling manifest [K
pulling 0624ba75c3ce:  71% ▕████████████      ▏ 5.4 GB/7.7 GB   21 MB/s   1m46s[K[?25h[?2026l[?2026h[?25l[A[1Gpulling manifest [K
pulling 0624ba75c3ce:  71% ▕████████████      ▏ 5.4 GB/7.7 GB   21 MB/s   1m46s[K[?25h[?2026l[?2026h[?25l[A[1Gpulling manifest [K
pulling 0624ba75c3ce:  71% ▕████████████      ▏ 5.4 GB/7.7 GB   21 MB/s   1m46s[K[?25h[?2026l[?2026h[?25l[A[1Gpulling manifest [K
pulling 0624ba75c3ce:  71% ▕████████████      ▏ 5.4 GB/7.7 GB   21 MB/s   1m46s[K[?25h[?2026l[?2026h[?25l[A[1Gpulling manifest [K
pulling 0624ba75c3ce:  71% ▕████████████      ▏ 5.4 GB/7.7 GB   21 MB/s   1m46s[K[?25h[?2026l[?2026h[?25l[A[1Gpulling manifest [K
pulling 0624ba75c3ce:  71% ▕████████████      ▏ 5.4 GB/7.7 GB   21 MB/s   1m46s[K[?25h[?2026l[?2026h[?25l[A[1Gpulling manifest [K
pulling 0624ba75c3ce:  71% ▕████████████      ▏ 5.5 GB/7.7 GB   21 MB/s   1m45s[K[?25h[?2026l[?2026h[?25l[A[1Gpulling manifest [K
pulling 0624ba75c3ce:  71% ▕████████████      ▏ 5.5 GB/7.7 GB   21 MB/s   1m45s[K[?25h[?2026l[?2026h[?25l[A[1Gpulling manifest [K
pulling 0624ba75c3ce:  71% ▕████████████      ▏ 5.5 GB/7.7 GB   21 MB/s   1m44s[K[?25h[?2026l[?2026h[?25l[A[1Gpulling manifest [K
pulling 0624ba75c3ce:  71% ▕████████████      ▏ 5.5 GB/7.7 GB   21 MB/s   1m44s[K[?25h[?2026l[?2026h[?25l[A[1Gpulling manifest [K
pulling 0624ba75c3ce:  71% ▕████████████      ▏ 5.5 GB/7.7 GB   21 MB/s   1m44s[K[?25h[?2026l[?2026h[?25l[A[1Gpulling manifest [K
pulling 0624ba75c3ce:  71% ▕████████████      ▏ 5.5 GB/7.7 GB   21 MB/s   1m44s[K[?25h[?2026l[?2026h[?25l[A[1Gpulling manifest [K
pulling 0624ba75c3ce:  71% ▕████████████      ▏ 5.5 GB/7.7 GB   21 MB/s   1m44s[K[?25h[?2026l[?2026h[?25l[A[1Gpulling manifest [K
pulling 0624ba75c3ce:  71% ▕████████████      ▏ 5.5 GB/7.7 GB   21 MB/s   1m44s[K[?25h[?2026l[?2026h[?25l[A[1Gpulling manifest [K
pulling 0624ba75c3ce:  71% ▕████████████      ▏ 5.5 GB/7.7 GB   21 MB/s   1m44s[K[?25h[?2026l[?2026h[?25l[A[1Gpulling manifest [K
pulling 0624ba75c3ce:  71% ▕████████████      ▏ 5.5 GB/7.7 GB   21 MB/s   1m44s[K[?25h[?2026l[?2026h[?25l[A[1Gpulling manifest [K
pulling 0624ba75c3ce:  71% ▕████████████      ▏ 5.5 GB/7.7 GB   21 MB/s   1m44s[K[?25h[?2026l[?2026h[?25l[A[1Gpulling manifest [K
pulling 0624ba75c3ce:  71% ▕████████████      ▏ 5.5 GB/7.7 GB   21 MB/s   1m43s[K[?25h[?2026l[?2026h[?25l[A[1Gpulling manifest [K
pulling 0624ba75c3ce:  71% ▕████████████      ▏ 5.5 GB/7.7 GB   21 MB/s   1m43s[K[?25h[?2026l[?2026h[?25l[A[1Gpulling manifest [K
pulling 0624ba75c3ce:  71% ▕████████████      ▏ 5.5 GB/7.7 GB   21 MB/s   1m43s[K[?25h[?2026l[?2026h[?25l[A[1Gpulling manifest [K
pulling 0624ba75c3ce:  71% ▕████████████      ▏ 5.5 GB/7.7 GB   21 MB/s   1m43s[K[?25h[?2026l[?2026h[?25l[A[1Gpulling manifest [K
pulling 0624ba75c3ce:  71% ▕████████████      ▏ 5.5 GB/7.7 GB   21 MB/s   1m42s[K[?25h[?2026l[?2026h[?25l[A[1Gpulling manifest [K
pulling 0624ba75c3ce:  71% ▕████████████      ▏ 5.5 GB/7.7 GB   21 MB/s   1m42s[K[?25h[?2026l[?2026h[?25l[A[1Gpulling manifest [K
pulling 0624ba75c3ce:  71% ▕████████████      ▏ 5.5 GB/7.7 GB   21 MB/s   1m42s[K[?25h[?2026l[?2026h[?25l[A[1Gpulling manifest [K
pulling 0624ba75c3ce:  71% ▕████████████      ▏ 5.5 GB/7.7 GB   21 MB/s   1m42s[K[?25h[?2026l[?2026h[?25l[A[1Gpulling manifest [K
pulling 0624ba75c3ce:  71% ▕████████████      ▏ 5.5 GB/7.7 GB   21 MB/s   1m42s[K[?25h[?2026l[?2026h[?25l[A[1Gpulling manifest [K
pulling 0624ba75c3ce:  71% ▕████████████      ▏ 5.5 GB/7.7 GB   21 MB/s   1m42s[K[?25h[?2026l[?2026h[?25l[A[1Gpulling manifest [K
pulling 0624ba75c3ce:  71% ▕████████████      ▏ 5.5 GB/7.7 GB   21 MB/s   1m42s[K[?25h[?2026l[?2026h[?25l[A[1Gpulling manifest [K
pulling 0624ba75c3ce:  71% ▕████████████      ▏ 5.5 GB/7.7 GB   21 MB/s   1m42s[K[?25h[?2026l[?2026h[?25l[A[1Gpulling manifest [K
pulling 0624ba75c3ce:  71% ▕████████████      ▏ 5.5 GB/7.7 GB   21 MB/s   1m42s[K[?25h[?2026l[?2026h[?25l[A[1Gpulling manifest [K
pulling 0624ba75c3ce:  71% ▕████████████      ▏ 5.5 GB/7.7 GB   21 MB/s   1m42s[K[?25h[?2026l[?2026h[?25l[A[1Gpulling manifest [K
pulling 0624ba75c3ce:  72% ▕████████████      ▏ 5.5 GB/7.7 GB   21 MB/s   1m42s[K[?25h[?2026l[?2026h[?25l[A[1Gpulling manifest [K
pulling 0624ba75c3ce:  72% ▕████████████      ▏ 5.5 GB/7.7 GB   21 MB/s   1m42s[K[?25h[?2026l[?2026h[?25l[A[1Gpulling manifest [K
pulling 0624ba75c3ce:  72% ▕████████████      ▏ 5.5 GB/7.7 GB   21 MB/s   1m42s[K[?25h[?2026l[?2026h[?25l[A[1Gpulling manifest [K
pulling 0624ba75c3ce:  72% ▕████████████      ▏ 5.5 GB/7.7 GB   21 MB/s   1m41s[K[?25h[?2026l[?2026h[?25l[A[1Gpulling manifest [K
pulling 0624ba75c3ce:  72% ▕████████████      ▏ 5.5 GB/7.7 GB   21 MB/s   1m41s[K[?25h[?2026l[?2026h[?25l[A[1Gpulling manifest [K
pulling 0624ba75c3ce:  72% ▕████████████      ▏ 5.5 GB/7.7 GB   21 MB/s   1m41s[K[?25h[?2026l[?2026h[?25l[A[1Gpulling manifest [K
pulling 0624ba75c3ce:  72% ▕████████████      ▏ 5.5 GB/7.7 GB   21 MB/s   1m40s[K[?25h[?2026l[?2026h[?25l[A[1Gpulling manifest [K
pulling 0624ba75c3ce:  72% ▕████████████      ▏ 5.5 GB/7.7 GB   21 MB/s   1m40s[K[?25h[?2026l[?2026h[?25l[A[1Gpulling manifest [K
pulling 0624ba75c3ce:  72% ▕████████████      ▏ 5.5 GB/7.7 GB   21 MB/s   1m40s[K[?25h[?2026l[?2026h[?25l[A[1Gpulling manifest [K
pulling 0624ba75c3ce:  72% ▕████████████      ▏ 5.5 GB/7.7 GB   21 MB/s   1m40s[K[?25h[?2026l[?2026h[?25l[A[1Gpulling manifest [K
pulling 0624ba75c3ce:  72% ▕████████████      ▏ 5.5 GB/7.7 GB   21 MB/s   1m40s[K[?25h[?2026l[?2026h[?25l[A[1Gpulling manifest [K
pulling 0624ba75c3ce:  72% ▕████████████      ▏ 5.5 GB/7.7 GB   21 MB/s   1m39s[K[?25h[?2026l[?2026h[?25l[A[1Gpulling manifest [K
pulling 0624ba75c3ce:  72% ▕████████████      ▏ 5.5 GB/7.7 GB   21 MB/s   1m39s[K[?25h[?2026l[?2026h[?25l[A[1Gpulling manifest [K
pulling 0624ba75c3ce:  72% ▕████████████      ▏ 5.5 GB/7.7 GB   21 MB/s   1m39s[K[?25h[?2026l[?2026h[?25l[A[1Gpulling manifest [K
pulling 0624ba75c3ce:  72% ▕████████████      ▏ 5.5 GB/7.7 GB   21 MB/s   1m39s[K[?25h[?2026l[?2026h[?25l[A[1Gpulling manifest [K
pulling 0624ba75c3ce:  72% ▕████████████      ▏ 5.5 GB/7.7 GB   21 MB/s   1m39s[K[?25h[?2026l[?2026h[?25l[A[1Gpulling manifest [K
pulling 0624ba75c3ce:  72% ▕████████████      ▏ 5.5 GB/7.7 GB   22 MB/s   1m37s[K[?25h[?2026l[?2026h[?25l[A[1Gpulling manifest [K
pulling 0624ba75c3ce:  72% ▕████████████      ▏ 5.5 GB/7.7 GB   22 MB/s   1m37s[K[?25h[?2026l[?2026h[?25l[A[1Gpulling manifest [K
pulling 0624ba75c3ce:  72% ▕████████████      ▏ 5.5 GB/7.7 GB   22 MB/s   1m37s[K[?25h[?2026l[?2026h[?25l[A[1Gpulling manifest [K
pulling 0624ba75c3ce:  72% ▕████████████      ▏ 5.5 GB/7.7 GB   22 MB/s   1m37s[K[?25h[?2026l[?2026h[?25l[A[1Gpulling manifest [K
pulling 0624ba75c3ce:  72% ▕████████████      ▏ 5.5 GB/7.7 GB   22 MB/s   1m37s[K[?25h[?2026l[?2026h[?25l[A[1Gpulling manifest [K
pulling 0624ba75c3ce:  72% ▕████████████      ▏ 5.6 GB/7.7 GB   22 MB/s   1m37s[K[?25h[?2026l[?2026h[?25l[A[1Gpulling manifest [K
pulling 0624ba75c3ce:  72% ▕████████████      ▏ 5.6 GB/7.7 GB   22 MB/s   1m36s[K[?25h[?2026l[?2026h[?25l[A[1Gpulling manifest [K
pulling 0624ba75c3ce:  72% ▕████████████      ▏ 5.6 GB/7.7 GB   22 MB/s   1m36s[K[?25h[?2026l[?2026h[?25l[A[1Gpulling manifest [K
pulling 0624ba75c3ce:  72% ▕█████████████     ▏ 5.6 GB/7.7 GB   22 MB/s   1m36s[K[?25h[?2026l[?2026h[?25l[A[1Gpulling manifest [K
pulling 0624ba75c3ce:  72% ▕█████████████     ▏ 5.6 GB/7.7 GB   22 MB/s   1m36s[K[?25h[?2026l[?2026h[?25l[A[1Gpulling manifest [K
pulling 0624ba75c3ce:  72% ▕█████████████     ▏ 5.6 GB/7.7 GB   22 MB/s   1m36s[K[?25h[?2026l[?2026h[?25l[A[1Gpulling manifest [K
pulling 0624ba75c3ce:  72% ▕█████████████     ▏ 5.6 GB/7.7 GB   22 MB/s   1m35s[K[?25h[?2026l[?2026h[?25l[A[1Gpulling manifest [K
pulling 0624ba75c3ce:  72% ▕█████████████     ▏ 5.6 GB/7.7 GB   22 MB/s   1m35s[K[?25h[?2026l[?2026h[?25l[A[1Gpulling manifest [K
pulling 0624ba75c3ce:  72% ▕█████████████     ▏ 5.6 GB/7.7 GB   22 MB/s   1m35s[K[?25h[?2026l[?2026h[?25l[A[1Gpulling manifest [K
pulling 0624ba75c3ce:  72% ▕█████████████     ▏ 5.6 GB/7.7 GB   22 MB/s   1m35s[K[?25h[?2026l[?2026h[?25l[A[1Gpulling manifest [K
pulling 0624ba75c3ce:  72% ▕█████████████     ▏ 5.6 GB/7.7 GB   22 MB/s   1m35s[K[?25h[?2026l[?2026h[?25l[A[1Gpulling manifest [K
pulling 0624ba75c3ce:  72% ▕█████████████     ▏ 5.6 GB/7.7 GB   22 MB/s   1m35s[K[?25h[?2026l[?2026h[?25l[A[1Gpulling manifest [K
pulling 0624ba75c3ce:  73% ▕█████████████     ▏ 5.6 GB/7.7 GB   22 MB/s   1m35s[K[?25h[?2026l[?2026h[?25l[A[1Gpulling manifest [K
pulling 0624ba75c3ce:  73% ▕█████████████     ▏ 5.6 GB/7.7 GB   22 MB/s   1m34s[K[?25h[?2026l[?2026h[?25l[A[1Gpulling manifest [K
pulling 0624ba75c3ce:  73% ▕█████████████     ▏ 5.6 GB/7.7 GB   22 MB/s   1m34s[K[?25h[?2026l[?2026h[?25l[A[1Gpulling manifest [K
pulling 0624ba75c3ce:  73% ▕█████████████     ▏ 5.6 GB/7.7 GB   22 MB/s   1m34s[K[?25h[?2026l[?2026h[?25l[A[1Gpulling manifest [K
pulling 0624ba75c3ce:  73% ▕█████████████     ▏ 5.6 GB/7.7 GB   22 MB/s   1m33s[K[?25h[?2026l[?2026h[?25l[A[1Gpulling manifest [K
pulling 0624ba75c3ce:  73% ▕█████████████     ▏ 5.6 GB/7.7 GB   22 MB/s   1m33s[K[?25h[?2026l[?2026h[?25l[A[1Gpulling manifest [K
pulling 0624ba75c3ce:  73% ▕█████████████     ▏ 5.6 GB/7.7 GB   22 MB/s   1m33s[K[?25h[?2026l[?2026h[?25l[A[1Gpulling manifest [K
pulling 0624ba75c3ce:  73% ▕█████████████     ▏ 5.6 GB/7.7 GB   22 MB/s   1m33s[K[?25h[?2026l[?2026h[?25l[A[1Gpulling manifest [K
pulling 0624ba75c3ce:  73% ▕█████████████     ▏ 5.6 GB/7.7 GB   22 MB/s   1m33s[K[?25h[?2026l[?2026h[?25l[A[1Gpulling manifest [K
pulling 0624ba75c3ce:  73% ▕█████████████     ▏ 5.6 GB/7.7 GB   22 MB/s   1m33s[K[?25h[?2026l[?2026h[?25l[A[1Gpulling manifest [K
pulling 0624ba75c3ce:  73% ▕█████████████     ▏ 5.6 GB/7.7 GB   22 MB/s   1m33s[K[?25h[?2026l[?2026h[?25l[A[1Gpulling manifest [K
pulling 0624ba75c3ce:  73% ▕█████████████     ▏ 5.6 GB/7.7 GB   22 MB/s   1m32s[K[?25h[?2026l[?2026h[?25l[A[1Gpulling manifest [K
pulling 0624ba75c3ce:  73% ▕█████████████     ▏ 5.6 GB/7.7 GB   22 MB/s   1m32s[K[?25h[?2026l[?2026h[?25l[A[1Gpulling manifest [K
pulling 0624ba75c3ce:  73% ▕█████████████     ▏ 5.6 GB/7.7 GB   22 MB/s   1m32s[K[?25h[?2026l[?2026h[?25l[A[1Gpulling manifest [K
pulling 0624ba75c3ce:  73% ▕█████████████     ▏ 5.6 GB/7.7 GB   22 MB/s   1m31s[K[?25h[?2026l[?2026h[?25l[A[1Gpulling manifest [K
pulling 0624ba75c3ce:  73% ▕█████████████     ▏ 5.6 GB/7.7 GB   22 MB/s   1m31s[K[?25h[?2026l[?2026h[?25l[A[1Gpulling manifest [K
pulling 0624ba75c3ce:  73% ▕█████████████     ▏ 5.6 GB/7.7 GB   22 MB/s   1m31s[K[?25h[?2026l[?2026h[?25l[A[1Gpulling manifest [K
pulling 0624ba75c3ce:  73% ▕█████████████     ▏ 5.6 GB/7.7 GB   22 MB/s   1m31s[K[?25h[?2026l[?2026h[?25l[A[1Gpulling manifest [K
pulling 0624ba75c3ce:  73% ▕█████████████     ▏ 5.6 GB/7.7 GB   22 MB/s   1m31s[K[?25h[?2026l[?2026h[?25l[A[1Gpulling manifest [K
pulling 0624ba75c3ce:  73% ▕█████████████     ▏ 5.6 GB/7.7 GB   22 MB/s   1m31s[K[?25h[?2026l[?2026h[?25l[A[1Gpulling manifest [K
pulling 0624ba75c3ce:  73% ▕█████████████     ▏ 5.6 GB/7.7 GB   22 MB/s   1m31s[K[?25h[?2026l[?2026h[?25l[A[1Gpulling manifest [K
pulling 0624ba75c3ce:  73% ▕█████████████     ▏ 5.6 GB/7.7 GB   22 MB/s   1m31s[K[?25h[?2026l[?2026h[?25l[A[1Gpulling manifest [K
pulling 0624ba75c3ce:  73% ▕█████████████     ▏ 5.6 GB/7.7 GB   22 MB/s   1m31s[K[?25h[?2026l[?2026h[?25l[A[1Gpulling manifest [K
pulling 0624ba75c3ce:  73% ▕█████████████     ▏ 5.6 GB/7.7 GB   22 MB/s   1m31s[K[?25h[?2026l[?2026h[?25l[A[1Gpulling manifest [K
pulling 0624ba75c3ce:  73% ▕█████████████     ▏ 5.6 GB/7.7 GB   22 MB/s   1m30s[K[?25h[?2026l[?2026h[?25l[A[1Gpulling manifest [K
pulling 0624ba75c3ce:  73% ▕█████████████     ▏ 5.6 GB/7.7 GB   22 MB/s   1m30s[K[?25h[?2026l[?2026h[?25l[A[1Gpulling manifest [K
pulling 0624ba75c3ce:  73% ▕█████████████     ▏ 5.6 GB/7.7 GB   22 MB/s   1m30s[K[?25h[?2026l[?2026h[?25l[A[1Gpulling manifest [K
pulling 0624ba75c3ce:  73% ▕█████████████     ▏ 5.6 GB/7.7 GB   22 MB/s   1m30s[K[?25h[?2026l[?2026h[?25l[A[1Gpulling manifest [K
pulling 0624ba75c3ce:  73% ▕█████████████     ▏ 5.6 GB/7.7 GB   22 MB/s   1m29s[K[?25h[?2026l[?2026h[?25l[A[1Gpulling manifest [K
pulling 0624ba75c3ce:  73% ▕█████████████     ▏ 5.6 GB/7.7 GB   22 MB/s   1m29s[K[?25h[?2026l[?2026h[?25l[A[1Gpulling manifest [K
pulling 0624ba75c3ce:  73% ▕█████████████     ▏ 5.6 GB/7.7 GB   22 MB/s   1m29s[K[?25h[?2026l[?2026h[?25l[A[1Gpulling manifest [K
pulling 0624ba75c3ce:  73% ▕█████████████     ▏ 5.7 GB/7.7 GB   22 MB/s   1m29s[K[?25h[?2026l[?2026h[?25l[A[1Gpulling manifest [K
pulling 0624ba75c3ce:  73% ▕█████████████     ▏ 5.7 GB/7.7 GB   22 MB/s   1m29s[K[?25h[?2026l[?2026h[?25l[A[1Gpulling manifest [K
pulling 0624ba75c3ce:  74% ▕█████████████     ▏ 5.7 GB/7.7 GB   22 MB/s   1m29s[K[?25h[?2026l[?2026h[?25l[A[1Gpulling manifest [K
pulling 0624ba75c3ce:  74% ▕█████████████     ▏ 5.7 GB/7.7 GB   22 MB/s   1m28s[K[?25h[?2026l[?2026h[?25l[A[1Gpulling manifest [K
pulling 0624ba75c3ce:  74% ▕█████████████     ▏ 5.7 GB/7.7 GB   22 MB/s   1m28s[K[?25h[?2026l[?2026h[?25l[A[1Gpulling manifest [K
pulling 0624ba75c3ce:  74% ▕█████████████     ▏ 5.7 GB/7.7 GB   22 MB/s   1m28s[K[?25h[?2026l[?2026h[?25l[A[1Gpulling manifest [K
pulling 0624ba75c3ce:  74% ▕█████████████     ▏ 5.7 GB/7.7 GB   22 MB/s   1m28s[K[?25h[?2026l[?2026h[?25l[A[1Gpulling manifest [K
pulling 0624ba75c3ce:  74% ▕█████████████     ▏ 5.7 GB/7.7 GB   22 MB/s   1m28s[K[?25h[?2026l[?2026h[?25l[A[1Gpulling manifest [K
pulling 0624ba75c3ce:  74% ▕█████████████     ▏ 5.7 GB/7.7 GB   22 MB/s   1m28s[K[?25h[?2026l[?2026h[?25l[A[1Gpulling manifest [K
pulling 0624ba75c3ce:  74% ▕█████████████     ▏ 5.7 GB/7.7 GB   22 MB/s   1m28s[K[?25h[?2026l[?2026h[?25l[A[1Gpulling manifest [K
pulling 0624ba75c3ce:  74% ▕█████████████     ▏ 5.7 GB/7.7 GB   22 MB/s   1m28s[K[?25h[?2026l[?2026h[?25l[A[1Gpulling manifest [K
pulling 0624ba75c3ce:  74% ▕█████████████     ▏ 5.7 GB/7.7 GB   22 MB/s   1m27s[K[?25h[?2026l[?2026h[?25l[A[1Gpulling manifest [K
pulling 0624ba75c3ce:  74% ▕█████████████     ▏ 5.7 GB/7.7 GB   22 MB/s   1m27s[K[?25h[?2026l[?2026h[?25l[A[1Gpulling manifest [K
pulling 0624ba75c3ce:  74% ▕█████████████     ▏ 5.7 GB/7.7 GB   22 MB/s   1m27s[K[?25h[?2026l[?2026h[?25l[A[1Gpulling manifest [K
pulling 0624ba75c3ce:  74% ▕█████████████     ▏ 5.7 GB/7.7 GB   23 MB/s   1m26s[K[?25h[?2026l[?2026h[?25l[A[1Gpulling manifest [K
pulling 0624ba75c3ce:  74% ▕█████████████     ▏ 5.7 GB/7.7 GB   23 MB/s   1m26s[K[?25h[?2026l[?2026h[?25l[A[1Gpulling manifest [K
pulling 0624ba75c3ce:  74% ▕█████████████     ▏ 5.7 GB/7.7 GB   23 MB/s   1m26s[K[?25h[?2026l[?2026h[?25l[A[1Gpulling manifest [K
pulling 0624ba75c3ce:  74% ▕█████████████     ▏ 5.7 GB/7.7 GB   23 MB/s   1m26s[K[?25h[?2026l[?2026h[?25l[A[1Gpulling manifest [K
pulling 0624ba75c3ce:  74% ▕█████████████     ▏ 5.7 GB/7.7 GB   23 MB/s   1m26s[K[?25h[?2026l[?2026h[?25l[A[1Gpulling manifest [K
pulling 0624ba75c3ce:  74% ▕█████████████     ▏ 5.7 GB/7.7 GB   23 MB/s   1m26s[K[?25h[?2026l[?2026h[?25l[A[1Gpulling manifest [K
pulling 0624ba75c3ce:  74% ▕█████████████     ▏ 5.7 GB/7.7 GB   23 MB/s   1m26s[K[?25h[?2026l[?2026h[?25l[A[1Gpulling manifest [K
pulling 0624ba75c3ce:  74% ▕█████████████     ▏ 5.7 GB/7.7 GB   23 MB/s   1m25s[K[?25h[?2026l[?2026h[?25l[A[1Gpulling manifest [K
pulling 0624ba75c3ce:  74% ▕█████████████     ▏ 5.7 GB/7.7 GB   23 MB/s   1m25s[K[?25h[?2026l[?2026h[?25l[A[1Gpulling manifest [K
pulling 0624ba75c3ce:  74% ▕█████████████     ▏ 5.7 GB/7.7 GB   23 MB/s   1m25s[K[?25h[?2026l[?2026h[?25l[A[1Gpulling manifest [K
pulling 0624ba75c3ce:  74% ▕█████████████     ▏ 5.7 GB/7.7 GB   23 MB/s   1m24s[K[?25h[?2026l[?2026h[?25l[A[1Gpulling manifest [K
pulling 0624ba75c3ce:  74% ▕█████████████     ▏ 5.7 GB/7.7 GB   23 MB/s   1m24s[K[?25h[?2026l[?2026h[?25l[A[1Gpulling manifest [K
pulling 0624ba75c3ce:  74% ▕█████████████     ▏ 5.7 GB/7.7 GB   23 MB/s   1m24s[K[?25h[?2026l[?2026h[?25l[A[1Gpulling manifest [K
pulling 0624ba75c3ce:  74% ▕█████████████     ▏ 5.7 GB/7.7 GB   23 MB/s   1m24s[K[?25h[?2026l[?2026h[?25l[A[1Gpulling manifest [K
pulling 0624ba75c3ce:  74% ▕█████████████     ▏ 5.7 GB/7.7 GB   23 MB/s   1m24s[K[?25h[?2026l[?2026h[?25l[A[1Gpulling manifest [K
pulling 0624ba75c3ce:  74% ▕█████████████     ▏ 5.7 GB/7.7 GB   23 MB/s   1m24s[K[?25h[?2026l[?2026h[?25l[A[1Gpulling manifest [K
pulling 0624ba75c3ce:  74% ▕█████████████     ▏ 5.7 GB/7.7 GB   23 MB/s   1m24s[K[?25h[?2026l[?2026h[?25l[A[1Gpulling manifest [K
pulling 0624ba75c3ce:  74% ▕█████████████     ▏ 5.7 GB/7.7 GB   23 MB/s   1m23s[K[?25h[?2026l[?2026h[?25l[A[1Gpulling manifest [K
pulling 0624ba75c3ce:  74% ▕█████████████     ▏ 5.7 GB/7.7 GB   23 MB/s   1m23s[K[?25h[?2026l[?2026h[?25l[A[1Gpulling manifest [K
pulling 0624ba75c3ce:  74% ▕█████████████     ▏ 5.7 GB/7.7 GB   23 MB/s   1m23s[K[?25h[?2026l[?2026h[?25l[A[1Gpulling manifest [K
pulling 0624ba75c3ce:  74% ▕█████████████     ▏ 5.7 GB/7.7 GB   23 MB/s   1m23s[K[?25h[?2026l[?2026h[?25l[A[1Gpulling manifest [K
pulling 0624ba75c3ce:  74% ▕█████████████     ▏ 5.7 GB/7.7 GB   23 MB/s   1m23s[K[?25h[?2026l[?2026h[?25l[A[1Gpulling manifest [K
pulling 0624ba75c3ce:  75% ▕█████████████     ▏ 5.7 GB/7.7 GB   23 MB/s   1m22s[K[?25h[?2026l[?2026h[?25l[A[1Gpulling manifest [K
pulling 0624ba75c3ce:  75% ▕█████████████     ▏ 5.7 GB/7.7 GB   23 MB/s   1m22s[K[?25h[?2026l[?2026h[?25l[A[1Gpulling manifest [K
pulling 0624ba75c3ce:  75% ▕█████████████     ▏ 5.7 GB/7.7 GB   23 MB/s   1m22s[K[?25h[?2026l[?2026h[?25l[A[1Gpulling manifest [K
pulling 0624ba75c3ce:  75% ▕█████████████     ▏ 5.7 GB/7.7 GB   23 MB/s   1m22s[K[?25h[?2026l[?2026h[?25l[A[1Gpulling manifest [K
pulling 0624ba75c3ce:  75% ▕█████████████     ▏ 5.7 GB/7.7 GB   23 MB/s   1m22s[K[?25h[?2026l[?2026h[?25l[A[1Gpulling manifest [K
pulling 0624ba75c3ce:  75% ▕█████████████     ▏ 5.7 GB/7.7 GB   23 MB/s   1m22s[K[?25h[?2026l[?2026h[?25l[A[1Gpulling manifest [K
pulling 0624ba75c3ce:  75% ▕█████████████     ▏ 5.8 GB/7.7 GB   23 MB/s   1m22s[K[?25h[?2026l[?2026h[?25l[A[1Gpulling manifest [K
pulling 0624ba75c3ce:  75% ▕█████████████     ▏ 5.8 GB/7.7 GB   23 MB/s   1m22s[K[?25h[?2026l[?2026h[?25l[A[1Gpulling manifest [K
pulling 0624ba75c3ce:  75% ▕█████████████     ▏ 5.8 GB/7.7 GB   23 MB/s   1m21s[K[?25h[?2026l[?2026h[?25l[A[1Gpulling manifest [K
pulling 0624ba75c3ce:  75% ▕█████████████     ▏ 5.8 GB/7.7 GB   23 MB/s   1m21s[K[?25h[?2026l[?2026h[?25l[A[1Gpulling manifest [K
pulling 0624ba75c3ce:  75% ▕█████████████     ▏ 5.8 GB/7.7 GB   23 MB/s   1m21s[K[?25h[?2026l[?2026h[?25l[A[1Gpulling manifest [K
pulling 0624ba75c3ce:  75% ▕█████████████     ▏ 5.8 GB/7.7 GB   23 MB/s   1m21s[K[?25h[?2026l[?2026h[?25l[A[1Gpulling manifest [K
pulling 0624ba75c3ce:  75% ▕█████████████     ▏ 5.8 GB/7.7 GB   23 MB/s   1m21s[K[?25h[?2026l[?2026h[?25l[A[1Gpulling manifest [K
pulling 0624ba75c3ce:  75% ▕█████████████     ▏ 5.8 GB/7.7 GB   23 MB/s   1m21s[K[?25h[?2026l[?2026h[?25l[A[1Gpulling manifest [K
pulling 0624ba75c3ce:  75% ▕█████████████     ▏ 5.8 GB/7.7 GB   23 MB/s   1m21s[K[?25h[?2026l[?2026h[?25l[A[1Gpulling manifest [K
pulling 0624ba75c3ce:  75% ▕█████████████     ▏ 5.8 GB/7.7 GB   23 MB/s   1m21s[K[?25h[?2026l[?2026h[?25l[A[1Gpulling manifest [K
pulling 0624ba75c3ce:  75% ▕█████████████     ▏ 5.8 GB/7.7 GB   23 MB/s   1m21s[K[?25h[?2026l[?2026h[?25l[A[1Gpulling manifest [K
pulling 0624ba75c3ce:  75% ▕█████████████     ▏ 5.8 GB/7.7 GB   23 MB/s   1m21s[K[?25h[?2026l[?2026h[?25l[A[1Gpulling manifest [K
pulling 0624ba75c3ce:  75% ▕█████████████     ▏ 5.8 GB/7.7 GB   23 MB/s   1m20s[K[?25h[?2026l[?2026h[?25l[A[1Gpulling manifest [K
pulling 0624ba75c3ce:  75% ▕█████████████     ▏ 5.8 GB/7.7 GB   23 MB/s   1m20s[K[?25h[?2026l[?2026h[?25l[A[1Gpulling manifest [K
pulling 0624ba75c3ce:  75% ▕█████████████     ▏ 5.8 GB/7.7 GB   23 MB/s   1m20s[K[?25h[?2026l[?2026h[?25l[A[1Gpulling manifest [K
pulling 0624ba75c3ce:  75% ▕█████████████     ▏ 5.8 GB/7.7 GB   23 MB/s   1m20s[K[?25h[?2026l[?2026h[?25l[A[1Gpulling manifest [K
pulling 0624ba75c3ce:  75% ▕█████████████     ▏ 5.8 GB/7.7 GB   23 MB/s   1m20s[K[?25h[?2026l[?2026h[?25l[A[1Gpulling manifest [K
pulling 0624ba75c3ce:  75% ▕█████████████     ▏ 5.8 GB/7.7 GB   23 MB/s   1m20s[K[?25h[?2026l[?2026h[?25l[A[1Gpulling manifest [K
pulling 0624ba75c3ce:  75% ▕█████████████     ▏ 5.8 GB/7.7 GB   23 MB/s   1m20s[K[?25h[?2026l[?2026h[?25l[A[1Gpulling manifest [K
pulling 0624ba75c3ce:  75% ▕█████████████     ▏ 5.8 GB/7.7 GB   23 MB/s   1m20s[K[?25h[?2026l[?2026h[?25l[A[1Gpulling manifest [K
pulling 0624ba75c3ce:  75% ▕█████████████     ▏ 5.8 GB/7.7 GB   23 MB/s   1m20s[K[?25h[?2026l[?2026h[?25l[A[1Gpulling manifest [K
pulling 0624ba75c3ce:  75% ▕█████████████     ▏ 5.8 GB/7.7 GB   23 MB/s   1m19s[K[?25h[?2026l[?2026h[?25l[A[1Gpulling manifest [K
pulling 0624ba75c3ce:  75% ▕█████████████     ▏ 5.8 GB/7.7 GB   23 MB/s   1m19s[K[?25h[?2026l[?2026h[?25l[A[1Gpulling manifest [K
pulling 0624ba75c3ce:  75% ▕█████████████     ▏ 5.8 GB/7.7 GB   23 MB/s   1m20s[K[?25h[?2026l[?2026h[?25l[A[1Gpulling manifest [K
pulling 0624ba75c3ce:  75% ▕█████████████     ▏ 5.8 GB/7.7 GB   23 MB/s   1m19s[K[?25h[?2026l[?2026h[?25l[A[1Gpulling manifest [K
pulling 0624ba75c3ce:  75% ▕█████████████     ▏ 5.8 GB/7.7 GB   23 MB/s   1m19s[K[?25h[?2026l[?2026h[?25l[A[1Gpulling manifest [K
pulling 0624ba75c3ce:  75% ▕█████████████     ▏ 5.8 GB/7.7 GB   23 MB/s   1m19s[K[?25h[?2026l[?2026h[?25l[A[1Gpulling manifest [K
pulling 0624ba75c3ce:  76% ▕█████████████     ▏ 5.8 GB/7.7 GB   23 MB/s   1m19s[K[?25h[?2026l[?2026h[?25l[A[1Gpulling manifest [K
pulling 0624ba75c3ce:  76% ▕█████████████     ▏ 5.8 GB/7.7 GB   23 MB/s   1m19s[K[?25h[?2026l[?2026h[?25l[A[1Gpulling manifest [K
pulling 0624ba75c3ce:  76% ▕█████████████     ▏ 5.8 GB/7.7 GB   23 MB/s   1m19s[K[?25h[?2026l[?2026h[?25l[A[1Gpulling manifest [K
pulling 0624ba75c3ce:  76% ▕█████████████     ▏ 5.8 GB/7.7 GB   23 MB/s   1m19s[K[?25h[?2026l[?2026h[?25l[A[1Gpulling manifest [K
pulling 0624ba75c3ce:  76% ▕█████████████     ▏ 5.8 GB/7.7 GB   23 MB/s   1m19s[K[?25h[?2026l[?2026h[?25l[A[1Gpulling manifest [K
pulling 0624ba75c3ce:  76% ▕█████████████     ▏ 5.8 GB/7.7 GB   23 MB/s   1m19s[K[?25h[?2026l[?2026h[?25l[A[1Gpulling manifest [K
pulling 0624ba75c3ce:  76% ▕█████████████     ▏ 5.8 GB/7.7 GB   23 MB/s   1m20s[K[?25h[?2026l[?2026h[?25l[A[1Gpulling manifest [K
pulling 0624ba75c3ce:  76% ▕█████████████     ▏ 5.8 GB/7.7 GB   23 MB/s   1m20s[K[?25h[?2026l[?2026h[?25l[A[1Gpulling manifest [K
pulling 0624ba75c3ce:  76% ▕█████████████     ▏ 5.8 GB/7.7 GB   23 MB/s   1m20s[K[?25h[?2026l[?2026h[?25l[A[1Gpulling manifest [K
pulling 0624ba75c3ce:  76% ▕█████████████     ▏ 5.8 GB/7.7 GB   23 MB/s   1m20s[K[?25h[?2026l[?2026h[?25l[A[1Gpulling manifest [K
pulling 0624ba75c3ce:  76% ▕█████████████     ▏ 5.8 GB/7.7 GB   23 MB/s   1m20s[K[?25h[?2026l[?2026h[?25l[A[1Gpulling manifest [K
pulling 0624ba75c3ce:  76% ▕█████████████     ▏ 5.8 GB/7.7 GB   23 MB/s   1m20s[K[?25h[?2026l[?2026h[?25l[A[1Gpulling manifest [K
pulling 0624ba75c3ce:  76% ▕█████████████     ▏ 5.8 GB/7.7 GB   23 MB/s   1m19s[K[?25h[?2026l[?2026h[?25l[A[1Gpulling manifest [K
pulling 0624ba75c3ce:  76% ▕█████████████     ▏ 5.8 GB/7.7 GB   23 MB/s   1m19s[K[?25h[?2026l[?2026h[?25l[A[1Gpulling manifest [K
pulling 0624ba75c3ce:  76% ▕█████████████     ▏ 5.8 GB/7.7 GB   23 MB/s   1m19s[K[?25h[?2026l[?2026h[?25l[A[1Gpulling manifest [K
pulling 0624ba75c3ce:  76% ▕█████████████     ▏ 5.8 GB/7.7 GB   23 MB/s   1m19s[K[?25h[?2026l[?2026h[?25l[A[1Gpulling manifest [K
pulling 0624ba75c3ce:  76% ▕█████████████     ▏ 5.8 GB/7.7 GB   23 MB/s   1m19s[K[?25h[?2026l[?2026h[?25l[A[1Gpulling manifest [K
pulling 0624ba75c3ce:  76% ▕█████████████     ▏ 5.8 GB/7.7 GB   23 MB/s   1m19s[K[?25h[?2026l[?2026h[?25l[A[1Gpulling manifest [K
pulling 0624ba75c3ce:  76% ▕█████████████     ▏ 5.8 GB/7.7 GB   23 MB/s   1m19s[K[?25h[?2026l[?2026h[?25l[A[1Gpulling manifest [K
pulling 0624ba75c3ce:  76% ▕█████████████     ▏ 5.8 GB/7.7 GB   23 MB/s   1m19s[K[?25h[?2026l[?2026h[?25l[A[1Gpulling manifest [K
pulling 0624ba75c3ce:  76% ▕█████████████     ▏ 5.9 GB/7.7 GB   23 MB/s   1m19s[K[?25h[?2026l[?2026h[?25l[A[1Gpulling manifest [K
pulling 0624ba75c3ce:  76% ▕█████████████     ▏ 5.9 GB/7.7 GB   23 MB/s   1m19s[K[?25h[?2026l[?2026h[?25l[A[1Gpulling manifest [K
pulling 0624ba75c3ce:  76% ▕█████████████     ▏ 5.9 GB/7.7 GB   23 MB/s   1m19s[K[?25h[?2026l[?2026h[?25l[A[1Gpulling manifest [K
pulling 0624ba75c3ce:  76% ▕█████████████     ▏ 5.9 GB/7.7 GB   23 MB/s   1m19s[K[?25h[?2026l[?2026h[?25l[A[1Gpulling manifest [K
pulling 0624ba75c3ce:  76% ▕█████████████     ▏ 5.9 GB/7.7 GB   23 MB/s   1m19s[K[?25h[?2026l[?2026h[?25l[A[1Gpulling manifest [K
pulling 0624ba75c3ce:  76% ▕█████████████     ▏ 5.9 GB/7.7 GB   23 MB/s   1m18s[K[?25h[?2026l[?2026h[?25l[A[1Gpulling manifest [K
pulling 0624ba75c3ce:  76% ▕█████████████     ▏ 5.9 GB/7.7 GB   23 MB/s   1m18s[K[?25h[?2026l[?2026h[?25l[A[1Gpulling manifest [K
pulling 0624ba75c3ce:  76% ▕█████████████     ▏ 5.9 GB/7.7 GB   23 MB/s   1m18s[K[?25h[?2026l[?2026h[?25l[A[1Gpulling manifest [K
pulling 0624ba75c3ce:  76% ▕█████████████     ▏ 5.9 GB/7.7 GB   23 MB/s   1m18s[K[?25h[?2026l[?2026h[?25l[A[1Gpulling manifest [K
pulling 0624ba75c3ce:  76% ▕█████████████     ▏ 5.9 GB/7.7 GB   23 MB/s   1m18s[K[?25h[?2026l[?2026h[?25l[A[1Gpulling manifest [K
pulling 0624ba75c3ce:  76% ▕█████████████     ▏ 5.9 GB/7.7 GB   23 MB/s   1m18s[K[?25h[?2026l[?2026h[?25l[A[1Gpulling manifest [K
pulling 0624ba75c3ce:  76% ▕█████████████     ▏ 5.9 GB/7.7 GB   23 MB/s   1m18s[K[?25h[?2026l[?2026h[?25l[A[1Gpulling manifest [K
pulling 0624ba75c3ce:  76% ▕█████████████     ▏ 5.9 GB/7.7 GB   23 MB/s   1m17s[K[?25h[?2026l[?2026h[?25l[A[1Gpulling manifest [K
pulling 0624ba75c3ce:  76% ▕█████████████     ▏ 5.9 GB/7.7 GB   23 MB/s   1m17s[K[?25h[?2026l[?2026h[?25l[A[1Gpulling manifest [K
pulling 0624ba75c3ce:  76% ▕█████████████     ▏ 5.9 GB/7.7 GB   23 MB/s   1m17s[K[?25h[?2026l[?2026h[?25l[A[1Gpulling manifest [K
pulling 0624ba75c3ce:  76% ▕█████████████     ▏ 5.9 GB/7.7 GB   23 MB/s   1m17s[K[?25h[?2026l[?2026h[?25l[A[1Gpulling manifest [K
pulling 0624ba75c3ce:  77% ▕█████████████     ▏ 5.9 GB/7.7 GB   23 MB/s   1m17s[K[?25h[?2026l[?2026h[?25l[A[1Gpulling manifest [K
pulling 0624ba75c3ce:  77% ▕█████████████     ▏ 5.9 GB/7.7 GB   23 MB/s   1m17s[K[?25h[?2026l[?2026h[?25l[A[1Gpulling manifest [K
pulling 0624ba75c3ce:  77% ▕█████████████     ▏ 5.9 GB/7.7 GB   23 MB/s   1m17s[K[?25h[?2026l[?2026h[?25l[A[1Gpulling manifest [K
pulling 0624ba75c3ce:  77% ▕█████████████     ▏ 5.9 GB/7.7 GB   23 MB/s   1m17s[K[?25h[?2026l[?2026h[?25l[A[1Gpulling manifest [K
pulling 0624ba75c3ce:  77% ▕█████████████     ▏ 5.9 GB/7.7 GB   23 MB/s   1m17s[K[?25h[?2026l[?2026h[?25l[A[1Gpulling manifest [K
pulling 0624ba75c3ce:  77% ▕█████████████     ▏ 5.9 GB/7.7 GB   23 MB/s   1m17s[K[?25h[?2026l[?2026h[?25l[A[1Gpulling manifest [K
pulling 0624ba75c3ce:  77% ▕█████████████     ▏ 5.9 GB/7.7 GB   23 MB/s   1m17s[K[?25h[?2026l[?2026h[?25l[A[1Gpulling manifest [K
pulling 0624ba75c3ce:  77% ▕█████████████     ▏ 5.9 GB/7.7 GB   23 MB/s   1m17s[K[?25h[?2026l[?2026h[?25l[A[1Gpulling manifest [K
pulling 0624ba75c3ce:  77% ▕█████████████     ▏ 5.9 GB/7.7 GB   23 MB/s   1m17s[K[?25h[?2026l[?2026h[?25l[A[1Gpulling manifest [K
pulling 0624ba75c3ce:  77% ▕█████████████     ▏ 5.9 GB/7.7 GB   23 MB/s   1m17s[K[?25h[?2026l[?2026h[?25l[A[1Gpulling manifest [K
pulling 0624ba75c3ce:  77% ▕█████████████     ▏ 5.9 GB/7.7 GB   23 MB/s   1m16s[K[?25h[?2026l[?2026h[?25l[A[1Gpulling manifest [K
pulling 0624ba75c3ce:  77% ▕█████████████     ▏ 5.9 GB/7.7 GB   23 MB/s   1m17s[K[?25h[?2026l[?2026h[?25l[A[1Gpulling manifest [K
pulling 0624ba75c3ce:  77% ▕█████████████     ▏ 5.9 GB/7.7 GB   23 MB/s   1m16s[K[?25h[?2026l[?2026h[?25l[A[1Gpulling manifest [K
pulling 0624ba75c3ce:  77% ▕█████████████     ▏ 5.9 GB/7.7 GB   23 MB/s   1m16s[K[?25h[?2026l[?2026h[?25l[A[1Gpulling manifest [K
pulling 0624ba75c3ce:  77% ▕█████████████     ▏ 5.9 GB/7.7 GB   23 MB/s   1m16s[K[?25h[?2026l[?2026h[?25l[A[1Gpulling manifest [K
pulling 0624ba75c3ce:  77% ▕█████████████     ▏ 5.9 GB/7.7 GB   23 MB/s   1m16s[K[?25h[?2026l[?2026h[?25l[A[1Gpulling manifest [K
pulling 0624ba75c3ce:  77% ▕█████████████     ▏ 5.9 GB/7.7 GB   23 MB/s   1m16s[K[?25h[?2026l[?2026h[?25l[A[1Gpulling manifest [K
pulling 0624ba75c3ce:  77% ▕█████████████     ▏ 5.9 GB/7.7 GB   23 MB/s   1m16s[K[?25h[?2026l[?2026h[?25l[A[1Gpulling manifest [K
pulling 0624ba75c3ce:  77% ▕█████████████     ▏ 5.9 GB/7.7 GB   23 MB/s   1m16s[K[?25h[?2026l[?2026h[?25l[A[1Gpulling manifest [K
pulling 0624ba75c3ce:  77% ▕█████████████     ▏ 5.9 GB/7.7 GB   23 MB/s   1m16s[K[?25h[?2026l[?2026h[?25l[A[1Gpulling manifest [K
pulling 0624ba75c3ce:  77% ▕█████████████     ▏ 5.9 GB/7.7 GB   23 MB/s   1m16s[K[?25h[?2026l[?2026h[?25l[A[1Gpulling manifest [K
pulling 0624ba75c3ce:  77% ▕█████████████     ▏ 5.9 GB/7.7 GB   23 MB/s   1m16s[K[?25h[?2026l[?2026h[?25l[A[1Gpulling manifest [K
pulling 0624ba75c3ce:  77% ▕█████████████     ▏ 5.9 GB/7.7 GB   23 MB/s   1m16s[K[?25h[?2026l[?2026h[?25l[A[1Gpulling manifest [K
pulling 0624ba75c3ce:  77% ▕█████████████     ▏ 5.9 GB/7.7 GB   23 MB/s   1m16s[K[?25h[?2026l[?2026h[?25l[A[1Gpulling manifest [K
pulling 0624ba75c3ce:  77% ▕█████████████     ▏ 5.9 GB/7.7 GB   23 MB/s   1m16s[K[?25h[?2026l[?2026h[?25l[A[1Gpulling manifest [K
pulling 0624ba75c3ce:  77% ▕█████████████     ▏ 5.9 GB/7.7 GB   23 MB/s   1m16s[K[?25h[?2026l[?2026h[?25l[A[1Gpulling manifest [K
pulling 0624ba75c3ce:  77% ▕█████████████     ▏ 6.0 GB/7.7 GB   23 MB/s   1m15s[K[?25h[?2026l[?2026h[?25l[A[1Gpulling manifest [K
pulling 0624ba75c3ce:  77% ▕█████████████     ▏ 6.0 GB/7.7 GB   23 MB/s   1m15s[K[?25h[?2026l[?2026h[?25l[A[1Gpulling manifest [K
pulling 0624ba75c3ce:  77% ▕█████████████     ▏ 6.0 GB/7.7 GB   23 MB/s   1m15s[K[?25h[?2026l[?2026h[?25l[A[1Gpulling manifest [K
pulling 0624ba75c3ce:  77% ▕█████████████     ▏ 6.0 GB/7.7 GB   23 MB/s   1m15s[K[?25h[?2026l[?2026h[?25l[A[1Gpulling manifest [K
pulling 0624ba75c3ce:  77% ▕█████████████     ▏ 6.0 GB/7.7 GB   23 MB/s   1m15s[K[?25h[?2026l[?2026h[?25l[A[1Gpulling manifest [K
pulling 0624ba75c3ce:  77% ▕█████████████     ▏ 6.0 GB/7.7 GB   22 MB/s   1m15s[K[?25h[?2026l[?2026h[?25l[A[1Gpulling manifest [K
pulling 0624ba75c3ce:  78% ▕█████████████     ▏ 6.0 GB/7.7 GB   22 MB/s   1m15s[K[?25h[?2026l[?2026h[?25l[A[1Gpulling manifest [K
pulling 0624ba75c3ce:  78% ▕█████████████     ▏ 6.0 GB/7.7 GB   22 MB/s   1m15s[K[?25h[?2026l[?2026h[?25l[A[1Gpulling manifest [K
pulling 0624ba75c3ce:  78% ▕█████████████     ▏ 6.0 GB/7.7 GB   22 MB/s   1m15s[K[?25h[?2026l[?2026h[?25l[A[1Gpulling manifest [K
pulling 0624ba75c3ce:  78% ▕█████████████     ▏ 6.0 GB/7.7 GB   22 MB/s   1m15s[K[?25h[?2026l[?2026h[?25l[A[1Gpulling manifest [K
pulling 0624ba75c3ce:  78% ▕█████████████     ▏ 6.0 GB/7.7 GB   22 MB/s   1m14s[K[?25h[?2026l[?2026h[?25l[A[1Gpulling manifest [K
pulling 0624ba75c3ce:  78% ▕█████████████     ▏ 6.0 GB/7.7 GB   22 MB/s   1m14s[K[?25h[?2026l[?2026h[?25l[A[1Gpulling manifest [K
pulling 0624ba75c3ce:  78% ▕█████████████     ▏ 6.0 GB/7.7 GB   22 MB/s   1m14s[K[?25h[?2026l[?2026h[?25l[A[1Gpulling manifest [K
pulling 0624ba75c3ce:  78% ▕█████████████     ▏ 6.0 GB/7.7 GB   22 MB/s   1m14s[K[?25h[?2026l[?2026h[?25l[A[1Gpulling manifest [K
pulling 0624ba75c3ce:  78% ▕█████████████     ▏ 6.0 GB/7.7 GB   22 MB/s   1m14s[K[?25h[?2026l[?2026h[?25l[A[1Gpulling manifest [K
pulling 0624ba75c3ce:  78% ▕█████████████     ▏ 6.0 GB/7.7 GB   22 MB/s   1m14s[K[?25h[?2026l[?2026h[?25l[A[1Gpulling manifest [K
pulling 0624ba75c3ce:  78% ▕██████████████    ▏ 6.0 GB/7.7 GB   22 MB/s   1m14s[K[?25h[?2026l[?2026h[?25l[A[1Gpulling manifest [K
pulling 0624ba75c3ce:  78% ▕██████████████    ▏ 6.0 GB/7.7 GB   22 MB/s   1m14s[K[?25h[?2026l[?2026h[?25l[A[1Gpulling manifest [K
pulling 0624ba75c3ce:  78% ▕██████████████    ▏ 6.0 GB/7.7 GB   22 MB/s   1m14s[K[?25h[?2026l[?2026h[?25l[A[1Gpulling manifest [K
pulling 0624ba75c3ce:  78% ▕██████████████    ▏ 6.0 GB/7.7 GB   22 MB/s   1m14s[K[?25h[?2026l[?2026h[?25l[A[1Gpulling manifest [K
pulling 0624ba75c3ce:  78% ▕██████████████    ▏ 6.0 GB/7.7 GB   22 MB/s   1m14s[K[?25h[?2026l[?2026h[?25l[A[1Gpulling manifest [K
pulling 0624ba75c3ce:  78% ▕██████████████    ▏ 6.0 GB/7.7 GB   22 MB/s   1m14s[K[?25h[?2026l[?2026h[?25l[A[1Gpulling manifest [K
pulling 0624ba75c3ce:  78% ▕██████████████    ▏ 6.0 GB/7.7 GB   22 MB/s   1m13s[K[?25h[?2026l[?2026h[?25l[A[1Gpulling manifest [K
pulling 0624ba75c3ce:  78% ▕██████████████    ▏ 6.0 GB/7.7 GB   22 MB/s   1m13s[K[?25h[?2026l[?2026h[?25l[A[1Gpulling manifest [K
pulling 0624ba75c3ce:  78% ▕██████████████    ▏ 6.0 GB/7.7 GB   22 MB/s   1m13s[K[?25h[?2026l[?2026h[?25l[A[1Gpulling manifest [K
pulling 0624ba75c3ce:  78% ▕██████████████    ▏ 6.0 GB/7.7 GB   22 MB/s   1m13s[K[?25h[?2026l[?2026h[?25l[A[1Gpulling manifest [K
pulling 0624ba75c3ce:  78% ▕██████████████    ▏ 6.0 GB/7.7 GB   22 MB/s   1m13s[K[?25h[?2026l[?2026h[?25l[A[1Gpulling manifest [K
pulling 0624ba75c3ce:  78% ▕██████████████    ▏ 6.0 GB/7.7 GB   22 MB/s   1m13s[K[?25h[?2026l[?2026h[?25l[A[1Gpulling manifest [K
pulling 0624ba75c3ce:  78% ▕██████████████    ▏ 6.0 GB/7.7 GB   22 MB/s   1m13s[K[?25h[?2026l[?2026h[?25l[A[1Gpulling manifest [K
pulling 0624ba75c3ce:  78% ▕██████████████    ▏ 6.0 GB/7.7 GB   22 MB/s   1m13s[K[?25h[?2026l[?2026h[?25l[A[1Gpulling manifest [K
pulling 0624ba75c3ce:  78% ▕██████████████    ▏ 6.0 GB/7.7 GB   22 MB/s   1m13s[K[?25h[?2026l[?2026h[?25l[A[1Gpulling manifest [K
pulling 0624ba75c3ce:  78% ▕██████████████    ▏ 6.0 GB/7.7 GB   22 MB/s   1m13s[K[?25h[?2026l[?2026h[?25l[A[1Gpulling manifest [K
pulling 0624ba75c3ce:  78% ▕██████████████    ▏ 6.0 GB/7.7 GB   22 MB/s   1m13s[K[?25h[?2026l[?2026h[?25l[A[1Gpulling manifest [K
pulling 0624ba75c3ce:  78% ▕██████████████    ▏ 6.0 GB/7.7 GB   22 MB/s   1m12s[K[?25h[?2026l[?2026h[?25l[A[1Gpulling manifest [K
pulling 0624ba75c3ce:  78% ▕██████████████    ▏ 6.0 GB/7.7 GB   22 MB/s   1m12s[K[?25h[?2026l[?2026h[?25l[A[1Gpulling manifest [K
pulling 0624ba75c3ce:  78% ▕██████████████    ▏ 6.0 GB/7.7 GB   22 MB/s   1m12s[K[?25h[?2026l[?2026h[?25l[A[1Gpulling manifest [K
pulling 0624ba75c3ce:  78% ▕██████████████    ▏ 6.0 GB/7.7 GB   23 MB/s   1m11s[K[?25h[?2026l[?2026h[?25l[A[1Gpulling manifest [K
pulling 0624ba75c3ce:  78% ▕██████████████    ▏ 6.0 GB/7.7 GB   23 MB/s   1m11s[K[?25h[?2026l[?2026h[?25l[A[1Gpulling manifest [K
pulling 0624ba75c3ce:  78% ▕██████████████    ▏ 6.0 GB/7.7 GB   23 MB/s   1m11s[K[?25h[?2026l[?2026h[?25l[A[1Gpulling manifest [K
pulling 0624ba75c3ce:  78% ▕██████████████    ▏ 6.0 GB/7.7 GB   23 MB/s   1m10s[K[?25h[?2026l[?2026h[?25l[A[1Gpulling manifest [K
pulling 0624ba75c3ce:  78% ▕██████████████    ▏ 6.0 GB/7.7 GB   23 MB/s   1m10s[K[?25h[?2026l[?2026h[?25l[A[1Gpulling manifest [K
pulling 0624ba75c3ce:  79% ▕██████████████    ▏ 6.0 GB/7.7 GB   23 MB/s   1m10s[K[?25h[?2026l[?2026h[?25l[A[1Gpulling manifest [K
pulling 0624ba75c3ce:  79% ▕██████████████    ▏ 6.0 GB/7.7 GB   23 MB/s   1m10s[K[?25h[?2026l[?2026h[?25l[A[1Gpulling manifest [K
pulling 0624ba75c3ce:  79% ▕██████████████    ▏ 6.1 GB/7.7 GB   23 MB/s   1m10s[K[?25h[?2026l[?2026h[?25l[A[1Gpulling manifest [K
pulling 0624ba75c3ce:  79% ▕██████████████    ▏ 6.1 GB/7.7 GB   23 MB/s   1m10s[K[?25h[?2026l[?2026h[?25l[A[1Gpulling manifest [K
pulling 0624ba75c3ce:  79% ▕██████████████    ▏ 6.1 GB/7.7 GB   23 MB/s   1m10s[K[?25h[?2026l[?2026h[?25l[A[1Gpulling manifest [K
pulling 0624ba75c3ce:  79% ▕██████████████    ▏ 6.1 GB/7.7 GB   23 MB/s   1m10s[K[?25h[?2026l[?2026h[?25l[A[1Gpulling manifest [K
pulling 0624ba75c3ce:  79% ▕██████████████    ▏ 6.1 GB/7.7 GB   23 MB/s    1m9s[K[?25h[?2026l[?2026h[?25l[A[1Gpulling manifest [K
pulling 0624ba75c3ce:  79% ▕██████████████    ▏ 6.1 GB/7.7 GB   23 MB/s    1m9s[K[?25h[?2026l[?2026h[?25l[A[1Gpulling manifest [K
pulling 0624ba75c3ce:  79% ▕██████████████    ▏ 6.1 GB/7.7 GB   23 MB/s    1m9s[K[?25h[?2026l[?2026h[?25l[A[1Gpulling manifest [K
pulling 0624ba75c3ce:  79% ▕██████████████    ▏ 6.1 GB/7.7 GB   23 MB/s    1m9s[K[?25h[?2026l[?2026h[?25l[A[1Gpulling manifest [K
pulling 0624ba75c3ce:  79% ▕██████████████    ▏ 6.1 GB/7.7 GB   23 MB/s    1m9s[K[?25h[?2026l[?2026h[?25l[A[1Gpulling manifest [K
pulling 0624ba75c3ce:  79% ▕██████████████    ▏ 6.1 GB/7.7 GB   23 MB/s    1m9s[K[?25h[?2026l[?2026h[?25l[A[1Gpulling manifest [K
pulling 0624ba75c3ce:  79% ▕██████████████    ▏ 6.1 GB/7.7 GB   23 MB/s    1m9s[K[?25h[?2026l[?2026h[?25l[A[1Gpulling manifest [K
pulling 0624ba75c3ce:  79% ▕██████████████    ▏ 6.1 GB/7.7 GB   23 MB/s    1m9s[K[?25h[?2026l[?2026h[?25l[A[1Gpulling manifest [K
pulling 0624ba75c3ce:  79% ▕██████████████    ▏ 6.1 GB/7.7 GB   23 MB/s    1m9s[K[?25h[?2026l[?2026h[?25l[A[1Gpulling manifest [K
pulling 0624ba75c3ce:  79% ▕██████████████    ▏ 6.1 GB/7.7 GB   23 MB/s    1m9s[K[?25h[?2026l[?2026h[?25l[A[1Gpulling manifest [K
pulling 0624ba75c3ce:  79% ▕██████████████    ▏ 6.1 GB/7.7 GB   23 MB/s    1m9s[K[?25h[?2026l[?2026h[?25l[A[1Gpulling manifest [K
pulling 0624ba75c3ce:  79% ▕██████████████    ▏ 6.1 GB/7.7 GB   23 MB/s    1m8s[K[?25h[?2026l[?2026h[?25l[A[1Gpulling manifest [K
pulling 0624ba75c3ce:  79% ▕██████████████    ▏ 6.1 GB/7.7 GB   23 MB/s    1m8s[K[?25h[?2026l[?2026h[?25l[A[1Gpulling manifest [K
pulling 0624ba75c3ce:  79% ▕██████████████    ▏ 6.1 GB/7.7 GB   23 MB/s    1m8s[K[?25h[?2026l[?2026h[?25l[A[1Gpulling manifest [K
pulling 0624ba75c3ce:  79% ▕██████████████    ▏ 6.1 GB/7.7 GB   23 MB/s    1m8s[K[?25h[?2026l[?2026h[?25l[A[1Gpulling manifest [K
pulling 0624ba75c3ce:  79% ▕██████████████    ▏ 6.1 GB/7.7 GB   23 MB/s    1m8s[K[?25h[?2026l[?2026h[?25l[A[1Gpulling manifest [K
pulling 0624ba75c3ce:  79% ▕██████████████    ▏ 6.1 GB/7.7 GB   23 MB/s    1m8s[K[?25h[?2026l[?2026h[?25l[A[1Gpulling manifest [K
pulling 0624ba75c3ce:  79% ▕██████████████    ▏ 6.1 GB/7.7 GB   23 MB/s    1m8s[K[?25h[?2026l[?2026h[?25l[A[1Gpulling manifest [K
pulling 0624ba75c3ce:  79% ▕██████████████    ▏ 6.1 GB/7.7 GB   23 MB/s    1m8s[K[?25h[?2026l[?2026h[?25l[A[1Gpulling manifest [K
pulling 0624ba75c3ce:  79% ▕██████████████    ▏ 6.1 GB/7.7 GB   23 MB/s    1m8s[K[?25h[?2026l[?2026h[?25l[A[1Gpulling manifest [K
pulling 0624ba75c3ce:  79% ▕██████████████    ▏ 6.1 GB/7.7 GB   23 MB/s    1m7s[K[?25h[?2026l[?2026h[?25l[A[1Gpulling manifest [K
pulling 0624ba75c3ce:  79% ▕██████████████    ▏ 6.1 GB/7.7 GB   23 MB/s    1m7s[K[?25h[?2026l[?2026h[?25l[A[1Gpulling manifest [K
pulling 0624ba75c3ce:  79% ▕██████████████    ▏ 6.1 GB/7.7 GB   23 MB/s    1m7s[K[?25h[?2026l[?2026h[?25l[A[1Gpulling manifest [K
pulling 0624ba75c3ce:  79% ▕██████████████    ▏ 6.1 GB/7.7 GB   23 MB/s    1m7s[K[?25h[?2026l[?2026h[?25l[A[1Gpulling manifest [K
pulling 0624ba75c3ce:  79% ▕██████████████    ▏ 6.1 GB/7.7 GB   23 MB/s    1m7s[K[?25h[?2026l[?2026h[?25l[A[1Gpulling manifest [K
pulling 0624ba75c3ce:  79% ▕██████████████    ▏ 6.1 GB/7.7 GB   23 MB/s    1m7s[K[?25h[?2026l[?2026h[?25l[A[1Gpulling manifest [K
pulling 0624ba75c3ce:  80% ▕██████████████    ▏ 6.1 GB/7.7 GB   23 MB/s    1m7s[K[?25h[?2026l[?2026h[?25l[A[1Gpulling manifest [K
pulling 0624ba75c3ce:  80% ▕██████████████    ▏ 6.1 GB/7.7 GB   23 MB/s    1m7s[K[?25h[?2026l[?2026h[?25l[A[1Gpulling manifest [K
pulling 0624ba75c3ce:  80% ▕██████████████    ▏ 6.1 GB/7.7 GB   23 MB/s    1m7s[K[?25h[?2026l[?2026h[?25l[A[1Gpulling manifest [K
pulling 0624ba75c3ce:  80% ▕██████████████    ▏ 6.1 GB/7.7 GB   23 MB/s    1m6s[K[?25h[?2026l[?2026h[?25l[A[1Gpulling manifest [K
pulling 0624ba75c3ce:  80% ▕██████████████    ▏ 6.1 GB/7.7 GB   23 MB/s    1m6s[K[?25h[?2026l[?2026h[?25l[A[1Gpulling manifest [K
pulling 0624ba75c3ce:  80% ▕██████████████    ▏ 6.1 GB/7.7 GB   23 MB/s    1m6s[K[?25h[?2026l[?2026h[?25l[A[1Gpulling manifest [K
pulling 0624ba75c3ce:  80% ▕██████████████    ▏ 6.1 GB/7.7 GB   23 MB/s    1m6s[K[?25h[?2026l[?2026h[?25l[A[1Gpulling manifest [K
pulling 0624ba75c3ce:  80% ▕██████████████    ▏ 6.1 GB/7.7 GB   23 MB/s    1m6s[K[?25h[?2026l[?2026h[?25l[A[1Gpulling manifest [K
pulling 0624ba75c3ce:  80% ▕██████████████    ▏ 6.1 GB/7.7 GB   23 MB/s    1m6s[K[?25h[?2026l[?2026h[?25l[A[1Gpulling manifest [K
pulling 0624ba75c3ce:  80% ▕██████████████    ▏ 6.1 GB/7.7 GB   23 MB/s    1m6s[K[?25h[?2026l[?2026h[?25l[A[1Gpulling manifest [K
pulling 0624ba75c3ce:  80% ▕██████████████    ▏ 6.1 GB/7.7 GB   23 MB/s    1m5s[K[?25h[?2026l[?2026h[?25l[A[1Gpulling manifest [K
pulling 0624ba75c3ce:  80% ▕██████████████    ▏ 6.1 GB/7.7 GB   23 MB/s    1m5s[K[?25h[?2026l[?2026h[?25l[A[1Gpulling manifest [K
pulling 0624ba75c3ce:  80% ▕██████████████    ▏ 6.1 GB/7.7 GB   23 MB/s    1m5s[K[?25h[?2026l[?2026h[?25l[A[1Gpulling manifest [K
pulling 0624ba75c3ce:  80% ▕██████████████    ▏ 6.2 GB/7.7 GB   23 MB/s    1m5s[K[?25h[?2026l[?2026h[?25l[A[1Gpulling manifest [K
pulling 0624ba75c3ce:  80% ▕██████████████    ▏ 6.2 GB/7.7 GB   23 MB/s    1m5s[K[?25h[?2026l[?2026h[?25l[A[1Gpulling manifest [K
pulling 0624ba75c3ce:  80% ▕██████████████    ▏ 6.2 GB/7.7 GB   23 MB/s    1m5s[K[?25h[?2026l[?2026h[?25l[A[1Gpulling manifest [K
pulling 0624ba75c3ce:  80% ▕██████████████    ▏ 6.2 GB/7.7 GB   23 MB/s    1m5s[K[?25h[?2026l[?2026h[?25l[A[1Gpulling manifest [K
pulling 0624ba75c3ce:  80% ▕██████████████    ▏ 6.2 GB/7.7 GB   23 MB/s    1m4s[K[?25h[?2026l[?2026h[?25l[A[1Gpulling manifest [K
pulling 0624ba75c3ce:  80% ▕██████████████    ▏ 6.2 GB/7.7 GB   23 MB/s    1m4s[K[?25h[?2026l[?2026h[?25l[A[1Gpulling manifest [K
pulling 0624ba75c3ce:  80% ▕██████████████    ▏ 6.2 GB/7.7 GB   23 MB/s    1m4s[K[?25h[?2026l[?2026h[?25l[A[1Gpulling manifest [K
pulling 0624ba75c3ce:  80% ▕██████████████    ▏ 6.2 GB/7.7 GB   23 MB/s    1m4s[K[?25h[?2026l[?2026h[?25l[A[1Gpulling manifest [K
pulling 0624ba75c3ce:  80% ▕██████████████    ▏ 6.2 GB/7.7 GB   23 MB/s    1m4s[K[?25h[?2026l[?2026h[?25l[A[1Gpulling manifest [K
pulling 0624ba75c3ce:  80% ▕██████████████    ▏ 6.2 GB/7.7 GB   23 MB/s    1m4s[K[?25h[?2026l[?2026h[?25l[A[1Gpulling manifest [K
pulling 0624ba75c3ce:  80% ▕██████████████    ▏ 6.2 GB/7.7 GB   23 MB/s    1m4s[K[?25h[?2026l[?2026h[?25l[A[1Gpulling manifest [K
pulling 0624ba75c3ce:  80% ▕██████████████    ▏ 6.2 GB/7.7 GB   23 MB/s    1m4s[K[?25h[?2026l[?2026h[?25l[A[1Gpulling manifest [K
pulling 0624ba75c3ce:  80% ▕██████████████    ▏ 6.2 GB/7.7 GB   23 MB/s    1m4s[K[?25h[?2026l[?2026h[?25l[A[1Gpulling manifest [K
pulling 0624ba75c3ce:  80% ▕██████████████    ▏ 6.2 GB/7.7 GB   23 MB/s    1m3s[K[?25h[?2026l[?2026h[?25l[A[1Gpulling manifest [K
pulling 0624ba75c3ce:  80% ▕██████████████    ▏ 6.2 GB/7.7 GB   23 MB/s    1m3s[K[?25h[?2026l[?2026h[?25l[A[1Gpulling manifest [K
pulling 0624ba75c3ce:  80% ▕██████████████    ▏ 6.2 GB/7.7 GB   23 MB/s    1m3s[K[?25h[?2026l[?2026h[?25l[A[1Gpulling manifest [K
pulling 0624ba75c3ce:  80% ▕██████████████    ▏ 6.2 GB/7.7 GB   23 MB/s    1m3s[K[?25h[?2026l[?2026h[?25l[A[1Gpulling manifest [K
pulling 0624ba75c3ce:  80% ▕██████████████    ▏ 6.2 GB/7.7 GB   23 MB/s    1m3s[K[?25h[?2026l[?2026h[?25l[A[1Gpulling manifest [K
pulling 0624ba75c3ce:  80% ▕██████████████    ▏ 6.2 GB/7.7 GB   23 MB/s    1m3s[K[?25h[?2026l[?2026h[?25l[A[1Gpulling manifest [K
pulling 0624ba75c3ce:  80% ▕██████████████    ▏ 6.2 GB/7.7 GB   23 MB/s    1m3s[K[?25h[?2026l[?2026h[?25l[A[1Gpulling manifest [K
pulling 0624ba75c3ce:  81% ▕██████████████    ▏ 6.2 GB/7.7 GB   23 MB/s    1m3s[K[?25h[?2026l[?2026h[?25l[A[1Gpulling manifest [K
pulling 0624ba75c3ce:  81% ▕██████████████    ▏ 6.2 GB/7.7 GB   23 MB/s    1m2s[K[?25h[?2026l[?2026h[?25l[A[1Gpulling manifest [K
pulling 0624ba75c3ce:  81% ▕██████████████    ▏ 6.2 GB/7.7 GB   23 MB/s    1m2s[K[?25h[?2026l[?2026h[?25l[A[1Gpulling manifest [K
pulling 0624ba75c3ce:  81% ▕██████████████    ▏ 6.2 GB/7.7 GB   23 MB/s    1m2s[K[?25h[?2026l[?2026h[?25l[A[1Gpulling manifest [K
pulling 0624ba75c3ce:  81% ▕██████████████    ▏ 6.2 GB/7.7 GB   23 MB/s    1m2s[K[?25h[?2026l[?2026h[?25l[A[1Gpulling manifest [K
pulling 0624ba75c3ce:  81% ▕██████████████    ▏ 6.2 GB/7.7 GB   23 MB/s    1m2s[K[?25h[?2026l[?2026h[?25l[A[1Gpulling manifest [K
pulling 0624ba75c3ce:  81% ▕██████████████    ▏ 6.2 GB/7.7 GB   23 MB/s    1m2s[K[?25h[?2026l[?2026h[?25l[A[1Gpulling manifest [K
pulling 0624ba75c3ce:  81% ▕██████████████    ▏ 6.2 GB/7.7 GB   23 MB/s    1m2s[K[?25h[?2026l[?2026h[?25l[A[1Gpulling manifest [K
pulling 0624ba75c3ce:  81% ▕██████████████    ▏ 6.2 GB/7.7 GB   23 MB/s    1m2s[K[?25h[?2026l[?2026h[?25l[A[1Gpulling manifest [K
pulling 0624ba75c3ce:  81% ▕██████████████    ▏ 6.2 GB/7.7 GB   23 MB/s    1m2s[K[?25h[?2026l[?2026h[?25l[A[1Gpulling manifest [K
pulling 0624ba75c3ce:  81% ▕██████████████    ▏ 6.2 GB/7.7 GB   23 MB/s    1m2s[K[?25h[?2026l[?2026h[?25l[A[1Gpulling manifest [K
pulling 0624ba75c3ce:  81% ▕██████████████    ▏ 6.2 GB/7.7 GB   23 MB/s    1m1s[K[?25h[?2026l[?2026h[?25l[A[1Gpulling manifest [K
pulling 0624ba75c3ce:  81% ▕██████████████    ▏ 6.2 GB/7.7 GB   23 MB/s    1m1s[K[?25h[?2026l[?2026h[?25l[A[1Gpulling manifest [K
pulling 0624ba75c3ce:  81% ▕██████████████    ▏ 6.2 GB/7.7 GB   23 MB/s    1m1s[K[?25h[?2026l[?2026h[?25l[A[1Gpulling manifest [K
pulling 0624ba75c3ce:  81% ▕██████████████    ▏ 6.2 GB/7.7 GB   23 MB/s    1m1s[K[?25h[?2026l[?2026h[?25l[A[1Gpulling manifest [K
pulling 0624ba75c3ce:  81% ▕██████████████    ▏ 6.2 GB/7.7 GB   23 MB/s    1m1s[K[?25h[?2026l[?2026h[?25l[A[1Gpulling manifest [K
pulling 0624ba75c3ce:  81% ▕██████████████    ▏ 6.2 GB/7.7 GB   23 MB/s    1m1s[K[?25h[?2026l[?2026h[?25l[A[1Gpulling manifest [K
pulling 0624ba75c3ce:  81% ▕██████████████    ▏ 6.2 GB/7.7 GB   23 MB/s    1m1s[K[?25h[?2026l[?2026h[?25l[A[1Gpulling manifest [K
pulling 0624ba75c3ce:  81% ▕██████████████    ▏ 6.2 GB/7.7 GB   23 MB/s    1m1s[K[?25h[?2026l[?2026h[?25l[A[1Gpulling manifest [K
pulling 0624ba75c3ce:  81% ▕██████████████    ▏ 6.2 GB/7.7 GB   23 MB/s    1m1s[K[?25h[?2026l[?2026h[?25l[A[1Gpulling manifest [K
pulling 0624ba75c3ce:  81% ▕██████████████    ▏ 6.2 GB/7.7 GB   23 MB/s    1m0s[K[?25h[?2026l[?2026h[?25l[A[1Gpulling manifest [K
pulling 0624ba75c3ce:  81% ▕██████████████    ▏ 6.2 GB/7.7 GB   23 MB/s    1m0s[K[?25h[?2026l[?2026h[?25l[A[1Gpulling manifest [K
pulling 0624ba75c3ce:  81% ▕██████████████    ▏ 6.2 GB/7.7 GB   23 MB/s    1m0s[K[?25h[?2026l[?2026h[?25l[A[1Gpulling manifest [K
pulling 0624ba75c3ce:  81% ▕██████████████    ▏ 6.2 GB/7.7 GB   23 MB/s    1m0s[K[?25h[?2026l[?2026h[?25l[A[1Gpulling manifest [K
pulling 0624ba75c3ce:  81% ▕██████████████    ▏ 6.3 GB/7.7 GB   23 MB/s    1m0s[K[?25h[?2026l[?2026h[?25l[A[1Gpulling manifest [K
pulling 0624ba75c3ce:  81% ▕██████████████    ▏ 6.3 GB/7.7 GB   23 MB/s    1m0s[K[?25h[?2026l[?2026h[?25l[A[1Gpulling manifest [K
pulling 0624ba75c3ce:  81% ▕██████████████    ▏ 6.3 GB/7.7 GB   23 MB/s    1m0s[K[?25h[?2026l[?2026h[?25l[A[1Gpulling manifest [K
pulling 0624ba75c3ce:  81% ▕██████████████    ▏ 6.3 GB/7.7 GB   23 MB/s    1m0s[K[?25h[?2026l[?2026h[?25l[A[1Gpulling manifest [K
pulling 0624ba75c3ce:  81% ▕██████████████    ▏ 6.3 GB/7.7 GB   23 MB/s    1m0s[K[?25h[?2026l[?2026h[?25l[A[1Gpulling manifest [K
pulling 0624ba75c3ce:  81% ▕██████████████    ▏ 6.3 GB/7.7 GB   23 MB/s    1m0s[K[?25h[?2026l[?2026h[?25l[A[1Gpulling manifest [K
pulling 0624ba75c3ce:  81% ▕██████████████    ▏ 6.3 GB/7.7 GB   23 MB/s    1m0s[K[?25h[?2026l[?2026h[?25l[A[1Gpulling manifest [K
pulling 0624ba75c3ce:  81% ▕██████████████    ▏ 6.3 GB/7.7 GB   23 MB/s    1m0s[K[?25h[?2026l[?2026h[?25l[A[1Gpulling manifest [K
pulling 0624ba75c3ce:  81% ▕██████████████    ▏ 6.3 GB/7.7 GB   23 MB/s     59s[K[?25h[?2026l[?2026h[?25l[A[1Gpulling manifest [K
pulling 0624ba75c3ce:  81% ▕██████████████    ▏ 6.3 GB/7.7 GB   23 MB/s     59s[K[?25h[?2026l[?2026h[?25l[A[1Gpulling manifest [K
pulling 0624ba75c3ce:  81% ▕██████████████    ▏ 6.3 GB/7.7 GB   23 MB/s     59s[K[?25h[?2026l[?2026h[?25l[A[1Gpulling manifest [K
pulling 0624ba75c3ce:  82% ▕██████████████    ▏ 6.3 GB/7.7 GB   23 MB/s     59s[K[?25h[?2026l[?2026h[?25l[A[1Gpulling manifest [K
pulling 0624ba75c3ce:  82% ▕██████████████    ▏ 6.3 GB/7.7 GB   23 MB/s     59s[K[?25h[?2026l[?2026h[?25l[A[1Gpulling manifest [K
pulling 0624ba75c3ce:  82% ▕██████████████    ▏ 6.3 GB/7.7 GB   23 MB/s     59s[K[?25h[?2026l[?2026h[?25l[A[1Gpulling manifest [K
pulling 0624ba75c3ce:  82% ▕██████████████    ▏ 6.3 GB/7.7 GB   23 MB/s     59s[K[?25h[?2026l[?2026h[?25l[A[1Gpulling manifest [K
pulling 0624ba75c3ce:  82% ▕██████████████    ▏ 6.3 GB/7.7 GB   23 MB/s     59s[K[?25h[?2026l[?2026h[?25l[A[1Gpulling manifest [K
pulling 0624ba75c3ce:  82% ▕██████████████    ▏ 6.3 GB/7.7 GB   23 MB/s     59s[K[?25h[?2026l[?2026h[?25l[A[1Gpulling manifest [K
pulling 0624ba75c3ce:  82% ▕██████████████    ▏ 6.3 GB/7.7 GB   23 MB/s     59s[K[?25h[?2026l[?2026h[?25l[A[1Gpulling manifest [K
pulling 0624ba75c3ce:  82% ▕██████████████    ▏ 6.3 GB/7.7 GB   23 MB/s     59s[K[?25h[?2026l[?2026h[?25l[A[1Gpulling manifest [K
pulling 0624ba75c3ce:  82% ▕██████████████    ▏ 6.3 GB/7.7 GB   23 MB/s     59s[K[?25h[?2026l[?2026h[?25l[A[1Gpulling manifest [K
pulling 0624ba75c3ce:  82% ▕██████████████    ▏ 6.3 GB/7.7 GB   23 MB/s     59s[K[?25h[?2026l[?2026h[?25l[A[1Gpulling manifest [K
pulling 0624ba75c3ce:  82% ▕██████████████    ▏ 6.3 GB/7.7 GB   23 MB/s     59s[K[?25h[?2026l[?2026h[?25l[A[1Gpulling manifest [K
pulling 0624ba75c3ce:  82% ▕██████████████    ▏ 6.3 GB/7.7 GB   23 MB/s     59s[K[?25h[?2026l[?2026h[?25l[A[1Gpulling manifest [K
pulling 0624ba75c3ce:  82% ▕██████████████    ▏ 6.3 GB/7.7 GB   23 MB/s     59s[K[?25h[?2026l[?2026h[?25l[A[1Gpulling manifest [K
pulling 0624ba75c3ce:  82% ▕██████████████    ▏ 6.3 GB/7.7 GB   23 MB/s     59s[K[?25h[?2026l[?2026h[?25l[A[1Gpulling manifest [K
pulling 0624ba75c3ce:  82% ▕██████████████    ▏ 6.3 GB/7.7 GB   23 MB/s     59s[K[?25h[?2026l[?2026h[?25l[A[1Gpulling manifest [K
pulling 0624ba75c3ce:  82% ▕██████████████    ▏ 6.3 GB/7.7 GB   23 MB/s     59s[K[?25h[?2026l[?2026h[?25l[A[1Gpulling manifest [K
pulling 0624ba75c3ce:  82% ▕██████████████    ▏ 6.3 GB/7.7 GB   23 MB/s     58s[K[?25h[?2026l[?2026h[?25l[A[1Gpulling manifest [K
pulling 0624ba75c3ce:  82% ▕██████████████    ▏ 6.3 GB/7.7 GB   23 MB/s     59s[K[?25h[?2026l[?2026h[?25l[A[1Gpulling manifest [K
pulling 0624ba75c3ce:  82% ▕██████████████    ▏ 6.3 GB/7.7 GB   23 MB/s     59s[K[?25h[?2026l[?2026h[?25l[A[1Gpulling manifest [K
pulling 0624ba75c3ce:  82% ▕██████████████    ▏ 6.3 GB/7.7 GB   23 MB/s     59s[K[?25h[?2026l[?2026h[?25l[A[1Gpulling manifest [K
pulling 0624ba75c3ce:  82% ▕██████████████    ▏ 6.3 GB/7.7 GB   23 MB/s     59s[K[?25h[?2026l[?2026h[?25l[A[1Gpulling manifest [K
pulling 0624ba75c3ce:  82% ▕██████████████    ▏ 6.3 GB/7.7 GB   23 MB/s     59s[K[?25h[?2026l[?2026h[?25l[A[1Gpulling manifest [K
pulling 0624ba75c3ce:  82% ▕██████████████    ▏ 6.3 GB/7.7 GB   23 MB/s     58s[K[?25h[?2026l[?2026h[?25l[A[1Gpulling manifest [K
pulling 0624ba75c3ce:  82% ▕██████████████    ▏ 6.3 GB/7.7 GB   23 MB/s     58s[K[?25h[?2026l[?2026h[?25l[A[1Gpulling manifest [K
pulling 0624ba75c3ce:  82% ▕██████████████    ▏ 6.3 GB/7.7 GB   23 MB/s     58s[K[?25h[?2026l[?2026h[?25l[A[1Gpulling manifest [K
pulling 0624ba75c3ce:  82% ▕██████████████    ▏ 6.3 GB/7.7 GB   23 MB/s     58s[K[?25h[?2026l[?2026h[?25l[A[1Gpulling manifest [K
pulling 0624ba75c3ce:  82% ▕██████████████    ▏ 6.3 GB/7.7 GB   23 MB/s     58s[K[?25h[?2026l[?2026h[?25l[A[1Gpulling manifest [K
pulling 0624ba75c3ce:  82% ▕██████████████    ▏ 6.3 GB/7.7 GB   23 MB/s     58s[K[?25h[?2026l[?2026h[?25l[A[1Gpulling manifest [K
pulling 0624ba75c3ce:  82% ▕██████████████    ▏ 6.3 GB/7.7 GB   23 MB/s     58s[K[?25h[?2026l[?2026h[?25l[A[1Gpulling manifest [K
pulling 0624ba75c3ce:  82% ▕██████████████    ▏ 6.3 GB/7.7 GB   23 MB/s     58s[K[?25h[?2026l[?2026h[?25l[A[1Gpulling manifest [K
pulling 0624ba75c3ce:  82% ▕██████████████    ▏ 6.3 GB/7.7 GB   23 MB/s     58s[K[?25h[?2026l[?2026h[?25l[A[1Gpulling manifest [K
pulling 0624ba75c3ce:  82% ▕██████████████    ▏ 6.3 GB/7.7 GB   23 MB/s     58s[K[?25h[?2026l[?2026h[?25l[A[1Gpulling manifest [K
pulling 0624ba75c3ce:  82% ▕██████████████    ▏ 6.3 GB/7.7 GB   23 MB/s     58s[K[?25h[?2026l[?2026h[?25l[A[1Gpulling manifest [K
pulling 0624ba75c3ce:  83% ▕██████████████    ▏ 6.3 GB/7.7 GB   23 MB/s     58s[K[?25h[?2026l[?2026h[?25l[A[1Gpulling manifest [K
pulling 0624ba75c3ce:  83% ▕██████████████    ▏ 6.4 GB/7.7 GB   23 MB/s     57s[K[?25h[?2026l[?2026h[?25l[A[1Gpulling manifest [K
pulling 0624ba75c3ce:  83% ▕██████████████    ▏ 6.4 GB/7.7 GB   23 MB/s     57s[K[?25h[?2026l[?2026h[?25l[A[1Gpulling manifest [K
pulling 0624ba75c3ce:  83% ▕██████████████    ▏ 6.4 GB/7.7 GB   23 MB/s     57s[K[?25h[?2026l[?2026h[?25l[A[1Gpulling manifest [K
pulling 0624ba75c3ce:  83% ▕██████████████    ▏ 6.4 GB/7.7 GB   23 MB/s     57s[K[?25h[?2026l[?2026h[?25l[A[1Gpulling manifest [K
pulling 0624ba75c3ce:  83% ▕██████████████    ▏ 6.4 GB/7.7 GB   23 MB/s     57s[K[?25h[?2026l[?2026h[?25l[A[1Gpulling manifest [K
pulling 0624ba75c3ce:  83% ▕██████████████    ▏ 6.4 GB/7.7 GB   23 MB/s     57s[K[?25h[?2026l[?2026h[?25l[A[1Gpulling manifest [K
pulling 0624ba75c3ce:  83% ▕██████████████    ▏ 6.4 GB/7.7 GB   23 MB/s     57s[K[?25h[?2026l[?2026h[?25l[A[1Gpulling manifest [K
pulling 0624ba75c3ce:  83% ▕██████████████    ▏ 6.4 GB/7.7 GB   23 MB/s     57s[K[?25h[?2026l[?2026h[?25l[A[1Gpulling manifest [K
pulling 0624ba75c3ce:  83% ▕██████████████    ▏ 6.4 GB/7.7 GB   23 MB/s     57s[K[?25h[?2026l[?2026h[?25l[A[1Gpulling manifest [K
pulling 0624ba75c3ce:  83% ▕██████████████    ▏ 6.4 GB/7.7 GB   23 MB/s     57s[K[?25h[?2026l[?2026h[?25l[A[1Gpulling manifest [K
pulling 0624ba75c3ce:  83% ▕██████████████    ▏ 6.4 GB/7.7 GB   23 MB/s     57s[K[?25h[?2026l[?2026h[?25l[A[1Gpulling manifest [K
pulling 0624ba75c3ce:  83% ▕██████████████    ▏ 6.4 GB/7.7 GB   23 MB/s     57s[K[?25h[?2026l[?2026h[?25l[A[1Gpulling manifest [K
pulling 0624ba75c3ce:  83% ▕██████████████    ▏ 6.4 GB/7.7 GB   23 MB/s     57s[K[?25h[?2026l[?2026h[?25l[A[1Gpulling manifest [K
pulling 0624ba75c3ce:  83% ▕██████████████    ▏ 6.4 GB/7.7 GB   23 MB/s     56s[K[?25h[?2026l[?2026h[?25l[A[1Gpulling manifest [K
pulling 0624ba75c3ce:  83% ▕██████████████    ▏ 6.4 GB/7.7 GB   22 MB/s     57s[K[?25h[?2026l[?2026h[?25l[A[1Gpulling manifest [K
pulling 0624ba75c3ce:  83% ▕██████████████    ▏ 6.4 GB/7.7 GB   22 MB/s     56s[K[?25h[?2026l[?2026h[?25l[A[1Gpulling manifest [K
pulling 0624ba75c3ce:  83% ▕██████████████    ▏ 6.4 GB/7.7 GB   22 MB/s     56s[K[?25h[?2026l[?2026h[?25l[A[1Gpulling manifest [K
pulling 0624ba75c3ce:  83% ▕██████████████    ▏ 6.4 GB/7.7 GB   22 MB/s     56s[K[?25h[?2026l[?2026h[?25l[A[1Gpulling manifest [K
pulling 0624ba75c3ce:  83% ▕██████████████    ▏ 6.4 GB/7.7 GB   22 MB/s     56s[K[?25h[?2026l[?2026h[?25l[A[1Gpulling manifest [K
pulling 0624ba75c3ce:  83% ▕██████████████    ▏ 6.4 GB/7.7 GB   22 MB/s     56s[K[?25h[?2026l[?2026h[?25l[A[1Gpulling manifest [K
pulling 0624ba75c3ce:  83% ▕██████████████    ▏ 6.4 GB/7.7 GB   22 MB/s     56s[K[?25h[?2026l[?2026h[?25l[A[1Gpulling manifest [K
pulling 0624ba75c3ce:  83% ▕██████████████    ▏ 6.4 GB/7.7 GB   22 MB/s     56s[K[?25h[?2026l[?2026h[?25l[A[1Gpulling manifest [K
pulling 0624ba75c3ce:  83% ▕██████████████    ▏ 6.4 GB/7.7 GB   22 MB/s     56s[K[?25h[?2026l[?2026h[?25l[A[1Gpulling manifest [K
pulling 0624ba75c3ce:  83% ▕██████████████    ▏ 6.4 GB/7.7 GB   22 MB/s     56s[K[?25h[?2026l[?2026h[?25l[A[1Gpulling manifest [K
pulling 0624ba75c3ce:  83% ▕██████████████    ▏ 6.4 GB/7.7 GB   22 MB/s     56s[K[?25h[?2026l[?2026h[?25l[A[1Gpulling manifest [K
pulling 0624ba75c3ce:  83% ▕██████████████    ▏ 6.4 GB/7.7 GB   22 MB/s     56s[K[?25h[?2026l[?2026h[?25l[A[1Gpulling manifest [K
pulling 0624ba75c3ce:  83% ▕██████████████    ▏ 6.4 GB/7.7 GB   22 MB/s     55s[K[?25h[?2026l[?2026h[?25l[A[1Gpulling manifest [K
pulling 0624ba75c3ce:  83% ▕██████████████    ▏ 6.4 GB/7.7 GB   22 MB/s     55s[K[?25h[?2026l[?2026h[?25l[A[1Gpulling manifest [K
pulling 0624ba75c3ce:  83% ▕███████████████   ▏ 6.4 GB/7.7 GB   22 MB/s     55s[K[?25h[?2026l[?2026h[?25l[A[1Gpulling manifest [K
pulling 0624ba75c3ce:  83% ▕███████████████   ▏ 6.4 GB/7.7 GB   22 MB/s     55s[K[?25h[?2026l[?2026h[?25l[A[1Gpulling manifest [K
pulling 0624ba75c3ce:  83% ▕███████████████   ▏ 6.4 GB/7.7 GB   22 MB/s     55s[K[?25h[?2026l[?2026h[?25l[A[1Gpulling manifest [K
pulling 0624ba75c3ce:  83% ▕███████████████   ▏ 6.4 GB/7.7 GB   22 MB/s     55s[K[?25h[?2026l[?2026h[?25l[A[1Gpulling manifest [K
pulling 0624ba75c3ce:  83% ▕███████████████   ▏ 6.4 GB/7.7 GB   22 MB/s     55s[K[?25h[?2026l[?2026h[?25l[A[1Gpulling manifest [K
pulling 0624ba75c3ce:  83% ▕███████████████   ▏ 6.4 GB/7.7 GB   22 MB/s     55s[K[?25h[?2026l[?2026h[?25l[A[1Gpulling manifest [K
pulling 0624ba75c3ce:  84% ▕███████████████   ▏ 6.4 GB/7.7 GB   22 MB/s     55s[K[?25h[?2026l[?2026h[?25l[A[1Gpulling manifest [K
pulling 0624ba75c3ce:  84% ▕███████████████   ▏ 6.4 GB/7.7 GB   22 MB/s     55s[K[?25h[?2026l[?2026h[?25l[A[1Gpulling manifest [K
pulling 0624ba75c3ce:  84% ▕███████████████   ▏ 6.4 GB/7.7 GB   22 MB/s     55s[K[?25h[?2026l[?2026h[?25l[A[1Gpulling manifest [K
pulling 0624ba75c3ce:  84% ▕███████████████   ▏ 6.4 GB/7.7 GB   22 MB/s     54s[K[?25h[?2026l[?2026h[?25l[A[1Gpulling manifest [K
pulling 0624ba75c3ce:  84% ▕███████████████   ▏ 6.4 GB/7.7 GB   22 MB/s     54s[K[?25h[?2026l[?2026h[?25l[A[1Gpulling manifest [K
pulling 0624ba75c3ce:  84% ▕███████████████   ▏ 6.4 GB/7.7 GB   22 MB/s     54s[K[?25h[?2026l[?2026h[?25l[A[1Gpulling manifest [K
pulling 0624ba75c3ce:  84% ▕███████████████   ▏ 6.4 GB/7.7 GB   22 MB/s     54s[K[?25h[?2026l[?2026h[?25l[A[1Gpulling manifest [K
pulling 0624ba75c3ce:  84% ▕███████████████   ▏ 6.4 GB/7.7 GB   22 MB/s     54s[K[?25h[?2026l[?2026h[?25l[A[1Gpulling manifest [K
pulling 0624ba75c3ce:  84% ▕███████████████   ▏ 6.4 GB/7.7 GB   22 MB/s     54s[K[?25h[?2026l[?2026h[?25l[A[1Gpulling manifest [K
pulling 0624ba75c3ce:  84% ▕███████████████   ▏ 6.4 GB/7.7 GB   22 MB/s     54s[K[?25h[?2026l[?2026h[?25l[A[1Gpulling manifest [K
pulling 0624ba75c3ce:  84% ▕███████████████   ▏ 6.5 GB/7.7 GB   22 MB/s     54s[K[?25h[?2026l[?2026h[?25l[A[1Gpulling manifest [K
pulling 0624ba75c3ce:  84% ▕███████████████   ▏ 6.5 GB/7.7 GB   22 MB/s     54s[K[?25h[?2026l[?2026h[?25l[A[1Gpulling manifest [K
pulling 0624ba75c3ce:  84% ▕███████████████   ▏ 6.5 GB/7.7 GB   22 MB/s     54s[K[?25h[?2026l[?2026h[?25l[A[1Gpulling manifest [K
pulling 0624ba75c3ce:  84% ▕███████████████   ▏ 6.5 GB/7.7 GB   22 MB/s     54s[K[?25h[?2026l[?2026h[?25l[A[1Gpulling manifest [K
pulling 0624ba75c3ce:  84% ▕███████████████   ▏ 6.5 GB/7.7 GB   22 MB/s     53s[K[?25h[?2026l[?2026h[?25l[A[1Gpulling manifest [K
pulling 0624ba75c3ce:  84% ▕███████████████   ▏ 6.5 GB/7.7 GB   22 MB/s     53s[K[?25h[?2026l[?2026h[?25l[A[1Gpulling manifest [K
pulling 0624ba75c3ce:  84% ▕███████████████   ▏ 6.5 GB/7.7 GB   22 MB/s     53s[K[?25h[?2026l[?2026h[?25l[A[1Gpulling manifest [K
pulling 0624ba75c3ce:  84% ▕███████████████   ▏ 6.5 GB/7.7 GB   22 MB/s     53s[K[?25h[?2026l[?2026h[?25l[A[1Gpulling manifest [K
pulling 0624ba75c3ce:  84% ▕███████████████   ▏ 6.5 GB/7.7 GB   22 MB/s     53s[K[?25h[?2026l[?2026h[?25l[A[1Gpulling manifest [K
pulling 0624ba75c3ce:  84% ▕███████████████   ▏ 6.5 GB/7.7 GB   22 MB/s     53s[K[?25h[?2026l[?2026h[?25l[A[1Gpulling manifest [K
pulling 0624ba75c3ce:  84% ▕███████████████   ▏ 6.5 GB/7.7 GB   22 MB/s     53s[K[?25h[?2026l[?2026h[?25l[A[1Gpulling manifest [K
pulling 0624ba75c3ce:  84% ▕███████████████   ▏ 6.5 GB/7.7 GB   22 MB/s     53s[K[?25h[?2026l[?2026h[?25l[A[1Gpulling manifest [K
pulling 0624ba75c3ce:  84% ▕███████████████   ▏ 6.5 GB/7.7 GB   22 MB/s     53s[K[?25h[?2026l[?2026h[?25l[A[1Gpulling manifest [K
pulling 0624ba75c3ce:  84% ▕███████████████   ▏ 6.5 GB/7.7 GB   22 MB/s     53s[K[?25h[?2026l[?2026h[?25l[A[1Gpulling manifest [K
pulling 0624ba75c3ce:  84% ▕███████████████   ▏ 6.5 GB/7.7 GB   22 MB/s     53s[K[?25h[?2026l[?2026h[?25l[A[1Gpulling manifest [K
pulling 0624ba75c3ce:  84% ▕███████████████   ▏ 6.5 GB/7.7 GB   22 MB/s     53s[K[?25h[?2026l[?2026h[?25l[A[1Gpulling manifest [K
pulling 0624ba75c3ce:  84% ▕███████████████   ▏ 6.5 GB/7.7 GB   22 MB/s     52s[K[?25h[?2026l[?2026h[?25l[A[1Gpulling manifest [K
pulling 0624ba75c3ce:  84% ▕███████████████   ▏ 6.5 GB/7.7 GB   22 MB/s     52s[K[?25h[?2026l[?2026h[?25l[A[1Gpulling manifest [K
pulling 0624ba75c3ce:  84% ▕███████████████   ▏ 6.5 GB/7.7 GB   22 MB/s     52s[K[?25h[?2026l[?2026h[?25l[A[1Gpulling manifest [K
pulling 0624ba75c3ce:  84% ▕███████████████   ▏ 6.5 GB/7.7 GB   22 MB/s     52s[K[?25h[?2026l[?2026h[?25l[A[1Gpulling manifest [K
pulling 0624ba75c3ce:  84% ▕███████████████   ▏ 6.5 GB/7.7 GB   22 MB/s     52s[K[?25h[?2026l[?2026h[?25l[A[1Gpulling manifest [K
pulling 0624ba75c3ce:  84% ▕███████████████   ▏ 6.5 GB/7.7 GB   23 MB/s     51s[K[?25h[?2026l[?2026h[?25l[A[1Gpulling manifest [K
pulling 0624ba75c3ce:  84% ▕███████████████   ▏ 6.5 GB/7.7 GB   23 MB/s     51s[K[?25h[?2026l[?2026h[?25l[A[1Gpulling manifest [K
pulling 0624ba75c3ce:  85% ▕███████████████   ▏ 6.5 GB/7.7 GB   23 MB/s     51s[K[?25h[?2026l[?2026h[?25l[A[1Gpulling manifest [K
pulling 0624ba75c3ce:  85% ▕███████████████   ▏ 6.5 GB/7.7 GB   23 MB/s     51s[K[?25h[?2026l[?2026h[?25l[A[1Gpulling manifest [K
pulling 0624ba75c3ce:  85% ▕███████████████   ▏ 6.5 GB/7.7 GB   23 MB/s     51s[K[?25h[?2026l[?2026h[?25l[A[1Gpulling manifest [K
pulling 0624ba75c3ce:  85% ▕███████████████   ▏ 6.5 GB/7.7 GB   23 MB/s     51s[K[?25h[?2026l[?2026h[?25l[A[1Gpulling manifest [K
pulling 0624ba75c3ce:  85% ▕███████████████   ▏ 6.5 GB/7.7 GB   23 MB/s     51s[K[?25h[?2026l[?2026h[?25l[A[1Gpulling manifest [K
pulling 0624ba75c3ce:  85% ▕███████████████   ▏ 6.5 GB/7.7 GB   23 MB/s     51s[K[?25h[?2026l[?2026h[?25l[A[1Gpulling manifest [K
pulling 0624ba75c3ce:  85% ▕███████████████   ▏ 6.5 GB/7.7 GB   23 MB/s     51s[K[?25h[?2026l[?2026h[?25l[A[1Gpulling manifest [K
pulling 0624ba75c3ce:  85% ▕███████████████   ▏ 6.5 GB/7.7 GB   23 MB/s     50s[K[?25h[?2026l[?2026h[?25l[A[1Gpulling manifest [K
pulling 0624ba75c3ce:  85% ▕███████████████   ▏ 6.5 GB/7.7 GB   23 MB/s     50s[K[?25h[?2026l[?2026h[?25l[A[1Gpulling manifest [K
pulling 0624ba75c3ce:  85% ▕███████████████   ▏ 6.5 GB/7.7 GB   23 MB/s     50s[K[?25h[?2026l[?2026h[?25l[A[1Gpulling manifest [K
pulling 0624ba75c3ce:  85% ▕███████████████   ▏ 6.5 GB/7.7 GB   23 MB/s     50s[K[?25h[?2026l[?2026h[?25l[A[1Gpulling manifest [K
pulling 0624ba75c3ce:  85% ▕███████████████   ▏ 6.5 GB/7.7 GB   23 MB/s     49s[K[?25h[?2026l[?2026h[?25l[A[1Gpulling manifest [K
pulling 0624ba75c3ce:  85% ▕███████████████   ▏ 6.5 GB/7.7 GB   23 MB/s     49s[K[?25h[?2026l[?2026h[?25l[A[1Gpulling manifest [K
pulling 0624ba75c3ce:  85% ▕███████████████   ▏ 6.5 GB/7.7 GB   23 MB/s     49s[K[?25h[?2026l[?2026h[?25l[A[1Gpulling manifest [K
pulling 0624ba75c3ce:  85% ▕███████████████   ▏ 6.5 GB/7.7 GB   23 MB/s     49s[K[?25h[?2026l[?2026h[?25l[A[1Gpulling manifest [K
pulling 0624ba75c3ce:  85% ▕███████████████   ▏ 6.5 GB/7.7 GB   23 MB/s     49s[K[?25h[?2026l[?2026h[?25l[A[1Gpulling manifest [K
pulling 0624ba75c3ce:  85% ▕███████████████   ▏ 6.5 GB/7.7 GB   23 MB/s     49s[K[?25h[?2026l[?2026h[?25l[A[1Gpulling manifest [K
pulling 0624ba75c3ce:  85% ▕███████████████   ▏ 6.5 GB/7.7 GB   23 MB/s     49s[K[?25h[?2026l[?2026h[?25l[A[1Gpulling manifest [K
pulling 0624ba75c3ce:  85% ▕███████████████   ▏ 6.5 GB/7.7 GB   23 MB/s     49s[K[?25h[?2026l[?2026h[?25l[A[1Gpulling manifest [K
pulling 0624ba75c3ce:  85% ▕███████████████   ▏ 6.5 GB/7.7 GB   23 MB/s     48s[K[?25h[?2026l[?2026h[?25l[A[1Gpulling manifest [K
pulling 0624ba75c3ce:  85% ▕███████████████   ▏ 6.6 GB/7.7 GB   23 MB/s     48s[K[?25h[?2026l[?2026h[?25l[A[1Gpulling manifest [K
pulling 0624ba75c3ce:  85% ▕███████████████   ▏ 6.6 GB/7.7 GB   23 MB/s     48s[K[?25h[?2026l[?2026h[?25l[A[1Gpulling manifest [K
pulling 0624ba75c3ce:  85% ▕███████████████   ▏ 6.6 GB/7.7 GB   23 MB/s     48s[K[?25h[?2026l[?2026h[?25l[A[1Gpulling manifest [K
pulling 0624ba75c3ce:  85% ▕███████████████   ▏ 6.6 GB/7.7 GB   23 MB/s     48s[K[?25h[?2026l[?2026h[?25l[A[1Gpulling manifest [K
pulling 0624ba75c3ce:  85% ▕███████████████   ▏ 6.6 GB/7.7 GB   23 MB/s     48s[K[?25h[?2026l[?2026h[?25l[A[1Gpulling manifest [K
pulling 0624ba75c3ce:  85% ▕███████████████   ▏ 6.6 GB/7.7 GB   23 MB/s     48s[K[?25h[?2026l[?2026h[?25l[A[1Gpulling manifest [K
pulling 0624ba75c3ce:  85% ▕███████████████   ▏ 6.6 GB/7.7 GB   23 MB/s     48s[K[?25h[?2026l[?2026h[?25l[A[1Gpulling manifest [K
pulling 0624ba75c3ce:  85% ▕███████████████   ▏ 6.6 GB/7.7 GB   23 MB/s     48s[K[?25h[?2026l[?2026h[?25l[A[1Gpulling manifest [K
pulling 0624ba75c3ce:  85% ▕███████████████   ▏ 6.6 GB/7.7 GB   23 MB/s     47s[K[?25h[?2026l[?2026h[?25l[A[1Gpulling manifest [K
pulling 0624ba75c3ce:  85% ▕███████████████   ▏ 6.6 GB/7.7 GB   23 MB/s     47s[K[?25h[?2026l[?2026h[?25l[A[1Gpulling manifest [K
pulling 0624ba75c3ce:  85% ▕███████████████   ▏ 6.6 GB/7.7 GB   23 MB/s     47s[K[?25h[?2026l[?2026h[?25l[A[1Gpulling manifest [K
pulling 0624ba75c3ce:  85% ▕███████████████   ▏ 6.6 GB/7.7 GB   23 MB/s     47s[K[?25h[?2026l[?2026h[?25l[A[1Gpulling manifest [K
pulling 0624ba75c3ce:  86% ▕███████████████   ▏ 6.6 GB/7.7 GB   23 MB/s     47s[K[?25h[?2026l[?2026h[?25l[A[1Gpulling manifest [K
pulling 0624ba75c3ce:  86% ▕███████████████   ▏ 6.6 GB/7.7 GB   23 MB/s     47s[K[?25h[?2026l[?2026h[?25l[A[1Gpulling manifest [K
pulling 0624ba75c3ce:  86% ▕███████████████   ▏ 6.6 GB/7.7 GB   23 MB/s     47s[K[?25h[?2026l[?2026h[?25l[A[1Gpulling manifest [K
pulling 0624ba75c3ce:  86% ▕███████████████   ▏ 6.6 GB/7.7 GB   23 MB/s     47s[K[?25h[?2026l[?2026h[?25l[A[1Gpulling manifest [K
pulling 0624ba75c3ce:  86% ▕███████████████   ▏ 6.6 GB/7.7 GB   23 MB/s     47s[K[?25h[?2026l[?2026h[?25l[A[1Gpulling manifest [K
pulling 0624ba75c3ce:  86% ▕███████████████   ▏ 6.6 GB/7.7 GB   23 MB/s     47s[K[?25h[?2026l[?2026h[?25l[A[1Gpulling manifest [K
pulling 0624ba75c3ce:  86% ▕███████████████   ▏ 6.6 GB/7.7 GB   23 MB/s     46s[K[?25h[?2026l[?2026h[?25l[A[1Gpulling manifest [K
pulling 0624ba75c3ce:  86% ▕███████████████   ▏ 6.6 GB/7.7 GB   23 MB/s     46s[K[?25h[?2026l[?2026h[?25l[A[1Gpulling manifest [K
pulling 0624ba75c3ce:  86% ▕███████████████   ▏ 6.6 GB/7.7 GB   23 MB/s     46s[K[?25h[?2026l[?2026h[?25l[A[1Gpulling manifest [K
pulling 0624ba75c3ce:  86% ▕███████████████   ▏ 6.6 GB/7.7 GB   23 MB/s     46s[K[?25h[?2026l[?2026h[?25l[A[1Gpulling manifest [K
pulling 0624ba75c3ce:  86% ▕███████████████   ▏ 6.6 GB/7.7 GB   23 MB/s     46s[K[?25h[?2026l[?2026h[?25l[A[1Gpulling manifest [K
pulling 0624ba75c3ce:  86% ▕███████████████   ▏ 6.6 GB/7.7 GB   23 MB/s     46s[K[?25h[?2026l[?2026h[?25l[A[1Gpulling manifest [K
pulling 0624ba75c3ce:  86% ▕███████████████   ▏ 6.6 GB/7.7 GB   23 MB/s     46s[K[?25h[?2026l[?2026h[?25l[A[1Gpulling manifest [K
pulling 0624ba75c3ce:  86% ▕███████████████   ▏ 6.6 GB/7.7 GB   23 MB/s     46s[K[?25h[?2026l[?2026h[?25l[A[1Gpulling manifest [K
pulling 0624ba75c3ce:  86% ▕███████████████   ▏ 6.6 GB/7.7 GB   23 MB/s     45s[K[?25h[?2026l[?2026h[?25l[A[1Gpulling manifest [K
pulling 0624ba75c3ce:  86% ▕███████████████   ▏ 6.6 GB/7.7 GB   23 MB/s     45s[K[?25h[?2026l[?2026h[?25l[A[1Gpulling manifest [K
pulling 0624ba75c3ce:  86% ▕███████████████   ▏ 6.6 GB/7.7 GB   23 MB/s     45s[K[?25h[?2026l[?2026h[?25l[A[1Gpulling manifest [K
pulling 0624ba75c3ce:  86% ▕███████████████   ▏ 6.6 GB/7.7 GB   23 MB/s     45s[K[?25h[?2026l[?2026h[?25l[A[1Gpulling manifest [K
pulling 0624ba75c3ce:  86% ▕███████████████   ▏ 6.6 GB/7.7 GB   23 MB/s     45s[K[?25h[?2026l[?2026h[?25l[A[1Gpulling manifest [K
pulling 0624ba75c3ce:  86% ▕███████████████   ▏ 6.6 GB/7.7 GB   23 MB/s     45s[K[?25h[?2026l[?2026h[?25l[A[1Gpulling manifest [K
pulling 0624ba75c3ce:  86% ▕███████████████   ▏ 6.6 GB/7.7 GB   23 MB/s     45s[K[?25h[?2026l[?2026h[?25l[A[1Gpulling manifest [K
pulling 0624ba75c3ce:  86% ▕███████████████   ▏ 6.6 GB/7.7 GB   23 MB/s     45s[K[?25h[?2026l[?2026h[?25l[A[1Gpulling manifest [K
pulling 0624ba75c3ce:  86% ▕███████████████   ▏ 6.6 GB/7.7 GB   23 MB/s     44s[K[?25h[?2026l[?2026h[?25l[A[1Gpulling manifest [K
pulling 0624ba75c3ce:  86% ▕███████████████   ▏ 6.6 GB/7.7 GB   23 MB/s     44s[K[?25h[?2026l[?2026h[?25l[A[1Gpulling manifest [K
pulling 0624ba75c3ce:  86% ▕███████████████   ▏ 6.6 GB/7.7 GB   23 MB/s     44s[K[?25h[?2026l[?2026h[?25l[A[1Gpulling manifest [K
pulling 0624ba75c3ce:  86% ▕███████████████   ▏ 6.6 GB/7.7 GB   23 MB/s     44s[K[?25h[?2026l[?2026h[?25l[A[1Gpulling manifest [K
pulling 0624ba75c3ce:  86% ▕███████████████   ▏ 6.6 GB/7.7 GB   23 MB/s     44s[K[?25h[?2026l[?2026h[?25l[A[1Gpulling manifest [K
pulling 0624ba75c3ce:  86% ▕███████████████   ▏ 6.6 GB/7.7 GB   23 MB/s     44s[K[?25h[?2026l[?2026h[?25l[A[1Gpulling manifest [K
pulling 0624ba75c3ce:  86% ▕███████████████   ▏ 6.6 GB/7.7 GB   23 MB/s     44s[K[?25h[?2026l[?2026h[?25l[A[1Gpulling manifest [K
pulling 0624ba75c3ce:  86% ▕███████████████   ▏ 6.6 GB/7.7 GB   23 MB/s     44s[K[?25h[?2026l[?2026h[?25l[A[1Gpulling manifest [K
pulling 0624ba75c3ce:  86% ▕███████████████   ▏ 6.7 GB/7.7 GB   23 MB/s     44s[K[?25h[?2026l[?2026h[?25l[A[1Gpulling manifest [K
pulling 0624ba75c3ce:  86% ▕███████████████   ▏ 6.7 GB/7.7 GB   23 MB/s     43s[K[?25h[?2026l[?2026h[?25l[A[1Gpulling manifest [K
pulling 0624ba75c3ce:  86% ▕███████████████   ▏ 6.7 GB/7.7 GB   23 MB/s     43s[K[?25h[?2026l[?2026h[?25l[A[1Gpulling manifest [K
pulling 0624ba75c3ce:  86% ▕███████████████   ▏ 6.7 GB/7.7 GB   23 MB/s     43s[K[?25h[?2026l[?2026h[?25l[A[1Gpulling manifest [K
pulling 0624ba75c3ce:  86% ▕███████████████   ▏ 6.7 GB/7.7 GB   23 MB/s     43s[K[?25h[?2026l[?2026h[?25l[A[1Gpulling manifest [K
pulling 0624ba75c3ce:  87% ▕███████████████   ▏ 6.7 GB/7.7 GB   23 MB/s     43s[K[?25h[?2026l[?2026h[?25l[A[1Gpulling manifest [K
pulling 0624ba75c3ce:  87% ▕███████████████   ▏ 6.7 GB/7.7 GB   23 MB/s     43s[K[?25h[?2026l[?2026h[?25l[A[1Gpulling manifest [K
pulling 0624ba75c3ce:  87% ▕███████████████   ▏ 6.7 GB/7.7 GB   23 MB/s     43s[K[?25h[?2026l[?2026h[?25l[A[1Gpulling manifest [K
pulling 0624ba75c3ce:  87% ▕███████████████   ▏ 6.7 GB/7.7 GB   23 MB/s     43s[K[?25h[?2026l[?2026h[?25l[A[1Gpulling manifest [K
pulling 0624ba75c3ce:  87% ▕███████████████   ▏ 6.7 GB/7.7 GB   23 MB/s     43s[K[?25h[?2026l[?2026h[?25l[A[1Gpulling manifest [K
pulling 0624ba75c3ce:  87% ▕███████████████   ▏ 6.7 GB/7.7 GB   23 MB/s     42s[K[?25h[?2026l[?2026h[?25l[A[1Gpulling manifest [K
pulling 0624ba75c3ce:  87% ▕███████████████   ▏ 6.7 GB/7.7 GB   23 MB/s     42s[K[?25h[?2026l[?2026h[?25l[A[1Gpulling manifest [K
pulling 0624ba75c3ce:  87% ▕███████████████   ▏ 6.7 GB/7.7 GB   23 MB/s     42s[K[?25h[?2026l[?2026h[?25l[A[1Gpulling manifest [K
pulling 0624ba75c3ce:  87% ▕███████████████   ▏ 6.7 GB/7.7 GB   23 MB/s     42s[K[?25h[?2026l[?2026h[?25l[A[1Gpulling manifest [K
pulling 0624ba75c3ce:  87% ▕███████████████   ▏ 6.7 GB/7.7 GB   23 MB/s     42s[K[?25h[?2026l[?2026h[?25l[A[1Gpulling manifest [K
pulling 0624ba75c3ce:  87% ▕███████████████   ▏ 6.7 GB/7.7 GB   23 MB/s     42s[K[?25h[?2026l[?2026h[?25l[A[1Gpulling manifest [K
pulling 0624ba75c3ce:  87% ▕███████████████   ▏ 6.7 GB/7.7 GB   23 MB/s     42s[K[?25h[?2026l[?2026h[?25l[A[1Gpulling manifest [K
pulling 0624ba75c3ce:  87% ▕███████████████   ▏ 6.7 GB/7.7 GB   23 MB/s     42s[K[?25h[?2026l[?2026h[?25l[A[1Gpulling manifest [K
pulling 0624ba75c3ce:  87% ▕███████████████   ▏ 6.7 GB/7.7 GB   23 MB/s     42s[K[?25h[?2026l[?2026h[?25l[A[1Gpulling manifest [K
pulling 0624ba75c3ce:  87% ▕███████████████   ▏ 6.7 GB/7.7 GB   23 MB/s     42s[K[?25h[?2026l[?2026h[?25l[A[1Gpulling manifest [K
pulling 0624ba75c3ce:  87% ▕███████████████   ▏ 6.7 GB/7.7 GB   23 MB/s     41s[K[?25h[?2026l[?2026h[?25l[A[1Gpulling manifest [K
pulling 0624ba75c3ce:  87% ▕███████████████   ▏ 6.7 GB/7.7 GB   23 MB/s     41s[K[?25h[?2026l[?2026h[?25l[A[1Gpulling manifest [K
pulling 0624ba75c3ce:  87% ▕███████████████   ▏ 6.7 GB/7.7 GB   23 MB/s     41s[K[?25h[?2026l[?2026h[?25l[A[1Gpulling manifest [K
pulling 0624ba75c3ce:  87% ▕███████████████   ▏ 6.7 GB/7.7 GB   23 MB/s     41s[K[?25h[?2026l[?2026h[?25l[A[1Gpulling manifest [K
pulling 0624ba75c3ce:  87% ▕███████████████   ▏ 6.7 GB/7.7 GB   23 MB/s     41s[K[?25h[?2026l[?2026h[?25l[A[1Gpulling manifest [K
pulling 0624ba75c3ce:  87% ▕███████████████   ▏ 6.7 GB/7.7 GB   23 MB/s     41s[K[?25h[?2026l[?2026h[?25l[A[1Gpulling manifest [K
pulling 0624ba75c3ce:  87% ▕███████████████   ▏ 6.7 GB/7.7 GB   23 MB/s     41s[K[?25h[?2026l[?2026h[?25l[A[1Gpulling manifest [K
pulling 0624ba75c3ce:  87% ▕███████████████   ▏ 6.7 GB/7.7 GB   23 MB/s     41s[K[?25h[?2026l[?2026h[?25l[A[1Gpulling manifest [K
pulling 0624ba75c3ce:  87% ▕███████████████   ▏ 6.7 GB/7.7 GB   23 MB/s     41s[K[?25h[?2026l[?2026h[?25l[A[1Gpulling manifest [K
pulling 0624ba75c3ce:  87% ▕███████████████   ▏ 6.7 GB/7.7 GB   23 MB/s     41s[K[?25h[?2026l[?2026h[?25l[A[1Gpulling manifest [K
pulling 0624ba75c3ce:  87% ▕███████████████   ▏ 6.7 GB/7.7 GB   23 MB/s     40s[K[?25h[?2026l[?2026h[?25l[A[1Gpulling manifest [K
pulling 0624ba75c3ce:  87% ▕███████████████   ▏ 6.7 GB/7.7 GB   23 MB/s     40s[K[?25h[?2026l[?2026h[?25l[A[1Gpulling manifest [K
pulling 0624ba75c3ce:  87% ▕███████████████   ▏ 6.7 GB/7.7 GB   23 MB/s     40s[K[?25h[?2026l[?2026h[?25l[A[1Gpulling manifest [K
pulling 0624ba75c3ce:  87% ▕███████████████   ▏ 6.7 GB/7.7 GB   23 MB/s     40s[K[?25h[?2026l[?2026h[?25l[A[1Gpulling manifest [K
pulling 0624ba75c3ce:  87% ▕███████████████   ▏ 6.7 GB/7.7 GB   23 MB/s     40s[K[?25h[?2026l[?2026h[?25l[A[1Gpulling manifest [K
pulling 0624ba75c3ce:  87% ▕███████████████   ▏ 6.7 GB/7.7 GB   23 MB/s     40s[K[?25h[?2026l[?2026h[?25l[A[1Gpulling manifest [K
pulling 0624ba75c3ce:  87% ▕███████████████   ▏ 6.7 GB/7.7 GB   23 MB/s     40s[K[?25h[?2026l[?2026h[?25l[A[1Gpulling manifest [K
pulling 0624ba75c3ce:  88% ▕███████████████   ▏ 6.7 GB/7.7 GB   23 MB/s     40s[K[?25h[?2026l[?2026h[?25l[A[1Gpulling manifest [K
pulling 0624ba75c3ce:  88% ▕███████████████   ▏ 6.7 GB/7.7 GB   23 MB/s     40s[K[?25h[?2026l[?2026h[?25l[A[1Gpulling manifest [K
pulling 0624ba75c3ce:  88% ▕███████████████   ▏ 6.7 GB/7.7 GB   23 MB/s     40s[K[?25h[?2026l[?2026h[?25l[A[1Gpulling manifest [K
pulling 0624ba75c3ce:  88% ▕███████████████   ▏ 6.7 GB/7.7 GB   23 MB/s     40s[K[?25h[?2026l[?2026h[?25l[A[1Gpulling manifest [K
pulling 0624ba75c3ce:  88% ▕███████████████   ▏ 6.7 GB/7.7 GB   23 MB/s     40s[K[?25h[?2026l[?2026h[?25l[A[1Gpulling manifest [K
pulling 0624ba75c3ce:  88% ▕███████████████   ▏ 6.7 GB/7.7 GB   23 MB/s     39s[K[?25h[?2026l[?2026h[?25l[A[1Gpulling manifest [K
pulling 0624ba75c3ce:  88% ▕███████████████   ▏ 6.7 GB/7.7 GB   23 MB/s     39s[K[?25h[?2026l[?2026h[?25l[A[1Gpulling manifest [K
pulling 0624ba75c3ce:  88% ▕███████████████   ▏ 6.8 GB/7.7 GB   23 MB/s     39s[K[?25h[?2026l[?2026h[?25l[A[1Gpulling manifest [K
pulling 0624ba75c3ce:  88% ▕███████████████   ▏ 6.8 GB/7.7 GB   23 MB/s     39s[K[?25h[?2026l[?2026h[?25l[A[1Gpulling manifest [K
pulling 0624ba75c3ce:  88% ▕███████████████   ▏ 6.8 GB/7.7 GB   23 MB/s     39s[K[?25h[?2026l[?2026h[?25l[A[1Gpulling manifest [K
pulling 0624ba75c3ce:  88% ▕███████████████   ▏ 6.8 GB/7.7 GB   23 MB/s     39s[K[?25h[?2026l[?2026h[?25l[A[1Gpulling manifest [K
pulling 0624ba75c3ce:  88% ▕███████████████   ▏ 6.8 GB/7.7 GB   23 MB/s     39s[K[?25h[?2026l[?2026h[?25l[A[1Gpulling manifest [K
pulling 0624ba75c3ce:  88% ▕███████████████   ▏ 6.8 GB/7.7 GB   23 MB/s     39s[K[?25h[?2026l[?2026h[?25l[A[1Gpulling manifest [K
pulling 0624ba75c3ce:  88% ▕███████████████   ▏ 6.8 GB/7.7 GB   23 MB/s     39s[K[?25h[?2026l[?2026h[?25l[A[1Gpulling manifest [K
pulling 0624ba75c3ce:  88% ▕███████████████   ▏ 6.8 GB/7.7 GB   23 MB/s     39s[K[?25h[?2026l[?2026h[?25l[A[1Gpulling manifest [K
pulling 0624ba75c3ce:  88% ▕███████████████   ▏ 6.8 GB/7.7 GB   23 MB/s     39s[K[?25h[?2026l[?2026h[?25l[A[1Gpulling manifest [K
pulling 0624ba75c3ce:  88% ▕███████████████   ▏ 6.8 GB/7.7 GB   23 MB/s     38s[K[?25h[?2026l[?2026h[?25l[A[1Gpulling manifest [K
pulling 0624ba75c3ce:  88% ▕███████████████   ▏ 6.8 GB/7.7 GB   23 MB/s     38s[K[?25h[?2026l[?2026h[?25l[A[1Gpulling manifest [K
pulling 0624ba75c3ce:  88% ▕███████████████   ▏ 6.8 GB/7.7 GB   23 MB/s     38s[K[?25h[?2026l[?2026h[?25l[A[1Gpulling manifest [K
pulling 0624ba75c3ce:  88% ▕███████████████   ▏ 6.8 GB/7.7 GB   23 MB/s     38s[K[?25h[?2026l[?2026h[?25l[A[1Gpulling manifest [K
pulling 0624ba75c3ce:  88% ▕███████████████   ▏ 6.8 GB/7.7 GB   23 MB/s     38s[K[?25h[?2026l[?2026h[?25l[A[1Gpulling manifest [K
pulling 0624ba75c3ce:  88% ▕███████████████   ▏ 6.8 GB/7.7 GB   23 MB/s     38s[K[?25h[?2026l[?2026h[?25l[A[1Gpulling manifest [K
pulling 0624ba75c3ce:  88% ▕███████████████   ▏ 6.8 GB/7.7 GB   23 MB/s     38s[K[?25h[?2026l[?2026h[?25l[A[1Gpulling manifest [K
pulling 0624ba75c3ce:  88% ▕███████████████   ▏ 6.8 GB/7.7 GB   23 MB/s     38s[K[?25h[?2026l[?2026h[?25l[A[1Gpulling manifest [K
pulling 0624ba75c3ce:  88% ▕███████████████   ▏ 6.8 GB/7.7 GB   23 MB/s     38s[K[?25h[?2026l[?2026h[?25l[A[1Gpulling manifest [K
pulling 0624ba75c3ce:  88% ▕███████████████   ▏ 6.8 GB/7.7 GB   23 MB/s     38s[K[?25h[?2026l[?2026h[?25l[A[1Gpulling manifest [K
pulling 0624ba75c3ce:  88% ▕███████████████   ▏ 6.8 GB/7.7 GB   23 MB/s     38s[K[?25h[?2026l[?2026h[?25l[A[1Gpulling manifest [K
pulling 0624ba75c3ce:  88% ▕███████████████   ▏ 6.8 GB/7.7 GB   23 MB/s     38s[K[?25h[?2026l[?2026h[?25l[A[1Gpulling manifest [K
pulling 0624ba75c3ce:  88% ▕███████████████   ▏ 6.8 GB/7.7 GB   23 MB/s     37s[K[?25h[?2026l[?2026h[?25l[A[1Gpulling manifest [K
pulling 0624ba75c3ce:  88% ▕███████████████   ▏ 6.8 GB/7.7 GB   23 MB/s     37s[K[?25h[?2026l[?2026h[?25l[A[1Gpulling manifest [K
pulling 0624ba75c3ce:  88% ▕███████████████   ▏ 6.8 GB/7.7 GB   23 MB/s     37s[K[?25h[?2026l[?2026h[?25l[A[1Gpulling manifest [K
pulling 0624ba75c3ce:  88% ▕███████████████   ▏ 6.8 GB/7.7 GB   23 MB/s     37s[K[?25h[?2026l[?2026h[?25l[A[1Gpulling manifest [K
pulling 0624ba75c3ce:  88% ▕███████████████   ▏ 6.8 GB/7.7 GB   23 MB/s     37s[K[?25h[?2026l[?2026h[?25l[A[1Gpulling manifest [K
pulling 0624ba75c3ce:  89% ▕███████████████   ▏ 6.8 GB/7.7 GB   23 MB/s     37s[K[?25h[?2026l[?2026h[?25l[A[1Gpulling manifest [K
pulling 0624ba75c3ce:  89% ▕███████████████   ▏ 6.8 GB/7.7 GB   23 MB/s     37s[K[?25h[?2026l[?2026h[?25l[A[1Gpulling manifest [K
pulling 0624ba75c3ce:  89% ▕███████████████   ▏ 6.8 GB/7.7 GB   23 MB/s     37s[K[?25h[?2026l[?2026h[?25l[A[1Gpulling manifest [K
pulling 0624ba75c3ce:  89% ▕███████████████   ▏ 6.8 GB/7.7 GB   23 MB/s     37s[K[?25h[?2026l[?2026h[?25l[A[1Gpulling manifest [K
pulling 0624ba75c3ce:  89% ▕███████████████   ▏ 6.8 GB/7.7 GB   23 MB/s     37s[K[?25h[?2026l[?2026h[?25l[A[1Gpulling manifest [K
pulling 0624ba75c3ce:  89% ▕███████████████   ▏ 6.8 GB/7.7 GB   23 MB/s     36s[K[?25h[?2026l[?2026h[?25l[A[1Gpulling manifest [K
pulling 0624ba75c3ce:  89% ▕███████████████   ▏ 6.8 GB/7.7 GB   23 MB/s     36s[K[?25h[?2026l[?2026h[?25l[A[1Gpulling manifest [K
pulling 0624ba75c3ce:  89% ▕███████████████   ▏ 6.8 GB/7.7 GB   23 MB/s     36s[K[?25h[?2026l[?2026h[?25l[A[1Gpulling manifest [K
pulling 0624ba75c3ce:  89% ▕███████████████   ▏ 6.8 GB/7.7 GB   23 MB/s     36s[K[?25h[?2026l[?2026h[?25l[A[1Gpulling manifest [K
pulling 0624ba75c3ce:  89% ▕███████████████   ▏ 6.8 GB/7.7 GB   23 MB/s     36s[K[?25h[?2026l[?2026h[?25l[A[1Gpulling manifest [K
pulling 0624ba75c3ce:  89% ▕███████████████   ▏ 6.8 GB/7.7 GB   23 MB/s     36s[K[?25h[?2026l[?2026h[?25l[A[1Gpulling manifest [K
pulling 0624ba75c3ce:  89% ▕███████████████   ▏ 6.8 GB/7.7 GB   23 MB/s     36s[K[?25h[?2026l[?2026h[?25l[A[1Gpulling manifest [K
pulling 0624ba75c3ce:  89% ▕███████████████   ▏ 6.8 GB/7.7 GB   23 MB/s     36s[K[?25h[?2026l[?2026h[?25l[A[1Gpulling manifest [K
pulling 0624ba75c3ce:  89% ▕████████████████  ▏ 6.8 GB/7.7 GB   23 MB/s     36s[K[?25h[?2026l[?2026h[?25l[A[1Gpulling manifest [K
pulling 0624ba75c3ce:  89% ▕████████████████  ▏ 6.8 GB/7.7 GB   23 MB/s     36s[K[?25h[?2026l[?2026h[?25l[A[1Gpulling manifest [K
pulling 0624ba75c3ce:  89% ▕████████████████  ▏ 6.8 GB/7.7 GB   23 MB/s     36s[K[?25h[?2026l[?2026h[?25l[A[1Gpulling manifest [K
pulling 0624ba75c3ce:  89% ▕████████████████  ▏ 6.9 GB/7.7 GB   23 MB/s     35s[K[?25h[?2026l[?2026h[?25l[A[1Gpulling manifest [K
pulling 0624ba75c3ce:  89% ▕████████████████  ▏ 6.9 GB/7.7 GB   23 MB/s     35s[K[?25h[?2026l[?2026h[?25l[A[1Gpulling manifest [K
pulling 0624ba75c3ce:  89% ▕████████████████  ▏ 6.9 GB/7.7 GB   23 MB/s     35s[K[?25h[?2026l[?2026h[?25l[A[1Gpulling manifest [K
pulling 0624ba75c3ce:  89% ▕████████████████  ▏ 6.9 GB/7.7 GB   23 MB/s     35s[K[?25h[?2026l[?2026h[?25l[A[1Gpulling manifest [K
pulling 0624ba75c3ce:  89% ▕████████████████  ▏ 6.9 GB/7.7 GB   23 MB/s     35s[K[?25h[?2026l[?2026h[?25l[A[1Gpulling manifest [K
pulling 0624ba75c3ce:  89% ▕████████████████  ▏ 6.9 GB/7.7 GB   23 MB/s     35s[K[?25h[?2026l[?2026h[?25l[A[1Gpulling manifest [K
pulling 0624ba75c3ce:  89% ▕████████████████  ▏ 6.9 GB/7.7 GB   23 MB/s     35s[K[?25h[?2026l[?2026h[?25l[A[1Gpulling manifest [K
pulling 0624ba75c3ce:  89% ▕████████████████  ▏ 6.9 GB/7.7 GB   23 MB/s     35s[K[?25h[?2026l[?2026h[?25l[A[1Gpulling manifest [K
pulling 0624ba75c3ce:  89% ▕████████████████  ▏ 6.9 GB/7.7 GB   23 MB/s     35s[K[?25h[?2026l[?2026h[?25l[A[1Gpulling manifest [K
pulling 0624ba75c3ce:  89% ▕████████████████  ▏ 6.9 GB/7.7 GB   23 MB/s     35s[K[?25h[?2026l[?2026h[?25l[A[1Gpulling manifest [K
pulling 0624ba75c3ce:  89% ▕████████████████  ▏ 6.9 GB/7.7 GB   23 MB/s     35s[K[?25h[?2026l[?2026h[?25l[A[1Gpulling manifest [K
pulling 0624ba75c3ce:  89% ▕████████████████  ▏ 6.9 GB/7.7 GB   23 MB/s     34s[K[?25h[?2026l[?2026h[?25l[A[1Gpulling manifest [K
pulling 0624ba75c3ce:  89% ▕████████████████  ▏ 6.9 GB/7.7 GB   23 MB/s     34s[K[?25h[?2026l[?2026h[?25l[A[1Gpulling manifest [K
pulling 0624ba75c3ce:  89% ▕████████████████  ▏ 6.9 GB/7.7 GB   23 MB/s     34s[K[?25h[?2026l[?2026h[?25l[A[1Gpulling manifest [K
pulling 0624ba75c3ce:  89% ▕████████████████  ▏ 6.9 GB/7.7 GB   23 MB/s     34s[K[?25h[?2026l[?2026h[?25l[A[1Gpulling manifest [K
pulling 0624ba75c3ce:  89% ▕████████████████  ▏ 6.9 GB/7.7 GB   23 MB/s     34s[K[?25h[?2026l[?2026h[?25l[A[1Gpulling manifest [K
pulling 0624ba75c3ce:  89% ▕████████████████  ▏ 6.9 GB/7.7 GB   23 MB/s     34s[K[?25h[?2026l[?2026h[?25l[A[1Gpulling manifest [K
pulling 0624ba75c3ce:  89% ▕████████████████  ▏ 6.9 GB/7.7 GB   23 MB/s     34s[K[?25h[?2026l[?2026h[?25l[A[1Gpulling manifest [K
pulling 0624ba75c3ce:  90% ▕████████████████  ▏ 6.9 GB/7.7 GB   23 MB/s     34s[K[?25h[?2026l[?2026h[?25l[A[1Gpulling manifest [K
pulling 0624ba75c3ce:  90% ▕████████████████  ▏ 6.9 GB/7.7 GB   23 MB/s     34s[K[?25h[?2026l[?2026h[?25l[A[1Gpulling manifest [K
pulling 0624ba75c3ce:  90% ▕████████████████  ▏ 6.9 GB/7.7 GB   23 MB/s     34s[K[?25h[?2026l[?2026h[?25l[A[1Gpulling manifest [K
pulling 0624ba75c3ce:  90% ▕████████████████  ▏ 6.9 GB/7.7 GB   23 MB/s     33s[K[?25h[?2026l[?2026h[?25l[A[1Gpulling manifest [K
pulling 0624ba75c3ce:  90% ▕████████████████  ▏ 6.9 GB/7.7 GB   23 MB/s     33s[K[?25h[?2026l[?2026h[?25l[A[1Gpulling manifest [K
pulling 0624ba75c3ce:  90% ▕████████████████  ▏ 6.9 GB/7.7 GB   23 MB/s     33s[K[?25h[?2026l[?2026h[?25l[A[1Gpulling manifest [K
pulling 0624ba75c3ce:  90% ▕████████████████  ▏ 6.9 GB/7.7 GB   23 MB/s     33s[K[?25h[?2026l[?2026h[?25l[A[1Gpulling manifest [K
pulling 0624ba75c3ce:  90% ▕████████████████  ▏ 6.9 GB/7.7 GB   23 MB/s     33s[K[?25h[?2026l[?2026h[?25l[A[1Gpulling manifest [K
pulling 0624ba75c3ce:  90% ▕████████████████  ▏ 6.9 GB/7.7 GB   23 MB/s     33s[K[?25h[?2026l[?2026h[?25l[A[1Gpulling manifest [K
pulling 0624ba75c3ce:  90% ▕████████████████  ▏ 6.9 GB/7.7 GB   23 MB/s     33s[K[?25h[?2026l[?2026h[?25l[A[1Gpulling manifest [K
pulling 0624ba75c3ce:  90% ▕████████████████  ▏ 6.9 GB/7.7 GB   23 MB/s     33s[K[?25h[?2026l[?2026h[?25l[A[1Gpulling manifest [K
pulling 0624ba75c3ce:  90% ▕████████████████  ▏ 6.9 GB/7.7 GB   23 MB/s     33s[K[?25h[?2026l[?2026h[?25l[A[1Gpulling manifest [K
pulling 0624ba75c3ce:  90% ▕████████████████  ▏ 6.9 GB/7.7 GB   23 MB/s     33s[K[?25h[?2026l[?2026h[?25l[A[1Gpulling manifest [K
pulling 0624ba75c3ce:  90% ▕████████████████  ▏ 6.9 GB/7.7 GB   23 MB/s     32s[K[?25h[?2026l[?2026h[?25l[A[1Gpulling manifest [K
pulling 0624ba75c3ce:  90% ▕████████████████  ▏ 6.9 GB/7.7 GB   23 MB/s     32s[K[?25h[?2026l[?2026h[?25l[A[1Gpulling manifest [K
pulling 0624ba75c3ce:  90% ▕████████████████  ▏ 6.9 GB/7.7 GB   23 MB/s     32s[K[?25h[?2026l[?2026h[?25l[A[1Gpulling manifest [K
pulling 0624ba75c3ce:  90% ▕████████████████  ▏ 6.9 GB/7.7 GB   23 MB/s     32s[K[?25h[?2026l[?2026h[?25l[A[1Gpulling manifest [K
pulling 0624ba75c3ce:  90% ▕████████████████  ▏ 6.9 GB/7.7 GB   23 MB/s     32s[K[?25h[?2026l[?2026h[?25l[A[1Gpulling manifest [K
pulling 0624ba75c3ce:  90% ▕████████████████  ▏ 6.9 GB/7.7 GB   23 MB/s     32s[K[?25h[?2026l[?2026h[?25l[A[1Gpulling manifest [K
pulling 0624ba75c3ce:  90% ▕████████████████  ▏ 6.9 GB/7.7 GB   23 MB/s     32s[K[?25h[?2026l[?2026h[?25l[A[1Gpulling manifest [K
pulling 0624ba75c3ce:  90% ▕████████████████  ▏ 6.9 GB/7.7 GB   23 MB/s     32s[K[?25h[?2026l[?2026h[?25l[A[1Gpulling manifest [K
pulling 0624ba75c3ce:  90% ▕████████████████  ▏ 6.9 GB/7.7 GB   23 MB/s     32s[K[?25h[?2026l[?2026h[?25l[A[1Gpulling manifest [K
pulling 0624ba75c3ce:  90% ▕████████████████  ▏ 6.9 GB/7.7 GB   23 MB/s     32s[K[?25h[?2026l[?2026h[?25l[A[1Gpulling manifest [K
pulling 0624ba75c3ce:  90% ▕████████████████  ▏ 6.9 GB/7.7 GB   23 MB/s     32s[K[?25h[?2026l[?2026h[?25l[A[1Gpulling manifest [K
pulling 0624ba75c3ce:  90% ▕████████████████  ▏ 6.9 GB/7.7 GB   23 MB/s     31s[K[?25h[?2026l[?2026h[?25l[A[1Gpulling manifest [K
pulling 0624ba75c3ce:  90% ▕████████████████  ▏ 6.9 GB/7.7 GB   23 MB/s     31s[K[?25h[?2026l[?2026h[?25l[A[1Gpulling manifest [K
pulling 0624ba75c3ce:  90% ▕████████████████  ▏ 6.9 GB/7.7 GB   23 MB/s     31s[K[?25h[?2026l[?2026h[?25l[A[1Gpulling manifest [K
pulling 0624ba75c3ce:  90% ▕████████████████  ▏ 7.0 GB/7.7 GB   23 MB/s     31s[K[?25h[?2026l[?2026h[?25l[A[1Gpulling manifest [K
pulling 0624ba75c3ce:  90% ▕████████████████  ▏ 7.0 GB/7.7 GB   23 MB/s     31s[K[?25h[?2026l[?2026h[?25l[A[1Gpulling manifest [K
pulling 0624ba75c3ce:  90% ▕████████████████  ▏ 7.0 GB/7.7 GB   23 MB/s     31s[K[?25h[?2026l[?2026h[?25l[A[1Gpulling manifest [K
pulling 0624ba75c3ce:  90% ▕████████████████  ▏ 7.0 GB/7.7 GB   23 MB/s     31s[K[?25h[?2026l[?2026h[?25l[A[1Gpulling manifest [K
pulling 0624ba75c3ce:  90% ▕████████████████  ▏ 7.0 GB/7.7 GB   23 MB/s     31s[K[?25h[?2026l[?2026h[?25l[A[1Gpulling manifest [K
pulling 0624ba75c3ce:  90% ▕████████████████  ▏ 7.0 GB/7.7 GB   23 MB/s     31s[K[?25h[?2026l[?2026h[?25l[A[1Gpulling manifest [K
pulling 0624ba75c3ce:  91% ▕████████████████  ▏ 7.0 GB/7.7 GB   23 MB/s     30s[K[?25h[?2026l[?2026h[?25l[A[1Gpulling manifest [K
pulling 0624ba75c3ce:  91% ▕████████████████  ▏ 7.0 GB/7.7 GB   23 MB/s     30s[K[?25h[?2026l[?2026h[?25l[A[1Gpulling manifest [K
pulling 0624ba75c3ce:  91% ▕████████████████  ▏ 7.0 GB/7.7 GB   23 MB/s     30s[K[?25h[?2026l[?2026h[?25l[A[1Gpulling manifest [K
pulling 0624ba75c3ce:  91% ▕████████████████  ▏ 7.0 GB/7.7 GB   23 MB/s     30s[K[?25h[?2026l[?2026h[?25l[A[1Gpulling manifest [K
pulling 0624ba75c3ce:  91% ▕████████████████  ▏ 7.0 GB/7.7 GB   23 MB/s     30s[K[?25h[?2026l[?2026h[?25l[A[1Gpulling manifest [K
pulling 0624ba75c3ce:  91% ▕████████████████  ▏ 7.0 GB/7.7 GB   23 MB/s     30s[K[?25h[?2026l[?2026h[?25l[A[1Gpulling manifest [K
pulling 0624ba75c3ce:  91% ▕████████████████  ▏ 7.0 GB/7.7 GB   23 MB/s     30s[K[?25h[?2026l[?2026h[?25l[A[1Gpulling manifest [K
pulling 0624ba75c3ce:  91% ▕████████████████  ▏ 7.0 GB/7.7 GB   23 MB/s     30s[K[?25h[?2026l[?2026h[?25l[A[1Gpulling manifest [K
pulling 0624ba75c3ce:  91% ▕████████████████  ▏ 7.0 GB/7.7 GB   23 MB/s     30s[K[?25h[?2026l[?2026h[?25l[A[1Gpulling manifest [K
pulling 0624ba75c3ce:  91% ▕████████████████  ▏ 7.0 GB/7.7 GB   23 MB/s     30s[K[?25h[?2026l[?2026h[?25l[A[1Gpulling manifest [K
pulling 0624ba75c3ce:  91% ▕████████████████  ▏ 7.0 GB/7.7 GB   23 MB/s     29s[K[?25h[?2026l[?2026h[?25l[A[1Gpulling manifest [K
pulling 0624ba75c3ce:  91% ▕████████████████  ▏ 7.0 GB/7.7 GB   23 MB/s     29s[K[?25h[?2026l[?2026h[?25l[A[1Gpulling manifest [K
pulling 0624ba75c3ce:  91% ▕████████████████  ▏ 7.0 GB/7.7 GB   23 MB/s     29s[K[?25h[?2026l[?2026h[?25l[A[1Gpulling manifest [K
pulling 0624ba75c3ce:  91% ▕████████████████  ▏ 7.0 GB/7.7 GB   23 MB/s     29s[K[?25h[?2026l[?2026h[?25l[A[1Gpulling manifest [K
pulling 0624ba75c3ce:  91% ▕████████████████  ▏ 7.0 GB/7.7 GB   23 MB/s     29s[K[?25h[?2026l[?2026h[?25l[A[1Gpulling manifest [K
pulling 0624ba75c3ce:  91% ▕████████████████  ▏ 7.0 GB/7.7 GB   23 MB/s     29s[K[?25h[?2026l[?2026h[?25l[A[1Gpulling manifest [K
pulling 0624ba75c3ce:  91% ▕████████████████  ▏ 7.0 GB/7.7 GB   23 MB/s     29s[K[?25h[?2026l[?2026h[?25l[A[1Gpulling manifest [K
pulling 0624ba75c3ce:  91% ▕████████████████  ▏ 7.0 GB/7.7 GB   23 MB/s     29s[K[?25h[?2026l[?2026h[?25l[A[1Gpulling manifest [K
pulling 0624ba75c3ce:  91% ▕████████████████  ▏ 7.0 GB/7.7 GB   23 MB/s     29s[K[?25h[?2026l[?2026h[?25l[A[1Gpulling manifest [K
pulling 0624ba75c3ce:  91% ▕████████████████  ▏ 7.0 GB/7.7 GB   23 MB/s     28s[K[?25h[?2026l[?2026h[?25l[A[1Gpulling manifest [K
pulling 0624ba75c3ce:  91% ▕████████████████  ▏ 7.0 GB/7.7 GB   23 MB/s     28s[K[?25h[?2026l[?2026h[?25l[A[1Gpulling manifest [K
pulling 0624ba75c3ce:  91% ▕████████████████  ▏ 7.0 GB/7.7 GB   23 MB/s     28s[K[?25h[?2026l[?2026h[?25l[A[1Gpulling manifest [K
pulling 0624ba75c3ce:  91% ▕████████████████  ▏ 7.0 GB/7.7 GB   23 MB/s     28s[K[?25h[?2026l[?2026h[?25l[A[1Gpulling manifest [K
pulling 0624ba75c3ce:  91% ▕████████████████  ▏ 7.0 GB/7.7 GB   23 MB/s     28s[K[?25h[?2026l[?2026h[?25l[A[1Gpulling manifest [K
pulling 0624ba75c3ce:  91% ▕████████████████  ▏ 7.0 GB/7.7 GB   23 MB/s     28s[K[?25h[?2026l[?2026h[?25l[A[1Gpulling manifest [K
pulling 0624ba75c3ce:  91% ▕████████████████  ▏ 7.0 GB/7.7 GB   23 MB/s     28s[K[?25h[?2026l[?2026h[?25l[A[1Gpulling manifest [K
pulling 0624ba75c3ce:  91% ▕████████████████  ▏ 7.0 GB/7.7 GB   23 MB/s     28s[K[?25h[?2026l[?2026h[?25l[A[1Gpulling manifest [K
pulling 0624ba75c3ce:  91% ▕████████████████  ▏ 7.0 GB/7.7 GB   23 MB/s     28s[K[?25h[?2026l[?2026h[?25l[A[1Gpulling manifest [K
pulling 0624ba75c3ce:  91% ▕████████████████  ▏ 7.0 GB/7.7 GB   23 MB/s     28s[K[?25h[?2026l[?2026h[?25l[A[1Gpulling manifest [K
pulling 0624ba75c3ce:  91% ▕████████████████  ▏ 7.0 GB/7.7 GB   23 MB/s     28s[K[?25h[?2026l[?2026h[?25l[A[1Gpulling manifest [K
pulling 0624ba75c3ce:  91% ▕████████████████  ▏ 7.0 GB/7.7 GB   23 MB/s     27s[K[?25h[?2026l[?2026h[?25l[A[1Gpulling manifest [K
pulling 0624ba75c3ce:  91% ▕████████████████  ▏ 7.0 GB/7.7 GB   23 MB/s     27s[K[?25h[?2026l[?2026h[?25l[A[1Gpulling manifest [K
pulling 0624ba75c3ce:  91% ▕████████████████  ▏ 7.0 GB/7.7 GB   23 MB/s     27s[K[?25h[?2026l[?2026h[?25l[A[1Gpulling manifest [K
pulling 0624ba75c3ce:  92% ▕████████████████  ▏ 7.0 GB/7.7 GB   23 MB/s     27s[K[?25h[?2026l[?2026h[?25l[A[1Gpulling manifest [K
pulling 0624ba75c3ce:  92% ▕████████████████  ▏ 7.0 GB/7.7 GB   23 MB/s     27s[K[?25h[?2026l[?2026h[?25l[A[1Gpulling manifest [K
pulling 0624ba75c3ce:  92% ▕████████████████  ▏ 7.0 GB/7.7 GB   23 MB/s     27s[K[?25h[?2026l[?2026h[?25l[A[1Gpulling manifest [K
pulling 0624ba75c3ce:  92% ▕████████████████  ▏ 7.1 GB/7.7 GB   23 MB/s     27s[K[?25h[?2026l[?2026h[?25l[A[1Gpulling manifest [K
pulling 0624ba75c3ce:  92% ▕████████████████  ▏ 7.1 GB/7.7 GB   23 MB/s     27s[K[?25h[?2026l[?2026h[?25l[A[1Gpulling manifest [K
pulling 0624ba75c3ce:  92% ▕████████████████  ▏ 7.1 GB/7.7 GB   23 MB/s     26s[K[?25h[?2026l[?2026h[?25l[A[1Gpulling manifest [K
pulling 0624ba75c3ce:  92% ▕████████████████  ▏ 7.1 GB/7.7 GB   23 MB/s     26s[K[?25h[?2026l[?2026h[?25l[A[1Gpulling manifest [K
pulling 0624ba75c3ce:  92% ▕████████████████  ▏ 7.1 GB/7.7 GB   23 MB/s     26s[K[?25h[?2026l[?2026h[?25l[A[1Gpulling manifest [K
pulling 0624ba75c3ce:  92% ▕████████████████  ▏ 7.1 GB/7.7 GB   23 MB/s     26s[K[?25h[?2026l[?2026h[?25l[A[1Gpulling manifest [K
pulling 0624ba75c3ce:  92% ▕████████████████  ▏ 7.1 GB/7.7 GB   23 MB/s     26s[K[?25h[?2026l[?2026h[?25l[A[1Gpulling manifest [K
pulling 0624ba75c3ce:  92% ▕████████████████  ▏ 7.1 GB/7.7 GB   23 MB/s     26s[K[?25h[?2026l[?2026h[?25l[A[1Gpulling manifest [K
pulling 0624ba75c3ce:  92% ▕████████████████  ▏ 7.1 GB/7.7 GB   23 MB/s     26s[K[?25h[?2026l[?2026h[?25l[A[1Gpulling manifest [K
pulling 0624ba75c3ce:  92% ▕████████████████  ▏ 7.1 GB/7.7 GB   23 MB/s     26s[K[?25h[?2026l[?2026h[?25l[A[1Gpulling manifest [K
pulling 0624ba75c3ce:  92% ▕████████████████  ▏ 7.1 GB/7.7 GB   23 MB/s     26s[K[?25h[?2026l[?2026h[?25l[A[1Gpulling manifest [K
pulling 0624ba75c3ce:  92% ▕████████████████  ▏ 7.1 GB/7.7 GB   23 MB/s     26s[K[?25h[?2026l[?2026h[?25l[A[1Gpulling manifest [K
pulling 0624ba75c3ce:  92% ▕████████████████  ▏ 7.1 GB/7.7 GB   23 MB/s     25s[K[?25h[?2026l[?2026h[?25l[A[1Gpulling manifest [K
pulling 0624ba75c3ce:  92% ▕████████████████  ▏ 7.1 GB/7.7 GB   23 MB/s     25s[K[?25h[?2026l[?2026h[?25l[A[1Gpulling manifest [K
pulling 0624ba75c3ce:  92% ▕████████████████  ▏ 7.1 GB/7.7 GB   23 MB/s     25s[K[?25h[?2026l[?2026h[?25l[A[1Gpulling manifest [K
pulling 0624ba75c3ce:  92% ▕████████████████  ▏ 7.1 GB/7.7 GB   23 MB/s     25s[K[?25h[?2026l[?2026h[?25l[A[1Gpulling manifest [K
pulling 0624ba75c3ce:  92% ▕████████████████  ▏ 7.1 GB/7.7 GB   23 MB/s     25s[K[?25h[?2026l[?2026h[?25l[A[1Gpulling manifest [K
pulling 0624ba75c3ce:  92% ▕████████████████  ▏ 7.1 GB/7.7 GB   23 MB/s     25s[K[?25h[?2026l[?2026h[?25l[A[1Gpulling manifest [K
pulling 0624ba75c3ce:  92% ▕████████████████  ▏ 7.1 GB/7.7 GB   23 MB/s     25s[K[?25h[?2026l[?2026h[?25l[A[1Gpulling manifest [K
pulling 0624ba75c3ce:  92% ▕████████████████  ▏ 7.1 GB/7.7 GB   23 MB/s     25s[K[?25h[?2026l[?2026h[?25l[A[1Gpulling manifest [K
pulling 0624ba75c3ce:  92% ▕████████████████  ▏ 7.1 GB/7.7 GB   23 MB/s     25s[K[?25h[?2026l[?2026h[?25l[A[1Gpulling manifest [K
pulling 0624ba75c3ce:  92% ▕████████████████  ▏ 7.1 GB/7.7 GB   23 MB/s     25s[K[?25h[?2026l[?2026h[?25l[A[1Gpulling manifest [K
pulling 0624ba75c3ce:  92% ▕████████████████  ▏ 7.1 GB/7.7 GB   23 MB/s     25s[K[?25h[?2026l[?2026h[?25l[A[1Gpulling manifest [K
pulling 0624ba75c3ce:  92% ▕████████████████  ▏ 7.1 GB/7.7 GB   23 MB/s     24s[K[?25h[?2026l[?2026h[?25l[A[1Gpulling manifest [K
pulling 0624ba75c3ce:  92% ▕████████████████  ▏ 7.1 GB/7.7 GB   23 MB/s     24s[K[?25h[?2026l[?2026h[?25l[A[1Gpulling manifest [K
pulling 0624ba75c3ce:  92% ▕████████████████  ▏ 7.1 GB/7.7 GB   23 MB/s     24s[K[?25h[?2026l[?2026h[?25l[A[1Gpulling manifest [K
pulling 0624ba75c3ce:  92% ▕████████████████  ▏ 7.1 GB/7.7 GB   23 MB/s     24s[K[?25h[?2026l[?2026h[?25l[A[1Gpulling manifest [K
pulling 0624ba75c3ce:  92% ▕████████████████  ▏ 7.1 GB/7.7 GB   23 MB/s     24s[K[?25h[?2026l[?2026h[?25l[A[1Gpulling manifest [K
pulling 0624ba75c3ce:  92% ▕████████████████  ▏ 7.1 GB/7.7 GB   23 MB/s     24s[K[?25h[?2026l[?2026h[?25l[A[1Gpulling manifest [K
pulling 0624ba75c3ce:  92% ▕████████████████  ▏ 7.1 GB/7.7 GB   23 MB/s     24s[K[?25h[?2026l[?2026h[?25l[A[1Gpulling manifest [K
pulling 0624ba75c3ce:  92% ▕████████████████  ▏ 7.1 GB/7.7 GB   23 MB/s     24s[K[?25h[?2026l[?2026h[?25l[A[1Gpulling manifest [K
pulling 0624ba75c3ce:  93% ▕████████████████  ▏ 7.1 GB/7.7 GB   23 MB/s     24s[K[?25h[?2026l[?2026h[?25l[A[1Gpulling manifest [K
pulling 0624ba75c3ce:  93% ▕████████████████  ▏ 7.1 GB/7.7 GB   23 MB/s     24s[K[?25h[?2026l[?2026h[?25l[A[1Gpulling manifest [K
pulling 0624ba75c3ce:  93% ▕████████████████  ▏ 7.1 GB/7.7 GB   23 MB/s     23s[K[?25h[?2026l[?2026h[?25l[A[1Gpulling manifest [K
pulling 0624ba75c3ce:  93% ▕████████████████  ▏ 7.1 GB/7.7 GB   23 MB/s     23s[K[?25h[?2026l[?2026h[?25l[A[1Gpulling manifest [K
pulling 0624ba75c3ce:  93% ▕████████████████  ▏ 7.1 GB/7.7 GB   23 MB/s     23s[K[?25h[?2026l[?2026h[?25l[A[1Gpulling manifest [K
pulling 0624ba75c3ce:  93% ▕████████████████  ▏ 7.1 GB/7.7 GB   23 MB/s     23s[K[?25h[?2026l[?2026h[?25l[A[1Gpulling manifest [K
pulling 0624ba75c3ce:  93% ▕████████████████  ▏ 7.1 GB/7.7 GB   23 MB/s     23s[K[?25h[?2026l[?2026h[?25l[A[1Gpulling manifest [K
pulling 0624ba75c3ce:  93% ▕████████████████  ▏ 7.1 GB/7.7 GB   23 MB/s     23s[K[?25h[?2026l[?2026h[?25l[A[1Gpulling manifest [K
pulling 0624ba75c3ce:  93% ▕████████████████  ▏ 7.1 GB/7.7 GB   23 MB/s     23s[K[?25h[?2026l[?2026h[?25l[A[1Gpulling manifest [K
pulling 0624ba75c3ce:  93% ▕████████████████  ▏ 7.1 GB/7.7 GB   23 MB/s     23s[K[?25h[?2026l[?2026h[?25l[A[1Gpulling manifest [K
pulling 0624ba75c3ce:  93% ▕████████████████  ▏ 7.1 GB/7.7 GB   23 MB/s     23s[K[?25h[?2026l[?2026h[?25l[A[1Gpulling manifest [K
pulling 0624ba75c3ce:  93% ▕████████████████  ▏ 7.1 GB/7.7 GB   23 MB/s     23s[K[?25h[?2026l[?2026h[?25l[A[1Gpulling manifest [K
pulling 0624ba75c3ce:  93% ▕████████████████  ▏ 7.2 GB/7.7 GB   23 MB/s     22s[K[?25h[?2026l[?2026h[?25l[A[1Gpulling manifest [K
pulling 0624ba75c3ce:  93% ▕████████████████  ▏ 7.2 GB/7.7 GB   23 MB/s     22s[K[?25h[?2026l[?2026h[?25l[A[1Gpulling manifest [K
pulling 0624ba75c3ce:  93% ▕████████████████  ▏ 7.2 GB/7.7 GB   23 MB/s     22s[K[?25h[?2026l[?2026h[?25l[A[1Gpulling manifest [K
pulling 0624ba75c3ce:  93% ▕████████████████  ▏ 7.2 GB/7.7 GB   23 MB/s     22s[K[?25h[?2026l[?2026h[?25l[A[1Gpulling manifest [K
pulling 0624ba75c3ce:  93% ▕████████████████  ▏ 7.2 GB/7.7 GB   23 MB/s     22s[K[?25h[?2026l[?2026h[?25l[A[1Gpulling manifest [K
pulling 0624ba75c3ce:  93% ▕████████████████  ▏ 7.2 GB/7.7 GB   23 MB/s     22s[K[?25h[?2026l[?2026h[?25l[A[1Gpulling manifest [K
pulling 0624ba75c3ce:  93% ▕████████████████  ▏ 7.2 GB/7.7 GB   23 MB/s     22s[K[?25h[?2026l[?2026h[?25l[A[1Gpulling manifest [K
pulling 0624ba75c3ce:  93% ▕████████████████  ▏ 7.2 GB/7.7 GB   23 MB/s     22s[K[?25h[?2026l[?2026h[?25l[A[1Gpulling manifest [K
pulling 0624ba75c3ce:  93% ▕████████████████  ▏ 7.2 GB/7.7 GB   23 MB/s     22s[K[?25h[?2026l[?2026h[?25l[A[1Gpulling manifest [K
pulling 0624ba75c3ce:  93% ▕████████████████  ▏ 7.2 GB/7.7 GB   23 MB/s     22s[K[?25h[?2026l[?2026h[?25l[A[1Gpulling manifest [K
pulling 0624ba75c3ce:  93% ▕████████████████  ▏ 7.2 GB/7.7 GB   23 MB/s     22s[K[?25h[?2026l[?2026h[?25l[A[1Gpulling manifest [K
pulling 0624ba75c3ce:  93% ▕████████████████  ▏ 7.2 GB/7.7 GB   23 MB/s     21s[K[?25h[?2026l[?2026h[?25l[A[1Gpulling manifest [K
pulling 0624ba75c3ce:  93% ▕████████████████  ▏ 7.2 GB/7.7 GB   23 MB/s     21s[K[?25h[?2026l[?2026h[?25l[A[1Gpulling manifest [K
pulling 0624ba75c3ce:  93% ▕████████████████  ▏ 7.2 GB/7.7 GB   23 MB/s     21s[K[?25h[?2026l[?2026h[?25l[A[1Gpulling manifest [K
pulling 0624ba75c3ce:  93% ▕████████████████  ▏ 7.2 GB/7.7 GB   23 MB/s     21s[K[?25h[?2026l[?2026h[?25l[A[1Gpulling manifest [K
pulling 0624ba75c3ce:  93% ▕████████████████  ▏ 7.2 GB/7.7 GB   23 MB/s     21s[K[?25h[?2026l[?2026h[?25l[A[1Gpulling manifest [K
pulling 0624ba75c3ce:  93% ▕████████████████  ▏ 7.2 GB/7.7 GB   23 MB/s     21s[K[?25h[?2026l[?2026h[?25l[A[1Gpulling manifest [K
pulling 0624ba75c3ce:  93% ▕████████████████  ▏ 7.2 GB/7.7 GB   23 MB/s     21s[K[?25h[?2026l[?2026h[?25l[A[1Gpulling manifest [K
pulling 0624ba75c3ce:  93% ▕████████████████  ▏ 7.2 GB/7.7 GB   23 MB/s     21s[K[?25h[?2026l[?2026h[?25l[A[1Gpulling manifest [K
pulling 0624ba75c3ce:  93% ▕████████████████  ▏ 7.2 GB/7.7 GB   23 MB/s     21s[K[?25h[?2026l[?2026h[?25l[A[1Gpulling manifest [K
pulling 0624ba75c3ce:  94% ▕████████████████  ▏ 7.2 GB/7.7 GB   23 MB/s     21s[K[?25h[?2026l[?2026h[?25l[A[1Gpulling manifest [K
pulling 0624ba75c3ce:  94% ▕████████████████  ▏ 7.2 GB/7.7 GB   23 MB/s     20s[K[?25h[?2026l[?2026h[?25l[A[1Gpulling manifest [K
pulling 0624ba75c3ce:  94% ▕████████████████  ▏ 7.2 GB/7.7 GB   23 MB/s     20s[K[?25h[?2026l[?2026h[?25l[A[1Gpulling manifest [K
pulling 0624ba75c3ce:  94% ▕████████████████  ▏ 7.2 GB/7.7 GB   23 MB/s     20s[K[?25h[?2026l[?2026h[?25l[A[1Gpulling manifest [K
pulling 0624ba75c3ce:  94% ▕████████████████  ▏ 7.2 GB/7.7 GB   23 MB/s     20s[K[?25h[?2026l[?2026h[?25l[A[1Gpulling manifest [K
pulling 0624ba75c3ce:  94% ▕████████████████  ▏ 7.2 GB/7.7 GB   23 MB/s     20s[K[?25h[?2026l[?2026h[?25l[A[1Gpulling manifest [K
pulling 0624ba75c3ce:  94% ▕████████████████  ▏ 7.2 GB/7.7 GB   23 MB/s     20s[K[?25h[?2026l[?2026h[?25l[A[1Gpulling manifest [K
pulling 0624ba75c3ce:  94% ▕████████████████  ▏ 7.2 GB/7.7 GB   23 MB/s     20s[K[?25h[?2026l[?2026h[?25l[A[1Gpulling manifest [K
pulling 0624ba75c3ce:  94% ▕████████████████  ▏ 7.2 GB/7.7 GB   23 MB/s     20s[K[?25h[?2026l[?2026h[?25l[A[1Gpulling manifest [K
pulling 0624ba75c3ce:  94% ▕████████████████  ▏ 7.2 GB/7.7 GB   23 MB/s     20s[K[?25h[?2026l[?2026h[?25l[A[1Gpulling manifest [K
pulling 0624ba75c3ce:  94% ▕████████████████  ▏ 7.2 GB/7.7 GB   23 MB/s     20s[K[?25h[?2026l[?2026h[?25l[A[1Gpulling manifest [K
pulling 0624ba75c3ce:  94% ▕████████████████  ▏ 7.2 GB/7.7 GB   23 MB/s     20s[K[?25h[?2026l[?2026h[?25l[A[1Gpulling manifest [K
pulling 0624ba75c3ce:  94% ▕████████████████  ▏ 7.2 GB/7.7 GB   23 MB/s     19s[K[?25h[?2026l[?2026h[?25l[A[1Gpulling manifest [K
pulling 0624ba75c3ce:  94% ▕████████████████  ▏ 7.2 GB/7.7 GB   23 MB/s     19s[K[?25h[?2026l[?2026h[?25l[A[1Gpulling manifest [K
pulling 0624ba75c3ce:  94% ▕████████████████  ▏ 7.2 GB/7.7 GB   23 MB/s     19s[K[?25h[?2026l[?2026h[?25l[A[1Gpulling manifest [K
pulling 0624ba75c3ce:  94% ▕████████████████  ▏ 7.2 GB/7.7 GB   23 MB/s     19s[K[?25h[?2026l[?2026h[?25l[A[1Gpulling manifest [K
pulling 0624ba75c3ce:  94% ▕████████████████  ▏ 7.2 GB/7.7 GB   23 MB/s     19s[K[?25h[?2026l[?2026h[?25l[A[1Gpulling manifest [K
pulling 0624ba75c3ce:  94% ▕████████████████  ▏ 7.2 GB/7.7 GB   23 MB/s     19s[K[?25h[?2026l[?2026h[?25l[A[1Gpulling manifest [K
pulling 0624ba75c3ce:  94% ▕████████████████  ▏ 7.2 GB/7.7 GB   23 MB/s     19s[K[?25h[?2026l[?2026h[?25l[A[1Gpulling manifest [K
pulling 0624ba75c3ce:  94% ▕████████████████  ▏ 7.2 GB/7.7 GB   23 MB/s     19s[K[?25h[?2026l[?2026h[?25l[A[1Gpulling manifest [K
pulling 0624ba75c3ce:  94% ▕████████████████  ▏ 7.2 GB/7.7 GB   23 MB/s     19s[K[?25h[?2026l[?2026h[?25l[A[1Gpulling manifest [K
pulling 0624ba75c3ce:  94% ▕████████████████  ▏ 7.2 GB/7.7 GB   23 MB/s     19s[K[?25h[?2026l[?2026h[?25l[A[1Gpulling manifest [K
pulling 0624ba75c3ce:  94% ▕████████████████  ▏ 7.2 GB/7.7 GB   23 MB/s     19s[K[?25h[?2026l[?2026h[?25l[A[1Gpulling manifest [K
pulling 0624ba75c3ce:  94% ▕████████████████  ▏ 7.3 GB/7.7 GB   23 MB/s     18s[K[?25h[?2026l[?2026h[?25l[A[1Gpulling manifest [K
pulling 0624ba75c3ce:  94% ▕████████████████  ▏ 7.3 GB/7.7 GB   23 MB/s     18s[K[?25h[?2026l[?2026h[?25l[A[1Gpulling manifest [K
pulling 0624ba75c3ce:  94% ▕████████████████  ▏ 7.3 GB/7.7 GB   23 MB/s     18s[K[?25h[?2026l[?2026h[?25l[A[1Gpulling manifest [K
pulling 0624ba75c3ce:  94% ▕████████████████  ▏ 7.3 GB/7.7 GB   23 MB/s     18s[K[?25h[?2026l[?2026h[?25l[A[1Gpulling manifest [K
pulling 0624ba75c3ce:  94% ▕████████████████  ▏ 7.3 GB/7.7 GB   23 MB/s     18s[K[?25h[?2026l[?2026h[?25l[A[1Gpulling manifest [K
pulling 0624ba75c3ce:  94% ▕████████████████  ▏ 7.3 GB/7.7 GB   23 MB/s     18s[K[?25h[?2026l[?2026h[?25l[A[1Gpulling manifest [K
pulling 0624ba75c3ce:  94% ▕████████████████  ▏ 7.3 GB/7.7 GB   23 MB/s     18s[K[?25h[?2026l[?2026h[?25l[A[1Gpulling manifest [K
pulling 0624ba75c3ce:  94% ▕████████████████  ▏ 7.3 GB/7.7 GB   23 MB/s     18s[K[?25h[?2026l[?2026h[?25l[A[1Gpulling manifest [K
pulling 0624ba75c3ce:  94% ▕████████████████  ▏ 7.3 GB/7.7 GB   23 MB/s     18s[K[?25h[?2026l[?2026h[?25l[A[1Gpulling manifest [K
pulling 0624ba75c3ce:  94% ▕█████████████████ ▏ 7.3 GB/7.7 GB   23 MB/s     18s[K[?25h[?2026l[?2026h[?25l[A[1Gpulling manifest [K
pulling 0624ba75c3ce:  95% ▕█████████████████ ▏ 7.3 GB/7.7 GB   23 MB/s     17s[K[?25h[?2026l[?2026h[?25l[A[1Gpulling manifest [K
pulling 0624ba75c3ce:  95% ▕█████████████████ ▏ 7.3 GB/7.7 GB   23 MB/s     17s[K[?25h[?2026l[?2026h[?25l[A[1Gpulling manifest [K
pulling 0624ba75c3ce:  95% ▕█████████████████ ▏ 7.3 GB/7.7 GB   23 MB/s     17s[K[?25h[?2026l[?2026h[?25l[A[1Gpulling manifest [K
pulling 0624ba75c3ce:  95% ▕█████████████████ ▏ 7.3 GB/7.7 GB   23 MB/s     17s[K[?25h[?2026l[?2026h[?25l[A[1Gpulling manifest [K
pulling 0624ba75c3ce:  95% ▕█████████████████ ▏ 7.3 GB/7.7 GB   23 MB/s     17s[K[?25h[?2026l[?2026h[?25l[A[1Gpulling manifest [K
pulling 0624ba75c3ce:  95% ▕█████████████████ ▏ 7.3 GB/7.7 GB   23 MB/s     17s[K[?25h[?2026l[?2026h[?25l[A[1Gpulling manifest [K
pulling 0624ba75c3ce:  95% ▕█████████████████ ▏ 7.3 GB/7.7 GB   23 MB/s     17s[K[?25h[?2026l[?2026h[?25l[A[1Gpulling manifest [K
pulling 0624ba75c3ce:  95% ▕█████████████████ ▏ 7.3 GB/7.7 GB   23 MB/s     17s[K[?25h[?2026l[?2026h[?25l[A[1Gpulling manifest [K
pulling 0624ba75c3ce:  95% ▕█████████████████ ▏ 7.3 GB/7.7 GB   23 MB/s     17s[K[?25h[?2026l[?2026h[?25l[A[1Gpulling manifest [K
pulling 0624ba75c3ce:  95% ▕█████████████████ ▏ 7.3 GB/7.7 GB   23 MB/s     17s[K[?25h[?2026l[?2026h[?25l[A[1Gpulling manifest [K
pulling 0624ba75c3ce:  95% ▕█████████████████ ▏ 7.3 GB/7.7 GB   23 MB/s     16s[K[?25h[?2026l[?2026h[?25l[A[1Gpulling manifest [K
pulling 0624ba75c3ce:  95% ▕█████████████████ ▏ 7.3 GB/7.7 GB   23 MB/s     16s[K[?25h[?2026l[?2026h[?25l[A[1Gpulling manifest [K
pulling 0624ba75c3ce:  95% ▕█████████████████ ▏ 7.3 GB/7.7 GB   23 MB/s     16s[K[?25h[?2026l[?2026h[?25l[A[1Gpulling manifest [K
pulling 0624ba75c3ce:  95% ▕█████████████████ ▏ 7.3 GB/7.7 GB   23 MB/s     16s[K[?25h[?2026l[?2026h[?25l[A[1Gpulling manifest [K
pulling 0624ba75c3ce:  95% ▕█████████████████ ▏ 7.3 GB/7.7 GB   23 MB/s     16s[K[?25h[?2026l[?2026h[?25l[A[1Gpulling manifest [K
pulling 0624ba75c3ce:  95% ▕█████████████████ ▏ 7.3 GB/7.7 GB   23 MB/s     16s[K[?25h[?2026l[?2026h[?25l[A[1Gpulling manifest [K
pulling 0624ba75c3ce:  95% ▕█████████████████ ▏ 7.3 GB/7.7 GB   23 MB/s     16s[K[?25h[?2026l[?2026h[?25l[A[1Gpulling manifest [K
pulling 0624ba75c3ce:  95% ▕█████████████████ ▏ 7.3 GB/7.7 GB   23 MB/s     16s[K[?25h[?2026l[?2026h[?25l[A[1Gpulling manifest [K
pulling 0624ba75c3ce:  95% ▕█████████████████ ▏ 7.3 GB/7.7 GB   23 MB/s     16s[K[?25h[?2026l[?2026h[?25l[A[1Gpulling manifest [K
pulling 0624ba75c3ce:  95% ▕█████████████████ ▏ 7.3 GB/7.7 GB   23 MB/s     16s[K[?25h[?2026l[?2026h[?25l[A[1Gpulling manifest [K
pulling 0624ba75c3ce:  95% ▕█████████████████ ▏ 7.3 GB/7.7 GB   23 MB/s     16s[K[?25h[?2026l[?2026h[?25l[A[1Gpulling manifest [K
pulling 0624ba75c3ce:  95% ▕█████████████████ ▏ 7.3 GB/7.7 GB   23 MB/s     15s[K[?25h[?2026l[?2026h[?25l[A[1Gpulling manifest [K
pulling 0624ba75c3ce:  95% ▕█████████████████ ▏ 7.3 GB/7.7 GB   23 MB/s     15s[K[?25h[?2026l[?2026h[?25l[A[1Gpulling manifest [K
pulling 0624ba75c3ce:  95% ▕█████████████████ ▏ 7.3 GB/7.7 GB   23 MB/s     15s[K[?25h[?2026l[?2026h[?25l[A[1Gpulling manifest [K
pulling 0624ba75c3ce:  95% ▕█████████████████ ▏ 7.3 GB/7.7 GB   23 MB/s     15s[K[?25h[?2026l[?2026h[?25l[A[1Gpulling manifest [K
pulling 0624ba75c3ce:  95% ▕█████████████████ ▏ 7.3 GB/7.7 GB   23 MB/s     15s[K[?25h[?2026l[?2026h[?25l[A[1Gpulling manifest [K
pulling 0624ba75c3ce:  95% ▕█████████████████ ▏ 7.3 GB/7.7 GB   23 MB/s     15s[K[?25h[?2026l[?2026h[?25l[A[1Gpulling manifest [K
pulling 0624ba75c3ce:  95% ▕█████████████████ ▏ 7.3 GB/7.7 GB   23 MB/s     15s[K[?25h[?2026l[?2026h[?25l[A[1Gpulling manifest [K
pulling 0624ba75c3ce:  95% ▕█████████████████ ▏ 7.3 GB/7.7 GB   23 MB/s     15s[K[?25h[?2026l[?2026h[?25l[A[1Gpulling manifest [K
pulling 0624ba75c3ce:  95% ▕█████████████████ ▏ 7.3 GB/7.7 GB   23 MB/s     15s[K[?25h[?2026l[?2026h[?25l[A[1Gpulling manifest [K
pulling 0624ba75c3ce:  95% ▕█████████████████ ▏ 7.3 GB/7.7 GB   23 MB/s     15s[K[?25h[?2026l[?2026h[?25l[A[1Gpulling manifest [K
pulling 0624ba75c3ce:  95% ▕█████████████████ ▏ 7.3 GB/7.7 GB   23 MB/s     14s[K[?25h[?2026l[?2026h[?25l[A[1Gpulling manifest [K
pulling 0624ba75c3ce:  95% ▕█████████████████ ▏ 7.3 GB/7.7 GB   23 MB/s     14s[K[?25h[?2026l[?2026h[?25l[A[1Gpulling manifest [K
pulling 0624ba75c3ce:  95% ▕█████████████████ ▏ 7.3 GB/7.7 GB   23 MB/s     14s[K[?25h[?2026l[?2026h[?25l[A[1Gpulling manifest [K
pulling 0624ba75c3ce:  96% ▕█████████████████ ▏ 7.4 GB/7.7 GB   23 MB/s     14s[K[?25h[?2026l[?2026h[?25l[A[1Gpulling manifest [K
pulling 0624ba75c3ce:  96% ▕█████████████████ ▏ 7.4 GB/7.7 GB   23 MB/s     14s[K[?25h[?2026l[?2026h[?25l[A[1Gpulling manifest [K
pulling 0624ba75c3ce:  96% ▕█████████████████ ▏ 7.4 GB/7.7 GB   23 MB/s     14s[K[?25h[?2026l[?2026h[?25l[A[1Gpulling manifest [K
pulling 0624ba75c3ce:  96% ▕█████████████████ ▏ 7.4 GB/7.7 GB   23 MB/s     14s[K[?25h[?2026l[?2026h[?25l[A[1Gpulling manifest [K
pulling 0624ba75c3ce:  96% ▕█████████████████ ▏ 7.4 GB/7.7 GB   23 MB/s     14s[K[?25h[?2026l[?2026h[?25l[A[1Gpulling manifest [K
pulling 0624ba75c3ce:  96% ▕█████████████████ ▏ 7.4 GB/7.7 GB   23 MB/s     14s[K[?25h[?2026l[?2026h[?25l[A[1Gpulling manifest [K
pulling 0624ba75c3ce:  96% ▕█████████████████ ▏ 7.4 GB/7.7 GB   23 MB/s     14s[K[?25h[?2026l[?2026h[?25l[A[1Gpulling manifest [K
pulling 0624ba75c3ce:  96% ▕█████████████████ ▏ 7.4 GB/7.7 GB   23 MB/s     13s[K[?25h[?2026l[?2026h[?25l[A[1Gpulling manifest [K
pulling 0624ba75c3ce:  96% ▕█████████████████ ▏ 7.4 GB/7.7 GB   23 MB/s     13s[K[?25h[?2026l[?2026h[?25l[A[1Gpulling manifest [K
pulling 0624ba75c3ce:  96% ▕█████████████████ ▏ 7.4 GB/7.7 GB   23 MB/s     13s[K[?25h[?2026l[?2026h[?25l[A[1Gpulling manifest [K
pulling 0624ba75c3ce:  96% ▕█████████████████ ▏ 7.4 GB/7.7 GB   23 MB/s     13s[K[?25h[?2026l[?2026h[?25l[A[1Gpulling manifest [K
pulling 0624ba75c3ce:  96% ▕█████████████████ ▏ 7.4 GB/7.7 GB   23 MB/s     13s[K[?25h[?2026l[?2026h[?25l[A[1Gpulling manifest [K
pulling 0624ba75c3ce:  96% ▕█████████████████ ▏ 7.4 GB/7.7 GB   23 MB/s     13s[K[?25h[?2026l[?2026h[?25l[A[1Gpulling manifest [K
pulling 0624ba75c3ce:  96% ▕█████████████████ ▏ 7.4 GB/7.7 GB   23 MB/s     13s[K[?25h[?2026l[?2026h[?25l[A[1Gpulling manifest [K
pulling 0624ba75c3ce:  96% ▕█████████████████ ▏ 7.4 GB/7.7 GB   23 MB/s     13s[K[?25h[?2026l[?2026h[?25l[A[1Gpulling manifest [K
pulling 0624ba75c3ce:  96% ▕█████████████████ ▏ 7.4 GB/7.7 GB   23 MB/s     13s[K[?25h[?2026l[?2026h[?25l[A[1Gpulling manifest [K
pulling 0624ba75c3ce:  96% ▕█████████████████ ▏ 7.4 GB/7.7 GB   23 MB/s     13s[K[?25h[?2026l[?2026h[?25l[A[1Gpulling manifest [K
pulling 0624ba75c3ce:  96% ▕█████████████████ ▏ 7.4 GB/7.7 GB   23 MB/s     12s[K[?25h[?2026l[?2026h[?25l[A[1Gpulling manifest [K
pulling 0624ba75c3ce:  96% ▕█████████████████ ▏ 7.4 GB/7.7 GB   23 MB/s     12s[K[?25h[?2026l[?2026h[?25l[A[1Gpulling manifest [K
pulling 0624ba75c3ce:  96% ▕█████████████████ ▏ 7.4 GB/7.7 GB   23 MB/s     12s[K[?25h[?2026l[?2026h[?25l[A[1Gpulling manifest [K
pulling 0624ba75c3ce:  96% ▕█████████████████ ▏ 7.4 GB/7.7 GB   23 MB/s     12s[K[?25h[?2026l[?2026h[?25l[A[1Gpulling manifest [K
pulling 0624ba75c3ce:  96% ▕█████████████████ ▏ 7.4 GB/7.7 GB   23 MB/s     12s[K[?25h[?2026l[?2026h[?25l[A[1Gpulling manifest [K
pulling 0624ba75c3ce:  96% ▕█████████████████ ▏ 7.4 GB/7.7 GB   23 MB/s     12s[K[?25h[?2026l[?2026h[?25l[A[1Gpulling manifest [K
pulling 0624ba75c3ce:  96% ▕█████████████████ ▏ 7.4 GB/7.7 GB   23 MB/s     12s[K[?25h[?2026l[?2026h[?25l[A[1Gpulling manifest [K
pulling 0624ba75c3ce:  96% ▕█████████████████ ▏ 7.4 GB/7.7 GB   23 MB/s     12s[K[?25h[?2026l[?2026h[?25l[A[1Gpulling manifest [K
pulling 0624ba75c3ce:  96% ▕█████████████████ ▏ 7.4 GB/7.7 GB   23 MB/s     12s[K[?25h[?2026l[?2026h[?25l[A[1Gpulling manifest [K
pulling 0624ba75c3ce:  96% ▕█████████████████ ▏ 7.4 GB/7.7 GB   23 MB/s     12s[K[?25h[?2026l[?2026h[?25l[A[1Gpulling manifest [K
pulling 0624ba75c3ce:  96% ▕█████████████████ ▏ 7.4 GB/7.7 GB   23 MB/s     11s[K[?25h[?2026l[?2026h[?25l[A[1Gpulling manifest [K
pulling 0624ba75c3ce:  96% ▕█████████████████ ▏ 7.4 GB/7.7 GB   23 MB/s     11s[K[?25h[?2026l[?2026h[?25l[A[1Gpulling manifest [K
pulling 0624ba75c3ce:  96% ▕█████████████████ ▏ 7.4 GB/7.7 GB   23 MB/s     11s[K[?25h[?2026l[?2026h[?25l[A[1Gpulling manifest [K
pulling 0624ba75c3ce:  96% ▕█████████████████ ▏ 7.4 GB/7.7 GB   23 MB/s     11s[K[?25h[?2026l[?2026h[?25l[A[1Gpulling manifest [K
pulling 0624ba75c3ce:  96% ▕█████████████████ ▏ 7.4 GB/7.7 GB   23 MB/s     11s[K[?25h[?2026l[?2026h[?25l[A[1Gpulling manifest [K
pulling 0624ba75c3ce:  96% ▕█████████████████ ▏ 7.4 GB/7.7 GB   23 MB/s     11s[K[?25h[?2026l[?2026h[?25l[A[1Gpulling manifest [K
pulling 0624ba75c3ce:  97% ▕█████████████████ ▏ 7.4 GB/7.7 GB   23 MB/s     11s[K[?25h[?2026l[?2026h[?25l[A[1Gpulling manifest [K
pulling 0624ba75c3ce:  97% ▕█████████████████ ▏ 7.4 GB/7.7 GB   23 MB/s     11s[K[?25h[?2026l[?2026h[?25l[A[1Gpulling manifest [K
pulling 0624ba75c3ce:  97% ▕█████████████████ ▏ 7.4 GB/7.7 GB   23 MB/s     11s[K[?25h[?2026l[?2026h[?25l[A[1Gpulling manifest [K
pulling 0624ba75c3ce:  97% ▕█████████████████ ▏ 7.4 GB/7.7 GB   23 MB/s     11s[K[?25h[?2026l[?2026h[?25l[A[1Gpulling manifest [K
pulling 0624ba75c3ce:  97% ▕█████████████████ ▏ 7.4 GB/7.7 GB   23 MB/s     10s[K[?25h[?2026l[?2026h[?25l[A[1Gpulling manifest [K
pulling 0624ba75c3ce:  97% ▕█████████████████ ▏ 7.4 GB/7.7 GB   23 MB/s     10s[K[?25h[?2026l[?2026h[?25l[A[1Gpulling manifest [K
pulling 0624ba75c3ce:  97% ▕█████████████████ ▏ 7.4 GB/7.7 GB   23 MB/s     10s[K[?25h[?2026l[?2026h[?25l[A[1Gpulling manifest [K
pulling 0624ba75c3ce:  97% ▕█████████████████ ▏ 7.4 GB/7.7 GB   23 MB/s     10s[K[?25h[?2026l[?2026h[?25l[A[1Gpulling manifest [K
pulling 0624ba75c3ce:  97% ▕█████████████████ ▏ 7.4 GB/7.7 GB   23 MB/s     10s[K[?25h[?2026l[?2026h[?25l[A[1Gpulling manifest [K
pulling 0624ba75c3ce:  97% ▕█████████████████ ▏ 7.4 GB/7.7 GB   23 MB/s     10s[K[?25h[?2026l[?2026h[?25l[A[1Gpulling manifest [K
pulling 0624ba75c3ce:  97% ▕█████████████████ ▏ 7.5 GB/7.7 GB   23 MB/s     10s[K[?25h[?2026l[?2026h[?25l[A[1Gpulling manifest [K
pulling 0624ba75c3ce:  97% ▕█████████████████ ▏ 7.5 GB/7.7 GB   23 MB/s     10s[K[?25h[?2026l[?2026h[?25l[A[1Gpulling manifest [K
pulling 0624ba75c3ce:  97% ▕█████████████████ ▏ 7.5 GB/7.7 GB   23 MB/s     10s[K[?25h[?2026l[?2026h[?25l[A[1Gpulling manifest [K
pulling 0624ba75c3ce:  97% ▕█████████████████ ▏ 7.5 GB/7.7 GB   23 MB/s     10s[K[?25h[?2026l[?2026h[?25l[A[1Gpulling manifest [K
pulling 0624ba75c3ce:  97% ▕█████████████████ ▏ 7.5 GB/7.7 GB   23 MB/s      9s[K[?25h[?2026l[?2026h[?25l[A[1Gpulling manifest [K
pulling 0624ba75c3ce:  97% ▕█████████████████ ▏ 7.5 GB/7.7 GB   23 MB/s      9s[K[?25h[?2026l[?2026h[?25l[A[1Gpulling manifest [K
pulling 0624ba75c3ce:  97% ▕█████████████████ ▏ 7.5 GB/7.7 GB   23 MB/s      9s[K[?25h[?2026l[?2026h[?25l[A[1Gpulling manifest [K
pulling 0624ba75c3ce:  97% ▕█████████████████ ▏ 7.5 GB/7.7 GB   23 MB/s      9s[K[?25h[?2026l[?2026h[?25l[A[1Gpulling manifest [K
pulling 0624ba75c3ce:  97% ▕█████████████████ ▏ 7.5 GB/7.7 GB   23 MB/s      9s[K[?25h[?2026l[?2026h[?25l[A[1Gpulling manifest [K
pulling 0624ba75c3ce:  97% ▕█████████████████ ▏ 7.5 GB/7.7 GB   23 MB/s      9s[K[?25h[?2026l[?2026h[?25l[A[1Gpulling manifest [K
pulling 0624ba75c3ce:  97% ▕█████████████████ ▏ 7.5 GB/7.7 GB   23 MB/s      9s[K[?25h[?2026l[?2026h[?25l[A[1Gpulling manifest [K
pulling 0624ba75c3ce:  97% ▕█████████████████ ▏ 7.5 GB/7.7 GB   23 MB/s      9s[K[?25h[?2026l[?2026h[?25l[A[1Gpulling manifest [K
pulling 0624ba75c3ce:  97% ▕█████████████████ ▏ 7.5 GB/7.7 GB   23 MB/s      9s[K[?25h[?2026l[?2026h[?25l[A[1Gpulling manifest [K
pulling 0624ba75c3ce:  97% ▕█████████████████ ▏ 7.5 GB/7.7 GB   23 MB/s      8s[K[?25h[?2026l[?2026h[?25l[A[1Gpulling manifest [K
pulling 0624ba75c3ce:  97% ▕█████████████████ ▏ 7.5 GB/7.7 GB   23 MB/s      8s[K[?25h[?2026l[?2026h[?25l[A[1Gpulling manifest [K
pulling 0624ba75c3ce:  97% ▕█████████████████ ▏ 7.5 GB/7.7 GB   23 MB/s      8s[K[?25h[?2026l[?2026h[?25l[A[1Gpulling manifest [K
pulling 0624ba75c3ce:  97% ▕█████████████████ ▏ 7.5 GB/7.7 GB   23 MB/s      8s[K[?25h[?2026l[?2026h[?25l[A[1Gpulling manifest [K
pulling 0624ba75c3ce:  97% ▕█████████████████ ▏ 7.5 GB/7.7 GB   23 MB/s      8s[K[?25h[?2026l[?2026h[?25l[A[1Gpulling manifest [K
pulling 0624ba75c3ce:  97% ▕█████████████████ ▏ 7.5 GB/7.7 GB   23 MB/s      8s[K[?25h[?2026l[?2026h[?25l[A[1Gpulling manifest [K
pulling 0624ba75c3ce:  97% ▕█████████████████ ▏ 7.5 GB/7.7 GB   23 MB/s      8s[K[?25h[?2026l[?2026h[?25l[A[1Gpulling manifest [K
pulling 0624ba75c3ce:  97% ▕█████████████████ ▏ 7.5 GB/7.7 GB   23 MB/s      8s[K[?25h[?2026l[?2026h[?25l[A[1Gpulling manifest [K
pulling 0624ba75c3ce:  97% ▕█████████████████ ▏ 7.5 GB/7.7 GB   23 MB/s      8s[K[?25h[?2026l[?2026h[?25l[A[1Gpulling manifest [K
pulling 0624ba75c3ce:  97% ▕█████████████████ ▏ 7.5 GB/7.7 GB   23 MB/s      8s[K[?25h[?2026l[?2026h[?25l[A[1Gpulling manifest [K
pulling 0624ba75c3ce:  98% ▕█████████████████ ▏ 7.5 GB/7.7 GB   23 MB/s      7s[K[?25h[?2026l[?2026h[?25l[A[1Gpulling manifest [K
pulling 0624ba75c3ce:  98% ▕█████████████████ ▏ 7.5 GB/7.7 GB   23 MB/s      7s[K[?25h[?2026l[?2026h[?25l[A[1Gpulling manifest [K
pulling 0624ba75c3ce:  98% ▕█████████████████ ▏ 7.5 GB/7.7 GB   23 MB/s      7s[K[?25h[?2026l[?2026h[?25l[A[1Gpulling manifest [K
pulling 0624ba75c3ce:  98% ▕█████████████████ ▏ 7.5 GB/7.7 GB   23 MB/s      7s[K[?25h[?2026l[?2026h[?25l[A[1Gpulling manifest [K
pulling 0624ba75c3ce:  98% ▕█████████████████ ▏ 7.5 GB/7.7 GB   23 MB/s      7s[K[?25h[?2026l[?2026h[?25l[A[1Gpulling manifest [K
pulling 0624ba75c3ce:  98% ▕█████████████████ ▏ 7.5 GB/7.7 GB   23 MB/s      7s[K[?25h[?2026l[?2026h[?25l[A[1Gpulling manifest [K
pulling 0624ba75c3ce:  98% ▕█████████████████ ▏ 7.5 GB/7.7 GB   23 MB/s      7s[K[?25h[?2026l[?2026h[?25l[A[1Gpulling manifest [K
pulling 0624ba75c3ce:  98% ▕█████████████████ ▏ 7.5 GB/7.7 GB   23 MB/s      7s[K[?25h[?2026l[?2026h[?25l[A[1Gpulling manifest [K
pulling 0624ba75c3ce:  98% ▕█████████████████ ▏ 7.5 GB/7.7 GB   23 MB/s      7s[K[?25h[?2026l[?2026h[?25l[A[1Gpulling manifest [K
pulling 0624ba75c3ce:  98% ▕█████████████████ ▏ 7.5 GB/7.7 GB   23 MB/s      7s[K[?25h[?2026l[?2026h[?25l[A[1Gpulling manifest [K
pulling 0624ba75c3ce:  98% ▕█████████████████ ▏ 7.5 GB/7.7 GB   23 MB/s      7s[K[?25h[?2026l[?2026h[?25l[A[1Gpulling manifest [K
pulling 0624ba75c3ce:  98% ▕█████████████████ ▏ 7.5 GB/7.7 GB   23 MB/s      6s[K[?25h[?2026l[?2026h[?25l[A[1Gpulling manifest [K
pulling 0624ba75c3ce:  98% ▕█████████████████ ▏ 7.5 GB/7.7 GB   23 MB/s      6s[K[?25h[?2026l[?2026h[?25l[A[1Gpulling manifest [K
pulling 0624ba75c3ce:  98% ▕█████████████████ ▏ 7.5 GB/7.7 GB   23 MB/s      6s[K[?25h[?2026l[?2026h[?25l[A[1Gpulling manifest [K
pulling 0624ba75c3ce:  98% ▕█████████████████ ▏ 7.5 GB/7.7 GB   23 MB/s      6s[K[?25h[?2026l[?2026h[?25l[A[1Gpulling manifest [K
pulling 0624ba75c3ce:  98% ▕█████████████████ ▏ 7.5 GB/7.7 GB   23 MB/s      6s[K[?25h[?2026l[?2026h[?25l[A[1Gpulling manifest [K
pulling 0624ba75c3ce:  98% ▕█████████████████ ▏ 7.5 GB/7.7 GB   23 MB/s      6s[K[?25h[?2026l[?2026h[?25l[A[1Gpulling manifest [K
pulling 0624ba75c3ce:  98% ▕█████████████████ ▏ 7.5 GB/7.7 GB   23 MB/s      6s[K[?25h[?2026l[?2026h[?25l[A[1Gpulling manifest [K
pulling 0624ba75c3ce:  98% ▕█████████████████ ▏ 7.5 GB/7.7 GB   23 MB/s      6s[K[?25h[?2026l[?2026h[?25l[A[1Gpulling manifest [K
pulling 0624ba75c3ce:  98% ▕█████████████████ ▏ 7.5 GB/7.7 GB   23 MB/s      6s[K[?25h[?2026l[?2026h[?25l[A[1Gpulling manifest [K
pulling 0624ba75c3ce:  98% ▕█████████████████ ▏ 7.6 GB/7.7 GB   23 MB/s      6s[K[?25h[?2026l[?2026h[?25l[A[1Gpulling manifest [K
pulling 0624ba75c3ce:  98% ▕█████████████████ ▏ 7.6 GB/7.7 GB   23 MB/s      5s[K[?25h[?2026l[?2026h[?25l[A[1Gpulling manifest [K
pulling 0624ba75c3ce:  98% ▕█████████████████ ▏ 7.6 GB/7.7 GB   23 MB/s      5s[K[?25h[?2026l[?2026h[?25l[A[1Gpulling manifest [K
pulling 0624ba75c3ce:  98% ▕█████████████████ ▏ 7.6 GB/7.7 GB   23 MB/s      5s[K[?25h[?2026l[?2026h[?25l[A[1Gpulling manifest [K
pulling 0624ba75c3ce:  98% ▕█████████████████ ▏ 7.6 GB/7.7 GB   23 MB/s      5s[K[?25h[?2026l[?2026h[?25l[A[1Gpulling manifest [K
pulling 0624ba75c3ce:  98% ▕█████████████████ ▏ 7.6 GB/7.7 GB   23 MB/s      5s[K[?25h[?2026l[?2026h[?25l[A[1Gpulling manifest [K
pulling 0624ba75c3ce:  98% ▕█████████████████ ▏ 7.6 GB/7.7 GB   23 MB/s      5s[K[?25h[?2026l[?2026h[?25l[A[1Gpulling manifest [K
pulling 0624ba75c3ce:  98% ▕█████████████████ ▏ 7.6 GB/7.7 GB   23 MB/s      5s[K[?25h[?2026l[?2026h[?25l[A[1Gpulling manifest [K
pulling 0624ba75c3ce:  98% ▕█████████████████ ▏ 7.6 GB/7.7 GB   23 MB/s      5s[K[?25h[?2026l[?2026h[?25l[A[1Gpulling manifest [K
pulling 0624ba75c3ce:  98% ▕█████████████████ ▏ 7.6 GB/7.7 GB   23 MB/s      5s[K[?25h[?2026l[?2026h[?25l[A[1Gpulling manifest [K
pulling 0624ba75c3ce:  98% ▕█████████████████ ▏ 7.6 GB/7.7 GB   23 MB/s      5s[K[?25h[?2026l[?2026h[?25l[A[1Gpulling manifest [K
pulling 0624ba75c3ce:  98% ▕█████████████████ ▏ 7.6 GB/7.7 GB   23 MB/s      5s[K[?25h[?2026l[?2026h[?25l[A[1Gpulling manifest [K
pulling 0624ba75c3ce:  98% ▕█████████████████ ▏ 7.6 GB/7.7 GB   23 MB/s      5s[K[?25h[?2026l[?2026h[?25l[A[1Gpulling manifest [K
pulling 0624ba75c3ce:  98% ▕█████████████████ ▏ 7.6 GB/7.7 GB   23 MB/s      5s[K[?25h[?2026l[?2026h[?25l[A[1Gpulling manifest [K
pulling 0624ba75c3ce:  98% ▕█████████████████ ▏ 7.6 GB/7.7 GB   23 MB/s      4s[K[?25h[?2026l[?2026h[?25l[A[1Gpulling manifest [K
pulling 0624ba75c3ce:  98% ▕█████████████████ ▏ 7.6 GB/7.7 GB   23 MB/s      4s[K[?25h[?2026l[?2026h[?25l[A[1Gpulling manifest [K
pulling 0624ba75c3ce:  99% ▕█████████████████ ▏ 7.6 GB/7.7 GB   23 MB/s      4s[K[?25h[?2026l[?2026h[?25l[A[1Gpulling manifest [K
pulling 0624ba75c3ce:  99% ▕█████████████████ ▏ 7.6 GB/7.7 GB   23 MB/s      4s[K[?25h[?2026l[?2026h[?25l[A[1Gpulling manifest [K
pulling 0624ba75c3ce:  99% ▕█████████████████ ▏ 7.6 GB/7.7 GB   23 MB/s      4s[K[?25h[?2026l[?2026h[?25l[A[1Gpulling manifest [K
pulling 0624ba75c3ce:  99% ▕█████████████████ ▏ 7.6 GB/7.7 GB   23 MB/s      4s[K[?25h[?2026l[?2026h[?25l[A[1Gpulling manifest [K
pulling 0624ba75c3ce:  99% ▕█████████████████ ▏ 7.6 GB/7.7 GB   23 MB/s      4s[K[?25h[?2026l[?2026h[?25l[A[1Gpulling manifest [K
pulling 0624ba75c3ce:  99% ▕█████████████████ ▏ 7.6 GB/7.7 GB   23 MB/s      4s[K[?25h[?2026l[?2026h[?25l[A[1Gpulling manifest [K
pulling 0624ba75c3ce:  99% ▕█████████████████ ▏ 7.6 GB/7.7 GB   23 MB/s      4s[K[?25h[?2026l[?2026h[?25l[A[1Gpulling manifest [K
pulling 0624ba75c3ce:  99% ▕█████████████████ ▏ 7.6 GB/7.7 GB   23 MB/s      4s[K[?25h[?2026l[?2026h[?25l[A[1Gpulling manifest [K
pulling 0624ba75c3ce:  99% ▕█████████████████ ▏ 7.6 GB/7.7 GB   23 MB/s      4s[K[?25h[?2026l[?2026h[?25l[A[1Gpulling manifest [K
pulling 0624ba75c3ce:  99% ▕█████████████████ ▏ 7.6 GB/7.7 GB   23 MB/s      4s[K[?25h[?2026l[?2026h[?25l[A[1Gpulling manifest [K
pulling 0624ba75c3ce:  99% ▕█████████████████ ▏ 7.6 GB/7.7 GB   21 MB/s      4s[K[?25h[?2026l[?2026h[?25l[A[1Gpulling manifest [K
pulling 0624ba75c3ce:  99% ▕█████████████████ ▏ 7.6 GB/7.7 GB   21 MB/s      4s[K[?25h[?2026l[?2026h[?25l[A[1Gpulling manifest [K
pulling 0624ba75c3ce:  99% ▕█████████████████ ▏ 7.6 GB/7.7 GB   21 MB/s      4s[K[?25h[?2026l[?2026h[?25l[A[1Gpulling manifest [K
pulling 0624ba75c3ce:  99% ▕█████████████████ ▏ 7.6 GB/7.7 GB   21 MB/s      4s[K[?25h[?2026l[?2026h[?25l[A[1Gpulling manifest [K
pulling 0624ba75c3ce:  99% ▕█████████████████ ▏ 7.6 GB/7.7 GB   21 MB/s      4s[K[?25h[?2026l[?2026h[?25l[A[1Gpulling manifest [K
pulling 0624ba75c3ce:  99% ▕█████████████████ ▏ 7.6 GB/7.7 GB   21 MB/s      4s[K[?25h[?2026l[?2026h[?25l[A[1Gpulling manifest [K
pulling 0624ba75c3ce:  99% ▕█████████████████ ▏ 7.6 GB/7.7 GB   21 MB/s      4s[K[?25h[?2026l[?2026h[?25l[A[1Gpulling manifest [K
pulling 0624ba75c3ce:  99% ▕█████████████████ ▏ 7.6 GB/7.7 GB   21 MB/s      4s[K[?25h[?2026l[?2026h[?25l[A[1Gpulling manifest [K
pulling 0624ba75c3ce:  99% ▕█████████████████ ▏ 7.6 GB/7.7 GB   21 MB/s      4s[K[?25h[?2026l[?2026h[?25l[A[1Gpulling manifest [K
pulling 0624ba75c3ce:  99% ▕█████████████████ ▏ 7.6 GB/7.7 GB   21 MB/s      4s[K[?25h[?2026l[?2026h[?25l[A[1Gpulling manifest [K
pulling 0624ba75c3ce:  99% ▕█████████████████ ▏ 7.6 GB/7.7 GB   20 MB/s      4s[K[?25h[?2026l[?2026h[?25l[A[1Gpulling manifest [K
pulling 0624ba75c3ce:  99% ▕█████████████████ ▏ 7.6 GB/7.7 GB   20 MB/s      4s[K[?25h[?2026l[?2026h[?25l[A[1Gpulling manifest [K
pulling 0624ba75c3ce:  99% ▕█████████████████ ▏ 7.6 GB/7.7 GB   20 MB/s      4s[K[?25h[?2026l[?2026h[?25l[A[1Gpulling manifest [K
pulling 0624ba75c3ce:  99% ▕█████████████████ ▏ 7.6 GB/7.7 GB   20 MB/s      4s[K[?25h[?2026l[?2026h[?25l[A[1Gpulling manifest [K
pulling 0624ba75c3ce:  99% ▕█████████████████ ▏ 7.6 GB/7.7 GB   20 MB/s      3s[K[?25h[?2026l[?2026h[?25l[A[1Gpulling manifest [K
pulling 0624ba75c3ce:  99% ▕█████████████████ ▏ 7.6 GB/7.7 GB   20 MB/s      3s[K[?25h[?2026l[?2026h[?25l[A[1Gpulling manifest [K
pulling 0624ba75c3ce:  99% ▕█████████████████ ▏ 7.6 GB/7.7 GB   20 MB/s      3s[K[?25h[?2026l[?2026h[?25l[A[1Gpulling manifest [K
pulling 0624ba75c3ce:  99% ▕█████████████████ ▏ 7.6 GB/7.7 GB   20 MB/s      3s[K[?25h[?2026l[?2026h[?25l[A[1Gpulling manifest [K
pulling 0624ba75c3ce:  99% ▕█████████████████ ▏ 7.6 GB/7.7 GB   20 MB/s      3s[K[?25h[?2026l[?2026h[?25l[A[1Gpulling manifest [K
pulling 0624ba75c3ce:  99% ▕█████████████████ ▏ 7.6 GB/7.7 GB   20 MB/s      3s[K[?25h[?2026l[?2026h[?25l[A[1Gpulling manifest [K
pulling 0624ba75c3ce:  99% ▕█████████████████ ▏ 7.6 GB/7.7 GB   19 MB/s      3s[K[?25h[?2026l[?2026h[?25l[A[1Gpulling manifest [K
pulling 0624ba75c3ce:  99% ▕█████████████████ ▏ 7.6 GB/7.7 GB   19 MB/s      3s[K[?25h[?2026l[?2026h[?25l[A[1Gpulling manifest [K
pulling 0624ba75c3ce:  99% ▕█████████████████ ▏ 7.6 GB/7.7 GB   19 MB/s      3s[K[?25h[?2026l[?2026h[?25l[A[1Gpulling manifest [K
pulling 0624ba75c3ce:  99% ▕█████████████████ ▏ 7.6 GB/7.7 GB   19 MB/s      3s[K[?25h[?2026l[?2026h[?25l[A[1Gpulling manifest [K
pulling 0624ba75c3ce:  99% ▕█████████████████ ▏ 7.6 GB/7.7 GB   19 MB/s      3s[K[?25h[?2026l[?2026h[?25l[A[1Gpulling manifest [K
pulling 0624ba75c3ce:  99% ▕█████████████████ ▏ 7.6 GB/7.7 GB   19 MB/s      3s[K[?25h[?2026l[?2026h[?25l[A[1Gpulling manifest [K
pulling 0624ba75c3ce:  99% ▕█████████████████ ▏ 7.6 GB/7.7 GB   19 MB/s      3s[K[?25h[?2026l[?2026h[?25l[A[1Gpulling manifest [K
pulling 0624ba75c3ce:  99% ▕█████████████████ ▏ 7.6 GB/7.7 GB   19 MB/s      3s[K[?25h[?2026l[?2026h[?25l[A[1Gpulling manifest [K
pulling 0624ba75c3ce:  99% ▕█████████████████ ▏ 7.6 GB/7.7 GB   19 MB/s      3s[K[?25h[?2026l[?2026h[?25l[A[1Gpulling manifest [K
pulling 0624ba75c3ce:  99% ▕█████████████████ ▏ 7.6 GB/7.7 GB   19 MB/s      3s[K[?25h[?2026l[?2026h[?25l[A[1Gpulling manifest [K
pulling 0624ba75c3ce:  99% ▕█████████████████ ▏ 7.6 GB/7.7 GB   19 MB/s      3s[K[?25h[?2026l[?2026h[?25l[A[1Gpulling manifest [K
pulling 0624ba75c3ce:  99% ▕█████████████████ ▏ 7.6 GB/7.7 GB   17 MB/s      3s[K[?25h[?2026l[?2026h[?25l[A[1Gpulling manifest [K
pulling 0624ba75c3ce:  99% ▕█████████████████ ▏ 7.6 GB/7.7 GB   17 MB/s      3s[K[?25h[?2026l[?2026h[?25l[A[1Gpulling manifest [K
pulling 0624ba75c3ce:  99% ▕█████████████████ ▏ 7.6 GB/7.7 GB   17 MB/s      3s[K[?25h[?2026l[?2026h[?25l[A[1Gpulling manifest [K
pulling 0624ba75c3ce:  99% ▕█████████████████ ▏ 7.6 GB/7.7 GB   17 MB/s      3s[K[?25h[?2026l[?2026h[?25l[A[1Gpulling manifest [K
pulling 0624ba75c3ce:  99% ▕█████████████████ ▏ 7.6 GB/7.7 GB   17 MB/s      3s[K[?25h[?2026l[?2026h[?25l[A[1Gpulling manifest [K
pulling 0624ba75c3ce:  99% ▕█████████████████ ▏ 7.6 GB/7.7 GB   17 MB/s      3s[K[?25h[?2026l[?2026h[?25l[A[1Gpulling manifest [K
pulling 0624ba75c3ce:  99% ▕█████████████████ ▏ 7.6 GB/7.7 GB   17 MB/s      3s[K[?25h[?2026l[?2026h[?25l[A[1Gpulling manifest [K
pulling 0624ba75c3ce:  99% ▕█████████████████ ▏ 7.6 GB/7.7 GB   17 MB/s      3s[K[?25h[?2026l[?2026h[?25l[A[1Gpulling manifest [K
pulling 0624ba75c3ce:  99% ▕█████████████████ ▏ 7.6 GB/7.7 GB   17 MB/s      3s[K[?25h[?2026l[?2026h[?25l[A[1Gpulling manifest [K
pulling 0624ba75c3ce:  99% ▕█████████████████ ▏ 7.6 GB/7.7 GB   17 MB/s      3s[K[?25h[?2026l[?2026h[?25l[A[1Gpulling manifest [K
pulling 0624ba75c3ce:  99% ▕█████████████████ ▏ 7.6 GB/7.7 GB   16 MB/s      3s[K[?25h[?2026l[?2026h[?25l[A[1Gpulling manifest [K
pulling 0624ba75c3ce:  99% ▕█████████████████ ▏ 7.6 GB/7.7 GB   16 MB/s      3s[K[?25h[?2026l[?2026h[?25l[A[1Gpulling manifest [K
pulling 0624ba75c3ce:  99% ▕█████████████████ ▏ 7.6 GB/7.7 GB   16 MB/s      3s[K[?25h[?2026l[?2026h[?25l[A[1Gpulling manifest [K
pulling 0624ba75c3ce:  99% ▕█████████████████ ▏ 7.6 GB/7.7 GB   16 MB/s      3s[K[?25h[?2026l[?2026h[?25l[A[1Gpulling manifest [K
pulling 0624ba75c3ce:  99% ▕█████████████████ ▏ 7.6 GB/7.7 GB   16 MB/s      3s[K[?25h[?2026l[?2026h[?25l[A[1Gpulling manifest [K
pulling 0624ba75c3ce:  99% ▕█████████████████ ▏ 7.6 GB/7.7 GB   16 MB/s      2s[K[?25h[?2026l[?2026h[?25l[A[1Gpulling manifest [K
pulling 0624ba75c3ce:  99% ▕█████████████████ ▏ 7.7 GB/7.7 GB   16 MB/s      2s[K[?25h[?2026l[?2026h[?25l[A[1Gpulling manifest [K
pulling 0624ba75c3ce:  99% ▕█████████████████ ▏ 7.7 GB/7.7 GB   16 MB/s      2s[K[?25h[?2026l[?2026h[?25l[A[1Gpulling manifest [K
pulling 0624ba75c3ce:  99% ▕█████████████████ ▏ 7.7 GB/7.7 GB   16 MB/s      2s[K[?25h[?2026l[?2026h[?25l[A[1Gpulling manifest [K
pulling 0624ba75c3ce:  99% ▕█████████████████ ▏ 7.7 GB/7.7 GB   16 MB/s      2s[K[?25h[?2026l[?2026h[?25l[A[1Gpulling manifest [K
pulling 0624ba75c3ce:  99% ▕█████████████████ ▏ 7.7 GB/7.7 GB   15 MB/s      2s[K[?25h[?2026l[?2026h[?25l[A[1Gpulling manifest [K
pulling 0624ba75c3ce:  99% ▕█████████████████ ▏ 7.7 GB/7.7 GB   15 MB/s      2s[K[?25h[?2026l[?2026h[?25l[A[1Gpulling manifest [K
pulling 0624ba75c3ce:  99% ▕█████████████████ ▏ 7.7 GB/7.7 GB   15 MB/s      2s[K[?25h[?2026l[?2026h[?25l[A[1Gpulling manifest [K
pulling 0624ba75c3ce:  99% ▕█████████████████ ▏ 7.7 GB/7.7 GB   15 MB/s      2s[K[?25h[?2026l[?2026h[?25l[A[1Gpulling manifest [K
pulling 0624ba75c3ce:  99% ▕█████████████████ ▏ 7.7 GB/7.7 GB   15 MB/s      2s[K[?25h[?2026l[?2026h[?25l[A[1Gpulling manifest [K
pulling 0624ba75c3ce:  99% ▕█████████████████ ▏ 7.7 GB/7.7 GB   15 MB/s      2s[K[?25h[?2026l[?2026h[?25l[A[1Gpulling manifest [K
pulling 0624ba75c3ce:  99% ▕█████████████████ ▏ 7.7 GB/7.7 GB   15 MB/s      2s[K[?25h[?2026l[?2026h[?25l[A[1Gpulling manifest [K
pulling 0624ba75c3ce: 100% ▕█████████████████ ▏ 7.7 GB/7.7 GB   15 MB/s      2s[K[?25h[?2026l[?2026h[?25l[A[1Gpulling manifest [K
pulling 0624ba75c3ce: 100% ▕█████████████████ ▏ 7.7 GB/7.7 GB   15 MB/s      2s[K[?25h[?2026l[?2026h[?25l[A[1Gpulling manifest [K
pulling 0624ba75c3ce: 100% ▕█████████████████ ▏ 7.7 GB/7.7 GB   15 MB/s      2s[K[?25h[?2026l[?2026h[?25l[A[1Gpulling manifest [K
pulling 0624ba75c3ce: 100% ▕█████████████████ ▏ 7.7 GB/7.7 GB   13 MB/s      2s[K[?25h[?2026l[?2026h[?25l[A[1Gpulling manifest [K
pulling 0624ba75c3ce: 100% ▕█████████████████ ▏ 7.7 GB/7.7 GB   13 MB/s      2s[K[?25h[?2026l[?2026h[?25l[A[1Gpulling manifest [K
pulling 0624ba75c3ce: 100% ▕█████████████████ ▏ 7.7 GB/7.7 GB   13 MB/s      2s[K[?25h[?2026l[?2026h[?25l[A[1Gpulling manifest [K
pulling 0624ba75c3ce: 100% ▕█████████████████ ▏ 7.7 GB/7.7 GB   13 MB/s      2s[K[?25h[?2026l[?2026h[?25l[A[1Gpulling manifest [K
pulling 0624ba75c3ce: 100% ▕█████████████████ ▏ 7.7 GB/7.7 GB   13 MB/s      2s[K[?25h[?2026l[?2026h[?25l[A[1Gpulling manifest [K
pulling 0624ba75c3ce: 100% ▕█████████████████ ▏ 7.7 GB/7.7 GB   13 MB/s      2s[K[?25h[?2026l[?2026h[?25l[A[1Gpulling manifest [K
pulling 0624ba75c3ce: 100% ▕█████████████████ ▏ 7.7 GB/7.7 GB   13 MB/s      1s[K[?25h[?2026l[?2026h[?25l[A[1Gpulling manifest [K
pulling 0624ba75c3ce: 100% ▕█████████████████ ▏ 7.7 GB/7.7 GB   13 MB/s      1s[K[?25h[?2026l[?2026h[?25l[A[1Gpulling manifest [K
pulling 0624ba75c3ce: 100% ▕█████████████████ ▏ 7.7 GB/7.7 GB   13 MB/s      1s[K[?25h[?2026l[?2026h[?25l[A[1Gpulling manifest [K
pulling 0624ba75c3ce: 100% ▕█████████████████ ▏ 7.7 GB/7.7 GB   13 MB/s      1s[K[?25h[?2026l[?2026h[?25l[A[1Gpulling manifest [K
pulling 0624ba75c3ce: 100% ▕█████████████████ ▏ 7.7 GB/7.7 GB   12 MB/s      1s[K[?25h[?2026l[?2026h[?25l[A[1Gpulling manifest [K
pulling 0624ba75c3ce: 100% ▕█████████████████ ▏ 7.7 GB/7.7 GB   12 MB/s      1s[K[?25h[?2026l[?2026h[?25l[A[1Gpulling manifest [K
pulling 0624ba75c3ce: 100% ▕█████████████████ ▏ 7.7 GB/7.7 GB   12 MB/s      1s[K[?25h[?2026l[?2026h[?25l[A[1Gpulling manifest [K
pulling 0624ba75c3ce: 100% ▕█████████████████ ▏ 7.7 GB/7.7 GB   12 MB/s      1s[K[?25h[?2026l[?2026h[?25l[A[1Gpulling manifest [K
pulling 0624ba75c3ce: 100% ▕█████████████████ ▏ 7.7 GB/7.7 GB   12 MB/s      1s[K[?25h[?2026l[?2026h[?25l[A[1Gpulling manifest [K
pulling 0624ba75c3ce: 100% ▕█████████████████ ▏ 7.7 GB/7.7 GB   12 MB/s      1s[K[?25h[?2026l[?2026h[?25l[A[1Gpulling manifest [K
pulling 0624ba75c3ce: 100% ▕█████████████████ ▏ 7.7 GB/7.7 GB   12 MB/s      1s[K[?25h[?2026l[?2026h[?25l[A[1Gpulling manifest [K
pulling 0624ba75c3ce: 100% ▕█████████████████ ▏ 7.7 GB/7.7 GB   12 MB/s      1s[K[?25h[?2026l[?2026h[?25l[A[1Gpulling manifest [K
pulling 0624ba75c3ce: 100% ▕█████████████████ ▏ 7.7 GB/7.7 GB   12 MB/s      0s[K[?25h[?2026l[?2026h[?25l[A[1Gpulling manifest [K
pulling 0624ba75c3ce: 100% ▕█████████████████ ▏ 7.7 GB/7.7 GB   12 MB/s      0s[K[?25h[?2026l[?2026h[?25l[A[1Gpulling manifest [K
pulling 0624ba75c3ce: 100% ▕█████████████████ ▏ 7.7 GB/7.7 GB   12 MB/s      0s[K[?25h[?2026l[?2026h[?25l[A[1Gpulling manifest [K
pulling 0624ba75c3ce: 100% ▕█████████████████ ▏ 7.7 GB/7.7 GB   11 MB/s      0s[K[?25h[?2026l[?2026h[?25l[A[1Gpulling manifest [K
pulling 0624ba75c3ce: 100% ▕█████████████████ ▏ 7.7 GB/7.7 GB   11 MB/s      0s[K[?25h[?2026l[?2026h[?25l[A[1Gpulling manifest [K
pulling 0624ba75c3ce: 100% ▕█████████████████ ▏ 7.7 GB/7.7 GB   11 MB/s      0s[K[?25h[?2026l[?2026h[?25l[A[1Gpulling manifest [K
pulling 0624ba75c3ce: 100% ▕█████████████████ ▏ 7.7 GB/7.7 GB   11 MB/s      0s[K[?25h[?2026l[?2026h[?25l[A[1Gpulling manifest [K
pulling 0624ba75c3ce: 100% ▕█████████████████ ▏ 7.7 GB/7.7 GB   11 MB/s      0s[K[?25h[?2026l[?2026h[?25l[A[1Gpulling manifest [K
pulling 0624ba75c3ce: 100% ▕█████████████████ ▏ 7.7 GB/7.7 GB   11 MB/s      0s[K[?25h[?2026l[?2026h[?25l[A[1Gpulling manifest [K
pulling 0624ba75c3ce: 100% ▕█████████████████ ▏ 7.7 GB/7.7 GB   11 MB/s      0s[K[?25h[?2026l[?2026h[?25l[A[1Gpulling manifest [K
pulling 0624ba75c3ce: 100% ▕█████████████████ ▏ 7.7 GB/7.7 GB   11 MB/s      0s[K[?25h[?2026l[?2026h[?25l[A[1Gpulling manifest [K
pulling 0624ba75c3ce: 100% ▕██████████████████▏ 7.7 GB                         [K[?25h[?2026l[?2026h[?25l[A[1Gpulling manifest [K
pulling 0624ba75c3ce: 100% ▕██████████████████▏ 7.7 GB                         [K[?25h[?2026l[?2026h[?25l[A[1Gpulling manifest [K
pulling 0624ba75c3ce: 100% ▕██████████████████▏ 7.7 GB                         [K
pulling 43070e2d4e53: 100% ▕██████████████████▏  11 KB                         [K
pulling 22e1b2e8dc2f: 100% ▕██████████████████▏   43 B                         [K
pulling ed11eda7790d: 100% ▕██████████████████▏   30 B                         [K[?25h[?2026l[?2026h[?25l[A[A[A[A[1Gpulling manifest [K
pulling 0624ba75c3ce: 100% ▕██████████████████▏ 7.7 GB                         [K
pulling 43070e2d4e53: 100% ▕██████████████████▏  11 KB                         [K
pulling 22e1b2e8dc2f: 100% ▕██████████████████▏   43 B                         [K
pulling ed11eda7790d: 100% ▕██████████████████▏   30 B                         [K[?25h[?2026l[?2026h[?25l[A[A[A[A[1Gpulling manifest [K
pulling 0624ba75c3ce: 100% ▕██████████████████▏ 7.7 GB                         [K
pulling 43070e2d4e53: 100% ▕██████████████████▏  11 KB                         [K
pulling 22e1b2e8dc2f: 100% ▕██████████████████▏   43 B                         [K
pulling ed11eda7790d: 100% ▕██████████████████▏   30 B                         [K[?25h[?2026l[?2026h[?25l[A[A[A[A[1Gpulling manifest [K
pulling 0624ba75c3ce: 100% ▕██████████████████▏ 7.7 GB                         [K
pulling 43070e2d4e53: 100% ▕██████████████████▏  11 KB                         [K
pulling 22e1b2e8dc2f: 100% ▕██████████████████▏   43 B                         [K
pulling ed11eda7790d: 100% ▕██████████████████▏   30 B                         [K[?25h[?2026l[?2026h[?25l[A[A[A[A[1Gpulling manifest [K
pulling 0624ba75c3ce: 100% ▕██████████████████▏ 7.7 GB                         [K
pulling 43070e2d4e53: 100% ▕██████████████████▏  11 KB                         [K
pulling 22e1b2e8dc2f: 100% ▕██████████████████▏   43 B                         [K
pulling ed11eda7790d: 100% ▕██████████████████▏   30 B                         [K[?25h[?2026l[?2026h[?25l[A[A[A[A[1Gpulling manifest [K
pulling 0624ba75c3ce: 100% ▕██████████████████▏ 7.7 GB                         [K
pulling 43070e2d4e53: 100% ▕██████████████████▏  11 KB                         [K
pulling 22e1b2e8dc2f: 100% ▕██████████████████▏   43 B                         [K
pulling ed11eda7790d: 100% ▕██████████████████▏   30 B                         [K[?25h[?2026l[?2026h[?25l[A[A[A[A[1Gpulling manifest [K
pulling 0624ba75c3ce: 100% ▕██████████████████▏ 7.7 GB                         [K
pulling 43070e2d4e53: 100% ▕██████████████████▏  11 KB                         [K
pulling 22e1b2e8dc2f: 100% ▕██████████████████▏   43 B                         [K
pulling ed11eda7790d: 100% ▕██████████████████▏   30 B                         [K[?25h[?2026l[?2026h[?25l[A[A[A[A[1Gpulling manifest [K
pulling 0624ba75c3ce: 100% ▕██████████████████▏ 7.7 GB                         [K
pulling 43070e2d4e53: 100% ▕██████████████████▏  11 KB                         [K
pulling 22e1b2e8dc2f: 100% ▕██████████████████▏   43 B                         [K
pulling ed11eda7790d: 100% ▕██████████████████▏   30 B                         [K[?25h[?2026l[?2026h[?25l[A[A[A[A[1Gpulling manifest [K
pulling 0624ba75c3ce: 100% ▕██████████████████▏ 7.7 GB                         [K
pulling 43070e2d4e53: 100% ▕██████████████████▏  11 KB                         [K
pulling 22e1b2e8dc2f: 100% ▕██████████████████▏   43 B                         [K
pulling ed11eda7790d: 100% ▕██████████████████▏   30 B                         [K[?25h[?2026l[?2026h[?25l[A[A[A[A[1Gpulling manifest [K
pulling 0624ba75c3ce: 100% ▕██████████████████▏ 7.7 GB                         [K
pulling 43070e2d4e53: 100% ▕██████████████████▏  11 KB                         [K
pulling 22e1b2e8dc2f: 100% ▕██████████████████▏   43 B                         [K
pulling ed11eda7790d: 100% ▕██████████████████▏   30 B                         [K[?25h[?2026l[?2026h[?25l[A[A[A[A[1Gpulling manifest [K
pulling 0624ba75c3ce: 100% ▕██████████████████▏ 7.7 GB                         [K
pulling 43070e2d4e53: 100% ▕██████████████████▏  11 KB                         [K
pulling 22e1b2e8dc2f: 100% ▕██████████████████▏   43 B                         [K
pulling ed11eda7790d: 100% ▕██████████████████▏   30 B                         [K[?25h[?2026l[?2026h[?25l[A[A[A[A[1Gpulling manifest [K
pulling 0624ba75c3ce: 100% ▕██████████████████▏ 7.7 GB                         [K
pulling 43070e2d4e53: 100% ▕██████████████████▏  11 KB                         [K
pulling 22e1b2e8dc2f: 100% ▕██████████████████▏   43 B                         [K
pulling ed11eda7790d: 100% ▕██████████████████▏   30 B                         [K[?25h[?2026l[?2026h[?25l[A[A[A[A[1Gpulling manifest [K
pulling 0624ba75c3ce: 100% ▕██████████████████▏ 7.7 GB                         [K
pulling 43070e2d4e53: 100% ▕██████████████████▏  11 KB                         [K
pulling 22e1b2e8dc2f: 100% ▕██████████████████▏   43 B                         [K
pulling ed11eda7790d: 100% ▕██████████████████▏   30 B                         [K[?25h[?2026l[?2026h[?25l[A[A[A[A[1Gpulling manifest [K
pulling 0624ba75c3ce: 100% ▕██████████████████▏ 7.7 GB                         [K
pulling 43070e2d4e53: 100% ▕██████████████████▏  11 KB                         [K
pulling 22e1b2e8dc2f: 100% ▕██████████████████▏   43 B                         [K
pulling ed11eda7790d: 100% ▕██████████████████▏   30 B                         [K[?25h[?2026l[?2026h[?25l[A[A[A[A[1Gpulling manifest [K
pulling 0624ba75c3ce: 100% ▕██████████████████▏ 7.7 GB                         [K
pulling 43070e2d4e53: 100% ▕██████████████████▏  11 KB                         [K
pulling 22e1b2e8dc2f: 100% ▕██████████████████▏   43 B                         [K
pulling ed11eda7790d: 100% ▕██████████████████▏   30 B                         [K[?25h[?2026l[?2026h[?25l[A[A[A[A[1Gpulling manifest [K
pulling 0624ba75c3ce: 100% ▕██████████████████▏ 7.7 GB                         [K
pulling 43070e2d4e53: 100% ▕██████████████████▏  11 KB                         [K
pulling 22e1b2e8dc2f: 100% ▕██████████████████▏   43 B                         [K
pulling ed11eda7790d: 100% ▕██████████████████▏   30 B                         [K[?25h[?2026l[?2026h[?25l[A[A[A[A[1Gpulling manifest [K
pulling 0624ba75c3ce: 100% ▕██████████████████▏ 7.7 GB                         [K
pulling 43070e2d4e53: 100% ▕██████████████████▏  11 KB                         [K
pulling 22e1b2e8dc2f: 100% ▕██████████████████▏   43 B                         [K
pulling ed11eda7790d: 100% ▕██████████████████▏   30 B                         [K[?25h[?2026l[?2026h[?25l[A[A[A[A[1Gpulling manifest [K
pulling 0624ba75c3ce: 100% ▕██████████████████▏ 7.7 GB                         [K
pulling 43070e2d4e53: 100% ▕██████████████████▏  11 KB                         [K
pulling 22e1b2e8dc2f: 100% ▕██████████████████▏   43 B                         [K
pulling ed11eda7790d: 100% ▕██████████████████▏   30 B                         [K[?25h[?2026l[?2026h[?25l[A[A[A[A[1Gpulling manifest [K
pulling 0624ba75c3ce: 100% ▕██████████████████▏ 7.7 GB                         [K
pulling 43070e2d4e53: 100% ▕██████████████████▏  11 KB                         [K
pulling 22e1b2e8dc2f: 100% ▕██████████████████▏   43 B                         [K
pulling ed11eda7790d: 100% ▕██████████████████▏   30 B                         [K[?25h[?2026l[?2026h[?25l[A[A[A[A[1Gpulling manifest [K
pulling 0624ba75c3ce: 100% ▕██████████████████▏ 7.7 GB                         [K
pulling 43070e2d4e53: 100% ▕██████████████████▏  11 KB                         [K
pulling 22e1b2e8dc2f: 100% ▕██████████████████▏   43 B                         [K
pulling ed11eda7790d: 100% ▕██████████████████▏   30 B                         [K[?25h[?2026l[?2026h[?25l[A[A[A[A[1Gpulling manifest [K
pulling 0624ba75c3ce: 100% ▕██████████████████▏ 7.7 GB                         [K
pulling 43070e2d4e53: 100% ▕██████████████████▏  11 KB                         [K
pulling 22e1b2e8dc2f: 100% ▕██████████████████▏   43 B                         [K
pulling ed11eda7790d: 100% ▕██████████████████▏   30 B                         [K[?25h[?2026l[?2026h[?25l[A[A[A[A[1Gpulling manifest [K
pulling 0624ba75c3ce: 100% ▕██████████████████▏ 7.7 GB                         [K
pulling 43070e2d4e53: 100% ▕██████████████████▏  11 KB                         [K
pulling 22e1b2e8dc2f: 100% ▕██████████████████▏   43 B                         [K
pulling ed11eda7790d: 100% ▕██████████████████▏   30 B                         [K[?25h[?2026l[?2026h[?25l[A[A[A[A[1Gpulling manifest [K
pulling 0624ba75c3ce: 100% ▕██████████████████▏ 7.7 GB                         [K
pulling 43070e2d4e53: 100% ▕██████████████████▏  11 KB                         [K
pulling 22e1b2e8dc2f: 100% ▕██████████████████▏   43 B                         [K
pulling ed11eda7790d: 100% ▕██████████████████▏   30 B                         [K[?25h[?2026l[?2026h[?25l[A[A[A[A[1Gpulling manifest [K
pulling 0624ba75c3ce: 100% ▕██████████████████▏ 7.7 GB                         [K
pulling 43070e2d4e53: 100% ▕██████████████████▏  11 KB                         [K
pulling 22e1b2e8dc2f: 100% ▕██████████████████▏   43 B                         [K
pulling ed11eda7790d: 100% ▕██████████████████▏   30 B                         [K
pulling e9f218d40e43: 100% ▕██████████████████▏  483 B                         [K[?25h[?2026l[?2026h[?25l[A[A[A[A[A[1Gpulling manifest [K
pulling 0624ba75c3ce: 100% ▕██████████████████▏ 7.7 GB                         [K
pulling 43070e2d4e53: 100% ▕██████████████████▏  11 KB                         [K
pulling 22e1b2e8dc2f: 100% ▕██████████████████▏   43 B                         [K
pulling ed11eda7790d: 100% ▕██████████████████▏   30 B                         [K
pulling e9f218d40e43: 100% ▕██████████████████▏  483 B                         [K[?25h[?2026l[?2026h[?25l[A[A[A[A[A[1Gpulling manifest [K
pulling 0624ba75c3ce: 100% ▕██████████████████▏ 7.7 GB                         [K
pulling 43070e2d4e53: 100% ▕██████████████████▏  11 KB                         [K
pulling 22e1b2e8dc2f: 100% ▕██████████████████▏   43 B                         [K
pulling ed11eda7790d: 100% ▕██████████████████▏   30 B                         [K
pulling e9f218d40e43: 100% ▕██████████████████▏  483 B                         [K[?25h[?2026l[?2026h[?25l[A[A[A[A[A[1Gpulling manifest [K
pulling 0624ba75c3ce: 100% ▕██████████████████▏ 7.7 GB                         [K
pulling 43070e2d4e53: 100% ▕██████████████████▏  11 KB                         [K
pulling 22e1b2e8dc2f: 100% ▕██████████████████▏   43 B                         [K
pulling ed11eda7790d: 100% ▕██████████████████▏   30 B                         [K
pulling e9f218d40e43: 100% ▕██████████████████▏  483 B                         [K[?25h[?2026l[?2026h[?25l[A[A[A[A[A[1Gpulling manifest [K
pulling 0624ba75c3ce: 100% ▕██████████████████▏ 7.7 GB                         [K
pulling 43070e2d4e53: 100% ▕██████████████████▏  11 KB                         [K
pulling 22e1b2e8dc2f: 100% ▕██████████████████▏   43 B                         [K
pulling ed11eda7790d: 100% ▕██████████████████▏   30 B                         [K
pulling e9f218d40e43: 100% ▕██████████████████▏  483 B                         [K
verifying sha256 digest ⠋ [K[?25h[?2026l[?2026h[?25l[A[A[A[A[A[A[1Gpulling manifest [K
pulling 0624ba75c3ce: 100% ▕██████████████████▏ 7.7 GB                         [K
pulling 43070e2d4e53: 100% ▕██████████████████▏  11 KB                         [K
pulling 22e1b2e8dc2f: 100% ▕██████████████████▏   43 B                         [K
pulling ed11eda7790d: 100% ▕██████████████████▏   30 B                         [K
pulling e9f218d40e43: 100% ▕██████████████████▏  483 B                         [K
verifying sha256 digest ⠙ [K[?25h[?2026l[?2026h[?25l[A[A[A[A[A[A[1Gpulling manifest [K
pulling 0624ba75c3ce: 100% ▕██████████████████▏ 7.7 GB                         [K
pulling 43070e2d4e53: 100% ▕██████████████████▏  11 KB                         [K
pulling 22e1b2e8dc2f: 100% ▕██████████████████▏   43 B                         [K
pulling ed11eda7790d: 100% ▕██████████████████▏   30 B                         [K
pulling e9f218d40e43: 100% ▕██████████████████▏  483 B                         [K
verifying sha256 digest ⠹ [K[?25h[?2026l[?2026h[?25l[A[A[A[A[A[A[1Gpulling manifest [K
pulling 0624ba75c3ce: 100% ▕██████████████████▏ 7.7 GB                         [K
pulling 43070e2d4e53: 100% ▕██████████████████▏  11 KB                         [K
pulling 22e1b2e8dc2f: 100% ▕██████████████████▏   43 B                         [K
pulling ed11eda7790d: 100% ▕██████████████████▏   30 B                         [K
pulling e9f218d40e43: 100% ▕██████████████████▏  483 B                         [K
verifying sha256 digest ⠸ [K[?25h[?2026l[?2026h[?25l[A[A[A[A[A[A[1Gpulling manifest [K
pulling 0624ba75c3ce: 100% ▕██████████████████▏ 7.7 GB                         [K
pulling 43070e2d4e53: 100% ▕██████████████████▏  11 KB                         [K
pulling 22e1b2e8dc2f: 100% ▕██████████████████▏   43 B                         [K
pulling ed11eda7790d: 100% ▕██████████████████▏   30 B                         [K
pulling e9f218d40e43: 100% ▕██████████████████▏  483 B                         [K
verifying sha256 digest ⠼ [K[?25h[?2026l[?2026h[?25l[A[A[A[A[A[A[1Gpulling manifest [K
pulling 0624ba75c3ce: 100% ▕██████████████████▏ 7.7 GB                         [K
pulling 43070e2d4e53: 100% ▕██████████████████▏  11 KB                         [K
pulling 22e1b2e8dc2f: 100% ▕██████████████████▏   43 B                         [K
pulling ed11eda7790d: 100% ▕██████████████████▏   30 B                         [K
pulling e9f218d40e43: 100% ▕██████████████████▏  483 B                         [K
verifying sha256 digest ⠴ [K[?25h[?2026l[?2026h[?25l[A[A[A[A[A[A[1Gpulling manifest [K
pulling 0624ba75c3ce: 100% ▕██████████████████▏ 7.7 GB                         [K
pulling 43070e2d4e53: 100% ▕██████████████████▏  11 KB                         [K
pulling 22e1b2e8dc2f: 100% ▕██████████████████▏   43 B                         [K
pulling ed11eda7790d: 100% ▕██████████████████▏   30 B                         [K
pulling e9f218d40e43: 100% ▕██████████████████▏  483 B                         [K
verifying sha256 digest ⠦ [K[?25h[?2026l[?2026h[?25l[A[A[A[A[A[A[1Gpulling manifest [K
pulling 0624ba75c3ce: 100% ▕██████████████████▏ 7.7 GB                         [K
pulling 43070e2d4e53: 100% ▕██████████████████▏  11 KB                         [K
pulling 22e1b2e8dc2f: 100% ▕██████████████████▏   43 B                         [K
pulling ed11eda7790d: 100% ▕██████████████████▏   30 B                         [K
pulling e9f218d40e43: 100% ▕██████████████████▏  483 B                         [K
verifying sha256 digest ⠧ [K[?25h[?2026l[?2026h[?25l[A[A[A[A[A[A[1Gpulling manifest [K
pulling 0624ba75c3ce: 100% ▕██████████████████▏ 7.7 GB                         [K
pulling 43070e2d4e53: 100% ▕██████████████████▏  11 KB                         [K
pulling 22e1b2e8dc2f: 100% ▕██████████████████▏   43 B                         [K
pulling ed11eda7790d: 100% ▕██████████████████▏   30 B                         [K
pulling e9f218d40e43: 100% ▕██████████████████▏  483 B                         [K
verifying sha256 digest ⠇ [K[?25h[?2026l[?2026h[?25l[A[A[A[A[A[A[1Gpulling manifest [K
pulling 0624ba75c3ce: 100% ▕██████████████████▏ 7.7 GB                         [K
pulling 43070e2d4e53: 100% ▕██████████████████▏  11 KB                         [K
pulling 22e1b2e8dc2f: 100% ▕██████████████████▏   43 B                         [K
pulling ed11eda7790d: 100% ▕██████████████████▏   30 B                         [K
pulling e9f218d40e43: 100% ▕██████████████████▏  483 B                         [K
verifying sha256 digest ⠏ [K[?25h[?2026l[?2026h[?25l[A[A[A[A[A[A[1Gpulling manifest [K
pulling 0624ba75c3ce: 100% ▕██████████████████▏ 7.7 GB                         [K
pulling 43070e2d4e53: 100% ▕██████████████████▏  11 KB                         [K
pulling 22e1b2e8dc2f: 100% ▕██████████████████▏   43 B                         [K
pulling ed11eda7790d: 100% ▕██████████████████▏   30 B                         [K
pulling e9f218d40e43: 100% ▕██████████████████▏  483 B                         [K
verifying sha256 digest ⠋ [K[?25h[?2026l[?2026h[?25l[A[A[A[A[A[A[1Gpulling manifest [K
pulling 0624ba75c3ce: 100% ▕██████████████████▏ 7.7 GB                         [K
pulling 43070e2d4e53: 100% ▕██████████████████▏  11 KB                         [K
pulling 22e1b2e8dc2f: 100% ▕██████████████████▏   43 B                         [K
pulling ed11eda7790d: 100% ▕██████████████████▏   30 B                         [K
pulling e9f218d40e43: 100% ▕██████████████████▏  483 B                         [K
verifying sha256 digest ⠙ [K[?25h[?2026l[?2026h[?25l[A[A[A[A[A[A[1Gpulling manifest [K
pulling 0624ba75c3ce: 100% ▕██████████████████▏ 7.7 GB                         [K
pulling 43070e2d4e53: 100% ▕██████████████████▏  11 KB                         [K
pulling 22e1b2e8dc2f: 100% ▕██████████████████▏   43 B                         [K
pulling ed11eda7790d: 100% ▕██████████████████▏   30 B                         [K
pulling e9f218d40e43: 100% ▕██████████████████▏  483 B                         [K
verifying sha256 digest ⠹ [K[?25h[?2026l[?2026h[?25l[A[A[A[A[A[A[1Gpulling manifest [K
pulling 0624ba75c3ce: 100% ▕██████████████████▏ 7.7 GB                         [K
pulling 43070e2d4e53: 100% ▕██████████████████▏  11 KB                         [K
pulling 22e1b2e8dc2f: 100% ▕██████████████████▏   43 B                         [K
pulling ed11eda7790d: 100% ▕██████████████████▏   30 B                         [K
pulling e9f218d40e43: 100% ▕██████████████████▏  483 B                         [K
verifying sha256 digest ⠸ [K[?25h[?2026l[?2026h[?25l[A[A[A[A[A[A[1Gpulling manifest [K
pulling 0624ba75c3ce: 100% ▕██████████████████▏ 7.7 GB                         [K
pulling 43070e2d4e53: 100% ▕██████████████████▏  11 KB                         [K
pulling 22e1b2e8dc2f: 100% ▕██████████████████▏   43 B                         [K
pulling ed11eda7790d: 100% ▕██████████████████▏   30 B                         [K
pulling e9f218d40e43: 100% ▕██████████████████▏  483 B                         [K
verifying sha256 digest ⠼ [K[?25h[?2026l[?2026h[?25l[A[A[A[A[A[A[1Gpulling manifest [K
pulling 0624ba75c3ce: 100% ▕██████████████████▏ 7.7 GB                         [K
pulling 43070e2d4e53: 100% ▕██████████████████▏  11 KB                         [K
pulling 22e1b2e8dc2f: 100% ▕██████████████████▏   43 B                         [K
pulling ed11eda7790d: 100% ▕██████████████████▏   30 B                         [K
pulling e9f218d40e43: 100% ▕██████████████████▏  483 B                         [K
verifying sha256 digest ⠴ [K[?25h[?2026l[?2026h[?25l[A[A[A[A[A[A[1Gpulling manifest [K
pulling 0624ba75c3ce: 100% ▕██████████████████▏ 7.7 GB                         [K
pulling 43070e2d4e53: 100% ▕██████████████████▏  11 KB                         [K
pulling 22e1b2e8dc2f: 100% ▕██████████████████▏   43 B                         [K
pulling ed11eda7790d: 100% ▕██████████████████▏   30 B                         [K
pulling e9f218d40e43: 100% ▕██████████████████▏  483 B                         [K
verifying sha256 digest ⠦ [K[?25h[?2026l[?2026h[?25l[A[A[A[A[A[A[1Gpulling manifest [K
pulling 0624ba75c3ce: 100% ▕██████████████████▏ 7.7 GB                         [K
pulling 43070e2d4e53: 100% ▕██████████████████▏  11 KB                         [K
pulling 22e1b2e8dc2f: 100% ▕██████████████████▏   43 B                         [K
pulling ed11eda7790d: 100% ▕██████████████████▏   30 B                         [K
pulling e9f218d40e43: 100% ▕██████████████████▏  483 B                         [K
verifying sha256 digest ⠧ [K[?25h[?2026l[?2026h[?25l[A[A[A[A[A[A[1Gpulling manifest [K
pulling 0624ba75c3ce: 100% ▕██████████████████▏ 7.7 GB                         [K
pulling 43070e2d4e53: 100% ▕██████████████████▏  11 KB                         [K
pulling 22e1b2e8dc2f: 100% ▕██████████████████▏   43 B                         [K
pulling ed11eda7790d: 100% ▕██████████████████▏   30 B                         [K
pulling e9f218d40e43: 100% ▕██████████████████▏  483 B                         [K
verifying sha256 digest ⠇ [K[?25h[?2026l[?2026h[?25l[A[A[A[A[A[A[1Gpulling manifest [K
pulling 0624ba75c3ce: 100% ▕██████████████████▏ 7.7 GB                         [K
pulling 43070e2d4e53: 100% ▕██████████████████▏  11 KB                         [K
pulling 22e1b2e8dc2f: 100% ▕██████████████████▏   43 B                         [K
pulling ed11eda7790d: 100% ▕██████████████████▏   30 B                         [K
pulling e9f218d40e43: 100% ▕██████████████████▏  483 B                         [K
verifying sha256 digest ⠏ [K[?25h[?2026l[?2026h[?25l[A[A[A[A[A[A[1Gpulling manifest [K
pulling 0624ba75c3ce: 100% ▕██████████████████▏ 7.7 GB                         [K
pulling 43070e2d4e53: 100% ▕██████████████████▏  11 KB                         [K
pulling 22e1b2e8dc2f: 100% ▕██████████████████▏   43 B                         [K
pulling ed11eda7790d: 100% ▕██████████████████▏   30 B                         [K
pulling e9f218d40e43: 100% ▕██████████████████▏  483 B                         [K
verifying sha256 digest ⠋ [K[?25h[?2026l[?2026h[?25l[A[A[A[A[A[A[1Gpulling manifest [K
pulling 0624ba75c3ce: 100% ▕██████████████████▏ 7.7 GB                         [K
pulling 43070e2d4e53: 100% ▕██████████████████▏  11 KB                         [K
pulling 22e1b2e8dc2f: 100% ▕██████████████████▏   43 B                         [K
pulling ed11eda7790d: 100% ▕██████████████████▏   30 B                         [K
pulling e9f218d40e43: 100% ▕██████████████████▏  483 B                         [K
verifying sha256 digest ⠙ [K[?25h[?2026l[?2026h[?25l[A[A[A[A[A[A[1Gpulling manifest [K
pulling 0624ba75c3ce: 100% ▕██████████████████▏ 7.7 GB                         [K
pulling 43070e2d4e53: 100% ▕██████████████████▏  11 KB                         [K
pulling 22e1b2e8dc2f: 100% ▕██████████████████▏   43 B                         [K
pulling ed11eda7790d: 100% ▕██████████████████▏   30 B                         [K
pulling e9f218d40e43: 100% ▕██████████████████▏  483 B                         [K
verifying sha256 digest ⠹ [K[?25h[?2026l[?2026h[?25l[A[A[A[A[A[A[1Gpulling manifest [K
pulling 0624ba75c3ce: 100% ▕██████████████████▏ 7.7 GB                         [K
pulling 43070e2d4e53: 100% ▕██████████████████▏  11 KB                         [K
pulling 22e1b2e8dc2f: 100% ▕██████████████████▏   43 B                         [K
pulling ed11eda7790d: 100% ▕██████████████████▏   30 B                         [K
pulling e9f218d40e43: 100% ▕██████████████████▏  483 B                         [K
verifying sha256 digest ⠸ [K[?25h[?2026l[?2026h[?25l[A[A[A[A[A[A[1Gpulling manifest [K
pulling 0624ba75c3ce: 100% ▕██████████████████▏ 7.7 GB                         [K
pulling 43070e2d4e53: 100% ▕██████████████████▏  11 KB                         [K
pulling 22e1b2e8dc2f: 100% ▕██████████████████▏   43 B                         [K
pulling ed11eda7790d: 100% ▕██████████████████▏   30 B                         [K
pulling e9f218d40e43: 100% ▕██████████████████▏  483 B                         [K
verifying sha256 digest ⠼ [K[?25h[?2026l[?2026h[?25l[A[A[A[A[A[A[1Gpulling manifest [K
pulling 0624ba75c3ce: 100% ▕██████████████████▏ 7.7 GB                         [K
pulling 43070e2d4e53: 100% ▕██████████████████▏  11 KB                         [K
pulling 22e1b2e8dc2f: 100% ▕██████████████████▏   43 B                         [K
pulling ed11eda7790d: 100% ▕██████████████████▏   30 B                         [K
pulling e9f218d40e43: 100% ▕██████████████████▏  483 B                         [K
verifying sha256 digest ⠴ [K[?25h[?2026l[?2026h[?25l[A[A[A[A[A[A[1Gpulling manifest [K
pulling 0624ba75c3ce: 100% ▕██████████████████▏ 7.7 GB                         [K
pulling 43070e2d4e53: 100% ▕██████████████████▏  11 KB                         [K
pulling 22e1b2e8dc2f: 100% ▕██████████████████▏   43 B                         [K
pulling ed11eda7790d: 100% ▕██████████████████▏   30 B                         [K
pulling e9f218d40e43: 100% ▕██████████████████▏  483 B                         [K
verifying sha256 digest ⠦ [K[?25h[?2026l[?2026h[?25l[A[A[A[A[A[A[1Gpulling manifest [K
pulling 0624ba75c3ce: 100% ▕██████████████████▏ 7.7 GB                         [K
pulling 43070e2d4e53: 100% ▕██████████████████▏  11 KB                         [K
pulling 22e1b2e8dc2f: 100% ▕██████████████████▏   43 B                         [K
pulling ed11eda7790d: 100% ▕██████████████████▏   30 B                         [K
pulling e9f218d40e43: 100% ▕██████████████████▏  483 B                         [K
verifying sha256 digest ⠧ [K[?25h[?2026l[?2026h[?25l[A[A[A[A[A[A[1Gpulling manifest [K
pulling 0624ba75c3ce: 100% ▕██████████████████▏ 7.7 GB                         [K
pulling 43070e2d4e53: 100% ▕██████████████████▏  11 KB                         [K
pulling 22e1b2e8dc2f: 100% ▕██████████████████▏   43 B                         [K
pulling ed11eda7790d: 100% ▕██████████████████▏   30 B                         [K
pulling e9f218d40e43: 100% ▕██████████████████▏  483 B                         [K
verifying sha256 digest ⠇ [K[?25h[?2026l[?2026h[?25l[A[A[A[A[A[A[1Gpulling manifest [K
pulling 0624ba75c3ce: 100% ▕██████████████████▏ 7.7 GB                         [K
pulling 43070e2d4e53: 100% ▕██████████████████▏  11 KB                         [K
pulling 22e1b2e8dc2f: 100% ▕██████████████████▏   43 B                         [K
pulling ed11eda7790d: 100% ▕██████████████████▏   30 B                         [K
pulling e9f218d40e43: 100% ▕██████████████████▏  483 B                         [K
verifying sha256 digest ⠏ [K[?25h[?2026l[?2026h[?25l[A[A[A[A[A[A[1Gpulling manifest [K
pulling 0624ba75c3ce: 100% ▕██████████████████▏ 7.7 GB                         [K
pulling 43070e2d4e53: 100% ▕██████████████████▏  11 KB                         [K
pulling 22e1b2e8dc2f: 100% ▕██████████████████▏   43 B                         [K
pulling ed11eda7790d: 100% ▕██████████████████▏   30 B                         [K
pulling e9f218d40e43: 100% ▕██████████████████▏  483 B                         [K
verifying sha256 digest ⠋ [K[?25h[?2026l[?2026h[?25l[A[A[A[A[A[A[1Gpulling manifest [K
pulling 0624ba75c3ce: 100% ▕██████████████████▏ 7.7 GB                         [K
pulling 43070e2d4e53: 100% ▕██████████████████▏  11 KB                         [K
pulling 22e1b2e8dc2f: 100% ▕██████████████████▏   43 B                         [K
pulling ed11eda7790d: 100% ▕██████████████████▏   30 B                         [K
pulling e9f218d40e43: 100% ▕██████████████████▏  483 B                         [K
verifying sha256 digest ⠙ [K[?25h[?2026l[?2026h[?25l[A[A[A[A[A[A[1Gpulling manifest [K
pulling 0624ba75c3ce: 100% ▕██████████████████▏ 7.7 GB                         [K
pulling 43070e2d4e53: 100% ▕██████████████████▏  11 KB                         [K
pulling 22e1b2e8dc2f: 100% ▕██████████████████▏   43 B                         [K
pulling ed11eda7790d: 100% ▕██████████████████▏   30 B                         [K
pulling e9f218d40e43: 100% ▕██████████████████▏  483 B                         [K
verifying sha256 digest ⠹ [K[?25h[?2026l[?2026h[?25l[A[A[A[A[A[A[1Gpulling manifest [K
pulling 0624ba75c3ce: 100% ▕██████████████████▏ 7.7 GB                         [K
pulling 43070e2d4e53: 100% ▕██████████████████▏  11 KB                         [K
pulling 22e1b2e8dc2f: 100% ▕██████████████████▏   43 B                         [K
pulling ed11eda7790d: 100% ▕██████████████████▏   30 B                         [K
pulling e9f218d40e43: 100% ▕██████████████████▏  483 B                         [K
verifying sha256 digest [K
writing manifest [K
success [K[?25h[?2026l
