[?2026h[?25l[1Gpulling manifest ⠋ [K[?25h[?2026l[?2026h[?25l[1Gpulling manifest ⠙ [K[?25h[?2026l[?2026h[?25l[1Gpulling manifest ⠹ [K[?25h[?2026l[?2026h[?25l[1Gpulling manifest ⠸ [K[?25h[?2026l[?2026h[?25l[1Gpulling manifest ⠼ [K[?25h[?2026l[?2026h[?25l[1Gpulling manifest ⠴ [K[?25h[?2026l[?2026h[?25l[1Gpulling manifest ⠦ [K[?25h[?2026l[?2026h[?25l[1Gpulling manifest ⠧ [K[?25h[?2026l[?2026h[?25l[1Gpulling manifest ⠇ [K[?25h[?2026l[?2026h[?25l[1Gpulling manifest ⠏ [K[?25h[?2026l[?2026h[?25l[1Gpulling manifest ⠋ [K[?25h[?2026l[?2026h[?25l[1Gpulling manifest ⠙ [K[?25h[?2026l[?2026h[?25l[1Gpulling manifest ⠹ [K[?25h[?2026l[?2026h[?25l[1Gpulling manifest ⠸ [K[?25h[?2026l[?2026h[?25l[1Gpulling manifest ⠼ [K[?25h[?2026l[?2026h[?25l[1Gpulling manifest ⠦ [K[?25h[?2026l[?2026h[?25l[1Gpulling manifest ⠦ [K[?25h[?2026l[?2026h[?25l[1Gpulling manifest ⠧ [K[?25h[?2026l[?2026h[?25l[1Gpulling manifest ⠇ [K[?25h[?2026l[?2026h[?25l[1Gpulling manifest ⠏ [K[?25h[?2026l[?2026h[?25l[1Gpulling manifest ⠋ [K[?25h[?2026l[?2026h[?25l[1Gpulling manifest ⠙ [K[?25h[?2026l[?2026h[?25l[1Gpulling manifest ⠹ [K[?25h[?2026l[?2026h[?25l[1Gpulling manifest ⠸ [K[?25h[?2026l[?2026h[?25l[1Gpulling manifest ⠼ [K[?25h[?2026l[?2026h[?25l[1Gpulling manifest ⠴ [K[?25h[?2026l[?2026h[?25l[1Gpulling manifest ⠦ [K[?25h[?2026l[?2026h[?25l[1Gpulling manifest ⠧ [K[?25h[?2026l[?2026h[?25l[1Gpulling manifest ⠇ [K[?25h[?2026l[?2026h[?25l[1Gpulling manifest [K
pulling 1849ef83c4dd:   0% ▕                  ▏ 788 KB/5.1 GB                  [K[?25h[?2026l[?2026h[?25l[A[1Gpulling manifest [K
pulling 1849ef83c4dd:   0% ▕                  ▏ 3.9 MB/5.1 GB                  [K[?25h[?2026l[?2026h[?25l[A[1Gpulling manifest [K
pulling 1849ef83c4dd:   0% ▕                  ▏ 5.7 MB/5.1 GB                  [K[?25h[?2026l[?2026h[?25l[A[1Gpulling manifest [K
pulling 1849ef83c4dd:   0% ▕                  ▏ 9.2 MB/5.1 GB                  [K[?25h[?2026l[?2026h[?25l[A[1Gpulling manifest [K
pulling 1849ef83c4dd:   0% ▕                  ▏  10 MB/5.1 GB                  [K[?25h[?2026l[?2026h[?25l[A[1Gpulling manifest [K
pulling 1849ef83c4dd:   0% ▕                  ▏  10 MB/5.1 GB                  [K[?25h[?2026l[?2026h[?25l[A[1Gpulling manifest [K
pulling 1849ef83c4dd:   0% ▕                  ▏  13 MB/5.1 GB                  [K[?25h[?2026l[?2026h[?25l[A[1Gpulling manifest [K
pulling 1849ef83c4dd:   0% ▕                  ▏  16 MB/5.1 GB                  [K[?25h[?2026l[?2026h[?25l[A[1Gpulling manifest [K
pulling 1849ef83c4dd:   0% ▕                  ▏  17 MB/5.1 GB                  [K[?25h[?2026l[?2026h[?25l[A[1Gpulling manifest [K
pulling 1849ef83c4dd:   0% ▕                  ▏  19 MB/5.1 GB                  [K[?25h[?2026l[?2026h[?25l[A[1Gpulling manifest [K
pulling 1849ef83c4dd:   0% ▕                  ▏  19 MB/5.1 GB   19 MB/s   4m25s[K[?25h[?2026l[?2026h[?25l[A[1Gpulling manifest [K
pulling 1849ef83c4dd:   0% ▕                  ▏  21 MB/5.1 GB   19 MB/s   4m25s[K[?25h[?2026l[?2026h[?25l[A[1Gpulling manifest [K
pulling 1849ef83c4dd:   0% ▕                  ▏  24 MB/5.1 GB   19 MB/s   4m25s[K[?25h[?2026l[?2026h[?25l[A[1Gpulling manifest [K
pulling 1849ef83c4dd:   1% ▕                  ▏  26 MB/5.1 GB   19 MB/s   4m25s[K[?25h[?2026l[?2026h[?25l[A[1Gpulling manifest [K
pulling 1849ef83c4dd:   1% ▕                  ▏  27 MB/5.1 GB   19 MB/s   4m25s[K[?25h[?2026l[?2026h[?25l[A[1Gpulling manifest [K
pulling 1849ef83c4dd:   1% ▕                  ▏  28 MB/5.1 GB   19 MB/s   4m25s[K[?25h[?2026l[?2026h[?25l[A[1Gpulling manifest [K
pulling 1849ef83c4dd:   1% ▕                  ▏  30 MB/5.1 GB   19 MB/s   4m25s[K[?25h[?2026l[?2026h[?25l[A[1Gpulling manifest [K
pulling 1849ef83c4dd:   1% ▕                  ▏  32 MB/5.1 GB   19 MB/s   4m25s[K[?25h[?2026l[?2026h[?25l[A[1Gpulling manifest [K
pulling 1849ef83c4dd:   1% ▕                  ▏  34 MB/5.1 GB   19 MB/s   4m24s[K[?25h[?2026l[?2026h[?25l[A[1Gpulling manifest [K
pulling 1849ef83c4dd:   1% ▕                  ▏  36 MB/5.1 GB   19 MB/s   4m24s[K[?25h[?2026l[?2026h[?25l[A[1Gpulling manifest [K
pulling 1849ef83c4dd:   1% ▕                  ▏  36 MB/5.1 GB   18 MB/s   4m41s[K[?25h[?2026l[?2026h[?25l[A[1Gpulling manifest [K
pulling 1849ef83c4dd:   1% ▕                  ▏  37 MB/5.1 GB   18 MB/s   4m41s[K[?25h[?2026l[?2026h[?25l[A[1Gpulling manifest [K
pulling 1849ef83c4dd:   1% ▕                  ▏  39 MB/5.1 GB   18 MB/s   4m41s[K[?25h[?2026l[?2026h[?25l[A[1Gpulling manifest [K
pulling 1849ef83c4dd:   1% ▕                  ▏  40 MB/5.1 GB   18 MB/s   4m41s[K[?25h[?2026l[?2026h[?25l[A[1Gpulling manifest [K
pulling 1849ef83c4dd:   1% ▕                  ▏  42 MB/5.1 GB   18 MB/s   4m41s[K[?25h[?2026l[?2026h[?25l[A[1Gpulling manifest [K
pulling 1849ef83c4dd:   1% ▕                  ▏  42 MB/5.1 GB   18 MB/s   4m41s[K[?25h[?2026l[?2026h[?25l[A[1Gpulling manifest [K
pulling 1849ef83c4dd:   1% ▕                  ▏  42 MB/5.1 GB   18 MB/s   4m41s[K[?25h[?2026l[?2026h[?25l[A[1Gpulling manifest [K
pulling 1849ef83c4dd:   1% ▕                  ▏  45 MB/5.1 GB   18 MB/s   4m41s[K[?25h[?2026l[?2026h[?25l[A[1Gpulling manifest [K
pulling 1849ef83c4dd:   1% ▕                  ▏  47 MB/5.1 GB   18 MB/s   4m41s[K[?25h[?2026l[?2026h[?25l[A[1Gpulling manifest [K
pulling 1849ef83c4dd:   1% ▕                  ▏  48 MB/5.1 GB   18 MB/s   4m41s[K[?25h[?2026l[?2026h[?25l[A[1Gpulling manifest [K
pulling 1849ef83c4dd:   1% ▕                  ▏  49 MB/5.1 GB   16 MB/s    5m8s[K[?25h[?2026l[?2026h[?25l[A[1Gpulling manifest [K
pulling 1849ef83c4dd:   1% ▕                  ▏  50 MB/5.1 GB   16 MB/s    5m8s[K[?25h[?2026l[?2026h[?25l[A[1Gpulling manifest [K
pulling 1849ef83c4dd:   1% ▕                  ▏  51 MB/5.1 GB   16 MB/s    5m8s[K[?25h[?2026l[?2026h[?25l[A[1Gpulling manifest [K
pulling 1849ef83c4dd:   1% ▕                  ▏  52 MB/5.1 GB   16 MB/s    5m8s[K[?25h[?2026l[?2026h[?25l[A[1Gpulling manifest [K
pulling 1849ef83c4dd:   1% ▕                  ▏  55 MB/5.1 GB   16 MB/s    5m8s[K[?25h[?2026l[?2026h[?25l[A[1Gpulling manifest [K
pulling 1849ef83c4dd:   1% ▕                  ▏  56 MB/5.1 GB   16 MB/s    5m8s[K[?25h[?2026l[?2026h[?25l[A[1Gpulling manifest [K
pulling 1849ef83c4dd:   1% ▕                  ▏  56 MB/5.1 GB   16 MB/s    5m8s[K[?25h[?2026l[?2026h[?25l[A[1Gpulling manifest [K
pulling 1849ef83c4dd:   1% ▕                  ▏  58 MB/5.1 GB   16 MB/s    5m8s[K[?25h[?2026l[?2026h[?25l[A[1Gpulling manifest [K
pulling 1849ef83c4dd:   1% ▕                  ▏  59 MB/5.1 GB   16 MB/s    5m8s[K[?25h[?2026l[?2026h[?25l[A[1Gpulling manifest [K
pulling 1849ef83c4dd:   1% ▕                  ▏  60 MB/5.1 GB   16 MB/s    5m8s[K[?25h[?2026l[?2026h[?25l[A[1Gpulling manifest [K
pulling 1849ef83c4dd:   1% ▕                  ▏  62 MB/5.1 GB   15 MB/s   5m23s[K[?25h[?2026l[?2026h[?25l[A[1Gpulling manifest [K
pulling 1849ef83c4dd:   1% ▕                  ▏  62 MB/5.1 GB   15 MB/s   5m23s[K[?25h[?2026l[?2026h[?25l[A[1Gpulling manifest [K
pulling 1849ef83c4dd:   1% ▕                  ▏  63 MB/5.1 GB   15 MB/s   5m23s[K[?25h[?2026l[?2026h[?25l[A[1Gpulling manifest [K
pulling 1849ef83c4dd:   1% ▕                  ▏  65 MB/5.1 GB   15 MB/s   5m23s[K[?25h[?2026l[?2026h[?25l[A[1Gpulling manifest [K
pulling 1849ef83c4dd:   1% ▕                  ▏  65 MB/5.1 GB   15 MB/s   5m23s[K[?25h[?2026l[?2026h[?25l[A[1Gpulling manifest [K
pulling 1849ef83c4dd:   1% ▕                  ▏  67 MB/5.1 GB   15 MB/s   5m23s[K[?25h[?2026l[?2026h[?25l[A[1Gpulling manifest [K
pulling 1849ef83c4dd:   1% ▕                  ▏  68 MB/5.1 GB   15 MB/s   5m23s[K[?25h[?2026l[?2026h[?25l[A[1Gpulling manifest [K
pulling 1849ef83c4dd:   1% ▕                  ▏  68 MB/5.1 GB   15 MB/s   5m23s[K[?25h[?2026l[?2026h[?25l[A[1Gpulling manifest [K
pulling 1849ef83c4dd:   1% ▕                  ▏  70 MB/5.1 GB   15 MB/s   5m22s[K[?25h[?2026l[?2026h[?25l[A[1Gpulling manifest [K
pulling 1849ef83c4dd:   1% ▕                  ▏  72 MB/5.1 GB   15 MB/s   5m22s[K[?25h[?2026l[?2026h[?25l[A[1Gpulling manifest [K
pulling 1849ef83c4dd:   1% ▕                  ▏  73 MB/5.1 GB   15 MB/s   5m22s[K[?25h[?2026l[?2026h[?25l[A[1Gpulling manifest [K
pulling 1849ef83c4dd:   1% ▕                  ▏  74 MB/5.1 GB   14 MB/s   5m40s[K[?25h[?2026l[?2026h[?25l[A[1Gpulling manifest [K
pulling 1849ef83c4dd:   1% ▕                  ▏  75 MB/5.1 GB   14 MB/s   5m40s[K[?25h[?2026l[?2026h[?25l[A[1Gpulling manifest [K
pulling 1849ef83c4dd:   1% ▕                  ▏  76 MB/5.1 GB   14 MB/s   5m40s[K[?25h[?2026l[?2026h[?25l[A[1Gpulling manifest [K
pulling 1849ef83c4dd:   2% ▕                  ▏  78 MB/5.1 GB   14 MB/s   5m40s[K[?25h[?2026l[?2026h[?25l[A[1Gpulling manifest [K
pulling 1849ef83c4dd:   2% ▕                  ▏  80 MB/5.1 GB   14 MB/s   5m39s[K[?25h[?2026l[?2026h[?25l[A[1Gpulling manifest [K
pulling 1849ef83c4dd:   2% ▕                  ▏  80 MB/5.1 GB   14 MB/s   5m39s[K[?25h[?2026l[?2026h[?25l[A[1Gpulling manifest [K
pulling 1849ef83c4dd:   2% ▕                  ▏  81 MB/5.1 GB   14 MB/s   5m39s[K[?25h[?2026l[?2026h[?25l[A[1Gpulling manifest [K
pulling 1849ef83c4dd:   2% ▕                  ▏  82 MB/5.1 GB   14 MB/s   5m39s[K[?25h[?2026l[?2026h[?25l[A[1Gpulling manifest [K
pulling 1849ef83c4dd:   2% ▕                  ▏  83 MB/5.1 GB   14 MB/s   5m39s[K[?25h[?2026l[?2026h[?25l[A[1Gpulling manifest [K
pulling 1849ef83c4dd:   2% ▕                  ▏  85 MB/5.1 GB   14 MB/s   5m39s[K[?25h[?2026l[?2026h[?25l[A[1Gpulling manifest [K
pulling 1849ef83c4dd:   2% ▕                  ▏  87 MB/5.1 GB   14 MB/s   5m50s[K[?25h[?2026l[?2026h[?25l[A[1Gpulling manifest [K
pulling 1849ef83c4dd:   2% ▕                  ▏  87 MB/5.1 GB   14 MB/s   5m50s[K[?25h[?2026l[?2026h[?25l[A[1Gpulling manifest [K
pulling 1849ef83c4dd:   2% ▕                  ▏  88 MB/5.1 GB   14 MB/s   5m50s[K[?25h[?2026l[?2026h[?25l[A[1Gpulling manifest [K
pulling 1849ef83c4dd:   2% ▕                  ▏  90 MB/5.1 GB   14 MB/s   5m50s[K[?25h[?2026l[?2026h[?25l[A[1Gpulling manifest [K
pulling 1849ef83c4dd:   2% ▕                  ▏  90 MB/5.1 GB   14 MB/s   5m50s[K[?25h[?2026l[?2026h[?25l[A[1Gpulling manifest [K
pulling 1849ef83c4dd:   2% ▕                  ▏  92 MB/5.1 GB   14 MB/s   5m50s[K[?25h[?2026l[?2026h[?25l[A[1Gpulling manifest [K
pulling 1849ef83c4dd:   2% ▕                  ▏  93 MB/5.1 GB   14 MB/s   5m50s[K[?25h[?2026l[?2026h[?25l[A[1Gpulling manifest [K
pulling 1849ef83c4dd:   2% ▕                  ▏  93 MB/5.1 GB   14 MB/s   5m50s[K[?25h[?2026l[?2026h[?25l[A[1Gpulling manifest [K
pulling 1849ef83c4dd:   2% ▕                  ▏  95 MB/5.1 GB   14 MB/s   5m50s[K[?25h[?2026l[?2026h[?25l[A[1Gpulling manifest [K
pulling 1849ef83c4dd:   2% ▕                  ▏  97 MB/5.1 GB   14 MB/s   5m49s[K[?25h[?2026l[?2026h[?25l[A[1Gpulling manifest [K
pulling 1849ef83c4dd:   2% ▕                  ▏  98 MB/5.1 GB   14 MB/s   5m58s[K[?25h[?2026l[?2026h[?25l[A[1Gpulling manifest [K
pulling 1849ef83c4dd:   2% ▕                  ▏  99 MB/5.1 GB   14 MB/s   5m58s[K[?25h[?2026l[?2026h[?25l[A[1Gpulling manifest [K
pulling 1849ef83c4dd:   2% ▕                  ▏ 100 MB/5.1 GB   14 MB/s   5m58s[K[?25h[?2026l[?2026h[?25l[A[1Gpulling manifest [K
pulling 1849ef83c4dd:   2% ▕                  ▏ 101 MB/5.1 GB   14 MB/s   5m58s[K[?25h[?2026l[?2026h[?25l[A[1Gpulling manifest [K
pulling 1849ef83c4dd:   2% ▕                  ▏ 103 MB/5.1 GB   14 MB/s   5m58s[K[?25h[?2026l[?2026h[?25l[A[1Gpulling manifest [K
pulling 1849ef83c4dd:   2% ▕                  ▏ 104 MB/5.1 GB   14 MB/s   5m58s[K[?25h[?2026l[?2026h[?25l[A[1Gpulling manifest [K
pulling 1849ef83c4dd:   2% ▕                  ▏ 105 MB/5.1 GB   14 MB/s   5m58s[K[?25h[?2026l[?2026h[?25l[A[1Gpulling manifest [K
pulling 1849ef83c4dd:   2% ▕                  ▏ 105 MB/5.1 GB   14 MB/s   5m58s[K[?25h[?2026l[?2026h[?25l[A[1Gpulling manifest [K
pulling 1849ef83c4dd:   2% ▕                  ▏ 107 MB/5.1 GB   14 MB/s   5m58s[K[?25h[?2026l[?2026h[?25l[A[1Gpulling manifest [K
pulling 1849ef83c4dd:   2% ▕                  ▏ 108 MB/5.1 GB   14 MB/s   5m57s[K[?25h[?2026l[?2026h[?25l[A[1Gpulling manifest [K
pulling 1849ef83c4dd:   2% ▕                  ▏ 110 MB/5.1 GB   13 MB/s    6m5s[K[?25h[?2026l[?2026h[?25l[A[1Gpulling manifest [K
pulling 1849ef83c4dd:   2% ▕                  ▏ 111 MB/5.1 GB   13 MB/s    6m5s[K[?25h[?2026l[?2026h[?25l[A[1Gpulling manifest [K
pulling 1849ef83c4dd:   2% ▕                  ▏ 111 MB/5.1 GB   13 MB/s    6m5s[K[?25h[?2026l[?2026h[?25l[A[1Gpulling manifest [K
pulling 1849ef83c4dd:   2% ▕                  ▏ 112 MB/5.1 GB   13 MB/s    6m5s[K[?25h[?2026l[?2026h[?25l[A[1Gpulling manifest [K
pulling 1849ef83c4dd:   2% ▕                  ▏ 114 MB/5.1 GB   13 MB/s    6m5s[K[?25h[?2026l[?2026h[?25l[A[1Gpulling manifest [K
pulling 1849ef83c4dd:   2% ▕                  ▏ 115 MB/5.1 GB   13 MB/s    6m5s[K[?25h[?2026l[?2026h[?25l[A[1Gpulling manifest [K
pulling 1849ef83c4dd:   2% ▕                  ▏ 117 MB/5.1 GB   13 MB/s    6m4s[K[?25h[?2026l[?2026h[?25l[A[1Gpulling manifest [K
pulling 1849ef83c4dd:   2% ▕                  ▏ 117 MB/5.1 GB   13 MB/s    6m4s[K[?25h[?2026l[?2026h[?25l[A[1Gpulling manifest [K
pulling 1849ef83c4dd:   2% ▕                  ▏ 118 MB/5.1 GB   13 MB/s    6m4s[K[?25h[?2026l[?2026h[?25l[A[1Gpulling manifest [K
pulling 1849ef83c4dd:   2% ▕                  ▏ 119 MB/5.1 GB   13 MB/s    6m4s[K[?25h[?2026l[?2026h[?25l[A[1Gpulling manifest [K
pulling 1849ef83c4dd:   2% ▕                  ▏ 121 MB/5.1 GB   13 MB/s   6m11s[K[?25h[?2026l[?2026h[?25l[A[1Gpulling manifest [K
pulling 1849ef83c4dd:   2% ▕                  ▏ 122 MB/5.1 GB   13 MB/s   6m11s[K[?25h[?2026l[?2026h[?25l[A[1Gpulling manifest [K
pulling 1849ef83c4dd:   2% ▕                  ▏ 123 MB/5.1 GB   13 MB/s   6m11s[K[?25h[?2026l[?2026h[?25l[A[1Gpulling manifest [K
pulling 1849ef83c4dd:   2% ▕                  ▏ 124 MB/5.1 GB   13 MB/s   6m11s[K[?25h[?2026l[?2026h[?25l[A[1Gpulling manifest [K
pulling 1849ef83c4dd:   2% ▕                  ▏ 125 MB/5.1 GB   13 MB/s   6m10s[K[?25h[?2026l[?2026h[?25l[A[1Gpulling manifest [K
pulling 1849ef83c4dd:   2% ▕                  ▏ 127 MB/5.1 GB   13 MB/s   6m10s[K[?25h[?2026l[?2026h[?25l[A[1Gpulling manifest [K
pulling 1849ef83c4dd:   3% ▕                  ▏ 128 MB/5.1 GB   13 MB/s   6m10s[K[?25h[?2026l[?2026h[?25l[A[1Gpulling manifest [K
pulling 1849ef83c4dd:   3% ▕                  ▏ 129 MB/5.1 GB   13 MB/s   6m10s[K[?25h[?2026l[?2026h[?25l[A[1Gpulling manifest [K
pulling 1849ef83c4dd:   3% ▕                  ▏ 129 MB/5.1 GB   13 MB/s   6m10s[K[?25h[?2026l[?2026h[?25l[A[1Gpulling manifest [K
pulling 1849ef83c4dd:   3% ▕                  ▏ 131 MB/5.1 GB   13 MB/s   6m10s[K[?25h[?2026l[?2026h[?25l[A[1Gpulling manifest [K
pulling 1849ef83c4dd:   3% ▕                  ▏ 132 MB/5.1 GB   13 MB/s   6m10s[K[?25h[?2026l[?2026h[?25l[A[1Gpulling manifest [K
pulling 1849ef83c4dd:   3% ▕                  ▏ 134 MB/5.1 GB   12 MB/s   6m35s[K[?25h[?2026l[?2026h[?25l[A[1Gpulling manifest [K
pulling 1849ef83c4dd:   3% ▕                  ▏ 135 MB/5.1 GB   12 MB/s   6m35s[K[?25h[?2026l[?2026h[?25l[A[1Gpulling manifest [K
pulling 1849ef83c4dd:   3% ▕                  ▏ 135 MB/5.1 GB   12 MB/s   6m35s[K[?25h[?2026l[?2026h[?25l[A[1Gpulling manifest [K
pulling 1849ef83c4dd:   3% ▕                  ▏ 136 MB/5.1 GB   12 MB/s   6m35s[K[?25h[?2026l[?2026h[?25l[A[1Gpulling manifest [K
pulling 1849ef83c4dd:   3% ▕                  ▏ 138 MB/5.1 GB   12 MB/s   6m34s[K[?25h[?2026l[?2026h[?25l[A[1Gpulling manifest [K
pulling 1849ef83c4dd:   3% ▕                  ▏ 139 MB/5.1 GB   12 MB/s   6m34s[K[?25h[?2026l[?2026h[?25l[A[1Gpulling manifest [K
pulling 1849ef83c4dd:   3% ▕                  ▏ 141 MB/5.1 GB   12 MB/s   6m34s[K[?25h[?2026l[?2026h[?25l[A[1Gpulling manifest [K
pulling 1849ef83c4dd:   3% ▕                  ▏ 141 MB/5.1 GB   12 MB/s   6m34s[K[?25h[?2026l[?2026h[?25l[A[1Gpulling manifest [K
pulling 1849ef83c4dd:   3% ▕                  ▏ 142 MB/5.1 GB   12 MB/s   6m34s[K[?25h[?2026l[?2026h[?25l[A[1Gpulling manifest [K
pulling 1849ef83c4dd:   3% ▕                  ▏ 143 MB/5.1 GB   12 MB/s   6m34s[K[?25h[?2026l[?2026h[?25l[A[1Gpulling manifest [K
pulling 1849ef83c4dd:   3% ▕                  ▏ 145 MB/5.1 GB   12 MB/s   6m53s[K[?25h[?2026l[?2026h[?25l[A[1Gpulling manifest [K
pulling 1849ef83c4dd:   3% ▕                  ▏ 146 MB/5.1 GB   12 MB/s   6m53s[K[?25h[?2026l[?2026h[?25l[A[1Gpulling manifest [K
pulling 1849ef83c4dd:   3% ▕                  ▏ 147 MB/5.1 GB   12 MB/s   6m53s[K[?25h[?2026l[?2026h[?25l[A[1Gpulling manifest [K
pulling 1849ef83c4dd:   3% ▕                  ▏ 148 MB/5.1 GB   12 MB/s   6m53s[K[?25h[?2026l[?2026h[?25l[A[1Gpulling manifest [K
pulling 1849ef83c4dd:   3% ▕                  ▏ 149 MB/5.1 GB   12 MB/s   6m53s[K[?25h[?2026l[?2026h[?25l[A[1Gpulling manifest [K
pulling 1849ef83c4dd:   3% ▕                  ▏ 150 MB/5.1 GB   12 MB/s   6m53s[K[?25h[?2026l[?2026h[?25l[A[1Gpulling manifest [K
pulling 1849ef83c4dd:   3% ▕                  ▏ 152 MB/5.1 GB   12 MB/s   6m53s[K[?25h[?2026l[?2026h[?25l[A[1Gpulling manifest [K
pulling 1849ef83c4dd:   3% ▕                  ▏ 153 MB/5.1 GB   12 MB/s   6m52s[K[?25h[?2026l[?2026h[?25l[A[1Gpulling manifest [K
pulling 1849ef83c4dd:   3% ▕                  ▏ 153 MB/5.1 GB   12 MB/s   6m52s[K[?25h[?2026l[?2026h[?25l[A[1Gpulling manifest [K
pulling 1849ef83c4dd:   3% ▕                  ▏ 155 MB/5.1 GB   12 MB/s   6m52s[K[?25h[?2026l[?2026h[?25l[A[1Gpulling manifest [K
pulling 1849ef83c4dd:   3% ▕                  ▏ 156 MB/5.1 GB   11 MB/s   6m58s[K[?25h[?2026l[?2026h[?25l[A[1Gpulling manifest [K
pulling 1849ef83c4dd:   3% ▕                  ▏ 158 MB/5.1 GB   11 MB/s   6m58s[K[?25h[?2026l[?2026h[?25l[A[1Gpulling manifest [K
pulling 1849ef83c4dd:   3% ▕                  ▏ 159 MB/5.1 GB   11 MB/s   6m58s[K[?25h[?2026l[?2026h[?25l[A[1Gpulling manifest [K
pulling 1849ef83c4dd:   3% ▕                  ▏ 159 MB/5.1 GB   11 MB/s   6m58s[K[?25h[?2026l[?2026h[?25l[A[1Gpulling manifest [K
pulling 1849ef83c4dd:   3% ▕                  ▏ 161 MB/5.1 GB   11 MB/s   6m58s[K[?25h[?2026l[?2026h[?25l[A[1Gpulling manifest [K
pulling 1849ef83c4dd:   3% ▕                  ▏ 162 MB/5.1 GB   11 MB/s   6m58s[K[?25h[?2026l[?2026h[?25l[A[1Gpulling manifest [K
pulling 1849ef83c4dd:   3% ▕                  ▏ 163 MB/5.1 GB   11 MB/s   6m58s[K[?25h[?2026l[?2026h[?25l[A[1Gpulling manifest [K
pulling 1849ef83c4dd:   3% ▕                  ▏ 165 MB/5.1 GB   11 MB/s   6m58s[K[?25h[?2026l[?2026h[?25l[A[1Gpulling manifest [K
pulling 1849ef83c4dd:   3% ▕                  ▏ 166 MB/5.1 GB   11 MB/s   6m58s[K[?25h[?2026l[?2026h[?25l[A[1Gpulling manifest [K
pulling 1849ef83c4dd:   3% ▕                  ▏ 166 MB/5.1 GB   11 MB/s   6m58s[K[?25h[?2026l[?2026h[?25l[A[1Gpulling manifest [K
pulling 1849ef83c4dd:   3% ▕                  ▏ 168 MB/5.1 GB   11 MB/s    7m2s[K[?25h[?2026l[?2026h[?25l[A[1Gpulling manifest [K
pulling 1849ef83c4dd:   3% ▕                  ▏ 170 MB/5.1 GB   11 MB/s    7m2s[K[?25h[?2026l[?2026h[?25l[A[1Gpulling manifest [K
pulling 1849ef83c4dd:   3% ▕                  ▏ 171 MB/5.1 GB   11 MB/s    7m2s[K[?25h[?2026l[?2026h[?25l[A[1Gpulling manifest [K
pulling 1849ef83c4dd:   3% ▕                  ▏ 172 MB/5.1 GB   11 MB/s    7m2s[K[?25h[?2026l[?2026h[?25l[A[1Gpulling manifest [K
pulling 1849ef83c4dd:   3% ▕                  ▏ 173 MB/5.1 GB   11 MB/s    7m2s[K[?25h[?2026l[?2026h[?25l[A[1Gpulling manifest [K
pulling 1849ef83c4dd:   3% ▕                  ▏ 174 MB/5.1 GB   11 MB/s    7m2s[K[?25h[?2026l[?2026h[?25l[A[1Gpulling manifest [K
pulling 1849ef83c4dd:   3% ▕                  ▏ 176 MB/5.1 GB   11 MB/s    7m2s[K[?25h[?2026l[?2026h[?25l[A[1Gpulling manifest [K
pulling 1849ef83c4dd:   3% ▕                  ▏ 177 MB/5.1 GB   11 MB/s    7m2s[K[?25h[?2026l[?2026h[?25l[A[1Gpulling manifest [K
pulling 1849ef83c4dd:   3% ▕                  ▏ 178 MB/5.1 GB   11 MB/s    7m2s[K[?25h[?2026l[?2026h[?25l[A[1Gpulling manifest [K
pulling 1849ef83c4dd:   3% ▕                  ▏ 178 MB/5.1 GB   11 MB/s    7m2s[K[?25h[?2026l[?2026h[?25l[A[1Gpulling manifest [K
pulling 1849ef83c4dd:   4% ▕                  ▏ 180 MB/5.1 GB   11 MB/s   6m59s[K[?25h[?2026l[?2026h[?25l[A[1Gpulling manifest [K
pulling 1849ef83c4dd:   4% ▕                  ▏ 181 MB/5.1 GB   11 MB/s   6m59s[K[?25h[?2026l[?2026h[?25l[A[1Gpulling manifest [K
pulling 1849ef83c4dd:   4% ▕                  ▏ 183 MB/5.1 GB   11 MB/s   6m59s[K[?25h[?2026l[?2026h[?25l[A[1Gpulling manifest [K
pulling 1849ef83c4dd:   4% ▕                  ▏ 184 MB/5.1 GB   11 MB/s   6m58s[K[?25h[?2026l[?2026h[?25l[A[1Gpulling manifest [K
pulling 1849ef83c4dd:   4% ▕                  ▏ 184 MB/5.1 GB   11 MB/s   6m58s[K[?25h[?2026l[?2026h[?25l[A[1Gpulling manifest [K
pulling 1849ef83c4dd:   4% ▕                  ▏ 186 MB/5.1 GB   11 MB/s   6m58s[K[?25h[?2026l[?2026h[?25l[A[1Gpulling manifest [K
pulling 1849ef83c4dd:   4% ▕                  ▏ 188 MB/5.1 GB   11 MB/s   6m58s[K[?25h[?2026l[?2026h[?25l[A[1Gpulling manifest [K
pulling 1849ef83c4dd:   4% ▕                  ▏ 188 MB/5.1 GB   11 MB/s   6m58s[K[?25h[?2026l[?2026h[?25l[A[1Gpulling manifest [K
pulling 1849ef83c4dd:   4% ▕                  ▏ 190 MB/5.1 GB   11 MB/s   6m58s[K[?25h[?2026l[?2026h[?25l[A[1Gpulling manifest [K
pulling 1849ef83c4dd:   4% ▕                  ▏ 191 MB/5.1 GB   11 MB/s   6m58s[K[?25h[?2026l[?2026h[?25l[A[1Gpulling manifest [K
pulling 1849ef83c4dd:   4% ▕                  ▏ 191 MB/5.1 GB   11 MB/s   6m58s[K[?25h[?2026l[?2026h[?25l[A[1Gpulling manifest [K
pulling 1849ef83c4dd:   4% ▕                  ▏ 193 MB/5.1 GB   11 MB/s   6m58s[K[?25h[?2026l[?2026h[?25l[A[1Gpulling manifest [K
pulling 1849ef83c4dd:   4% ▕                  ▏ 195 MB/5.1 GB   11 MB/s   6m58s[K[?25h[?2026l[?2026h[?25l[A[1Gpulling manifest [K
pulling 1849ef83c4dd:   4% ▕                  ▏ 196 MB/5.1 GB   11 MB/s   6m57s[K[?25h[?2026l[?2026h[?25l[A[1Gpulling manifest [K
pulling 1849ef83c4dd:   4% ▕                  ▏ 197 MB/5.1 GB   11 MB/s   6m57s[K[?25h[?2026l[?2026h[?25l[A[1Gpulling manifest [K
pulling 1849ef83c4dd:   4% ▕                  ▏ 198 MB/5.1 GB   11 MB/s   6m57s[K[?25h[?2026l[?2026h[?25l[A[1Gpulling manifest [K
pulling 1849ef83c4dd:   4% ▕                  ▏ 199 MB/5.1 GB   11 MB/s   6m57s[K[?25h[?2026l[?2026h[?25l[A[1Gpulling manifest [K
pulling 1849ef83c4dd:   4% ▕                  ▏ 200 MB/5.1 GB   11 MB/s   6m57s[K[?25h[?2026l[?2026h[?25l[A[1Gpulling manifest [K
pulling 1849ef83c4dd:   4% ▕                  ▏ 202 MB/5.1 GB   11 MB/s   6m57s[K[?25h[?2026l[?2026h[?25l[A[1Gpulling manifest [K
pulling 1849ef83c4dd:   4% ▕                  ▏ 203 MB/5.1 GB   11 MB/s   6m57s[K[?25h[?2026l[?2026h[?25l[A[1Gpulling manifest [K
pulling 1849ef83c4dd:   4% ▕                  ▏ 203 MB/5.1 GB   11 MB/s   6m57s[K[?25h[?2026l[?2026h[?25l[A[1Gpulling manifest [K
pulling 1849ef83c4dd:   4% ▕                  ▏ 205 MB/5.1 GB   11 MB/s   6m56s[K[?25h[?2026l[?2026h[?25l[A[1Gpulling manifest [K
pulling 1849ef83c4dd:   4% ▕                  ▏ 206 MB/5.1 GB   11 MB/s   6m56s[K[?25h[?2026l[?2026h[?25l[A[1Gpulling manifest [K
pulling 1849ef83c4dd:   4% ▕                  ▏ 208 MB/5.1 GB   11 MB/s   6m56s[K[?25h[?2026l[?2026h[?25l[A[1Gpulling manifest [K
pulling 1849ef83c4dd:   4% ▕                  ▏ 209 MB/5.1 GB   11 MB/s   6m56s[K[?25h[?2026l[?2026h[?25l[A[1Gpulling manifest [K
pulling 1849ef83c4dd:   4% ▕                  ▏ 209 MB/5.1 GB   11 MB/s   6m56s[K[?25h[?2026l[?2026h[?25l[A[1Gpulling manifest [K
pulling 1849ef83c4dd:   4% ▕                  ▏ 210 MB/5.1 GB   11 MB/s   6m55s[K[?25h[?2026l[?2026h[?25l[A[1Gpulling manifest [K
pulling 1849ef83c4dd:   4% ▕                  ▏ 212 MB/5.1 GB   11 MB/s   6m55s[K[?25h[?2026l[?2026h[?25l[A[1Gpulling manifest [K
pulling 1849ef83c4dd:   4% ▕                  ▏ 213 MB/5.1 GB   11 MB/s   6m55s[K[?25h[?2026l[?2026h[?25l[A[1Gpulling manifest [K
pulling 1849ef83c4dd:   4% ▕                  ▏ 215 MB/5.1 GB   11 MB/s   6m55s[K[?25h[?2026l[?2026h[?25l[A[1Gpulling manifest [K
pulling 1849ef83c4dd:   4% ▕                  ▏ 215 MB/5.1 GB   11 MB/s   6m55s[K[?25h[?2026l[?2026h[?25l[A[1Gpulling manifest [K
pulling 1849ef83c4dd:   4% ▕                  ▏ 216 MB/5.1 GB   11 MB/s   6m57s[K[?25h[?2026l[?2026h[?25l[A[1Gpulling manifest [K
pulling 1849ef83c4dd:   4% ▕                  ▏ 218 MB/5.1 GB   11 MB/s   6m57s[K[?25h[?2026l[?2026h[?25l[A[1Gpulling manifest [K
pulling 1849ef83c4dd:   4% ▕                  ▏ 219 MB/5.1 GB   11 MB/s   6m56s[K[?25h[?2026l[?2026h[?25l[A[1Gpulling manifest [K
pulling 1849ef83c4dd:   4% ▕                  ▏ 220 MB/5.1 GB   11 MB/s   6m56s[K[?25h[?2026l[?2026h[?25l[A[1Gpulling manifest [K
pulling 1849ef83c4dd:   4% ▕                  ▏ 221 MB/5.1 GB   11 MB/s   6m56s[K[?25h[?2026l[?2026h[?25l[A[1Gpulling manifest [K
pulling 1849ef83c4dd:   4% ▕                  ▏ 222 MB/5.1 GB   11 MB/s   6m56s[K[?25h[?2026l[?2026h[?25l[A[1Gpulling manifest [K
pulling 1849ef83c4dd:   4% ▕                  ▏ 223 MB/5.1 GB   11 MB/s   6m56s[K[?25h[?2026l[?2026h[?25l[A[1Gpulling manifest [K
pulling 1849ef83c4dd:   4% ▕                  ▏ 225 MB/5.1 GB   11 MB/s   6m56s[K[?25h[?2026l[?2026h[?25l[A[1Gpulling manifest [K
pulling 1849ef83c4dd:   4% ▕                  ▏ 226 MB/5.1 GB   11 MB/s   6m56s[K[?25h[?2026l[?2026h[?25l[A[1Gpulling manifest [K
pulling 1849ef83c4dd:   4% ▕                  ▏ 227 MB/5.1 GB   11 MB/s   6m56s[K[?25h[?2026l[?2026h[?25l[A[1Gpulling manifest [K
pulling 1849ef83c4dd:   4% ▕                  ▏ 227 MB/5.1 GB   11 MB/s   6m55s[K[?25h[?2026l[?2026h[?25l[A[1Gpulling manifest [K
pulling 1849ef83c4dd:   4% ▕                  ▏ 229 MB/5.1 GB   11 MB/s   6m55s[K[?25h[?2026l[?2026h[?25l[A[1Gpulling manifest [K
pulling 1849ef83c4dd:   4% ▕                  ▏ 230 MB/5.1 GB   11 MB/s   6m55s[K[?25h[?2026l[?2026h[?25l[A[1Gpulling manifest [K
pulling 1849ef83c4dd:   5% ▕                  ▏ 232 MB/5.1 GB   11 MB/s   6m55s[K[?25h[?2026l[?2026h[?25l[A[1Gpulling manifest [K
pulling 1849ef83c4dd:   5% ▕                  ▏ 233 MB/5.1 GB   11 MB/s   6m55s[K[?25h[?2026l[?2026h[?25l[A[1Gpulling manifest [K
pulling 1849ef83c4dd:   5% ▕                  ▏ 233 MB/5.1 GB   11 MB/s   6m55s[K[?25h[?2026l[?2026h[?25l[A[1Gpulling manifest [K
pulling 1849ef83c4dd:   5% ▕                  ▏ 234 MB/5.1 GB   11 MB/s   6m54s[K[?25h[?2026l[?2026h[?25l[A[1Gpulling manifest [K
pulling 1849ef83c4dd:   5% ▕                  ▏ 237 MB/5.1 GB   11 MB/s   6m54s[K[?25h[?2026l[?2026h[?25l[A[1Gpulling manifest [K
pulling 1849ef83c4dd:   5% ▕                  ▏ 237 MB/5.1 GB   11 MB/s   6m54s[K[?25h[?2026l[?2026h[?25l[A[1Gpulling manifest [K
pulling 1849ef83c4dd:   5% ▕                  ▏ 239 MB/5.1 GB   11 MB/s   6m54s[K[?25h[?2026l[?2026h[?25l[A[1Gpulling manifest [K
pulling 1849ef83c4dd:   5% ▕                  ▏ 240 MB/5.1 GB   11 MB/s   6m51s[K[?25h[?2026l[?2026h[?25l[A[1Gpulling manifest [K
pulling 1849ef83c4dd:   5% ▕                  ▏ 240 MB/5.1 GB   11 MB/s   6m51s[K[?25h[?2026l[?2026h[?25l[A[1Gpulling manifest [K
pulling 1849ef83c4dd:   5% ▕                  ▏ 242 MB/5.1 GB   11 MB/s   6m51s[K[?25h[?2026l[?2026h[?25l[A[1Gpulling manifest [K
pulling 1849ef83c4dd:   5% ▕                  ▏ 244 MB/5.1 GB   11 MB/s   6m51s[K[?25h[?2026l[?2026h[?25l[A[1Gpulling manifest [K
pulling 1849ef83c4dd:   5% ▕                  ▏ 245 MB/5.1 GB   11 MB/s   6m51s[K[?25h[?2026l[?2026h[?25l[A[1Gpulling manifest [K
pulling 1849ef83c4dd:   5% ▕                  ▏ 246 MB/5.1 GB   11 MB/s   6m50s[K[?25h[?2026l[?2026h[?25l[A[1Gpulling manifest [K
pulling 1849ef83c4dd:   5% ▕                  ▏ 246 MB/5.1 GB   11 MB/s   6m50s[K[?25h[?2026l[?2026h[?25l[A[1Gpulling manifest [K
pulling 1849ef83c4dd:   5% ▕                  ▏ 247 MB/5.1 GB   11 MB/s   6m50s[K[?25h[?2026l[?2026h[?25l[A[1Gpulling manifest [K
pulling 1849ef83c4dd:   5% ▕                  ▏ 249 MB/5.1 GB   11 MB/s   6m50s[K[?25h[?2026l[?2026h[?25l[A[1Gpulling manifest [K
pulling 1849ef83c4dd:   5% ▕                  ▏ 251 MB/5.1 GB   11 MB/s   6m50s[K[?25h[?2026l[?2026h[?25l[A[1Gpulling manifest [K
pulling 1849ef83c4dd:   5% ▕                  ▏ 251 MB/5.1 GB   11 MB/s   6m50s[K[?25h[?2026l[?2026h[?25l[A[1Gpulling manifest [K
pulling 1849ef83c4dd:   5% ▕                  ▏ 252 MB/5.1 GB   11 MB/s   6m50s[K[?25h[?2026l[?2026h[?25l[A[1Gpulling manifest [K
pulling 1849ef83c4dd:   5% ▕                  ▏ 253 MB/5.1 GB   11 MB/s   6m49s[K[?25h[?2026l[?2026h[?25l[A[1Gpulling manifest [K
pulling 1849ef83c4dd:   5% ▕                  ▏ 254 MB/5.1 GB   11 MB/s   6m49s[K[?25h[?2026l[?2026h[?25l[A[1Gpulling manifest [K
pulling 1849ef83c4dd:   5% ▕                  ▏ 256 MB/5.1 GB   11 MB/s   6m49s[K[?25h[?2026l[?2026h[?25l[A[1Gpulling manifest [K
pulling 1849ef83c4dd:   5% ▕                  ▏ 257 MB/5.1 GB   11 MB/s   6m49s[K[?25h[?2026l[?2026h[?25l[A[1Gpulling manifest [K
pulling 1849ef83c4dd:   5% ▕                  ▏ 257 MB/5.1 GB   11 MB/s   6m49s[K[?25h[?2026l[?2026h[?25l[A[1Gpulling manifest [K
pulling 1849ef83c4dd:   5% ▕                  ▏ 259 MB/5.1 GB   11 MB/s   6m49s[K[?25h[?2026l[?2026h[?25l[A[1Gpulling manifest [K
pulling 1849ef83c4dd:   5% ▕                  ▏ 260 MB/5.1 GB   11 MB/s   6m49s[K[?25h[?2026l[?2026h[?25l[A[1Gpulling manifest [K
pulling 1849ef83c4dd:   5% ▕                  ▏ 261 MB/5.1 GB   11 MB/s   6m49s[K[?25h[?2026l[?2026h[?25l[A[1Gpulling manifest [K
pulling 1849ef83c4dd:   5% ▕                  ▏ 263 MB/5.1 GB   11 MB/s   6m49s[K[?25h[?2026l[?2026h[?25l[A[1Gpulling manifest [K
pulling 1849ef83c4dd:   5% ▕                  ▏ 263 MB/5.1 GB   11 MB/s   6m47s[K[?25h[?2026l[?2026h[?25l[A[1Gpulling manifest [K
pulling 1849ef83c4dd:   5% ▕                  ▏ 264 MB/5.1 GB   11 MB/s   6m47s[K[?25h[?2026l[?2026h[?25l[A[1Gpulling manifest [K
pulling 1849ef83c4dd:   5% ▕                  ▏ 266 MB/5.1 GB   11 MB/s   6m47s[K[?25h[?2026l[?2026h[?25l[A[1Gpulling manifest [K
pulling 1849ef83c4dd:   5% ▕                  ▏ 268 MB/5.1 GB   11 MB/s   6m46s[K[?25h[?2026l[?2026h[?25l[A[1Gpulling manifest [K
pulling 1849ef83c4dd:   5% ▕                  ▏ 269 MB/5.1 GB   11 MB/s   6m46s[K[?25h[?2026l[?2026h[?25l[A[1Gpulling manifest [K
pulling 1849ef83c4dd:   5% ▕                  ▏ 270 MB/5.1 GB   11 MB/s   6m46s[K[?25h[?2026l[?2026h[?25l[A[1Gpulling manifest [K
pulling 1849ef83c4dd:   5% ▕                  ▏ 271 MB/5.1 GB   11 MB/s   6m46s[K[?25h[?2026l[?2026h[?25l[A[1Gpulling manifest [K
pulling 1849ef83c4dd:   5% ▕                  ▏ 271 MB/5.1 GB   11 MB/s   6m46s[K[?25h[?2026l[?2026h[?25l[A[1Gpulling manifest [K
pulling 1849ef83c4dd:   5% ▕                  ▏ 273 MB/5.1 GB   11 MB/s   6m46s[K[?25h[?2026l[?2026h[?25l[A[1Gpulling manifest [K
pulling 1849ef83c4dd:   5% ▕                  ▏ 275 MB/5.1 GB   11 MB/s   6m46s[K[?25h[?2026l[?2026h[?25l[A[1Gpulling manifest [K
pulling 1849ef83c4dd:   5% ▕                  ▏ 276 MB/5.1 GB   11 MB/s   6m46s[K[?25h[?2026l[?2026h[?25l[A[1Gpulling manifest [K
pulling 1849ef83c4dd:   5% ▕                  ▏ 276 MB/5.1 GB   11 MB/s   6m46s[K[?25h[?2026l[?2026h[?25l[A[1Gpulling manifest [K
pulling 1849ef83c4dd:   5% ▕                  ▏ 278 MB/5.1 GB   11 MB/s   6m46s[K[?25h[?2026l[?2026h[?25l[A[1Gpulling manifest [K
pulling 1849ef83c4dd:   5% ▕                  ▏ 279 MB/5.1 GB   11 MB/s   6m46s[K[?25h[?2026l[?2026h[?25l[A[1Gpulling manifest [K
pulling 1849ef83c4dd:   5% ▕                  ▏ 280 MB/5.1 GB   11 MB/s   6m45s[K[?25h[?2026l[?2026h[?25l[A[1Gpulling manifest [K
pulling 1849ef83c4dd:   5% ▕                  ▏ 282 MB/5.1 GB   11 MB/s   6m45s[K[?25h[?2026l[?2026h[?25l[A[1Gpulling manifest [K
pulling 1849ef83c4dd:   5% ▕                  ▏ 282 MB/5.1 GB   11 MB/s   6m45s[K[?25h[?2026l[?2026h[?25l[A[1Gpulling manifest [K
pulling 1849ef83c4dd:   6% ▕                  ▏ 283 MB/5.1 GB   11 MB/s   6m45s[K[?25h[?2026l[?2026h[?25l[A[1Gpulling manifest [K
pulling 1849ef83c4dd:   6% ▕█                 ▏ 285 MB/5.1 GB   11 MB/s   6m45s[K[?25h[?2026l[?2026h[?25l[A[1Gpulling manifest [K
pulling 1849ef83c4dd:   6% ▕█                 ▏ 286 MB/5.1 GB   11 MB/s   6m45s[K[?25h[?2026l[?2026h[?25l[A[1Gpulling manifest [K
pulling 1849ef83c4dd:   6% ▕█                 ▏ 288 MB/5.1 GB   11 MB/s   6m45s[K[?25h[?2026l[?2026h[?25l[A[1Gpulling manifest [K
pulling 1849ef83c4dd:   6% ▕█                 ▏ 288 MB/5.1 GB   11 MB/s   6m45s[K[?25h[?2026l[?2026h[?25l[A[1Gpulling manifest [K
pulling 1849ef83c4dd:   6% ▕█                 ▏ 289 MB/5.1 GB   11 MB/s   6m45s[K[?25h[?2026l[?2026h[?25l[A[1Gpulling manifest [K
pulling 1849ef83c4dd:   6% ▕█                 ▏ 290 MB/5.1 GB   11 MB/s   6m45s[K[?25h[?2026l[?2026h[?25l[A[1Gpulling manifest [K
pulling 1849ef83c4dd:   6% ▕█                 ▏ 292 MB/5.1 GB   11 MB/s   6m45s[K[?25h[?2026l[?2026h[?25l[A[1Gpulling manifest [K
pulling 1849ef83c4dd:   6% ▕█                 ▏ 293 MB/5.1 GB   11 MB/s   6m45s[K[?25h[?2026l[?2026h[?25l[A[1Gpulling manifest [K
pulling 1849ef83c4dd:   6% ▕█                 ▏ 294 MB/5.1 GB   11 MB/s   6m45s[K[?25h[?2026l[?2026h[?25l[A[1Gpulling manifest [K
pulling 1849ef83c4dd:   6% ▕█                 ▏ 295 MB/5.1 GB   11 MB/s   6m45s[K[?25h[?2026l[?2026h[?25l[A[1Gpulling manifest [K
pulling 1849ef83c4dd:   6% ▕█                 ▏ 296 MB/5.1 GB   11 MB/s   6m45s[K[?25h[?2026l[?2026h[?25l[A[1Gpulling manifest [K
pulling 1849ef83c4dd:   6% ▕█                 ▏ 298 MB/5.1 GB   11 MB/s   6m45s[K[?25h[?2026l[?2026h[?25l[A[1Gpulling manifest [K
pulling 1849ef83c4dd:   6% ▕█                 ▏ 300 MB/5.1 GB   11 MB/s   6m44s[K[?25h[?2026l[?2026h[?25l[A[1Gpulling manifest [K
pulling 1849ef83c4dd:   6% ▕█                 ▏ 300 MB/5.1 GB   11 MB/s   6m44s[K[?25h[?2026l[?2026h[?25l[A[1Gpulling manifest [K
pulling 1849ef83c4dd:   6% ▕█                 ▏ 301 MB/5.1 GB   11 MB/s   6m44s[K[?25h[?2026l[?2026h[?25l[A[1Gpulling manifest [K
pulling 1849ef83c4dd:   6% ▕█                 ▏ 303 MB/5.1 GB   11 MB/s   6m44s[K[?25h[?2026l[?2026h[?25l[A[1Gpulling manifest [K
pulling 1849ef83c4dd:   6% ▕█                 ▏ 303 MB/5.1 GB   11 MB/s   6m44s[K[?25h[?2026l[?2026h[?25l[A[1Gpulling manifest [K
pulling 1849ef83c4dd:   6% ▕█                 ▏ 305 MB/5.1 GB   11 MB/s   6m44s[K[?25h[?2026l[?2026h[?25l[A[1Gpulling manifest [K
pulling 1849ef83c4dd:   6% ▕█                 ▏ 307 MB/5.1 GB   11 MB/s   6m44s[K[?25h[?2026l[?2026h[?25l[A[1Gpulling manifest [K
pulling 1849ef83c4dd:   6% ▕█                 ▏ 307 MB/5.1 GB   11 MB/s   6m44s[K[?25h[?2026l[?2026h[?25l[A[1Gpulling manifest [K
pulling 1849ef83c4dd:   6% ▕█                 ▏ 308 MB/5.1 GB   11 MB/s   6m43s[K[?25h[?2026l[?2026h[?25l[A[1Gpulling manifest [K
pulling 1849ef83c4dd:   6% ▕█                 ▏ 310 MB/5.1 GB   11 MB/s   6m43s[K[?25h[?2026l[?2026h[?25l[A[1Gpulling manifest [K
pulling 1849ef83c4dd:   6% ▕█                 ▏ 311 MB/5.1 GB   11 MB/s   6m43s[K[?25h[?2026l[?2026h[?25l[A[1Gpulling manifest [K
pulling 1849ef83c4dd:   6% ▕█                 ▏ 313 MB/5.1 GB   11 MB/s   6m44s[K[?25h[?2026l[?2026h[?25l[A[1Gpulling manifest [K
pulling 1849ef83c4dd:   6% ▕█                 ▏ 313 MB/5.1 GB   11 MB/s   6m44s[K[?25h[?2026l[?2026h[?25l[A[1Gpulling manifest [K
pulling 1849ef83c4dd:   6% ▕█                 ▏ 313 MB/5.1 GB   11 MB/s   6m44s[K[?25h[?2026l[?2026h[?25l[A[1Gpulling manifest [K
pulling 1849ef83c4dd:   6% ▕█                 ▏ 315 MB/5.1 GB   11 MB/s   6m43s[K[?25h[?2026l[?2026h[?25l[A[1Gpulling manifest [K
pulling 1849ef83c4dd:   6% ▕█                 ▏ 317 MB/5.1 GB   11 MB/s   6m43s[K[?25h[?2026l[?2026h[?25l[A[1Gpulling manifest [K
pulling 1849ef83c4dd:   6% ▕█                 ▏ 318 MB/5.1 GB   11 MB/s   6m43s[K[?25h[?2026l[?2026h[?25l[A[1Gpulling manifest [K
pulling 1849ef83c4dd:   6% ▕█                 ▏ 319 MB/5.1 GB   11 MB/s   6m43s[K[?25h[?2026l[?2026h[?25l[A[1Gpulling manifest [K
pulling 1849ef83c4dd:   6% ▕█                 ▏ 320 MB/5.1 GB   11 MB/s   6m43s[K[?25h[?2026l[?2026h[?25l[A[1Gpulling manifest [K
pulling 1849ef83c4dd:   6% ▕█                 ▏ 321 MB/5.1 GB   11 MB/s   6m43s[K[?25h[?2026l[?2026h[?25l[A[1Gpulling manifest [K
pulling 1849ef83c4dd:   6% ▕█                 ▏ 322 MB/5.1 GB   11 MB/s   6m43s[K[?25h[?2026l[?2026h[?25l[A[1Gpulling manifest [K
pulling 1849ef83c4dd:   6% ▕█                 ▏ 324 MB/5.1 GB   11 MB/s   6m42s[K[?25h[?2026l[?2026h[?25l[A[1Gpulling manifest [K
pulling 1849ef83c4dd:   6% ▕█                 ▏ 325 MB/5.1 GB   11 MB/s   6m42s[K[?25h[?2026l[?2026h[?25l[A[1Gpulling manifest [K
pulling 1849ef83c4dd:   6% ▕█                 ▏ 325 MB/5.1 GB   11 MB/s   6m42s[K[?25h[?2026l[?2026h[?25l[A[1Gpulling manifest [K
pulling 1849ef83c4dd:   6% ▕█                 ▏ 327 MB/5.1 GB   11 MB/s   6m42s[K[?25h[?2026l[?2026h[?25l[A[1Gpulling manifest [K
pulling 1849ef83c4dd:   6% ▕█                 ▏ 328 MB/5.1 GB   11 MB/s   6m42s[K[?25h[?2026l[?2026h[?25l[A[1Gpulling manifest [K
pulling 1849ef83c4dd:   6% ▕█                 ▏ 330 MB/5.1 GB   11 MB/s   6m42s[K[?25h[?2026l[?2026h[?25l[A[1Gpulling manifest [K
pulling 1849ef83c4dd:   6% ▕█                 ▏ 331 MB/5.1 GB   11 MB/s   6m42s[K[?25h[?2026l[?2026h[?25l[A[1Gpulling manifest [K
pulling 1849ef83c4dd:   6% ▕█                 ▏ 331 MB/5.1 GB   11 MB/s   6m42s[K[?25h[?2026l[?2026h[?25l[A[1Gpulling manifest [K
pulling 1849ef83c4dd:   6% ▕█                 ▏ 333 MB/5.1 GB   11 MB/s   6m41s[K[?25h[?2026l[?2026h[?25l[A[1Gpulling manifest [K
pulling 1849ef83c4dd:   7% ▕█                 ▏ 335 MB/5.1 GB   11 MB/s   6m41s[K[?25h[?2026l[?2026h[?25l[A[1Gpulling manifest [K
pulling 1849ef83c4dd:   7% ▕█                 ▏ 336 MB/5.1 GB   12 MB/s   6m38s[K[?25h[?2026l[?2026h[?25l[A[1Gpulling manifest [K
pulling 1849ef83c4dd:   7% ▕█                 ▏ 338 MB/5.1 GB   12 MB/s   6m38s[K[?25h[?2026l[?2026h[?25l[A[1Gpulling manifest [K
pulling 1849ef83c4dd:   7% ▕█                 ▏ 338 MB/5.1 GB   12 MB/s   6m38s[K[?25h[?2026l[?2026h[?25l[A[1Gpulling manifest [K
pulling 1849ef83c4dd:   7% ▕█                 ▏ 338 MB/5.1 GB   12 MB/s   6m38s[K[?25h[?2026l[?2026h[?25l[A[1Gpulling manifest [K
pulling 1849ef83c4dd:   7% ▕█                 ▏ 340 MB/5.1 GB   12 MB/s   6m37s[K[?25h[?2026l[?2026h[?25l[A[1Gpulling manifest [K
pulling 1849ef83c4dd:   7% ▕█                 ▏ 342 MB/5.1 GB   12 MB/s   6m37s[K[?25h[?2026l[?2026h[?25l[A[1Gpulling manifest [K
pulling 1849ef83c4dd:   7% ▕█                 ▏ 343 MB/5.1 GB   12 MB/s   6m37s[K[?25h[?2026l[?2026h[?25l[A[1Gpulling manifest [K
pulling 1849ef83c4dd:   7% ▕█                 ▏ 344 MB/5.1 GB   12 MB/s   6m37s[K[?25h[?2026l[?2026h[?25l[A[1Gpulling manifest [K
pulling 1849ef83c4dd:   7% ▕█                 ▏ 345 MB/5.1 GB   12 MB/s   6m37s[K[?25h[?2026l[?2026h[?25l[A[1Gpulling manifest [K
pulling 1849ef83c4dd:   7% ▕█                 ▏ 346 MB/5.1 GB   12 MB/s   6m37s[K[?25h[?2026l[?2026h[?25l[A[1Gpulling manifest [K
pulling 1849ef83c4dd:   7% ▕█                 ▏ 347 MB/5.1 GB   11 MB/s   6m40s[K[?25h[?2026l[?2026h[?25l[A[1Gpulling manifest [K
pulling 1849ef83c4dd:   7% ▕█                 ▏ 349 MB/5.1 GB   11 MB/s   6m40s[K[?25h[?2026l[?2026h[?25l[A[1Gpulling manifest [K
pulling 1849ef83c4dd:   7% ▕█                 ▏ 350 MB/5.1 GB   11 MB/s   6m39s[K[?25h[?2026l[?2026h[?25l[A[1Gpulling manifest [K
pulling 1849ef83c4dd:   7% ▕█                 ▏ 350 MB/5.1 GB   11 MB/s   6m39s[K[?25h[?2026l[?2026h[?25l[A[1Gpulling manifest [K
pulling 1849ef83c4dd:   7% ▕█                 ▏ 352 MB/5.1 GB   11 MB/s   6m39s[K[?25h[?2026l[?2026h[?25l[A[1Gpulling manifest [K
pulling 1849ef83c4dd:   7% ▕█                 ▏ 352 MB/5.1 GB   11 MB/s   6m39s[K[?25h[?2026l[?2026h[?25l[A[1Gpulling manifest [K
pulling 1849ef83c4dd:   7% ▕█                 ▏ 354 MB/5.1 GB   11 MB/s   6m39s[K[?25h[?2026l[?2026h[?25l[A[1Gpulling manifest [K
pulling 1849ef83c4dd:   7% ▕█                 ▏ 355 MB/5.1 GB   11 MB/s   6m39s[K[?25h[?2026l[?2026h[?25l[A[1Gpulling manifest [K
pulling 1849ef83c4dd:   7% ▕█                 ▏ 355 MB/5.1 GB   11 MB/s   6m39s[K[?25h[?2026l[?2026h[?25l[A[1Gpulling manifest [K
pulling 1849ef83c4dd:   7% ▕█                 ▏ 357 MB/5.1 GB   11 MB/s   6m39s[K[?25h[?2026l[?2026h[?25l[A[1Gpulling manifest [K
pulling 1849ef83c4dd:   7% ▕█                 ▏ 358 MB/5.1 GB   11 MB/s   6m41s[K[?25h[?2026l[?2026h[?25l[A[1Gpulling manifest [K
pulling 1849ef83c4dd:   7% ▕█                 ▏ 359 MB/5.1 GB   11 MB/s   6m41s[K[?25h[?2026l[?2026h[?25l[A[1Gpulling manifest [K
pulling 1849ef83c4dd:   7% ▕█                 ▏ 361 MB/5.1 GB   11 MB/s   6m41s[K[?25h[?2026l[?2026h[?25l[A[1Gpulling manifest [K
pulling 1849ef83c4dd:   7% ▕█                 ▏ 361 MB/5.1 GB   11 MB/s   6m41s[K[?25h[?2026l[?2026h[?25l[A[1Gpulling manifest [K
pulling 1849ef83c4dd:   7% ▕█                 ▏ 362 MB/5.1 GB   11 MB/s   6m41s[K[?25h[?2026l[?2026h[?25l[A[1Gpulling manifest [K
pulling 1849ef83c4dd:   7% ▕█                 ▏ 364 MB/5.1 GB   11 MB/s   6m41s[K[?25h[?2026l[?2026h[?25l[A[1Gpulling manifest [K
pulling 1849ef83c4dd:   7% ▕█                 ▏ 365 MB/5.1 GB   11 MB/s   6m41s[K[?25h[?2026l[?2026h[?25l[A[1Gpulling manifest [K
pulling 1849ef83c4dd:   7% ▕█                 ▏ 366 MB/5.1 GB   11 MB/s   6m41s[K[?25h[?2026l[?2026h[?25l[A[1Gpulling manifest [K
pulling 1849ef83c4dd:   7% ▕█                 ▏ 367 MB/5.1 GB   11 MB/s   6m41s[K[?25h[?2026l[?2026h[?25l[A[1Gpulling manifest [K
pulling 1849ef83c4dd:   7% ▕█                 ▏ 368 MB/5.1 GB   11 MB/s   6m41s[K[?25h[?2026l[?2026h[?25l[A[1Gpulling manifest [K
pulling 1849ef83c4dd:   7% ▕█                 ▏ 369 MB/5.1 GB   11 MB/s   6m41s[K[?25h[?2026l[?2026h[?25l[A[1Gpulling manifest [K
pulling 1849ef83c4dd:   7% ▕█                 ▏ 370 MB/5.1 GB   11 MB/s   6m43s[K[?25h[?2026l[?2026h[?25l[A[1Gpulling manifest [K
pulling 1849ef83c4dd:   7% ▕█                 ▏ 372 MB/5.1 GB   11 MB/s   6m43s[K[?25h[?2026l[?2026h[?25l[A[1Gpulling manifest [K
pulling 1849ef83c4dd:   7% ▕█                 ▏ 373 MB/5.1 GB   11 MB/s   6m43s[K[?25h[?2026l[?2026h[?25l[A[1Gpulling manifest [K
pulling 1849ef83c4dd:   7% ▕█                 ▏ 373 MB/5.1 GB   11 MB/s   6m43s[K[?25h[?2026l[?2026h[?25l[A[1Gpulling manifest [K
pulling 1849ef83c4dd:   7% ▕█                 ▏ 375 MB/5.1 GB   11 MB/s   6m43s[K[?25h[?2026l[?2026h[?25l[A[1Gpulling manifest [K
pulling 1849ef83c4dd:   7% ▕█                 ▏ 376 MB/5.1 GB   11 MB/s   6m42s[K[?25h[?2026l[?2026h[?25l[A[1Gpulling manifest [K
pulling 1849ef83c4dd:   7% ▕█                 ▏ 377 MB/5.1 GB   11 MB/s   6m42s[K[?25h[?2026l[?2026h[?25l[A[1Gpulling manifest [K
pulling 1849ef83c4dd:   7% ▕█                 ▏ 379 MB/5.1 GB   11 MB/s   6m42s[K[?25h[?2026l[?2026h[?25l[A[1Gpulling manifest [K
pulling 1849ef83c4dd:   7% ▕█                 ▏ 379 MB/5.1 GB   11 MB/s   6m42s[K[?25h[?2026l[?2026h[?25l[A[1Gpulling manifest [K
pulling 1849ef83c4dd:   7% ▕█                 ▏ 380 MB/5.1 GB   11 MB/s   6m42s[K[?25h[?2026l[?2026h[?25l[A[1Gpulling manifest [K
pulling 1849ef83c4dd:   7% ▕█                 ▏ 382 MB/5.1 GB   11 MB/s   6m44s[K[?25h[?2026l[?2026h[?25l[A[1Gpulling manifest [K
pulling 1849ef83c4dd:   7% ▕█                 ▏ 383 MB/5.1 GB   11 MB/s   6m44s[K[?25h[?2026l[?2026h[?25l[A[1Gpulling manifest [K
pulling 1849ef83c4dd:   7% ▕█                 ▏ 384 MB/5.1 GB   11 MB/s   6m44s[K[?25h[?2026l[?2026h[?25l[A[1Gpulling manifest [K
pulling 1849ef83c4dd:   8% ▕█                 ▏ 385 MB/5.1 GB   11 MB/s   6m44s[K[?25h[?2026l[?2026h[?25l[A[1Gpulling manifest [K
pulling 1849ef83c4dd:   8% ▕█                 ▏ 385 MB/5.1 GB   11 MB/s   6m44s[K[?25h[?2026l[?2026h[?25l[A[1Gpulling manifest [K
pulling 1849ef83c4dd:   8% ▕█                 ▏ 387 MB/5.1 GB   11 MB/s   6m44s[K[?25h[?2026l[?2026h[?25l[A[1Gpulling manifest [K
pulling 1849ef83c4dd:   8% ▕█                 ▏ 389 MB/5.1 GB   11 MB/s   6m44s[K[?25h[?2026l[?2026h[?25l[A[1Gpulling manifest [K
pulling 1849ef83c4dd:   8% ▕█                 ▏ 390 MB/5.1 GB   11 MB/s   6m44s[K[?25h[?2026l[?2026h[?25l[A[1Gpulling manifest [K
pulling 1849ef83c4dd:   8% ▕█                 ▏ 391 MB/5.1 GB   11 MB/s   6m44s[K[?25h[?2026l[?2026h[?25l[A[1Gpulling manifest [K
pulling 1849ef83c4dd:   8% ▕█                 ▏ 392 MB/5.1 GB   11 MB/s   6m44s[K[?25h[?2026l[?2026h[?25l[A[1Gpulling manifest [K
pulling 1849ef83c4dd:   8% ▕█                 ▏ 393 MB/5.1 GB   11 MB/s   6m46s[K[?25h[?2026l[?2026h[?25l[A[1Gpulling manifest [K
pulling 1849ef83c4dd:   8% ▕█                 ▏ 394 MB/5.1 GB   11 MB/s   6m46s[K[?25h[?2026l[?2026h[?25l[A[1Gpulling manifest [K
pulling 1849ef83c4dd:   8% ▕█                 ▏ 396 MB/5.1 GB   11 MB/s   6m46s[K[?25h[?2026l[?2026h[?25l[A[1Gpulling manifest [K
pulling 1849ef83c4dd:   8% ▕█                 ▏ 396 MB/5.1 GB   11 MB/s   6m46s[K[?25h[?2026l[?2026h[?25l[A[1Gpulling manifest [K
pulling 1849ef83c4dd:   8% ▕█                 ▏ 396 MB/5.1 GB   11 MB/s   6m46s[K[?25h[?2026l[?2026h[?25l[A[1Gpulling manifest [K
pulling 1849ef83c4dd:   8% ▕█                 ▏ 397 MB/5.1 GB   11 MB/s   6m46s[K[?25h[?2026l[?2026h[?25l[A[1Gpulling manifest [K
pulling 1849ef83c4dd:   8% ▕█                 ▏ 398 MB/5.1 GB   11 MB/s   6m45s[K[?25h[?2026l[?2026h[?25l[A[1Gpulling manifest [K
pulling 1849ef83c4dd:   8% ▕█                 ▏ 400 MB/5.1 GB   11 MB/s   6m45s[K[?25h[?2026l[?2026h[?25l[A[1Gpulling manifest [K
pulling 1849ef83c4dd:   8% ▕█                 ▏ 400 MB/5.1 GB   11 MB/s   6m45s[K[?25h[?2026l[?2026h[?25l[A[1Gpulling manifest [K
pulling 1849ef83c4dd:   8% ▕█                 ▏ 401 MB/5.1 GB   11 MB/s   6m45s[K[?25h[?2026l[?2026h[?25l[A[1Gpulling manifest [K
pulling 1849ef83c4dd:   8% ▕█                 ▏ 402 MB/5.1 GB   11 MB/s   6m55s[K[?25h[?2026l[?2026h[?25l[A[1Gpulling manifest [K
pulling 1849ef83c4dd:   8% ▕█                 ▏ 404 MB/5.1 GB   11 MB/s   6m55s[K[?25h[?2026l[?2026h[?25l[A[1Gpulling manifest [K
pulling 1849ef83c4dd:   8% ▕█                 ▏ 404 MB/5.1 GB   11 MB/s   6m55s[K[?25h[?2026l[?2026h[?25l[A[1Gpulling manifest [K
pulling 1849ef83c4dd:   8% ▕█                 ▏ 406 MB/5.1 GB   11 MB/s   6m55s[K[?25h[?2026l[?2026h[?25l[A[1Gpulling manifest [K
pulling 1849ef83c4dd:   8% ▕█                 ▏ 406 MB/5.1 GB   11 MB/s   6m55s[K[?25h[?2026l[?2026h[?25l[A[1Gpulling manifest [K
pulling 1849ef83c4dd:   8% ▕█                 ▏ 407 MB/5.1 GB   11 MB/s   6m55s[K[?25h[?2026l[?2026h[?25l[A[1Gpulling manifest [K
pulling 1849ef83c4dd:   8% ▕█                 ▏ 408 MB/5.1 GB   11 MB/s   6m55s[K[?25h[?2026l[?2026h[?25l[A[1Gpulling manifest [K
pulling 1849ef83c4dd:   8% ▕█                 ▏ 409 MB/5.1 GB   11 MB/s   6m55s[K[?25h[?2026l[?2026h[?25l[A[1Gpulling manifest [K
pulling 1849ef83c4dd:   8% ▕█                 ▏ 410 MB/5.1 GB   11 MB/s   6m55s[K[?25h[?2026l[?2026h[?25l[A[1Gpulling manifest [K
pulling 1849ef83c4dd:   8% ▕█                 ▏ 411 MB/5.1 GB   11 MB/s   6m55s[K[?25h[?2026l[?2026h[?25l[A[1Gpulling manifest [K
pulling 1849ef83c4dd:   8% ▕█                 ▏ 412 MB/5.1 GB   11 MB/s    7m3s[K[?25h[?2026l[?2026h[?25l[A[1Gpulling manifest [K
pulling 1849ef83c4dd:   8% ▕█                 ▏ 413 MB/5.1 GB   11 MB/s    7m3s[K[?25h[?2026l[?2026h[?25l[A[1Gpulling manifest [K
pulling 1849ef83c4dd:   8% ▕█                 ▏ 414 MB/5.1 GB   11 MB/s    7m3s[K[?25h[?2026l[?2026h[?25l[A[1Gpulling manifest [K
pulling 1849ef83c4dd:   8% ▕█                 ▏ 416 MB/5.1 GB   11 MB/s    7m3s[K[?25h[?2026l[?2026h[?25l[A[1Gpulling manifest [K
pulling 1849ef83c4dd:   8% ▕█                 ▏ 416 MB/5.1 GB   11 MB/s    7m3s[K[?25h[?2026l[?2026h[?25l[A[1Gpulling manifest [K
pulling 1849ef83c4dd:   8% ▕█                 ▏ 416 MB/5.1 GB   11 MB/s    7m3s[K[?25h[?2026l[?2026h[?25l[A[1Gpulling manifest [K
pulling 1849ef83c4dd:   8% ▕█                 ▏ 418 MB/5.1 GB   11 MB/s    7m2s[K[?25h[?2026l[?2026h[?25l[A[1Gpulling manifest [K
pulling 1849ef83c4dd:   8% ▕█                 ▏ 419 MB/5.1 GB   11 MB/s    7m2s[K[?25h[?2026l[?2026h[?25l[A[1Gpulling manifest [K
pulling 1849ef83c4dd:   8% ▕█                 ▏ 420 MB/5.1 GB   11 MB/s    7m2s[K[?25h[?2026l[?2026h[?25l[A[1Gpulling manifest [K
pulling 1849ef83c4dd:   8% ▕█                 ▏ 421 MB/5.1 GB   11 MB/s    7m2s[K[?25h[?2026l[?2026h[?25l[A[1Gpulling manifest [K
pulling 1849ef83c4dd:   8% ▕█                 ▏ 421 MB/5.1 GB   11 MB/s    7m2s[K[?25h[?2026l[?2026h[?25l[A[1Gpulling manifest [K
pulling 1849ef83c4dd:   8% ▕█                 ▏ 423 MB/5.1 GB   10 MB/s    7m8s[K[?25h[?2026l[?2026h[?25l[A[1Gpulling manifest [K
pulling 1849ef83c4dd:   8% ▕█                 ▏ 424 MB/5.1 GB   10 MB/s    7m8s[K[?25h[?2026l[?2026h[?25l[A[1Gpulling manifest [K
pulling 1849ef83c4dd:   8% ▕█                 ▏ 425 MB/5.1 GB   10 MB/s    7m8s[K[?25h[?2026l[?2026h[?25l[A[1Gpulling manifest [K
pulling 1849ef83c4dd:   8% ▕█                 ▏ 427 MB/5.1 GB   10 MB/s    7m8s[K[?25h[?2026l[?2026h[?25l[A[1Gpulling manifest [K
pulling 1849ef83c4dd:   8% ▕█                 ▏ 427 MB/5.1 GB   10 MB/s    7m8s[K[?25h[?2026l[?2026h[?25l[A[1Gpulling manifest [K
pulling 1849ef83c4dd:   8% ▕█                 ▏ 428 MB/5.1 GB   10 MB/s    7m8s[K[?25h[?2026l[?2026h[?25l[A[1Gpulling manifest [K
pulling 1849ef83c4dd:   8% ▕█                 ▏ 429 MB/5.1 GB   10 MB/s    7m8s[K[?25h[?2026l[?2026h[?25l[A[1Gpulling manifest [K
pulling 1849ef83c4dd:   8% ▕█                 ▏ 431 MB/5.1 GB   10 MB/s    7m8s[K[?25h[?2026l[?2026h[?25l[A[1Gpulling manifest [K
pulling 1849ef83c4dd:   8% ▕█                 ▏ 431 MB/5.1 GB   10 MB/s    7m8s[K[?25h[?2026l[?2026h[?25l[A[1Gpulling manifest [K
pulling 1849ef83c4dd:   8% ▕█                 ▏ 432 MB/5.1 GB   10 MB/s    7m8s[K[?25h[?2026l[?2026h[?25l[A[1Gpulling manifest [K
pulling 1849ef83c4dd:   8% ▕█                 ▏ 433 MB/5.1 GB   10 MB/s   7m18s[K[?25h[?2026l[?2026h[?25l[A[1Gpulling manifest [K
pulling 1849ef83c4dd:   8% ▕█                 ▏ 434 MB/5.1 GB   10 MB/s   7m18s[K[?25h[?2026l[?2026h[?25l[A[1Gpulling manifest [K
pulling 1849ef83c4dd:   8% ▕█                 ▏ 435 MB/5.1 GB   10 MB/s   7m18s[K[?25h[?2026l[?2026h[?25l[A[1Gpulling manifest [K
pulling 1849ef83c4dd:   9% ▕█                 ▏ 437 MB/5.1 GB   10 MB/s   7m18s[K[?25h[?2026l[?2026h[?25l[A[1Gpulling manifest [K
pulling 1849ef83c4dd:   9% ▕█                 ▏ 437 MB/5.1 GB   10 MB/s   7m18s[K[?25h[?2026l[?2026h[?25l[A[1Gpulling manifest [K
pulling 1849ef83c4dd:   9% ▕█                 ▏ 437 MB/5.1 GB   10 MB/s   7m18s[K[?25h[?2026l[?2026h[?25l[A[1Gpulling manifest [K
pulling 1849ef83c4dd:   9% ▕█                 ▏ 439 MB/5.1 GB   10 MB/s   7m18s[K[?25h[?2026l[?2026h[?25l[A[1Gpulling manifest [K
pulling 1849ef83c4dd:   9% ▕█                 ▏ 440 MB/5.1 GB   10 MB/s   7m18s[K[?25h[?2026l[?2026h[?25l[A[1Gpulling manifest [K
pulling 1849ef83c4dd:   9% ▕█                 ▏ 442 MB/5.1 GB   10 MB/s   7m18s[K[?25h[?2026l[?2026h[?25l[A[1Gpulling manifest [K
pulling 1849ef83c4dd:   9% ▕█                 ▏ 442 MB/5.1 GB   10 MB/s   7m18s[K[?25h[?2026l[?2026h[?25l[A[1Gpulling manifest [K
pulling 1849ef83c4dd:   9% ▕█                 ▏ 443 MB/5.1 GB   10 MB/s   7m22s[K[?25h[?2026l[?2026h[?25l[A[1Gpulling manifest [K
pulling 1849ef83c4dd:   9% ▕█                 ▏ 443 MB/5.1 GB   10 MB/s   7m22s[K[?25h[?2026l[?2026h[?25l[A[1Gpulling manifest [K
pulling 1849ef83c4dd:   9% ▕█                 ▏ 445 MB/5.1 GB   10 MB/s   7m22s[K[?25h[?2026l[?2026h[?25l[A[1Gpulling manifest [K
pulling 1849ef83c4dd:   9% ▕█                 ▏ 446 MB/5.1 GB   10 MB/s   7m22s[K[?25h[?2026l[?2026h[?25l[A[1Gpulling manifest [K
pulling 1849ef83c4dd:   9% ▕█                 ▏ 447 MB/5.1 GB   10 MB/s   7m22s[K[?25h[?2026l[?2026h[?25l[A[1Gpulling manifest [K
pulling 1849ef83c4dd:   9% ▕█                 ▏ 448 MB/5.1 GB   10 MB/s   7m22s[K[?25h[?2026l[?2026h[?25l[A[1Gpulling manifest [K
pulling 1849ef83c4dd:   9% ▕█                 ▏ 448 MB/5.1 GB   10 MB/s   7m22s[K[?25h[?2026l[?2026h[?25l[A[1Gpulling manifest [K
pulling 1849ef83c4dd:   9% ▕█                 ▏ 450 MB/5.1 GB   10 MB/s   7m21s[K[?25h[?2026l[?2026h[?25l[A[1Gpulling manifest [K
pulling 1849ef83c4dd:   9% ▕█                 ▏ 452 MB/5.1 GB   10 MB/s   7m21s[K[?25h[?2026l[?2026h[?25l[A[1Gpulling manifest [K
pulling 1849ef83c4dd:   9% ▕█                 ▏ 452 MB/5.1 GB   10 MB/s   7m21s[K[?25h[?2026l[?2026h[?25l[A[1Gpulling manifest [K
pulling 1849ef83c4dd:   9% ▕█                 ▏ 453 MB/5.1 GB   10 MB/s   7m24s[K[?25h[?2026l[?2026h[?25l[A[1Gpulling manifest [K
pulling 1849ef83c4dd:   9% ▕█                 ▏ 454 MB/5.1 GB   10 MB/s   7m24s[K[?25h[?2026l[?2026h[?25l[A[1Gpulling manifest [K
pulling 1849ef83c4dd:   9% ▕█                 ▏ 455 MB/5.1 GB   10 MB/s   7m24s[K[?25h[?2026l[?2026h[?25l[A[1Gpulling manifest [K
pulling 1849ef83c4dd:   9% ▕█                 ▏ 457 MB/5.1 GB   10 MB/s   7m24s[K[?25h[?2026l[?2026h[?25l[A[1Gpulling manifest [K
pulling 1849ef83c4dd:   9% ▕█                 ▏ 458 MB/5.1 GB   10 MB/s   7m24s[K[?25h[?2026l[?2026h[?25l[A[1Gpulling manifest [K
pulling 1849ef83c4dd:   9% ▕█                 ▏ 458 MB/5.1 GB   10 MB/s   7m24s[K[?25h[?2026l[?2026h[?25l[A[1Gpulling manifest [K
pulling 1849ef83c4dd:   9% ▕█                 ▏ 459 MB/5.1 GB   10 MB/s   7m24s[K[?25h[?2026l[?2026h[?25l[A[1Gpulling manifest [K
pulling 1849ef83c4dd:   9% ▕█                 ▏ 459 MB/5.1 GB   10 MB/s   7m23s[K[?25h[?2026l[?2026h[?25l[A[1Gpulling manifest [K
pulling 1849ef83c4dd:   9% ▕█                 ▏ 460 MB/5.1 GB   10 MB/s   7m23s[K[?25h[?2026l[?2026h[?25l[A[1Gpulling manifest [K
pulling 1849ef83c4dd:   9% ▕█                 ▏ 460 MB/5.1 GB   10 MB/s   7m23s[K[?25h[?2026l[?2026h[?25l[A[1Gpulling manifest [K
pulling 1849ef83c4dd:   9% ▕█                 ▏ 461 MB/5.1 GB   10 MB/s   7m40s[K[?25h[?2026l[?2026h[?25l[A[1Gpulling manifest [K
pulling 1849ef83c4dd:   9% ▕█                 ▏ 461 MB/5.1 GB   10 MB/s   7m40s[K[?25h[?2026l[?2026h[?25l[A[1Gpulling manifest [K
pulling 1849ef83c4dd:   9% ▕█                 ▏ 463 MB/5.1 GB   10 MB/s   7m40s[K[?25h[?2026l[?2026h[?25l[A[1Gpulling manifest [K
pulling 1849ef83c4dd:   9% ▕█                 ▏ 464 MB/5.1 GB   10 MB/s   7m40s[K[?25h[?2026l[?2026h[?25l[A[1Gpulling manifest [K
pulling 1849ef83c4dd:   9% ▕█                 ▏ 465 MB/5.1 GB   10 MB/s   7m40s[K[?25h[?2026l[?2026h[?25l[A[1Gpulling manifest [K
pulling 1849ef83c4dd:   9% ▕█                 ▏ 465 MB/5.1 GB   10 MB/s   7m40s[K[?25h[?2026l[?2026h[?25l[A[1Gpulling manifest [K
pulling 1849ef83c4dd:   9% ▕█                 ▏ 466 MB/5.1 GB   10 MB/s   7m40s[K[?25h[?2026l[?2026h[?25l[A[1Gpulling manifest [K
pulling 1849ef83c4dd:   9% ▕█                 ▏ 466 MB/5.1 GB   10 MB/s   7m40s[K[?25h[?2026l[?2026h[?25l[A[1Gpulling manifest [K
pulling 1849ef83c4dd:   9% ▕█                 ▏ 467 MB/5.1 GB   10 MB/s   7m40s[K[?25h[?2026l[?2026h[?25l[A[1Gpulling manifest [K
pulling 1849ef83c4dd:   9% ▕█                 ▏ 468 MB/5.1 GB   10 MB/s   7m39s[K[?25h[?2026l[?2026h[?25l[A[1Gpulling manifest [K
pulling 1849ef83c4dd:   9% ▕█                 ▏ 468 MB/5.1 GB   10 MB/s   7m39s[K[?25h[?2026l[?2026h[?25l[A[1Gpulling manifest [K
pulling 1849ef83c4dd:   9% ▕█                 ▏ 469 MB/5.1 GB  9.7 MB/s   7m58s[K[?25h[?2026l[?2026h[?25l[A[1Gpulling manifest [K
pulling 1849ef83c4dd:   9% ▕█                 ▏ 469 MB/5.1 GB  9.7 MB/s   7m58s[K[?25h[?2026l[?2026h[?25l[A[1Gpulling manifest [K
pulling 1849ef83c4dd:   9% ▕█                 ▏ 470 MB/5.1 GB  9.7 MB/s   7m58s[K[?25h[?2026l[?2026h[?25l[A[1Gpulling manifest [K
pulling 1849ef83c4dd:   9% ▕█                 ▏ 472 MB/5.1 GB  9.7 MB/s   7m58s[K[?25h[?2026l[?2026h[?25l[A[1Gpulling manifest [K
pulling 1849ef83c4dd:   9% ▕█                 ▏ 473 MB/5.1 GB  9.7 MB/s   7m58s[K[?25h[?2026l[?2026h[?25l[A[1Gpulling manifest [K
pulling 1849ef83c4dd:   9% ▕█                 ▏ 473 MB/5.1 GB  9.7 MB/s   7m57s[K[?25h[?2026l[?2026h[?25l[A[1Gpulling manifest [K
pulling 1849ef83c4dd:   9% ▕█                 ▏ 474 MB/5.1 GB  9.7 MB/s   7m57s[K[?25h[?2026l[?2026h[?25l[A[1Gpulling manifest [K
pulling 1849ef83c4dd:   9% ▕█                 ▏ 475 MB/5.1 GB  9.7 MB/s   7m57s[K[?25h[?2026l[?2026h[?25l[A[1Gpulling manifest [K
pulling 1849ef83c4dd:   9% ▕█                 ▏ 476 MB/5.1 GB  9.7 MB/s   7m57s[K[?25h[?2026l[?2026h[?25l[A[1Gpulling manifest [K
pulling 1849ef83c4dd:   9% ▕█                 ▏ 478 MB/5.1 GB  9.7 MB/s   7m57s[K[?25h[?2026l[?2026h[?25l[A[1Gpulling manifest [K
pulling 1849ef83c4dd:   9% ▕█                 ▏ 478 MB/5.1 GB  9.5 MB/s    8m8s[K[?25h[?2026l[?2026h[?25l[A[1Gpulling manifest [K
pulling 1849ef83c4dd:   9% ▕█                 ▏ 479 MB/5.1 GB  9.5 MB/s    8m8s[K[?25h[?2026l[?2026h[?25l[A[1Gpulling manifest [K
pulling 1849ef83c4dd:   9% ▕█                 ▏ 480 MB/5.1 GB  9.5 MB/s    8m8s[K[?25h[?2026l[?2026h[?25l[A[1Gpulling manifest [K
pulling 1849ef83c4dd:   9% ▕█                 ▏ 482 MB/5.1 GB  9.5 MB/s    8m8s[K[?25h[?2026l[?2026h[?25l[A[1Gpulling manifest [K
pulling 1849ef83c4dd:   9% ▕█                 ▏ 482 MB/5.1 GB  9.5 MB/s    8m8s[K[?25h[?2026l[?2026h[?25l[A[1Gpulling manifest [K
pulling 1849ef83c4dd:   9% ▕█                 ▏ 484 MB/5.1 GB  9.5 MB/s    8m8s[K[?25h[?2026l[?2026h[?25l[A[1Gpulling manifest [K
pulling 1849ef83c4dd:   9% ▕█                 ▏ 484 MB/5.1 GB  9.5 MB/s    8m7s[K[?25h[?2026l[?2026h[?25l[A[1Gpulling manifest [K
pulling 1849ef83c4dd:   9% ▕█                 ▏ 485 MB/5.1 GB  9.5 MB/s    8m7s[K[?25h[?2026l[?2026h[?25l[A[1Gpulling manifest [K
pulling 1849ef83c4dd:   9% ▕█                 ▏ 486 MB/5.1 GB  9.5 MB/s    8m7s[K[?25h[?2026l[?2026h[?25l[A[1Gpulling manifest [K
pulling 1849ef83c4dd:  10% ▕█                 ▏ 488 MB/5.1 GB  9.5 MB/s    8m7s[K[?25h[?2026l[?2026h[?25l[A[1Gpulling manifest [K
pulling 1849ef83c4dd:  10% ▕█                 ▏ 488 MB/5.1 GB  9.6 MB/s    8m4s[K[?25h[?2026l[?2026h[?25l[A[1Gpulling manifest [K
pulling 1849ef83c4dd:  10% ▕█                 ▏ 489 MB/5.1 GB  9.6 MB/s    8m3s[K[?25h[?2026l[?2026h[?25l[A[1Gpulling manifest [K
pulling 1849ef83c4dd:  10% ▕█                 ▏ 490 MB/5.1 GB  9.6 MB/s    8m3s[K[?25h[?2026l[?2026h[?25l[A[1Gpulling manifest [K
pulling 1849ef83c4dd:  10% ▕█                 ▏ 491 MB/5.1 GB  9.6 MB/s    8m3s[K[?25h[?2026l[?2026h[?25l[A[1Gpulling manifest [K
pulling 1849ef83c4dd:  10% ▕█                 ▏ 492 MB/5.1 GB  9.6 MB/s    8m3s[K[?25h[?2026l[?2026h[?25l[A[1Gpulling manifest [K
pulling 1849ef83c4dd:  10% ▕█                 ▏ 494 MB/5.1 GB  9.6 MB/s    8m3s[K[?25h[?2026l[?2026h[?25l[A[1Gpulling manifest [K
pulling 1849ef83c4dd:  10% ▕█                 ▏ 494 MB/5.1 GB  9.6 MB/s    8m3s[K[?25h[?2026l[?2026h[?25l[A[1Gpulling manifest [K
pulling 1849ef83c4dd:  10% ▕█                 ▏ 495 MB/5.1 GB  9.6 MB/s    8m3s[K[?25h[?2026l[?2026h[?25l[A[1Gpulling manifest [K
pulling 1849ef83c4dd:  10% ▕█                 ▏ 496 MB/5.1 GB  9.6 MB/s    8m3s[K[?25h[?2026l[?2026h[?25l[A[1Gpulling manifest [K
pulling 1849ef83c4dd:  10% ▕█                 ▏ 497 MB/5.1 GB  9.6 MB/s    8m3s[K[?25h[?2026l[?2026h[?25l[A[1Gpulling manifest [K
pulling 1849ef83c4dd:  10% ▕█                 ▏ 498 MB/5.1 GB  9.5 MB/s    8m7s[K[?25h[?2026l[?2026h[?25l[A[1Gpulling manifest [K
pulling 1849ef83c4dd:  10% ▕█                 ▏ 498 MB/5.1 GB  9.5 MB/s    8m6s[K[?25h[?2026l[?2026h[?25l[A[1Gpulling manifest [K
pulling 1849ef83c4dd:  10% ▕█                 ▏ 498 MB/5.1 GB  9.5 MB/s    8m6s[K[?25h[?2026l[?2026h[?25l[A[1Gpulling manifest [K
pulling 1849ef83c4dd:  10% ▕█                 ▏ 500 MB/5.1 GB  9.5 MB/s    8m6s[K[?25h[?2026l[?2026h[?25l[A[1Gpulling manifest [K
pulling 1849ef83c4dd:  10% ▕█                 ▏ 502 MB/5.1 GB  9.5 MB/s    8m6s[K[?25h[?2026l[?2026h[?25l[A[1Gpulling manifest [K
pulling 1849ef83c4dd:  10% ▕█                 ▏ 502 MB/5.1 GB  9.5 MB/s    8m6s[K[?25h[?2026l[?2026h[?25l[A[1Gpulling manifest [K
pulling 1849ef83c4dd:  10% ▕█                 ▏ 504 MB/5.1 GB  9.5 MB/s    8m6s[K[?25h[?2026l[?2026h[?25l[A[1Gpulling manifest [K
pulling 1849ef83c4dd:  10% ▕█                 ▏ 504 MB/5.1 GB  9.5 MB/s    8m6s[K[?25h[?2026l[?2026h[?25l[A[1Gpulling manifest [K
pulling 1849ef83c4dd:  10% ▕█                 ▏ 505 MB/5.1 GB  9.5 MB/s    8m6s[K[?25h[?2026l[?2026h[?25l[A[1Gpulling manifest [K
pulling 1849ef83c4dd:  10% ▕█                 ▏ 506 MB/5.1 GB  9.5 MB/s    8m6s[K[?25h[?2026l[?2026h[?25l[A[1Gpulling manifest [K
pulling 1849ef83c4dd:  10% ▕█                 ▏ 508 MB/5.1 GB  9.6 MB/s    8m3s[K[?25h[?2026l[?2026h[?25l[A[1Gpulling manifest [K
pulling 1849ef83c4dd:  10% ▕█                 ▏ 509 MB/5.1 GB  9.6 MB/s    8m2s[K[?25h[?2026l[?2026h[?25l[A[1Gpulling manifest [K
pulling 1849ef83c4dd:  10% ▕█                 ▏ 509 MB/5.1 GB  9.6 MB/s    8m2s[K[?25h[?2026l[?2026h[?25l[A[1Gpulling manifest [K
pulling 1849ef83c4dd:  10% ▕█                 ▏ 511 MB/5.1 GB  9.6 MB/s    8m2s[K[?25h[?2026l[?2026h[?25l[A[1Gpulling manifest [K
pulling 1849ef83c4dd:  10% ▕█                 ▏ 511 MB/5.1 GB  9.6 MB/s    8m2s[K[?25h[?2026l[?2026h[?25l[A[1Gpulling manifest [K
pulling 1849ef83c4dd:  10% ▕█                 ▏ 513 MB/5.1 GB  9.6 MB/s    8m2s[K[?25h[?2026l[?2026h[?25l[A[1Gpulling manifest [K
pulling 1849ef83c4dd:  10% ▕█                 ▏ 514 MB/5.1 GB  9.6 MB/s    8m2s[K[?25h[?2026l[?2026h[?25l[A[1Gpulling manifest [K
pulling 1849ef83c4dd:  10% ▕█                 ▏ 514 MB/5.1 GB  9.6 MB/s    8m2s[K[?25h[?2026l[?2026h[?25l[A[1Gpulling manifest [K
pulling 1849ef83c4dd:  10% ▕█                 ▏ 515 MB/5.1 GB  9.6 MB/s    8m2s[K[?25h[?2026l[?2026h[?25l[A[1Gpulling manifest [K
pulling 1849ef83c4dd:  10% ▕█                 ▏ 516 MB/5.1 GB  9.6 MB/s    8m2s[K[?25h[?2026l[?2026h[?25l[A[1Gpulling manifest [K
pulling 1849ef83c4dd:  10% ▕█                 ▏ 517 MB/5.1 GB  9.6 MB/s    8m2s[K[?25h[?2026l[?2026h[?25l[A[1Gpulling manifest [K
pulling 1849ef83c4dd:  10% ▕█                 ▏ 518 MB/5.1 GB  9.5 MB/s    8m5s[K[?25h[?2026l[?2026h[?25l[A[1Gpulling manifest [K
pulling 1849ef83c4dd:  10% ▕█                 ▏ 519 MB/5.1 GB  9.5 MB/s    8m5s[K[?25h[?2026l[?2026h[?25l[A[1Gpulling manifest [K
pulling 1849ef83c4dd:  10% ▕█                 ▏ 519 MB/5.1 GB  9.5 MB/s    8m5s[K[?25h[?2026l[?2026h[?25l[A[1Gpulling manifest [K
pulling 1849ef83c4dd:  10% ▕█                 ▏ 520 MB/5.1 GB  9.5 MB/s    8m5s[K[?25h[?2026l[?2026h[?25l[A[1Gpulling manifest [K
pulling 1849ef83c4dd:  10% ▕█                 ▏ 521 MB/5.1 GB  9.5 MB/s    8m5s[K[?25h[?2026l[?2026h[?25l[A[1Gpulling manifest [K
pulling 1849ef83c4dd:  10% ▕█                 ▏ 522 MB/5.1 GB  9.5 MB/s    8m5s[K[?25h[?2026l[?2026h[?25l[A[1Gpulling manifest [K
pulling 1849ef83c4dd:  10% ▕█                 ▏ 524 MB/5.1 GB  9.5 MB/s    8m5s[K[?25h[?2026l[?2026h[?25l[A[1Gpulling manifest [K
pulling 1849ef83c4dd:  10% ▕█                 ▏ 524 MB/5.1 GB  9.5 MB/s    8m5s[K[?25h[?2026l[?2026h[?25l[A[1Gpulling manifest [K
pulling 1849ef83c4dd:  10% ▕█                 ▏ 524 MB/5.1 GB  9.5 MB/s    8m5s[K[?25h[?2026l[?2026h[?25l[A[1Gpulling manifest [K
pulling 1849ef83c4dd:  10% ▕█                 ▏ 526 MB/5.1 GB  9.5 MB/s    8m5s[K[?25h[?2026l[?2026h[?25l[A[1Gpulling manifest [K
pulling 1849ef83c4dd:  10% ▕█                 ▏ 527 MB/5.1 GB  9.3 MB/s   8m14s[K[?25h[?2026l[?2026h[?25l[A[1Gpulling manifest [K
pulling 1849ef83c4dd:  10% ▕█                 ▏ 528 MB/5.1 GB  9.3 MB/s   8m13s[K[?25h[?2026l[?2026h[?25l[A[1Gpulling manifest [K
pulling 1849ef83c4dd:  10% ▕█                 ▏ 529 MB/5.1 GB  9.3 MB/s   8m13s[K[?25h[?2026l[?2026h[?25l[A[1Gpulling manifest [K
pulling 1849ef83c4dd:  10% ▕█                 ▏ 530 MB/5.1 GB  9.3 MB/s   8m13s[K[?25h[?2026l[?2026h[?25l[A[1Gpulling manifest [K
pulling 1849ef83c4dd:  10% ▕█                 ▏ 531 MB/5.1 GB  9.3 MB/s   8m13s[K[?25h[?2026l[?2026h[?25l[A[1Gpulling manifest [K
pulling 1849ef83c4dd:  10% ▕█                 ▏ 533 MB/5.1 GB  9.3 MB/s   8m13s[K[?25h[?2026l[?2026h[?25l[A[1Gpulling manifest [K
pulling 1849ef83c4dd:  10% ▕█                 ▏ 534 MB/5.1 GB  9.3 MB/s   8m13s[K[?25h[?2026l[?2026h[?25l[A[1Gpulling manifest [K
pulling 1849ef83c4dd:  10% ▕█                 ▏ 535 MB/5.1 GB  9.3 MB/s   8m13s[K[?25h[?2026l[?2026h[?25l[A[1Gpulling manifest [K
pulling 1849ef83c4dd:  10% ▕█                 ▏ 535 MB/5.1 GB  9.3 MB/s   8m13s[K[?25h[?2026l[?2026h[?25l[A[1Gpulling manifest [K
pulling 1849ef83c4dd:  10% ▕█                 ▏ 537 MB/5.1 GB  9.3 MB/s   8m13s[K[?25h[?2026l[?2026h[?25l[A[1Gpulling manifest [K
pulling 1849ef83c4dd:  10% ▕█                 ▏ 538 MB/5.1 GB  9.4 MB/s    8m8s[K[?25h[?2026l[?2026h[?25l[A[1Gpulling manifest [K
pulling 1849ef83c4dd:  11% ▕█                 ▏ 539 MB/5.1 GB  9.4 MB/s    8m8s[K[?25h[?2026l[?2026h[?25l[A[1Gpulling manifest [K
pulling 1849ef83c4dd:  11% ▕█                 ▏ 540 MB/5.1 GB  9.4 MB/s    8m8s[K[?25h[?2026l[?2026h[?25l[A[1Gpulling manifest [K
pulling 1849ef83c4dd:  11% ▕█                 ▏ 540 MB/5.1 GB  9.4 MB/s    8m8s[K[?25h[?2026l[?2026h[?25l[A[1Gpulling manifest [K
pulling 1849ef83c4dd:  11% ▕█                 ▏ 542 MB/5.1 GB  9.4 MB/s    8m8s[K[?25h[?2026l[?2026h[?25l[A[1Gpulling manifest [K
pulling 1849ef83c4dd:  11% ▕█                 ▏ 543 MB/5.1 GB  9.4 MB/s    8m7s[K[?25h[?2026l[?2026h[?25l[A[1Gpulling manifest [K
pulling 1849ef83c4dd:  11% ▕█                 ▏ 544 MB/5.1 GB  9.4 MB/s    8m7s[K[?25h[?2026l[?2026h[?25l[A[1Gpulling manifest [K
pulling 1849ef83c4dd:  11% ▕█                 ▏ 545 MB/5.1 GB  9.4 MB/s    8m7s[K[?25h[?2026l[?2026h[?25l[A[1Gpulling manifest [K
pulling 1849ef83c4dd:  11% ▕█                 ▏ 546 MB/5.1 GB  9.4 MB/s    8m7s[K[?25h[?2026l[?2026h[?25l[A[1Gpulling manifest [K
pulling 1849ef83c4dd:  11% ▕█                 ▏ 546 MB/5.1 GB  9.4 MB/s    8m7s[K[?25h[?2026l[?2026h[?25l[A[1Gpulling manifest [K
pulling 1849ef83c4dd:  11% ▕█                 ▏ 547 MB/5.1 GB  9.6 MB/s   7m57s[K[?25h[?2026l[?2026h[?25l[A[1Gpulling manifest [K
pulling 1849ef83c4dd:  11% ▕█                 ▏ 548 MB/5.1 GB  9.6 MB/s   7m57s[K[?25h[?2026l[?2026h[?25l[A[1Gpulling manifest [K
pulling 1849ef83c4dd:  11% ▕█                 ▏ 549 MB/5.1 GB  9.6 MB/s   7m57s[K[?25h[?2026l[?2026h[?25l[A[1Gpulling manifest [K
pulling 1849ef83c4dd:  11% ▕█                 ▏ 549 MB/5.1 GB  9.6 MB/s   7m57s[K[?25h[?2026l[?2026h[?25l[A[1Gpulling manifest [K
pulling 1849ef83c4dd:  11% ▕█                 ▏ 551 MB/5.1 GB  9.6 MB/s   7m56s[K[?25h[?2026l[?2026h[?25l[A[1Gpulling manifest [K
pulling 1849ef83c4dd:  11% ▕█                 ▏ 552 MB/5.1 GB  9.6 MB/s   7m56s[K[?25h[?2026l[?2026h[?25l[A[1Gpulling manifest [K
pulling 1849ef83c4dd:  11% ▕█                 ▏ 554 MB/5.1 GB  9.6 MB/s   7m56s[K[?25h[?2026l[?2026h[?25l[A[1Gpulling manifest [K
pulling 1849ef83c4dd:  11% ▕█                 ▏ 555 MB/5.1 GB  9.6 MB/s   7m56s[K[?25h[?2026l[?2026h[?25l[A[1Gpulling manifest [K
pulling 1849ef83c4dd:  11% ▕█                 ▏ 556 MB/5.1 GB  9.6 MB/s   7m56s[K[?25h[?2026l[?2026h[?25l[A[1Gpulling manifest [K
pulling 1849ef83c4dd:  11% ▕█                 ▏ 556 MB/5.1 GB  9.6 MB/s   7m56s[K[?25h[?2026l[?2026h[?25l[A[1Gpulling manifest [K
pulling 1849ef83c4dd:  11% ▕█                 ▏ 558 MB/5.1 GB  9.9 MB/s   7m42s[K[?25h[?2026l[?2026h[?25l[A[1Gpulling manifest [K
pulling 1849ef83c4dd:  11% ▕█                 ▏ 559 MB/5.1 GB  9.9 MB/s   7m42s[K[?25h[?2026l[?2026h[?25l[A[1Gpulling manifest [K
pulling 1849ef83c4dd:  11% ▕█                 ▏ 561 MB/5.1 GB  9.9 MB/s   7m42s[K[?25h[?2026l[?2026h[?25l[A[1Gpulling manifest [K
pulling 1849ef83c4dd:  11% ▕█                 ▏ 561 MB/5.1 GB  9.9 MB/s   7m42s[K[?25h[?2026l[?2026h[?25l[A[1Gpulling manifest [K
pulling 1849ef83c4dd:  11% ▕█                 ▏ 562 MB/5.1 GB  9.9 MB/s   7m42s[K[?25h[?2026l[?2026h[?25l[A[1Gpulling manifest [K
pulling 1849ef83c4dd:  11% ▕█                 ▏ 563 MB/5.1 GB  9.9 MB/s   7m41s[K[?25h[?2026l[?2026h[?25l[A[1Gpulling manifest [K
pulling 1849ef83c4dd:  11% ▕█                 ▏ 565 MB/5.1 GB  9.9 MB/s   7m41s[K[?25h[?2026l[?2026h[?25l[A[1Gpulling manifest [K
pulling 1849ef83c4dd:  11% ▕█                 ▏ 566 MB/5.1 GB  9.9 MB/s   7m41s[K[?25h[?2026l[?2026h[?25l[A[1Gpulling manifest [K
pulling 1849ef83c4dd:  11% ▕█                 ▏ 567 MB/5.1 GB  9.9 MB/s   7m41s[K[?25h[?2026l[?2026h[?25l[A[1Gpulling manifest [K
pulling 1849ef83c4dd:  11% ▕█                 ▏ 568 MB/5.1 GB  9.9 MB/s   7m41s[K[?25h[?2026l[?2026h[?25l[A[1Gpulling manifest [K
pulling 1849ef83c4dd:  11% ▕█                 ▏ 569 MB/5.1 GB  9.9 MB/s   7m41s[K[?25h[?2026l[?2026h[?25l[A[1Gpulling manifest [K
pulling 1849ef83c4dd:  11% ▕██                ▏ 570 MB/5.1 GB   10 MB/s   7m31s[K[?25h[?2026l[?2026h[?25l[A[1Gpulling manifest [K
pulling 1849ef83c4dd:  11% ▕██                ▏ 572 MB/5.1 GB   10 MB/s   7m30s[K[?25h[?2026l[?2026h[?25l[A[1Gpulling manifest [K
pulling 1849ef83c4dd:  11% ▕██                ▏ 573 MB/5.1 GB   10 MB/s   7m30s[K[?25h[?2026l[?2026h[?25l[A[1Gpulling manifest [K
pulling 1849ef83c4dd:  11% ▕██                ▏ 573 MB/5.1 GB   10 MB/s   7m30s[K[?25h[?2026l[?2026h[?25l[A[1Gpulling manifest [K
pulling 1849ef83c4dd:  11% ▕██                ▏ 575 MB/5.1 GB   10 MB/s   7m30s[K[?25h[?2026l[?2026h[?25l[A[1Gpulling manifest [K
pulling 1849ef83c4dd:  11% ▕██                ▏ 576 MB/5.1 GB   10 MB/s   7m30s[K[?25h[?2026l[?2026h[?25l[A[1Gpulling manifest [K
pulling 1849ef83c4dd:  11% ▕██                ▏ 577 MB/5.1 GB   10 MB/s   7m30s[K[?25h[?2026l[?2026h[?25l[A[1Gpulling manifest [K
pulling 1849ef83c4dd:  11% ▕██                ▏ 579 MB/5.1 GB   10 MB/s   7m30s[K[?25h[?2026l[?2026h[?25l[A[1Gpulling manifest [K
pulling 1849ef83c4dd:  11% ▕██                ▏ 579 MB/5.1 GB   10 MB/s   7m30s[K[?25h[?2026l[?2026h[?25l[A[1Gpulling manifest [K
pulling 1849ef83c4dd:  11% ▕██                ▏ 580 MB/5.1 GB   10 MB/s   7m30s[K[?25h[?2026l[?2026h[?25l[A[1Gpulling manifest [K
pulling 1849ef83c4dd:  11% ▕██                ▏ 582 MB/5.1 GB   10 MB/s   7m22s[K[?25h[?2026l[?2026h[?25l[A[1Gpulling manifest [K
pulling 1849ef83c4dd:  11% ▕██                ▏ 583 MB/5.1 GB   10 MB/s   7m22s[K[?25h[?2026l[?2026h[?25l[A[1Gpulling manifest [K
pulling 1849ef83c4dd:  11% ▕██                ▏ 584 MB/5.1 GB   10 MB/s   7m22s[K[?25h[?2026l[?2026h[?25l[A[1Gpulling manifest [K
pulling 1849ef83c4dd:  11% ▕██                ▏ 585 MB/5.1 GB   10 MB/s   7m22s[K[?25h[?2026l[?2026h[?25l[A[1Gpulling manifest [K
pulling 1849ef83c4dd:  11% ▕██                ▏ 585 MB/5.1 GB   10 MB/s   7m22s[K[?25h[?2026l[?2026h[?25l[A[1Gpulling manifest [K
pulling 1849ef83c4dd:  11% ▕██                ▏ 587 MB/5.1 GB   10 MB/s   7m22s[K[?25h[?2026l[?2026h[?25l[A[1Gpulling manifest [K
pulling 1849ef83c4dd:  11% ▕██                ▏ 589 MB/5.1 GB   10 MB/s   7m22s[K[?25h[?2026l[?2026h[?25l[A[1Gpulling manifest [K
pulling 1849ef83c4dd:  11% ▕██                ▏ 589 MB/5.1 GB   10 MB/s   7m22s[K[?25h[?2026l[?2026h[?25l[A[1Gpulling manifest [K
pulling 1849ef83c4dd:  12% ▕██                ▏ 591 MB/5.1 GB   10 MB/s   7m21s[K[?25h[?2026l[?2026h[?25l[A[1Gpulling manifest [K
pulling 1849ef83c4dd:  12% ▕██                ▏ 591 MB/5.1 GB   10 MB/s   7m21s[K[?25h[?2026l[?2026h[?25l[A[1Gpulling manifest [K
pulling 1849ef83c4dd:  12% ▕██                ▏ 592 MB/5.1 GB   10 MB/s   7m11s[K[?25h[?2026l[?2026h[?25l[A[1Gpulling manifest [K
pulling 1849ef83c4dd:  12% ▕██                ▏ 594 MB/5.1 GB   10 MB/s   7m11s[K[?25h[?2026l[?2026h[?25l[A[1Gpulling manifest [K
pulling 1849ef83c4dd:  12% ▕██                ▏ 595 MB/5.1 GB   10 MB/s   7m11s[K[?25h[?2026l[?2026h[?25l[A[1Gpulling manifest [K
pulling 1849ef83c4dd:  12% ▕██                ▏ 596 MB/5.1 GB   10 MB/s   7m11s[K[?25h[?2026l[?2026h[?25l[A[1Gpulling manifest [K
pulling 1849ef83c4dd:  12% ▕██                ▏ 597 MB/5.1 GB   10 MB/s   7m11s[K[?25h[?2026l[?2026h[?25l[A[1Gpulling manifest [K
pulling 1849ef83c4dd:  12% ▕██                ▏ 598 MB/5.1 GB   10 MB/s   7m11s[K[?25h[?2026l[?2026h[?25l[A[1Gpulling manifest [K
pulling 1849ef83c4dd:  12% ▕██                ▏ 599 MB/5.1 GB   10 MB/s   7m11s[K[?25h[?2026l[?2026h[?25l[A[1Gpulling manifest [K
pulling 1849ef83c4dd:  12% ▕██                ▏ 601 MB/5.1 GB   10 MB/s   7m11s[K[?25h[?2026l[?2026h[?25l[A[1Gpulling manifest [K
pulling 1849ef83c4dd:  12% ▕██                ▏ 603 MB/5.1 GB   10 MB/s   7m10s[K[?25h[?2026l[?2026h[?25l[A[1Gpulling manifest [K
pulling 1849ef83c4dd:  12% ▕██                ▏ 603 MB/5.1 GB   10 MB/s   7m10s[K[?25h[?2026l[?2026h[?25l[A[1Gpulling manifest [K
pulling 1849ef83c4dd:  12% ▕██                ▏ 603 MB/5.1 GB   10 MB/s    7m7s[K[?25h[?2026l[?2026h[?25l[A[1Gpulling manifest [K
pulling 1849ef83c4dd:  12% ▕██                ▏ 605 MB/5.1 GB   10 MB/s    7m7s[K[?25h[?2026l[?2026h[?25l[A[1Gpulling manifest [K
pulling 1849ef83c4dd:  12% ▕██                ▏ 606 MB/5.1 GB   10 MB/s    7m7s[K[?25h[?2026l[?2026h[?25l[A[1Gpulling manifest [K
pulling 1849ef83c4dd:  12% ▕██                ▏ 608 MB/5.1 GB   10 MB/s    7m7s[K[?25h[?2026l[?2026h[?25l[A[1Gpulling manifest [K
pulling 1849ef83c4dd:  12% ▕██                ▏ 608 MB/5.1 GB   10 MB/s    7m7s[K[?25h[?2026l[?2026h[?25l[A[1Gpulling manifest [K
pulling 1849ef83c4dd:  12% ▕██                ▏ 609 MB/5.1 GB   10 MB/s    7m7s[K[?25h[?2026l[?2026h[?25l[A[1Gpulling manifest [K
pulling 1849ef83c4dd:  12% ▕██                ▏ 611 MB/5.1 GB   10 MB/s    7m7s[K[?25h[?2026l[?2026h[?25l[A[1Gpulling manifest [K
pulling 1849ef83c4dd:  12% ▕██                ▏ 612 MB/5.1 GB   10 MB/s    7m6s[K[?25h[?2026l[?2026h[?25l[A[1Gpulling manifest [K
pulling 1849ef83c4dd:  12% ▕██                ▏ 613 MB/5.1 GB   10 MB/s    7m6s[K[?25h[?2026l[?2026h[?25l[A[1Gpulling manifest [K
pulling 1849ef83c4dd:  12% ▕██                ▏ 614 MB/5.1 GB   10 MB/s    7m6s[K[?25h[?2026l[?2026h[?25l[A[1Gpulling manifest [K
pulling 1849ef83c4dd:  12% ▕██                ▏ 615 MB/5.1 GB   10 MB/s   6m58s[K[?25h[?2026l[?2026h[?25l[A[1Gpulling manifest [K
pulling 1849ef83c4dd:  12% ▕██                ▏ 616 MB/5.1 GB   10 MB/s   6m57s[K[?25h[?2026l[?2026h[?25l[A[1Gpulling manifest [K
pulling 1849ef83c4dd:  12% ▕██                ▏ 618 MB/5.1 GB   10 MB/s   6m57s[K[?25h[?2026l[?2026h[?25l[A[1Gpulling manifest [K
pulling 1849ef83c4dd:  12% ▕██                ▏ 619 MB/5.1 GB   10 MB/s   6m57s[K[?25h[?2026l[?2026h[?25l[A[1Gpulling manifest [K
pulling 1849ef83c4dd:  12% ▕██                ▏ 620 MB/5.1 GB   10 MB/s   6m57s[K[?25h[?2026l[?2026h[?25l[A[1Gpulling manifest [K
pulling 1849ef83c4dd:  12% ▕██                ▏ 620 MB/5.1 GB   10 MB/s   6m57s[K[?25h[?2026l[?2026h[?25l[A[1Gpulling manifest [K
pulling 1849ef83c4dd:  12% ▕██                ▏ 622 MB/5.1 GB   10 MB/s   6m57s[K[?25h[?2026l[?2026h[?25l[A[1Gpulling manifest [K
pulling 1849ef83c4dd:  12% ▕██                ▏ 623 MB/5.1 GB   10 MB/s   6m57s[K[?25h[?2026l[?2026h[?25l[A[1Gpulling manifest [K
pulling 1849ef83c4dd:  12% ▕██                ▏ 625 MB/5.1 GB   10 MB/s   6m57s[K[?25h[?2026l[?2026h[?25l[A[1Gpulling manifest [K
pulling 1849ef83c4dd:  12% ▕██                ▏ 626 MB/5.1 GB   10 MB/s   6m56s[K[?25h[?2026l[?2026h[?25l[A[1Gpulling manifest [K
pulling 1849ef83c4dd:  12% ▕██                ▏ 626 MB/5.1 GB   10 MB/s   6m56s[K[?25h[?2026l[?2026h[?25l[A[1Gpulling manifest [K
pulling 1849ef83c4dd:  12% ▕██                ▏ 627 MB/5.1 GB   11 MB/s   6m45s[K[?25h[?2026l[?2026h[?25l[A[1Gpulling manifest [K
pulling 1849ef83c4dd:  12% ▕██                ▏ 629 MB/5.1 GB   11 MB/s   6m45s[K[?25h[?2026l[?2026h[?25l[A[1Gpulling manifest [K
pulling 1849ef83c4dd:  12% ▕██                ▏ 630 MB/5.1 GB   11 MB/s   6m45s[K[?25h[?2026l[?2026h[?25l[A[1Gpulling manifest [K
pulling 1849ef83c4dd:  12% ▕██                ▏ 632 MB/5.1 GB   11 MB/s   6m44s[K[?25h[?2026l[?2026h[?25l[A[1Gpulling manifest [K
pulling 1849ef83c4dd:  12% ▕██                ▏ 632 MB/5.1 GB   11 MB/s   6m44s[K[?25h[?2026l[?2026h[?25l[A[1Gpulling manifest [K
pulling 1849ef83c4dd:  12% ▕██                ▏ 632 MB/5.1 GB   11 MB/s   6m44s[K[?25h[?2026l[?2026h[?25l[A[1Gpulling manifest [K
pulling 1849ef83c4dd:  12% ▕██                ▏ 634 MB/5.1 GB   11 MB/s   6m44s[K[?25h[?2026l[?2026h[?25l[A[1Gpulling manifest [K
pulling 1849ef83c4dd:  12% ▕██                ▏ 636 MB/5.1 GB   11 MB/s   6m44s[K[?25h[?2026l[?2026h[?25l[A[1Gpulling manifest [K
pulling 1849ef83c4dd:  12% ▕██                ▏ 637 MB/5.1 GB   11 MB/s   6m44s[K[?25h[?2026l[?2026h[?25l[A[1Gpulling manifest [K
pulling 1849ef83c4dd:  12% ▕██                ▏ 638 MB/5.1 GB   11 MB/s   6m44s[K[?25h[?2026l[?2026h[?25l[A[1Gpulling manifest [K
pulling 1849ef83c4dd:  12% ▕██                ▏ 638 MB/5.1 GB   11 MB/s   6m42s[K[?25h[?2026l[?2026h[?25l[A[1Gpulling manifest [K
pulling 1849ef83c4dd:  12% ▕██                ▏ 639 MB/5.1 GB   11 MB/s   6m42s[K[?25h[?2026l[?2026h[?25l[A[1Gpulling manifest [K
pulling 1849ef83c4dd:  13% ▕██                ▏ 641 MB/5.1 GB   11 MB/s   6m42s[K[?25h[?2026l[?2026h[?25l[A[1Gpulling manifest [K
pulling 1849ef83c4dd:  13% ▕██                ▏ 643 MB/5.1 GB   11 MB/s   6m42s[K[?25h[?2026l[?2026h[?25l[A[1Gpulling manifest [K
pulling 1849ef83c4dd:  13% ▕██                ▏ 644 MB/5.1 GB   11 MB/s   6m41s[K[?25h[?2026l[?2026h[?25l[A[1Gpulling manifest [K
pulling 1849ef83c4dd:  13% ▕██                ▏ 644 MB/5.1 GB   11 MB/s   6m41s[K[?25h[?2026l[?2026h[?25l[A[1Gpulling manifest [K
pulling 1849ef83c4dd:  13% ▕██                ▏ 646 MB/5.1 GB   11 MB/s   6m41s[K[?25h[?2026l[?2026h[?25l[A[1Gpulling manifest [K
pulling 1849ef83c4dd:  13% ▕██                ▏ 647 MB/5.1 GB   11 MB/s   6m41s[K[?25h[?2026l[?2026h[?25l[A[1Gpulling manifest [K
pulling 1849ef83c4dd:  13% ▕██                ▏ 648 MB/5.1 GB   11 MB/s   6m41s[K[?25h[?2026l[?2026h[?25l[A[1Gpulling manifest [K
pulling 1849ef83c4dd:  13% ▕██                ▏ 650 MB/5.1 GB   11 MB/s   6m41s[K[?25h[?2026l[?2026h[?25l[A[1Gpulling manifest [K
pulling 1849ef83c4dd:  13% ▕██                ▏ 650 MB/5.1 GB   11 MB/s   6m33s[K[?25h[?2026l[?2026h[?25l[A[1Gpulling manifest [K
pulling 1849ef83c4dd:  13% ▕██                ▏ 651 MB/5.1 GB   11 MB/s   6m33s[K[?25h[?2026l[?2026h[?25l[A[1Gpulling manifest [K
pulling 1849ef83c4dd:  13% ▕██                ▏ 653 MB/5.1 GB   11 MB/s   6m32s[K[?25h[?2026l[?2026h[?25l[A[1Gpulling manifest [K
pulling 1849ef83c4dd:  13% ▕██                ▏ 654 MB/5.1 GB   11 MB/s   6m32s[K[?25h[?2026l[?2026h[?25l[A[1Gpulling manifest [K
pulling 1849ef83c4dd:  13% ▕██                ▏ 655 MB/5.1 GB   11 MB/s   6m32s[K[?25h[?2026l[?2026h[?25l[A[1Gpulling manifest [K
pulling 1849ef83c4dd:  13% ▕██                ▏ 656 MB/5.1 GB   11 MB/s   6m32s[K[?25h[?2026l[?2026h[?25l[A[1Gpulling manifest [K
pulling 1849ef83c4dd:  13% ▕██                ▏ 656 MB/5.1 GB   11 MB/s   6m32s[K[?25h[?2026l[?2026h[?25l[A[1Gpulling manifest [K
pulling 1849ef83c4dd:  13% ▕██                ▏ 658 MB/5.1 GB   11 MB/s   6m32s[K[?25h[?2026l[?2026h[?25l[A[1Gpulling manifest [K
pulling 1849ef83c4dd:  13% ▕██                ▏ 660 MB/5.1 GB   11 MB/s   6m32s[K[?25h[?2026l[?2026h[?25l[A[1Gpulling manifest [K
pulling 1849ef83c4dd:  13% ▕██                ▏ 661 MB/5.1 GB   11 MB/s   6m32s[K[?25h[?2026l[?2026h[?25l[A[1Gpulling manifest [K
pulling 1849ef83c4dd:  13% ▕██                ▏ 662 MB/5.1 GB   11 MB/s   6m25s[K[?25h[?2026l[?2026h[?25l[A[1Gpulling manifest [K
pulling 1849ef83c4dd:  13% ▕██                ▏ 663 MB/5.1 GB   11 MB/s   6m25s[K[?25h[?2026l[?2026h[?25l[A[1Gpulling manifest [K
pulling 1849ef83c4dd:  13% ▕██                ▏ 664 MB/5.1 GB   11 MB/s   6m25s[K[?25h[?2026l[?2026h[?25l[A[1Gpulling manifest [K
pulling 1849ef83c4dd:  13% ▕██                ▏ 665 MB/5.1 GB   11 MB/s   6m25s[K[?25h[?2026l[?2026h[?25l[A[1Gpulling manifest [K
pulling 1849ef83c4dd:  13% ▕██                ▏ 667 MB/5.1 GB   11 MB/s   6m25s[K[?25h[?2026l[?2026h[?25l[A[1Gpulling manifest [K
pulling 1849ef83c4dd:  13% ▕██                ▏ 668 MB/5.1 GB   11 MB/s   6m25s[K[?25h[?2026l[?2026h[?25l[A[1Gpulling manifest [K
pulling 1849ef83c4dd:  13% ▕██                ▏ 668 MB/5.1 GB   11 MB/s   6m25s[K[?25h[?2026l[?2026h[?25l[A[1Gpulling manifest [K
pulling 1849ef83c4dd:  13% ▕██                ▏ 670 MB/5.1 GB   11 MB/s   6m24s[K[?25h[?2026l[?2026h[?25l[A[1Gpulling manifest [K
pulling 1849ef83c4dd:  13% ▕██                ▏ 671 MB/5.1 GB   11 MB/s   6m24s[K[?25h[?2026l[?2026h[?25l[A[1Gpulling manifest [K
pulling 1849ef83c4dd:  13% ▕██                ▏ 673 MB/5.1 GB   11 MB/s   6m24s[K[?25h[?2026l[?2026h[?25l[A[1Gpulling manifest [K
pulling 1849ef83c4dd:  13% ▕██                ▏ 675 MB/5.1 GB   11 MB/s   6m21s[K[?25h[?2026l[?2026h[?25l[A[1Gpulling manifest [K
pulling 1849ef83c4dd:  13% ▕██                ▏ 675 MB/5.1 GB   11 MB/s   6m21s[K[?25h[?2026l[?2026h[?25l[A[1Gpulling manifest [K
pulling 1849ef83c4dd:  13% ▕██                ▏ 676 MB/5.1 GB   11 MB/s   6m20s[K[?25h[?2026l[?2026h[?25l[A[1Gpulling manifest [K
pulling 1849ef83c4dd:  13% ▕██                ▏ 677 MB/5.1 GB   11 MB/s   6m20s[K[?25h[?2026l[?2026h[?25l[A[1Gpulling manifest [K
pulling 1849ef83c4dd:  13% ▕██                ▏ 678 MB/5.1 GB   11 MB/s   6m20s[K[?25h[?2026l[?2026h[?25l[A[1Gpulling manifest [K
pulling 1849ef83c4dd:  13% ▕██                ▏ 680 MB/5.1 GB   11 MB/s   6m20s[K[?25h[?2026l[?2026h[?25l[A[1Gpulling manifest [K
pulling 1849ef83c4dd:  13% ▕██                ▏ 681 MB/5.1 GB   11 MB/s   6m20s[K[?25h[?2026l[?2026h[?25l[A[1Gpulling manifest [K
pulling 1849ef83c4dd:  13% ▕██                ▏ 681 MB/5.1 GB   11 MB/s   6m20s[K[?25h[?2026l[?2026h[?25l[A[1Gpulling manifest [K
pulling 1849ef83c4dd:  13% ▕██                ▏ 682 MB/5.1 GB   11 MB/s   6m20s[K[?25h[?2026l[?2026h[?25l[A[1Gpulling manifest [K
pulling 1849ef83c4dd:  13% ▕██                ▏ 684 MB/5.1 GB   11 MB/s   6m20s[K[?25h[?2026l[?2026h[?25l[A[1Gpulling manifest [K
pulling 1849ef83c4dd:  13% ▕██                ▏ 685 MB/5.1 GB   11 MB/s   6m20s[K[?25h[?2026l[?2026h[?25l[A[1Gpulling manifest [K
pulling 1849ef83c4dd:  13% ▕██                ▏ 686 MB/5.1 GB   11 MB/s   6m21s[K[?25h[?2026l[?2026h[?25l[A[1Gpulling manifest [K
pulling 1849ef83c4dd:  13% ▕██                ▏ 686 MB/5.1 GB   11 MB/s   6m21s[K[?25h[?2026l[?2026h[?25l[A[1Gpulling manifest [K
pulling 1849ef83c4dd:  13% ▕██                ▏ 687 MB/5.1 GB   11 MB/s   6m21s[K[?25h[?2026l[?2026h[?25l[A[1Gpulling manifest [K
pulling 1849ef83c4dd:  13% ▕██                ▏ 689 MB/5.1 GB   11 MB/s   6m21s[K[?25h[?2026l[?2026h[?25l[A[1Gpulling manifest [K
pulling 1849ef83c4dd:  13% ▕██                ▏ 691 MB/5.1 GB   11 MB/s   6m21s[K[?25h[?2026l[?2026h[?25l[A[1Gpulling manifest [K
pulling 1849ef83c4dd:  13% ▕██                ▏ 692 MB/5.1 GB   11 MB/s   6m21s[K[?25h[?2026l[?2026h[?25l[A[1Gpulling manifest [K
pulling 1849ef83c4dd:  13% ▕██                ▏ 692 MB/5.1 GB   11 MB/s   6m21s[K[?25h[?2026l[?2026h[?25l[A[1Gpulling manifest [K
pulling 1849ef83c4dd:  14% ▕██                ▏ 693 MB/5.1 GB   11 MB/s   6m21s[K[?25h[?2026l[?2026h[?25l[A[1Gpulling manifest [K
pulling 1849ef83c4dd:  14% ▕██                ▏ 694 MB/5.1 GB   11 MB/s   6m21s[K[?25h[?2026l[?2026h[?25l[A[1Gpulling manifest [K
pulling 1849ef83c4dd:  14% ▕██                ▏ 696 MB/5.1 GB   11 MB/s   6m21s[K[?25h[?2026l[?2026h[?25l[A[1Gpulling manifest [K
pulling 1849ef83c4dd:  14% ▕██                ▏ 697 MB/5.1 GB   11 MB/s   6m22s[K[?25h[?2026l[?2026h[?25l[A[1Gpulling manifest [K
pulling 1849ef83c4dd:  14% ▕██                ▏ 697 MB/5.1 GB   11 MB/s   6m22s[K[?25h[?2026l[?2026h[?25l[A[1Gpulling manifest [K
pulling 1849ef83c4dd:  14% ▕██                ▏ 698 MB/5.1 GB   11 MB/s   6m22s[K[?25h[?2026l[?2026h[?25l[A[1Gpulling manifest [K
pulling 1849ef83c4dd:  14% ▕██                ▏ 700 MB/5.1 GB   11 MB/s   6m22s[K[?25h[?2026l[?2026h[?25l[A[1Gpulling manifest [K
pulling 1849ef83c4dd:  14% ▕██                ▏ 701 MB/5.1 GB   11 MB/s   6m22s[K[?25h[?2026l[?2026h[?25l[A[1Gpulling manifest [K
pulling 1849ef83c4dd:  14% ▕██                ▏ 702 MB/5.1 GB   11 MB/s   6m22s[K[?25h[?2026l[?2026h[?25l[A[1Gpulling manifest [K
pulling 1849ef83c4dd:  14% ▕██                ▏ 703 MB/5.1 GB   11 MB/s   6m21s[K[?25h[?2026l[?2026h[?25l[A[1Gpulling manifest [K
pulling 1849ef83c4dd:  14% ▕██                ▏ 703 MB/5.1 GB   11 MB/s   6m21s[K[?25h[?2026l[?2026h[?25l[A[1Gpulling manifest [K
pulling 1849ef83c4dd:  14% ▕██                ▏ 705 MB/5.1 GB   11 MB/s   6m21s[K[?25h[?2026l[?2026h[?25l[A[1Gpulling manifest [K
pulling 1849ef83c4dd:  14% ▕██                ▏ 706 MB/5.1 GB   11 MB/s   6m21s[K[?25h[?2026l[?2026h[?25l[A[1Gpulling manifest [K
pulling 1849ef83c4dd:  14% ▕██                ▏ 707 MB/5.1 GB   11 MB/s   6m22s[K[?25h[?2026l[?2026h[?25l[A[1Gpulling manifest [K
pulling 1849ef83c4dd:  14% ▕██                ▏ 709 MB/5.1 GB   11 MB/s   6m22s[K[?25h[?2026l[?2026h[?25l[A[1Gpulling manifest [K
pulling 1849ef83c4dd:  14% ▕██                ▏ 709 MB/5.1 GB   11 MB/s   6m22s[K[?25h[?2026l[?2026h[?25l[A[1Gpulling manifest [K
pulling 1849ef83c4dd:  14% ▕██                ▏ 710 MB/5.1 GB   11 MB/s   6m22s[K[?25h[?2026l[?2026h[?25l[A[1Gpulling manifest [K
pulling 1849ef83c4dd:  14% ▕██                ▏ 711 MB/5.1 GB   11 MB/s   6m22s[K[?25h[?2026l[?2026h[?25l[A[1Gpulling manifest [K
pulling 1849ef83c4dd:  14% ▕██                ▏ 713 MB/5.1 GB   11 MB/s   6m22s[K[?25h[?2026l[?2026h[?25l[A[1Gpulling manifest [K
pulling 1849ef83c4dd:  14% ▕██                ▏ 714 MB/5.1 GB   11 MB/s   6m22s[K[?25h[?2026l[?2026h[?25l[A[1Gpulling manifest [K
pulling 1849ef83c4dd:  14% ▕██                ▏ 714 MB/5.1 GB   11 MB/s   6m21s[K[?25h[?2026l[?2026h[?25l[A[1Gpulling manifest [K
pulling 1849ef83c4dd:  14% ▕██                ▏ 716 MB/5.1 GB   11 MB/s   6m21s[K[?25h[?2026l[?2026h[?25l[A[1Gpulling manifest [K
pulling 1849ef83c4dd:  14% ▕██                ▏ 717 MB/5.1 GB   11 MB/s   6m21s[K[?25h[?2026l[?2026h[?25l[A[1Gpulling manifest [K
pulling 1849ef83c4dd:  14% ▕██                ▏ 718 MB/5.1 GB   11 MB/s   6m23s[K[?25h[?2026l[?2026h[?25l[A[1Gpulling manifest [K
pulling 1849ef83c4dd:  14% ▕██                ▏ 720 MB/5.1 GB   11 MB/s   6m23s[K[?25h[?2026l[?2026h[?25l[A[1Gpulling manifest [K
pulling 1849ef83c4dd:  14% ▕██                ▏ 720 MB/5.1 GB   11 MB/s   6m23s[K[?25h[?2026l[?2026h[?25l[A[1Gpulling manifest [K
pulling 1849ef83c4dd:  14% ▕██                ▏ 721 MB/5.1 GB   11 MB/s   6m23s[K[?25h[?2026l[?2026h[?25l[A[1Gpulling manifest [K
pulling 1849ef83c4dd:  14% ▕██                ▏ 723 MB/5.1 GB   11 MB/s   6m23s[K[?25h[?2026l[?2026h[?25l[A[1Gpulling manifest [K
pulling 1849ef83c4dd:  14% ▕██                ▏ 723 MB/5.1 GB   11 MB/s   6m23s[K[?25h[?2026l[?2026h[?25l[A[1Gpulling manifest [K
pulling 1849ef83c4dd:  14% ▕██                ▏ 725 MB/5.1 GB   11 MB/s   6m23s[K[?25h[?2026l[?2026h[?25l[A[1Gpulling manifest [K
pulling 1849ef83c4dd:  14% ▕██                ▏ 725 MB/5.1 GB   11 MB/s   6m22s[K[?25h[?2026l[?2026h[?25l[A[1Gpulling manifest [K
pulling 1849ef83c4dd:  14% ▕██                ▏ 725 MB/5.1 GB   11 MB/s   6m22s[K[?25h[?2026l[?2026h[?25l[A[1Gpulling manifest [K
pulling 1849ef83c4dd:  14% ▕██                ▏ 727 MB/5.1 GB   11 MB/s   6m22s[K[?25h[?2026l[?2026h[?25l[A[1Gpulling manifest [K
pulling 1849ef83c4dd:  14% ▕██                ▏ 729 MB/5.1 GB   11 MB/s   6m26s[K[?25h[?2026l[?2026h[?25l[A[1Gpulling manifest [K
pulling 1849ef83c4dd:  14% ▕██                ▏ 730 MB/5.1 GB   11 MB/s   6m26s[K[?25h[?2026l[?2026h[?25l[A[1Gpulling manifest [K
pulling 1849ef83c4dd:  14% ▕██                ▏ 731 MB/5.1 GB   11 MB/s   6m25s[K[?25h[?2026l[?2026h[?25l[A[1Gpulling manifest [K
pulling 1849ef83c4dd:  14% ▕██                ▏ 732 MB/5.1 GB   11 MB/s   6m25s[K[?25h[?2026l[?2026h[?25l[A[1Gpulling manifest [K
pulling 1849ef83c4dd:  14% ▕██                ▏ 732 MB/5.1 GB   11 MB/s   6m25s[K[?25h[?2026l[?2026h[?25l[A[1Gpulling manifest [K
pulling 1849ef83c4dd:  14% ▕██                ▏ 734 MB/5.1 GB   11 MB/s   6m25s[K[?25h[?2026l[?2026h[?25l[A[1Gpulling manifest [K
pulling 1849ef83c4dd:  14% ▕██                ▏ 736 MB/5.1 GB   11 MB/s   6m25s[K[?25h[?2026l[?2026h[?25l[A[1Gpulling manifest [K
pulling 1849ef83c4dd:  14% ▕██                ▏ 737 MB/5.1 GB   11 MB/s   6m25s[K[?25h[?2026l[?2026h[?25l[A[1Gpulling manifest [K
pulling 1849ef83c4dd:  14% ▕██                ▏ 737 MB/5.1 GB   11 MB/s   6m25s[K[?25h[?2026l[?2026h[?25l[A[1Gpulling manifest [K
pulling 1849ef83c4dd:  14% ▕██                ▏ 739 MB/5.1 GB   11 MB/s   6m25s[K[?25h[?2026l[?2026h[?25l[A[1Gpulling manifest [K
pulling 1849ef83c4dd:  14% ▕██                ▏ 739 MB/5.1 GB   11 MB/s   6m25s[K[?25h[?2026l[?2026h[?25l[A[1Gpulling manifest [K
pulling 1849ef83c4dd:  14% ▕██                ▏ 741 MB/5.1 GB   11 MB/s   6m27s[K[?25h[?2026l[?2026h[?25l[A[1Gpulling manifest [K
pulling 1849ef83c4dd:  14% ▕██                ▏ 743 MB/5.1 GB   11 MB/s   6m27s[K[?25h[?2026l[?2026h[?25l[A[1Gpulling manifest [K
pulling 1849ef83c4dd:  14% ▕██                ▏ 743 MB/5.1 GB   11 MB/s   6m27s[K[?25h[?2026l[?2026h[?25l[A[1Gpulling manifest [K
pulling 1849ef83c4dd:  14% ▕██                ▏ 744 MB/5.1 GB   11 MB/s   6m27s[K[?25h[?2026l[?2026h[?25l[A[1Gpulling manifest [K
pulling 1849ef83c4dd:  15% ▕██                ▏ 745 MB/5.1 GB   11 MB/s   6m27s[K[?25h[?2026l[?2026h[?25l[A[1Gpulling manifest [K
pulling 1849ef83c4dd:  15% ▕██                ▏ 746 MB/5.1 GB   11 MB/s   6m27s[K[?25h[?2026l[?2026h[?25l[A[1Gpulling manifest [K
pulling 1849ef83c4dd:  15% ▕██                ▏ 748 MB/5.1 GB   11 MB/s   6m26s[K[?25h[?2026l[?2026h[?25l[A[1Gpulling manifest [K
pulling 1849ef83c4dd:  15% ▕██                ▏ 748 MB/5.1 GB   11 MB/s   6m26s[K[?25h[?2026l[?2026h[?25l[A[1Gpulling manifest [K
pulling 1849ef83c4dd:  15% ▕██                ▏ 749 MB/5.1 GB   11 MB/s   6m26s[K[?25h[?2026l[?2026h[?25l[A[1Gpulling manifest [K
pulling 1849ef83c4dd:  15% ▕██                ▏ 751 MB/5.1 GB   11 MB/s   6m26s[K[?25h[?2026l[?2026h[?25l[A[1Gpulling manifest [K
pulling 1849ef83c4dd:  15% ▕██                ▏ 752 MB/5.1 GB   11 MB/s   6m27s[K[?25h[?2026l[?2026h[?25l[A[1Gpulling manifest [K
pulling 1849ef83c4dd:  15% ▕██                ▏ 753 MB/5.1 GB   11 MB/s   6m27s[K[?25h[?2026l[?2026h[?25l[A[1Gpulling manifest [K
pulling 1849ef83c4dd:  15% ▕██                ▏ 755 MB/5.1 GB   11 MB/s   6m27s[K[?25h[?2026l[?2026h[?25l[A[1Gpulling manifest [K
pulling 1849ef83c4dd:  15% ▕██                ▏ 755 MB/5.1 GB   11 MB/s   6m27s[K[?25h[?2026l[?2026h[?25l[A[1Gpulling manifest [K
pulling 1849ef83c4dd:  15% ▕██                ▏ 756 MB/5.1 GB   11 MB/s   6m27s[K[?25h[?2026l[?2026h[?25l[A[1Gpulling manifest [K
pulling 1849ef83c4dd:  15% ▕██                ▏ 758 MB/5.1 GB   11 MB/s   6m26s[K[?25h[?2026l[?2026h[?25l[A[1Gpulling manifest [K
pulling 1849ef83c4dd:  15% ▕██                ▏ 760 MB/5.1 GB   11 MB/s   6m26s[K[?25h[?2026l[?2026h[?25l[A[1Gpulling manifest [K
pulling 1849ef83c4dd:  15% ▕██                ▏ 760 MB/5.1 GB   11 MB/s   6m26s[K[?25h[?2026l[?2026h[?25l[A[1Gpulling manifest [K
pulling 1849ef83c4dd:  15% ▕██                ▏ 761 MB/5.1 GB   11 MB/s   6m26s[K[?25h[?2026l[?2026h[?25l[A[1Gpulling manifest [K
pulling 1849ef83c4dd:  15% ▕██                ▏ 762 MB/5.1 GB   11 MB/s   6m26s[K[?25h[?2026l[?2026h[?25l[A[1Gpulling manifest [K
pulling 1849ef83c4dd:  15% ▕██                ▏ 763 MB/5.1 GB   11 MB/s   6m29s[K[?25h[?2026l[?2026h[?25l[A[1Gpulling manifest [K
pulling 1849ef83c4dd:  15% ▕██                ▏ 765 MB/5.1 GB   11 MB/s   6m29s[K[?25h[?2026l[?2026h[?25l[A[1Gpulling manifest [K
pulling 1849ef83c4dd:  15% ▕██                ▏ 766 MB/5.1 GB   11 MB/s   6m29s[K[?25h[?2026l[?2026h[?25l[A[1Gpulling manifest [K
pulling 1849ef83c4dd:  15% ▕██                ▏ 766 MB/5.1 GB   11 MB/s   6m29s[K[?25h[?2026l[?2026h[?25l[A[1Gpulling manifest [K
pulling 1849ef83c4dd:  15% ▕██                ▏ 768 MB/5.1 GB   11 MB/s   6m28s[K[?25h[?2026l[?2026h[?25l[A[1Gpulling manifest [K
pulling 1849ef83c4dd:  15% ▕██                ▏ 769 MB/5.1 GB   11 MB/s   6m28s[K[?25h[?2026l[?2026h[?25l[A[1Gpulling manifest [K
pulling 1849ef83c4dd:  15% ▕██                ▏ 770 MB/5.1 GB   11 MB/s   6m28s[K[?25h[?2026l[?2026h[?25l[A[1Gpulling manifest [K
pulling 1849ef83c4dd:  15% ▕██                ▏ 772 MB/5.1 GB   11 MB/s   6m28s[K[?25h[?2026l[?2026h[?25l[A[1Gpulling manifest [K
pulling 1849ef83c4dd:  15% ▕██                ▏ 772 MB/5.1 GB   11 MB/s   6m28s[K[?25h[?2026l[?2026h[?25l[A[1Gpulling manifest [K
pulling 1849ef83c4dd:  15% ▕██                ▏ 773 MB/5.1 GB   11 MB/s   6m28s[K[?25h[?2026l[?2026h[?25l[A[1Gpulling manifest [K
pulling 1849ef83c4dd:  15% ▕██                ▏ 775 MB/5.1 GB   11 MB/s   6m31s[K[?25h[?2026l[?2026h[?25l[A[1Gpulling manifest [K
pulling 1849ef83c4dd:  15% ▕██                ▏ 776 MB/5.1 GB   11 MB/s   6m31s[K[?25h[?2026l[?2026h[?25l[A[1Gpulling manifest [K
pulling 1849ef83c4dd:  15% ▕██                ▏ 777 MB/5.1 GB   11 MB/s   6m31s[K[?25h[?2026l[?2026h[?25l[A[1Gpulling manifest [K
pulling 1849ef83c4dd:  15% ▕██                ▏ 778 MB/5.1 GB   11 MB/s   6m31s[K[?25h[?2026l[?2026h[?25l[A[1Gpulling manifest [K
pulling 1849ef83c4dd:  15% ▕██                ▏ 779 MB/5.1 GB   11 MB/s   6m31s[K[?25h[?2026l[?2026h[?25l[A[1Gpulling manifest [K
pulling 1849ef83c4dd:  15% ▕██                ▏ 780 MB/5.1 GB   11 MB/s   6m31s[K[?25h[?2026l[?2026h[?25l[A[1Gpulling manifest [K
pulling 1849ef83c4dd:  15% ▕██                ▏ 781 MB/5.1 GB   11 MB/s   6m30s[K[?25h[?2026l[?2026h[?25l[A[1Gpulling manifest [K
pulling 1849ef83c4dd:  15% ▕██                ▏ 783 MB/5.1 GB   11 MB/s   6m30s[K[?25h[?2026l[?2026h[?25l[A[1Gpulling manifest [K
pulling 1849ef83c4dd:  15% ▕██                ▏ 784 MB/5.1 GB   11 MB/s   6m30s[K[?25h[?2026l[?2026h[?25l[A[1Gpulling manifest [K
pulling 1849ef83c4dd:  15% ▕██                ▏ 784 MB/5.1 GB   11 MB/s   6m30s[K[?25h[?2026l[?2026h[?25l[A[1Gpulling manifest [K
pulling 1849ef83c4dd:  15% ▕██                ▏ 786 MB/5.1 GB   11 MB/s   6m30s[K[?25h[?2026l[?2026h[?25l[A[1Gpulling manifest [K
pulling 1849ef83c4dd:  15% ▕██                ▏ 786 MB/5.1 GB   11 MB/s   6m30s[K[?25h[?2026l[?2026h[?25l[A[1Gpulling manifest [K
pulling 1849ef83c4dd:  15% ▕██                ▏ 788 MB/5.1 GB   11 MB/s   6m30s[K[?25h[?2026l[?2026h[?25l[A[1Gpulling manifest [K
pulling 1849ef83c4dd:  15% ▕██                ▏ 790 MB/5.1 GB   11 MB/s   6m30s[K[?25h[?2026l[?2026h[?25l[A[1Gpulling manifest [K
pulling 1849ef83c4dd:  15% ▕██                ▏ 790 MB/5.1 GB   11 MB/s   6m30s[K[?25h[?2026l[?2026h[?25l[A[1Gpulling manifest [K
pulling 1849ef83c4dd:  15% ▕██                ▏ 791 MB/5.1 GB   11 MB/s   6m30s[K[?25h[?2026l[?2026h[?25l[A[1Gpulling manifest [K
pulling 1849ef83c4dd:  15% ▕██                ▏ 793 MB/5.1 GB   11 MB/s   6m30s[K[?25h[?2026l[?2026h[?25l[A[1Gpulling manifest [K
pulling 1849ef83c4dd:  15% ▕██                ▏ 794 MB/5.1 GB   11 MB/s   6m30s[K[?25h[?2026l[?2026h[?25l[A[1Gpulling manifest [K
pulling 1849ef83c4dd:  16% ▕██                ▏ 796 MB/5.1 GB   11 MB/s   6m29s[K[?25h[?2026l[?2026h[?25l[A[1Gpulling manifest [K
pulling 1849ef83c4dd:  16% ▕██                ▏ 796 MB/5.1 GB   11 MB/s   6m29s[K[?25h[?2026l[?2026h[?25l[A[1Gpulling manifest [K
pulling 1849ef83c4dd:  16% ▕██                ▏ 797 MB/5.1 GB   11 MB/s   6m29s[K[?25h[?2026l[?2026h[?25l[A[1Gpulling manifest [K
pulling 1849ef83c4dd:  16% ▕██                ▏ 799 MB/5.1 GB   11 MB/s   6m24s[K[?25h[?2026l[?2026h[?25l[A[1Gpulling manifest [K
pulling 1849ef83c4dd:  16% ▕██                ▏ 800 MB/5.1 GB   11 MB/s   6m24s[K[?25h[?2026l[?2026h[?25l[A[1Gpulling manifest [K
pulling 1849ef83c4dd:  16% ▕██                ▏ 800 MB/5.1 GB   11 MB/s   6m24s[K[?25h[?2026l[?2026h[?25l[A[1Gpulling manifest [K
pulling 1849ef83c4dd:  16% ▕██                ▏ 802 MB/5.1 GB   11 MB/s   6m24s[K[?25h[?2026l[?2026h[?25l[A[1Gpulling manifest [K
pulling 1849ef83c4dd:  16% ▕██                ▏ 802 MB/5.1 GB   11 MB/s   6m24s[K[?25h[?2026l[?2026h[?25l[A[1Gpulling manifest [K
pulling 1849ef83c4dd:  16% ▕██                ▏ 804 MB/5.1 GB   11 MB/s   6m23s[K[?25h[?2026l[?2026h[?25l[A[1Gpulling manifest [K
pulling 1849ef83c4dd:  16% ▕██                ▏ 806 MB/5.1 GB   11 MB/s   6m23s[K[?25h[?2026l[?2026h[?25l[A[1Gpulling manifest [K
pulling 1849ef83c4dd:  16% ▕██                ▏ 808 MB/5.1 GB   11 MB/s   6m23s[K[?25h[?2026l[?2026h[?25l[A[1Gpulling manifest [K
pulling 1849ef83c4dd:  16% ▕██                ▏ 809 MB/5.1 GB   11 MB/s   6m23s[K[?25h[?2026l[?2026h[?25l[A[1Gpulling manifest [K
pulling 1849ef83c4dd:  16% ▕██                ▏ 809 MB/5.1 GB   11 MB/s   6m23s[K[?25h[?2026l[?2026h[?25l[A[1Gpulling manifest [K
pulling 1849ef83c4dd:  16% ▕██                ▏ 811 MB/5.1 GB   11 MB/s   6m20s[K[?25h[?2026l[?2026h[?25l[A[1Gpulling manifest [K
pulling 1849ef83c4dd:  16% ▕██                ▏ 812 MB/5.1 GB   11 MB/s   6m20s[K[?25h[?2026l[?2026h[?25l[A[1Gpulling manifest [K
pulling 1849ef83c4dd:  16% ▕██                ▏ 814 MB/5.1 GB   11 MB/s   6m20s[K[?25h[?2026l[?2026h[?25l[A[1Gpulling manifest [K
pulling 1849ef83c4dd:  16% ▕██                ▏ 815 MB/5.1 GB   11 MB/s   6m20s[K[?25h[?2026l[?2026h[?25l[A[1Gpulling manifest [K
pulling 1849ef83c4dd:  16% ▕██                ▏ 815 MB/5.1 GB   11 MB/s   6m20s[K[?25h[?2026l[?2026h[?25l[A[1Gpulling manifest [K
pulling 1849ef83c4dd:  16% ▕██                ▏ 816 MB/5.1 GB   11 MB/s   6m20s[K[?25h[?2026l[?2026h[?25l[A[1Gpulling manifest [K
pulling 1849ef83c4dd:  16% ▕██                ▏ 818 MB/5.1 GB   11 MB/s   6m19s[K[?25h[?2026l[?2026h[?25l[A[1Gpulling manifest [K
pulling 1849ef83c4dd:  16% ▕██                ▏ 819 MB/5.1 GB   11 MB/s   6m19s[K[?25h[?2026l[?2026h[?25l[A[1Gpulling manifest [K
pulling 1849ef83c4dd:  16% ▕██                ▏ 821 MB/5.1 GB   11 MB/s   6m19s[K[?25h[?2026l[?2026h[?25l[A[1Gpulling manifest [K
pulling 1849ef83c4dd:  16% ▕██                ▏ 821 MB/5.1 GB   11 MB/s   6m19s[K[?25h[?2026l[?2026h[?25l[A[1Gpulling manifest [K
pulling 1849ef83c4dd:  16% ▕██                ▏ 822 MB/5.1 GB   11 MB/s   6m14s[K[?25h[?2026l[?2026h[?25l[A[1Gpulling manifest [K
pulling 1849ef83c4dd:  16% ▕██                ▏ 824 MB/5.1 GB   11 MB/s   6m14s[K[?25h[?2026l[?2026h[?25l[A[1Gpulling manifest [K
pulling 1849ef83c4dd:  16% ▕██                ▏ 826 MB/5.1 GB   11 MB/s   6m14s[K[?25h[?2026l[?2026h[?25l[A[1Gpulling manifest [K
pulling 1849ef83c4dd:  16% ▕██                ▏ 827 MB/5.1 GB   11 MB/s   6m14s[K[?25h[?2026l[?2026h[?25l[A[1Gpulling manifest [K
pulling 1849ef83c4dd:  16% ▕██                ▏ 828 MB/5.1 GB   11 MB/s   6m14s[K[?25h[?2026l[?2026h[?25l[A[1Gpulling manifest [K
pulling 1849ef83c4dd:  16% ▕██                ▏ 828 MB/5.1 GB   11 MB/s   6m14s[K[?25h[?2026l[?2026h[?25l[A[1Gpulling manifest [K
pulling 1849ef83c4dd:  16% ▕██                ▏ 829 MB/5.1 GB   11 MB/s   6m14s[K[?25h[?2026l[?2026h[?25l[A[1Gpulling manifest [K
pulling 1849ef83c4dd:  16% ▕██                ▏ 831 MB/5.1 GB   11 MB/s   6m13s[K[?25h[?2026l[?2026h[?25l[A[1Gpulling manifest [K
pulling 1849ef83c4dd:  16% ▕██                ▏ 833 MB/5.1 GB   11 MB/s   6m13s[K[?25h[?2026l[?2026h[?25l[A[1Gpulling manifest [K
pulling 1849ef83c4dd:  16% ▕██                ▏ 834 MB/5.1 GB   11 MB/s   6m13s[K[?25h[?2026l[?2026h[?25l[A[1Gpulling manifest [K
pulling 1849ef83c4dd:  16% ▕██                ▏ 834 MB/5.1 GB   11 MB/s    6m9s[K[?25h[?2026l[?2026h[?25l[A[1Gpulling manifest [K
pulling 1849ef83c4dd:  16% ▕██                ▏ 836 MB/5.1 GB   11 MB/s    6m9s[K[?25h[?2026l[?2026h[?25l[A[1Gpulling manifest [K
pulling 1849ef83c4dd:  16% ▕██                ▏ 837 MB/5.1 GB   11 MB/s    6m9s[K[?25h[?2026l[?2026h[?25l[A[1Gpulling manifest [K
pulling 1849ef83c4dd:  16% ▕██                ▏ 838 MB/5.1 GB   11 MB/s    6m9s[K[?25h[?2026l[?2026h[?25l[A[1Gpulling manifest [K
pulling 1849ef83c4dd:  16% ▕██                ▏ 840 MB/5.1 GB   11 MB/s    6m8s[K[?25h[?2026l[?2026h[?25l[A[1Gpulling manifest [K
pulling 1849ef83c4dd:  16% ▕██                ▏ 840 MB/5.1 GB   11 MB/s    6m8s[K[?25h[?2026l[?2026h[?25l[A[1Gpulling manifest [K
pulling 1849ef83c4dd:  16% ▕██                ▏ 841 MB/5.1 GB   11 MB/s    6m8s[K[?25h[?2026l[?2026h[?25l[A[1Gpulling manifest [K
pulling 1849ef83c4dd:  16% ▕██                ▏ 843 MB/5.1 GB   11 MB/s    6m8s[K[?25h[?2026l[?2026h[?25l[A[1Gpulling manifest [K
pulling 1849ef83c4dd:  16% ▕██                ▏ 844 MB/5.1 GB   11 MB/s    6m8s[K[?25h[?2026l[?2026h[?25l[A[1Gpulling manifest [K
pulling 1849ef83c4dd:  16% ▕██                ▏ 845 MB/5.1 GB   11 MB/s    6m8s[K[?25h[?2026l[?2026h[?25l[A[1Gpulling manifest [K
pulling 1849ef83c4dd:  16% ▕██                ▏ 846 MB/5.1 GB   11 MB/s    6m5s[K[?25h[?2026l[?2026h[?25l[A[1Gpulling manifest [K
pulling 1849ef83c4dd:  16% ▕██                ▏ 846 MB/5.1 GB   11 MB/s    6m5s[K[?25h[?2026l[?2026h[?25l[A[1Gpulling manifest [K
pulling 1849ef83c4dd:  17% ▕██                ▏ 848 MB/5.1 GB   11 MB/s    6m5s[K[?25h[?2026l[?2026h[?25l[A[1Gpulling manifest [K
pulling 1849ef83c4dd:  17% ▕██                ▏ 850 MB/5.1 GB   11 MB/s    6m5s[K[?25h[?2026l[?2026h[?25l[A[1Gpulling manifest [K
pulling 1849ef83c4dd:  17% ▕██                ▏ 851 MB/5.1 GB   11 MB/s    6m4s[K[?25h[?2026l[?2026h[?25l[A[1Gpulling manifest [K
pulling 1849ef83c4dd:  17% ▕██                ▏ 851 MB/5.1 GB   11 MB/s    6m4s[K[?25h[?2026l[?2026h[?25l[A[1Gpulling manifest [K
pulling 1849ef83c4dd:  17% ▕██                ▏ 853 MB/5.1 GB   11 MB/s    6m4s[K[?25h[?2026l[?2026h[?25l[A[1Gpulling manifest [K
pulling 1849ef83c4dd:  17% ▕██                ▏ 854 MB/5.1 GB   11 MB/s    6m4s[K[?25h[?2026l[?2026h[?25l[A[1Gpulling manifest [K
pulling 1849ef83c4dd:  17% ▕███               ▏ 856 MB/5.1 GB   11 MB/s    6m4s[K[?25h[?2026l[?2026h[?25l[A[1Gpulling manifest [K
pulling 1849ef83c4dd:  17% ▕███               ▏ 857 MB/5.1 GB   11 MB/s    6m4s[K[?25h[?2026l[?2026h[?25l[A[1Gpulling manifest [K
pulling 1849ef83c4dd:  17% ▕███               ▏ 858 MB/5.1 GB   11 MB/s    6m4s[K[?25h[?2026l[?2026h[?25l[A[1Gpulling manifest [K
pulling 1849ef83c4dd:  17% ▕███               ▏ 858 MB/5.1 GB   11 MB/s    6m2s[K[?25h[?2026l[?2026h[?25l[A[1Gpulling manifest [K
pulling 1849ef83c4dd:  17% ▕███               ▏ 860 MB/5.1 GB   11 MB/s    6m1s[K[?25h[?2026l[?2026h[?25l[A[1Gpulling manifest [K
pulling 1849ef83c4dd:  17% ▕███               ▏ 861 MB/5.1 GB   11 MB/s    6m1s[K[?25h[?2026l[?2026h[?25l[A[1Gpulling manifest [K
pulling 1849ef83c4dd:  17% ▕███               ▏ 863 MB/5.1 GB   11 MB/s    6m1s[K[?25h[?2026l[?2026h[?25l[A[1Gpulling manifest [K
pulling 1849ef83c4dd:  17% ▕███               ▏ 864 MB/5.1 GB   11 MB/s    6m1s[K[?25h[?2026l[?2026h[?25l[A[1Gpulling manifest [K
pulling 1849ef83c4dd:  17% ▕███               ▏ 864 MB/5.1 GB   11 MB/s    6m1s[K[?25h[?2026l[?2026h[?25l[A[1Gpulling manifest [K
pulling 1849ef83c4dd:  17% ▕███               ▏ 866 MB/5.1 GB   11 MB/s    6m1s[K[?25h[?2026l[?2026h[?25l[A[1Gpulling manifest [K
pulling 1849ef83c4dd:  17% ▕███               ▏ 867 MB/5.1 GB   11 MB/s    6m1s[K[?25h[?2026l[?2026h[?25l[A[1Gpulling manifest [K
pulling 1849ef83c4dd:  17% ▕███               ▏ 868 MB/5.1 GB   11 MB/s    6m1s[K[?25h[?2026l[?2026h[?25l[A[1Gpulling manifest [K
pulling 1849ef83c4dd:  17% ▕███               ▏ 870 MB/5.1 GB   11 MB/s    6m1s[K[?25h[?2026l[?2026h[?25l[A[1Gpulling manifest [K
pulling 1849ef83c4dd:  17% ▕███               ▏ 870 MB/5.1 GB   11 MB/s   5m58s[K[?25h[?2026l[?2026h[?25l[A[1Gpulling manifest [K
pulling 1849ef83c4dd:  17% ▕███               ▏ 871 MB/5.1 GB   11 MB/s   5m58s[K[?25h[?2026l[?2026h[?25l[A[1Gpulling manifest [K
pulling 1849ef83c4dd:  17% ▕███               ▏ 873 MB/5.1 GB   11 MB/s   5m57s[K[?25h[?2026l[?2026h[?25l[A[1Gpulling manifest [K
pulling 1849ef83c4dd:  17% ▕███               ▏ 875 MB/5.1 GB   11 MB/s   5m57s[K[?25h[?2026l[?2026h[?25l[A[1Gpulling manifest [K
pulling 1849ef83c4dd:  17% ▕███               ▏ 875 MB/5.1 GB   11 MB/s   5m57s[K[?25h[?2026l[?2026h[?25l[A[1Gpulling manifest [K
pulling 1849ef83c4dd:  17% ▕███               ▏ 876 MB/5.1 GB   11 MB/s   5m57s[K[?25h[?2026l[?2026h[?25l[A[1Gpulling manifest [K
pulling 1849ef83c4dd:  17% ▕███               ▏ 877 MB/5.1 GB   11 MB/s   5m57s[K[?25h[?2026l[?2026h[?25l[A[1Gpulling manifest [K
pulling 1849ef83c4dd:  17% ▕███               ▏ 878 MB/5.1 GB   11 MB/s   5m57s[K[?25h[?2026l[?2026h[?25l[A[1Gpulling manifest [K
pulling 1849ef83c4dd:  17% ▕███               ▏ 880 MB/5.1 GB   11 MB/s   5m57s[K[?25h[?2026l[?2026h[?25l[A[1Gpulling manifest [K
pulling 1849ef83c4dd:  17% ▕███               ▏ 882 MB/5.1 GB   11 MB/s   5m57s[K[?25h[?2026l[?2026h[?25l[A[1Gpulling manifest [K
pulling 1849ef83c4dd:  17% ▕███               ▏ 882 MB/5.1 GB   11 MB/s   5m55s[K[?25h[?2026l[?2026h[?25l[A[1Gpulling manifest [K
pulling 1849ef83c4dd:  17% ▕███               ▏ 882 MB/5.1 GB   11 MB/s   5m55s[K[?25h[?2026l[?2026h[?25l[A[1Gpulling manifest [K
pulling 1849ef83c4dd:  17% ▕███               ▏ 884 MB/5.1 GB   11 MB/s   5m55s[K[?25h[?2026l[?2026h[?25l[A[1Gpulling manifest [K
pulling 1849ef83c4dd:  17% ▕███               ▏ 885 MB/5.1 GB   11 MB/s   5m55s[K[?25h[?2026l[?2026h[?25l[A[1Gpulling manifest [K
pulling 1849ef83c4dd:  17% ▕███               ▏ 887 MB/5.1 GB   11 MB/s   5m55s[K[?25h[?2026l[?2026h[?25l[A[1Gpulling manifest [K
pulling 1849ef83c4dd:  17% ▕███               ▏ 888 MB/5.1 GB   11 MB/s   5m55s[K[?25h[?2026l[?2026h[?25l[A[1Gpulling manifest [K
pulling 1849ef83c4dd:  17% ▕███               ▏ 888 MB/5.1 GB   11 MB/s   5m55s[K[?25h[?2026l[?2026h[?25l[A[1Gpulling manifest [K
pulling 1849ef83c4dd:  17% ▕███               ▏ 889 MB/5.1 GB   11 MB/s   5m55s[K[?25h[?2026l[?2026h[?25l[A[1Gpulling manifest [K
pulling 1849ef83c4dd:  17% ▕███               ▏ 891 MB/5.1 GB   11 MB/s   5m55s[K[?25h[?2026l[?2026h[?25l[A[1Gpulling manifest [K
pulling 1849ef83c4dd:  17% ▕███               ▏ 892 MB/5.1 GB   11 MB/s   5m55s[K[?25h[?2026l[?2026h[?25l[A[1Gpulling manifest [K
pulling 1849ef83c4dd:  17% ▕███               ▏ 893 MB/5.1 GB   11 MB/s   5m55s[K[?25h[?2026l[?2026h[?25l[A[1Gpulling manifest [K
pulling 1849ef83c4dd:  17% ▕███               ▏ 893 MB/5.1 GB   11 MB/s   5m55s[K[?25h[?2026l[?2026h[?25l[A[1Gpulling manifest [K
pulling 1849ef83c4dd:  17% ▕███               ▏ 894 MB/5.1 GB   11 MB/s   5m55s[K[?25h[?2026l[?2026h[?25l[A[1Gpulling manifest [K
pulling 1849ef83c4dd:  17% ▕███               ▏ 896 MB/5.1 GB   11 MB/s   5m55s[K[?25h[?2026l[?2026h[?25l[A[1Gpulling manifest [K
pulling 1849ef83c4dd:  17% ▕███               ▏ 898 MB/5.1 GB   11 MB/s   5m54s[K[?25h[?2026l[?2026h[?25l[A[1Gpulling manifest [K
pulling 1849ef83c4dd:  18% ▕███               ▏ 899 MB/5.1 GB   11 MB/s   5m54s[K[?25h[?2026l[?2026h[?25l[A[1Gpulling manifest [K
pulling 1849ef83c4dd:  18% ▕███               ▏ 899 MB/5.1 GB   11 MB/s   5m54s[K[?25h[?2026l[?2026h[?25l[A[1Gpulling manifest [K
pulling 1849ef83c4dd:  18% ▕███               ▏ 900 MB/5.1 GB   11 MB/s   5m54s[K[?25h[?2026l[?2026h[?25l[A[1Gpulling manifest [K
pulling 1849ef83c4dd:  18% ▕███               ▏ 901 MB/5.1 GB   11 MB/s   5m54s[K[?25h[?2026l[?2026h[?25l[A[1Gpulling manifest [K
pulling 1849ef83c4dd:  18% ▕███               ▏ 903 MB/5.1 GB   11 MB/s   5m54s[K[?25h[?2026l[?2026h[?25l[A[1Gpulling manifest [K
pulling 1849ef83c4dd:  18% ▕███               ▏ 905 MB/5.1 GB   11 MB/s   5m57s[K[?25h[?2026l[?2026h[?25l[A[1Gpulling manifest [K
pulling 1849ef83c4dd:  18% ▕███               ▏ 905 MB/5.1 GB   11 MB/s   5m57s[K[?25h[?2026l[?2026h[?25l[A[1Gpulling manifest [K
pulling 1849ef83c4dd:  18% ▕███               ▏ 905 MB/5.1 GB   11 MB/s   5m57s[K[?25h[?2026l[?2026h[?25l[A[1Gpulling manifest [K
pulling 1849ef83c4dd:  18% ▕███               ▏ 907 MB/5.1 GB   11 MB/s   5m57s[K[?25h[?2026l[?2026h[?25l[A[1Gpulling manifest [K
pulling 1849ef83c4dd:  18% ▕███               ▏ 907 MB/5.1 GB   11 MB/s   5m57s[K[?25h[?2026l[?2026h[?25l[A[1Gpulling manifest [K
pulling 1849ef83c4dd:  18% ▕███               ▏ 909 MB/5.1 GB   11 MB/s   5m56s[K[?25h[?2026l[?2026h[?25l[A[1Gpulling manifest [K
pulling 1849ef83c4dd:  18% ▕███               ▏ 910 MB/5.1 GB   11 MB/s   5m56s[K[?25h[?2026l[?2026h[?25l[A[1Gpulling manifest [K
pulling 1849ef83c4dd:  18% ▕███               ▏ 910 MB/5.1 GB   11 MB/s   5m56s[K[?25h[?2026l[?2026h[?25l[A[1Gpulling manifest [K
pulling 1849ef83c4dd:  18% ▕███               ▏ 912 MB/5.1 GB   11 MB/s   5m56s[K[?25h[?2026l[?2026h[?25l[A[1Gpulling manifest [K
pulling 1849ef83c4dd:  18% ▕███               ▏ 913 MB/5.1 GB   11 MB/s   5m56s[K[?25h[?2026l[?2026h[?25l[A[1Gpulling manifest [K
pulling 1849ef83c4dd:  18% ▕███               ▏ 913 MB/5.1 GB   11 MB/s   5m56s[K[?25h[?2026l[?2026h[?25l[A[1Gpulling manifest [K
pulling 1849ef83c4dd:  18% ▕███               ▏ 915 MB/5.1 GB   11 MB/s    6m3s[K[?25h[?2026l[?2026h[?25l[A[1Gpulling manifest [K
pulling 1849ef83c4dd:  18% ▕███               ▏ 915 MB/5.1 GB   11 MB/s    6m3s[K[?25h[?2026l[?2026h[?25l[A[1Gpulling manifest [K
pulling 1849ef83c4dd:  18% ▕███               ▏ 916 MB/5.1 GB   11 MB/s    6m3s[K[?25h[?2026l[?2026h[?25l[A[1Gpulling manifest [K
pulling 1849ef83c4dd:  18% ▕███               ▏ 918 MB/5.1 GB   11 MB/s    6m3s[K[?25h[?2026l[?2026h[?25l[A[1Gpulling manifest [K
pulling 1849ef83c4dd:  18% ▕███               ▏ 919 MB/5.1 GB   11 MB/s    6m3s[K[?25h[?2026l[?2026h[?25l[A[1Gpulling manifest [K
pulling 1849ef83c4dd:  18% ▕███               ▏ 920 MB/5.1 GB   11 MB/s    6m3s[K[?25h[?2026l[?2026h[?25l[A[1Gpulling manifest [K
pulling 1849ef83c4dd:  18% ▕███               ▏ 921 MB/5.1 GB   11 MB/s    6m3s[K[?25h[?2026l[?2026h[?25l[A[1Gpulling manifest [K
pulling 1849ef83c4dd:  18% ▕███               ▏ 921 MB/5.1 GB   11 MB/s    6m3s[K[?25h[?2026l[?2026h[?25l[A[1Gpulling manifest [K
pulling 1849ef83c4dd:  18% ▕███               ▏ 923 MB/5.1 GB   11 MB/s    6m3s[K[?25h[?2026l[?2026h[?25l[A[1Gpulling manifest [K
pulling 1849ef83c4dd:  18% ▕███               ▏ 924 MB/5.1 GB   11 MB/s    6m2s[K[?25h[?2026l[?2026h[?25l[A[1Gpulling manifest [K
pulling 1849ef83c4dd:  18% ▕███               ▏ 926 MB/5.1 GB   11 MB/s    6m5s[K[?25h[?2026l[?2026h[?25l[A[1Gpulling manifest [K
pulling 1849ef83c4dd:  18% ▕███               ▏ 927 MB/5.1 GB   11 MB/s    6m5s[K[?25h[?2026l[?2026h[?25l[A[1Gpulling manifest [K
pulling 1849ef83c4dd:  18% ▕███               ▏ 927 MB/5.1 GB   11 MB/s    6m5s[K[?25h[?2026l[?2026h[?25l[A[1Gpulling manifest [K
pulling 1849ef83c4dd:  18% ▕███               ▏ 929 MB/5.1 GB   11 MB/s    6m5s[K[?25h[?2026l[?2026h[?25l[A[1Gpulling manifest [K
pulling 1849ef83c4dd:  18% ▕███               ▏ 930 MB/5.1 GB   11 MB/s    6m5s[K[?25h[?2026l[?2026h[?25l[A[1Gpulling manifest [K
pulling 1849ef83c4dd:  18% ▕███               ▏ 931 MB/5.1 GB   11 MB/s    6m5s[K[?25h[?2026l[?2026h[?25l[A[1Gpulling manifest [K
pulling 1849ef83c4dd:  18% ▕███               ▏ 933 MB/5.1 GB   11 MB/s    6m5s[K[?25h[?2026l[?2026h[?25l[A[1Gpulling manifest [K
pulling 1849ef83c4dd:  18% ▕███               ▏ 933 MB/5.1 GB   11 MB/s    6m5s[K[?25h[?2026l[?2026h[?25l[A[1Gpulling manifest [K
pulling 1849ef83c4dd:  18% ▕███               ▏ 934 MB/5.1 GB   11 MB/s    6m5s[K[?25h[?2026l[?2026h[?25l[A[1Gpulling manifest [K
pulling 1849ef83c4dd:  18% ▕███               ▏ 936 MB/5.1 GB   11 MB/s    6m5s[K[?25h[?2026l[?2026h[?25l[A[1Gpulling manifest [K
pulling 1849ef83c4dd:  18% ▕███               ▏ 937 MB/5.1 GB   11 MB/s    6m6s[K[?25h[?2026l[?2026h[?25l[A[1Gpulling manifest [K
pulling 1849ef83c4dd:  18% ▕███               ▏ 938 MB/5.1 GB   11 MB/s    6m6s[K[?25h[?2026l[?2026h[?25l[A[1Gpulling manifest [K
pulling 1849ef83c4dd:  18% ▕███               ▏ 939 MB/5.1 GB   11 MB/s    6m6s[K[?25h[?2026l[?2026h[?25l[A[1Gpulling manifest [K
pulling 1849ef83c4dd:  18% ▕███               ▏ 939 MB/5.1 GB   11 MB/s    6m6s[K[?25h[?2026l[?2026h[?25l[A[1Gpulling manifest [K
pulling 1849ef83c4dd:  18% ▕███               ▏ 941 MB/5.1 GB   11 MB/s    6m6s[K[?25h[?2026l[?2026h[?25l[A[1Gpulling manifest [K
pulling 1849ef83c4dd:  18% ▕███               ▏ 942 MB/5.1 GB   11 MB/s    6m6s[K[?25h[?2026l[?2026h[?25l[A[1Gpulling manifest [K
pulling 1849ef83c4dd:  18% ▕███               ▏ 943 MB/5.1 GB   11 MB/s    6m6s[K[?25h[?2026l[?2026h[?25l[A[1Gpulling manifest [K
pulling 1849ef83c4dd:  18% ▕███               ▏ 944 MB/5.1 GB   11 MB/s    6m6s[K[?25h[?2026l[?2026h[?25l[A[1Gpulling manifest [K
pulling 1849ef83c4dd:  18% ▕███               ▏ 945 MB/5.1 GB   11 MB/s    6m6s[K[?25h[?2026l[?2026h[?25l[A[1Gpulling manifest [K
pulling 1849ef83c4dd:  18% ▕███               ▏ 946 MB/5.1 GB   11 MB/s    6m6s[K[?25h[?2026l[?2026h[?25l[A[1Gpulling manifest [K
pulling 1849ef83c4dd:  18% ▕███               ▏ 947 MB/5.1 GB   11 MB/s   6m10s[K[?25h[?2026l[?2026h[?25l[A[1Gpulling manifest [K
pulling 1849ef83c4dd:  19% ▕███               ▏ 949 MB/5.1 GB   11 MB/s   6m10s[K[?25h[?2026l[?2026h[?25l[A[1Gpulling manifest [K
pulling 1849ef83c4dd:  19% ▕███               ▏ 950 MB/5.1 GB   11 MB/s   6m10s[K[?25h[?2026l[?2026h[?25l[A[1Gpulling manifest [K
pulling 1849ef83c4dd:  19% ▕███               ▏ 950 MB/5.1 GB   11 MB/s   6m10s[K[?25h[?2026l[?2026h[?25l[A[1Gpulling manifest [K
pulling 1849ef83c4dd:  19% ▕███               ▏ 952 MB/5.1 GB   11 MB/s   6m10s[K[?25h[?2026l[?2026h[?25l[A[1Gpulling manifest [K
pulling 1849ef83c4dd:  19% ▕███               ▏ 953 MB/5.1 GB   11 MB/s    6m9s[K[?25h[?2026l[?2026h[?25l[A[1Gpulling manifest [K
pulling 1849ef83c4dd:  19% ▕███               ▏ 954 MB/5.1 GB   11 MB/s    6m9s[K[?25h[?2026l[?2026h[?25l[A[1Gpulling manifest [K
pulling 1849ef83c4dd:  19% ▕███               ▏ 955 MB/5.1 GB   11 MB/s    6m9s[K[?25h[?2026l[?2026h[?25l[A[1Gpulling manifest [K
pulling 1849ef83c4dd:  19% ▕███               ▏ 955 MB/5.1 GB   11 MB/s    6m9s[K[?25h[?2026l[?2026h[?25l[A[1Gpulling manifest [K
pulling 1849ef83c4dd:  19% ▕███               ▏ 957 MB/5.1 GB   11 MB/s    6m9s[K[?25h[?2026l[?2026h[?25l[A[1Gpulling manifest [K
pulling 1849ef83c4dd:  19% ▕███               ▏ 958 MB/5.1 GB   11 MB/s   6m14s[K[?25h[?2026l[?2026h[?25l[A[1Gpulling manifest [K
pulling 1849ef83c4dd:  19% ▕███               ▏ 959 MB/5.1 GB   11 MB/s   6m14s[K[?25h[?2026l[?2026h[?25l[A[1Gpulling manifest [K
pulling 1849ef83c4dd:  19% ▕███               ▏ 961 MB/5.1 GB   11 MB/s   6m14s[K[?25h[?2026l[?2026h[?25l[A[1Gpulling manifest [K
pulling 1849ef83c4dd:  19% ▕███               ▏ 961 MB/5.1 GB   11 MB/s   6m14s[K[?25h[?2026l[?2026h[?25l[A[1Gpulling manifest [K
pulling 1849ef83c4dd:  19% ▕███               ▏ 961 MB/5.1 GB   11 MB/s   6m14s[K[?25h[?2026l[?2026h[?25l[A[1Gpulling manifest [K
pulling 1849ef83c4dd:  19% ▕███               ▏ 963 MB/5.1 GB   11 MB/s   6m14s[K[?25h[?2026l[?2026h[?25l[A[1Gpulling manifest [K
pulling 1849ef83c4dd:  19% ▕███               ▏ 965 MB/5.1 GB   11 MB/s   6m14s[K[?25h[?2026l[?2026h[?25l[A[1Gpulling manifest [K
pulling 1849ef83c4dd:  19% ▕███               ▏ 965 MB/5.1 GB   11 MB/s   6m13s[K[?25h[?2026l[?2026h[?25l[A[1Gpulling manifest [K
pulling 1849ef83c4dd:  19% ▕███               ▏ 966 MB/5.1 GB   11 MB/s   6m13s[K[?25h[?2026l[?2026h[?25l[A[1Gpulling manifest [K
pulling 1849ef83c4dd:  19% ▕███               ▏ 967 MB/5.1 GB   11 MB/s   6m13s[K[?25h[?2026l[?2026h[?25l[A[1Gpulling manifest [K
pulling 1849ef83c4dd:  19% ▕███               ▏ 968 MB/5.1 GB   11 MB/s   6m13s[K[?25h[?2026l[?2026h[?25l[A[1Gpulling manifest [K
pulling 1849ef83c4dd:  19% ▕███               ▏ 969 MB/5.1 GB   10 MB/s   6m21s[K[?25h[?2026l[?2026h[?25l[A[1Gpulling manifest [K
pulling 1849ef83c4dd:  19% ▕███               ▏ 971 MB/5.1 GB   10 MB/s   6m21s[K[?25h[?2026l[?2026h[?25l[A[1Gpulling manifest [K
pulling 1849ef83c4dd:  19% ▕███               ▏ 971 MB/5.1 GB   10 MB/s   6m20s[K[?25h[?2026l[?2026h[?25l[A[1Gpulling manifest [K
pulling 1849ef83c4dd:  19% ▕███               ▏ 971 MB/5.1 GB   10 MB/s   6m20s[K[?25h[?2026l[?2026h[?25l[A[1Gpulling manifest [K
pulling 1849ef83c4dd:  19% ▕███               ▏ 973 MB/5.1 GB   10 MB/s   6m20s[K[?25h[?2026l[?2026h[?25l[A[1Gpulling manifest [K
pulling 1849ef83c4dd:  19% ▕███               ▏ 974 MB/5.1 GB   10 MB/s   6m20s[K[?25h[?2026l[?2026h[?25l[A[1Gpulling manifest [K
pulling 1849ef83c4dd:  19% ▕███               ▏ 975 MB/5.1 GB   10 MB/s   6m20s[K[?25h[?2026l[?2026h[?25l[A[1Gpulling manifest [K
pulling 1849ef83c4dd:  19% ▕███               ▏ 976 MB/5.1 GB   10 MB/s   6m20s[K[?25h[?2026l[?2026h[?25l[A[1Gpulling manifest [K
pulling 1849ef83c4dd:  19% ▕███               ▏ 977 MB/5.1 GB   10 MB/s   6m20s[K[?25h[?2026l[?2026h[?25l[A[1Gpulling manifest [K
pulling 1849ef83c4dd:  19% ▕███               ▏ 978 MB/5.1 GB   10 MB/s   6m20s[K[?25h[?2026l[?2026h[?25l[A[1Gpulling manifest [K
pulling 1849ef83c4dd:  19% ▕███               ▏ 979 MB/5.1 GB   10 MB/s   6m28s[K[?25h[?2026l[?2026h[?25l[A[1Gpulling manifest [K
pulling 1849ef83c4dd:  19% ▕███               ▏ 980 MB/5.1 GB   10 MB/s   6m28s[K[?25h[?2026l[?2026h[?25l[A[1Gpulling manifest [K
pulling 1849ef83c4dd:  19% ▕███               ▏ 982 MB/5.1 GB   10 MB/s   6m27s[K[?25h[?2026l[?2026h[?25l[A[1Gpulling manifest [K
pulling 1849ef83c4dd:  19% ▕███               ▏ 982 MB/5.1 GB   10 MB/s   6m27s[K[?25h[?2026l[?2026h[?25l[A[1Gpulling manifest [K
pulling 1849ef83c4dd:  19% ▕███               ▏ 982 MB/5.1 GB   10 MB/s   6m27s[K[?25h[?2026l[?2026h[?25l[A[1Gpulling manifest [K
pulling 1849ef83c4dd:  19% ▕███               ▏ 984 MB/5.1 GB   10 MB/s   6m27s[K[?25h[?2026l[?2026h[?25l[A[1Gpulling manifest [K
pulling 1849ef83c4dd:  19% ▕███               ▏ 985 MB/5.1 GB   10 MB/s   6m27s[K[?25h[?2026l[?2026h[?25l[A[1Gpulling manifest [K
pulling 1849ef83c4dd:  19% ▕███               ▏ 986 MB/5.1 GB   10 MB/s   6m27s[K[?25h[?2026l[?2026h[?25l[A[1Gpulling manifest [K
pulling 1849ef83c4dd:  19% ▕███               ▏ 987 MB/5.1 GB   10 MB/s   6m27s[K[?25h[?2026l[?2026h[?25l[A[1Gpulling manifest [K
pulling 1849ef83c4dd:  19% ▕███               ▏ 988 MB/5.1 GB   10 MB/s   6m27s[K[?25h[?2026l[?2026h[?25l[A[1Gpulling manifest [K
pulling 1849ef83c4dd:  19% ▕███               ▏ 988 MB/5.1 GB   10 MB/s   6m31s[K[?25h[?2026l[?2026h[?25l[A[1Gpulling manifest [K
pulling 1849ef83c4dd:  19% ▕███               ▏ 990 MB/5.1 GB   10 MB/s   6m31s[K[?25h[?2026l[?2026h[?25l[A[1Gpulling manifest [K
pulling 1849ef83c4dd:  19% ▕███               ▏ 991 MB/5.1 GB   10 MB/s   6m30s[K[?25h[?2026l[?2026h[?25l[A[1Gpulling manifest [K
pulling 1849ef83c4dd:  19% ▕███               ▏ 992 MB/5.1 GB   10 MB/s   6m30s[K[?25h[?2026l[?2026h[?25l[A[1Gpulling manifest [K
pulling 1849ef83c4dd:  19% ▕███               ▏ 992 MB/5.1 GB   10 MB/s   6m30s[K[?25h[?2026l[?2026h[?25l[A[1Gpulling manifest [K
pulling 1849ef83c4dd:  19% ▕███               ▏ 994 MB/5.1 GB   10 MB/s   6m30s[K[?25h[?2026l[?2026h[?25l[A[1Gpulling manifest [K
pulling 1849ef83c4dd:  19% ▕███               ▏ 995 MB/5.1 GB   10 MB/s   6m30s[K[?25h[?2026l[?2026h[?25l[A[1Gpulling manifest [K
pulling 1849ef83c4dd:  19% ▕███               ▏ 997 MB/5.1 GB   10 MB/s   6m30s[K[?25h[?2026l[?2026h[?25l[A[1Gpulling manifest [K
pulling 1849ef83c4dd:  19% ▕███               ▏ 998 MB/5.1 GB   10 MB/s   6m30s[K[?25h[?2026l[?2026h[?25l[A[1Gpulling manifest [K
pulling 1849ef83c4dd:  19% ▕███               ▏ 998 MB/5.1 GB   10 MB/s   6m30s[K[?25h[?2026l[?2026h[?25l[A[1Gpulling manifest [K
pulling 1849ef83c4dd:  19% ▕███               ▏ 999 MB/5.1 GB   10 MB/s   6m32s[K[?25h[?2026l[?2026h[?25l[A[1Gpulling manifest [K
pulling 1849ef83c4dd:  20% ▕███               ▏ 1.0 GB/5.1 GB   10 MB/s   6m32s[K[?25h[?2026l[?2026h[?25l[A[1Gpulling manifest [K
pulling 1849ef83c4dd:  20% ▕███               ▏ 1.0 GB/5.1 GB   10 MB/s   6m32s[K[?25h[?2026l[?2026h[?25l[A[1Gpulling manifest [K
pulling 1849ef83c4dd:  20% ▕███               ▏ 1.0 GB/5.1 GB   10 MB/s   6m31s[K[?25h[?2026l[?2026h[?25l[A[1Gpulling manifest [K
pulling 1849ef83c4dd:  20% ▕███               ▏ 1.0 GB/5.1 GB   10 MB/s   6m31s[K[?25h[?2026l[?2026h[?25l[A[1Gpulling manifest [K
pulling 1849ef83c4dd:  20% ▕███               ▏ 1.0 GB/5.1 GB   10 MB/s   6m31s[K[?25h[?2026l[?2026h[?25l[A[1Gpulling manifest [K
pulling 1849ef83c4dd:  20% ▕███               ▏ 1.0 GB/5.1 GB   10 MB/s   6m31s[K[?25h[?2026l[?2026h[?25l[A[1Gpulling manifest [K
pulling 1849ef83c4dd:  20% ▕███               ▏ 1.0 GB/5.1 GB   10 MB/s   6m31s[K[?25h[?2026l[?2026h[?25l[A[1Gpulling manifest [K
pulling 1849ef83c4dd:  20% ▕███               ▏ 1.0 GB/5.1 GB   10 MB/s   6m31s[K[?25h[?2026l[?2026h[?25l[A[1Gpulling manifest [K
pulling 1849ef83c4dd:  20% ▕███               ▏ 1.0 GB/5.1 GB   10 MB/s   6m31s[K[?25h[?2026l[?2026h[?25l[A[1Gpulling manifest [K
pulling 1849ef83c4dd:  20% ▕███               ▏ 1.0 GB/5.1 GB   10 MB/s   6m28s[K[?25h[?2026l[?2026h[?25l[A[1Gpulling manifest [K
pulling 1849ef83c4dd:  20% ▕███               ▏ 1.0 GB/5.1 GB   10 MB/s   6m28s[K[?25h[?2026l[?2026h[?25l[A[1Gpulling manifest [K
pulling 1849ef83c4dd:  20% ▕███               ▏ 1.0 GB/5.1 GB   10 MB/s   6m28s[K[?25h[?2026l[?2026h[?25l[A[1Gpulling manifest [K
pulling 1849ef83c4dd:  20% ▕███               ▏ 1.0 GB/5.1 GB   10 MB/s   6m28s[K[?25h[?2026l[?2026h[?25l[A[1Gpulling manifest [K
pulling 1849ef83c4dd:  20% ▕███               ▏ 1.0 GB/5.1 GB   10 MB/s   6m28s[K[?25h[?2026l[?2026h[?25l[A[1Gpulling manifest [K
pulling 1849ef83c4dd:  20% ▕███               ▏ 1.0 GB/5.1 GB   10 MB/s   6m28s[K[?25h[?2026l[?2026h[?25l[A[1Gpulling manifest [K
pulling 1849ef83c4dd:  20% ▕███               ▏ 1.0 GB/5.1 GB   10 MB/s   6m28s[K[?25h[?2026l[?2026h[?25l[A[1Gpulling manifest [K
pulling 1849ef83c4dd:  20% ▕███               ▏ 1.0 GB/5.1 GB   10 MB/s   6m27s[K[?25h[?2026l[?2026h[?25l[A[1Gpulling manifest [K
pulling 1849ef83c4dd:  20% ▕███               ▏ 1.0 GB/5.1 GB   10 MB/s   6m27s[K[?25h[?2026l[?2026h[?25l[A[1Gpulling manifest [K
pulling 1849ef83c4dd:  20% ▕███               ▏ 1.0 GB/5.1 GB   10 MB/s   6m27s[K[?25h[?2026l[?2026h[?25l[A[1Gpulling manifest [K
pulling 1849ef83c4dd:  20% ▕███               ▏ 1.0 GB/5.1 GB   10 MB/s   6m27s[K[?25h[?2026l[?2026h[?25l[A[1Gpulling manifest [K
pulling 1849ef83c4dd:  20% ▕███               ▏ 1.0 GB/5.1 GB   10 MB/s   6m33s[K[?25h[?2026l[?2026h[?25l[A[1Gpulling manifest [K
pulling 1849ef83c4dd:  20% ▕███               ▏ 1.0 GB/5.1 GB   10 MB/s   6m33s[K[?25h[?2026l[?2026h[?25l[A[1Gpulling manifest [K
pulling 1849ef83c4dd:  20% ▕███               ▏ 1.0 GB/5.1 GB   10 MB/s   6m32s[K[?25h[?2026l[?2026h[?25l[A[1Gpulling manifest [K
pulling 1849ef83c4dd:  20% ▕███               ▏ 1.0 GB/5.1 GB   10 MB/s   6m32s[K[?25h[?2026l[?2026h[?25l[A[1Gpulling manifest [K
pulling 1849ef83c4dd:  20% ▕███               ▏ 1.0 GB/5.1 GB   10 MB/s   6m32s[K[?25h[?2026l[?2026h[?25l[A[1Gpulling manifest [K
pulling 1849ef83c4dd:  20% ▕███               ▏ 1.0 GB/5.1 GB   10 MB/s   6m32s[K[?25h[?2026l[?2026h[?25l[A[1Gpulling manifest [K
pulling 1849ef83c4dd:  20% ▕███               ▏ 1.0 GB/5.1 GB   10 MB/s   6m32s[K[?25h[?2026l[?2026h[?25l[A[1Gpulling manifest [K
pulling 1849ef83c4dd:  20% ▕███               ▏ 1.0 GB/5.1 GB   10 MB/s   6m32s[K[?25h[?2026l[?2026h[?25l[A[1Gpulling manifest [K
pulling 1849ef83c4dd:  20% ▕███               ▏ 1.0 GB/5.1 GB   10 MB/s   6m32s[K[?25h[?2026l[?2026h[?25l[A[1Gpulling manifest [K
pulling 1849ef83c4dd:  20% ▕███               ▏ 1.0 GB/5.1 GB   10 MB/s   6m32s[K[?25h[?2026l[?2026h[?25l[A[1Gpulling manifest [K
pulling 1849ef83c4dd:  20% ▕███               ▏ 1.0 GB/5.1 GB   10 MB/s   6m37s[K[?25h[?2026l[?2026h[?25l[A[1Gpulling manifest [K
pulling 1849ef83c4dd:  20% ▕███               ▏ 1.0 GB/5.1 GB   10 MB/s   6m36s[K[?25h[?2026l[?2026h[?25l[A[1Gpulling manifest [K
pulling 1849ef83c4dd:  20% ▕███               ▏ 1.0 GB/5.1 GB   10 MB/s   6m36s[K[?25h[?2026l[?2026h[?25l[A[1Gpulling manifest [K
pulling 1849ef83c4dd:  20% ▕███               ▏ 1.0 GB/5.1 GB   10 MB/s   6m36s[K[?25h[?2026l[?2026h[?25l[A[1Gpulling manifest [K
pulling 1849ef83c4dd:  20% ▕███               ▏ 1.0 GB/5.1 GB   10 MB/s   6m36s[K[?25h[?2026l[?2026h[?25l[A[1Gpulling manifest [K
pulling 1849ef83c4dd:  20% ▕███               ▏ 1.0 GB/5.1 GB   10 MB/s   6m36s[K[?25h[?2026l[?2026h[?25l[A[1Gpulling manifest [K
pulling 1849ef83c4dd:  20% ▕███               ▏ 1.0 GB/5.1 GB   10 MB/s   6m36s[K[?25h[?2026l[?2026h[?25l[A[1Gpulling manifest [K
pulling 1849ef83c4dd:  20% ▕███               ▏ 1.0 GB/5.1 GB   10 MB/s   6m36s[K[?25h[?2026l[?2026h[?25l[A[1Gpulling manifest [K
pulling 1849ef83c4dd:  20% ▕███               ▏ 1.0 GB/5.1 GB   10 MB/s   6m36s[K[?25h[?2026l[?2026h[?25l[A[1Gpulling manifest [K
pulling 1849ef83c4dd:  20% ▕███               ▏ 1.0 GB/5.1 GB   10 MB/s   6m36s[K[?25h[?2026l[?2026h[?25l[A[1Gpulling manifest [K
pulling 1849ef83c4dd:  20% ▕███               ▏ 1.0 GB/5.1 GB   10 MB/s   6m37s[K[?25h[?2026l[?2026h[?25l[A[1Gpulling manifest [K
pulling 1849ef83c4dd:  20% ▕███               ▏ 1.0 GB/5.1 GB   10 MB/s   6m37s[K[?25h[?2026l[?2026h[?25l[A[1Gpulling manifest [K
pulling 1849ef83c4dd:  20% ▕███               ▏ 1.0 GB/5.1 GB   10 MB/s   6m36s[K[?25h[?2026l[?2026h[?25l[A[1Gpulling manifest [K
pulling 1849ef83c4dd:  20% ▕███               ▏ 1.0 GB/5.1 GB   10 MB/s   6m36s[K[?25h[?2026l[?2026h[?25l[A[1Gpulling manifest [K
pulling 1849ef83c4dd:  20% ▕███               ▏ 1.0 GB/5.1 GB   10 MB/s   6m36s[K[?25h[?2026l[?2026h[?25l[A[1Gpulling manifest [K
pulling 1849ef83c4dd:  20% ▕███               ▏ 1.0 GB/5.1 GB   10 MB/s   6m36s[K[?25h[?2026l[?2026h[?25l[A[1Gpulling manifest [K
pulling 1849ef83c4dd:  20% ▕███               ▏ 1.0 GB/5.1 GB   10 MB/s   6m36s[K[?25h[?2026l[?2026h[?25l[A[1Gpulling manifest [K
pulling 1849ef83c4dd:  20% ▕███               ▏ 1.0 GB/5.1 GB   10 MB/s   6m36s[K[?25h[?2026l[?2026h[?25l[A[1Gpulling manifest [K
pulling 1849ef83c4dd:  20% ▕███               ▏ 1.1 GB/5.1 GB   10 MB/s   6m36s[K[?25h[?2026l[?2026h[?25l[A[1Gpulling manifest [K
pulling 1849ef83c4dd:  20% ▕███               ▏ 1.1 GB/5.1 GB   10 MB/s   6m36s[K[?25h[?2026l[?2026h[?25l[A[1Gpulling manifest [K
pulling 1849ef83c4dd:  20% ▕███               ▏ 1.1 GB/5.1 GB   10 MB/s   6m35s[K[?25h[?2026l[?2026h[?25l[A[1Gpulling manifest [K
pulling 1849ef83c4dd:  21% ▕███               ▏ 1.1 GB/5.1 GB   10 MB/s   6m35s[K[?25h[?2026l[?2026h[?25l[A[1Gpulling manifest [K
pulling 1849ef83c4dd:  21% ▕███               ▏ 1.1 GB/5.1 GB   10 MB/s   6m35s[K[?25h[?2026l[?2026h[?25l[A[1Gpulling manifest [K
pulling 1849ef83c4dd:  21% ▕███               ▏ 1.1 GB/5.1 GB   10 MB/s   6m35s[K[?25h[?2026l[?2026h[?25l[A[1Gpulling manifest [K
pulling 1849ef83c4dd:  21% ▕███               ▏ 1.1 GB/5.1 GB   10 MB/s   6m35s[K[?25h[?2026l[?2026h[?25l[A[1Gpulling manifest [K
pulling 1849ef83c4dd:  21% ▕███               ▏ 1.1 GB/5.1 GB   10 MB/s   6m35s[K[?25h[?2026l[?2026h[?25l[A[1Gpulling manifest [K
pulling 1849ef83c4dd:  21% ▕███               ▏ 1.1 GB/5.1 GB   10 MB/s   6m35s[K[?25h[?2026l[?2026h[?25l[A[1Gpulling manifest [K
pulling 1849ef83c4dd:  21% ▕███               ▏ 1.1 GB/5.1 GB   10 MB/s   6m34s[K[?25h[?2026l[?2026h[?25l[A[1Gpulling manifest [K
pulling 1849ef83c4dd:  21% ▕███               ▏ 1.1 GB/5.1 GB   10 MB/s   6m34s[K[?25h[?2026l[?2026h[?25l[A[1Gpulling manifest [K
pulling 1849ef83c4dd:  21% ▕███               ▏ 1.1 GB/5.1 GB   10 MB/s   6m34s[K[?25h[?2026l[?2026h[?25l[A[1Gpulling manifest [K
pulling 1849ef83c4dd:  21% ▕███               ▏ 1.1 GB/5.1 GB   10 MB/s   6m25s[K[?25h[?2026l[?2026h[?25l[A[1Gpulling manifest [K
pulling 1849ef83c4dd:  21% ▕███               ▏ 1.1 GB/5.1 GB   10 MB/s   6m25s[K[?25h[?2026l[?2026h[?25l[A[1Gpulling manifest [K
pulling 1849ef83c4dd:  21% ▕███               ▏ 1.1 GB/5.1 GB   10 MB/s   6m25s[K[?25h[?2026l[?2026h[?25l[A[1Gpulling manifest [K
pulling 1849ef83c4dd:  21% ▕███               ▏ 1.1 GB/5.1 GB   10 MB/s   6m25s[K[?25h[?2026l[?2026h[?25l[A[1Gpulling manifest [K
pulling 1849ef83c4dd:  21% ▕███               ▏ 1.1 GB/5.1 GB   10 MB/s   6m25s[K[?25h[?2026l[?2026h[?25l[A[1Gpulling manifest [K
pulling 1849ef83c4dd:  21% ▕███               ▏ 1.1 GB/5.1 GB   10 MB/s   6m25s[K[?25h[?2026l[?2026h[?25l[A[1Gpulling manifest [K
pulling 1849ef83c4dd:  21% ▕███               ▏ 1.1 GB/5.1 GB   10 MB/s   6m25s[K[?25h[?2026l[?2026h[?25l[A[1Gpulling manifest [K
pulling 1849ef83c4dd:  21% ▕███               ▏ 1.1 GB/5.1 GB   10 MB/s   6m25s[K[?25h[?2026l[?2026h[?25l[A[1Gpulling manifest [K
pulling 1849ef83c4dd:  21% ▕███               ▏ 1.1 GB/5.1 GB   10 MB/s   6m24s[K[?25h[?2026l[?2026h[?25l[A[1Gpulling manifest [K
pulling 1849ef83c4dd:  21% ▕███               ▏ 1.1 GB/5.1 GB   10 MB/s   6m24s[K[?25h[?2026l[?2026h[?25l[A[1Gpulling manifest [K
pulling 1849ef83c4dd:  21% ▕███               ▏ 1.1 GB/5.1 GB   10 MB/s   6m24s[K[?25h[?2026l[?2026h[?25l[A[1Gpulling manifest [K
pulling 1849ef83c4dd:  21% ▕███               ▏ 1.1 GB/5.1 GB   10 MB/s   6m14s[K[?25h[?2026l[?2026h[?25l[A[1Gpulling manifest [K
pulling 1849ef83c4dd:  21% ▕███               ▏ 1.1 GB/5.1 GB   10 MB/s   6m14s[K[?25h[?2026l[?2026h[?25l[A[1Gpulling manifest [K
pulling 1849ef83c4dd:  21% ▕███               ▏ 1.1 GB/5.1 GB   10 MB/s   6m14s[K[?25h[?2026l[?2026h[?25l[A[1Gpulling manifest [K
pulling 1849ef83c4dd:  21% ▕███               ▏ 1.1 GB/5.1 GB   10 MB/s   6m14s[K[?25h[?2026l[?2026h[?25l[A[1Gpulling manifest [K
pulling 1849ef83c4dd:  21% ▕███               ▏ 1.1 GB/5.1 GB   10 MB/s   6m14s[K[?25h[?2026l[?2026h[?25l[A[1Gpulling manifest [K
pulling 1849ef83c4dd:  21% ▕███               ▏ 1.1 GB/5.1 GB   10 MB/s   6m14s[K[?25h[?2026l[?2026h[?25l[A[1Gpulling manifest [K
pulling 1849ef83c4dd:  21% ▕███               ▏ 1.1 GB/5.1 GB   10 MB/s   6m14s[K[?25h[?2026l[?2026h[?25l[A[1Gpulling manifest [K
pulling 1849ef83c4dd:  21% ▕███               ▏ 1.1 GB/5.1 GB   10 MB/s   6m14s[K[?25h[?2026l[?2026h[?25l[A[1Gpulling manifest [K
pulling 1849ef83c4dd:  21% ▕███               ▏ 1.1 GB/5.1 GB   10 MB/s   6m13s[K[?25h[?2026l[?2026h[?25l[A[1Gpulling manifest [K
pulling 1849ef83c4dd:  21% ▕███               ▏ 1.1 GB/5.1 GB   10 MB/s   6m13s[K[?25h[?2026l[?2026h[?25l[A[1Gpulling manifest [K
pulling 1849ef83c4dd:  21% ▕███               ▏ 1.1 GB/5.1 GB   11 MB/s    6m4s[K[?25h[?2026l[?2026h[?25l[A[1Gpulling manifest [K
pulling 1849ef83c4dd:  21% ▕███               ▏ 1.1 GB/5.1 GB   11 MB/s    6m4s[K[?25h[?2026l[?2026h[?25l[A[1Gpulling manifest [K
pulling 1849ef83c4dd:  21% ▕███               ▏ 1.1 GB/5.1 GB   11 MB/s    6m3s[K[?25h[?2026l[?2026h[?25l[A[1Gpulling manifest [K
pulling 1849ef83c4dd:  21% ▕███               ▏ 1.1 GB/5.1 GB   11 MB/s    6m3s[K[?25h[?2026l[?2026h[?25l[A[1Gpulling manifest [K
pulling 1849ef83c4dd:  21% ▕███               ▏ 1.1 GB/5.1 GB   11 MB/s    6m3s[K[?25h[?2026l[?2026h[?25l[A[1Gpulling manifest [K
pulling 1849ef83c4dd:  21% ▕███               ▏ 1.1 GB/5.1 GB   11 MB/s    6m3s[K[?25h[?2026l[?2026h[?25l[A[1Gpulling manifest [K
pulling 1849ef83c4dd:  21% ▕███               ▏ 1.1 GB/5.1 GB   11 MB/s    6m3s[K[?25h[?2026l[?2026h[?25l[A[1Gpulling manifest [K
pulling 1849ef83c4dd:  21% ▕███               ▏ 1.1 GB/5.1 GB   11 MB/s    6m3s[K[?25h[?2026l[?2026h[?25l[A[1Gpulling manifest [K
pulling 1849ef83c4dd:  21% ▕███               ▏ 1.1 GB/5.1 GB   11 MB/s    6m3s[K[?25h[?2026l[?2026h[?25l[A[1Gpulling manifest [K
pulling 1849ef83c4dd:  21% ▕███               ▏ 1.1 GB/5.1 GB   11 MB/s    6m3s[K[?25h[?2026l[?2026h[?25l[A[1Gpulling manifest [K
pulling 1849ef83c4dd:  21% ▕███               ▏ 1.1 GB/5.1 GB   11 MB/s   5m59s[K[?25h[?2026l[?2026h[?25l[A[1Gpulling manifest [K
pulling 1849ef83c4dd:  21% ▕███               ▏ 1.1 GB/5.1 GB   11 MB/s   5m59s[K[?25h[?2026l[?2026h[?25l[A[1Gpulling manifest [K
pulling 1849ef83c4dd:  21% ▕███               ▏ 1.1 GB/5.1 GB   11 MB/s   5m59s[K[?25h[?2026l[?2026h[?25l[A[1Gpulling manifest [K
pulling 1849ef83c4dd:  22% ▕███               ▏ 1.1 GB/5.1 GB   11 MB/s   5m59s[K[?25h[?2026l[?2026h[?25l[A[1Gpulling manifest [K
pulling 1849ef83c4dd:  22% ▕███               ▏ 1.1 GB/5.1 GB   11 MB/s   5m59s[K[?25h[?2026l[?2026h[?25l[A[1Gpulling manifest [K
pulling 1849ef83c4dd:  22% ▕███               ▏ 1.1 GB/5.1 GB   11 MB/s   5m59s[K[?25h[?2026l[?2026h[?25l[A[1Gpulling manifest [K
pulling 1849ef83c4dd:  22% ▕███               ▏ 1.1 GB/5.1 GB   11 MB/s   5m59s[K[?25h[?2026l[?2026h[?25l[A[1Gpulling manifest [K
pulling 1849ef83c4dd:  22% ▕███               ▏ 1.1 GB/5.1 GB   11 MB/s   5m59s[K[?25h[?2026l[?2026h[?25l[A[1Gpulling manifest [K
pulling 1849ef83c4dd:  22% ▕███               ▏ 1.1 GB/5.1 GB   11 MB/s   5m59s[K[?25h[?2026l[?2026h[?25l[A[1Gpulling manifest [K
pulling 1849ef83c4dd:  22% ▕███               ▏ 1.1 GB/5.1 GB   11 MB/s   5m58s[K[?25h[?2026l[?2026h[?25l[A[1Gpulling manifest [K
pulling 1849ef83c4dd:  22% ▕███               ▏ 1.1 GB/5.1 GB   11 MB/s   5m53s[K[?25h[?2026l[?2026h[?25l[A[1Gpulling manifest [K
pulling 1849ef83c4dd:  22% ▕███               ▏ 1.1 GB/5.1 GB   11 MB/s   5m53s[K[?25h[?2026l[?2026h[?25l[A[1Gpulling manifest [K
pulling 1849ef83c4dd:  22% ▕███               ▏ 1.1 GB/5.1 GB   11 MB/s   5m53s[K[?25h[?2026l[?2026h[?25l[A[1Gpulling manifest [K
pulling 1849ef83c4dd:  22% ▕███               ▏ 1.1 GB/5.1 GB   11 MB/s   5m52s[K[?25h[?2026l[?2026h[?25l[A[1Gpulling manifest [K
pulling 1849ef83c4dd:  22% ▕███               ▏ 1.1 GB/5.1 GB   11 MB/s   5m52s[K[?25h[?2026l[?2026h[?25l[A[1Gpulling manifest [K
pulling 1849ef83c4dd:  22% ▕███               ▏ 1.1 GB/5.1 GB   11 MB/s   5m52s[K[?25h[?2026l[?2026h[?25l[A[1Gpulling manifest [K
pulling 1849ef83c4dd:  22% ▕███               ▏ 1.1 GB/5.1 GB   11 MB/s   5m52s[K[?25h[?2026l[?2026h[?25l[A[1Gpulling manifest [K
pulling 1849ef83c4dd:  22% ▕███               ▏ 1.1 GB/5.1 GB   11 MB/s   5m52s[K[?25h[?2026l[?2026h[?25l[A[1Gpulling manifest [K
pulling 1849ef83c4dd:  22% ▕███               ▏ 1.1 GB/5.1 GB   11 MB/s   5m52s[K[?25h[?2026l[?2026h[?25l[A[1Gpulling manifest [K
pulling 1849ef83c4dd:  22% ▕███               ▏ 1.1 GB/5.1 GB   11 MB/s   5m52s[K[?25h[?2026l[?2026h[?25l[A[1Gpulling manifest [K
pulling 1849ef83c4dd:  22% ▕███               ▏ 1.1 GB/5.1 GB   11 MB/s   5m45s[K[?25h[?2026l[?2026h[?25l[A[1Gpulling manifest [K
pulling 1849ef83c4dd:  22% ▕███               ▏ 1.1 GB/5.1 GB   11 MB/s   5m45s[K[?25h[?2026l[?2026h[?25l[A[1Gpulling manifest [K
pulling 1849ef83c4dd:  22% ▕███               ▏ 1.1 GB/5.1 GB   11 MB/s   5m45s[K[?25h[?2026l[?2026h[?25l[A[1Gpulling manifest [K
pulling 1849ef83c4dd:  22% ▕███               ▏ 1.1 GB/5.1 GB   11 MB/s   5m45s[K[?25h[?2026l[?2026h[?25l[A[1Gpulling manifest [K
pulling 1849ef83c4dd:  22% ▕███               ▏ 1.1 GB/5.1 GB   11 MB/s   5m45s[K[?25h[?2026l[?2026h[?25l[A[1Gpulling manifest [K
pulling 1849ef83c4dd:  22% ▕███               ▏ 1.1 GB/5.1 GB   11 MB/s   5m44s[K[?25h[?2026l[?2026h[?25l[A[1Gpulling manifest [K
pulling 1849ef83c4dd:  22% ▕███               ▏ 1.1 GB/5.1 GB   11 MB/s   5m44s[K[?25h[?2026l[?2026h[?25l[A[1Gpulling manifest [K
pulling 1849ef83c4dd:  22% ▕███               ▏ 1.1 GB/5.1 GB   11 MB/s   5m44s[K[?25h[?2026l[?2026h[?25l[A[1Gpulling manifest [K
pulling 1849ef83c4dd:  22% ▕███               ▏ 1.1 GB/5.1 GB   11 MB/s   5m44s[K[?25h[?2026l[?2026h[?25l[A[1Gpulling manifest [K
pulling 1849ef83c4dd:  22% ▕███               ▏ 1.1 GB/5.1 GB   11 MB/s   5m44s[K[?25h[?2026l[?2026h[?25l[A[1Gpulling manifest [K
pulling 1849ef83c4dd:  22% ▕███               ▏ 1.1 GB/5.1 GB   11 MB/s   5m44s[K[?25h[?2026l[?2026h[?25l[A[1Gpulling manifest [K
pulling 1849ef83c4dd:  22% ▕███               ▏ 1.1 GB/5.1 GB   11 MB/s   5m41s[K[?25h[?2026l[?2026h[?25l[A[1Gpulling manifest [K
pulling 1849ef83c4dd:  22% ▕███               ▏ 1.1 GB/5.1 GB   11 MB/s   5m41s[K[?25h[?2026l[?2026h[?25l[A[1Gpulling manifest [K
pulling 1849ef83c4dd:  22% ▕███               ▏ 1.1 GB/5.1 GB   11 MB/s   5m41s[K[?25h[?2026l[?2026h[?25l[A[1Gpulling manifest [K
pulling 1849ef83c4dd:  22% ▕███               ▏ 1.1 GB/5.1 GB   11 MB/s   5m41s[K[?25h[?2026l[?2026h[?25l[A[1Gpulling manifest [K
pulling 1849ef83c4dd:  22% ▕████              ▏ 1.1 GB/5.1 GB   11 MB/s   5m41s[K[?25h[?2026l[?2026h[?25l[A[1Gpulling manifest [K
pulling 1849ef83c4dd:  22% ▕████              ▏ 1.1 GB/5.1 GB   11 MB/s   5m41s[K[?25h[?2026l[?2026h[?25l[A[1Gpulling manifest [K
pulling 1849ef83c4dd:  22% ▕████              ▏ 1.1 GB/5.1 GB   11 MB/s   5m41s[K[?25h[?2026l[?2026h[?25l[A[1Gpulling manifest [K
pulling 1849ef83c4dd:  22% ▕████              ▏ 1.1 GB/5.1 GB   11 MB/s   5m41s[K[?25h[?2026l[?2026h[?25l[A[1Gpulling manifest [K
pulling 1849ef83c4dd:  22% ▕████              ▏ 1.1 GB/5.1 GB   11 MB/s   5m41s[K[?25h[?2026l[?2026h[?25l[A[1Gpulling manifest [K
pulling 1849ef83c4dd:  22% ▕████              ▏ 1.1 GB/5.1 GB   11 MB/s   5m40s[K[?25h[?2026l[?2026h[?25l[A[1Gpulling manifest [K
pulling 1849ef83c4dd:  22% ▕████              ▏ 1.1 GB/5.1 GB   11 MB/s   5m38s[K[?25h[?2026l[?2026h[?25l[A[1Gpulling manifest [K
pulling 1849ef83c4dd:  22% ▕████              ▏ 1.1 GB/5.1 GB   11 MB/s   5m38s[K[?25h[?2026l[?2026h[?25l[A[1Gpulling manifest [K
pulling 1849ef83c4dd:  22% ▕████              ▏ 1.1 GB/5.1 GB   11 MB/s   5m38s[K[?25h[?2026l[?2026h[?25l[A[1Gpulling manifest [K
pulling 1849ef83c4dd:  22% ▕████              ▏ 1.2 GB/5.1 GB   11 MB/s   5m38s[K[?25h[?2026l[?2026h[?25l[A[1Gpulling manifest [K
pulling 1849ef83c4dd:  22% ▕████              ▏ 1.2 GB/5.1 GB   11 MB/s   5m37s[K[?25h[?2026l[?2026h[?25l[A[1Gpulling manifest [K
pulling 1849ef83c4dd:  22% ▕████              ▏ 1.2 GB/5.1 GB   11 MB/s   5m37s[K[?25h[?2026l[?2026h[?25l[A[1Gpulling manifest [K
pulling 1849ef83c4dd:  23% ▕████              ▏ 1.2 GB/5.1 GB   11 MB/s   5m37s[K[?25h[?2026l[?2026h[?25l[A[1Gpulling manifest [K
pulling 1849ef83c4dd:  23% ▕████              ▏ 1.2 GB/5.1 GB   11 MB/s   5m37s[K[?25h[?2026l[?2026h[?25l[A[1Gpulling manifest [K
pulling 1849ef83c4dd:  23% ▕████              ▏ 1.2 GB/5.1 GB   11 MB/s   5m37s[K[?25h[?2026l[?2026h[?25l[A[1Gpulling manifest [K
pulling 1849ef83c4dd:  23% ▕████              ▏ 1.2 GB/5.1 GB   11 MB/s   5m37s[K[?25h[?2026l[?2026h[?25l[A[1Gpulling manifest [K
pulling 1849ef83c4dd:  23% ▕████              ▏ 1.2 GB/5.1 GB   11 MB/s   5m34s[K[?25h[?2026l[?2026h[?25l[A[1Gpulling manifest [K
pulling 1849ef83c4dd:  23% ▕████              ▏ 1.2 GB/5.1 GB   11 MB/s   5m34s[K[?25h[?2026l[?2026h[?25l[A[1Gpulling manifest [K
pulling 1849ef83c4dd:  23% ▕████              ▏ 1.2 GB/5.1 GB   11 MB/s   5m34s[K[?25h[?2026l[?2026h[?25l[A[1Gpulling manifest [K
pulling 1849ef83c4dd:  23% ▕████              ▏ 1.2 GB/5.1 GB   11 MB/s   5m34s[K[?25h[?2026l[?2026h[?25l[A[1Gpulling manifest [K
pulling 1849ef83c4dd:  23% ▕████              ▏ 1.2 GB/5.1 GB   11 MB/s   5m34s[K[?25h[?2026l[?2026h[?25l[A[1Gpulling manifest [K
pulling 1849ef83c4dd:  23% ▕████              ▏ 1.2 GB/5.1 GB   11 MB/s   5m34s[K[?25h[?2026l[?2026h[?25l[A[1Gpulling manifest [K
pulling 1849ef83c4dd:  23% ▕████              ▏ 1.2 GB/5.1 GB   11 MB/s   5m33s[K[?25h[?2026l[?2026h[?25l[A[1Gpulling manifest [K
pulling 1849ef83c4dd:  23% ▕████              ▏ 1.2 GB/5.1 GB   11 MB/s   5m33s[K[?25h[?2026l[?2026h[?25l[A[1Gpulling manifest [K
pulling 1849ef83c4dd:  23% ▕████              ▏ 1.2 GB/5.1 GB   11 MB/s   5m33s[K[?25h[?2026l[?2026h[?25l[A[1Gpulling manifest [K
pulling 1849ef83c4dd:  23% ▕████              ▏ 1.2 GB/5.1 GB   11 MB/s   5m33s[K[?25h[?2026l[?2026h[?25l[A[1Gpulling manifest [K
pulling 1849ef83c4dd:  23% ▕████              ▏ 1.2 GB/5.1 GB   11 MB/s   5m33s[K[?25h[?2026l[?2026h[?25l[A[1Gpulling manifest [K
pulling 1849ef83c4dd:  23% ▕████              ▏ 1.2 GB/5.1 GB   11 MB/s   5m33s[K[?25h[?2026l[?2026h[?25l[A[1Gpulling manifest [K
pulling 1849ef83c4dd:  23% ▕████              ▏ 1.2 GB/5.1 GB   11 MB/s   5m33s[K[?25h[?2026l[?2026h[?25l[A[1Gpulling manifest [K
pulling 1849ef83c4dd:  23% ▕████              ▏ 1.2 GB/5.1 GB   11 MB/s   5m33s[K[?25h[?2026l[?2026h[?25l[A[1Gpulling manifest [K
pulling 1849ef83c4dd:  23% ▕████              ▏ 1.2 GB/5.1 GB   11 MB/s   5m33s[K[?25h[?2026l[?2026h[?25l[A[1Gpulling manifest [K
pulling 1849ef83c4dd:  23% ▕████              ▏ 1.2 GB/5.1 GB   11 MB/s   5m33s[K[?25h[?2026l[?2026h[?25l[A[1Gpulling manifest [K
pulling 1849ef83c4dd:  23% ▕████              ▏ 1.2 GB/5.1 GB   11 MB/s   5m33s[K[?25h[?2026l[?2026h[?25l[A[1Gpulling manifest [K
pulling 1849ef83c4dd:  23% ▕████              ▏ 1.2 GB/5.1 GB   11 MB/s   5m33s[K[?25h[?2026l[?2026h[?25l[A[1Gpulling manifest [K
pulling 1849ef83c4dd:  23% ▕████              ▏ 1.2 GB/5.1 GB   11 MB/s   5m33s[K[?25h[?2026l[?2026h[?25l[A[1Gpulling manifest [K
pulling 1849ef83c4dd:  23% ▕████              ▏ 1.2 GB/5.1 GB   11 MB/s   5m32s[K[?25h[?2026l[?2026h[?25l[A[1Gpulling manifest [K
pulling 1849ef83c4dd:  23% ▕████              ▏ 1.2 GB/5.1 GB   11 MB/s   5m36s[K[?25h[?2026l[?2026h[?25l[A[1Gpulling manifest [K
pulling 1849ef83c4dd:  23% ▕████              ▏ 1.2 GB/5.1 GB   11 MB/s   5m36s[K[?25h[?2026l[?2026h[?25l[A[1Gpulling manifest [K
pulling 1849ef83c4dd:  23% ▕████              ▏ 1.2 GB/5.1 GB   11 MB/s   5m36s[K[?25h[?2026l[?2026h[?25l[A[1Gpulling manifest [K
pulling 1849ef83c4dd:  23% ▕████              ▏ 1.2 GB/5.1 GB   11 MB/s   5m36s[K[?25h[?2026l[?2026h[?25l[A[1Gpulling manifest [K
pulling 1849ef83c4dd:  23% ▕████              ▏ 1.2 GB/5.1 GB   11 MB/s   5m36s[K[?25h[?2026l[?2026h[?25l[A[1Gpulling manifest [K
pulling 1849ef83c4dd:  23% ▕████              ▏ 1.2 GB/5.1 GB   11 MB/s   5m36s[K[?25h[?2026l[?2026h[?25l[A[1Gpulling manifest [K
pulling 1849ef83c4dd:  23% ▕████              ▏ 1.2 GB/5.1 GB   11 MB/s   5m35s[K[?25h[?2026l[?2026h[?25l[A[1Gpulling manifest [K
pulling 1849ef83c4dd:  23% ▕████              ▏ 1.2 GB/5.1 GB   11 MB/s   5m35s[K[?25h[?2026l[?2026h[?25l[A[1Gpulling manifest [K
pulling 1849ef83c4dd:  23% ▕████              ▏ 1.2 GB/5.1 GB   11 MB/s   5m35s[K[?25h[?2026l[?2026h[?25l[A[1Gpulling manifest [K
pulling 1849ef83c4dd:  23% ▕████              ▏ 1.2 GB/5.1 GB   11 MB/s   5m35s[K[?25h[?2026l[?2026h[?25l[A[1Gpulling manifest [K
pulling 1849ef83c4dd:  23% ▕████              ▏ 1.2 GB/5.1 GB   11 MB/s   5m35s[K[?25h[?2026l[?2026h[?25l[A[1Gpulling manifest [K
pulling 1849ef83c4dd:  23% ▕████              ▏ 1.2 GB/5.1 GB   11 MB/s   5m38s[K[?25h[?2026l[?2026h[?25l[A[1Gpulling manifest [K
pulling 1849ef83c4dd:  23% ▕████              ▏ 1.2 GB/5.1 GB   11 MB/s   5m38s[K[?25h[?2026l[?2026h[?25l[A[1Gpulling manifest [K
pulling 1849ef83c4dd:  23% ▕████              ▏ 1.2 GB/5.1 GB   11 MB/s   5m38s[K[?25h[?2026l[?2026h[?25l[A[1Gpulling manifest [K
pulling 1849ef83c4dd:  23% ▕████              ▏ 1.2 GB/5.1 GB   11 MB/s   5m38s[K[?25h[?2026l[?2026h[?25l[A[1Gpulling manifest [K
pulling 1849ef83c4dd:  23% ▕████              ▏ 1.2 GB/5.1 GB   11 MB/s   5m38s[K[?25h[?2026l[?2026h[?25l[A[1Gpulling manifest [K
pulling 1849ef83c4dd:  23% ▕████              ▏ 1.2 GB/5.1 GB   11 MB/s   5m38s[K[?25h[?2026l[?2026h[?25l[A[1Gpulling manifest [K
pulling 1849ef83c4dd:  23% ▕████              ▏ 1.2 GB/5.1 GB   11 MB/s   5m37s[K[?25h[?2026l[?2026h[?25l[A[1Gpulling manifest [K
pulling 1849ef83c4dd:  23% ▕████              ▏ 1.2 GB/5.1 GB   11 MB/s   5m37s[K[?25h[?2026l[?2026h[?25l[A[1Gpulling manifest [K
pulling 1849ef83c4dd:  23% ▕████              ▏ 1.2 GB/5.1 GB   11 MB/s   5m37s[K[?25h[?2026l[?2026h[?25l[A[1Gpulling manifest [K
pulling 1849ef83c4dd:  23% ▕████              ▏ 1.2 GB/5.1 GB   11 MB/s   5m37s[K[?25h[?2026l[?2026h[?25l[A[1Gpulling manifest [K
pulling 1849ef83c4dd:  23% ▕████              ▏ 1.2 GB/5.1 GB   11 MB/s   5m38s[K[?25h[?2026l[?2026h[?25l[A[1Gpulling manifest [K
pulling 1849ef83c4dd:  24% ▕████              ▏ 1.2 GB/5.1 GB   11 MB/s   5m38s[K[?25h[?2026l[?2026h[?25l[A[1Gpulling manifest [K
pulling 1849ef83c4dd:  24% ▕████              ▏ 1.2 GB/5.1 GB   11 MB/s   5m38s[K[?25h[?2026l[?2026h[?25l[A[1Gpulling manifest [K
pulling 1849ef83c4dd:  24% ▕████              ▏ 1.2 GB/5.1 GB   11 MB/s   5m38s[K[?25h[?2026l[?2026h[?25l[A[1Gpulling manifest [K
pulling 1849ef83c4dd:  24% ▕████              ▏ 1.2 GB/5.1 GB   11 MB/s   5m38s[K[?25h[?2026l[?2026h[?25l[A[1Gpulling manifest [K
pulling 1849ef83c4dd:  24% ▕████              ▏ 1.2 GB/5.1 GB   11 MB/s   5m38s[K[?25h[?2026l[?2026h[?25l[A[1Gpulling manifest [K
pulling 1849ef83c4dd:  24% ▕████              ▏ 1.2 GB/5.1 GB   11 MB/s   5m38s[K[?25h[?2026l[?2026h[?25l[A[1Gpulling manifest [K
pulling 1849ef83c4dd:  24% ▕████              ▏ 1.2 GB/5.1 GB   11 MB/s   5m38s[K[?25h[?2026l[?2026h[?25l[A[1Gpulling manifest [K
pulling 1849ef83c4dd:  24% ▕████              ▏ 1.2 GB/5.1 GB   11 MB/s   5m37s[K[?25h[?2026l[?2026h[?25l[A[1Gpulling manifest [K
pulling 1849ef83c4dd:  24% ▕████              ▏ 1.2 GB/5.1 GB   11 MB/s   5m37s[K[?25h[?2026l[?2026h[?25l[A[1Gpulling manifest [K
pulling 1849ef83c4dd:  24% ▕████              ▏ 1.2 GB/5.1 GB   11 MB/s   5m39s[K[?25h[?2026l[?2026h[?25l[A[1Gpulling manifest [K
pulling 1849ef83c4dd:  24% ▕████              ▏ 1.2 GB/5.1 GB   11 MB/s   5m39s[K[?25h[?2026l[?2026h[?25l[A[1Gpulling manifest [K
pulling 1849ef83c4dd:  24% ▕████              ▏ 1.2 GB/5.1 GB   11 MB/s   5m39s[K[?25h[?2026l[?2026h[?25l[A[1Gpulling manifest [K
pulling 1849ef83c4dd:  24% ▕████              ▏ 1.2 GB/5.1 GB   11 MB/s   5m39s[K[?25h[?2026l[?2026h[?25l[A[1Gpulling manifest [K
pulling 1849ef83c4dd:  24% ▕████              ▏ 1.2 GB/5.1 GB   11 MB/s   5m39s[K[?25h[?2026l[?2026h[?25l[A[1Gpulling manifest [K
pulling 1849ef83c4dd:  24% ▕████              ▏ 1.2 GB/5.1 GB   11 MB/s   5m39s[K[?25h[?2026l[?2026h[?25l[A[1Gpulling manifest [K
pulling 1849ef83c4dd:  24% ▕████              ▏ 1.2 GB/5.1 GB   11 MB/s   5m39s[K[?25h[?2026l[?2026h[?25l[A[1Gpulling manifest [K
pulling 1849ef83c4dd:  24% ▕████              ▏ 1.2 GB/5.1 GB   11 MB/s   5m38s[K[?25h[?2026l[?2026h[?25l[A[1Gpulling manifest [K
pulling 1849ef83c4dd:  24% ▕████              ▏ 1.2 GB/5.1 GB   11 MB/s   5m38s[K[?25h[?2026l[?2026h[?25l[A[1Gpulling manifest [K
pulling 1849ef83c4dd:  24% ▕████              ▏ 1.2 GB/5.1 GB   11 MB/s   5m38s[K[?25h[?2026l[?2026h[?25l[A[1Gpulling manifest [K
pulling 1849ef83c4dd:  24% ▕████              ▏ 1.2 GB/5.1 GB   11 MB/s   5m42s[K[?25h[?2026l[?2026h[?25l[A[1Gpulling manifest [K
pulling 1849ef83c4dd:  24% ▕████              ▏ 1.2 GB/5.1 GB   11 MB/s   5m42s[K[?25h[?2026l[?2026h[?25l[A[1Gpulling manifest [K
pulling 1849ef83c4dd:  24% ▕████              ▏ 1.2 GB/5.1 GB   11 MB/s   5m42s[K[?25h[?2026l[?2026h[?25l[A[1Gpulling manifest [K
pulling 1849ef83c4dd:  24% ▕████              ▏ 1.2 GB/5.1 GB   11 MB/s   5m42s[K[?25h[?2026l[?2026h[?25l[A[1Gpulling manifest [K
pulling 1849ef83c4dd:  24% ▕████              ▏ 1.2 GB/5.1 GB   11 MB/s   5m42s[K[?25h[?2026l[?2026h[?25l[A[1Gpulling manifest [K
pulling 1849ef83c4dd:  24% ▕████              ▏ 1.2 GB/5.1 GB   11 MB/s   5m42s[K[?25h[?2026l[?2026h[?25l[A[1Gpulling manifest [K
pulling 1849ef83c4dd:  24% ▕████              ▏ 1.2 GB/5.1 GB   11 MB/s   5m42s[K[?25h[?2026l[?2026h[?25l[A[1Gpulling manifest [K
pulling 1849ef83c4dd:  24% ▕████              ▏ 1.2 GB/5.1 GB   11 MB/s   5m42s[K[?25h[?2026l[?2026h[?25l[A[1Gpulling manifest [K
pulling 1849ef83c4dd:  24% ▕████              ▏ 1.2 GB/5.1 GB   11 MB/s   5m41s[K[?25h[?2026l[?2026h[?25l[A[1Gpulling manifest [K
pulling 1849ef83c4dd:  24% ▕████              ▏ 1.2 GB/5.1 GB   11 MB/s   5m41s[K[?25h[?2026l[?2026h[?25l[A[1Gpulling manifest [K
pulling 1849ef83c4dd:  24% ▕████              ▏ 1.2 GB/5.1 GB   11 MB/s   5m48s[K[?25h[?2026l[?2026h[?25l[A[1Gpulling manifest [K
pulling 1849ef83c4dd:  24% ▕████              ▏ 1.2 GB/5.1 GB   11 MB/s   5m48s[K[?25h[?2026l[?2026h[?25l[A[1Gpulling manifest [K
pulling 1849ef83c4dd:  24% ▕████              ▏ 1.2 GB/5.1 GB   11 MB/s   5m48s[K[?25h[?2026l[?2026h[?25l[A[1Gpulling manifest [K
pulling 1849ef83c4dd:  24% ▕████              ▏ 1.2 GB/5.1 GB   11 MB/s   5m48s[K[?25h[?2026l[?2026h[?25l[A[1Gpulling manifest [K
pulling 1849ef83c4dd:  24% ▕████              ▏ 1.2 GB/5.1 GB   11 MB/s   5m48s[K[?25h[?2026l[?2026h[?25l[A[1Gpulling manifest [K
pulling 1849ef83c4dd:  24% ▕████              ▏ 1.2 GB/5.1 GB   11 MB/s   5m48s[K[?25h[?2026l[?2026h[?25l[A[1Gpulling manifest [K
pulling 1849ef83c4dd:  24% ▕████              ▏ 1.2 GB/5.1 GB   11 MB/s   5m48s[K[?25h[?2026l[?2026h[?25l[A[1Gpulling manifest [K
pulling 1849ef83c4dd:  24% ▕████              ▏ 1.2 GB/5.1 GB   11 MB/s   5m48s[K[?25h[?2026l[?2026h[?25l[A[1Gpulling manifest [K
pulling 1849ef83c4dd:  24% ▕████              ▏ 1.2 GB/5.1 GB   11 MB/s   5m48s[K[?25h[?2026l[?2026h[?25l[A[1Gpulling manifest [K
pulling 1849ef83c4dd:  24% ▕████              ▏ 1.2 GB/5.1 GB   11 MB/s   5m48s[K[?25h[?2026l[?2026h[?25l[A[1Gpulling manifest [K
pulling 1849ef83c4dd:  24% ▕████              ▏ 1.2 GB/5.1 GB   11 MB/s   5m48s[K[?25h[?2026l[?2026h[?25l[A[1Gpulling manifest [K
pulling 1849ef83c4dd:  24% ▕████              ▏ 1.2 GB/5.1 GB   10 MB/s   5m55s[K[?25h[?2026l[?2026h[?25l[A[1Gpulling manifest [K
pulling 1849ef83c4dd:  24% ▕████              ▏ 1.2 GB/5.1 GB   10 MB/s   5m55s[K[?25h[?2026l[?2026h[?25l[A[1Gpulling manifest [K
pulling 1849ef83c4dd:  24% ▕████              ▏ 1.2 GB/5.1 GB   10 MB/s   5m55s[K[?25h[?2026l[?2026h[?25l[A[1Gpulling manifest [K
pulling 1849ef83c4dd:  24% ▕████              ▏ 1.2 GB/5.1 GB   10 MB/s   5m55s[K[?25h[?2026l[?2026h[?25l[A[1Gpulling manifest [K
pulling 1849ef83c4dd:  24% ▕████              ▏ 1.2 GB/5.1 GB   10 MB/s   5m55s[K[?25h[?2026l[?2026h[?25l[A[1Gpulling manifest [K
pulling 1849ef83c4dd:  24% ▕████              ▏ 1.3 GB/5.1 GB   10 MB/s   5m55s[K[?25h[?2026l[?2026h[?25l[A[1Gpulling manifest [K
pulling 1849ef83c4dd:  24% ▕████              ▏ 1.3 GB/5.1 GB   10 MB/s   5m55s[K[?25h[?2026l[?2026h[?25l[A[1Gpulling manifest [K
pulling 1849ef83c4dd:  24% ▕████              ▏ 1.3 GB/5.1 GB   10 MB/s   5m55s[K[?25h[?2026l[?2026h[?25l[A[1Gpulling manifest [K
pulling 1849ef83c4dd:  24% ▕████              ▏ 1.3 GB/5.1 GB   10 MB/s   5m55s[K[?25h[?2026l[?2026h[?25l[A[1Gpulling manifest [K
pulling 1849ef83c4dd:  24% ▕████              ▏ 1.3 GB/5.1 GB   10 MB/s   5m54s[K[?25h[?2026l[?2026h[?25l[A[1Gpulling manifest [K
pulling 1849ef83c4dd:  24% ▕████              ▏ 1.3 GB/5.1 GB   10 MB/s    6m2s[K[?25h[?2026l[?2026h[?25l[A[1Gpulling manifest [K
pulling 1849ef83c4dd:  24% ▕████              ▏ 1.3 GB/5.1 GB   10 MB/s    6m2s[K[?25h[?2026l[?2026h[?25l[A[1Gpulling manifest [K
pulling 1849ef83c4dd:  24% ▕████              ▏ 1.3 GB/5.1 GB   10 MB/s    6m1s[K[?25h[?2026l[?2026h[?25l[A[1Gpulling manifest [K
pulling 1849ef83c4dd:  25% ▕████              ▏ 1.3 GB/5.1 GB   10 MB/s    6m1s[K[?25h[?2026l[?2026h[?25l[A[1Gpulling manifest [K
pulling 1849ef83c4dd:  25% ▕████              ▏ 1.3 GB/5.1 GB   10 MB/s    6m1s[K[?25h[?2026l[?2026h[?25l[A[1Gpulling manifest [K
pulling 1849ef83c4dd:  25% ▕████              ▏ 1.3 GB/5.1 GB   10 MB/s    6m1s[K[?25h[?2026l[?2026h[?25l[A[1Gpulling manifest [K
pulling 1849ef83c4dd:  25% ▕████              ▏ 1.3 GB/5.1 GB   10 MB/s    6m1s[K[?25h[?2026l[?2026h[?25l[A[1Gpulling manifest [K
pulling 1849ef83c4dd:  25% ▕████              ▏ 1.3 GB/5.1 GB   10 MB/s    6m1s[K[?25h[?2026l[?2026h[?25l[A[1Gpulling manifest [K
pulling 1849ef83c4dd:  25% ▕████              ▏ 1.3 GB/5.1 GB   10 MB/s    6m1s[K[?25h[?2026l[?2026h[?25l[A[1Gpulling manifest [K
pulling 1849ef83c4dd:  25% ▕████              ▏ 1.3 GB/5.1 GB   10 MB/s    6m1s[K[?25h[?2026l[?2026h[?25l[A[1Gpulling manifest [K
pulling 1849ef83c4dd:  25% ▕████              ▏ 1.3 GB/5.1 GB   10 MB/s   6m13s[K[?25h[?2026l[?2026h[?25l[A[1Gpulling manifest [K
pulling 1849ef83c4dd:  25% ▕████              ▏ 1.3 GB/5.1 GB   10 MB/s   6m13s[K[?25h[?2026l[?2026h[?25l[A[1Gpulling manifest [K
pulling 1849ef83c4dd:  25% ▕████              ▏ 1.3 GB/5.1 GB   10 MB/s   6m13s[K[?25h[?2026l[?2026h[?25l[A[1Gpulling manifest [K
pulling 1849ef83c4dd:  25% ▕████              ▏ 1.3 GB/5.1 GB   10 MB/s   6m12s[K[?25h[?2026l[?2026h[?25l[A[1Gpulling manifest [K
pulling 1849ef83c4dd:  25% ▕████              ▏ 1.3 GB/5.1 GB   10 MB/s   6m12s[K[?25h[?2026l[?2026h[?25l[A[1Gpulling manifest [K
pulling 1849ef83c4dd:  25% ▕████              ▏ 1.3 GB/5.1 GB   10 MB/s   6m12s[K[?25h[?2026l[?2026h[?25l[A[1Gpulling manifest [K
pulling 1849ef83c4dd:  25% ▕████              ▏ 1.3 GB/5.1 GB   10 MB/s   6m12s[K[?25h[?2026l[?2026h[?25l[A[1Gpulling manifest [K
pulling 1849ef83c4dd:  25% ▕████              ▏ 1.3 GB/5.1 GB   10 MB/s   6m12s[K[?25h[?2026l[?2026h[?25l[A[1Gpulling manifest [K
pulling 1849ef83c4dd:  25% ▕████              ▏ 1.3 GB/5.1 GB   10 MB/s   6m12s[K[?25h[?2026l[?2026h[?25l[A[1Gpulling manifest [K
pulling 1849ef83c4dd:  25% ▕████              ▏ 1.3 GB/5.1 GB   10 MB/s   6m12s[K[?25h[?2026l[?2026h[?25l[A[1Gpulling manifest [K
pulling 1849ef83c4dd:  25% ▕████              ▏ 1.3 GB/5.1 GB   10 MB/s   6m17s[K[?25h[?2026l[?2026h[?25l[A[1Gpulling manifest [K
pulling 1849ef83c4dd:  25% ▕████              ▏ 1.3 GB/5.1 GB   10 MB/s   6m17s[K[?25h[?2026l[?2026h[?25l[A[1Gpulling manifest [K
pulling 1849ef83c4dd:  25% ▕████              ▏ 1.3 GB/5.1 GB   10 MB/s   6m16s[K[?25h[?2026l[?2026h[?25l[A[1Gpulling manifest [K
pulling 1849ef83c4dd:  25% ▕████              ▏ 1.3 GB/5.1 GB   10 MB/s   6m16s[K[?25h[?2026l[?2026h[?25l[A[1Gpulling manifest [K
pulling 1849ef83c4dd:  25% ▕████              ▏ 1.3 GB/5.1 GB   10 MB/s   6m16s[K[?25h[?2026l[?2026h[?25l[A[1Gpulling manifest [K
pulling 1849ef83c4dd:  25% ▕████              ▏ 1.3 GB/5.1 GB   10 MB/s   6m16s[K[?25h[?2026l[?2026h[?25l[A[1Gpulling manifest [K
pulling 1849ef83c4dd:  25% ▕████              ▏ 1.3 GB/5.1 GB   10 MB/s   6m16s[K[?25h[?2026l[?2026h[?25l[A[1Gpulling manifest [K
pulling 1849ef83c4dd:  25% ▕████              ▏ 1.3 GB/5.1 GB   10 MB/s   6m16s[K[?25h[?2026l[?2026h[?25l[A[1Gpulling manifest [K
pulling 1849ef83c4dd:  25% ▕████              ▏ 1.3 GB/5.1 GB   10 MB/s   6m16s[K[?25h[?2026l[?2026h[?25l[A[1Gpulling manifest [K
pulling 1849ef83c4dd:  25% ▕████              ▏ 1.3 GB/5.1 GB   10 MB/s   6m16s[K[?25h[?2026l[?2026h[?25l[A[1Gpulling manifest [K
pulling 1849ef83c4dd:  25% ▕████              ▏ 1.3 GB/5.1 GB   10 MB/s   6m20s[K[?25h[?2026l[?2026h[?25l[A[1Gpulling manifest [K
pulling 1849ef83c4dd:  25% ▕████              ▏ 1.3 GB/5.1 GB   10 MB/s   6m20s[K[?25h[?2026l[?2026h[?25l[A[1Gpulling manifest [K
pulling 1849ef83c4dd:  25% ▕████              ▏ 1.3 GB/5.1 GB   10 MB/s   6m20s[K[?25h[?2026l[?2026h[?25l[A[1Gpulling manifest [K
pulling 1849ef83c4dd:  25% ▕████              ▏ 1.3 GB/5.1 GB   10 MB/s   6m20s[K[?25h[?2026l[?2026h[?25l[A[1Gpulling manifest [K
pulling 1849ef83c4dd:  25% ▕████              ▏ 1.3 GB/5.1 GB   10 MB/s   6m20s[K[?25h[?2026l[?2026h[?25l[A[1Gpulling manifest [K
pulling 1849ef83c4dd:  25% ▕████              ▏ 1.3 GB/5.1 GB   10 MB/s   6m20s[K[?25h[?2026l[?2026h[?25l[A[1Gpulling manifest [K
pulling 1849ef83c4dd:  25% ▕████              ▏ 1.3 GB/5.1 GB   10 MB/s   6m19s[K[?25h[?2026l[?2026h[?25l[A[1Gpulling manifest [K
pulling 1849ef83c4dd:  25% ▕████              ▏ 1.3 GB/5.1 GB   10 MB/s   6m19s[K[?25h[?2026l[?2026h[?25l[A[1Gpulling manifest [K
pulling 1849ef83c4dd:  25% ▕████              ▏ 1.3 GB/5.1 GB   10 MB/s   6m19s[K[?25h[?2026l[?2026h[?25l[A[1Gpulling manifest [K
pulling 1849ef83c4dd:  25% ▕████              ▏ 1.3 GB/5.1 GB   10 MB/s   6m19s[K[?25h[?2026l[?2026h[?25l[A[1Gpulling manifest [K
pulling 1849ef83c4dd:  25% ▕████              ▏ 1.3 GB/5.1 GB   10 MB/s   6m19s[K[?25h[?2026l[?2026h[?25l[A[1Gpulling manifest [K
pulling 1849ef83c4dd:  25% ▕████              ▏ 1.3 GB/5.1 GB   10 MB/s   6m21s[K[?25h[?2026l[?2026h[?25l[A[1Gpulling manifest [K
pulling 1849ef83c4dd:  25% ▕████              ▏ 1.3 GB/5.1 GB   10 MB/s   6m21s[K[?25h[?2026l[?2026h[?25l[A[1Gpulling manifest [K
pulling 1849ef83c4dd:  25% ▕████              ▏ 1.3 GB/5.1 GB   10 MB/s   6m21s[K[?25h[?2026l[?2026h[?25l[A[1Gpulling manifest [K
pulling 1849ef83c4dd:  25% ▕████              ▏ 1.3 GB/5.1 GB   10 MB/s   6m21s[K[?25h[?2026l[?2026h[?25l[A[1Gpulling manifest [K
pulling 1849ef83c4dd:  25% ▕████              ▏ 1.3 GB/5.1 GB   10 MB/s   6m21s[K[?25h[?2026l[?2026h[?25l[A[1Gpulling manifest [K
pulling 1849ef83c4dd:  25% ▕████              ▏ 1.3 GB/5.1 GB   10 MB/s   6m21s[K[?25h[?2026l[?2026h[?25l[A[1Gpulling manifest [K
pulling 1849ef83c4dd:  25% ▕████              ▏ 1.3 GB/5.1 GB   10 MB/s   6m21s[K[?25h[?2026l[?2026h[?25l[A[1Gpulling manifest [K
pulling 1849ef83c4dd:  25% ▕████              ▏ 1.3 GB/5.1 GB   10 MB/s   6m21s[K[?25h[?2026l[?2026h[?25l[A[1Gpulling manifest [K
pulling 1849ef83c4dd:  25% ▕████              ▏ 1.3 GB/5.1 GB   10 MB/s   6m20s[K[?25h[?2026l[?2026h[?25l[A[1Gpulling manifest [K
pulling 1849ef83c4dd:  25% ▕████              ▏ 1.3 GB/5.1 GB   10 MB/s   6m20s[K[?25h[?2026l[?2026h[?25l[A[1Gpulling manifest [K
pulling 1849ef83c4dd:  25% ▕████             ▏ 1.3 GB/5.1 GB  10.0 MB/s   6m24s[K[?25h[?2026l[?2026h[?25l[A[1Gpulling manifest [K
pulling 1849ef83c4dd:  25% ▕████             ▏ 1.3 GB/5.1 GB  10.0 MB/s   6m24s[K[?25h[?2026l[?2026h[?25l[A[1Gpulling manifest [K
pulling 1849ef83c4dd:  25% ▕████             ▏ 1.3 GB/5.1 GB  10.0 MB/s   6m24s[K[?25h[?2026l[?2026h[?25l[A[1Gpulling manifest [K
pulling 1849ef83c4dd:  25% ▕████             ▏ 1.3 GB/5.1 GB  10.0 MB/s   6m23s[K[?25h[?2026l[?2026h[?25l[A[1Gpulling manifest [K
pulling 1849ef83c4dd:  26% ▕████             ▏ 1.3 GB/5.1 GB  10.0 MB/s   6m23s[K[?25h[?2026l[?2026h[?25l[A[1Gpulling manifest [K
pulling 1849ef83c4dd:  26% ▕████             ▏ 1.3 GB/5.1 GB  10.0 MB/s   6m23s[K[?25h[?2026l[?2026h[?25l[A[1Gpulling manifest [K
pulling 1849ef83c4dd:  26% ▕████             ▏ 1.3 GB/5.1 GB  10.0 MB/s   6m23s[K[?25h[?2026l[?2026h[?25l[A[1Gpulling manifest [K
pulling 1849ef83c4dd:  26% ▕████             ▏ 1.3 GB/5.1 GB  10.0 MB/s   6m23s[K[?25h[?2026l[?2026h[?25l[A[1Gpulling manifest [K
pulling 1849ef83c4dd:  26% ▕████             ▏ 1.3 GB/5.1 GB  10.0 MB/s   6m23s[K[?25h[?2026l[?2026h[?25l[A[1Gpulling manifest [K
pulling 1849ef83c4dd:  26% ▕████             ▏ 1.3 GB/5.1 GB  10.0 MB/s   6m23s[K[?25h[?2026l[?2026h[?25l[A[1Gpulling manifest [K
pulling 1849ef83c4dd:  26% ▕████              ▏ 1.3 GB/5.1 GB  9.6 MB/s   6m36s[K[?25h[?2026l[?2026h[?25l[A[1Gpulling manifest [K
pulling 1849ef83c4dd:  26% ▕████              ▏ 1.3 GB/5.1 GB  9.6 MB/s   6m36s[K[?25h[?2026l[?2026h[?25l[A[1Gpulling manifest [K
pulling 1849ef83c4dd:  26% ▕████              ▏ 1.3 GB/5.1 GB  9.6 MB/s   6m36s[K[?25h[?2026l[?2026h[?25l[A[1Gpulling manifest [K
pulling 1849ef83c4dd:  26% ▕████              ▏ 1.3 GB/5.1 GB  9.6 MB/s   6m36s[K[?25h[?2026l[?2026h[?25l[A[1Gpulling manifest [K
pulling 1849ef83c4dd:  26% ▕████              ▏ 1.3 GB/5.1 GB  9.6 MB/s   6m35s[K[?25h[?2026l[?2026h[?25l[A[1Gpulling manifest [K
pulling 1849ef83c4dd:  26% ▕████              ▏ 1.3 GB/5.1 GB  9.6 MB/s   6m35s[K[?25h[?2026l[?2026h[?25l[A[1Gpulling manifest [K
pulling 1849ef83c4dd:  26% ▕████              ▏ 1.3 GB/5.1 GB  9.6 MB/s   6m35s[K[?25h[?2026l[?2026h[?25l[A[1Gpulling manifest [K
pulling 1849ef83c4dd:  26% ▕████              ▏ 1.3 GB/5.1 GB  9.6 MB/s   6m35s[K[?25h[?2026l[?2026h[?25l[A[1Gpulling manifest [K
pulling 1849ef83c4dd:  26% ▕████              ▏ 1.3 GB/5.1 GB  9.6 MB/s   6m35s[K[?25h[?2026l[?2026h[?25l[A[1Gpulling manifest [K
pulling 1849ef83c4dd:  26% ▕████              ▏ 1.3 GB/5.1 GB  9.6 MB/s   6m35s[K[?25h[?2026l[?2026h[?25l[A[1Gpulling manifest [K
pulling 1849ef83c4dd:  26% ▕████              ▏ 1.3 GB/5.1 GB  9.8 MB/s   6m30s[K[?25h[?2026l[?2026h[?25l[A[1Gpulling manifest [K
pulling 1849ef83c4dd:  26% ▕████              ▏ 1.3 GB/5.1 GB  9.8 MB/s   6m30s[K[?25h[?2026l[?2026h[?25l[A[1Gpulling manifest [K
pulling 1849ef83c4dd:  26% ▕████              ▏ 1.3 GB/5.1 GB  9.8 MB/s   6m30s[K[?25h[?2026l[?2026h[?25l[A[1Gpulling manifest [K
pulling 1849ef83c4dd:  26% ▕████              ▏ 1.3 GB/5.1 GB  9.8 MB/s   6m30s[K[?25h[?2026l[?2026h[?25l[A[1Gpulling manifest [K
pulling 1849ef83c4dd:  26% ▕████              ▏ 1.3 GB/5.1 GB  9.8 MB/s   6m29s[K[?25h[?2026l[?2026h[?25l[A[1Gpulling manifest [K
pulling 1849ef83c4dd:  26% ▕████              ▏ 1.3 GB/5.1 GB  9.8 MB/s   6m29s[K[?25h[?2026l[?2026h[?25l[A[1Gpulling manifest [K
pulling 1849ef83c4dd:  26% ▕████              ▏ 1.3 GB/5.1 GB  9.8 MB/s   6m29s[K[?25h[?2026l[?2026h[?25l[A[1Gpulling manifest [K
pulling 1849ef83c4dd:  26% ▕████              ▏ 1.3 GB/5.1 GB  9.8 MB/s   6m29s[K[?25h[?2026l[?2026h[?25l[A[1Gpulling manifest [K
pulling 1849ef83c4dd:  26% ▕████              ▏ 1.3 GB/5.1 GB  9.8 MB/s   6m29s[K[?25h[?2026l[?2026h[?25l[A[1Gpulling manifest [K
pulling 1849ef83c4dd:  26% ▕████              ▏ 1.3 GB/5.1 GB  9.8 MB/s   6m29s[K[?25h[?2026l[?2026h[?25l[A[1Gpulling manifest [K
pulling 1849ef83c4dd:  26% ▕████              ▏ 1.3 GB/5.1 GB  9.9 MB/s   6m22s[K[?25h[?2026l[?2026h[?25l[A[1Gpulling manifest [K
pulling 1849ef83c4dd:  26% ▕████              ▏ 1.3 GB/5.1 GB  9.9 MB/s   6m22s[K[?25h[?2026l[?2026h[?25l[A[1Gpulling manifest [K
pulling 1849ef83c4dd:  26% ▕████              ▏ 1.3 GB/5.1 GB  9.9 MB/s   6m22s[K[?25h[?2026l[?2026h[?25l[A[1Gpulling manifest [K
pulling 1849ef83c4dd:  26% ▕████              ▏ 1.3 GB/5.1 GB  9.9 MB/s   6m22s[K[?25h[?2026l[?2026h[?25l[A[1Gpulling manifest [K
pulling 1849ef83c4dd:  26% ▕████              ▏ 1.3 GB/5.1 GB  9.9 MB/s   6m21s[K[?25h[?2026l[?2026h[?25l[A[1Gpulling manifest [K
pulling 1849ef83c4dd:  26% ▕████              ▏ 1.3 GB/5.1 GB  9.9 MB/s   6m21s[K[?25h[?2026l[?2026h[?25l[A[1Gpulling manifest [K
pulling 1849ef83c4dd:  26% ▕████              ▏ 1.3 GB/5.1 GB  9.9 MB/s   6m21s[K[?25h[?2026l[?2026h[?25l[A[1Gpulling manifest [K
pulling 1849ef83c4dd:  26% ▕████              ▏ 1.3 GB/5.1 GB  9.9 MB/s   6m21s[K[?25h[?2026l[?2026h[?25l[A[1Gpulling manifest [K
pulling 1849ef83c4dd:  26% ▕████              ▏ 1.3 GB/5.1 GB  9.9 MB/s   6m21s[K[?25h[?2026l[?2026h[?25l[A[1Gpulling manifest [K
pulling 1849ef83c4dd:  26% ▕████              ▏ 1.3 GB/5.1 GB  9.9 MB/s   6m21s[K[?25h[?2026l[?2026h[?25l[A[1Gpulling manifest [K
pulling 1849ef83c4dd:  26% ▕████              ▏ 1.3 GB/5.1 GB  9.9 MB/s   6m21s[K[?25h[?2026l[?2026h[?25l[A[1Gpulling manifest [K
pulling 1849ef83c4dd:  26% ▕████              ▏ 1.3 GB/5.1 GB   10 MB/s   6m16s[K[?25h[?2026l[?2026h[?25l[A[1Gpulling manifest [K
pulling 1849ef83c4dd:  26% ▕████              ▏ 1.3 GB/5.1 GB   10 MB/s   6m15s[K[?25h[?2026l[?2026h[?25l[A[1Gpulling manifest [K
pulling 1849ef83c4dd:  26% ▕████              ▏ 1.3 GB/5.1 GB   10 MB/s   6m15s[K[?25h[?2026l[?2026h[?25l[A[1Gpulling manifest [K
pulling 1849ef83c4dd:  26% ▕████              ▏ 1.3 GB/5.1 GB   10 MB/s   6m15s[K[?25h[?2026l[?2026h[?25l[A[1Gpulling manifest [K
pulling 1849ef83c4dd:  26% ▕████              ▏ 1.4 GB/5.1 GB   10 MB/s   6m15s[K[?25h[?2026l[?2026h[?25l[A[1Gpulling manifest [K
pulling 1849ef83c4dd:  26% ▕████              ▏ 1.4 GB/5.1 GB   10 MB/s   6m15s[K[?25h[?2026l[?2026h[?25l[A[1Gpulling manifest [K
pulling 1849ef83c4dd:  26% ▕████              ▏ 1.4 GB/5.1 GB   10 MB/s   6m15s[K[?25h[?2026l[?2026h[?25l[A[1Gpulling manifest [K
pulling 1849ef83c4dd:  26% ▕████              ▏ 1.4 GB/5.1 GB   10 MB/s   6m15s[K[?25h[?2026l[?2026h[?25l[A[1Gpulling manifest [K
pulling 1849ef83c4dd:  26% ▕████              ▏ 1.4 GB/5.1 GB   10 MB/s   6m15s[K[?25h[?2026l[?2026h[?25l[A[1Gpulling manifest [K
pulling 1849ef83c4dd:  26% ▕████              ▏ 1.4 GB/5.1 GB   10 MB/s   6m15s[K[?25h[?2026l[?2026h[?25l[A[1Gpulling manifest [K
pulling 1849ef83c4dd:  26% ▕████              ▏ 1.4 GB/5.1 GB   10 MB/s   6m10s[K[?25h[?2026l[?2026h[?25l[A[1Gpulling manifest [K
pulling 1849ef83c4dd:  26% ▕████              ▏ 1.4 GB/5.1 GB   10 MB/s   6m10s[K[?25h[?2026l[?2026h[?25l[A[1Gpulling manifest [K
pulling 1849ef83c4dd:  26% ▕████              ▏ 1.4 GB/5.1 GB   10 MB/s   6m10s[K[?25h[?2026l[?2026h[?25l[A[1Gpulling manifest [K
pulling 1849ef83c4dd:  26% ▕████              ▏ 1.4 GB/5.1 GB   10 MB/s   6m10s[K[?25h[?2026l[?2026h[?25l[A[1Gpulling manifest [K
pulling 1849ef83c4dd:  26% ▕████              ▏ 1.4 GB/5.1 GB   10 MB/s   6m10s[K[?25h[?2026l[?2026h[?25l[A[1Gpulling manifest [K
pulling 1849ef83c4dd:  27% ▕████              ▏ 1.4 GB/5.1 GB   10 MB/s   6m10s[K[?25h[?2026l[?2026h[?25l[A[1Gpulling manifest [K
pulling 1849ef83c4dd:  27% ▕████              ▏ 1.4 GB/5.1 GB   10 MB/s    6m9s[K[?25h[?2026l[?2026h[?25l[A[1Gpulling manifest [K
pulling 1849ef83c4dd:  27% ▕████              ▏ 1.4 GB/5.1 GB   10 MB/s    6m9s[K[?25h[?2026l[?2026h[?25l[A[1Gpulling manifest [K
pulling 1849ef83c4dd:  27% ▕████              ▏ 1.4 GB/5.1 GB   10 MB/s    6m9s[K[?25h[?2026l[?2026h[?25l[A[1Gpulling manifest [K
pulling 1849ef83c4dd:  27% ▕████              ▏ 1.4 GB/5.1 GB   10 MB/s    6m9s[K[?25h[?2026l[?2026h[?25l[A[1Gpulling manifest [K
pulling 1849ef83c4dd:  27% ▕████              ▏ 1.4 GB/5.1 GB   10 MB/s    6m7s[K[?25h[?2026l[?2026h[?25l[A[1Gpulling manifest [K
pulling 1849ef83c4dd:  27% ▕████              ▏ 1.4 GB/5.1 GB   10 MB/s    6m7s[K[?25h[?2026l[?2026h[?25l[A[1Gpulling manifest [K
pulling 1849ef83c4dd:  27% ▕████              ▏ 1.4 GB/5.1 GB   10 MB/s    6m7s[K[?25h[?2026l[?2026h[?25l[A[1Gpulling manifest [K
pulling 1849ef83c4dd:  27% ▕████              ▏ 1.4 GB/5.1 GB   10 MB/s    6m7s[K[?25h[?2026l[?2026h[?25l[A[1Gpulling manifest [K
pulling 1849ef83c4dd:  27% ▕████              ▏ 1.4 GB/5.1 GB   10 MB/s    6m7s[K[?25h[?2026l[?2026h[?25l[A[1Gpulling manifest [K
pulling 1849ef83c4dd:  27% ▕████              ▏ 1.4 GB/5.1 GB   10 MB/s    6m7s[K[?25h[?2026l[?2026h[?25l[A[1Gpulling manifest [K
pulling 1849ef83c4dd:  27% ▕████              ▏ 1.4 GB/5.1 GB   10 MB/s    6m6s[K[?25h[?2026l[?2026h[?25l[A[1Gpulling manifest [K
pulling 1849ef83c4dd:  27% ▕████              ▏ 1.4 GB/5.1 GB   10 MB/s    6m6s[K[?25h[?2026l[?2026h[?25l[A[1Gpulling manifest [K
pulling 1849ef83c4dd:  27% ▕████              ▏ 1.4 GB/5.1 GB   10 MB/s    6m6s[K[?25h[?2026l[?2026h[?25l[A[1Gpulling manifest [K
pulling 1849ef83c4dd:  27% ▕████              ▏ 1.4 GB/5.1 GB   10 MB/s    6m6s[K[?25h[?2026l[?2026h[?25l[A[1Gpulling manifest [K
pulling 1849ef83c4dd:  27% ▕████              ▏ 1.4 GB/5.1 GB   10 MB/s    6m5s[K[?25h[?2026l[?2026h[?25l[A[1Gpulling manifest [K
pulling 1849ef83c4dd:  27% ▕████              ▏ 1.4 GB/5.1 GB   10 MB/s    6m5s[K[?25h[?2026l[?2026h[?25l[A[1Gpulling manifest [K
pulling 1849ef83c4dd:  27% ▕████              ▏ 1.4 GB/5.1 GB   10 MB/s    6m5s[K[?25h[?2026l[?2026h[?25l[A[1Gpulling manifest [K
pulling 1849ef83c4dd:  27% ▕████              ▏ 1.4 GB/5.1 GB   10 MB/s    6m5s[K[?25h[?2026l[?2026h[?25l[A[1Gpulling manifest [K
pulling 1849ef83c4dd:  27% ▕████              ▏ 1.4 GB/5.1 GB   10 MB/s    6m5s[K[?25h[?2026l[?2026h[?25l[A[1Gpulling manifest [K
pulling 1849ef83c4dd:  27% ▕████              ▏ 1.4 GB/5.1 GB   10 MB/s    6m5s[K[?25h[?2026l[?2026h[?25l[A[1Gpulling manifest [K
pulling 1849ef83c4dd:  27% ▕████              ▏ 1.4 GB/5.1 GB   10 MB/s    6m5s[K[?25h[?2026l[?2026h[?25l[A[1Gpulling manifest [K
pulling 1849ef83c4dd:  27% ▕████              ▏ 1.4 GB/5.1 GB   10 MB/s    6m5s[K[?25h[?2026l[?2026h[?25l[A[1Gpulling manifest [K
pulling 1849ef83c4dd:  27% ▕████              ▏ 1.4 GB/5.1 GB   10 MB/s    6m4s[K[?25h[?2026l[?2026h[?25l[A[1Gpulling manifest [K
pulling 1849ef83c4dd:  27% ▕████              ▏ 1.4 GB/5.1 GB   10 MB/s    6m4s[K[?25h[?2026l[?2026h[?25l[A[1Gpulling manifest [K
pulling 1849ef83c4dd:  27% ▕████              ▏ 1.4 GB/5.1 GB   10 MB/s    6m2s[K[?25h[?2026l[?2026h[?25l[A[1Gpulling manifest [K
pulling 1849ef83c4dd:  27% ▕████              ▏ 1.4 GB/5.1 GB   10 MB/s    6m2s[K[?25h[?2026l[?2026h[?25l[A[1Gpulling manifest [K
pulling 1849ef83c4dd:  27% ▕████              ▏ 1.4 GB/5.1 GB   10 MB/s    6m2s[K[?25h[?2026l[?2026h[?25l[A[1Gpulling manifest [K
pulling 1849ef83c4dd:  27% ▕████              ▏ 1.4 GB/5.1 GB   10 MB/s    6m2s[K[?25h[?2026l[?2026h[?25l[A[1Gpulling manifest [K
pulling 1849ef83c4dd:  27% ▕████              ▏ 1.4 GB/5.1 GB   10 MB/s    6m2s[K[?25h[?2026l[?2026h[?25l[A[1Gpulling manifest [K
pulling 1849ef83c4dd:  27% ▕████              ▏ 1.4 GB/5.1 GB   10 MB/s    6m2s[K[?25h[?2026l[?2026h[?25l[A[1Gpulling manifest [K
pulling 1849ef83c4dd:  27% ▕████              ▏ 1.4 GB/5.1 GB   10 MB/s    6m2s[K[?25h[?2026l[?2026h[?25l[A[1Gpulling manifest [K
pulling 1849ef83c4dd:  27% ▕████              ▏ 1.4 GB/5.1 GB   10 MB/s    6m2s[K[?25h[?2026l[?2026h[?25l[A[1Gpulling manifest [K
pulling 1849ef83c4dd:  27% ▕████              ▏ 1.4 GB/5.1 GB   10 MB/s    6m2s[K[?25h[?2026l[?2026h[?25l[A[1Gpulling manifest [K
pulling 1849ef83c4dd:  27% ▕████              ▏ 1.4 GB/5.1 GB   10 MB/s    6m1s[K[?25h[?2026l[?2026h[?25l[A[1Gpulling manifest [K
pulling 1849ef83c4dd:  27% ▕████              ▏ 1.4 GB/5.1 GB   10 MB/s    6m1s[K[?25h[?2026l[?2026h[?25l[A[1Gpulling manifest [K
pulling 1849ef83c4dd:  27% ▕████              ▏ 1.4 GB/5.1 GB   10 MB/s   5m58s[K[?25h[?2026l[?2026h[?25l[A[1Gpulling manifest [K
pulling 1849ef83c4dd:  27% ▕████              ▏ 1.4 GB/5.1 GB   10 MB/s   5m58s[K[?25h[?2026l[?2026h[?25l[A[1Gpulling manifest [K
pulling 1849ef83c4dd:  27% ▕████              ▏ 1.4 GB/5.1 GB   10 MB/s   5m58s[K[?25h[?2026l[?2026h[?25l[A[1Gpulling manifest [K
pulling 1849ef83c4dd:  27% ▕████              ▏ 1.4 GB/5.1 GB   10 MB/s   5m58s[K[?25h[?2026l[?2026h[?25l[A[1Gpulling manifest [K
pulling 1849ef83c4dd:  27% ▕████              ▏ 1.4 GB/5.1 GB   10 MB/s   5m58s[K[?25h[?2026l[?2026h[?25l[A[1Gpulling manifest [K
pulling 1849ef83c4dd:  27% ▕████              ▏ 1.4 GB/5.1 GB   10 MB/s   5m57s[K[?25h[?2026l[?2026h[?25l[A[1Gpulling manifest [K
pulling 1849ef83c4dd:  27% ▕████              ▏ 1.4 GB/5.1 GB   10 MB/s   5m57s[K[?25h[?2026l[?2026h[?25l[A[1Gpulling manifest [K
pulling 1849ef83c4dd:  27% ▕████              ▏ 1.4 GB/5.1 GB   10 MB/s   5m57s[K[?25h[?2026l[?2026h[?25l[A[1Gpulling manifest [K
pulling 1849ef83c4dd:  27% ▕████              ▏ 1.4 GB/5.1 GB   10 MB/s   5m57s[K[?25h[?2026l[?2026h[?25l[A[1Gpulling manifest [K
pulling 1849ef83c4dd:  27% ▕████              ▏ 1.4 GB/5.1 GB   10 MB/s   5m57s[K[?25h[?2026l[?2026h[?25l[A[1Gpulling manifest [K
pulling 1849ef83c4dd:  28% ▕████              ▏ 1.4 GB/5.1 GB   10 MB/s   5m45s[K[?25h[?2026l[?2026h[?25l[A[1Gpulling manifest [K
pulling 1849ef83c4dd:  28% ▕████              ▏ 1.4 GB/5.1 GB   10 MB/s   5m44s[K[?25h[?2026l[?2026h[?25l[A[1Gpulling manifest [K
pulling 1849ef83c4dd:  28% ▕████              ▏ 1.4 GB/5.1 GB   10 MB/s   5m44s[K[?25h[?2026l[?2026h[?25l[A[1Gpulling manifest [K
pulling 1849ef83c4dd:  28% ▕████              ▏ 1.4 GB/5.1 GB   10 MB/s   5m44s[K[?25h[?2026l[?2026h[?25l[A[1Gpulling manifest [K
pulling 1849ef83c4dd:  28% ▕████              ▏ 1.4 GB/5.1 GB   10 MB/s   5m44s[K[?25h[?2026l[?2026h[?25l[A[1Gpulling manifest [K
pulling 1849ef83c4dd:  28% ▕████              ▏ 1.4 GB/5.1 GB   10 MB/s   5m44s[K[?25h[?2026l[?2026h[?25l[A[1Gpulling manifest [K
pulling 1849ef83c4dd:  28% ▕████              ▏ 1.4 GB/5.1 GB   10 MB/s   5m44s[K[?25h[?2026l[?2026h[?25l[A[1Gpulling manifest [K
pulling 1849ef83c4dd:  28% ▕████              ▏ 1.4 GB/5.1 GB   10 MB/s   5m44s[K[?25h[?2026l[?2026h[?25l[A[1Gpulling manifest [K
pulling 1849ef83c4dd:  28% ▕████              ▏ 1.4 GB/5.1 GB   10 MB/s   5m44s[K[?25h[?2026l[?2026h[?25l[A[1Gpulling manifest [K
pulling 1849ef83c4dd:  28% ▕████              ▏ 1.4 GB/5.1 GB   10 MB/s   5m44s[K[?25h[?2026l[?2026h[?25l[A[1Gpulling manifest [K
pulling 1849ef83c4dd:  28% ▕████              ▏ 1.4 GB/5.1 GB   10 MB/s   5m39s[K[?25h[?2026l[?2026h[?25l[A[1Gpulling manifest [K
pulling 1849ef83c4dd:  28% ▕████              ▏ 1.4 GB/5.1 GB   10 MB/s   5m39s[K[?25h[?2026l[?2026h[?25l[A[1Gpulling manifest [K
pulling 1849ef83c4dd:  28% ▕█████             ▏ 1.4 GB/5.1 GB   10 MB/s   5m39s[K[?25h[?2026l[?2026h[?25l[A[1Gpulling manifest [K
pulling 1849ef83c4dd:  28% ▕█████             ▏ 1.4 GB/5.1 GB   10 MB/s   5m39s[K[?25h[?2026l[?2026h[?25l[A[1Gpulling manifest [K
pulling 1849ef83c4dd:  28% ▕█████             ▏ 1.4 GB/5.1 GB   10 MB/s   5m39s[K[?25h[?2026l[?2026h[?25l[A[1Gpulling manifest [K
pulling 1849ef83c4dd:  28% ▕█████             ▏ 1.4 GB/5.1 GB   10 MB/s   5m39s[K[?25h[?2026l[?2026h[?25l[A[1Gpulling manifest [K
pulling 1849ef83c4dd:  28% ▕█████             ▏ 1.4 GB/5.1 GB   10 MB/s   5m38s[K[?25h[?2026l[?2026h[?25l[A[1Gpulling manifest [K
pulling 1849ef83c4dd:  28% ▕█████             ▏ 1.4 GB/5.1 GB   10 MB/s   5m38s[K[?25h[?2026l[?2026h[?25l[A[1Gpulling manifest [K
pulling 1849ef83c4dd:  28% ▕█████             ▏ 1.4 GB/5.1 GB   10 MB/s   5m38s[K[?25h[?2026l[?2026h[?25l[A[1Gpulling manifest [K
pulling 1849ef83c4dd:  28% ▕█████             ▏ 1.4 GB/5.1 GB   10 MB/s   5m38s[K[?25h[?2026l[?2026h[?25l[A[1Gpulling manifest [K
pulling 1849ef83c4dd:  28% ▕█████             ▏ 1.4 GB/5.1 GB   11 MB/s   5m34s[K[?25h[?2026l[?2026h[?25l[A[1Gpulling manifest [K
pulling 1849ef83c4dd:  28% ▕█████             ▏ 1.4 GB/5.1 GB   11 MB/s   5m34s[K[?25h[?2026l[?2026h[?25l[A[1Gpulling manifest [K
pulling 1849ef83c4dd:  28% ▕█████             ▏ 1.4 GB/5.1 GB   11 MB/s   5m34s[K[?25h[?2026l[?2026h[?25l[A[1Gpulling manifest [K
pulling 1849ef83c4dd:  28% ▕█████             ▏ 1.4 GB/5.1 GB   11 MB/s   5m34s[K[?25h[?2026l[?2026h[?25l[A[1Gpulling manifest [K
pulling 1849ef83c4dd:  28% ▕█████             ▏ 1.4 GB/5.1 GB   11 MB/s   5m34s[K[?25h[?2026l[?2026h[?25l[A[1Gpulling manifest [K
pulling 1849ef83c4dd:  28% ▕█████             ▏ 1.4 GB/5.1 GB   11 MB/s   5m34s[K[?25h[?2026l[?2026h[?25l[A[1Gpulling manifest [K
pulling 1849ef83c4dd:  28% ▕█████             ▏ 1.4 GB/5.1 GB   11 MB/s   5m34s[K[?25h[?2026l[?2026h[?25l[A[1Gpulling manifest [K
pulling 1849ef83c4dd:  28% ▕█████             ▏ 1.4 GB/5.1 GB   11 MB/s   5m34s[K[?25h[?2026l[?2026h[?25l[A[1Gpulling manifest [K
pulling 1849ef83c4dd:  28% ▕█████             ▏ 1.4 GB/5.1 GB   11 MB/s   5m34s[K[?25h[?2026l[?2026h[?25l[A[1Gpulling manifest [K
pulling 1849ef83c4dd:  28% ▕█████             ▏ 1.4 GB/5.1 GB   11 MB/s   5m34s[K[?25h[?2026l[?2026h[?25l[A[1Gpulling manifest [K
pulling 1849ef83c4dd:  28% ▕█████             ▏ 1.4 GB/5.1 GB   10 MB/s   5m44s[K[?25h[?2026l[?2026h[?25l[A[1Gpulling manifest [K
pulling 1849ef83c4dd:  28% ▕█████             ▏ 1.4 GB/5.1 GB   10 MB/s   5m43s[K[?25h[?2026l[?2026h[?25l[A[1Gpulling manifest [K
pulling 1849ef83c4dd:  28% ▕█████             ▏ 1.4 GB/5.1 GB   10 MB/s   5m43s[K[?25h[?2026l[?2026h[?25l[A[1Gpulling manifest [K
pulling 1849ef83c4dd:  28% ▕█████             ▏ 1.4 GB/5.1 GB   10 MB/s   5m43s[K[?25h[?2026l[?2026h[?25l[A[1Gpulling manifest [K
pulling 1849ef83c4dd:  28% ▕█████             ▏ 1.4 GB/5.1 GB   10 MB/s   5m43s[K[?25h[?2026l[?2026h[?25l[A[1Gpulling manifest [K
pulling 1849ef83c4dd:  28% ▕█████             ▏ 1.4 GB/5.1 GB   10 MB/s   5m43s[K[?25h[?2026l[?2026h[?25l[A[1Gpulling manifest [K
pulling 1849ef83c4dd:  28% ▕█████             ▏ 1.4 GB/5.1 GB   10 MB/s   5m43s[K[?25h[?2026l[?2026h[?25l[A[1Gpulling manifest [K
pulling 1849ef83c4dd:  28% ▕█████             ▏ 1.5 GB/5.1 GB   10 MB/s   5m43s[K[?25h[?2026l[?2026h[?25l[A[1Gpulling manifest [K
pulling 1849ef83c4dd:  28% ▕█████             ▏ 1.5 GB/5.1 GB   10 MB/s   5m43s[K[?25h[?2026l[?2026h[?25l[A[1Gpulling manifest [K
pulling 1849ef83c4dd:  28% ▕█████             ▏ 1.5 GB/5.1 GB   10 MB/s   5m42s[K[?25h[?2026l[?2026h[?25l[A[1Gpulling manifest [K
pulling 1849ef83c4dd:  28% ▕█████             ▏ 1.5 GB/5.1 GB   10 MB/s   5m42s[K[?25h[?2026l[?2026h[?25l[A[1Gpulling manifest [K
pulling 1849ef83c4dd:  28% ▕█████             ▏ 1.5 GB/5.1 GB   10 MB/s   5m36s[K[?25h[?2026l[?2026h[?25l[A[1Gpulling manifest [K
pulling 1849ef83c4dd:  28% ▕█████             ▏ 1.5 GB/5.1 GB   10 MB/s   5m36s[K[?25h[?2026l[?2026h[?25l[A[1Gpulling manifest [K
pulling 1849ef83c4dd:  28% ▕█████             ▏ 1.5 GB/5.1 GB   10 MB/s   5m35s[K[?25h[?2026l[?2026h[?25l[A[1Gpulling manifest [K
pulling 1849ef83c4dd:  28% ▕█████             ▏ 1.5 GB/5.1 GB   10 MB/s   5m35s[K[?25h[?2026l[?2026h[?25l[A[1Gpulling manifest [K
pulling 1849ef83c4dd:  28% ▕█████             ▏ 1.5 GB/5.1 GB   10 MB/s   5m35s[K[?25h[?2026l[?2026h[?25l[A[1Gpulling manifest [K
pulling 1849ef83c4dd:  28% ▕█████             ▏ 1.5 GB/5.1 GB   10 MB/s   5m35s[K[?25h[?2026l[?2026h[?25l[A[1Gpulling manifest [K
pulling 1849ef83c4dd:  28% ▕█████             ▏ 1.5 GB/5.1 GB   10 MB/s   5m35s[K[?25h[?2026l[?2026h[?25l[A[1Gpulling manifest [K
pulling 1849ef83c4dd:  29% ▕█████             ▏ 1.5 GB/5.1 GB   10 MB/s   5m35s[K[?25h[?2026l[?2026h[?25l[A[1Gpulling manifest [K
pulling 1849ef83c4dd:  29% ▕█████             ▏ 1.5 GB/5.1 GB   10 MB/s   5m35s[K[?25h[?2026l[?2026h[?25l[A[1Gpulling manifest [K
pulling 1849ef83c4dd:  29% ▕█████             ▏ 1.5 GB/5.1 GB   10 MB/s   5m35s[K[?25h[?2026l[?2026h[?25l[A[1Gpulling manifest [K
pulling 1849ef83c4dd:  29% ▕█████             ▏ 1.5 GB/5.1 GB   11 MB/s   5m29s[K[?25h[?2026l[?2026h[?25l[A[1Gpulling manifest [K
pulling 1849ef83c4dd:  29% ▕█████             ▏ 1.5 GB/5.1 GB   11 MB/s   5m29s[K[?25h[?2026l[?2026h[?25l[A[1Gpulling manifest [K
pulling 1849ef83c4dd:  29% ▕█████             ▏ 1.5 GB/5.1 GB   11 MB/s   5m29s[K[?25h[?2026l[?2026h[?25l[A[1Gpulling manifest [K
pulling 1849ef83c4dd:  29% ▕█████             ▏ 1.5 GB/5.1 GB   11 MB/s   5m28s[K[?25h[?2026l[?2026h[?25l[A[1Gpulling manifest [K
pulling 1849ef83c4dd:  29% ▕█████             ▏ 1.5 GB/5.1 GB   11 MB/s   5m28s[K[?25h[?2026l[?2026h[?25l[A[1Gpulling manifest [K
pulling 1849ef83c4dd:  29% ▕█████             ▏ 1.5 GB/5.1 GB   11 MB/s   5m28s[K[?25h[?2026l[?2026h[?25l[A[1Gpulling manifest [K
pulling 1849ef83c4dd:  29% ▕█████             ▏ 1.5 GB/5.1 GB   11 MB/s   5m28s[K[?25h[?2026l[?2026h[?25l[A[1Gpulling manifest [K
pulling 1849ef83c4dd:  29% ▕█████             ▏ 1.5 GB/5.1 GB   11 MB/s   5m28s[K[?25h[?2026l[?2026h[?25l[A[1Gpulling manifest [K
pulling 1849ef83c4dd:  29% ▕█████             ▏ 1.5 GB/5.1 GB   11 MB/s   5m28s[K[?25h[?2026l[?2026h[?25l[A[1Gpulling manifest [K
pulling 1849ef83c4dd:  29% ▕█████             ▏ 1.5 GB/5.1 GB   11 MB/s   5m28s[K[?25h[?2026l[?2026h[?25l[A[1Gpulling manifest [K
pulling 1849ef83c4dd:  29% ▕█████             ▏ 1.5 GB/5.1 GB   11 MB/s   5m23s[K[?25h[?2026l[?2026h[?25l[A[1Gpulling manifest [K
pulling 1849ef83c4dd:  29% ▕█████             ▏ 1.5 GB/5.1 GB   11 MB/s   5m23s[K[?25h[?2026l[?2026h[?25l[A[1Gpulling manifest [K
pulling 1849ef83c4dd:  29% ▕█████             ▏ 1.5 GB/5.1 GB   11 MB/s   5m23s[K[?25h[?2026l[?2026h[?25l[A[1Gpulling manifest [K
pulling 1849ef83c4dd:  29% ▕█████             ▏ 1.5 GB/5.1 GB   11 MB/s   5m23s[K[?25h[?2026l[?2026h[?25l[A[1Gpulling manifest [K
pulling 1849ef83c4dd:  29% ▕█████             ▏ 1.5 GB/5.1 GB   11 MB/s   5m23s[K[?25h[?2026l[?2026h[?25l[A[1Gpulling manifest [K
pulling 1849ef83c4dd:  29% ▕█████             ▏ 1.5 GB/5.1 GB   11 MB/s   5m23s[K[?25h[?2026l[?2026h[?25l[A[1Gpulling manifest [K
pulling 1849ef83c4dd:  29% ▕█████             ▏ 1.5 GB/5.1 GB   11 MB/s   5m23s[K[?25h[?2026l[?2026h[?25l[A[1Gpulling manifest [K
pulling 1849ef83c4dd:  29% ▕█████             ▏ 1.5 GB/5.1 GB   11 MB/s   5m23s[K[?25h[?2026l[?2026h[?25l[A[1Gpulling manifest [K
pulling 1849ef83c4dd:  29% ▕█████             ▏ 1.5 GB/5.1 GB   11 MB/s   5m22s[K[?25h[?2026l[?2026h[?25l[A[1Gpulling manifest [K
pulling 1849ef83c4dd:  29% ▕█████             ▏ 1.5 GB/5.1 GB   11 MB/s   5m22s[K[?25h[?2026l[?2026h[?25l[A[1Gpulling manifest [K
pulling 1849ef83c4dd:  29% ▕█████             ▏ 1.5 GB/5.1 GB   11 MB/s   5m21s[K[?25h[?2026l[?2026h[?25l[A[1Gpulling manifest [K
pulling 1849ef83c4dd:  29% ▕█████             ▏ 1.5 GB/5.1 GB   11 MB/s   5m21s[K[?25h[?2026l[?2026h[?25l[A[1Gpulling manifest [K
pulling 1849ef83c4dd:  29% ▕█████             ▏ 1.5 GB/5.1 GB   11 MB/s   5m21s[K[?25h[?2026l[?2026h[?25l[A[1Gpulling manifest [K
pulling 1849ef83c4dd:  29% ▕█████             ▏ 1.5 GB/5.1 GB   11 MB/s   5m21s[K[?25h[?2026l[?2026h[?25l[A[1Gpulling manifest [K
pulling 1849ef83c4dd:  29% ▕█████             ▏ 1.5 GB/5.1 GB   11 MB/s   5m20s[K[?25h[?2026l[?2026h[?25l[A[1Gpulling manifest [K
pulling 1849ef83c4dd:  29% ▕█████             ▏ 1.5 GB/5.1 GB   11 MB/s   5m20s[K[?25h[?2026l[?2026h[?25l[A[1Gpulling manifest [K
pulling 1849ef83c4dd:  29% ▕█████             ▏ 1.5 GB/5.1 GB   11 MB/s   5m20s[K[?25h[?2026l[?2026h[?25l[A[1Gpulling manifest [K
pulling 1849ef83c4dd:  29% ▕█████             ▏ 1.5 GB/5.1 GB   11 MB/s   5m20s[K[?25h[?2026l[?2026h[?25l[A[1Gpulling manifest [K
pulling 1849ef83c4dd:  29% ▕█████             ▏ 1.5 GB/5.1 GB   11 MB/s   5m20s[K[?25h[?2026l[?2026h[?25l[A[1Gpulling manifest [K
pulling 1849ef83c4dd:  29% ▕█████             ▏ 1.5 GB/5.1 GB   11 MB/s   5m20s[K[?25h[?2026l[?2026h[?25l[A[1Gpulling manifest [K
pulling 1849ef83c4dd:  29% ▕█████             ▏ 1.5 GB/5.1 GB   11 MB/s   5m24s[K[?25h[?2026l[?2026h[?25l[A[1Gpulling manifest [K
pulling 1849ef83c4dd:  29% ▕█████             ▏ 1.5 GB/5.1 GB   11 MB/s   5m24s[K[?25h[?2026l[?2026h[?25l[A[1Gpulling manifest [K
pulling 1849ef83c4dd:  29% ▕█████             ▏ 1.5 GB/5.1 GB   11 MB/s   5m24s[K[?25h[?2026l[?2026h[?25l[A[1Gpulling manifest [K
pulling 1849ef83c4dd:  29% ▕█████             ▏ 1.5 GB/5.1 GB   11 MB/s   5m24s[K[?25h[?2026l[?2026h[?25l[A[1Gpulling manifest [K
pulling 1849ef83c4dd:  29% ▕█████             ▏ 1.5 GB/5.1 GB   11 MB/s   5m24s[K[?25h[?2026l[?2026h[?25l[A[1Gpulling manifest [K
pulling 1849ef83c4dd:  29% ▕█████             ▏ 1.5 GB/5.1 GB   11 MB/s   5m24s[K[?25h[?2026l[?2026h[?25l[A[1Gpulling manifest [K
pulling 1849ef83c4dd:  29% ▕█████             ▏ 1.5 GB/5.1 GB   11 MB/s   5m24s[K[?25h[?2026l[?2026h[?25l[A[1Gpulling manifest [K
pulling 1849ef83c4dd:  29% ▕█████             ▏ 1.5 GB/5.1 GB   11 MB/s   5m24s[K[?25h[?2026l[?2026h[?25l[A[1Gpulling manifest [K
pulling 1849ef83c4dd:  29% ▕█████             ▏ 1.5 GB/5.1 GB   11 MB/s   5m23s[K[?25h[?2026l[?2026h[?25l[A[1Gpulling manifest [K
pulling 1849ef83c4dd:  29% ▕█████             ▏ 1.5 GB/5.1 GB   11 MB/s   5m23s[K[?25h[?2026l[?2026h[?25l[A[1Gpulling manifest [K
pulling 1849ef83c4dd:  29% ▕█████             ▏ 1.5 GB/5.1 GB   11 MB/s   5m23s[K[?25h[?2026l[?2026h[?25l[A[1Gpulling manifest [K
pulling 1849ef83c4dd:  29% ▕█████             ▏ 1.5 GB/5.1 GB   11 MB/s   5m20s[K[?25h[?2026l[?2026h[?25l[A[1Gpulling manifest [K
pulling 1849ef83c4dd:  29% ▕█████             ▏ 1.5 GB/5.1 GB   11 MB/s   5m20s[K[?25h[?2026l[?2026h[?25l[A[1Gpulling manifest [K
pulling 1849ef83c4dd:  30% ▕█████             ▏ 1.5 GB/5.1 GB   11 MB/s   5m20s[K[?25h[?2026l[?2026h[?25l[A[1Gpulling manifest [K
pulling 1849ef83c4dd:  30% ▕█████             ▏ 1.5 GB/5.1 GB   11 MB/s   5m20s[K[?25h[?2026l[?2026h[?25l[A[1Gpulling manifest [K
pulling 1849ef83c4dd:  30% ▕█████             ▏ 1.5 GB/5.1 GB   11 MB/s   5m19s[K[?25h[?2026l[?2026h[?25l[A[1Gpulling manifest [K
pulling 1849ef83c4dd:  30% ▕█████             ▏ 1.5 GB/5.1 GB   11 MB/s   5m19s[K[?25h[?2026l[?2026h[?25l[A[1Gpulling manifest [K
pulling 1849ef83c4dd:  30% ▕█████             ▏ 1.5 GB/5.1 GB   11 MB/s   5m19s[K[?25h[?2026l[?2026h[?25l[A[1Gpulling manifest [K
pulling 1849ef83c4dd:  30% ▕█████             ▏ 1.5 GB/5.1 GB   11 MB/s   5m19s[K[?25h[?2026l[?2026h[?25l[A[1Gpulling manifest [K
pulling 1849ef83c4dd:  30% ▕█████             ▏ 1.5 GB/5.1 GB   11 MB/s   5m19s[K[?25h[?2026l[?2026h[?25l[A[1Gpulling manifest [K
pulling 1849ef83c4dd:  30% ▕█████             ▏ 1.5 GB/5.1 GB   11 MB/s   5m19s[K[?25h[?2026l[?2026h[?25l[A[1Gpulling manifest [K
pulling 1849ef83c4dd:  30% ▕█████             ▏ 1.5 GB/5.1 GB   11 MB/s   5m17s[K[?25h[?2026l[?2026h[?25l[A[1Gpulling manifest [K
pulling 1849ef83c4dd:  30% ▕█████             ▏ 1.5 GB/5.1 GB   11 MB/s   5m17s[K[?25h[?2026l[?2026h[?25l[A[1Gpulling manifest [K
pulling 1849ef83c4dd:  30% ▕█████             ▏ 1.5 GB/5.1 GB   11 MB/s   5m17s[K[?25h[?2026l[?2026h[?25l[A[1Gpulling manifest [K
pulling 1849ef83c4dd:  30% ▕█████             ▏ 1.5 GB/5.1 GB   11 MB/s   5m17s[K[?25h[?2026l[?2026h[?25l[A[1Gpulling manifest [K
pulling 1849ef83c4dd:  30% ▕█████             ▏ 1.5 GB/5.1 GB   11 MB/s   5m17s[K[?25h[?2026l[?2026h[?25l[A[1Gpulling manifest [K
pulling 1849ef83c4dd:  30% ▕█████             ▏ 1.5 GB/5.1 GB   11 MB/s   5m17s[K[?25h[?2026l[?2026h[?25l[A[1Gpulling manifest [K
pulling 1849ef83c4dd:  30% ▕█████             ▏ 1.5 GB/5.1 GB   11 MB/s   5m17s[K[?25h[?2026l[?2026h[?25l[A[1Gpulling manifest [K
pulling 1849ef83c4dd:  30% ▕█████             ▏ 1.5 GB/5.1 GB   11 MB/s   5m17s[K[?25h[?2026l[?2026h[?25l[A[1Gpulling manifest [K
pulling 1849ef83c4dd:  30% ▕█████             ▏ 1.5 GB/5.1 GB   11 MB/s   5m17s[K[?25h[?2026l[?2026h[?25l[A[1Gpulling manifest [K
pulling 1849ef83c4dd:  30% ▕█████             ▏ 1.5 GB/5.1 GB   11 MB/s   5m16s[K[?25h[?2026l[?2026h[?25l[A[1Gpulling manifest [K
pulling 1849ef83c4dd:  30% ▕█████             ▏ 1.5 GB/5.1 GB   11 MB/s   5m15s[K[?25h[?2026l[?2026h[?25l[A[1Gpulling manifest [K
pulling 1849ef83c4dd:  30% ▕█████             ▏ 1.5 GB/5.1 GB   11 MB/s   5m14s[K[?25h[?2026l[?2026h[?25l[A[1Gpulling manifest [K
pulling 1849ef83c4dd:  30% ▕█████             ▏ 1.5 GB/5.1 GB   11 MB/s   5m14s[K[?25h[?2026l[?2026h[?25l[A[1Gpulling manifest [K
pulling 1849ef83c4dd:  30% ▕█████             ▏ 1.5 GB/5.1 GB   11 MB/s   5m14s[K[?25h[?2026l[?2026h[?25l[A[1Gpulling manifest [K
pulling 1849ef83c4dd:  30% ▕█████             ▏ 1.5 GB/5.1 GB   11 MB/s   5m14s[K[?25h[?2026l[?2026h[?25l[A[1Gpulling manifest [K
pulling 1849ef83c4dd:  30% ▕█████             ▏ 1.5 GB/5.1 GB   11 MB/s   5m14s[K[?25h[?2026l[?2026h[?25l[A[1Gpulling manifest [K
pulling 1849ef83c4dd:  30% ▕█████             ▏ 1.5 GB/5.1 GB   11 MB/s   5m14s[K[?25h[?2026l[?2026h[?25l[A[1Gpulling manifest [K
pulling 1849ef83c4dd:  30% ▕█████             ▏ 1.5 GB/5.1 GB   11 MB/s   5m14s[K[?25h[?2026l[?2026h[?25l[A[1Gpulling manifest [K
pulling 1849ef83c4dd:  30% ▕█████             ▏ 1.5 GB/5.1 GB   11 MB/s   5m14s[K[?25h[?2026l[?2026h[?25l[A[1Gpulling manifest [K
pulling 1849ef83c4dd:  30% ▕█████             ▏ 1.5 GB/5.1 GB   11 MB/s   5m14s[K[?25h[?2026l[?2026h[?25l[A[1Gpulling manifest [K
pulling 1849ef83c4dd:  30% ▕█████             ▏ 1.5 GB/5.1 GB   11 MB/s    5m8s[K[?25h[?2026l[?2026h[?25l[A[1Gpulling manifest [K
pulling 1849ef83c4dd:  30% ▕█████             ▏ 1.5 GB/5.1 GB   11 MB/s    5m8s[K[?25h[?2026l[?2026h[?25l[A[1Gpulling manifest [K
pulling 1849ef83c4dd:  30% ▕█████             ▏ 1.5 GB/5.1 GB   11 MB/s    5m8s[K[?25h[?2026l[?2026h[?25l[A[1Gpulling manifest [K
pulling 1849ef83c4dd:  30% ▕█████             ▏ 1.5 GB/5.1 GB   11 MB/s    5m7s[K[?25h[?2026l[?2026h[?25l[A[1Gpulling manifest [K
pulling 1849ef83c4dd:  30% ▕█████             ▏ 1.6 GB/5.1 GB   11 MB/s    5m7s[K[?25h[?2026l[?2026h[?25l[A[1Gpulling manifest [K
pulling 1849ef83c4dd:  30% ▕█████             ▏ 1.6 GB/5.1 GB   11 MB/s    5m7s[K[?25h[?2026l[?2026h[?25l[A[1Gpulling manifest [K
pulling 1849ef83c4dd:  30% ▕█████             ▏ 1.6 GB/5.1 GB   11 MB/s    5m7s[K[?25h[?2026l[?2026h[?25l[A[1Gpulling manifest [K
pulling 1849ef83c4dd:  30% ▕█████             ▏ 1.6 GB/5.1 GB   11 MB/s    5m7s[K[?25h[?2026l[?2026h[?25l[A[1Gpulling manifest [K
pulling 1849ef83c4dd:  30% ▕█████             ▏ 1.6 GB/5.1 GB   11 MB/s    5m7s[K[?25h[?2026l[?2026h[?25l[A[1Gpulling manifest [K
pulling 1849ef83c4dd:  30% ▕█████             ▏ 1.6 GB/5.1 GB   11 MB/s    5m7s[K[?25h[?2026l[?2026h[?25l[A[1Gpulling manifest [K
pulling 1849ef83c4dd:  30% ▕█████             ▏ 1.6 GB/5.1 GB   11 MB/s   5m11s[K[?25h[?2026l[?2026h[?25l[A[1Gpulling manifest [K
pulling 1849ef83c4dd:  30% ▕█████             ▏ 1.6 GB/5.1 GB   11 MB/s   5m11s[K[?25h[?2026l[?2026h[?25l[A[1Gpulling manifest [K
pulling 1849ef83c4dd:  30% ▕█████             ▏ 1.6 GB/5.1 GB   11 MB/s   5m11s[K[?25h[?2026l[?2026h[?25l[A[1Gpulling manifest [K
pulling 1849ef83c4dd:  30% ▕█████             ▏ 1.6 GB/5.1 GB   11 MB/s   5m11s[K[?25h[?2026l[?2026h[?25l[A[1Gpulling manifest [K
pulling 1849ef83c4dd:  30% ▕█████             ▏ 1.6 GB/5.1 GB   11 MB/s   5m11s[K[?25h[?2026l[?2026h[?25l[A[1Gpulling manifest [K
pulling 1849ef83c4dd:  30% ▕█████             ▏ 1.6 GB/5.1 GB   11 MB/s   5m11s[K[?25h[?2026l[?2026h[?25l[A[1Gpulling manifest [K
pulling 1849ef83c4dd:  30% ▕█████             ▏ 1.6 GB/5.1 GB   11 MB/s   5m11s[K[?25h[?2026l[?2026h[?25l[A[1Gpulling manifest [K
pulling 1849ef83c4dd:  30% ▕█████             ▏ 1.6 GB/5.1 GB   11 MB/s   5m11s[K[?25h[?2026l[?2026h[?25l[A[1Gpulling manifest [K
pulling 1849ef83c4dd:  30% ▕█████             ▏ 1.6 GB/5.1 GB   11 MB/s   5m11s[K[?25h[?2026l[?2026h[?25l[A[1Gpulling manifest [K
pulling 1849ef83c4dd:  30% ▕█████             ▏ 1.6 GB/5.1 GB   11 MB/s   5m10s[K[?25h[?2026l[?2026h[?25l[A[1Gpulling manifest [K
pulling 1849ef83c4dd:  30% ▕█████             ▏ 1.6 GB/5.1 GB   11 MB/s   5m10s[K[?25h[?2026l[?2026h[?25l[A[1Gpulling manifest [K
pulling 1849ef83c4dd:  30% ▕█████             ▏ 1.6 GB/5.1 GB   10 MB/s   5m32s[K[?25h[?2026l[?2026h[?25l[A[1Gpulling manifest [K
pulling 1849ef83c4dd:  30% ▕█████             ▏ 1.6 GB/5.1 GB   10 MB/s   5m32s[K[?25h[?2026l[?2026h[?25l[A[1Gpulling manifest [K
pulling 1849ef83c4dd:  31% ▕█████             ▏ 1.6 GB/5.1 GB   10 MB/s   5m32s[K[?25h[?2026l[?2026h[?25l[A[1Gpulling manifest [K
pulling 1849ef83c4dd:  31% ▕█████             ▏ 1.6 GB/5.1 GB   10 MB/s   5m32s[K[?25h[?2026l[?2026h[?25l[A[1Gpulling manifest [K
pulling 1849ef83c4dd:  31% ▕█████             ▏ 1.6 GB/5.1 GB   10 MB/s   5m32s[K[?25h[?2026l[?2026h[?25l[A[1Gpulling manifest [K
pulling 1849ef83c4dd:  31% ▕█████             ▏ 1.6 GB/5.1 GB   10 MB/s   5m32s[K[?25h[?2026l[?2026h[?25l[A[1Gpulling manifest [K
pulling 1849ef83c4dd:  31% ▕█████             ▏ 1.6 GB/5.1 GB   10 MB/s   5m32s[K[?25h[?2026l[?2026h[?25l[A[1Gpulling manifest [K
pulling 1849ef83c4dd:  31% ▕█████             ▏ 1.6 GB/5.1 GB   10 MB/s   5m32s[K[?25h[?2026l[?2026h[?25l[A[1Gpulling manifest [K
pulling 1849ef83c4dd:  31% ▕█████             ▏ 1.6 GB/5.1 GB   10 MB/s   5m32s[K[?25h[?2026l[?2026h[?25l[A[1Gpulling manifest [K
pulling 1849ef83c4dd:  31% ▕█████             ▏ 1.6 GB/5.1 GB   10 MB/s   5m31s[K[?25h[?2026l[?2026h[?25l[A[1Gpulling manifest [K
pulling 1849ef83c4dd:  31% ▕█████             ▏ 1.6 GB/5.1 GB   10 MB/s   5m39s[K[?25h[?2026l[?2026h[?25l[A[1Gpulling manifest [K
pulling 1849ef83c4dd:  31% ▕█████             ▏ 1.6 GB/5.1 GB   10 MB/s   5m38s[K[?25h[?2026l[?2026h[?25l[A[1Gpulling manifest [K
pulling 1849ef83c4dd:  31% ▕█████             ▏ 1.6 GB/5.1 GB   10 MB/s   5m38s[K[?25h[?2026l[?2026h[?25l[A[1Gpulling manifest [K
pulling 1849ef83c4dd:  31% ▕█████             ▏ 1.6 GB/5.1 GB   10 MB/s   5m38s[K[?25h[?2026l[?2026h[?25l[A[1Gpulling manifest [K
pulling 1849ef83c4dd:  31% ▕█████             ▏ 1.6 GB/5.1 GB   10 MB/s   5m38s[K[?25h[?2026l[?2026h[?25l[A[1Gpulling manifest [K
pulling 1849ef83c4dd:  31% ▕█████             ▏ 1.6 GB/5.1 GB   10 MB/s   5m38s[K[?25h[?2026l[?2026h[?25l[A[1Gpulling manifest [K
pulling 1849ef83c4dd:  31% ▕█████             ▏ 1.6 GB/5.1 GB   10 MB/s   5m38s[K[?25h[?2026l[?2026h[?25l[A[1Gpulling manifest [K
pulling 1849ef83c4dd:  31% ▕█████             ▏ 1.6 GB/5.1 GB   10 MB/s   5m38s[K[?25h[?2026l[?2026h[?25l[A[1Gpulling manifest [K
pulling 1849ef83c4dd:  31% ▕█████             ▏ 1.6 GB/5.1 GB   10 MB/s   5m38s[K[?25h[?2026l[?2026h[?25l[A[1Gpulling manifest [K
pulling 1849ef83c4dd:  31% ▕█████             ▏ 1.6 GB/5.1 GB   10 MB/s   5m37s[K[?25h[?2026l[?2026h[?25l[A[1Gpulling manifest [K
pulling 1849ef83c4dd:  31% ▕█████             ▏ 1.6 GB/5.1 GB   10 MB/s   5m32s[K[?25h[?2026l[?2026h[?25l[A[1Gpulling manifest [K
pulling 1849ef83c4dd:  31% ▕█████             ▏ 1.6 GB/5.1 GB   10 MB/s   5m31s[K[?25h[?2026l[?2026h[?25l[A[1Gpulling manifest [K
pulling 1849ef83c4dd:  31% ▕█████             ▏ 1.6 GB/5.1 GB   10 MB/s   5m31s[K[?25h[?2026l[?2026h[?25l[A[1Gpulling manifest [K
pulling 1849ef83c4dd:  31% ▕█████             ▏ 1.6 GB/5.1 GB   10 MB/s   5m31s[K[?25h[?2026l[?2026h[?25l[A[1Gpulling manifest [K
pulling 1849ef83c4dd:  31% ▕█████             ▏ 1.6 GB/5.1 GB   10 MB/s   5m31s[K[?25h[?2026l[?2026h[?25l[A[1Gpulling manifest [K
pulling 1849ef83c4dd:  31% ▕█████             ▏ 1.6 GB/5.1 GB   10 MB/s   5m31s[K[?25h[?2026l[?2026h[?25l[A[1Gpulling manifest [K
pulling 1849ef83c4dd:  31% ▕█████             ▏ 1.6 GB/5.1 GB   10 MB/s   5m31s[K[?25h[?2026l[?2026h[?25l[A[1Gpulling manifest [K
pulling 1849ef83c4dd:  31% ▕█████             ▏ 1.6 GB/5.1 GB   10 MB/s   5m31s[K[?25h[?2026l[?2026h[?25l[A[1Gpulling manifest [K
pulling 1849ef83c4dd:  31% ▕█████             ▏ 1.6 GB/5.1 GB   10 MB/s   5m31s[K[?25h[?2026l[?2026h[?25l[A[1Gpulling manifest [K
pulling 1849ef83c4dd:  31% ▕█████             ▏ 1.6 GB/5.1 GB   10 MB/s   5m31s[K[?25h[?2026l[?2026h[?25l[A[1Gpulling manifest [K
pulling 1849ef83c4dd:  31% ▕█████             ▏ 1.6 GB/5.1 GB   11 MB/s   5m20s[K[?25h[?2026l[?2026h[?25l[A[1Gpulling manifest [K
pulling 1849ef83c4dd:  31% ▕█████             ▏ 1.6 GB/5.1 GB   11 MB/s   5m20s[K[?25h[?2026l[?2026h[?25l[A[1Gpulling manifest [K
pulling 1849ef83c4dd:  31% ▕█████             ▏ 1.6 GB/5.1 GB   11 MB/s   5m20s[K[?25h[?2026l[?2026h[?25l[A[1Gpulling manifest [K
pulling 1849ef83c4dd:  31% ▕█████             ▏ 1.6 GB/5.1 GB   11 MB/s   5m20s[K[?25h[?2026l[?2026h[?25l[A[1Gpulling manifest [K
pulling 1849ef83c4dd:  31% ▕█████             ▏ 1.6 GB/5.1 GB   11 MB/s   5m20s[K[?25h[?2026l[?2026h[?25l[A[1Gpulling manifest [K
pulling 1849ef83c4dd:  31% ▕█████             ▏ 1.6 GB/5.1 GB   11 MB/s   5m20s[K[?25h[?2026l[?2026h[?25l[A[1Gpulling manifest [K
pulling 1849ef83c4dd:  31% ▕█████             ▏ 1.6 GB/5.1 GB   11 MB/s   5m20s[K[?25h[?2026l[?2026h[?25l[A[1Gpulling manifest [K
pulling 1849ef83c4dd:  31% ▕█████             ▏ 1.6 GB/5.1 GB   11 MB/s   5m20s[K[?25h[?2026l[?2026h[?25l[A[1Gpulling manifest [K
pulling 1849ef83c4dd:  31% ▕█████             ▏ 1.6 GB/5.1 GB   11 MB/s   5m20s[K[?25h[?2026l[?2026h[?25l[A[1Gpulling manifest [K
pulling 1849ef83c4dd:  31% ▕█████             ▏ 1.6 GB/5.1 GB   11 MB/s   5m19s[K[?25h[?2026l[?2026h[?25l[A[1Gpulling manifest [K
pulling 1849ef83c4dd:  31% ▕█████             ▏ 1.6 GB/5.1 GB   11 MB/s   5m19s[K[?25h[?2026l[?2026h[?25l[A[1Gpulling manifest [K
pulling 1849ef83c4dd:  31% ▕█████             ▏ 1.6 GB/5.1 GB   11 MB/s   5m19s[K[?25h[?2026l[?2026h[?25l[A[1Gpulling manifest [K
pulling 1849ef83c4dd:  31% ▕█████             ▏ 1.6 GB/5.1 GB   11 MB/s   5m19s[K[?25h[?2026l[?2026h[?25l[A[1Gpulling manifest [K
pulling 1849ef83c4dd:  31% ▕█████             ▏ 1.6 GB/5.1 GB   11 MB/s   5m18s[K[?25h[?2026l[?2026h[?25l[A[1Gpulling manifest [K
pulling 1849ef83c4dd:  32% ▕█████             ▏ 1.6 GB/5.1 GB   11 MB/s   5m18s[K[?25h[?2026l[?2026h[?25l[A[1Gpulling manifest [K
pulling 1849ef83c4dd:  32% ▕█████             ▏ 1.6 GB/5.1 GB   11 MB/s   5m18s[K[?25h[?2026l[?2026h[?25l[A[1Gpulling manifest [K
pulling 1849ef83c4dd:  32% ▕█████             ▏ 1.6 GB/5.1 GB   11 MB/s   5m18s[K[?25h[?2026l[?2026h[?25l[A[1Gpulling manifest [K
pulling 1849ef83c4dd:  32% ▕█████             ▏ 1.6 GB/5.1 GB   11 MB/s   5m18s[K[?25h[?2026l[?2026h[?25l[A[1Gpulling manifest [K
pulling 1849ef83c4dd:  32% ▕█████             ▏ 1.6 GB/5.1 GB   11 MB/s   5m18s[K[?25h[?2026l[?2026h[?25l[A[1Gpulling manifest [K
pulling 1849ef83c4dd:  32% ▕█████             ▏ 1.6 GB/5.1 GB   11 MB/s   5m18s[K[?25h[?2026l[?2026h[?25l[A[1Gpulling manifest [K
pulling 1849ef83c4dd:  32% ▕█████             ▏ 1.6 GB/5.1 GB   11 MB/s   5m18s[K[?25h[?2026l[?2026h[?25l[A[1Gpulling manifest [K
pulling 1849ef83c4dd:  32% ▕█████             ▏ 1.6 GB/5.1 GB   11 MB/s   5m16s[K[?25h[?2026l[?2026h[?25l[A[1Gpulling manifest [K
pulling 1849ef83c4dd:  32% ▕█████             ▏ 1.6 GB/5.1 GB   11 MB/s   5m16s[K[?25h[?2026l[?2026h[?25l[A[1Gpulling manifest [K
pulling 1849ef83c4dd:  32% ▕█████             ▏ 1.6 GB/5.1 GB   11 MB/s   5m16s[K[?25h[?2026l[?2026h[?25l[A[1Gpulling manifest [K
pulling 1849ef83c4dd:  32% ▕█████             ▏ 1.6 GB/5.1 GB   11 MB/s   5m16s[K[?25h[?2026l[?2026h[?25l[A[1Gpulling manifest [K
pulling 1849ef83c4dd:  32% ▕█████             ▏ 1.6 GB/5.1 GB   11 MB/s   5m16s[K[?25h[?2026l[?2026h[?25l[A[1Gpulling manifest [K
pulling 1849ef83c4dd:  32% ▕█████             ▏ 1.6 GB/5.1 GB   11 MB/s   5m15s[K[?25h[?2026l[?2026h[?25l[A[1Gpulling manifest [K
pulling 1849ef83c4dd:  32% ▕█████             ▏ 1.6 GB/5.1 GB   11 MB/s   5m15s[K[?25h[?2026l[?2026h[?25l[A[1Gpulling manifest [K
pulling 1849ef83c4dd:  32% ▕█████             ▏ 1.6 GB/5.1 GB   11 MB/s   5m15s[K[?25h[?2026l[?2026h[?25l[A[1Gpulling manifest [K
pulling 1849ef83c4dd:  32% ▕█████             ▏ 1.6 GB/5.1 GB   11 MB/s   5m15s[K[?25h[?2026l[?2026h[?25l[A[1Gpulling manifest [K
pulling 1849ef83c4dd:  32% ▕█████             ▏ 1.6 GB/5.1 GB   11 MB/s   5m15s[K[?25h[?2026l[?2026h[?25l[A[1Gpulling manifest [K
pulling 1849ef83c4dd:  32% ▕█████             ▏ 1.6 GB/5.1 GB   11 MB/s   5m15s[K[?25h[?2026l[?2026h[?25l[A[1Gpulling manifest [K
pulling 1849ef83c4dd:  32% ▕█████             ▏ 1.6 GB/5.1 GB   11 MB/s   5m15s[K[?25h[?2026l[?2026h[?25l[A[1Gpulling manifest [K
pulling 1849ef83c4dd:  32% ▕█████             ▏ 1.6 GB/5.1 GB   11 MB/s   5m15s[K[?25h[?2026l[?2026h[?25l[A[1Gpulling manifest [K
pulling 1849ef83c4dd:  32% ▕█████             ▏ 1.6 GB/5.1 GB   11 MB/s   5m15s[K[?25h[?2026l[?2026h[?25l[A[1Gpulling manifest [K
pulling 1849ef83c4dd:  32% ▕█████             ▏ 1.6 GB/5.1 GB   11 MB/s   5m15s[K[?25h[?2026l[?2026h[?25l[A[1Gpulling manifest [K
pulling 1849ef83c4dd:  32% ▕█████             ▏ 1.6 GB/5.1 GB   11 MB/s   5m15s[K[?25h[?2026l[?2026h[?25l[A[1Gpulling manifest [K
pulling 1849ef83c4dd:  32% ▕█████             ▏ 1.6 GB/5.1 GB   11 MB/s   5m15s[K[?25h[?2026l[?2026h[?25l[A[1Gpulling manifest [K
pulling 1849ef83c4dd:  32% ▕█████             ▏ 1.6 GB/5.1 GB   11 MB/s   5m15s[K[?25h[?2026l[?2026h[?25l[A[1Gpulling manifest [K
pulling 1849ef83c4dd:  32% ▕█████             ▏ 1.6 GB/5.1 GB   11 MB/s   5m14s[K[?25h[?2026l[?2026h[?25l[A[1Gpulling manifest [K
pulling 1849ef83c4dd:  32% ▕█████             ▏ 1.6 GB/5.1 GB   11 MB/s   5m14s[K[?25h[?2026l[?2026h[?25l[A[1Gpulling manifest [K
pulling 1849ef83c4dd:  32% ▕█████             ▏ 1.6 GB/5.1 GB   11 MB/s    5m5s[K[?25h[?2026l[?2026h[?25l[A[1Gpulling manifest [K
pulling 1849ef83c4dd:  32% ▕█████             ▏ 1.7 GB/5.1 GB   11 MB/s    5m5s[K[?25h[?2026l[?2026h[?25l[A[1Gpulling manifest [K
pulling 1849ef83c4dd:  32% ▕█████             ▏ 1.7 GB/5.1 GB   11 MB/s    5m5s[K[?25h[?2026l[?2026h[?25l[A[1Gpulling manifest [K
pulling 1849ef83c4dd:  32% ▕█████             ▏ 1.7 GB/5.1 GB   11 MB/s    5m5s[K[?25h[?2026l[?2026h[?25l[A[1Gpulling manifest [K
pulling 1849ef83c4dd:  32% ▕█████             ▏ 1.7 GB/5.1 GB   11 MB/s    5m5s[K[?25h[?2026l[?2026h[?25l[A[1Gpulling manifest [K
pulling 1849ef83c4dd:  32% ▕█████             ▏ 1.7 GB/5.1 GB   11 MB/s    5m5s[K[?25h[?2026l[?2026h[?25l[A[1Gpulling manifest [K
pulling 1849ef83c4dd:  32% ▕█████             ▏ 1.7 GB/5.1 GB   11 MB/s    5m4s[K[?25h[?2026l[?2026h[?25l[A[1Gpulling manifest [K
pulling 1849ef83c4dd:  32% ▕█████             ▏ 1.7 GB/5.1 GB   11 MB/s    5m4s[K[?25h[?2026l[?2026h[?25l[A[1Gpulling manifest [K
pulling 1849ef83c4dd:  32% ▕█████             ▏ 1.7 GB/5.1 GB   11 MB/s    5m4s[K[?25h[?2026l[?2026h[?25l[A[1Gpulling manifest [K
pulling 1849ef83c4dd:  32% ▕█████             ▏ 1.7 GB/5.1 GB   11 MB/s    5m4s[K[?25h[?2026l[?2026h[?25l[A[1Gpulling manifest [K
pulling 1849ef83c4dd:  32% ▕█████             ▏ 1.7 GB/5.1 GB   11 MB/s   4m57s[K[?25h[?2026l[?2026h[?25l[A[1Gpulling manifest [K
pulling 1849ef83c4dd:  32% ▕█████             ▏ 1.7 GB/5.1 GB   11 MB/s   4m57s[K[?25h[?2026l[?2026h[?25l[A[1Gpulling manifest [K
pulling 1849ef83c4dd:  32% ▕█████             ▏ 1.7 GB/5.1 GB   11 MB/s   4m57s[K[?25h[?2026l[?2026h[?25l[A[1Gpulling manifest [K
pulling 1849ef83c4dd:  32% ▕█████             ▏ 1.7 GB/5.1 GB   11 MB/s   4m57s[K[?25h[?2026l[?2026h[?25l[A[1Gpulling manifest [K
pulling 1849ef83c4dd:  32% ▕█████             ▏ 1.7 GB/5.1 GB   11 MB/s   4m57s[K[?25h[?2026l[?2026h[?25l[A[1Gpulling manifest [K
pulling 1849ef83c4dd:  33% ▕█████             ▏ 1.7 GB/5.1 GB   11 MB/s   4m57s[K[?25h[?2026l[?2026h[?25l[A[1Gpulling manifest [K
pulling 1849ef83c4dd:  33% ▕█████             ▏ 1.7 GB/5.1 GB   11 MB/s   4m57s[K[?25h[?2026l[?2026h[?25l[A[1Gpulling manifest [K
pulling 1849ef83c4dd:  33% ▕█████             ▏ 1.7 GB/5.1 GB   11 MB/s   4m57s[K[?25h[?2026l[?2026h[?25l[A[1Gpulling manifest [K
pulling 1849ef83c4dd:  33% ▕█████             ▏ 1.7 GB/5.1 GB   11 MB/s   4m57s[K[?25h[?2026l[?2026h[?25l[A[1Gpulling manifest [K
pulling 1849ef83c4dd:  33% ▕█████             ▏ 1.7 GB/5.1 GB   11 MB/s   4m56s[K[?25h[?2026l[?2026h[?25l[A[1Gpulling manifest [K
pulling 1849ef83c4dd:  33% ▕█████             ▏ 1.7 GB/5.1 GB   12 MB/s   4m39s[K[?25h[?2026l[?2026h[?25l[A[1Gpulling manifest [K
pulling 1849ef83c4dd:  33% ▕█████             ▏ 1.7 GB/5.1 GB   12 MB/s   4m39s[K[?25h[?2026l[?2026h[?25l[A[1Gpulling manifest [K
pulling 1849ef83c4dd:  33% ▕█████             ▏ 1.7 GB/5.1 GB   12 MB/s   4m39s[K[?25h[?2026l[?2026h[?25l[A[1Gpulling manifest [K
pulling 1849ef83c4dd:  33% ▕█████             ▏ 1.7 GB/5.1 GB   12 MB/s   4m39s[K[?25h[?2026l[?2026h[?25l[A[1Gpulling manifest [K
pulling 1849ef83c4dd:  33% ▕█████             ▏ 1.7 GB/5.1 GB   12 MB/s   4m39s[K[?25h[?2026l[?2026h[?25l[A[1Gpulling manifest [K
pulling 1849ef83c4dd:  33% ▕█████             ▏ 1.7 GB/5.1 GB   12 MB/s   4m39s[K[?25h[?2026l[?2026h[?25l[A[1Gpulling manifest [K
pulling 1849ef83c4dd:  33% ▕█████             ▏ 1.7 GB/5.1 GB   12 MB/s   4m39s[K[?25h[?2026l[?2026h[?25l[A[1Gpulling manifest [K
pulling 1849ef83c4dd:  33% ▕█████             ▏ 1.7 GB/5.1 GB   12 MB/s   4m39s[K[?25h[?2026l[?2026h[?25l[A[1Gpulling manifest [K
pulling 1849ef83c4dd:  33% ▕█████             ▏ 1.7 GB/5.1 GB   12 MB/s   4m38s[K[?25h[?2026l[?2026h[?25l[A[1Gpulling manifest [K
pulling 1849ef83c4dd:  33% ▕█████             ▏ 1.7 GB/5.1 GB   12 MB/s   4m38s[K[?25h[?2026l[?2026h[?25l[A[1Gpulling manifest [K
pulling 1849ef83c4dd:  33% ▕█████             ▏ 1.7 GB/5.1 GB   12 MB/s   4m38s[K[?25h[?2026l[?2026h[?25l[A[1Gpulling manifest [K
pulling 1849ef83c4dd:  33% ▕█████             ▏ 1.7 GB/5.1 GB   12 MB/s   4m30s[K[?25h[?2026l[?2026h[?25l[A[1Gpulling manifest [K
pulling 1849ef83c4dd:  33% ▕█████             ▏ 1.7 GB/5.1 GB   12 MB/s   4m30s[K[?25h[?2026l[?2026h[?25l[A[1Gpulling manifest [K
pulling 1849ef83c4dd:  33% ▕█████             ▏ 1.7 GB/5.1 GB   12 MB/s   4m30s[K[?25h[?2026l[?2026h[?25l[A[1Gpulling manifest [K
pulling 1849ef83c4dd:  33% ▕█████             ▏ 1.7 GB/5.1 GB   12 MB/s   4m30s[K[?25h[?2026l[?2026h[?25l[A[1Gpulling manifest [K
pulling 1849ef83c4dd:  33% ▕█████             ▏ 1.7 GB/5.1 GB   12 MB/s   4m30s[K[?25h[?2026l[?2026h[?25l[A[1Gpulling manifest [K
pulling 1849ef83c4dd:  33% ▕█████             ▏ 1.7 GB/5.1 GB   12 MB/s   4m30s[K[?25h[?2026l[?2026h[?25l[A[1Gpulling manifest [K
pulling 1849ef83c4dd:  33% ▕█████             ▏ 1.7 GB/5.1 GB   12 MB/s   4m30s[K[?25h[?2026l[?2026h[?25l[A[1Gpulling manifest [K
pulling 1849ef83c4dd:  33% ▕█████             ▏ 1.7 GB/5.1 GB   12 MB/s   4m30s[K[?25h[?2026l[?2026h[?25l[A[1Gpulling manifest [K
pulling 1849ef83c4dd:  33% ▕█████             ▏ 1.7 GB/5.1 GB   12 MB/s   4m30s[K[?25h[?2026l[?2026h[?25l[A[1Gpulling manifest [K
pulling 1849ef83c4dd:  33% ▕█████             ▏ 1.7 GB/5.1 GB   12 MB/s   4m29s[K[?25h[?2026l[?2026h[?25l[A[1Gpulling manifest [K
pulling 1849ef83c4dd:  33% ▕█████             ▏ 1.7 GB/5.1 GB   12 MB/s   4m31s[K[?25h[?2026l[?2026h[?25l[A[1Gpulling manifest [K
pulling 1849ef83c4dd:  33% ▕█████             ▏ 1.7 GB/5.1 GB   12 MB/s   4m31s[K[?25h[?2026l[?2026h[?25l[A[1Gpulling manifest [K
pulling 1849ef83c4dd:  33% ▕█████             ▏ 1.7 GB/5.1 GB   12 MB/s   4m31s[K[?25h[?2026l[?2026h[?25l[A[1Gpulling manifest [K
pulling 1849ef83c4dd:  33% ▕█████             ▏ 1.7 GB/5.1 GB   12 MB/s   4m31s[K[?25h[?2026l[?2026h[?25l[A[1Gpulling manifest [K
pulling 1849ef83c4dd:  33% ▕█████             ▏ 1.7 GB/5.1 GB   12 MB/s   4m31s[K[?25h[?2026l[?2026h[?25l[A[1Gpulling manifest [K
pulling 1849ef83c4dd:  33% ▕█████             ▏ 1.7 GB/5.1 GB   12 MB/s   4m30s[K[?25h[?2026l[?2026h[?25l[A[1Gpulling manifest [K
pulling 1849ef83c4dd:  33% ▕█████             ▏ 1.7 GB/5.1 GB   12 MB/s   4m30s[K[?25h[?2026l[?2026h[?25l[A[1Gpulling manifest [K
pulling 1849ef83c4dd:  33% ▕█████             ▏ 1.7 GB/5.1 GB   12 MB/s   4m30s[K[?25h[?2026l[?2026h[?25l[A[1Gpulling manifest [K
pulling 1849ef83c4dd:  33% ▕█████             ▏ 1.7 GB/5.1 GB   12 MB/s   4m30s[K[?25h[?2026l[?2026h[?25l[A[1Gpulling manifest [K
pulling 1849ef83c4dd:  33% ▕██████            ▏ 1.7 GB/5.1 GB   12 MB/s   4m30s[K[?25h[?2026l[?2026h[?25l[A[1Gpulling manifest [K
pulling 1849ef83c4dd:  33% ▕██████            ▏ 1.7 GB/5.1 GB   12 MB/s   4m30s[K[?25h[?2026l[?2026h[?25l[A[1Gpulling manifest [K
pulling 1849ef83c4dd:  33% ▕██████            ▏ 1.7 GB/5.1 GB   12 MB/s   4m30s[K[?25h[?2026l[?2026h[?25l[A[1Gpulling manifest [K
pulling 1849ef83c4dd:  33% ▕██████            ▏ 1.7 GB/5.1 GB   12 MB/s   4m30s[K[?25h[?2026l[?2026h[?25l[A[1Gpulling manifest [K
pulling 1849ef83c4dd:  33% ▕██████            ▏ 1.7 GB/5.1 GB   12 MB/s   4m30s[K[?25h[?2026l[?2026h[?25l[A[1Gpulling manifest [K
pulling 1849ef83c4dd:  33% ▕██████            ▏ 1.7 GB/5.1 GB   12 MB/s   4m30s[K[?25h[?2026l[?2026h[?25l[A[1Gpulling manifest [K
pulling 1849ef83c4dd:  34% ▕██████            ▏ 1.7 GB/5.1 GB   12 MB/s   4m30s[K[?25h[?2026l[?2026h[?25l[A[1Gpulling manifest [K
pulling 1849ef83c4dd:  34% ▕██████            ▏ 1.7 GB/5.1 GB   12 MB/s   4m29s[K[?25h[?2026l[?2026h[?25l[A[1Gpulling manifest [K
pulling 1849ef83c4dd:  34% ▕██████            ▏ 1.7 GB/5.1 GB   12 MB/s   4m29s[K[?25h[?2026l[?2026h[?25l[A[1Gpulling manifest [K
pulling 1849ef83c4dd:  34% ▕██████            ▏ 1.7 GB/5.1 GB   12 MB/s   4m29s[K[?25h[?2026l[?2026h[?25l[A[1Gpulling manifest [K
pulling 1849ef83c4dd:  34% ▕██████            ▏ 1.7 GB/5.1 GB   12 MB/s   4m29s[K[?25h[?2026l[?2026h[?25l[A[1Gpulling manifest [K
pulling 1849ef83c4dd:  34% ▕██████            ▏ 1.7 GB/5.1 GB   12 MB/s   4m28s[K[?25h[?2026l[?2026h[?25l[A[1Gpulling manifest [K
pulling 1849ef83c4dd:  34% ▕██████            ▏ 1.7 GB/5.1 GB   12 MB/s   4m28s[K[?25h[?2026l[?2026h[?25l[A[1Gpulling manifest [K
pulling 1849ef83c4dd:  34% ▕██████            ▏ 1.7 GB/5.1 GB   12 MB/s   4m28s[K[?25h[?2026l[?2026h[?25l[A[1Gpulling manifest [K
pulling 1849ef83c4dd:  34% ▕██████            ▏ 1.7 GB/5.1 GB   12 MB/s   4m27s[K[?25h[?2026l[?2026h[?25l[A[1Gpulling manifest [K
pulling 1849ef83c4dd:  34% ▕██████            ▏ 1.7 GB/5.1 GB   12 MB/s   4m27s[K[?25h[?2026l[?2026h[?25l[A[1Gpulling manifest [K
pulling 1849ef83c4dd:  34% ▕██████            ▏ 1.7 GB/5.1 GB   12 MB/s   4m27s[K[?25h[?2026l[?2026h[?25l[A[1Gpulling manifest [K
pulling 1849ef83c4dd:  34% ▕██████            ▏ 1.7 GB/5.1 GB   12 MB/s   4m27s[K[?25h[?2026l[?2026h[?25l[A[1Gpulling manifest [K
pulling 1849ef83c4dd:  34% ▕██████            ▏ 1.7 GB/5.1 GB   12 MB/s   4m27s[K[?25h[?2026l[?2026h[?25l[A[1Gpulling manifest [K
pulling 1849ef83c4dd:  34% ▕██████            ▏ 1.7 GB/5.1 GB   12 MB/s   4m27s[K[?25h[?2026l[?2026h[?25l[A[1Gpulling manifest [K
pulling 1849ef83c4dd:  34% ▕██████            ▏ 1.7 GB/5.1 GB   12 MB/s   4m27s[K[?25h[?2026l[?2026h[?25l[A[1Gpulling manifest [K
pulling 1849ef83c4dd:  34% ▕██████            ▏ 1.7 GB/5.1 GB   12 MB/s   4m26s[K[?25h[?2026l[?2026h[?25l[A[1Gpulling manifest [K
pulling 1849ef83c4dd:  34% ▕██████            ▏ 1.7 GB/5.1 GB   12 MB/s   4m26s[K[?25h[?2026l[?2026h[?25l[A[1Gpulling manifest [K
pulling 1849ef83c4dd:  34% ▕██████            ▏ 1.7 GB/5.1 GB   12 MB/s   4m26s[K[?25h[?2026l[?2026h[?25l[A[1Gpulling manifest [K
pulling 1849ef83c4dd:  34% ▕██████            ▏ 1.7 GB/5.1 GB   12 MB/s   4m26s[K[?25h[?2026l[?2026h[?25l[A[1Gpulling manifest [K
pulling 1849ef83c4dd:  34% ▕██████            ▏ 1.7 GB/5.1 GB   12 MB/s   4m26s[K[?25h[?2026l[?2026h[?25l[A[1Gpulling manifest [K
pulling 1849ef83c4dd:  34% ▕██████            ▏ 1.7 GB/5.1 GB   12 MB/s   4m26s[K[?25h[?2026l[?2026h[?25l[A[1Gpulling manifest [K
pulling 1849ef83c4dd:  34% ▕██████            ▏ 1.7 GB/5.1 GB   12 MB/s   4m26s[K[?25h[?2026l[?2026h[?25l[A[1Gpulling manifest [K
pulling 1849ef83c4dd:  34% ▕██████            ▏ 1.7 GB/5.1 GB   12 MB/s   4m26s[K[?25h[?2026l[?2026h[?25l[A[1Gpulling manifest [K
pulling 1849ef83c4dd:  34% ▕██████            ▏ 1.7 GB/5.1 GB   12 MB/s   4m26s[K[?25h[?2026l[?2026h[?25l[A[1Gpulling manifest [K
pulling 1849ef83c4dd:  34% ▕██████            ▏ 1.7 GB/5.1 GB   12 MB/s   4m26s[K[?25h[?2026l[?2026h[?25l[A[1Gpulling manifest [K
pulling 1849ef83c4dd:  34% ▕██████            ▏ 1.8 GB/5.1 GB   12 MB/s   4m25s[K[?25h[?2026l[?2026h[?25l[A[1Gpulling manifest [K
pulling 1849ef83c4dd:  34% ▕██████            ▏ 1.8 GB/5.1 GB   12 MB/s   4m23s[K[?25h[?2026l[?2026h[?25l[A[1Gpulling manifest [K
pulling 1849ef83c4dd:  34% ▕██████            ▏ 1.8 GB/5.1 GB   12 MB/s   4m23s[K[?25h[?2026l[?2026h[?25l[A[1Gpulling manifest [K
pulling 1849ef83c4dd:  34% ▕██████            ▏ 1.8 GB/5.1 GB   12 MB/s   4m23s[K[?25h[?2026l[?2026h[?25l[A[1Gpulling manifest [K
pulling 1849ef83c4dd:  34% ▕██████            ▏ 1.8 GB/5.1 GB   12 MB/s   4m23s[K[?25h[?2026l[?2026h[?25l[A[1Gpulling manifest [K
pulling 1849ef83c4dd:  34% ▕██████            ▏ 1.8 GB/5.1 GB   12 MB/s   4m23s[K[?25h[?2026l[?2026h[?25l[A[1Gpulling manifest [K
pulling 1849ef83c4dd:  34% ▕██████            ▏ 1.8 GB/5.1 GB   12 MB/s   4m23s[K[?25h[?2026l[?2026h[?25l[A[1Gpulling manifest [K
pulling 1849ef83c4dd:  34% ▕██████            ▏ 1.8 GB/5.1 GB   12 MB/s   4m23s[K[?25h[?2026l[?2026h[?25l[A[1Gpulling manifest [K
pulling 1849ef83c4dd:  34% ▕██████            ▏ 1.8 GB/5.1 GB   12 MB/s   4m23s[K[?25h[?2026l[?2026h[?25l[A[1Gpulling manifest [K
pulling 1849ef83c4dd:  34% ▕██████            ▏ 1.8 GB/5.1 GB   12 MB/s   4m23s[K[?25h[?2026l[?2026h[?25l[A[1Gpulling manifest [K
pulling 1849ef83c4dd:  34% ▕██████            ▏ 1.8 GB/5.1 GB   12 MB/s   4m22s[K[?25h[?2026l[?2026h[?25l[A[1Gpulling manifest [K
pulling 1849ef83c4dd:  34% ▕██████            ▏ 1.8 GB/5.1 GB   12 MB/s   4m22s[K[?25h[?2026l[?2026h[?25l[A[1Gpulling manifest [K
pulling 1849ef83c4dd:  34% ▕██████            ▏ 1.8 GB/5.1 GB   12 MB/s   4m22s[K[?25h[?2026l[?2026h[?25l[A[1Gpulling manifest [K
pulling 1849ef83c4dd:  34% ▕██████            ▏ 1.8 GB/5.1 GB   12 MB/s   4m22s[K[?25h[?2026l[?2026h[?25l[A[1Gpulling manifest [K
pulling 1849ef83c4dd:  34% ▕██████            ▏ 1.8 GB/5.1 GB   12 MB/s   4m22s[K[?25h[?2026l[?2026h[?25l[A[1Gpulling manifest [K
pulling 1849ef83c4dd:  34% ▕██████            ▏ 1.8 GB/5.1 GB   12 MB/s   4m22s[K[?25h[?2026l[?2026h[?25l[A[1Gpulling manifest [K
pulling 1849ef83c4dd:  35% ▕██████            ▏ 1.8 GB/5.1 GB   12 MB/s   4m22s[K[?25h[?2026l[?2026h[?25l[A[1Gpulling manifest [K
pulling 1849ef83c4dd:  35% ▕██████            ▏ 1.8 GB/5.1 GB   12 MB/s   4m22s[K[?25h[?2026l[?2026h[?25l[A[1Gpulling manifest [K
pulling 1849ef83c4dd:  35% ▕██████            ▏ 1.8 GB/5.1 GB   12 MB/s   4m22s[K[?25h[?2026l[?2026h[?25l[A[1Gpulling manifest [K
pulling 1849ef83c4dd:  35% ▕██████            ▏ 1.8 GB/5.1 GB   12 MB/s   4m22s[K[?25h[?2026l[?2026h[?25l[A[1Gpulling manifest [K
pulling 1849ef83c4dd:  35% ▕██████            ▏ 1.8 GB/5.1 GB   12 MB/s   4m21s[K[?25h[?2026l[?2026h[?25l[A[1Gpulling manifest [K
pulling 1849ef83c4dd:  35% ▕██████            ▏ 1.8 GB/5.1 GB   12 MB/s   4m23s[K[?25h[?2026l[?2026h[?25l[A[1Gpulling manifest [K
pulling 1849ef83c4dd:  35% ▕██████            ▏ 1.8 GB/5.1 GB   12 MB/s   4m23s[K[?25h[?2026l[?2026h[?25l[A[1Gpulling manifest [K
pulling 1849ef83c4dd:  35% ▕██████            ▏ 1.8 GB/5.1 GB   12 MB/s   4m23s[K[?25h[?2026l[?2026h[?25l[A[1Gpulling manifest [K
pulling 1849ef83c4dd:  35% ▕██████            ▏ 1.8 GB/5.1 GB   12 MB/s   4m23s[K[?25h[?2026l[?2026h[?25l[A[1Gpulling manifest [K
pulling 1849ef83c4dd:  35% ▕██████            ▏ 1.8 GB/5.1 GB   12 MB/s   4m23s[K[?25h[?2026l[?2026h[?25l[A[1Gpulling manifest [K
pulling 1849ef83c4dd:  35% ▕██████            ▏ 1.8 GB/5.1 GB   12 MB/s   4m23s[K[?25h[?2026l[?2026h[?25l[A[1Gpulling manifest [K
pulling 1849ef83c4dd:  35% ▕██████            ▏ 1.8 GB/5.1 GB   12 MB/s   4m22s[K[?25h[?2026l[?2026h[?25l[A[1Gpulling manifest [K
pulling 1849ef83c4dd:  35% ▕██████            ▏ 1.8 GB/5.1 GB   12 MB/s   4m22s[K[?25h[?2026l[?2026h[?25l[A[1Gpulling manifest [K
pulling 1849ef83c4dd:  35% ▕██████            ▏ 1.8 GB/5.1 GB   12 MB/s   4m22s[K[?25h[?2026l[?2026h[?25l[A[1Gpulling manifest [K
pulling 1849ef83c4dd:  35% ▕██████            ▏ 1.8 GB/5.1 GB   12 MB/s   4m22s[K[?25h[?2026l[?2026h[?25l[A[1Gpulling manifest [K
pulling 1849ef83c4dd:  35% ▕██████            ▏ 1.8 GB/5.1 GB   12 MB/s   4m22s[K[?25h[?2026l[?2026h[?25l[A[1Gpulling manifest [K
pulling 1849ef83c4dd:  35% ▕██████            ▏ 1.8 GB/5.1 GB   12 MB/s   4m22s[K[?25h[?2026l[?2026h[?25l[A[1Gpulling manifest [K
pulling 1849ef83c4dd:  35% ▕██████            ▏ 1.8 GB/5.1 GB   12 MB/s   4m22s[K[?25h[?2026l[?2026h[?25l[A[1Gpulling manifest [K
pulling 1849ef83c4dd:  35% ▕██████            ▏ 1.8 GB/5.1 GB   12 MB/s   4m22s[K[?25h[?2026l[?2026h[?25l[A[1Gpulling manifest [K
pulling 1849ef83c4dd:  35% ▕██████            ▏ 1.8 GB/5.1 GB   12 MB/s   4m22s[K[?25h[?2026l[?2026h[?25l[A[1Gpulling manifest [K
pulling 1849ef83c4dd:  35% ▕██████            ▏ 1.8 GB/5.1 GB   12 MB/s   4m22s[K[?25h[?2026l[?2026h[?25l[A[1Gpulling manifest [K
pulling 1849ef83c4dd:  35% ▕██████            ▏ 1.8 GB/5.1 GB   12 MB/s   4m22s[K[?25h[?2026l[?2026h[?25l[A[1Gpulling manifest [K
pulling 1849ef83c4dd:  35% ▕██████            ▏ 1.8 GB/5.1 GB   12 MB/s   4m22s[K[?25h[?2026l[?2026h[?25l[A[1Gpulling manifest [K
pulling 1849ef83c4dd:  35% ▕██████            ▏ 1.8 GB/5.1 GB   12 MB/s   4m22s[K[?25h[?2026l[?2026h[?25l[A[1Gpulling manifest [K
pulling 1849ef83c4dd:  35% ▕██████            ▏ 1.8 GB/5.1 GB   12 MB/s   4m22s[K[?25h[?2026l[?2026h[?25l[A[1Gpulling manifest [K
pulling 1849ef83c4dd:  35% ▕██████            ▏ 1.8 GB/5.1 GB   12 MB/s   4m26s[K[?25h[?2026l[?2026h[?25l[A[1Gpulling manifest [K
pulling 1849ef83c4dd:  35% ▕██████            ▏ 1.8 GB/5.1 GB   12 MB/s   4m25s[K[?25h[?2026l[?2026h[?25l[A[1Gpulling manifest [K
pulling 1849ef83c4dd:  35% ▕██████            ▏ 1.8 GB/5.1 GB   12 MB/s   4m25s[K[?25h[?2026l[?2026h[?25l[A[1Gpulling manifest [K
pulling 1849ef83c4dd:  35% ▕██████            ▏ 1.8 GB/5.1 GB   12 MB/s   4m25s[K[?25h[?2026l[?2026h[?25l[A[1Gpulling manifest [K
pulling 1849ef83c4dd:  35% ▕██████            ▏ 1.8 GB/5.1 GB   12 MB/s   4m25s[K[?25h[?2026l[?2026h[?25l[A[1Gpulling manifest [K
pulling 1849ef83c4dd:  35% ▕██████            ▏ 1.8 GB/5.1 GB   12 MB/s   4m25s[K[?25h[?2026l[?2026h[?25l[A[1Gpulling manifest [K
pulling 1849ef83c4dd:  35% ▕██████            ▏ 1.8 GB/5.1 GB   12 MB/s   4m25s[K[?25h[?2026l[?2026h[?25l[A[1Gpulling manifest [K
pulling 1849ef83c4dd:  35% ▕██████            ▏ 1.8 GB/5.1 GB   12 MB/s   4m25s[K[?25h[?2026l[?2026h[?25l[A[1Gpulling manifest [K
pulling 1849ef83c4dd:  35% ▕██████            ▏ 1.8 GB/5.1 GB   12 MB/s   4m25s[K[?25h[?2026l[?2026h[?25l[A[1Gpulling manifest [K
pulling 1849ef83c4dd:  35% ▕██████            ▏ 1.8 GB/5.1 GB   12 MB/s   4m25s[K[?25h[?2026l[?2026h[?25l[A[1Gpulling manifest [K
pulling 1849ef83c4dd:  35% ▕██████            ▏ 1.8 GB/5.1 GB   12 MB/s   4m25s[K[?25h[?2026l[?2026h[?25l[A[1Gpulling manifest [K
pulling 1849ef83c4dd:  35% ▕██████            ▏ 1.8 GB/5.1 GB   12 MB/s   4m30s[K[?25h[?2026l[?2026h[?25l[A[1Gpulling manifest [K
pulling 1849ef83c4dd:  35% ▕██████            ▏ 1.8 GB/5.1 GB   12 MB/s   4m30s[K[?25h[?2026l[?2026h[?25l[A[1Gpulling manifest [K
pulling 1849ef83c4dd:  35% ▕██████            ▏ 1.8 GB/5.1 GB   12 MB/s   4m30s[K[?25h[?2026l[?2026h[?25l[A[1Gpulling manifest [K
pulling 1849ef83c4dd:  35% ▕██████            ▏ 1.8 GB/5.1 GB   12 MB/s   4m30s[K[?25h[?2026l[?2026h[?25l[A[1Gpulling manifest [K
pulling 1849ef83c4dd:  35% ▕██████            ▏ 1.8 GB/5.1 GB   12 MB/s   4m30s[K[?25h[?2026l[?2026h[?25l[A[1Gpulling manifest [K
pulling 1849ef83c4dd:  35% ▕██████            ▏ 1.8 GB/5.1 GB   12 MB/s   4m30s[K[?25h[?2026l[?2026h[?25l[A[1Gpulling manifest [K
pulling 1849ef83c4dd:  35% ▕██████            ▏ 1.8 GB/5.1 GB   12 MB/s   4m29s[K[?25h[?2026l[?2026h[?25l[A[1Gpulling manifest [K
pulling 1849ef83c4dd:  35% ▕██████            ▏ 1.8 GB/5.1 GB   12 MB/s   4m29s[K[?25h[?2026l[?2026h[?25l[A[1Gpulling manifest [K
pulling 1849ef83c4dd:  35% ▕██████            ▏ 1.8 GB/5.1 GB   12 MB/s   4m29s[K[?25h[?2026l[?2026h[?25l[A[1Gpulling manifest [K
pulling 1849ef83c4dd:  36% ▕██████            ▏ 1.8 GB/5.1 GB   12 MB/s   4m29s[K[?25h[?2026l[?2026h[?25l[A[1Gpulling manifest [K
pulling 1849ef83c4dd:  36% ▕██████            ▏ 1.8 GB/5.1 GB   12 MB/s   4m30s[K[?25h[?2026l[?2026h[?25l[A[1Gpulling manifest [K
pulling 1849ef83c4dd:  36% ▕██████            ▏ 1.8 GB/5.1 GB   12 MB/s   4m30s[K[?25h[?2026l[?2026h[?25l[A[1Gpulling manifest [K
pulling 1849ef83c4dd:  36% ▕██████            ▏ 1.8 GB/5.1 GB   12 MB/s   4m29s[K[?25h[?2026l[?2026h[?25l[A[1Gpulling manifest [K
pulling 1849ef83c4dd:  36% ▕██████            ▏ 1.8 GB/5.1 GB   12 MB/s   4m29s[K[?25h[?2026l[?2026h[?25l[A[1Gpulling manifest [K
pulling 1849ef83c4dd:  36% ▕██████            ▏ 1.8 GB/5.1 GB   12 MB/s   4m29s[K[?25h[?2026l[?2026h[?25l[A[1Gpulling manifest [K
pulling 1849ef83c4dd:  36% ▕██████            ▏ 1.8 GB/5.1 GB   12 MB/s   4m29s[K[?25h[?2026l[?2026h[?25l[A[1Gpulling manifest [K
pulling 1849ef83c4dd:  36% ▕██████            ▏ 1.8 GB/5.1 GB   12 MB/s   4m29s[K[?25h[?2026l[?2026h[?25l[A[1Gpulling manifest [K
pulling 1849ef83c4dd:  36% ▕██████            ▏ 1.8 GB/5.1 GB   12 MB/s   4m29s[K[?25h[?2026l[?2026h[?25l[A[1Gpulling manifest [K
pulling 1849ef83c4dd:  36% ▕██████            ▏ 1.8 GB/5.1 GB   12 MB/s   4m29s[K[?25h[?2026l[?2026h[?25l[A[1Gpulling manifest [K
pulling 1849ef83c4dd:  36% ▕██████            ▏ 1.8 GB/5.1 GB   12 MB/s   4m29s[K[?25h[?2026l[?2026h[?25l[A[1Gpulling manifest [K
pulling 1849ef83c4dd:  36% ▕██████            ▏ 1.8 GB/5.1 GB   12 MB/s   4m33s[K[?25h[?2026l[?2026h[?25l[A[1Gpulling manifest [K
pulling 1849ef83c4dd:  36% ▕██████            ▏ 1.8 GB/5.1 GB   12 MB/s   4m33s[K[?25h[?2026l[?2026h[?25l[A[1Gpulling manifest [K
pulling 1849ef83c4dd:  36% ▕██████            ▏ 1.8 GB/5.1 GB   12 MB/s   4m33s[K[?25h[?2026l[?2026h[?25l[A[1Gpulling manifest [K
pulling 1849ef83c4dd:  36% ▕██████            ▏ 1.8 GB/5.1 GB   12 MB/s   4m33s[K[?25h[?2026l[?2026h[?25l[A[1Gpulling manifest [K
pulling 1849ef83c4dd:  36% ▕██████            ▏ 1.8 GB/5.1 GB   12 MB/s   4m33s[K[?25h[?2026l[?2026h[?25l[A[1Gpulling manifest [K
pulling 1849ef83c4dd:  36% ▕██████            ▏ 1.8 GB/5.1 GB   12 MB/s   4m32s[K[?25h[?2026l[?2026h[?25l[A[1Gpulling manifest [K
pulling 1849ef83c4dd:  36% ▕██████            ▏ 1.8 GB/5.1 GB   12 MB/s   4m32s[K[?25h[?2026l[?2026h[?25l[A[1Gpulling manifest [K
pulling 1849ef83c4dd:  36% ▕██████            ▏ 1.8 GB/5.1 GB   12 MB/s   4m32s[K[?25h[?2026l[?2026h[?25l[A[1Gpulling manifest [K
pulling 1849ef83c4dd:  36% ▕██████            ▏ 1.8 GB/5.1 GB   12 MB/s   4m32s[K[?25h[?2026l[?2026h[?25l[A[1Gpulling manifest [K
pulling 1849ef83c4dd:  36% ▕██████            ▏ 1.8 GB/5.1 GB   12 MB/s   4m32s[K[?25h[?2026l[?2026h[?25l[A[1Gpulling manifest [K
pulling 1849ef83c4dd:  36% ▕██████            ▏ 1.8 GB/5.1 GB   11 MB/s   4m36s[K[?25h[?2026l[?2026h[?25l[A[1Gpulling manifest [K
pulling 1849ef83c4dd:  36% ▕██████            ▏ 1.8 GB/5.1 GB   11 MB/s   4m36s[K[?25h[?2026l[?2026h[?25l[A[1Gpulling manifest [K
pulling 1849ef83c4dd:  36% ▕██████            ▏ 1.8 GB/5.1 GB   11 MB/s   4m36s[K[?25h[?2026l[?2026h[?25l[A[1Gpulling manifest [K
pulling 1849ef83c4dd:  36% ▕██████            ▏ 1.8 GB/5.1 GB   11 MB/s   4m36s[K[?25h[?2026l[?2026h[?25l[A[1Gpulling manifest [K
pulling 1849ef83c4dd:  36% ▕██████            ▏ 1.9 GB/5.1 GB   11 MB/s   4m36s[K[?25h[?2026l[?2026h[?25l[A[1Gpulling manifest [K
pulling 1849ef83c4dd:  36% ▕██████            ▏ 1.9 GB/5.1 GB   11 MB/s   4m36s[K[?25h[?2026l[?2026h[?25l[A[1Gpulling manifest [K
pulling 1849ef83c4dd:  36% ▕██████            ▏ 1.9 GB/5.1 GB   11 MB/s   4m36s[K[?25h[?2026l[?2026h[?25l[A[1Gpulling manifest [K
pulling 1849ef83c4dd:  36% ▕██████            ▏ 1.9 GB/5.1 GB   11 MB/s   4m35s[K[?25h[?2026l[?2026h[?25l[A[1Gpulling manifest [K
pulling 1849ef83c4dd:  36% ▕██████            ▏ 1.9 GB/5.1 GB   11 MB/s   4m35s[K[?25h[?2026l[?2026h[?25l[A[1Gpulling manifest [K
pulling 1849ef83c4dd:  36% ▕██████            ▏ 1.9 GB/5.1 GB   11 MB/s   4m35s[K[?25h[?2026l[?2026h[?25l[A[1Gpulling manifest [K
pulling 1849ef83c4dd:  36% ▕██████            ▏ 1.9 GB/5.1 GB   11 MB/s   4m40s[K[?25h[?2026l[?2026h[?25l[A[1Gpulling manifest [K
pulling 1849ef83c4dd:  36% ▕██████            ▏ 1.9 GB/5.1 GB   11 MB/s   4m40s[K[?25h[?2026l[?2026h[?25l[A[1Gpulling manifest [K
pulling 1849ef83c4dd:  36% ▕██████            ▏ 1.9 GB/5.1 GB   11 MB/s   4m40s[K[?25h[?2026l[?2026h[?25l[A[1Gpulling manifest [K
pulling 1849ef83c4dd:  36% ▕██████            ▏ 1.9 GB/5.1 GB   11 MB/s   4m40s[K[?25h[?2026l[?2026h[?25l[A[1Gpulling manifest [K
pulling 1849ef83c4dd:  36% ▕██████            ▏ 1.9 GB/5.1 GB   11 MB/s   4m40s[K[?25h[?2026l[?2026h[?25l[A[1Gpulling manifest [K
pulling 1849ef83c4dd:  36% ▕██████            ▏ 1.9 GB/5.1 GB   11 MB/s   4m40s[K[?25h[?2026l[?2026h[?25l[A[1Gpulling manifest [K
pulling 1849ef83c4dd:  36% ▕██████            ▏ 1.9 GB/5.1 GB   11 MB/s   4m40s[K[?25h[?2026l[?2026h[?25l[A[1Gpulling manifest [K
pulling 1849ef83c4dd:  36% ▕██████            ▏ 1.9 GB/5.1 GB   11 MB/s   4m40s[K[?25h[?2026l[?2026h[?25l[A[1Gpulling manifest [K
pulling 1849ef83c4dd:  36% ▕██████            ▏ 1.9 GB/5.1 GB   11 MB/s   4m39s[K[?25h[?2026l[?2026h[?25l[A[1Gpulling manifest [K
pulling 1849ef83c4dd:  36% ▕██████            ▏ 1.9 GB/5.1 GB   11 MB/s   4m39s[K[?25h[?2026l[?2026h[?25l[A[1Gpulling manifest [K
pulling 1849ef83c4dd:  36% ▕██████            ▏ 1.9 GB/5.1 GB   11 MB/s   4m39s[K[?25h[?2026l[?2026h[?25l[A[1Gpulling manifest [K
pulling 1849ef83c4dd:  36% ▕██████            ▏ 1.9 GB/5.1 GB   11 MB/s   4m42s[K[?25h[?2026l[?2026h[?25l[A[1Gpulling manifest [K
pulling 1849ef83c4dd:  36% ▕██████            ▏ 1.9 GB/5.1 GB   11 MB/s   4m42s[K[?25h[?2026l[?2026h[?25l[A[1Gpulling manifest [K
pulling 1849ef83c4dd:  36% ▕██████            ▏ 1.9 GB/5.1 GB   11 MB/s   4m42s[K[?25h[?2026l[?2026h[?25l[A[1Gpulling manifest [K
pulling 1849ef83c4dd:  37% ▕██████            ▏ 1.9 GB/5.1 GB   11 MB/s   4m42s[K[?25h[?2026l[?2026h[?25l[A[1Gpulling manifest [K
pulling 1849ef83c4dd:  37% ▕██████            ▏ 1.9 GB/5.1 GB   11 MB/s   4m42s[K[?25h[?2026l[?2026h[?25l[A[1Gpulling manifest [K
pulling 1849ef83c4dd:  37% ▕██████            ▏ 1.9 GB/5.1 GB   11 MB/s   4m42s[K[?25h[?2026l[?2026h[?25l[A[1Gpulling manifest [K
pulling 1849ef83c4dd:  37% ▕██████            ▏ 1.9 GB/5.1 GB   11 MB/s   4m42s[K[?25h[?2026l[?2026h[?25l[A[1Gpulling manifest [K
pulling 1849ef83c4dd:  37% ▕██████            ▏ 1.9 GB/5.1 GB   11 MB/s   4m42s[K[?25h[?2026l[?2026h[?25l[A[1Gpulling manifest [K
pulling 1849ef83c4dd:  37% ▕██████            ▏ 1.9 GB/5.1 GB   11 MB/s   4m41s[K[?25h[?2026l[?2026h[?25l[A[1Gpulling manifest [K
pulling 1849ef83c4dd:  37% ▕██████            ▏ 1.9 GB/5.1 GB   11 MB/s   4m41s[K[?25h[?2026l[?2026h[?25l[A[1Gpulling manifest [K
pulling 1849ef83c4dd:  37% ▕██████            ▏ 1.9 GB/5.1 GB   11 MB/s   4m41s[K[?25h[?2026l[?2026h[?25l[A[1Gpulling manifest [K
pulling 1849ef83c4dd:  37% ▕██████            ▏ 1.9 GB/5.1 GB   11 MB/s   4m41s[K[?25h[?2026l[?2026h[?25l[A[1Gpulling manifest [K
pulling 1849ef83c4dd:  37% ▕██████            ▏ 1.9 GB/5.1 GB   11 MB/s   4m41s[K[?25h[?2026l[?2026h[?25l[A[1Gpulling manifest [K
pulling 1849ef83c4dd:  37% ▕██████            ▏ 1.9 GB/5.1 GB   11 MB/s   4m41s[K[?25h[?2026l[?2026h[?25l[A[1Gpulling manifest [K
pulling 1849ef83c4dd:  37% ▕██████            ▏ 1.9 GB/5.1 GB   11 MB/s   4m41s[K[?25h[?2026l[?2026h[?25l[A[1Gpulling manifest [K
pulling 1849ef83c4dd:  37% ▕██████            ▏ 1.9 GB/5.1 GB   11 MB/s   4m41s[K[?25h[?2026l[?2026h[?25l[A[1Gpulling manifest [K
pulling 1849ef83c4dd:  37% ▕██████            ▏ 1.9 GB/5.1 GB   11 MB/s   4m41s[K[?25h[?2026l[?2026h[?25l[A[1Gpulling manifest [K
pulling 1849ef83c4dd:  37% ▕██████            ▏ 1.9 GB/5.1 GB   11 MB/s   4m41s[K[?25h[?2026l[?2026h[?25l[A[1Gpulling manifest [K
pulling 1849ef83c4dd:  37% ▕██████            ▏ 1.9 GB/5.1 GB   11 MB/s   4m41s[K[?25h[?2026l[?2026h[?25l[A[1Gpulling manifest [K
pulling 1849ef83c4dd:  37% ▕██████            ▏ 1.9 GB/5.1 GB   11 MB/s   4m40s[K[?25h[?2026l[?2026h[?25l[A[1Gpulling manifest [K
pulling 1849ef83c4dd:  37% ▕██████            ▏ 1.9 GB/5.1 GB   11 MB/s   4m40s[K[?25h[?2026l[?2026h[?25l[A[1Gpulling manifest [K
pulling 1849ef83c4dd:  37% ▕██████            ▏ 1.9 GB/5.1 GB   11 MB/s   4m40s[K[?25h[?2026l[?2026h[?25l[A[1Gpulling manifest [K
pulling 1849ef83c4dd:  37% ▕██████            ▏ 1.9 GB/5.1 GB   11 MB/s   4m40s[K[?25h[?2026l[?2026h[?25l[A[1Gpulling manifest [K
pulling 1849ef83c4dd:  37% ▕██████            ▏ 1.9 GB/5.1 GB   11 MB/s   4m39s[K[?25h[?2026l[?2026h[?25l[A[1Gpulling manifest [K
pulling 1849ef83c4dd:  37% ▕██████            ▏ 1.9 GB/5.1 GB   11 MB/s   4m39s[K[?25h[?2026l[?2026h[?25l[A[1Gpulling manifest [K
pulling 1849ef83c4dd:  37% ▕██████            ▏ 1.9 GB/5.1 GB   11 MB/s   4m39s[K[?25h[?2026l[?2026h[?25l[A[1Gpulling manifest [K
pulling 1849ef83c4dd:  37% ▕██████            ▏ 1.9 GB/5.1 GB   11 MB/s   4m39s[K[?25h[?2026l[?2026h[?25l[A[1Gpulling manifest [K
pulling 1849ef83c4dd:  37% ▕██████            ▏ 1.9 GB/5.1 GB   11 MB/s   4m39s[K[?25h[?2026l[?2026h[?25l[A[1Gpulling manifest [K
pulling 1849ef83c4dd:  37% ▕██████            ▏ 1.9 GB/5.1 GB   11 MB/s   4m39s[K[?25h[?2026l[?2026h[?25l[A[1Gpulling manifest [K
pulling 1849ef83c4dd:  37% ▕██████            ▏ 1.9 GB/5.1 GB   11 MB/s   4m39s[K[?25h[?2026l[?2026h[?25l[A[1Gpulling manifest [K
pulling 1849ef83c4dd:  37% ▕██████            ▏ 1.9 GB/5.1 GB   11 MB/s   4m36s[K[?25h[?2026l[?2026h[?25l[A[1Gpulling manifest [K
pulling 1849ef83c4dd:  37% ▕██████            ▏ 1.9 GB/5.1 GB   11 MB/s   4m36s[K[?25h[?2026l[?2026h[?25l[A[1Gpulling manifest [K
pulling 1849ef83c4dd:  37% ▕██████            ▏ 1.9 GB/5.1 GB   11 MB/s   4m36s[K[?25h[?2026l[?2026h[?25l[A[1Gpulling manifest [K
pulling 1849ef83c4dd:  37% ▕██████            ▏ 1.9 GB/5.1 GB   11 MB/s   4m36s[K[?25h[?2026l[?2026h[?25l[A[1Gpulling manifest [K
pulling 1849ef83c4dd:  37% ▕██████            ▏ 1.9 GB/5.1 GB   11 MB/s   4m36s[K[?25h[?2026l[?2026h[?25l[A[1Gpulling manifest [K
pulling 1849ef83c4dd:  37% ▕██████            ▏ 1.9 GB/5.1 GB   11 MB/s   4m36s[K[?25h[?2026l[?2026h[?25l[A[1Gpulling manifest [K
pulling 1849ef83c4dd:  37% ▕██████            ▏ 1.9 GB/5.1 GB   11 MB/s   4m36s[K[?25h[?2026l[?2026h[?25l[A[1Gpulling manifest [K
pulling 1849ef83c4dd:  37% ▕██████            ▏ 1.9 GB/5.1 GB   11 MB/s   4m36s[K[?25h[?2026l[?2026h[?25l[A[1Gpulling manifest [K
pulling 1849ef83c4dd:  37% ▕██████            ▏ 1.9 GB/5.1 GB   11 MB/s   4m36s[K[?25h[?2026l[?2026h[?25l[A[1Gpulling manifest [K
pulling 1849ef83c4dd:  37% ▕██████            ▏ 1.9 GB/5.1 GB   11 MB/s   4m36s[K[?25h[?2026l[?2026h[?25l[A[1Gpulling manifest [K
pulling 1849ef83c4dd:  37% ▕██████            ▏ 1.9 GB/5.1 GB   11 MB/s   4m32s[K[?25h[?2026l[?2026h[?25l[A[1Gpulling manifest [K
pulling 1849ef83c4dd:  37% ▕██████            ▏ 1.9 GB/5.1 GB   11 MB/s   4m32s[K[?25h[?2026l[?2026h[?25l[A[1Gpulling manifest [K
pulling 1849ef83c4dd:  37% ▕██████            ▏ 1.9 GB/5.1 GB   11 MB/s   4m32s[K[?25h[?2026l[?2026h[?25l[A[1Gpulling manifest [K
pulling 1849ef83c4dd:  37% ▕██████            ▏ 1.9 GB/5.1 GB   11 MB/s   4m32s[K[?25h[?2026l[?2026h[?25l[A[1Gpulling manifest [K
pulling 1849ef83c4dd:  37% ▕██████            ▏ 1.9 GB/5.1 GB   11 MB/s   4m31s[K[?25h[?2026l[?2026h[?25l[A[1Gpulling manifest [K
pulling 1849ef83c4dd:  37% ▕██████            ▏ 1.9 GB/5.1 GB   11 MB/s   4m31s[K[?25h[?2026l[?2026h[?25l[A[1Gpulling manifest [K
pulling 1849ef83c4dd:  37% ▕██████            ▏ 1.9 GB/5.1 GB   11 MB/s   4m31s[K[?25h[?2026l[?2026h[?25l[A[1Gpulling manifest [K
pulling 1849ef83c4dd:  37% ▕██████            ▏ 1.9 GB/5.1 GB   11 MB/s   4m31s[K[?25h[?2026l[?2026h[?25l[A[1Gpulling manifest [K
pulling 1849ef83c4dd:  38% ▕██████            ▏ 1.9 GB/5.1 GB   11 MB/s   4m31s[K[?25h[?2026l[?2026h[?25l[A[1Gpulling manifest [K
pulling 1849ef83c4dd:  38% ▕██████            ▏ 1.9 GB/5.1 GB   11 MB/s   4m31s[K[?25h[?2026l[?2026h[?25l[A[1Gpulling manifest [K
pulling 1849ef83c4dd:  38% ▕██████            ▏ 1.9 GB/5.1 GB   11 MB/s   4m31s[K[?25h[?2026l[?2026h[?25l[A[1Gpulling manifest [K
pulling 1849ef83c4dd:  38% ▕██████            ▏ 1.9 GB/5.1 GB   11 MB/s   4m33s[K[?25h[?2026l[?2026h[?25l[A[1Gpulling manifest [K
pulling 1849ef83c4dd:  38% ▕██████            ▏ 1.9 GB/5.1 GB   11 MB/s   4m33s[K[?25h[?2026l[?2026h[?25l[A[1Gpulling manifest [K
pulling 1849ef83c4dd:  38% ▕██████            ▏ 1.9 GB/5.1 GB   11 MB/s   4m33s[K[?25h[?2026l[?2026h[?25l[A[1Gpulling manifest [K
pulling 1849ef83c4dd:  38% ▕██████            ▏ 1.9 GB/5.1 GB   11 MB/s   4m33s[K[?25h[?2026l[?2026h[?25l[A[1Gpulling manifest [K
pulling 1849ef83c4dd:  38% ▕██████            ▏ 1.9 GB/5.1 GB   11 MB/s   4m32s[K[?25h[?2026l[?2026h[?25l[A[1Gpulling manifest [K
pulling 1849ef83c4dd:  38% ▕██████            ▏ 1.9 GB/5.1 GB   11 MB/s   4m32s[K[?25h[?2026l[?2026h[?25l[A[1Gpulling manifest [K
pulling 1849ef83c4dd:  38% ▕██████            ▏ 1.9 GB/5.1 GB   11 MB/s   4m32s[K[?25h[?2026l[?2026h[?25l[A[1Gpulling manifest [K
pulling 1849ef83c4dd:  38% ▕██████            ▏ 1.9 GB/5.1 GB   11 MB/s   4m32s[K[?25h[?2026l[?2026h[?25l[A[1Gpulling manifest [K
pulling 1849ef83c4dd:  38% ▕██████            ▏ 1.9 GB/5.1 GB   11 MB/s   4m32s[K[?25h[?2026l[?2026h[?25l[A[1Gpulling manifest [K
pulling 1849ef83c4dd:  38% ▕██████            ▏ 1.9 GB/5.1 GB   11 MB/s   4m32s[K[?25h[?2026l[?2026h[?25l[A[1Gpulling manifest [K
pulling 1849ef83c4dd:  38% ▕██████            ▏ 1.9 GB/5.1 GB   11 MB/s   4m31s[K[?25h[?2026l[?2026h[?25l[A[1Gpulling manifest [K
pulling 1849ef83c4dd:  38% ▕██████            ▏ 1.9 GB/5.1 GB   11 MB/s   4m31s[K[?25h[?2026l[?2026h[?25l[A[1Gpulling manifest [K
pulling 1849ef83c4dd:  38% ▕██████            ▏ 1.9 GB/5.1 GB   11 MB/s   4m31s[K[?25h[?2026l[?2026h[?25l[A[1Gpulling manifest [K
pulling 1849ef83c4dd:  38% ▕██████            ▏ 1.9 GB/5.1 GB   11 MB/s   4m31s[K[?25h[?2026l[?2026h[?25l[A[1Gpulling manifest [K
pulling 1849ef83c4dd:  38% ▕██████            ▏ 1.9 GB/5.1 GB   11 MB/s   4m31s[K[?25h[?2026l[?2026h[?25l[A[1Gpulling manifest [K
pulling 1849ef83c4dd:  38% ▕██████            ▏ 1.9 GB/5.1 GB   11 MB/s   4m30s[K[?25h[?2026l[?2026h[?25l[A[1Gpulling manifest [K
pulling 1849ef83c4dd:  38% ▕██████            ▏ 1.9 GB/5.1 GB   11 MB/s   4m30s[K[?25h[?2026l[?2026h[?25l[A[1Gpulling manifest [K
pulling 1849ef83c4dd:  38% ▕██████            ▏ 1.9 GB/5.1 GB   11 MB/s   4m30s[K[?25h[?2026l[?2026h[?25l[A[1Gpulling manifest [K
pulling 1849ef83c4dd:  38% ▕██████            ▏ 1.9 GB/5.1 GB   11 MB/s   4m30s[K[?25h[?2026l[?2026h[?25l[A[1Gpulling manifest [K
pulling 1849ef83c4dd:  38% ▕██████            ▏ 2.0 GB/5.1 GB   11 MB/s   4m30s[K[?25h[?2026l[?2026h[?25l[A[1Gpulling manifest [K
pulling 1849ef83c4dd:  38% ▕██████            ▏ 2.0 GB/5.1 GB   11 MB/s   4m29s[K[?25h[?2026l[?2026h[?25l[A[1Gpulling manifest [K
pulling 1849ef83c4dd:  38% ▕██████            ▏ 2.0 GB/5.1 GB   11 MB/s   4m29s[K[?25h[?2026l[?2026h[?25l[A[1Gpulling manifest [K
pulling 1849ef83c4dd:  38% ▕██████            ▏ 2.0 GB/5.1 GB   11 MB/s   4m28s[K[?25h[?2026l[?2026h[?25l[A[1Gpulling manifest [K
pulling 1849ef83c4dd:  38% ▕██████            ▏ 2.0 GB/5.1 GB   11 MB/s   4m28s[K[?25h[?2026l[?2026h[?25l[A[1Gpulling manifest [K
pulling 1849ef83c4dd:  38% ▕██████            ▏ 2.0 GB/5.1 GB   11 MB/s   4m28s[K[?25h[?2026l[?2026h[?25l[A[1Gpulling manifest [K
pulling 1849ef83c4dd:  38% ▕██████            ▏ 2.0 GB/5.1 GB   11 MB/s   4m28s[K[?25h[?2026l[?2026h[?25l[A[1Gpulling manifest [K
pulling 1849ef83c4dd:  38% ▕██████            ▏ 2.0 GB/5.1 GB   11 MB/s   4m28s[K[?25h[?2026l[?2026h[?25l[A[1Gpulling manifest [K
pulling 1849ef83c4dd:  38% ▕██████            ▏ 2.0 GB/5.1 GB   11 MB/s   4m28s[K[?25h[?2026l[?2026h[?25l[A[1Gpulling manifest [K
pulling 1849ef83c4dd:  38% ▕██████            ▏ 2.0 GB/5.1 GB   11 MB/s   4m28s[K[?25h[?2026l[?2026h[?25l[A[1Gpulling manifest [K
pulling 1849ef83c4dd:  38% ▕██████            ▏ 2.0 GB/5.1 GB   11 MB/s   4m28s[K[?25h[?2026l[?2026h[?25l[A[1Gpulling manifest [K
pulling 1849ef83c4dd:  38% ▕██████            ▏ 2.0 GB/5.1 GB   11 MB/s   4m24s[K[?25h[?2026l[?2026h[?25l[A[1Gpulling manifest [K
pulling 1849ef83c4dd:  38% ▕██████            ▏ 2.0 GB/5.1 GB   11 MB/s   4m24s[K[?25h[?2026l[?2026h[?25l[A[1Gpulling manifest [K
pulling 1849ef83c4dd:  38% ▕██████            ▏ 2.0 GB/5.1 GB   11 MB/s   4m24s[K[?25h[?2026l[?2026h[?25l[A[1Gpulling manifest [K
pulling 1849ef83c4dd:  38% ▕██████            ▏ 2.0 GB/5.1 GB   11 MB/s   4m24s[K[?25h[?2026l[?2026h[?25l[A[1Gpulling manifest [K
pulling 1849ef83c4dd:  38% ▕██████            ▏ 2.0 GB/5.1 GB   11 MB/s   4m24s[K[?25h[?2026l[?2026h[?25l[A[1Gpulling manifest [K
pulling 1849ef83c4dd:  38% ▕██████            ▏ 2.0 GB/5.1 GB   11 MB/s   4m24s[K[?25h[?2026l[?2026h[?25l[A[1Gpulling manifest [K
pulling 1849ef83c4dd:  38% ▕██████            ▏ 2.0 GB/5.1 GB   11 MB/s   4m24s[K[?25h[?2026l[?2026h[?25l[A[1Gpulling manifest [K
pulling 1849ef83c4dd:  38% ▕██████            ▏ 2.0 GB/5.1 GB   11 MB/s   4m24s[K[?25h[?2026l[?2026h[?25l[A[1Gpulling manifest [K
pulling 1849ef83c4dd:  38% ▕██████            ▏ 2.0 GB/5.1 GB   11 MB/s   4m24s[K[?25h[?2026l[?2026h[?25l[A[1Gpulling manifest [K
pulling 1849ef83c4dd:  38% ▕██████            ▏ 2.0 GB/5.1 GB   11 MB/s   4m23s[K[?25h[?2026l[?2026h[?25l[A[1Gpulling manifest [K
pulling 1849ef83c4dd:  39% ▕██████            ▏ 2.0 GB/5.1 GB   11 MB/s   4m23s[K[?25h[?2026l[?2026h[?25l[A[1Gpulling manifest [K
pulling 1849ef83c4dd:  39% ▕██████            ▏ 2.0 GB/5.1 GB   11 MB/s   4m22s[K[?25h[?2026l[?2026h[?25l[A[1Gpulling manifest [K
pulling 1849ef83c4dd:  39% ▕██████            ▏ 2.0 GB/5.1 GB   11 MB/s   4m22s[K[?25h[?2026l[?2026h[?25l[A[1Gpulling manifest [K
pulling 1849ef83c4dd:  39% ▕██████            ▏ 2.0 GB/5.1 GB   11 MB/s   4m22s[K[?25h[?2026l[?2026h[?25l[A[1Gpulling manifest [K
pulling 1849ef83c4dd:  39% ▕██████            ▏ 2.0 GB/5.1 GB   11 MB/s   4m22s[K[?25h[?2026l[?2026h[?25l[A[1Gpulling manifest [K
pulling 1849ef83c4dd:  39% ▕██████            ▏ 2.0 GB/5.1 GB   11 MB/s   4m22s[K[?25h[?2026l[?2026h[?25l[A[1Gpulling manifest [K
pulling 1849ef83c4dd:  39% ▕██████            ▏ 2.0 GB/5.1 GB   11 MB/s   4m22s[K[?25h[?2026l[?2026h[?25l[A[1Gpulling manifest [K
pulling 1849ef83c4dd:  39% ▕██████            ▏ 2.0 GB/5.1 GB   11 MB/s   4m22s[K[?25h[?2026l[?2026h[?25l[A[1Gpulling manifest [K
pulling 1849ef83c4dd:  39% ▕██████            ▏ 2.0 GB/5.1 GB   11 MB/s   4m22s[K[?25h[?2026l[?2026h[?25l[A[1Gpulling manifest [K
pulling 1849ef83c4dd:  39% ▕██████            ▏ 2.0 GB/5.1 GB   11 MB/s   4m22s[K[?25h[?2026l[?2026h[?25l[A[1Gpulling manifest [K
pulling 1849ef83c4dd:  39% ▕██████            ▏ 2.0 GB/5.1 GB   11 MB/s   4m22s[K[?25h[?2026l[?2026h[?25l[A[1Gpulling manifest [K
pulling 1849ef83c4dd:  39% ▕██████            ▏ 2.0 GB/5.1 GB   11 MB/s   4m23s[K[?25h[?2026l[?2026h[?25l[A[1Gpulling manifest [K
pulling 1849ef83c4dd:  39% ▕██████            ▏ 2.0 GB/5.1 GB   11 MB/s   4m23s[K[?25h[?2026l[?2026h[?25l[A[1Gpulling manifest [K
pulling 1849ef83c4dd:  39% ▕██████            ▏ 2.0 GB/5.1 GB   11 MB/s   4m23s[K[?25h[?2026l[?2026h[?25l[A[1Gpulling manifest [K
pulling 1849ef83c4dd:  39% ▕██████            ▏ 2.0 GB/5.1 GB   11 MB/s   4m23s[K[?25h[?2026l[?2026h[?25l[A[1Gpulling manifest [K
pulling 1849ef83c4dd:  39% ▕██████            ▏ 2.0 GB/5.1 GB   11 MB/s   4m23s[K[?25h[?2026l[?2026h[?25l[A[1Gpulling manifest [K
pulling 1849ef83c4dd:  39% ▕██████            ▏ 2.0 GB/5.1 GB   11 MB/s   4m23s[K[?25h[?2026l[?2026h[?25l[A[1Gpulling manifest [K
pulling 1849ef83c4dd:  39% ▕███████           ▏ 2.0 GB/5.1 GB   11 MB/s   4m22s[K[?25h[?2026l[?2026h[?25l[A[1Gpulling manifest [K
pulling 1849ef83c4dd:  39% ▕███████           ▏ 2.0 GB/5.1 GB   11 MB/s   4m22s[K[?25h[?2026l[?2026h[?25l[A[1Gpulling manifest [K
pulling 1849ef83c4dd:  39% ▕███████           ▏ 2.0 GB/5.1 GB   11 MB/s   4m22s[K[?25h[?2026l[?2026h[?25l[A[1Gpulling manifest [K
pulling 1849ef83c4dd:  39% ▕███████           ▏ 2.0 GB/5.1 GB   11 MB/s   4m22s[K[?25h[?2026l[?2026h[?25l[A[1Gpulling manifest [K
pulling 1849ef83c4dd:  39% ▕███████           ▏ 2.0 GB/5.1 GB   11 MB/s   4m22s[K[?25h[?2026l[?2026h[?25l[A[1Gpulling manifest [K
pulling 1849ef83c4dd:  39% ▕███████           ▏ 2.0 GB/5.1 GB   11 MB/s   4m22s[K[?25h[?2026l[?2026h[?25l[A[1Gpulling manifest [K
pulling 1849ef83c4dd:  39% ▕███████           ▏ 2.0 GB/5.1 GB   11 MB/s   4m22s[K[?25h[?2026l[?2026h[?25l[A[1Gpulling manifest [K
pulling 1849ef83c4dd:  39% ▕███████           ▏ 2.0 GB/5.1 GB   11 MB/s   4m22s[K[?25h[?2026l[?2026h[?25l[A[1Gpulling manifest [K
pulling 1849ef83c4dd:  39% ▕███████           ▏ 2.0 GB/5.1 GB   11 MB/s   4m22s[K[?25h[?2026l[?2026h[?25l[A[1Gpulling manifest [K
pulling 1849ef83c4dd:  39% ▕███████           ▏ 2.0 GB/5.1 GB   11 MB/s   4m21s[K[?25h[?2026l[?2026h[?25l[A[1Gpulling manifest [K
pulling 1849ef83c4dd:  39% ▕███████           ▏ 2.0 GB/5.1 GB   11 MB/s   4m21s[K[?25h[?2026l[?2026h[?25l[A[1Gpulling manifest [K
pulling 1849ef83c4dd:  39% ▕███████           ▏ 2.0 GB/5.1 GB   11 MB/s   4m21s[K[?25h[?2026l[?2026h[?25l[A[1Gpulling manifest [K
pulling 1849ef83c4dd:  39% ▕███████           ▏ 2.0 GB/5.1 GB   11 MB/s   4m21s[K[?25h[?2026l[?2026h[?25l[A[1Gpulling manifest [K
pulling 1849ef83c4dd:  39% ▕███████           ▏ 2.0 GB/5.1 GB   11 MB/s   4m21s[K[?25h[?2026l[?2026h[?25l[A[1Gpulling manifest [K
pulling 1849ef83c4dd:  39% ▕███████           ▏ 2.0 GB/5.1 GB   11 MB/s   4m20s[K[?25h[?2026l[?2026h[?25l[A[1Gpulling manifest [K
pulling 1849ef83c4dd:  39% ▕███████           ▏ 2.0 GB/5.1 GB   11 MB/s   4m20s[K[?25h[?2026l[?2026h[?25l[A[1Gpulling manifest [K
pulling 1849ef83c4dd:  39% ▕███████           ▏ 2.0 GB/5.1 GB   11 MB/s   4m19s[K[?25h[?2026l[?2026h[?25l[A[1Gpulling manifest [K
pulling 1849ef83c4dd:  39% ▕███████           ▏ 2.0 GB/5.1 GB   11 MB/s   4m19s[K[?25h[?2026l[?2026h[?25l[A[1Gpulling manifest [K
pulling 1849ef83c4dd:  39% ▕███████           ▏ 2.0 GB/5.1 GB   11 MB/s   4m19s[K[?25h[?2026l[?2026h[?25l[A[1Gpulling manifest [K
pulling 1849ef83c4dd:  39% ▕███████           ▏ 2.0 GB/5.1 GB   11 MB/s   4m19s[K[?25h[?2026l[?2026h[?25l[A[1Gpulling manifest [K
pulling 1849ef83c4dd:  39% ▕███████           ▏ 2.0 GB/5.1 GB   11 MB/s   4m19s[K[?25h[?2026l[?2026h[?25l[A[1Gpulling manifest [K
pulling 1849ef83c4dd:  39% ▕███████           ▏ 2.0 GB/5.1 GB   11 MB/s   4m19s[K[?25h[?2026l[?2026h[?25l[A[1Gpulling manifest [K
pulling 1849ef83c4dd:  39% ▕███████           ▏ 2.0 GB/5.1 GB   11 MB/s   4m19s[K[?25h[?2026l[?2026h[?25l[A[1Gpulling manifest [K
pulling 1849ef83c4dd:  39% ▕███████           ▏ 2.0 GB/5.1 GB   11 MB/s   4m19s[K[?25h[?2026l[?2026h[?25l[A[1Gpulling manifest [K
pulling 1849ef83c4dd:  39% ▕███████           ▏ 2.0 GB/5.1 GB   12 MB/s   4m16s[K[?25h[?2026l[?2026h[?25l[A[1Gpulling manifest [K
pulling 1849ef83c4dd:  40% ▕███████           ▏ 2.0 GB/5.1 GB   12 MB/s   4m16s[K[?25h[?2026l[?2026h[?25l[A[1Gpulling manifest [K
pulling 1849ef83c4dd:  40% ▕███████           ▏ 2.0 GB/5.1 GB   12 MB/s   4m16s[K[?25h[?2026l[?2026h[?25l[A[1Gpulling manifest [K
pulling 1849ef83c4dd:  40% ▕███████           ▏ 2.0 GB/5.1 GB   12 MB/s   4m16s[K[?25h[?2026l[?2026h[?25l[A[1Gpulling manifest [K
pulling 1849ef83c4dd:  40% ▕███████           ▏ 2.0 GB/5.1 GB   12 MB/s   4m16s[K[?25h[?2026l[?2026h[?25l[A[1Gpulling manifest [K
pulling 1849ef83c4dd:  40% ▕███████           ▏ 2.0 GB/5.1 GB   12 MB/s   4m16s[K[?25h[?2026l[?2026h[?25l[A[1Gpulling manifest [K
pulling 1849ef83c4dd:  40% ▕███████           ▏ 2.0 GB/5.1 GB   12 MB/s   4m15s[K[?25h[?2026l[?2026h[?25l[A[1Gpulling manifest [K
pulling 1849ef83c4dd:  40% ▕███████           ▏ 2.0 GB/5.1 GB   12 MB/s   4m15s[K[?25h[?2026l[?2026h[?25l[A[1Gpulling manifest [K
pulling 1849ef83c4dd:  40% ▕███████           ▏ 2.0 GB/5.1 GB   12 MB/s   4m15s[K[?25h[?2026l[?2026h[?25l[A[1Gpulling manifest [K
pulling 1849ef83c4dd:  40% ▕███████           ▏ 2.0 GB/5.1 GB   12 MB/s   4m15s[K[?25h[?2026l[?2026h[?25l[A[1Gpulling manifest [K
pulling 1849ef83c4dd:  40% ▕███████           ▏ 2.0 GB/5.1 GB   12 MB/s   4m13s[K[?25h[?2026l[?2026h[?25l[A[1Gpulling manifest [K
pulling 1849ef83c4dd:  40% ▕███████           ▏ 2.0 GB/5.1 GB   12 MB/s   4m13s[K[?25h[?2026l[?2026h[?25l[A[1Gpulling manifest [K
pulling 1849ef83c4dd:  40% ▕███████           ▏ 2.0 GB/5.1 GB   12 MB/s   4m13s[K[?25h[?2026l[?2026h[?25l[A[1Gpulling manifest [K
pulling 1849ef83c4dd:  40% ▕███████           ▏ 2.0 GB/5.1 GB   12 MB/s   4m13s[K[?25h[?2026l[?2026h[?25l[A[1Gpulling manifest [K
pulling 1849ef83c4dd:  40% ▕███████           ▏ 2.0 GB/5.1 GB   12 MB/s   4m13s[K[?25h[?2026l[?2026h[?25l[A[1Gpulling manifest [K
pulling 1849ef83c4dd:  40% ▕███████           ▏ 2.0 GB/5.1 GB   12 MB/s   4m13s[K[?25h[?2026l[?2026h[?25l[A[1Gpulling manifest [K
pulling 1849ef83c4dd:  40% ▕███████           ▏ 2.0 GB/5.1 GB   12 MB/s   4m13s[K[?25h[?2026l[?2026h[?25l[A[1Gpulling manifest [K
pulling 1849ef83c4dd:  40% ▕███████           ▏ 2.0 GB/5.1 GB   12 MB/s   4m12s[K[?25h[?2026l[?2026h[?25l[A[1Gpulling manifest [K
pulling 1849ef83c4dd:  40% ▕███████           ▏ 2.0 GB/5.1 GB   12 MB/s   4m12s[K[?25h[?2026l[?2026h[?25l[A[1Gpulling manifest [K
pulling 1849ef83c4dd:  40% ▕███████           ▏ 2.0 GB/5.1 GB   12 MB/s   4m12s[K[?25h[?2026l[?2026h[?25l[A[1Gpulling manifest [K
pulling 1849ef83c4dd:  40% ▕███████           ▏ 2.0 GB/5.1 GB   12 MB/s   4m12s[K[?25h[?2026l[?2026h[?25l[A[1Gpulling manifest [K
pulling 1849ef83c4dd:  40% ▕███████           ▏ 2.1 GB/5.1 GB   12 MB/s   4m10s[K[?25h[?2026l[?2026h[?25l[A[1Gpulling manifest [K
pulling 1849ef83c4dd:  40% ▕███████           ▏ 2.1 GB/5.1 GB   12 MB/s    4m9s[K[?25h[?2026l[?2026h[?25l[A[1Gpulling manifest [K
pulling 1849ef83c4dd:  40% ▕███████           ▏ 2.1 GB/5.1 GB   12 MB/s    4m9s[K[?25h[?2026l[?2026h[?25l[A[1Gpulling manifest [K
pulling 1849ef83c4dd:  40% ▕███████           ▏ 2.1 GB/5.1 GB   12 MB/s    4m9s[K[?25h[?2026l[?2026h[?25l[A[1Gpulling manifest [K
pulling 1849ef83c4dd:  40% ▕███████           ▏ 2.1 GB/5.1 GB   12 MB/s    4m9s[K[?25h[?2026l[?2026h[?25l[A[1Gpulling manifest [K
pulling 1849ef83c4dd:  40% ▕███████           ▏ 2.1 GB/5.1 GB   12 MB/s    4m9s[K[?25h[?2026l[?2026h[?25l[A[1Gpulling manifest [K
pulling 1849ef83c4dd:  40% ▕███████           ▏ 2.1 GB/5.1 GB   12 MB/s    4m9s[K[?25h[?2026l[?2026h[?25l[A[1Gpulling manifest [K
pulling 1849ef83c4dd:  40% ▕███████           ▏ 2.1 GB/5.1 GB   12 MB/s    4m9s[K[?25h[?2026l[?2026h[?25l[A[1Gpulling manifest [K
pulling 1849ef83c4dd:  40% ▕███████           ▏ 2.1 GB/5.1 GB   12 MB/s    4m9s[K[?25h[?2026l[?2026h[?25l[A[1Gpulling manifest [K
pulling 1849ef83c4dd:  40% ▕███████           ▏ 2.1 GB/5.1 GB   12 MB/s    4m9s[K[?25h[?2026l[?2026h[?25l[A[1Gpulling manifest [K
pulling 1849ef83c4dd:  40% ▕███████           ▏ 2.1 GB/5.1 GB   12 MB/s    4m6s[K[?25h[?2026l[?2026h[?25l[A[1Gpulling manifest [K
pulling 1849ef83c4dd:  40% ▕███████           ▏ 2.1 GB/5.1 GB   12 MB/s    4m6s[K[?25h[?2026l[?2026h[?25l[A[1Gpulling manifest [K
pulling 1849ef83c4dd:  40% ▕███████           ▏ 2.1 GB/5.1 GB   12 MB/s    4m6s[K[?25h[?2026l[?2026h[?25l[A[1Gpulling manifest [K
pulling 1849ef83c4dd:  40% ▕███████           ▏ 2.1 GB/5.1 GB   12 MB/s    4m5s[K[?25h[?2026l[?2026h[?25l[A[1Gpulling manifest [K
pulling 1849ef83c4dd:  40% ▕███████           ▏ 2.1 GB/5.1 GB   12 MB/s    4m5s[K[?25h[?2026l[?2026h[?25l[A[1Gpulling manifest [K
pulling 1849ef83c4dd:  40% ▕███████           ▏ 2.1 GB/5.1 GB   12 MB/s    4m5s[K[?25h[?2026l[?2026h[?25l[A[1Gpulling manifest [K
pulling 1849ef83c4dd:  40% ▕███████           ▏ 2.1 GB/5.1 GB   12 MB/s    4m5s[K[?25h[?2026l[?2026h[?25l[A[1Gpulling manifest [K
pulling 1849ef83c4dd:  40% ▕███████           ▏ 2.1 GB/5.1 GB   12 MB/s    4m5s[K[?25h[?2026l[?2026h[?25l[A[1Gpulling manifest [K
pulling 1849ef83c4dd:  40% ▕███████           ▏ 2.1 GB/5.1 GB   12 MB/s    4m5s[K[?25h[?2026l[?2026h[?25l[A[1Gpulling manifest [K
pulling 1849ef83c4dd:  40% ▕███████           ▏ 2.1 GB/5.1 GB   12 MB/s    4m5s[K[?25h[?2026l[?2026h[?25l[A[1Gpulling manifest [K
pulling 1849ef83c4dd:  40% ▕███████           ▏ 2.1 GB/5.1 GB   12 MB/s    4m4s[K[?25h[?2026l[?2026h[?25l[A[1Gpulling manifest [K
pulling 1849ef83c4dd:  40% ▕███████           ▏ 2.1 GB/5.1 GB   12 MB/s    4m4s[K[?25h[?2026l[?2026h[?25l[A[1Gpulling manifest [K
pulling 1849ef83c4dd:  41% ▕███████           ▏ 2.1 GB/5.1 GB   12 MB/s    4m4s[K[?25h[?2026l[?2026h[?25l[A[1Gpulling manifest [K
pulling 1849ef83c4dd:  41% ▕███████           ▏ 2.1 GB/5.1 GB   12 MB/s    4m4s[K[?25h[?2026l[?2026h[?25l[A[1Gpulling manifest [K
pulling 1849ef83c4dd:  41% ▕███████           ▏ 2.1 GB/5.1 GB   12 MB/s    4m4s[K[?25h[?2026l[?2026h[?25l[A[1Gpulling manifest [K
pulling 1849ef83c4dd:  41% ▕███████           ▏ 2.1 GB/5.1 GB   12 MB/s    4m4s[K[?25h[?2026l[?2026h[?25l[A[1Gpulling manifest [K
pulling 1849ef83c4dd:  41% ▕███████           ▏ 2.1 GB/5.1 GB   12 MB/s    4m4s[K[?25h[?2026l[?2026h[?25l[A[1Gpulling manifest [K
pulling 1849ef83c4dd:  41% ▕███████           ▏ 2.1 GB/5.1 GB   12 MB/s    4m4s[K[?25h[?2026l[?2026h[?25l[A[1Gpulling manifest [K
pulling 1849ef83c4dd:  41% ▕███████           ▏ 2.1 GB/5.1 GB   12 MB/s    4m3s[K[?25h[?2026l[?2026h[?25l[A[1Gpulling manifest [K
pulling 1849ef83c4dd:  41% ▕███████           ▏ 2.1 GB/5.1 GB   12 MB/s    4m3s[K[?25h[?2026l[?2026h[?25l[A[1Gpulling manifest [K
pulling 1849ef83c4dd:  41% ▕███████           ▏ 2.1 GB/5.1 GB   12 MB/s    4m3s[K[?25h[?2026l[?2026h[?25l[A[1Gpulling manifest [K
pulling 1849ef83c4dd:  41% ▕███████           ▏ 2.1 GB/5.1 GB   12 MB/s    4m3s[K[?25h[?2026l[?2026h[?25l[A[1Gpulling manifest [K
pulling 1849ef83c4dd:  41% ▕███████           ▏ 2.1 GB/5.1 GB   12 MB/s    4m2s[K[?25h[?2026l[?2026h[?25l[A[1Gpulling manifest [K
pulling 1849ef83c4dd:  41% ▕███████           ▏ 2.1 GB/5.1 GB   12 MB/s    4m2s[K[?25h[?2026l[?2026h[?25l[A[1Gpulling manifest [K
pulling 1849ef83c4dd:  41% ▕███████           ▏ 2.1 GB/5.1 GB   12 MB/s    4m2s[K[?25h[?2026l[?2026h[?25l[A[1Gpulling manifest [K
pulling 1849ef83c4dd:  41% ▕███████           ▏ 2.1 GB/5.1 GB   12 MB/s    4m2s[K[?25h[?2026l[?2026h[?25l[A[1Gpulling manifest [K
pulling 1849ef83c4dd:  41% ▕███████           ▏ 2.1 GB/5.1 GB   12 MB/s    4m2s[K[?25h[?2026l[?2026h[?25l[A[1Gpulling manifest [K
pulling 1849ef83c4dd:  41% ▕███████           ▏ 2.1 GB/5.1 GB   12 MB/s    4m2s[K[?25h[?2026l[?2026h[?25l[A[1Gpulling manifest [K
pulling 1849ef83c4dd:  41% ▕███████           ▏ 2.1 GB/5.1 GB   12 MB/s    4m2s[K[?25h[?2026l[?2026h[?25l[A[1Gpulling manifest [K
pulling 1849ef83c4dd:  41% ▕███████           ▏ 2.1 GB/5.1 GB   12 MB/s    4m2s[K[?25h[?2026l[?2026h[?25l[A[1Gpulling manifest [K
pulling 1849ef83c4dd:  41% ▕███████           ▏ 2.1 GB/5.1 GB   12 MB/s    4m1s[K[?25h[?2026l[?2026h[?25l[A[1Gpulling manifest [K
pulling 1849ef83c4dd:  41% ▕███████           ▏ 2.1 GB/5.1 GB   12 MB/s    4m1s[K[?25h[?2026l[?2026h[?25l[A[1Gpulling manifest [K
pulling 1849ef83c4dd:  41% ▕███████           ▏ 2.1 GB/5.1 GB   12 MB/s    4m0s[K[?25h[?2026l[?2026h[?25l[A[1Gpulling manifest [K
pulling 1849ef83c4dd:  41% ▕███████           ▏ 2.1 GB/5.1 GB   12 MB/s    4m0s[K[?25h[?2026l[?2026h[?25l[A[1Gpulling manifest [K
pulling 1849ef83c4dd:  41% ▕███████           ▏ 2.1 GB/5.1 GB   12 MB/s    4m0s[K[?25h[?2026l[?2026h[?25l[A[1Gpulling manifest [K
pulling 1849ef83c4dd:  41% ▕███████           ▏ 2.1 GB/5.1 GB   12 MB/s    4m0s[K[?25h[?2026l[?2026h[?25l[A[1Gpulling manifest [K
pulling 1849ef83c4dd:  41% ▕███████           ▏ 2.1 GB/5.1 GB   12 MB/s    4m0s[K[?25h[?2026l[?2026h[?25l[A[1Gpulling manifest [K
pulling 1849ef83c4dd:  41% ▕███████           ▏ 2.1 GB/5.1 GB   12 MB/s    4m0s[K[?25h[?2026l[?2026h[?25l[A[1Gpulling manifest [K
pulling 1849ef83c4dd:  41% ▕███████           ▏ 2.1 GB/5.1 GB   12 MB/s    4m0s[K[?25h[?2026l[?2026h[?25l[A[1Gpulling manifest [K
pulling 1849ef83c4dd:  41% ▕███████           ▏ 2.1 GB/5.1 GB   12 MB/s    4m0s[K[?25h[?2026l[?2026h[?25l[A[1Gpulling manifest [K
pulling 1849ef83c4dd:  41% ▕███████           ▏ 2.1 GB/5.1 GB   12 MB/s    4m0s[K[?25h[?2026l[?2026h[?25l[A[1Gpulling manifest [K
pulling 1849ef83c4dd:  41% ▕███████           ▏ 2.1 GB/5.1 GB   12 MB/s   3m57s[K[?25h[?2026l[?2026h[?25l[A[1Gpulling manifest [K
pulling 1849ef83c4dd:  41% ▕███████           ▏ 2.1 GB/5.1 GB   12 MB/s   3m57s[K[?25h[?2026l[?2026h[?25l[A[1Gpulling manifest [K
pulling 1849ef83c4dd:  41% ▕███████           ▏ 2.1 GB/5.1 GB   12 MB/s   3m57s[K[?25h[?2026l[?2026h[?25l[A[1Gpulling manifest [K
pulling 1849ef83c4dd:  41% ▕███████           ▏ 2.1 GB/5.1 GB   12 MB/s   3m57s[K[?25h[?2026l[?2026h[?25l[A[1Gpulling manifest [K
pulling 1849ef83c4dd:  41% ▕███████           ▏ 2.1 GB/5.1 GB   12 MB/s   3m57s[K[?25h[?2026l[?2026h[?25l[A[1Gpulling manifest [K
pulling 1849ef83c4dd:  41% ▕███████           ▏ 2.1 GB/5.1 GB   12 MB/s   3m57s[K[?25h[?2026l[?2026h[?25l[A[1Gpulling manifest [K
pulling 1849ef83c4dd:  41% ▕███████           ▏ 2.1 GB/5.1 GB   12 MB/s   3m57s[K[?25h[?2026l[?2026h[?25l[A[1Gpulling manifest [K
pulling 1849ef83c4dd:  41% ▕███████           ▏ 2.1 GB/5.1 GB   12 MB/s   3m57s[K[?25h[?2026l[?2026h[?25l[A[1Gpulling manifest [K
pulling 1849ef83c4dd:  41% ▕███████           ▏ 2.1 GB/5.1 GB   12 MB/s   3m57s[K[?25h[?2026l[?2026h[?25l[A[1Gpulling manifest [K
pulling 1849ef83c4dd:  41% ▕███████           ▏ 2.1 GB/5.1 GB   12 MB/s   3m56s[K[?25h[?2026l[?2026h[?25l[A[1Gpulling manifest [K
pulling 1849ef83c4dd:  41% ▕███████           ▏ 2.1 GB/5.1 GB   12 MB/s   3m56s[K[?25h[?2026l[?2026h[?25l[A[1Gpulling manifest [K
pulling 1849ef83c4dd:  41% ▕███████           ▏ 2.1 GB/5.1 GB   12 MB/s   3m56s[K[?25h[?2026l[?2026h[?25l[A[1Gpulling manifest [K
pulling 1849ef83c4dd:  41% ▕███████           ▏ 2.1 GB/5.1 GB   12 MB/s   3m56s[K[?25h[?2026l[?2026h[?25l[A[1Gpulling manifest [K
pulling 1849ef83c4dd:  42% ▕███████           ▏ 2.1 GB/5.1 GB   12 MB/s   3m56s[K[?25h[?2026l[?2026h[?25l[A[1Gpulling manifest [K
pulling 1849ef83c4dd:  42% ▕███████           ▏ 2.1 GB/5.1 GB   12 MB/s   3m56s[K[?25h[?2026l[?2026h[?25l[A[1Gpulling manifest [K
pulling 1849ef83c4dd:  42% ▕███████           ▏ 2.1 GB/5.1 GB   12 MB/s   3m56s[K[?25h[?2026l[?2026h[?25l[A[1Gpulling manifest [K
pulling 1849ef83c4dd:  42% ▕███████           ▏ 2.1 GB/5.1 GB   12 MB/s   3m56s[K[?25h[?2026l[?2026h[?25l[A[1Gpulling manifest [K
pulling 1849ef83c4dd:  42% ▕███████           ▏ 2.1 GB/5.1 GB   12 MB/s   3m56s[K[?25h[?2026l[?2026h[?25l[A[1Gpulling manifest [K
pulling 1849ef83c4dd:  42% ▕███████           ▏ 2.1 GB/5.1 GB   12 MB/s   3m55s[K[?25h[?2026l[?2026h[?25l[A[1Gpulling manifest [K
pulling 1849ef83c4dd:  42% ▕███████           ▏ 2.1 GB/5.1 GB   12 MB/s   3m55s[K[?25h[?2026l[?2026h[?25l[A[1Gpulling manifest [K
pulling 1849ef83c4dd:  42% ▕███████           ▏ 2.1 GB/5.1 GB   12 MB/s   3m55s[K[?25h[?2026l[?2026h[?25l[A[1Gpulling manifest [K
pulling 1849ef83c4dd:  42% ▕███████           ▏ 2.1 GB/5.1 GB   12 MB/s   3m55s[K[?25h[?2026l[?2026h[?25l[A[1Gpulling manifest [K
pulling 1849ef83c4dd:  42% ▕███████           ▏ 2.1 GB/5.1 GB   12 MB/s   3m55s[K[?25h[?2026l[?2026h[?25l[A[1Gpulling manifest [K
pulling 1849ef83c4dd:  42% ▕███████           ▏ 2.1 GB/5.1 GB   12 MB/s   3m55s[K[?25h[?2026l[?2026h[?25l[A[1Gpulling manifest [K
pulling 1849ef83c4dd:  42% ▕███████           ▏ 2.1 GB/5.1 GB   12 MB/s   3m54s[K[?25h[?2026l[?2026h[?25l[A[1Gpulling manifest [K
pulling 1849ef83c4dd:  42% ▕███████           ▏ 2.1 GB/5.1 GB   12 MB/s   3m54s[K[?25h[?2026l[?2026h[?25l[A[1Gpulling manifest [K
pulling 1849ef83c4dd:  42% ▕███████           ▏ 2.1 GB/5.1 GB   12 MB/s   3m54s[K[?25h[?2026l[?2026h[?25l[A[1Gpulling manifest [K
pulling 1849ef83c4dd:  42% ▕███████           ▏ 2.1 GB/5.1 GB   12 MB/s   3m54s[K[?25h[?2026l[?2026h[?25l[A[1Gpulling manifest [K
pulling 1849ef83c4dd:  42% ▕███████           ▏ 2.1 GB/5.1 GB   12 MB/s   3m54s[K[?25h[?2026l[?2026h[?25l[A[1Gpulling manifest [K
pulling 1849ef83c4dd:  42% ▕███████           ▏ 2.2 GB/5.1 GB   12 MB/s   3m54s[K[?25h[?2026l[?2026h[?25l[A[1Gpulling manifest [K
pulling 1849ef83c4dd:  42% ▕███████           ▏ 2.2 GB/5.1 GB   12 MB/s   3m54s[K[?25h[?2026l[?2026h[?25l[A[1Gpulling manifest [K
pulling 1849ef83c4dd:  42% ▕███████           ▏ 2.2 GB/5.1 GB   12 MB/s   3m54s[K[?25h[?2026l[?2026h[?25l[A[1Gpulling manifest [K
pulling 1849ef83c4dd:  42% ▕███████           ▏ 2.2 GB/5.1 GB   12 MB/s   3m54s[K[?25h[?2026l[?2026h[?25l[A[1Gpulling manifest [K
pulling 1849ef83c4dd:  42% ▕███████           ▏ 2.2 GB/5.1 GB   12 MB/s   3m53s[K[?25h[?2026l[?2026h[?25l[A[1Gpulling manifest [K
pulling 1849ef83c4dd:  42% ▕███████           ▏ 2.2 GB/5.1 GB   12 MB/s   3m53s[K[?25h[?2026l[?2026h[?25l[A[1Gpulling manifest [K
pulling 1849ef83c4dd:  42% ▕███████           ▏ 2.2 GB/5.1 GB   12 MB/s   3m53s[K[?25h[?2026l[?2026h[?25l[A[1Gpulling manifest [K
pulling 1849ef83c4dd:  42% ▕███████           ▏ 2.2 GB/5.1 GB   12 MB/s   3m53s[K[?25h[?2026l[?2026h[?25l[A[1Gpulling manifest [K
pulling 1849ef83c4dd:  42% ▕███████           ▏ 2.2 GB/5.1 GB   12 MB/s   3m53s[K[?25h[?2026l[?2026h[?25l[A[1Gpulling manifest [K
pulling 1849ef83c4dd:  42% ▕███████           ▏ 2.2 GB/5.1 GB   12 MB/s   3m53s[K[?25h[?2026l[?2026h[?25l[A[1Gpulling manifest [K
pulling 1849ef83c4dd:  42% ▕███████           ▏ 2.2 GB/5.1 GB   12 MB/s   3m53s[K[?25h[?2026l[?2026h[?25l[A[1Gpulling manifest [K
pulling 1849ef83c4dd:  42% ▕███████           ▏ 2.2 GB/5.1 GB   12 MB/s   3m53s[K[?25h[?2026l[?2026h[?25l[A[1Gpulling manifest [K
pulling 1849ef83c4dd:  42% ▕███████           ▏ 2.2 GB/5.1 GB   12 MB/s   3m53s[K[?25h[?2026l[?2026h[?25l[A[1Gpulling manifest [K
pulling 1849ef83c4dd:  42% ▕███████           ▏ 2.2 GB/5.1 GB   12 MB/s   3m52s[K[?25h[?2026l[?2026h[?25l[A[1Gpulling manifest [K
pulling 1849ef83c4dd:  42% ▕███████           ▏ 2.2 GB/5.1 GB   12 MB/s   3m52s[K[?25h[?2026l[?2026h[?25l[A[1Gpulling manifest [K
pulling 1849ef83c4dd:  42% ▕███████           ▏ 2.2 GB/5.1 GB   12 MB/s   3m52s[K[?25h[?2026l[?2026h[?25l[A[1Gpulling manifest [K
pulling 1849ef83c4dd:  42% ▕███████           ▏ 2.2 GB/5.1 GB   12 MB/s   3m52s[K[?25h[?2026l[?2026h[?25l[A[1Gpulling manifest [K
pulling 1849ef83c4dd:  42% ▕███████           ▏ 2.2 GB/5.1 GB   12 MB/s   3m52s[K[?25h[?2026l[?2026h[?25l[A[1Gpulling manifest [K
pulling 1849ef83c4dd:  42% ▕███████           ▏ 2.2 GB/5.1 GB   12 MB/s   3m52s[K[?25h[?2026l[?2026h[?25l[A[1Gpulling manifest [K
pulling 1849ef83c4dd:  42% ▕███████           ▏ 2.2 GB/5.1 GB   12 MB/s   3m52s[K[?25h[?2026l[?2026h[?25l[A[1Gpulling manifest [K
pulling 1849ef83c4dd:  42% ▕███████           ▏ 2.2 GB/5.1 GB   12 MB/s   3m52s[K[?25h[?2026l[?2026h[?25l[A[1Gpulling manifest [K
pulling 1849ef83c4dd:  42% ▕███████           ▏ 2.2 GB/5.1 GB   12 MB/s   3m52s[K[?25h[?2026l[?2026h[?25l[A[1Gpulling manifest [K
pulling 1849ef83c4dd:  42% ▕███████           ▏ 2.2 GB/5.1 GB   12 MB/s   3m52s[K[?25h[?2026l[?2026h[?25l[A[1Gpulling manifest [K
pulling 1849ef83c4dd:  42% ▕███████           ▏ 2.2 GB/5.1 GB   12 MB/s   3m52s[K[?25h[?2026l[?2026h[?25l[A[1Gpulling manifest [K
pulling 1849ef83c4dd:  42% ▕███████           ▏ 2.2 GB/5.1 GB   12 MB/s   3m52s[K[?25h[?2026l[?2026h[?25l[A[1Gpulling manifest [K
pulling 1849ef83c4dd:  43% ▕███████           ▏ 2.2 GB/5.1 GB   12 MB/s   3m52s[K[?25h[?2026l[?2026h[?25l[A[1Gpulling manifest [K
pulling 1849ef83c4dd:  43% ▕███████           ▏ 2.2 GB/5.1 GB   12 MB/s   3m52s[K[?25h[?2026l[?2026h[?25l[A[1Gpulling manifest [K
pulling 1849ef83c4dd:  43% ▕███████           ▏ 2.2 GB/5.1 GB   12 MB/s   3m52s[K[?25h[?2026l[?2026h[?25l[A[1Gpulling manifest [K
pulling 1849ef83c4dd:  43% ▕███████           ▏ 2.2 GB/5.1 GB   12 MB/s   3m51s[K[?25h[?2026l[?2026h[?25l[A[1Gpulling manifest [K
pulling 1849ef83c4dd:  43% ▕███████           ▏ 2.2 GB/5.1 GB   12 MB/s   3m51s[K[?25h[?2026l[?2026h[?25l[A[1Gpulling manifest [K
pulling 1849ef83c4dd:  43% ▕███████           ▏ 2.2 GB/5.1 GB   12 MB/s   3m51s[K[?25h[?2026l[?2026h[?25l[A[1Gpulling manifest [K
pulling 1849ef83c4dd:  43% ▕███████           ▏ 2.2 GB/5.1 GB   12 MB/s   3m51s[K[?25h[?2026l[?2026h[?25l[A[1Gpulling manifest [K
pulling 1849ef83c4dd:  43% ▕███████           ▏ 2.2 GB/5.1 GB   12 MB/s   3m53s[K[?25h[?2026l[?2026h[?25l[A[1Gpulling manifest [K
pulling 1849ef83c4dd:  43% ▕███████           ▏ 2.2 GB/5.1 GB   12 MB/s   3m53s[K[?25h[?2026l[?2026h[?25l[A[1Gpulling manifest [K
pulling 1849ef83c4dd:  43% ▕███████           ▏ 2.2 GB/5.1 GB   12 MB/s   3m53s[K[?25h[?2026l[?2026h[?25l[A[1Gpulling manifest [K
pulling 1849ef83c4dd:  43% ▕███████           ▏ 2.2 GB/5.1 GB   12 MB/s   3m53s[K[?25h[?2026l[?2026h[?25l[A[1Gpulling manifest [K
pulling 1849ef83c4dd:  43% ▕███████           ▏ 2.2 GB/5.1 GB   12 MB/s   3m53s[K[?25h[?2026l[?2026h[?25l[A[1Gpulling manifest [K
pulling 1849ef83c4dd:  43% ▕███████           ▏ 2.2 GB/5.1 GB   12 MB/s   3m53s[K[?25h[?2026l[?2026h[?25l[A[1Gpulling manifest [K
pulling 1849ef83c4dd:  43% ▕███████           ▏ 2.2 GB/5.1 GB   12 MB/s   3m53s[K[?25h[?2026l[?2026h[?25l[A[1Gpulling manifest [K
pulling 1849ef83c4dd:  43% ▕███████           ▏ 2.2 GB/5.1 GB   12 MB/s   3m53s[K[?25h[?2026l[?2026h[?25l[A[1Gpulling manifest [K
pulling 1849ef83c4dd:  43% ▕███████           ▏ 2.2 GB/5.1 GB   12 MB/s   3m53s[K[?25h[?2026l[?2026h[?25l[A[1Gpulling manifest [K
pulling 1849ef83c4dd:  43% ▕███████           ▏ 2.2 GB/5.1 GB   12 MB/s   3m53s[K[?25h[?2026l[?2026h[?25l[A[1Gpulling manifest [K
pulling 1849ef83c4dd:  43% ▕███████           ▏ 2.2 GB/5.1 GB   12 MB/s   3m54s[K[?25h[?2026l[?2026h[?25l[A[1Gpulling manifest [K
pulling 1849ef83c4dd:  43% ▕███████           ▏ 2.2 GB/5.1 GB   12 MB/s   3m53s[K[?25h[?2026l[?2026h[?25l[A[1Gpulling manifest [K
pulling 1849ef83c4dd:  43% ▕███████           ▏ 2.2 GB/5.1 GB   12 MB/s   3m53s[K[?25h[?2026l[?2026h[?25l[A[1Gpulling manifest [K
pulling 1849ef83c4dd:  43% ▕███████           ▏ 2.2 GB/5.1 GB   12 MB/s   3m53s[K[?25h[?2026l[?2026h[?25l[A[1Gpulling manifest [K
pulling 1849ef83c4dd:  43% ▕███████           ▏ 2.2 GB/5.1 GB   12 MB/s   3m53s[K[?25h[?2026l[?2026h[?25l[A[1Gpulling manifest [K
pulling 1849ef83c4dd:  43% ▕███████           ▏ 2.2 GB/5.1 GB   12 MB/s   3m53s[K[?25h[?2026l[?2026h[?25l[A[1Gpulling manifest [K
pulling 1849ef83c4dd:  43% ▕███████           ▏ 2.2 GB/5.1 GB   12 MB/s   3m53s[K[?25h[?2026l[?2026h[?25l[A[1Gpulling manifest [K
pulling 1849ef83c4dd:  43% ▕███████           ▏ 2.2 GB/5.1 GB   12 MB/s   3m53s[K[?25h[?2026l[?2026h[?25l[A[1Gpulling manifest [K
pulling 1849ef83c4dd:  43% ▕███████           ▏ 2.2 GB/5.1 GB   12 MB/s   3m53s[K[?25h[?2026l[?2026h[?25l[A[1Gpulling manifest [K
pulling 1849ef83c4dd:  43% ▕███████           ▏ 2.2 GB/5.1 GB   12 MB/s   3m53s[K[?25h[?2026l[?2026h[?25l[A[1Gpulling manifest [K
pulling 1849ef83c4dd:  43% ▕███████           ▏ 2.2 GB/5.1 GB   12 MB/s   3m52s[K[?25h[?2026l[?2026h[?25l[A[1Gpulling manifest [K
pulling 1849ef83c4dd:  43% ▕███████           ▏ 2.2 GB/5.1 GB   12 MB/s   3m52s[K[?25h[?2026l[?2026h[?25l[A[1Gpulling manifest [K
pulling 1849ef83c4dd:  43% ▕███████           ▏ 2.2 GB/5.1 GB   12 MB/s   3m52s[K[?25h[?2026l[?2026h[?25l[A[1Gpulling manifest [K
pulling 1849ef83c4dd:  43% ▕███████           ▏ 2.2 GB/5.1 GB   12 MB/s   3m52s[K[?25h[?2026l[?2026h[?25l[A[1Gpulling manifest [K
pulling 1849ef83c4dd:  43% ▕███████           ▏ 2.2 GB/5.1 GB   12 MB/s   3m52s[K[?25h[?2026l[?2026h[?25l[A[1Gpulling manifest [K
pulling 1849ef83c4dd:  43% ▕███████           ▏ 2.2 GB/5.1 GB   12 MB/s   3m52s[K[?25h[?2026l[?2026h[?25l[A[1Gpulling manifest [K
pulling 1849ef83c4dd:  43% ▕███████           ▏ 2.2 GB/5.1 GB   12 MB/s   3m52s[K[?25h[?2026l[?2026h[?25l[A[1Gpulling manifest [K
pulling 1849ef83c4dd:  43% ▕███████           ▏ 2.2 GB/5.1 GB   12 MB/s   3m51s[K[?25h[?2026l[?2026h[?25l[A[1Gpulling manifest [K
pulling 1849ef83c4dd:  43% ▕███████           ▏ 2.2 GB/5.1 GB   12 MB/s   3m51s[K[?25h[?2026l[?2026h[?25l[A[1Gpulling manifest [K
pulling 1849ef83c4dd:  43% ▕███████           ▏ 2.2 GB/5.1 GB   12 MB/s   3m51s[K[?25h[?2026l[?2026h[?25l[A[1Gpulling manifest [K
pulling 1849ef83c4dd:  43% ▕███████           ▏ 2.2 GB/5.1 GB   12 MB/s   3m52s[K[?25h[?2026l[?2026h[?25l[A[1Gpulling manifest [K
pulling 1849ef83c4dd:  43% ▕███████           ▏ 2.2 GB/5.1 GB   12 MB/s   3m52s[K[?25h[?2026l[?2026h[?25l[A[1Gpulling manifest [K
pulling 1849ef83c4dd:  43% ▕███████           ▏ 2.2 GB/5.1 GB   12 MB/s   3m52s[K[?25h[?2026l[?2026h[?25l[A[1Gpulling manifest [K
pulling 1849ef83c4dd:  43% ▕███████           ▏ 2.2 GB/5.1 GB   12 MB/s   3m52s[K[?25h[?2026l[?2026h[?25l[A[1Gpulling manifest [K
pulling 1849ef83c4dd:  43% ▕███████           ▏ 2.2 GB/5.1 GB   12 MB/s   3m52s[K[?25h[?2026l[?2026h[?25l[A[1Gpulling manifest [K
pulling 1849ef83c4dd:  43% ▕███████           ▏ 2.2 GB/5.1 GB   12 MB/s   3m52s[K[?25h[?2026l[?2026h[?25l[A[1Gpulling manifest [K
pulling 1849ef83c4dd:  44% ▕███████           ▏ 2.2 GB/5.1 GB   12 MB/s   3m52s[K[?25h[?2026l[?2026h[?25l[A[1Gpulling manifest [K
pulling 1849ef83c4dd:  44% ▕███████           ▏ 2.2 GB/5.1 GB   12 MB/s   3m52s[K[?25h[?2026l[?2026h[?25l[A[1Gpulling manifest [K
pulling 1849ef83c4dd:  44% ▕███████           ▏ 2.2 GB/5.1 GB   12 MB/s   3m52s[K[?25h[?2026l[?2026h[?25l[A[1Gpulling manifest [K
pulling 1849ef83c4dd:  44% ▕███████           ▏ 2.2 GB/5.1 GB   12 MB/s   3m51s[K[?25h[?2026l[?2026h[?25l[A[1Gpulling manifest [K
pulling 1849ef83c4dd:  44% ▕███████           ▏ 2.2 GB/5.1 GB   12 MB/s   3m51s[K[?25h[?2026l[?2026h[?25l[A[1Gpulling manifest [K
pulling 1849ef83c4dd:  44% ▕███████           ▏ 2.2 GB/5.1 GB   12 MB/s   3m51s[K[?25h[?2026l[?2026h[?25l[A[1Gpulling manifest [K
pulling 1849ef83c4dd:  44% ▕███████           ▏ 2.2 GB/5.1 GB   12 MB/s   3m51s[K[?25h[?2026l[?2026h[?25l[A[1Gpulling manifest [K
pulling 1849ef83c4dd:  44% ▕███████           ▏ 2.2 GB/5.1 GB   12 MB/s   3m51s[K[?25h[?2026l[?2026h[?25l[A[1Gpulling manifest [K
pulling 1849ef83c4dd:  44% ▕███████           ▏ 2.2 GB/5.1 GB   12 MB/s   3m51s[K[?25h[?2026l[?2026h[?25l[A[1Gpulling manifest [K
pulling 1849ef83c4dd:  44% ▕███████           ▏ 2.2 GB/5.1 GB   12 MB/s   3m51s[K[?25h[?2026l[?2026h[?25l[A[1Gpulling manifest [K
pulling 1849ef83c4dd:  44% ▕███████           ▏ 2.2 GB/5.1 GB   12 MB/s   3m50s[K[?25h[?2026l[?2026h[?25l[A[1Gpulling manifest [K
pulling 1849ef83c4dd:  44% ▕███████           ▏ 2.2 GB/5.1 GB   12 MB/s   3m50s[K[?25h[?2026l[?2026h[?25l[A[1Gpulling manifest [K
pulling 1849ef83c4dd:  44% ▕███████           ▏ 2.2 GB/5.1 GB   12 MB/s   3m50s[K[?25h[?2026l[?2026h[?25l[A[1Gpulling manifest [K
pulling 1849ef83c4dd:  44% ▕███████           ▏ 2.2 GB/5.1 GB   12 MB/s   3m50s[K[?25h[?2026l[?2026h[?25l[A[1Gpulling manifest [K
pulling 1849ef83c4dd:  44% ▕███████           ▏ 2.3 GB/5.1 GB   12 MB/s   3m50s[K[?25h[?2026l[?2026h[?25l[A[1Gpulling manifest [K
pulling 1849ef83c4dd:  44% ▕███████           ▏ 2.3 GB/5.1 GB   12 MB/s   3m50s[K[?25h[?2026l[?2026h[?25l[A[1Gpulling manifest [K
pulling 1849ef83c4dd:  44% ▕███████           ▏ 2.3 GB/5.1 GB   12 MB/s   3m50s[K[?25h[?2026l[?2026h[?25l[A[1Gpulling manifest [K
pulling 1849ef83c4dd:  44% ▕███████           ▏ 2.3 GB/5.1 GB   12 MB/s   3m50s[K[?25h[?2026l[?2026h[?25l[A[1Gpulling manifest [K
pulling 1849ef83c4dd:  44% ▕███████           ▏ 2.3 GB/5.1 GB   12 MB/s   3m50s[K[?25h[?2026l[?2026h[?25l[A[1Gpulling manifest [K
pulling 1849ef83c4dd:  44% ▕███████           ▏ 2.3 GB/5.1 GB   12 MB/s   3m50s[K[?25h[?2026l[?2026h[?25l[A[1Gpulling manifest [K
pulling 1849ef83c4dd:  44% ▕███████           ▏ 2.3 GB/5.1 GB   12 MB/s   3m49s[K[?25h[?2026l[?2026h[?25l[A[1Gpulling manifest [K
pulling 1849ef83c4dd:  44% ▕███████           ▏ 2.3 GB/5.1 GB   12 MB/s   3m49s[K[?25h[?2026l[?2026h[?25l[A[1Gpulling manifest [K
pulling 1849ef83c4dd:  44% ▕███████           ▏ 2.3 GB/5.1 GB   12 MB/s   3m49s[K[?25h[?2026l[?2026h[?25l[A[1Gpulling manifest [K
pulling 1849ef83c4dd:  44% ▕███████           ▏ 2.3 GB/5.1 GB   12 MB/s   3m49s[K[?25h[?2026l[?2026h[?25l[A[1Gpulling manifest [K
pulling 1849ef83c4dd:  44% ▕███████           ▏ 2.3 GB/5.1 GB   12 MB/s   3m49s[K[?25h[?2026l[?2026h[?25l[A[1Gpulling manifest [K
pulling 1849ef83c4dd:  44% ▕███████           ▏ 2.3 GB/5.1 GB   12 MB/s   3m49s[K[?25h[?2026l[?2026h[?25l[A[1Gpulling manifest [K
pulling 1849ef83c4dd:  44% ▕███████           ▏ 2.3 GB/5.1 GB   12 MB/s   3m49s[K[?25h[?2026l[?2026h[?25l[A[1Gpulling manifest [K
pulling 1849ef83c4dd:  44% ▕███████           ▏ 2.3 GB/5.1 GB   12 MB/s   3m49s[K[?25h[?2026l[?2026h[?25l[A[1Gpulling manifest [K
pulling 1849ef83c4dd:  44% ▕███████           ▏ 2.3 GB/5.1 GB   12 MB/s   3m49s[K[?25h[?2026l[?2026h[?25l[A[1Gpulling manifest [K
pulling 1849ef83c4dd:  44% ▕███████           ▏ 2.3 GB/5.1 GB   12 MB/s   3m49s[K[?25h[?2026l[?2026h[?25l[A[1Gpulling manifest [K
pulling 1849ef83c4dd:  44% ▕███████           ▏ 2.3 GB/5.1 GB   12 MB/s   3m49s[K[?25h[?2026l[?2026h[?25l[A[1Gpulling manifest [K
pulling 1849ef83c4dd:  44% ▕███████           ▏ 2.3 GB/5.1 GB   12 MB/s   3m49s[K[?25h[?2026l[?2026h[?25l[A[1Gpulling manifest [K
pulling 1849ef83c4dd:  44% ▕███████           ▏ 2.3 GB/5.1 GB   12 MB/s   3m49s[K[?25h[?2026l[?2026h[?25l[A[1Gpulling manifest [K
pulling 1849ef83c4dd:  44% ▕███████           ▏ 2.3 GB/5.1 GB   12 MB/s   3m49s[K[?25h[?2026l[?2026h[?25l[A[1Gpulling manifest [K
pulling 1849ef83c4dd:  44% ▕███████           ▏ 2.3 GB/5.1 GB   12 MB/s   3m49s[K[?25h[?2026l[?2026h[?25l[A[1Gpulling manifest [K
pulling 1849ef83c4dd:  44% ▕███████           ▏ 2.3 GB/5.1 GB   12 MB/s   3m49s[K[?25h[?2026l[?2026h[?25l[A[1Gpulling manifest [K
pulling 1849ef83c4dd:  44% ▕███████           ▏ 2.3 GB/5.1 GB   12 MB/s   3m49s[K[?25h[?2026l[?2026h[?25l[A[1Gpulling manifest [K
pulling 1849ef83c4dd:  44% ▕███████           ▏ 2.3 GB/5.1 GB   12 MB/s   3m49s[K[?25h[?2026l[?2026h[?25l[A[1Gpulling manifest [K
pulling 1849ef83c4dd:  44% ▕████████          ▏ 2.3 GB/5.1 GB   12 MB/s   3m49s[K[?25h[?2026l[?2026h[?25l[A[1Gpulling manifest [K
pulling 1849ef83c4dd:  44% ▕████████          ▏ 2.3 GB/5.1 GB   12 MB/s   3m49s[K[?25h[?2026l[?2026h[?25l[A[1Gpulling manifest [K
pulling 1849ef83c4dd:  44% ▕████████          ▏ 2.3 GB/5.1 GB   12 MB/s   3m49s[K[?25h[?2026l[?2026h[?25l[A[1Gpulling manifest [K
pulling 1849ef83c4dd:  44% ▕████████          ▏ 2.3 GB/5.1 GB   12 MB/s   3m49s[K[?25h[?2026l[?2026h[?25l[A[1Gpulling manifest [K
pulling 1849ef83c4dd:  45% ▕████████          ▏ 2.3 GB/5.1 GB   12 MB/s   3m49s[K[?25h[?2026l[?2026h[?25l[A[1Gpulling manifest [K
pulling 1849ef83c4dd:  45% ▕████████          ▏ 2.3 GB/5.1 GB   12 MB/s   3m48s[K[?25h[?2026l[?2026h[?25l[A[1Gpulling manifest [K
pulling 1849ef83c4dd:  45% ▕████████          ▏ 2.3 GB/5.1 GB   12 MB/s   3m48s[K[?25h[?2026l[?2026h[?25l[A[1Gpulling manifest [K
pulling 1849ef83c4dd:  45% ▕████████          ▏ 2.3 GB/5.1 GB   12 MB/s   3m53s[K[?25h[?2026l[?2026h[?25l[A[1Gpulling manifest [K
pulling 1849ef83c4dd:  45% ▕████████          ▏ 2.3 GB/5.1 GB   12 MB/s   3m53s[K[?25h[?2026l[?2026h[?25l[A[1Gpulling manifest [K
pulling 1849ef83c4dd:  45% ▕████████          ▏ 2.3 GB/5.1 GB   12 MB/s   3m53s[K[?25h[?2026l[?2026h[?25l[A[1Gpulling manifest [K
pulling 1849ef83c4dd:  45% ▕████████          ▏ 2.3 GB/5.1 GB   12 MB/s   3m53s[K[?25h[?2026l[?2026h[?25l[A[1Gpulling manifest [K
pulling 1849ef83c4dd:  45% ▕████████          ▏ 2.3 GB/5.1 GB   12 MB/s   3m53s[K[?25h[?2026l[?2026h[?25l[A[1Gpulling manifest [K
pulling 1849ef83c4dd:  45% ▕████████          ▏ 2.3 GB/5.1 GB   12 MB/s   3m53s[K[?25h[?2026l[?2026h[?25l[A[1Gpulling manifest [K
pulling 1849ef83c4dd:  45% ▕████████          ▏ 2.3 GB/5.1 GB   12 MB/s   3m53s[K[?25h[?2026l[?2026h[?25l[A[1Gpulling manifest [K
pulling 1849ef83c4dd:  45% ▕████████          ▏ 2.3 GB/5.1 GB   12 MB/s   3m53s[K[?25h[?2026l[?2026h[?25l[A[1Gpulling manifest [K
pulling 1849ef83c4dd:  45% ▕████████          ▏ 2.3 GB/5.1 GB   12 MB/s   3m53s[K[?25h[?2026l[?2026h[?25l[A[1Gpulling manifest [K
pulling 1849ef83c4dd:  45% ▕████████          ▏ 2.3 GB/5.1 GB   12 MB/s   3m52s[K[?25h[?2026l[?2026h[?25l[A[1Gpulling manifest [K
pulling 1849ef83c4dd:  45% ▕████████          ▏ 2.3 GB/5.1 GB   12 MB/s   3m52s[K[?25h[?2026l[?2026h[?25l[A[1Gpulling manifest [K
pulling 1849ef83c4dd:  45% ▕████████          ▏ 2.3 GB/5.1 GB   12 MB/s   3m49s[K[?25h[?2026l[?2026h[?25l[A[1Gpulling manifest [K
pulling 1849ef83c4dd:  45% ▕████████          ▏ 2.3 GB/5.1 GB   12 MB/s   3m49s[K[?25h[?2026l[?2026h[?25l[A[1Gpulling manifest [K
pulling 1849ef83c4dd:  45% ▕████████          ▏ 2.3 GB/5.1 GB   12 MB/s   3m49s[K[?25h[?2026l[?2026h[?25l[A[1Gpulling manifest [K
pulling 1849ef83c4dd:  45% ▕████████          ▏ 2.3 GB/5.1 GB   12 MB/s   3m49s[K[?25h[?2026l[?2026h[?25l[A[1Gpulling manifest [K
pulling 1849ef83c4dd:  45% ▕████████          ▏ 2.3 GB/5.1 GB   12 MB/s   3m49s[K[?25h[?2026l[?2026h[?25l[A[1Gpulling manifest [K
pulling 1849ef83c4dd:  45% ▕████████          ▏ 2.3 GB/5.1 GB   12 MB/s   3m49s[K[?25h[?2026l[?2026h[?25l[A[1Gpulling manifest [K
pulling 1849ef83c4dd:  45% ▕████████          ▏ 2.3 GB/5.1 GB   12 MB/s   3m49s[K[?25h[?2026l[?2026h[?25l[A[1Gpulling manifest [K
pulling 1849ef83c4dd:  45% ▕████████          ▏ 2.3 GB/5.1 GB   12 MB/s   3m49s[K[?25h[?2026l[?2026h[?25l[A[1Gpulling manifest [K
pulling 1849ef83c4dd:  45% ▕████████          ▏ 2.3 GB/5.1 GB   12 MB/s   3m49s[K[?25h[?2026l[?2026h[?25l[A[1Gpulling manifest [K
pulling 1849ef83c4dd:  45% ▕████████          ▏ 2.3 GB/5.1 GB   12 MB/s   3m49s[K[?25h[?2026l[?2026h[?25l[A[1Gpulling manifest [K
pulling 1849ef83c4dd:  45% ▕████████          ▏ 2.3 GB/5.1 GB   12 MB/s   3m48s[K[?25h[?2026l[?2026h[?25l[A[1Gpulling manifest [K
pulling 1849ef83c4dd:  45% ▕████████          ▏ 2.3 GB/5.1 GB   12 MB/s   3m48s[K[?25h[?2026l[?2026h[?25l[A[1Gpulling manifest [K
pulling 1849ef83c4dd:  45% ▕████████          ▏ 2.3 GB/5.1 GB   12 MB/s   3m48s[K[?25h[?2026l[?2026h[?25l[A[1Gpulling manifest [K
pulling 1849ef83c4dd:  45% ▕████████          ▏ 2.3 GB/5.1 GB   12 MB/s   3m48s[K[?25h[?2026l[?2026h[?25l[A[1Gpulling manifest [K
pulling 1849ef83c4dd:  45% ▕████████          ▏ 2.3 GB/5.1 GB   12 MB/s   3m48s[K[?25h[?2026l[?2026h[?25l[A[1Gpulling manifest [K
pulling 1849ef83c4dd:  45% ▕████████          ▏ 2.3 GB/5.1 GB   12 MB/s   3m48s[K[?25h[?2026l[?2026h[?25l[A[1Gpulling manifest [K
pulling 1849ef83c4dd:  45% ▕████████          ▏ 2.3 GB/5.1 GB   12 MB/s   3m48s[K[?25h[?2026l[?2026h[?25l[A[1Gpulling manifest [K
pulling 1849ef83c4dd:  45% ▕████████          ▏ 2.3 GB/5.1 GB   12 MB/s   3m48s[K[?25h[?2026l[?2026h[?25l[A[1Gpulling manifest [K
pulling 1849ef83c4dd:  45% ▕████████          ▏ 2.3 GB/5.1 GB   12 MB/s   3m48s[K[?25h[?2026l[?2026h[?25l[A[1Gpulling manifest [K
pulling 1849ef83c4dd:  45% ▕████████          ▏ 2.3 GB/5.1 GB   12 MB/s   3m47s[K[?25h[?2026l[?2026h[?25l[A[1Gpulling manifest [K
pulling 1849ef83c4dd:  45% ▕████████          ▏ 2.3 GB/5.1 GB   12 MB/s   3m47s[K[?25h[?2026l[?2026h[?25l[A[1Gpulling manifest [K
pulling 1849ef83c4dd:  45% ▕████████          ▏ 2.3 GB/5.1 GB   12 MB/s   3m47s[K[?25h[?2026l[?2026h[?25l[A[1Gpulling manifest [K
pulling 1849ef83c4dd:  45% ▕████████          ▏ 2.3 GB/5.1 GB   12 MB/s   3m47s[K[?25h[?2026l[?2026h[?25l[A[1Gpulling manifest [K
pulling 1849ef83c4dd:  45% ▕████████          ▏ 2.3 GB/5.1 GB   12 MB/s   3m47s[K[?25h[?2026l[?2026h[?25l[A[1Gpulling manifest [K
pulling 1849ef83c4dd:  45% ▕████████          ▏ 2.3 GB/5.1 GB   12 MB/s   3m47s[K[?25h[?2026l[?2026h[?25l[A[1Gpulling manifest [K
pulling 1849ef83c4dd:  45% ▕████████          ▏ 2.3 GB/5.1 GB   12 MB/s   3m47s[K[?25h[?2026l[?2026h[?25l[A[1Gpulling manifest [K
pulling 1849ef83c4dd:  45% ▕████████          ▏ 2.3 GB/5.1 GB   12 MB/s   3m47s[K[?25h[?2026l[?2026h[?25l[A[1Gpulling manifest [K
pulling 1849ef83c4dd:  45% ▕████████          ▏ 2.3 GB/5.1 GB   12 MB/s   3m46s[K[?25h[?2026l[?2026h[?25l[A[1Gpulling manifest [K
pulling 1849ef83c4dd:  46% ▕████████          ▏ 2.3 GB/5.1 GB   12 MB/s   3m46s[K[?25h[?2026l[?2026h[?25l[A[1Gpulling manifest [K
pulling 1849ef83c4dd:  46% ▕████████          ▏ 2.3 GB/5.1 GB   12 MB/s   3m46s[K[?25h[?2026l[?2026h[?25l[A[1Gpulling manifest [K
pulling 1849ef83c4dd:  46% ▕████████          ▏ 2.3 GB/5.1 GB   12 MB/s   3m46s[K[?25h[?2026l[?2026h[?25l[A[1Gpulling manifest [K
pulling 1849ef83c4dd:  46% ▕████████          ▏ 2.3 GB/5.1 GB   12 MB/s   3m46s[K[?25h[?2026l[?2026h[?25l[A[1Gpulling manifest [K
pulling 1849ef83c4dd:  46% ▕████████          ▏ 2.3 GB/5.1 GB   12 MB/s   3m46s[K[?25h[?2026l[?2026h[?25l[A[1Gpulling manifest [K
pulling 1849ef83c4dd:  46% ▕████████          ▏ 2.3 GB/5.1 GB   12 MB/s   3m46s[K[?25h[?2026l[?2026h[?25l[A[1Gpulling manifest [K
pulling 1849ef83c4dd:  46% ▕████████          ▏ 2.3 GB/5.1 GB   12 MB/s   3m45s[K[?25h[?2026l[?2026h[?25l[A[1Gpulling manifest [K
pulling 1849ef83c4dd:  46% ▕████████          ▏ 2.3 GB/5.1 GB   12 MB/s   3m45s[K[?25h[?2026l[?2026h[?25l[A[1Gpulling manifest [K
pulling 1849ef83c4dd:  46% ▕████████          ▏ 2.3 GB/5.1 GB   12 MB/s   3m45s[K[?25h[?2026l[?2026h[?25l[A[1Gpulling manifest [K
pulling 1849ef83c4dd:  46% ▕████████          ▏ 2.3 GB/5.1 GB   12 MB/s   3m45s[K[?25h[?2026l[?2026h[?25l[A[1Gpulling manifest [K
pulling 1849ef83c4dd:  46% ▕████████          ▏ 2.3 GB/5.1 GB   12 MB/s   3m45s[K[?25h[?2026l[?2026h[?25l[A[1Gpulling manifest [K
pulling 1849ef83c4dd:  46% ▕████████          ▏ 2.3 GB/5.1 GB   12 MB/s   3m45s[K[?25h[?2026l[?2026h[?25l[A[1Gpulling manifest [K
pulling 1849ef83c4dd:  46% ▕████████          ▏ 2.4 GB/5.1 GB   12 MB/s   3m46s[K[?25h[?2026l[?2026h[?25l[A[1Gpulling manifest [K
pulling 1849ef83c4dd:  46% ▕████████          ▏ 2.4 GB/5.1 GB   12 MB/s   3m46s[K[?25h[?2026l[?2026h[?25l[A[1Gpulling manifest [K
pulling 1849ef83c4dd:  46% ▕████████          ▏ 2.4 GB/5.1 GB   12 MB/s   3m46s[K[?25h[?2026l[?2026h[?25l[A[1Gpulling manifest [K
pulling 1849ef83c4dd:  46% ▕████████          ▏ 2.4 GB/5.1 GB   12 MB/s   3m46s[K[?25h[?2026l[?2026h[?25l[A[1Gpulling manifest [K
pulling 1849ef83c4dd:  46% ▕████████          ▏ 2.4 GB/5.1 GB   12 MB/s   3m46s[K[?25h[?2026l[?2026h[?25l[A[1Gpulling manifest [K
pulling 1849ef83c4dd:  46% ▕████████          ▏ 2.4 GB/5.1 GB   12 MB/s   3m46s[K[?25h[?2026l[?2026h[?25l[A[1Gpulling manifest [K
pulling 1849ef83c4dd:  46% ▕████████          ▏ 2.4 GB/5.1 GB   12 MB/s   3m45s[K[?25h[?2026l[?2026h[?25l[A[1Gpulling manifest [K
pulling 1849ef83c4dd:  46% ▕████████          ▏ 2.4 GB/5.1 GB   12 MB/s   3m45s[K[?25h[?2026l[?2026h[?25l[A[1Gpulling manifest [K
pulling 1849ef83c4dd:  46% ▕████████          ▏ 2.4 GB/5.1 GB   12 MB/s   3m45s[K[?25h[?2026l[?2026h[?25l[A[1Gpulling manifest [K
pulling 1849ef83c4dd:  46% ▕████████          ▏ 2.4 GB/5.1 GB   12 MB/s   3m45s[K[?25h[?2026l[?2026h[?25l[A[1Gpulling manifest [K
pulling 1849ef83c4dd:  46% ▕████████          ▏ 2.4 GB/5.1 GB   12 MB/s   3m45s[K[?25h[?2026l[?2026h[?25l[A[1Gpulling manifest [K
pulling 1849ef83c4dd:  46% ▕████████          ▏ 2.4 GB/5.1 GB   12 MB/s   3m50s[K[?25h[?2026l[?2026h[?25l[A[1Gpulling manifest [K
pulling 1849ef83c4dd:  46% ▕████████          ▏ 2.4 GB/5.1 GB   12 MB/s   3m50s[K[?25h[?2026l[?2026h[?25l[A[1Gpulling manifest [K
pulling 1849ef83c4dd:  46% ▕████████          ▏ 2.4 GB/5.1 GB   12 MB/s   3m50s[K[?25h[?2026l[?2026h[?25l[A[1Gpulling manifest [K
pulling 1849ef83c4dd:  46% ▕████████          ▏ 2.4 GB/5.1 GB   12 MB/s   3m50s[K[?25h[?2026l[?2026h[?25l[A[1Gpulling manifest [K
pulling 1849ef83c4dd:  46% ▕████████          ▏ 2.4 GB/5.1 GB   12 MB/s   3m50s[K[?25h[?2026l[?2026h[?25l[A[1Gpulling manifest [K
pulling 1849ef83c4dd:  46% ▕████████          ▏ 2.4 GB/5.1 GB   12 MB/s   3m50s[K[?25h[?2026l[?2026h[?25l[A[1Gpulling manifest [K
pulling 1849ef83c4dd:  46% ▕████████          ▏ 2.4 GB/5.1 GB   12 MB/s   3m50s[K[?25h[?2026l[?2026h[?25l[A[1Gpulling manifest [K
pulling 1849ef83c4dd:  46% ▕████████          ▏ 2.4 GB/5.1 GB   12 MB/s   3m50s[K[?25h[?2026l[?2026h[?25l[A[1Gpulling manifest [K
pulling 1849ef83c4dd:  46% ▕████████          ▏ 2.4 GB/5.1 GB   12 MB/s   3m49s[K[?25h[?2026l[?2026h[?25l[A[1Gpulling manifest [K
pulling 1849ef83c4dd:  46% ▕████████          ▏ 2.4 GB/5.1 GB   12 MB/s   3m49s[K[?25h[?2026l[?2026h[?25l[A[1Gpulling manifest [K
pulling 1849ef83c4dd:  46% ▕████████          ▏ 2.4 GB/5.1 GB   11 MB/s   3m50s[K[?25h[?2026l[?2026h[?25l[A[1Gpulling manifest [K
pulling 1849ef83c4dd:  46% ▕████████          ▏ 2.4 GB/5.1 GB   11 MB/s   3m50s[K[?25h[?2026l[?2026h[?25l[A[1Gpulling manifest [K
pulling 1849ef83c4dd:  46% ▕████████          ▏ 2.4 GB/5.1 GB   11 MB/s   3m50s[K[?25h[?2026l[?2026h[?25l[A[1Gpulling manifest [K
pulling 1849ef83c4dd:  46% ▕████████          ▏ 2.4 GB/5.1 GB   11 MB/s   3m50s[K[?25h[?2026l[?2026h[?25l[A[1Gpulling manifest [K
pulling 1849ef83c4dd:  46% ▕████████          ▏ 2.4 GB/5.1 GB   11 MB/s   3m49s[K[?25h[?2026l[?2026h[?25l[A[1Gpulling manifest [K
pulling 1849ef83c4dd:  46% ▕████████          ▏ 2.4 GB/5.1 GB   11 MB/s   3m49s[K[?25h[?2026l[?2026h[?25l[A[1Gpulling manifest [K
pulling 1849ef83c4dd:  46% ▕████████          ▏ 2.4 GB/5.1 GB   11 MB/s   3m49s[K[?25h[?2026l[?2026h[?25l[A[1Gpulling manifest [K
pulling 1849ef83c4dd:  46% ▕████████          ▏ 2.4 GB/5.1 GB   11 MB/s   3m49s[K[?25h[?2026l[?2026h[?25l[A[1Gpulling manifest [K
pulling 1849ef83c4dd:  46% ▕████████          ▏ 2.4 GB/5.1 GB   11 MB/s   3m49s[K[?25h[?2026l[?2026h[?25l[A[1Gpulling manifest [K
pulling 1849ef83c4dd:  46% ▕████████          ▏ 2.4 GB/5.1 GB   11 MB/s   3m49s[K[?25h[?2026l[?2026h[?25l[A[1Gpulling manifest [K
pulling 1849ef83c4dd:  46% ▕████████          ▏ 2.4 GB/5.1 GB   11 MB/s   3m50s[K[?25h[?2026l[?2026h[?25l[A[1Gpulling manifest [K
pulling 1849ef83c4dd:  46% ▕████████          ▏ 2.4 GB/5.1 GB   11 MB/s   3m50s[K[?25h[?2026l[?2026h[?25l[A[1Gpulling manifest [K
pulling 1849ef83c4dd:  47% ▕████████          ▏ 2.4 GB/5.1 GB   11 MB/s   3m50s[K[?25h[?2026l[?2026h[?25l[A[1Gpulling manifest [K
pulling 1849ef83c4dd:  47% ▕████████          ▏ 2.4 GB/5.1 GB   11 MB/s   3m50s[K[?25h[?2026l[?2026h[?25l[A[1Gpulling manifest [K
pulling 1849ef83c4dd:  47% ▕████████          ▏ 2.4 GB/5.1 GB   11 MB/s   3m49s[K[?25h[?2026l[?2026h[?25l[A[1Gpulling manifest [K
pulling 1849ef83c4dd:  47% ▕████████          ▏ 2.4 GB/5.1 GB   11 MB/s   3m49s[K[?25h[?2026l[?2026h[?25l[A[1Gpulling manifest [K
pulling 1849ef83c4dd:  47% ▕████████          ▏ 2.4 GB/5.1 GB   11 MB/s   3m49s[K[?25h[?2026l[?2026h[?25l[A[1Gpulling manifest [K
pulling 1849ef83c4dd:  47% ▕████████          ▏ 2.4 GB/5.1 GB   11 MB/s   3m49s[K[?25h[?2026l[?2026h[?25l[A[1Gpulling manifest [K
pulling 1849ef83c4dd:  47% ▕████████          ▏ 2.4 GB/5.1 GB   11 MB/s   3m49s[K[?25h[?2026l[?2026h[?25l[A[1Gpulling manifest [K
pulling 1849ef83c4dd:  47% ▕████████          ▏ 2.4 GB/5.1 GB   11 MB/s   3m49s[K[?25h[?2026l[?2026h[?25l[A[1Gpulling manifest [K
pulling 1849ef83c4dd:  47% ▕████████          ▏ 2.4 GB/5.1 GB   12 MB/s   3m43s[K[?25h[?2026l[?2026h[?25l[A[1Gpulling manifest [K
pulling 1849ef83c4dd:  47% ▕████████          ▏ 2.4 GB/5.1 GB   12 MB/s   3m43s[K[?25h[?2026l[?2026h[?25l[A[1Gpulling manifest [K
pulling 1849ef83c4dd:  47% ▕████████          ▏ 2.4 GB/5.1 GB   12 MB/s   3m43s[K[?25h[?2026l[?2026h[?25l[A[1Gpulling manifest [K
pulling 1849ef83c4dd:  47% ▕████████          ▏ 2.4 GB/5.1 GB   12 MB/s   3m43s[K[?25h[?2026l[?2026h[?25l[A[1Gpulling manifest [K
pulling 1849ef83c4dd:  47% ▕████████          ▏ 2.4 GB/5.1 GB   12 MB/s   3m43s[K[?25h[?2026l[?2026h[?25l[A[1Gpulling manifest [K
pulling 1849ef83c4dd:  47% ▕████████          ▏ 2.4 GB/5.1 GB   12 MB/s   3m43s[K[?25h[?2026l[?2026h[?25l[A[1Gpulling manifest [K
pulling 1849ef83c4dd:  47% ▕████████          ▏ 2.4 GB/5.1 GB   12 MB/s   3m43s[K[?25h[?2026l[?2026h[?25l[A[1Gpulling manifest [K
pulling 1849ef83c4dd:  47% ▕████████          ▏ 2.4 GB/5.1 GB   12 MB/s   3m43s[K[?25h[?2026l[?2026h[?25l[A[1Gpulling manifest [K
pulling 1849ef83c4dd:  47% ▕████████          ▏ 2.4 GB/5.1 GB   12 MB/s   3m43s[K[?25h[?2026l[?2026h[?25l[A[1Gpulling manifest [K
pulling 1849ef83c4dd:  47% ▕████████          ▏ 2.4 GB/5.1 GB   12 MB/s   3m42s[K[?25h[?2026l[?2026h[?25l[A[1Gpulling manifest [K
pulling 1849ef83c4dd:  47% ▕████████          ▏ 2.4 GB/5.1 GB   12 MB/s   3m43s[K[?25h[?2026l[?2026h[?25l[A[1Gpulling manifest [K
pulling 1849ef83c4dd:  47% ▕████████          ▏ 2.4 GB/5.1 GB   12 MB/s   3m43s[K[?25h[?2026l[?2026h[?25l[A[1Gpulling manifest [K
pulling 1849ef83c4dd:  47% ▕████████          ▏ 2.4 GB/5.1 GB   12 MB/s   3m43s[K[?25h[?2026l[?2026h[?25l[A[1Gpulling manifest [K
pulling 1849ef83c4dd:  47% ▕████████          ▏ 2.4 GB/5.1 GB   12 MB/s   3m43s[K[?25h[?2026l[?2026h[?25l[A[1Gpulling manifest [K
pulling 1849ef83c4dd:  47% ▕████████          ▏ 2.4 GB/5.1 GB   12 MB/s   3m43s[K[?25h[?2026l[?2026h[?25l[A[1Gpulling manifest [K
pulling 1849ef83c4dd:  47% ▕████████          ▏ 2.4 GB/5.1 GB   12 MB/s   3m43s[K[?25h[?2026l[?2026h[?25l[A[1Gpulling manifest [K
pulling 1849ef83c4dd:  47% ▕████████          ▏ 2.4 GB/5.1 GB   12 MB/s   3m43s[K[?25h[?2026l[?2026h[?25l[A[1Gpulling manifest [K
pulling 1849ef83c4dd:  47% ▕████████          ▏ 2.4 GB/5.1 GB   12 MB/s   3m42s[K[?25h[?2026l[?2026h[?25l[A[1Gpulling manifest [K
pulling 1849ef83c4dd:  47% ▕████████          ▏ 2.4 GB/5.1 GB   12 MB/s   3m42s[K[?25h[?2026l[?2026h[?25l[A[1Gpulling manifest [K
pulling 1849ef83c4dd:  47% ▕████████          ▏ 2.4 GB/5.1 GB   12 MB/s   3m42s[K[?25h[?2026l[?2026h[?25l[A[1Gpulling manifest [K
pulling 1849ef83c4dd:  47% ▕████████          ▏ 2.4 GB/5.1 GB   12 MB/s   3m42s[K[?25h[?2026l[?2026h[?25l[A[1Gpulling manifest [K
pulling 1849ef83c4dd:  47% ▕████████          ▏ 2.4 GB/5.1 GB   12 MB/s   3m44s[K[?25h[?2026l[?2026h[?25l[A[1Gpulling manifest [K
pulling 1849ef83c4dd:  47% ▕████████          ▏ 2.4 GB/5.1 GB   12 MB/s   3m44s[K[?25h[?2026l[?2026h[?25l[A[1Gpulling manifest [K
pulling 1849ef83c4dd:  47% ▕████████          ▏ 2.4 GB/5.1 GB   12 MB/s   3m44s[K[?25h[?2026l[?2026h[?25l[A[1Gpulling manifest [K
pulling 1849ef83c4dd:  47% ▕████████          ▏ 2.4 GB/5.1 GB   12 MB/s   3m44s[K[?25h[?2026l[?2026h[?25l[A[1Gpulling manifest [K
pulling 1849ef83c4dd:  47% ▕████████          ▏ 2.4 GB/5.1 GB   12 MB/s   3m44s[K[?25h[?2026l[?2026h[?25l[A[1Gpulling manifest [K
pulling 1849ef83c4dd:  47% ▕████████          ▏ 2.4 GB/5.1 GB   12 MB/s   3m43s[K[?25h[?2026l[?2026h[?25l[A[1Gpulling manifest [K
pulling 1849ef83c4dd:  47% ▕████████          ▏ 2.4 GB/5.1 GB   12 MB/s   3m43s[K[?25h[?2026l[?2026h[?25l[A[1Gpulling manifest [K
pulling 1849ef83c4dd:  47% ▕████████          ▏ 2.4 GB/5.1 GB   12 MB/s   3m43s[K[?25h[?2026l[?2026h[?25l[A[1Gpulling manifest [K
pulling 1849ef83c4dd:  47% ▕████████          ▏ 2.4 GB/5.1 GB   12 MB/s   3m43s[K[?25h[?2026l[?2026h[?25l[A[1Gpulling manifest [K
pulling 1849ef83c4dd:  47% ▕████████          ▏ 2.4 GB/5.1 GB   12 MB/s   3m43s[K[?25h[?2026l[?2026h[?25l[A[1Gpulling manifest [K
pulling 1849ef83c4dd:  47% ▕████████          ▏ 2.4 GB/5.1 GB   11 MB/s   3m45s[K[?25h[?2026l[?2026h[?25l[A[1Gpulling manifest [K
pulling 1849ef83c4dd:  47% ▕████████          ▏ 2.4 GB/5.1 GB   11 MB/s   3m44s[K[?25h[?2026l[?2026h[?25l[A[1Gpulling manifest [K
pulling 1849ef83c4dd:  47% ▕████████          ▏ 2.4 GB/5.1 GB   11 MB/s   3m44s[K[?25h[?2026l[?2026h[?25l[A[1Gpulling manifest [K
pulling 1849ef83c4dd:  47% ▕████████          ▏ 2.4 GB/5.1 GB   11 MB/s   3m44s[K[?25h[?2026l[?2026h[?25l[A[1Gpulling manifest [K
pulling 1849ef83c4dd:  47% ▕████████          ▏ 2.4 GB/5.1 GB   11 MB/s   3m44s[K[?25h[?2026l[?2026h[?25l[A[1Gpulling manifest [K
pulling 1849ef83c4dd:  48% ▕████████          ▏ 2.4 GB/5.1 GB   11 MB/s   3m44s[K[?25h[?2026l[?2026h[?25l[A[1Gpulling manifest [K
pulling 1849ef83c4dd:  48% ▕████████          ▏ 2.4 GB/5.1 GB   11 MB/s   3m44s[K[?25h[?2026l[?2026h[?25l[A[1Gpulling manifest [K
pulling 1849ef83c4dd:  48% ▕████████          ▏ 2.4 GB/5.1 GB   11 MB/s   3m44s[K[?25h[?2026l[?2026h[?25l[A[1Gpulling manifest [K
pulling 1849ef83c4dd:  48% ▕████████          ▏ 2.4 GB/5.1 GB   11 MB/s   3m44s[K[?25h[?2026l[?2026h[?25l[A[1Gpulling manifest [K
pulling 1849ef83c4dd:  48% ▕████████          ▏ 2.4 GB/5.1 GB   11 MB/s   3m44s[K[?25h[?2026l[?2026h[?25l[A[1Gpulling manifest [K
pulling 1849ef83c4dd:  48% ▕████████          ▏ 2.4 GB/5.1 GB   11 MB/s   3m44s[K[?25h[?2026l[?2026h[?25l[A[1Gpulling manifest [K
pulling 1849ef83c4dd:  48% ▕████████          ▏ 2.4 GB/5.1 GB   11 MB/s   3m44s[K[?25h[?2026l[?2026h[?25l[A[1Gpulling manifest [K
pulling 1849ef83c4dd:  48% ▕████████          ▏ 2.4 GB/5.1 GB   11 MB/s   3m44s[K[?25h[?2026l[?2026h[?25l[A[1Gpulling manifest [K
pulling 1849ef83c4dd:  48% ▕████████          ▏ 2.4 GB/5.1 GB   11 MB/s   3m44s[K[?25h[?2026l[?2026h[?25l[A[1Gpulling manifest [K
pulling 1849ef83c4dd:  48% ▕████████          ▏ 2.5 GB/5.1 GB   11 MB/s   3m44s[K[?25h[?2026l[?2026h[?25l[A[1Gpulling manifest [K
pulling 1849ef83c4dd:  48% ▕████████          ▏ 2.5 GB/5.1 GB   11 MB/s   3m44s[K[?25h[?2026l[?2026h[?25l[A[1Gpulling manifest [K
pulling 1849ef83c4dd:  48% ▕████████          ▏ 2.5 GB/5.1 GB   11 MB/s   3m44s[K[?25h[?2026l[?2026h[?25l[A[1Gpulling manifest [K
pulling 1849ef83c4dd:  48% ▕████████          ▏ 2.5 GB/5.1 GB   11 MB/s   3m43s[K[?25h[?2026l[?2026h[?25l[A[1Gpulling manifest [K
pulling 1849ef83c4dd:  48% ▕████████          ▏ 2.5 GB/5.1 GB   11 MB/s   3m43s[K[?25h[?2026l[?2026h[?25l[A[1Gpulling manifest [K
pulling 1849ef83c4dd:  48% ▕████████          ▏ 2.5 GB/5.1 GB   11 MB/s   3m43s[K[?25h[?2026l[?2026h[?25l[A[1Gpulling manifest [K
pulling 1849ef83c4dd:  48% ▕████████          ▏ 2.5 GB/5.1 GB   11 MB/s   3m44s[K[?25h[?2026l[?2026h[?25l[A[1Gpulling manifest [K
pulling 1849ef83c4dd:  48% ▕████████          ▏ 2.5 GB/5.1 GB   11 MB/s   3m44s[K[?25h[?2026l[?2026h[?25l[A[1Gpulling manifest [K
pulling 1849ef83c4dd:  48% ▕████████          ▏ 2.5 GB/5.1 GB   11 MB/s   3m43s[K[?25h[?2026l[?2026h[?25l[A[1Gpulling manifest [K
pulling 1849ef83c4dd:  48% ▕████████          ▏ 2.5 GB/5.1 GB   11 MB/s   3m43s[K[?25h[?2026l[?2026h[?25l[A[1Gpulling manifest [K
pulling 1849ef83c4dd:  48% ▕████████          ▏ 2.5 GB/5.1 GB   11 MB/s   3m43s[K[?25h[?2026l[?2026h[?25l[A[1Gpulling manifest [K
pulling 1849ef83c4dd:  48% ▕████████          ▏ 2.5 GB/5.1 GB   11 MB/s   3m43s[K[?25h[?2026l[?2026h[?25l[A[1Gpulling manifest [K
pulling 1849ef83c4dd:  48% ▕████████          ▏ 2.5 GB/5.1 GB   11 MB/s   3m43s[K[?25h[?2026l[?2026h[?25l[A[1Gpulling manifest [K
pulling 1849ef83c4dd:  48% ▕████████          ▏ 2.5 GB/5.1 GB   11 MB/s   3m43s[K[?25h[?2026l[?2026h[?25l[A[1Gpulling manifest [K
pulling 1849ef83c4dd:  48% ▕████████          ▏ 2.5 GB/5.1 GB   11 MB/s   3m43s[K[?25h[?2026l[?2026h[?25l[A[1Gpulling manifest [K
pulling 1849ef83c4dd:  48% ▕████████          ▏ 2.5 GB/5.1 GB   11 MB/s   3m43s[K[?25h[?2026l[?2026h[?25l[A[1Gpulling manifest [K
pulling 1849ef83c4dd:  48% ▕████████          ▏ 2.5 GB/5.1 GB   12 MB/s   3m39s[K[?25h[?2026l[?2026h[?25l[A[1Gpulling manifest [K
pulling 1849ef83c4dd:  48% ▕████████          ▏ 2.5 GB/5.1 GB   12 MB/s   3m39s[K[?25h[?2026l[?2026h[?25l[A[1Gpulling manifest [K
pulling 1849ef83c4dd:  48% ▕████████          ▏ 2.5 GB/5.1 GB   12 MB/s   3m39s[K[?25h[?2026l[?2026h[?25l[A[1Gpulling manifest [K
pulling 1849ef83c4dd:  48% ▕████████          ▏ 2.5 GB/5.1 GB   12 MB/s   3m39s[K[?25h[?2026l[?2026h[?25l[A[1Gpulling manifest [K
pulling 1849ef83c4dd:  48% ▕████████          ▏ 2.5 GB/5.1 GB   12 MB/s   3m39s[K[?25h[?2026l[?2026h[?25l[A[1Gpulling manifest [K
pulling 1849ef83c4dd:  48% ▕████████          ▏ 2.5 GB/5.1 GB   12 MB/s   3m39s[K[?25h[?2026l[?2026h[?25l[A[1Gpulling manifest [K
pulling 1849ef83c4dd:  48% ▕████████          ▏ 2.5 GB/5.1 GB   12 MB/s   3m39s[K[?25h[?2026l[?2026h[?25l[A[1Gpulling manifest [K
pulling 1849ef83c4dd:  48% ▕████████          ▏ 2.5 GB/5.1 GB   12 MB/s   3m39s[K[?25h[?2026l[?2026h[?25l[A[1Gpulling manifest [K
pulling 1849ef83c4dd:  48% ▕████████          ▏ 2.5 GB/5.1 GB   12 MB/s   3m38s[K[?25h[?2026l[?2026h[?25l[A[1Gpulling manifest [K
pulling 1849ef83c4dd:  48% ▕████████          ▏ 2.5 GB/5.1 GB   12 MB/s   3m38s[K[?25h[?2026l[?2026h[?25l[A[1Gpulling manifest [K
pulling 1849ef83c4dd:  48% ▕████████          ▏ 2.5 GB/5.1 GB   12 MB/s   3m38s[K[?25h[?2026l[?2026h[?25l[A[1Gpulling manifest [K
pulling 1849ef83c4dd:  48% ▕████████          ▏ 2.5 GB/5.1 GB   12 MB/s   3m37s[K[?25h[?2026l[?2026h[?25l[A[1Gpulling manifest [K
pulling 1849ef83c4dd:  48% ▕████████          ▏ 2.5 GB/5.1 GB   12 MB/s   3m37s[K[?25h[?2026l[?2026h[?25l[A[1Gpulling manifest [K
pulling 1849ef83c4dd:  48% ▕████████          ▏ 2.5 GB/5.1 GB   12 MB/s   3m37s[K[?25h[?2026l[?2026h[?25l[A[1Gpulling manifest [K
pulling 1849ef83c4dd:  48% ▕████████          ▏ 2.5 GB/5.1 GB   12 MB/s   3m37s[K[?25h[?2026l[?2026h[?25l[A[1Gpulling manifest [K
pulling 1849ef83c4dd:  48% ▕████████          ▏ 2.5 GB/5.1 GB   12 MB/s   3m37s[K[?25h[?2026l[?2026h[?25l[A[1Gpulling manifest [K
pulling 1849ef83c4dd:  48% ▕████████          ▏ 2.5 GB/5.1 GB   12 MB/s   3m37s[K[?25h[?2026l[?2026h[?25l[A[1Gpulling manifest [K
pulling 1849ef83c4dd:  49% ▕████████          ▏ 2.5 GB/5.1 GB   12 MB/s   3m37s[K[?25h[?2026l[?2026h[?25l[A[1Gpulling manifest [K
pulling 1849ef83c4dd:  49% ▕████████          ▏ 2.5 GB/5.1 GB   12 MB/s   3m37s[K[?25h[?2026l[?2026h[?25l[A[1Gpulling manifest [K
pulling 1849ef83c4dd:  49% ▕████████          ▏ 2.5 GB/5.1 GB   12 MB/s   3m37s[K[?25h[?2026l[?2026h[?25l[A[1Gpulling manifest [K
pulling 1849ef83c4dd:  49% ▕████████          ▏ 2.5 GB/5.1 GB   12 MB/s   3m36s[K[?25h[?2026l[?2026h[?25l[A[1Gpulling manifest [K
pulling 1849ef83c4dd:  49% ▕████████          ▏ 2.5 GB/5.1 GB   12 MB/s   3m35s[K[?25h[?2026l[?2026h[?25l[A[1Gpulling manifest [K
pulling 1849ef83c4dd:  49% ▕████████          ▏ 2.5 GB/5.1 GB   12 MB/s   3m35s[K[?25h[?2026l[?2026h[?25l[A[1Gpulling manifest [K
pulling 1849ef83c4dd:  49% ▕████████          ▏ 2.5 GB/5.1 GB   12 MB/s   3m35s[K[?25h[?2026l[?2026h[?25l[A[1Gpulling manifest [K
pulling 1849ef83c4dd:  49% ▕████████          ▏ 2.5 GB/5.1 GB   12 MB/s   3m35s[K[?25h[?2026l[?2026h[?25l[A[1Gpulling manifest [K
pulling 1849ef83c4dd:  49% ▕████████          ▏ 2.5 GB/5.1 GB   12 MB/s   3m35s[K[?25h[?2026l[?2026h[?25l[A[1Gpulling manifest [K
pulling 1849ef83c4dd:  49% ▕████████          ▏ 2.5 GB/5.1 GB   12 MB/s   3m35s[K[?25h[?2026l[?2026h[?25l[A[1Gpulling manifest [K
pulling 1849ef83c4dd:  49% ▕████████          ▏ 2.5 GB/5.1 GB   12 MB/s   3m35s[K[?25h[?2026l[?2026h[?25l[A[1Gpulling manifest [K
pulling 1849ef83c4dd:  49% ▕████████          ▏ 2.5 GB/5.1 GB   12 MB/s   3m35s[K[?25h[?2026l[?2026h[?25l[A[1Gpulling manifest [K
pulling 1849ef83c4dd:  49% ▕████████          ▏ 2.5 GB/5.1 GB   12 MB/s   3m35s[K[?25h[?2026l[?2026h[?25l[A[1Gpulling manifest [K
pulling 1849ef83c4dd:  49% ▕████████          ▏ 2.5 GB/5.1 GB   12 MB/s   3m35s[K[?25h[?2026l[?2026h[?25l[A[1Gpulling manifest [K
pulling 1849ef83c4dd:  49% ▕████████          ▏ 2.5 GB/5.1 GB   12 MB/s   3m36s[K[?25h[?2026l[?2026h[?25l[A[1Gpulling manifest [K
pulling 1849ef83c4dd:  49% ▕████████          ▏ 2.5 GB/5.1 GB   12 MB/s   3m36s[K[?25h[?2026l[?2026h[?25l[A[1Gpulling manifest [K
pulling 1849ef83c4dd:  49% ▕████████          ▏ 2.5 GB/5.1 GB   12 MB/s   3m36s[K[?25h[?2026l[?2026h[?25l[A[1Gpulling manifest [K
pulling 1849ef83c4dd:  49% ▕████████          ▏ 2.5 GB/5.1 GB   12 MB/s   3m36s[K[?25h[?2026l[?2026h[?25l[A[1Gpulling manifest [K
pulling 1849ef83c4dd:  49% ▕████████          ▏ 2.5 GB/5.1 GB   12 MB/s   3m36s[K[?25h[?2026l[?2026h[?25l[A[1Gpulling manifest [K
pulling 1849ef83c4dd:  49% ▕████████          ▏ 2.5 GB/5.1 GB   12 MB/s   3m36s[K[?25h[?2026l[?2026h[?25l[A[1Gpulling manifest [K
pulling 1849ef83c4dd:  49% ▕████████          ▏ 2.5 GB/5.1 GB   12 MB/s   3m36s[K[?25h[?2026l[?2026h[?25l[A[1Gpulling manifest [K
pulling 1849ef83c4dd:  49% ▕████████          ▏ 2.5 GB/5.1 GB   12 MB/s   3m35s[K[?25h[?2026l[?2026h[?25l[A[1Gpulling manifest [K
pulling 1849ef83c4dd:  49% ▕████████          ▏ 2.5 GB/5.1 GB   12 MB/s   3m35s[K[?25h[?2026l[?2026h[?25l[A[1Gpulling manifest [K
pulling 1849ef83c4dd:  49% ▕████████          ▏ 2.5 GB/5.1 GB   12 MB/s   3m35s[K[?25h[?2026l[?2026h[?25l[A[1Gpulling manifest [K
pulling 1849ef83c4dd:  49% ▕████████          ▏ 2.5 GB/5.1 GB   12 MB/s   3m36s[K[?25h[?2026l[?2026h[?25l[A[1Gpulling manifest [K
pulling 1849ef83c4dd:  49% ▕████████          ▏ 2.5 GB/5.1 GB   12 MB/s   3m36s[K[?25h[?2026l[?2026h[?25l[A[1Gpulling manifest [K
pulling 1849ef83c4dd:  49% ▕████████          ▏ 2.5 GB/5.1 GB   12 MB/s   3m36s[K[?25h[?2026l[?2026h[?25l[A[1Gpulling manifest [K
pulling 1849ef83c4dd:  49% ▕████████          ▏ 2.5 GB/5.1 GB   12 MB/s   3m35s[K[?25h[?2026l[?2026h[?25l[A[1Gpulling manifest [K
pulling 1849ef83c4dd:  49% ▕████████          ▏ 2.5 GB/5.1 GB   12 MB/s   3m35s[K[?25h[?2026l[?2026h[?25l[A[1Gpulling manifest [K
pulling 1849ef83c4dd:  49% ▕████████          ▏ 2.5 GB/5.1 GB   12 MB/s   3m35s[K[?25h[?2026l[?2026h[?25l[A[1Gpulling manifest [K
pulling 1849ef83c4dd:  49% ▕████████          ▏ 2.5 GB/5.1 GB   12 MB/s   3m35s[K[?25h[?2026l[?2026h[?25l[A[1Gpulling manifest [K
pulling 1849ef83c4dd:  49% ▕████████          ▏ 2.5 GB/5.1 GB   12 MB/s   3m35s[K[?25h[?2026l[?2026h[?25l[A[1Gpulling manifest [K
pulling 1849ef83c4dd:  49% ▕████████          ▏ 2.5 GB/5.1 GB   12 MB/s   3m35s[K[?25h[?2026l[?2026h[?25l[A[1Gpulling manifest [K
pulling 1849ef83c4dd:  49% ▕████████          ▏ 2.5 GB/5.1 GB   12 MB/s   3m35s[K[?25h[?2026l[?2026h[?25l[A[1Gpulling manifest [K
pulling 1849ef83c4dd:  49% ▕████████          ▏ 2.5 GB/5.1 GB   12 MB/s   3m32s[K[?25h[?2026l[?2026h[?25l[A[1Gpulling manifest [K
pulling 1849ef83c4dd:  49% ▕████████          ▏ 2.5 GB/5.1 GB   12 MB/s   3m32s[K[?25h[?2026l[?2026h[?25l[A[1Gpulling manifest [K
pulling 1849ef83c4dd:  49% ▕████████          ▏ 2.5 GB/5.1 GB   12 MB/s   3m32s[K[?25h[?2026l[?2026h[?25l[A[1Gpulling manifest [K
pulling 1849ef83c4dd:  49% ▕████████          ▏ 2.5 GB/5.1 GB   12 MB/s   3m32s[K[?25h[?2026l[?2026h[?25l[A[1Gpulling manifest [K
pulling 1849ef83c4dd:  49% ▕████████          ▏ 2.5 GB/5.1 GB   12 MB/s   3m32s[K[?25h[?2026l[?2026h[?25l[A[1Gpulling manifest [K
pulling 1849ef83c4dd:  49% ▕████████          ▏ 2.5 GB/5.1 GB   12 MB/s   3m32s[K[?25h[?2026l[?2026h[?25l[A[1Gpulling manifest [K
pulling 1849ef83c4dd:  49% ▕████████          ▏ 2.5 GB/5.1 GB   12 MB/s   3m32s[K[?25h[?2026l[?2026h[?25l[A[1Gpulling manifest [K
pulling 1849ef83c4dd:  50% ▕████████          ▏ 2.5 GB/5.1 GB   12 MB/s   3m31s[K[?25h[?2026l[?2026h[?25l[A[1Gpulling manifest [K
pulling 1849ef83c4dd:  50% ▕████████          ▏ 2.5 GB/5.1 GB   12 MB/s   3m31s[K[?25h[?2026l[?2026h[?25l[A[1Gpulling manifest [K
pulling 1849ef83c4dd:  50% ▕████████          ▏ 2.5 GB/5.1 GB   12 MB/s   3m31s[K[?25h[?2026l[?2026h[?25l[A[1Gpulling manifest [K
pulling 1849ef83c4dd:  50% ▕████████          ▏ 2.5 GB/5.1 GB   12 MB/s   3m31s[K[?25h[?2026l[?2026h[?25l[A[1Gpulling manifest [K
pulling 1849ef83c4dd:  50% ▕████████          ▏ 2.5 GB/5.1 GB   12 MB/s   3m27s[K[?25h[?2026l[?2026h[?25l[A[1Gpulling manifest [K
pulling 1849ef83c4dd:  50% ▕████████          ▏ 2.5 GB/5.1 GB   12 MB/s   3m27s[K[?25h[?2026l[?2026h[?25l[A[1Gpulling manifest [K
pulling 1849ef83c4dd:  50% ▕████████          ▏ 2.5 GB/5.1 GB   12 MB/s   3m27s[K[?25h[?2026l[?2026h[?25l[A[1Gpulling manifest [K
pulling 1849ef83c4dd:  50% ▕████████          ▏ 2.6 GB/5.1 GB   12 MB/s   3m27s[K[?25h[?2026l[?2026h[?25l[A[1Gpulling manifest [K
pulling 1849ef83c4dd:  50% ▕████████          ▏ 2.6 GB/5.1 GB   12 MB/s   3m27s[K[?25h[?2026l[?2026h[?25l[A[1Gpulling manifest [K
pulling 1849ef83c4dd:  50% ▕████████          ▏ 2.6 GB/5.1 GB   12 MB/s   3m27s[K[?25h[?2026l[?2026h[?25l[A[1Gpulling manifest [K
pulling 1849ef83c4dd:  50% ▕████████          ▏ 2.6 GB/5.1 GB   12 MB/s   3m27s[K[?25h[?2026l[?2026h[?25l[A[1Gpulling manifest [K
pulling 1849ef83c4dd:  50% ▕████████          ▏ 2.6 GB/5.1 GB   12 MB/s   3m26s[K[?25h[?2026l[?2026h[?25l[A[1Gpulling manifest [K
pulling 1849ef83c4dd:  50% ▕████████          ▏ 2.6 GB/5.1 GB   12 MB/s   3m26s[K[?25h[?2026l[?2026h[?25l[A[1Gpulling manifest [K
pulling 1849ef83c4dd:  50% ▕████████          ▏ 2.6 GB/5.1 GB   12 MB/s   3m26s[K[?25h[?2026l[?2026h[?25l[A[1Gpulling manifest [K
pulling 1849ef83c4dd:  50% ▕████████          ▏ 2.6 GB/5.1 GB   12 MB/s   3m29s[K[?25h[?2026l[?2026h[?25l[A[1Gpulling manifest [K
pulling 1849ef83c4dd:  50% ▕████████          ▏ 2.6 GB/5.1 GB   12 MB/s   3m29s[K[?25h[?2026l[?2026h[?25l[A[1Gpulling manifest [K
pulling 1849ef83c4dd:  50% ▕████████          ▏ 2.6 GB/5.1 GB   12 MB/s   3m29s[K[?25h[?2026l[?2026h[?25l[A[1Gpulling manifest [K
pulling 1849ef83c4dd:  50% ▕████████          ▏ 2.6 GB/5.1 GB   12 MB/s   3m28s[K[?25h[?2026l[?2026h[?25l[A[1Gpulling manifest [K
pulling 1849ef83c4dd:  50% ▕████████          ▏ 2.6 GB/5.1 GB   12 MB/s   3m28s[K[?25h[?2026l[?2026h[?25l[A[1Gpulling manifest [K
pulling 1849ef83c4dd:  50% ▕████████          ▏ 2.6 GB/5.1 GB   12 MB/s   3m28s[K[?25h[?2026l[?2026h[?25l[A[1Gpulling manifest [K
pulling 1849ef83c4dd:  50% ▕████████          ▏ 2.6 GB/5.1 GB   12 MB/s   3m28s[K[?25h[?2026l[?2026h[?25l[A[1Gpulling manifest [K
pulling 1849ef83c4dd:  50% ▕████████          ▏ 2.6 GB/5.1 GB   12 MB/s   3m28s[K[?25h[?2026l[?2026h[?25l[A[1Gpulling manifest [K
pulling 1849ef83c4dd:  50% ▕█████████         ▏ 2.6 GB/5.1 GB   12 MB/s   3m28s[K[?25h[?2026l[?2026h[?25l[A[1Gpulling manifest [K
pulling 1849ef83c4dd:  50% ▕█████████         ▏ 2.6 GB/5.1 GB   12 MB/s   3m28s[K[?25h[?2026l[?2026h[?25l[A[1Gpulling manifest [K
pulling 1849ef83c4dd:  50% ▕█████████         ▏ 2.6 GB/5.1 GB   12 MB/s   3m27s[K[?25h[?2026l[?2026h[?25l[A[1Gpulling manifest [K
pulling 1849ef83c4dd:  50% ▕█████████         ▏ 2.6 GB/5.1 GB   12 MB/s   3m27s[K[?25h[?2026l[?2026h[?25l[A[1Gpulling manifest [K
pulling 1849ef83c4dd:  50% ▕█████████         ▏ 2.6 GB/5.1 GB   12 MB/s   3m26s[K[?25h[?2026l[?2026h[?25l[A[1Gpulling manifest [K
pulling 1849ef83c4dd:  50% ▕█████████         ▏ 2.6 GB/5.1 GB   12 MB/s   3m26s[K[?25h[?2026l[?2026h[?25l[A[1Gpulling manifest [K
pulling 1849ef83c4dd:  50% ▕█████████         ▏ 2.6 GB/5.1 GB   12 MB/s   3m26s[K[?25h[?2026l[?2026h[?25l[A[1Gpulling manifest [K
pulling 1849ef83c4dd:  50% ▕█████████         ▏ 2.6 GB/5.1 GB   12 MB/s   3m26s[K[?25h[?2026l[?2026h[?25l[A[1Gpulling manifest [K
pulling 1849ef83c4dd:  50% ▕█████████         ▏ 2.6 GB/5.1 GB   12 MB/s   3m26s[K[?25h[?2026l[?2026h[?25l[A[1Gpulling manifest [K
pulling 1849ef83c4dd:  50% ▕█████████         ▏ 2.6 GB/5.1 GB   12 MB/s   3m26s[K[?25h[?2026l[?2026h[?25l[A[1Gpulling manifest [K
pulling 1849ef83c4dd:  50% ▕█████████         ▏ 2.6 GB/5.1 GB   12 MB/s   3m26s[K[?25h[?2026l[?2026h[?25l[A[1Gpulling manifest [K
pulling 1849ef83c4dd:  50% ▕█████████         ▏ 2.6 GB/5.1 GB   12 MB/s   3m26s[K[?25h[?2026l[?2026h[?25l[A[1Gpulling manifest [K
pulling 1849ef83c4dd:  50% ▕█████████         ▏ 2.6 GB/5.1 GB   12 MB/s   3m26s[K[?25h[?2026l[?2026h[?25l[A[1Gpulling manifest [K
pulling 1849ef83c4dd:  50% ▕█████████         ▏ 2.6 GB/5.1 GB   12 MB/s   3m26s[K[?25h[?2026l[?2026h[?25l[A[1Gpulling manifest [K
pulling 1849ef83c4dd:  50% ▕█████████         ▏ 2.6 GB/5.1 GB   12 MB/s   3m26s[K[?25h[?2026l[?2026h[?25l[A[1Gpulling manifest [K
pulling 1849ef83c4dd:  50% ▕█████████         ▏ 2.6 GB/5.1 GB   12 MB/s   3m26s[K[?25h[?2026l[?2026h[?25l[A[1Gpulling manifest [K
pulling 1849ef83c4dd:  50% ▕█████████         ▏ 2.6 GB/5.1 GB   12 MB/s   3m26s[K[?25h[?2026l[?2026h[?25l[A[1Gpulling manifest [K
pulling 1849ef83c4dd:  50% ▕█████████         ▏ 2.6 GB/5.1 GB   12 MB/s   3m26s[K[?25h[?2026l[?2026h[?25l[A[1Gpulling manifest [K
pulling 1849ef83c4dd:  50% ▕█████████         ▏ 2.6 GB/5.1 GB   12 MB/s   3m26s[K[?25h[?2026l[?2026h[?25l[A[1Gpulling manifest [K
pulling 1849ef83c4dd:  50% ▕█████████         ▏ 2.6 GB/5.1 GB   12 MB/s   3m26s[K[?25h[?2026l[?2026h[?25l[A[1Gpulling manifest [K
pulling 1849ef83c4dd:  50% ▕█████████         ▏ 2.6 GB/5.1 GB   12 MB/s   3m26s[K[?25h[?2026l[?2026h[?25l[A[1Gpulling manifest [K
pulling 1849ef83c4dd:  51% ▕█████████         ▏ 2.6 GB/5.1 GB   12 MB/s   3m25s[K[?25h[?2026l[?2026h[?25l[A[1Gpulling manifest [K
pulling 1849ef83c4dd:  51% ▕█████████         ▏ 2.6 GB/5.1 GB   12 MB/s   3m25s[K[?25h[?2026l[?2026h[?25l[A[1Gpulling manifest [K
pulling 1849ef83c4dd:  51% ▕█████████         ▏ 2.6 GB/5.1 GB   12 MB/s   3m25s[K[?25h[?2026l[?2026h[?25l[A[1Gpulling manifest [K
pulling 1849ef83c4dd:  51% ▕█████████         ▏ 2.6 GB/5.1 GB   12 MB/s   3m25s[K[?25h[?2026l[?2026h[?25l[A[1Gpulling manifest [K
pulling 1849ef83c4dd:  51% ▕█████████         ▏ 2.6 GB/5.1 GB   12 MB/s   3m25s[K[?25h[?2026l[?2026h[?25l[A[1Gpulling manifest [K
pulling 1849ef83c4dd:  51% ▕█████████         ▏ 2.6 GB/5.1 GB   12 MB/s   3m25s[K[?25h[?2026l[?2026h[?25l[A[1Gpulling manifest [K
pulling 1849ef83c4dd:  51% ▕█████████         ▏ 2.6 GB/5.1 GB   12 MB/s   3m25s[K[?25h[?2026l[?2026h[?25l[A[1Gpulling manifest [K
pulling 1849ef83c4dd:  51% ▕█████████         ▏ 2.6 GB/5.1 GB   12 MB/s   3m25s[K[?25h[?2026l[?2026h[?25l[A[1Gpulling manifest [K
pulling 1849ef83c4dd:  51% ▕█████████         ▏ 2.6 GB/5.1 GB   12 MB/s   3m25s[K[?25h[?2026l[?2026h[?25l[A[1Gpulling manifest [K
pulling 1849ef83c4dd:  51% ▕█████████         ▏ 2.6 GB/5.1 GB   12 MB/s   3m25s[K[?25h[?2026l[?2026h[?25l[A[1Gpulling manifest [K
pulling 1849ef83c4dd:  51% ▕█████████         ▏ 2.6 GB/5.1 GB   12 MB/s   3m25s[K[?25h[?2026l[?2026h[?25l[A[1Gpulling manifest [K
pulling 1849ef83c4dd:  51% ▕█████████         ▏ 2.6 GB/5.1 GB   12 MB/s   3m25s[K[?25h[?2026l[?2026h[?25l[A[1Gpulling manifest [K
pulling 1849ef83c4dd:  51% ▕█████████         ▏ 2.6 GB/5.1 GB   12 MB/s   3m25s[K[?25h[?2026l[?2026h[?25l[A[1Gpulling manifest [K
pulling 1849ef83c4dd:  51% ▕█████████         ▏ 2.6 GB/5.1 GB   12 MB/s   3m25s[K[?25h[?2026l[?2026h[?25l[A[1Gpulling manifest [K
pulling 1849ef83c4dd:  51% ▕█████████         ▏ 2.6 GB/5.1 GB   12 MB/s   3m25s[K[?25h[?2026l[?2026h[?25l[A[1Gpulling manifest [K
pulling 1849ef83c4dd:  51% ▕█████████         ▏ 2.6 GB/5.1 GB   12 MB/s   3m25s[K[?25h[?2026l[?2026h[?25l[A[1Gpulling manifest [K
pulling 1849ef83c4dd:  51% ▕█████████         ▏ 2.6 GB/5.1 GB   12 MB/s   3m25s[K[?25h[?2026l[?2026h[?25l[A[1Gpulling manifest [K
pulling 1849ef83c4dd:  51% ▕█████████         ▏ 2.6 GB/5.1 GB   12 MB/s   3m24s[K[?25h[?2026l[?2026h[?25l[A[1Gpulling manifest [K
pulling 1849ef83c4dd:  51% ▕█████████         ▏ 2.6 GB/5.1 GB   12 MB/s   3m24s[K[?25h[?2026l[?2026h[?25l[A[1Gpulling manifest [K
pulling 1849ef83c4dd:  51% ▕█████████         ▏ 2.6 GB/5.1 GB   12 MB/s   3m24s[K[?25h[?2026l[?2026h[?25l[A[1Gpulling manifest [K
pulling 1849ef83c4dd:  51% ▕█████████         ▏ 2.6 GB/5.1 GB   12 MB/s   3m24s[K[?25h[?2026l[?2026h[?25l[A[1Gpulling manifest [K
pulling 1849ef83c4dd:  51% ▕█████████         ▏ 2.6 GB/5.1 GB   12 MB/s   3m24s[K[?25h[?2026l[?2026h[?25l[A[1Gpulling manifest [K
pulling 1849ef83c4dd:  51% ▕█████████         ▏ 2.6 GB/5.1 GB   12 MB/s   3m24s[K[?25h[?2026l[?2026h[?25l[A[1Gpulling manifest [K
pulling 1849ef83c4dd:  51% ▕█████████         ▏ 2.6 GB/5.1 GB   12 MB/s   3m24s[K[?25h[?2026l[?2026h[?25l[A[1Gpulling manifest [K
pulling 1849ef83c4dd:  51% ▕█████████         ▏ 2.6 GB/5.1 GB   12 MB/s   3m24s[K[?25h[?2026l[?2026h[?25l[A[1Gpulling manifest [K
pulling 1849ef83c4dd:  51% ▕█████████         ▏ 2.6 GB/5.1 GB   12 MB/s   3m24s[K[?25h[?2026l[?2026h[?25l[A[1Gpulling manifest [K
pulling 1849ef83c4dd:  51% ▕█████████         ▏ 2.6 GB/5.1 GB   12 MB/s   3m24s[K[?25h[?2026l[?2026h[?25l[A[1Gpulling manifest [K
pulling 1849ef83c4dd:  51% ▕█████████         ▏ 2.6 GB/5.1 GB   12 MB/s   3m24s[K[?25h[?2026l[?2026h[?25l[A[1Gpulling manifest [K
pulling 1849ef83c4dd:  51% ▕█████████         ▏ 2.6 GB/5.1 GB   12 MB/s   3m24s[K[?25h[?2026l[?2026h[?25l[A[1Gpulling manifest [K
pulling 1849ef83c4dd:  51% ▕█████████         ▏ 2.6 GB/5.1 GB   12 MB/s   3m24s[K[?25h[?2026l[?2026h[?25l[A[1Gpulling manifest [K
pulling 1849ef83c4dd:  51% ▕█████████         ▏ 2.6 GB/5.1 GB   12 MB/s   3m24s[K[?25h[?2026l[?2026h[?25l[A[1Gpulling manifest [K
pulling 1849ef83c4dd:  51% ▕█████████         ▏ 2.6 GB/5.1 GB   12 MB/s   3m23s[K[?25h[?2026l[?2026h[?25l[A[1Gpulling manifest [K
pulling 1849ef83c4dd:  51% ▕█████████         ▏ 2.6 GB/5.1 GB   12 MB/s   3m22s[K[?25h[?2026l[?2026h[?25l[A[1Gpulling manifest [K
pulling 1849ef83c4dd:  51% ▕█████████         ▏ 2.6 GB/5.1 GB   12 MB/s   3m22s[K[?25h[?2026l[?2026h[?25l[A[1Gpulling manifest [K
pulling 1849ef83c4dd:  51% ▕█████████         ▏ 2.6 GB/5.1 GB   12 MB/s   3m22s[K[?25h[?2026l[?2026h[?25l[A[1Gpulling manifest [K
pulling 1849ef83c4dd:  51% ▕█████████         ▏ 2.6 GB/5.1 GB   12 MB/s   3m22s[K[?25h[?2026l[?2026h[?25l[A[1Gpulling manifest [K
pulling 1849ef83c4dd:  51% ▕█████████         ▏ 2.6 GB/5.1 GB   12 MB/s   3m22s[K[?25h[?2026l[?2026h[?25l[A[1Gpulling manifest [K
pulling 1849ef83c4dd:  51% ▕█████████         ▏ 2.6 GB/5.1 GB   12 MB/s   3m22s[K[?25h[?2026l[?2026h[?25l[A[1Gpulling manifest [K
pulling 1849ef83c4dd:  51% ▕█████████         ▏ 2.6 GB/5.1 GB   12 MB/s   3m22s[K[?25h[?2026l[?2026h[?25l[A[1Gpulling manifest [K
pulling 1849ef83c4dd:  51% ▕█████████         ▏ 2.6 GB/5.1 GB   12 MB/s   3m22s[K[?25h[?2026l[?2026h[?25l[A[1Gpulling manifest [K
pulling 1849ef83c4dd:  51% ▕█████████         ▏ 2.6 GB/5.1 GB   12 MB/s   3m22s[K[?25h[?2026l[?2026h[?25l[A[1Gpulling manifest [K
pulling 1849ef83c4dd:  51% ▕█████████         ▏ 2.6 GB/5.1 GB   12 MB/s   3m22s[K[?25h[?2026l[?2026h[?25l[A[1Gpulling manifest [K
pulling 1849ef83c4dd:  51% ▕█████████         ▏ 2.6 GB/5.1 GB   12 MB/s   3m22s[K[?25h[?2026l[?2026h[?25l[A[1Gpulling manifest [K
pulling 1849ef83c4dd:  52% ▕█████████         ▏ 2.6 GB/5.1 GB   12 MB/s   3m22s[K[?25h[?2026l[?2026h[?25l[A[1Gpulling manifest [K
pulling 1849ef83c4dd:  52% ▕█████████         ▏ 2.6 GB/5.1 GB   12 MB/s   3m22s[K[?25h[?2026l[?2026h[?25l[A[1Gpulling manifest [K
pulling 1849ef83c4dd:  52% ▕█████████         ▏ 2.6 GB/5.1 GB   12 MB/s   3m22s[K[?25h[?2026l[?2026h[?25l[A[1Gpulling manifest [K
pulling 1849ef83c4dd:  52% ▕█████████         ▏ 2.6 GB/5.1 GB   12 MB/s   3m22s[K[?25h[?2026l[?2026h[?25l[A[1Gpulling manifest [K
pulling 1849ef83c4dd:  52% ▕█████████         ▏ 2.6 GB/5.1 GB   12 MB/s   3m22s[K[?25h[?2026l[?2026h[?25l[A[1Gpulling manifest [K
pulling 1849ef83c4dd:  52% ▕█████████         ▏ 2.6 GB/5.1 GB   12 MB/s   3m22s[K[?25h[?2026l[?2026h[?25l[A[1Gpulling manifest [K
pulling 1849ef83c4dd:  52% ▕█████████         ▏ 2.6 GB/5.1 GB   12 MB/s   3m22s[K[?25h[?2026l[?2026h[?25l[A[1Gpulling manifest [K
pulling 1849ef83c4dd:  52% ▕█████████         ▏ 2.7 GB/5.1 GB   12 MB/s   3m22s[K[?25h[?2026l[?2026h[?25l[A[1Gpulling manifest [K
pulling 1849ef83c4dd:  52% ▕█████████         ▏ 2.7 GB/5.1 GB   12 MB/s   3m22s[K[?25h[?2026l[?2026h[?25l[A[1Gpulling manifest [K
pulling 1849ef83c4dd:  52% ▕█████████         ▏ 2.7 GB/5.1 GB   12 MB/s   3m24s[K[?25h[?2026l[?2026h[?25l[A[1Gpulling manifest [K
pulling 1849ef83c4dd:  52% ▕█████████         ▏ 2.7 GB/5.1 GB   12 MB/s   3m24s[K[?25h[?2026l[?2026h[?25l[A[1Gpulling manifest [K
pulling 1849ef83c4dd:  52% ▕█████████         ▏ 2.7 GB/5.1 GB   12 MB/s   3m24s[K[?25h[?2026l[?2026h[?25l[A[1Gpulling manifest [K
pulling 1849ef83c4dd:  52% ▕█████████         ▏ 2.7 GB/5.1 GB   12 MB/s   3m24s[K[?25h[?2026l[?2026h[?25l[A[1Gpulling manifest [K
pulling 1849ef83c4dd:  52% ▕█████████         ▏ 2.7 GB/5.1 GB   12 MB/s   3m23s[K[?25h[?2026l[?2026h[?25l[A[1Gpulling manifest [K
pulling 1849ef83c4dd:  52% ▕█████████         ▏ 2.7 GB/5.1 GB   12 MB/s   3m23s[K[?25h[?2026l[?2026h[?25l[A[1Gpulling manifest [K
pulling 1849ef83c4dd:  52% ▕█████████         ▏ 2.7 GB/5.1 GB   12 MB/s   3m23s[K[?25h[?2026l[?2026h[?25l[A[1Gpulling manifest [K
pulling 1849ef83c4dd:  52% ▕█████████         ▏ 2.7 GB/5.1 GB   12 MB/s   3m23s[K[?25h[?2026l[?2026h[?25l[A[1Gpulling manifest [K
pulling 1849ef83c4dd:  52% ▕█████████         ▏ 2.7 GB/5.1 GB   12 MB/s   3m23s[K[?25h[?2026l[?2026h[?25l[A[1Gpulling manifest [K
pulling 1849ef83c4dd:  52% ▕█████████         ▏ 2.7 GB/5.1 GB   12 MB/s   3m23s[K[?25h[?2026l[?2026h[?25l[A[1Gpulling manifest [K
pulling 1849ef83c4dd:  52% ▕█████████         ▏ 2.7 GB/5.1 GB   12 MB/s   3m23s[K[?25h[?2026l[?2026h[?25l[A[1Gpulling manifest [K
pulling 1849ef83c4dd:  52% ▕█████████         ▏ 2.7 GB/5.1 GB   12 MB/s   3m20s[K[?25h[?2026l[?2026h[?25l[A[1Gpulling manifest [K
pulling 1849ef83c4dd:  52% ▕█████████         ▏ 2.7 GB/5.1 GB   12 MB/s   3m20s[K[?25h[?2026l[?2026h[?25l[A[1Gpulling manifest [K
pulling 1849ef83c4dd:  52% ▕█████████         ▏ 2.7 GB/5.1 GB   12 MB/s   3m20s[K[?25h[?2026l[?2026h[?25l[A[1Gpulling manifest [K
pulling 1849ef83c4dd:  52% ▕█████████         ▏ 2.7 GB/5.1 GB   12 MB/s   3m20s[K[?25h[?2026l[?2026h[?25l[A[1Gpulling manifest [K
pulling 1849ef83c4dd:  52% ▕█████████         ▏ 2.7 GB/5.1 GB   12 MB/s   3m20s[K[?25h[?2026l[?2026h[?25l[A[1Gpulling manifest [K
pulling 1849ef83c4dd:  52% ▕█████████         ▏ 2.7 GB/5.1 GB   12 MB/s   3m20s[K[?25h[?2026l[?2026h[?25l[A[1Gpulling manifest [K
pulling 1849ef83c4dd:  52% ▕█████████         ▏ 2.7 GB/5.1 GB   12 MB/s   3m20s[K[?25h[?2026l[?2026h[?25l[A[1Gpulling manifest [K
pulling 1849ef83c4dd:  52% ▕█████████         ▏ 2.7 GB/5.1 GB   12 MB/s   3m20s[K[?25h[?2026l[?2026h[?25l[A[1Gpulling manifest [K
pulling 1849ef83c4dd:  52% ▕█████████         ▏ 2.7 GB/5.1 GB   12 MB/s   3m20s[K[?25h[?2026l[?2026h[?25l[A[1Gpulling manifest [K
pulling 1849ef83c4dd:  52% ▕█████████         ▏ 2.7 GB/5.1 GB   12 MB/s   3m20s[K[?25h[?2026l[?2026h[?25l[A[1Gpulling manifest [K
pulling 1849ef83c4dd:  52% ▕█████████         ▏ 2.7 GB/5.1 GB   12 MB/s   3m20s[K[?25h[?2026l[?2026h[?25l[A[1Gpulling manifest [K
pulling 1849ef83c4dd:  52% ▕█████████         ▏ 2.7 GB/5.1 GB   12 MB/s   3m20s[K[?25h[?2026l[?2026h[?25l[A[1Gpulling manifest [K
pulling 1849ef83c4dd:  52% ▕█████████         ▏ 2.7 GB/5.1 GB   12 MB/s   3m20s[K[?25h[?2026l[?2026h[?25l[A[1Gpulling manifest [K
pulling 1849ef83c4dd:  52% ▕█████████         ▏ 2.7 GB/5.1 GB   12 MB/s   3m20s[K[?25h[?2026l[?2026h[?25l[A[1Gpulling manifest [K
pulling 1849ef83c4dd:  52% ▕█████████         ▏ 2.7 GB/5.1 GB   12 MB/s   3m20s[K[?25h[?2026l[?2026h[?25l[A[1Gpulling manifest [K
pulling 1849ef83c4dd:  52% ▕█████████         ▏ 2.7 GB/5.1 GB   12 MB/s   3m20s[K[?25h[?2026l[?2026h[?25l[A[1Gpulling manifest [K
pulling 1849ef83c4dd:  52% ▕█████████         ▏ 2.7 GB/5.1 GB   12 MB/s   3m19s[K[?25h[?2026l[?2026h[?25l[A[1Gpulling manifest [K
pulling 1849ef83c4dd:  52% ▕█████████         ▏ 2.7 GB/5.1 GB   12 MB/s   3m19s[K[?25h[?2026l[?2026h[?25l[A[1Gpulling manifest [K
pulling 1849ef83c4dd:  52% ▕█████████         ▏ 2.7 GB/5.1 GB   12 MB/s   3m19s[K[?25h[?2026l[?2026h[?25l[A[1Gpulling manifest [K
pulling 1849ef83c4dd:  52% ▕█████████         ▏ 2.7 GB/5.1 GB   12 MB/s   3m19s[K[?25h[?2026l[?2026h[?25l[A[1Gpulling manifest [K
pulling 1849ef83c4dd:  52% ▕█████████         ▏ 2.7 GB/5.1 GB   12 MB/s   3m18s[K[?25h[?2026l[?2026h[?25l[A[1Gpulling manifest [K
pulling 1849ef83c4dd:  52% ▕█████████         ▏ 2.7 GB/5.1 GB   12 MB/s   3m18s[K[?25h[?2026l[?2026h[?25l[A[1Gpulling manifest [K
pulling 1849ef83c4dd:  53% ▕█████████         ▏ 2.7 GB/5.1 GB   12 MB/s   3m18s[K[?25h[?2026l[?2026h[?25l[A[1Gpulling manifest [K
pulling 1849ef83c4dd:  53% ▕█████████         ▏ 2.7 GB/5.1 GB   12 MB/s   3m18s[K[?25h[?2026l[?2026h[?25l[A[1Gpulling manifest [K
pulling 1849ef83c4dd:  53% ▕█████████         ▏ 2.7 GB/5.1 GB   12 MB/s   3m18s[K[?25h[?2026l[?2026h[?25l[A[1Gpulling manifest [K
pulling 1849ef83c4dd:  53% ▕█████████         ▏ 2.7 GB/5.1 GB   12 MB/s   3m18s[K[?25h[?2026l[?2026h[?25l[A[1Gpulling manifest [K
pulling 1849ef83c4dd:  53% ▕█████████         ▏ 2.7 GB/5.1 GB   12 MB/s   3m18s[K[?25h[?2026l[?2026h[?25l[A[1Gpulling manifest [K
pulling 1849ef83c4dd:  53% ▕█████████         ▏ 2.7 GB/5.1 GB   12 MB/s   3m18s[K[?25h[?2026l[?2026h[?25l[A[1Gpulling manifest [K
pulling 1849ef83c4dd:  53% ▕█████████         ▏ 2.7 GB/5.1 GB   12 MB/s   3m18s[K[?25h[?2026l[?2026h[?25l[A[1Gpulling manifest [K
pulling 1849ef83c4dd:  53% ▕█████████         ▏ 2.7 GB/5.1 GB   12 MB/s   3m17s[K[?25h[?2026l[?2026h[?25l[A[1Gpulling manifest [K
pulling 1849ef83c4dd:  53% ▕█████████         ▏ 2.7 GB/5.1 GB   12 MB/s   3m19s[K[?25h[?2026l[?2026h[?25l[A[1Gpulling manifest [K
pulling 1849ef83c4dd:  53% ▕█████████         ▏ 2.7 GB/5.1 GB   12 MB/s   3m19s[K[?25h[?2026l[?2026h[?25l[A[1Gpulling manifest [K
pulling 1849ef83c4dd:  53% ▕█████████         ▏ 2.7 GB/5.1 GB   12 MB/s   3m19s[K[?25h[?2026l[?2026h[?25l[A[1Gpulling manifest [K
pulling 1849ef83c4dd:  53% ▕█████████         ▏ 2.7 GB/5.1 GB   12 MB/s   3m19s[K[?25h[?2026l[?2026h[?25l[A[1Gpulling manifest [K
pulling 1849ef83c4dd:  53% ▕█████████         ▏ 2.7 GB/5.1 GB   12 MB/s   3m18s[K[?25h[?2026l[?2026h[?25l[A[1Gpulling manifest [K
pulling 1849ef83c4dd:  53% ▕█████████         ▏ 2.7 GB/5.1 GB   12 MB/s   3m18s[K[?25h[?2026l[?2026h[?25l[A[1Gpulling manifest [K
pulling 1849ef83c4dd:  53% ▕█████████         ▏ 2.7 GB/5.1 GB   12 MB/s   3m18s[K[?25h[?2026l[?2026h[?25l[A[1Gpulling manifest [K
pulling 1849ef83c4dd:  53% ▕█████████         ▏ 2.7 GB/5.1 GB   12 MB/s   3m18s[K[?25h[?2026l[?2026h[?25l[A[1Gpulling manifest [K
pulling 1849ef83c4dd:  53% ▕█████████         ▏ 2.7 GB/5.1 GB   12 MB/s   3m18s[K[?25h[?2026l[?2026h[?25l[A[1Gpulling manifest [K
pulling 1849ef83c4dd:  53% ▕█████████         ▏ 2.7 GB/5.1 GB   12 MB/s   3m18s[K[?25h[?2026l[?2026h[?25l[A[1Gpulling manifest [K
pulling 1849ef83c4dd:  53% ▕█████████         ▏ 2.7 GB/5.1 GB   12 MB/s   3m18s[K[?25h[?2026l[?2026h[?25l[A[1Gpulling manifest [K
pulling 1849ef83c4dd:  53% ▕█████████         ▏ 2.7 GB/5.1 GB   12 MB/s   3m18s[K[?25h[?2026l[?2026h[?25l[A[1Gpulling manifest [K
pulling 1849ef83c4dd:  53% ▕█████████         ▏ 2.7 GB/5.1 GB   12 MB/s   3m18s[K[?25h[?2026l[?2026h[?25l[A[1Gpulling manifest [K
pulling 1849ef83c4dd:  53% ▕█████████         ▏ 2.7 GB/5.1 GB   12 MB/s   3m18s[K[?25h[?2026l[?2026h[?25l[A[1Gpulling manifest [K
pulling 1849ef83c4dd:  53% ▕█████████         ▏ 2.7 GB/5.1 GB   12 MB/s   3m18s[K[?25h[?2026l[?2026h[?25l[A[1Gpulling manifest [K
pulling 1849ef83c4dd:  53% ▕█████████         ▏ 2.7 GB/5.1 GB   12 MB/s   3m18s[K[?25h[?2026l[?2026h[?25l[A[1Gpulling manifest [K
pulling 1849ef83c4dd:  53% ▕█████████         ▏ 2.7 GB/5.1 GB   12 MB/s   3m17s[K[?25h[?2026l[?2026h[?25l[A[1Gpulling manifest [K
pulling 1849ef83c4dd:  53% ▕█████████         ▏ 2.7 GB/5.1 GB   12 MB/s   3m17s[K[?25h[?2026l[?2026h[?25l[A[1Gpulling manifest [K
pulling 1849ef83c4dd:  53% ▕█████████         ▏ 2.7 GB/5.1 GB   12 MB/s   3m17s[K[?25h[?2026l[?2026h[?25l[A[1Gpulling manifest [K
pulling 1849ef83c4dd:  53% ▕█████████         ▏ 2.7 GB/5.1 GB   12 MB/s   3m17s[K[?25h[?2026l[?2026h[?25l[A[1Gpulling manifest [K
pulling 1849ef83c4dd:  53% ▕█████████         ▏ 2.7 GB/5.1 GB   12 MB/s   3m17s[K[?25h[?2026l[?2026h[?25l[A[1Gpulling manifest [K
pulling 1849ef83c4dd:  53% ▕█████████         ▏ 2.7 GB/5.1 GB   12 MB/s   3m16s[K[?25h[?2026l[?2026h[?25l[A[1Gpulling manifest [K
pulling 1849ef83c4dd:  53% ▕█████████         ▏ 2.7 GB/5.1 GB   12 MB/s   3m16s[K[?25h[?2026l[?2026h[?25l[A[1Gpulling manifest [K
pulling 1849ef83c4dd:  53% ▕█████████         ▏ 2.7 GB/5.1 GB   12 MB/s   3m16s[K[?25h[?2026l[?2026h[?25l[A[1Gpulling manifest [K
pulling 1849ef83c4dd:  53% ▕█████████         ▏ 2.7 GB/5.1 GB   12 MB/s   3m16s[K[?25h[?2026l[?2026h[?25l[A[1Gpulling manifest [K
pulling 1849ef83c4dd:  53% ▕█████████         ▏ 2.7 GB/5.1 GB   12 MB/s   3m16s[K[?25h[?2026l[?2026h[?25l[A[1Gpulling manifest [K
pulling 1849ef83c4dd:  53% ▕█████████         ▏ 2.7 GB/5.1 GB   12 MB/s   3m16s[K[?25h[?2026l[?2026h[?25l[A[1Gpulling manifest [K
pulling 1849ef83c4dd:  53% ▕█████████         ▏ 2.7 GB/5.1 GB   12 MB/s   3m16s[K[?25h[?2026l[?2026h[?25l[A[1Gpulling manifest [K
pulling 1849ef83c4dd:  53% ▕█████████         ▏ 2.7 GB/5.1 GB   12 MB/s   3m16s[K[?25h[?2026l[?2026h[?25l[A[1Gpulling manifest [K
pulling 1849ef83c4dd:  53% ▕█████████         ▏ 2.7 GB/5.1 GB   12 MB/s   3m15s[K[?25h[?2026l[?2026h[?25l[A[1Gpulling manifest [K
pulling 1849ef83c4dd:  53% ▕█████████         ▏ 2.7 GB/5.1 GB   12 MB/s   3m15s[K[?25h[?2026l[?2026h[?25l[A[1Gpulling manifest [K
pulling 1849ef83c4dd:  53% ▕█████████         ▏ 2.7 GB/5.1 GB   12 MB/s   3m16s[K[?25h[?2026l[?2026h[?25l[A[1Gpulling manifest [K
pulling 1849ef83c4dd:  53% ▕█████████         ▏ 2.7 GB/5.1 GB   12 MB/s   3m16s[K[?25h[?2026l[?2026h[?25l[A[1Gpulling manifest [K
pulling 1849ef83c4dd:  53% ▕█████████         ▏ 2.7 GB/5.1 GB   12 MB/s   3m16s[K[?25h[?2026l[?2026h[?25l[A[1Gpulling manifest [K
pulling 1849ef83c4dd:  53% ▕█████████         ▏ 2.7 GB/5.1 GB   12 MB/s   3m16s[K[?25h[?2026l[?2026h[?25l[A[1Gpulling manifest [K
pulling 1849ef83c4dd:  53% ▕█████████         ▏ 2.7 GB/5.1 GB   12 MB/s   3m16s[K[?25h[?2026l[?2026h[?25l[A[1Gpulling manifest [K
pulling 1849ef83c4dd:  54% ▕█████████         ▏ 2.7 GB/5.1 GB   12 MB/s   3m16s[K[?25h[?2026l[?2026h[?25l[A[1Gpulling manifest [K
pulling 1849ef83c4dd:  54% ▕█████████         ▏ 2.7 GB/5.1 GB   12 MB/s   3m15s[K[?25h[?2026l[?2026h[?25l[A[1Gpulling manifest [K
pulling 1849ef83c4dd:  54% ▕█████████         ▏ 2.7 GB/5.1 GB   12 MB/s   3m15s[K[?25h[?2026l[?2026h[?25l[A[1Gpulling manifest [K
pulling 1849ef83c4dd:  54% ▕█████████         ▏ 2.8 GB/5.1 GB   12 MB/s   3m15s[K[?25h[?2026l[?2026h[?25l[A[1Gpulling manifest [K
pulling 1849ef83c4dd:  54% ▕█████████         ▏ 2.8 GB/5.1 GB   12 MB/s   3m15s[K[?25h[?2026l[?2026h[?25l[A[1Gpulling manifest [K
pulling 1849ef83c4dd:  54% ▕█████████         ▏ 2.8 GB/5.1 GB   12 MB/s   3m14s[K[?25h[?2026l[?2026h[?25l[A[1Gpulling manifest [K
pulling 1849ef83c4dd:  54% ▕█████████         ▏ 2.8 GB/5.1 GB   12 MB/s   3m14s[K[?25h[?2026l[?2026h[?25l[A[1Gpulling manifest [K
pulling 1849ef83c4dd:  54% ▕█████████         ▏ 2.8 GB/5.1 GB   12 MB/s   3m14s[K[?25h[?2026l[?2026h[?25l[A[1Gpulling manifest [K
pulling 1849ef83c4dd:  54% ▕█████████         ▏ 2.8 GB/5.1 GB   12 MB/s   3m14s[K[?25h[?2026l[?2026h[?25l[A[1Gpulling manifest [K
pulling 1849ef83c4dd:  54% ▕█████████         ▏ 2.8 GB/5.1 GB   12 MB/s   3m14s[K[?25h[?2026l[?2026h[?25l[A[1Gpulling manifest [K
pulling 1849ef83c4dd:  54% ▕█████████         ▏ 2.8 GB/5.1 GB   12 MB/s   3m14s[K[?25h[?2026l[?2026h[?25l[A[1Gpulling manifest [K
pulling 1849ef83c4dd:  54% ▕█████████         ▏ 2.8 GB/5.1 GB   12 MB/s   3m14s[K[?25h[?2026l[?2026h[?25l[A[1Gpulling manifest [K
pulling 1849ef83c4dd:  54% ▕█████████         ▏ 2.8 GB/5.1 GB   12 MB/s   3m14s[K[?25h[?2026l[?2026h[?25l[A[1Gpulling manifest [K
pulling 1849ef83c4dd:  54% ▕█████████         ▏ 2.8 GB/5.1 GB   12 MB/s   3m13s[K[?25h[?2026l[?2026h[?25l[A[1Gpulling manifest [K
pulling 1849ef83c4dd:  54% ▕█████████         ▏ 2.8 GB/5.1 GB   12 MB/s   3m13s[K[?25h[?2026l[?2026h[?25l[A[1Gpulling manifest [K
pulling 1849ef83c4dd:  54% ▕█████████         ▏ 2.8 GB/5.1 GB   12 MB/s   3m13s[K[?25h[?2026l[?2026h[?25l[A[1Gpulling manifest [K
pulling 1849ef83c4dd:  54% ▕█████████         ▏ 2.8 GB/5.1 GB   12 MB/s   3m13s[K[?25h[?2026l[?2026h[?25l[A[1Gpulling manifest [K
pulling 1849ef83c4dd:  54% ▕█████████         ▏ 2.8 GB/5.1 GB   12 MB/s   3m13s[K[?25h[?2026l[?2026h[?25l[A[1Gpulling manifest [K
pulling 1849ef83c4dd:  54% ▕█████████         ▏ 2.8 GB/5.1 GB   12 MB/s   3m13s[K[?25h[?2026l[?2026h[?25l[A[1Gpulling manifest [K
pulling 1849ef83c4dd:  54% ▕█████████         ▏ 2.8 GB/5.1 GB   12 MB/s   3m13s[K[?25h[?2026l[?2026h[?25l[A[1Gpulling manifest [K
pulling 1849ef83c4dd:  54% ▕█████████         ▏ 2.8 GB/5.1 GB   12 MB/s   3m13s[K[?25h[?2026l[?2026h[?25l[A[1Gpulling manifest [K
pulling 1849ef83c4dd:  54% ▕█████████         ▏ 2.8 GB/5.1 GB   12 MB/s   3m13s[K[?25h[?2026l[?2026h[?25l[A[1Gpulling manifest [K
pulling 1849ef83c4dd:  54% ▕█████████         ▏ 2.8 GB/5.1 GB   12 MB/s   3m12s[K[?25h[?2026l[?2026h[?25l[A[1Gpulling manifest [K
pulling 1849ef83c4dd:  54% ▕█████████         ▏ 2.8 GB/5.1 GB   12 MB/s   3m12s[K[?25h[?2026l[?2026h[?25l[A[1Gpulling manifest [K
pulling 1849ef83c4dd:  54% ▕█████████         ▏ 2.8 GB/5.1 GB   12 MB/s   3m12s[K[?25h[?2026l[?2026h[?25l[A[1Gpulling manifest [K
pulling 1849ef83c4dd:  54% ▕█████████         ▏ 2.8 GB/5.1 GB   12 MB/s   3m12s[K[?25h[?2026l[?2026h[?25l[A[1Gpulling manifest [K
pulling 1849ef83c4dd:  54% ▕█████████         ▏ 2.8 GB/5.1 GB   12 MB/s   3m12s[K[?25h[?2026l[?2026h[?25l[A[1Gpulling manifest [K
pulling 1849ef83c4dd:  54% ▕█████████         ▏ 2.8 GB/5.1 GB   12 MB/s   3m12s[K[?25h[?2026l[?2026h[?25l[A[1Gpulling manifest [K
pulling 1849ef83c4dd:  54% ▕█████████         ▏ 2.8 GB/5.1 GB   12 MB/s   3m12s[K[?25h[?2026l[?2026h[?25l[A[1Gpulling manifest [K
pulling 1849ef83c4dd:  54% ▕█████████         ▏ 2.8 GB/5.1 GB   12 MB/s   3m11s[K[?25h[?2026l[?2026h[?25l[A[1Gpulling manifest [K
pulling 1849ef83c4dd:  54% ▕█████████         ▏ 2.8 GB/5.1 GB   12 MB/s   3m11s[K[?25h[?2026l[?2026h[?25l[A[1Gpulling manifest [K
pulling 1849ef83c4dd:  54% ▕█████████         ▏ 2.8 GB/5.1 GB   12 MB/s   3m11s[K[?25h[?2026l[?2026h[?25l[A[1Gpulling manifest [K
pulling 1849ef83c4dd:  54% ▕█████████         ▏ 2.8 GB/5.1 GB   12 MB/s   3m11s[K[?25h[?2026l[?2026h[?25l[A[1Gpulling manifest [K
pulling 1849ef83c4dd:  54% ▕█████████         ▏ 2.8 GB/5.1 GB   12 MB/s   3m11s[K[?25h[?2026l[?2026h[?25l[A[1Gpulling manifest [K
pulling 1849ef83c4dd:  54% ▕█████████         ▏ 2.8 GB/5.1 GB   12 MB/s   3m11s[K[?25h[?2026l[?2026h[?25l[A[1Gpulling manifest [K
pulling 1849ef83c4dd:  54% ▕█████████         ▏ 2.8 GB/5.1 GB   12 MB/s   3m11s[K[?25h[?2026l[?2026h[?25l[A[1Gpulling manifest [K
pulling 1849ef83c4dd:  54% ▕█████████         ▏ 2.8 GB/5.1 GB   12 MB/s   3m10s[K[?25h[?2026l[?2026h[?25l[A[1Gpulling manifest [K
pulling 1849ef83c4dd:  54% ▕█████████         ▏ 2.8 GB/5.1 GB   12 MB/s   3m10s[K[?25h[?2026l[?2026h[?25l[A[1Gpulling manifest [K
pulling 1849ef83c4dd:  54% ▕█████████         ▏ 2.8 GB/5.1 GB   12 MB/s   3m10s[K[?25h[?2026l[?2026h[?25l[A[1Gpulling manifest [K
pulling 1849ef83c4dd:  54% ▕█████████         ▏ 2.8 GB/5.1 GB   12 MB/s   3m10s[K[?25h[?2026l[?2026h[?25l[A[1Gpulling manifest [K
pulling 1849ef83c4dd:  54% ▕█████████         ▏ 2.8 GB/5.1 GB   12 MB/s   3m10s[K[?25h[?2026l[?2026h[?25l[A[1Gpulling manifest [K
pulling 1849ef83c4dd:  54% ▕█████████         ▏ 2.8 GB/5.1 GB   12 MB/s   3m10s[K[?25h[?2026l[?2026h[?25l[A[1Gpulling manifest [K
pulling 1849ef83c4dd:  55% ▕█████████         ▏ 2.8 GB/5.1 GB   12 MB/s   3m10s[K[?25h[?2026l[?2026h[?25l[A[1Gpulling manifest [K
pulling 1849ef83c4dd:  55% ▕█████████         ▏ 2.8 GB/5.1 GB   12 MB/s   3m10s[K[?25h[?2026l[?2026h[?25l[A[1Gpulling manifest [K
pulling 1849ef83c4dd:  55% ▕█████████         ▏ 2.8 GB/5.1 GB   12 MB/s   3m10s[K[?25h[?2026l[?2026h[?25l[A[1Gpulling manifest [K
pulling 1849ef83c4dd:  55% ▕█████████         ▏ 2.8 GB/5.1 GB   12 MB/s    3m9s[K[?25h[?2026l[?2026h[?25l[A[1Gpulling manifest [K
pulling 1849ef83c4dd:  55% ▕█████████         ▏ 2.8 GB/5.1 GB   12 MB/s    3m9s[K[?25h[?2026l[?2026h[?25l[A[1Gpulling manifest [K
pulling 1849ef83c4dd:  55% ▕█████████         ▏ 2.8 GB/5.1 GB   12 MB/s    3m9s[K[?25h[?2026l[?2026h[?25l[A[1Gpulling manifest [K
pulling 1849ef83c4dd:  55% ▕█████████         ▏ 2.8 GB/5.1 GB   12 MB/s    3m9s[K[?25h[?2026l[?2026h[?25l[A[1Gpulling manifest [K
pulling 1849ef83c4dd:  55% ▕█████████         ▏ 2.8 GB/5.1 GB   12 MB/s    3m9s[K[?25h[?2026l[?2026h[?25l[A[1Gpulling manifest [K
pulling 1849ef83c4dd:  55% ▕█████████         ▏ 2.8 GB/5.1 GB   12 MB/s    3m9s[K[?25h[?2026l[?2026h[?25l[A[1Gpulling manifest [K
pulling 1849ef83c4dd:  55% ▕█████████         ▏ 2.8 GB/5.1 GB   12 MB/s    3m9s[K[?25h[?2026l[?2026h[?25l[A[1Gpulling manifest [K
pulling 1849ef83c4dd:  55% ▕█████████         ▏ 2.8 GB/5.1 GB   12 MB/s    3m9s[K[?25h[?2026l[?2026h[?25l[A[1Gpulling manifest [K
pulling 1849ef83c4dd:  55% ▕█████████         ▏ 2.8 GB/5.1 GB   12 MB/s    3m8s[K[?25h[?2026l[?2026h[?25l[A[1Gpulling manifest [K
pulling 1849ef83c4dd:  55% ▕█████████         ▏ 2.8 GB/5.1 GB   12 MB/s    3m8s[K[?25h[?2026l[?2026h[?25l[A[1Gpulling manifest [K
pulling 1849ef83c4dd:  55% ▕█████████         ▏ 2.8 GB/5.1 GB   12 MB/s    3m8s[K[?25h[?2026l[?2026h[?25l[A[1Gpulling manifest [K
pulling 1849ef83c4dd:  55% ▕█████████         ▏ 2.8 GB/5.1 GB   12 MB/s    3m8s[K[?25h[?2026l[?2026h[?25l[A[1Gpulling manifest [K
pulling 1849ef83c4dd:  55% ▕█████████         ▏ 2.8 GB/5.1 GB   12 MB/s    3m8s[K[?25h[?2026l[?2026h[?25l[A[1Gpulling manifest [K
pulling 1849ef83c4dd:  55% ▕█████████         ▏ 2.8 GB/5.1 GB   12 MB/s    3m8s[K[?25h[?2026l[?2026h[?25l[A[1Gpulling manifest [K
pulling 1849ef83c4dd:  55% ▕█████████         ▏ 2.8 GB/5.1 GB   12 MB/s    3m8s[K[?25h[?2026l[?2026h[?25l[A[1Gpulling manifest [K
pulling 1849ef83c4dd:  55% ▕█████████         ▏ 2.8 GB/5.1 GB   12 MB/s    3m7s[K[?25h[?2026l[?2026h[?25l[A[1Gpulling manifest [K
pulling 1849ef83c4dd:  55% ▕█████████         ▏ 2.8 GB/5.1 GB   12 MB/s    3m7s[K[?25h[?2026l[?2026h[?25l[A[1Gpulling manifest [K
pulling 1849ef83c4dd:  55% ▕█████████         ▏ 2.8 GB/5.1 GB   12 MB/s    3m7s[K[?25h[?2026l[?2026h[?25l[A[1Gpulling manifest [K
pulling 1849ef83c4dd:  55% ▕█████████         ▏ 2.8 GB/5.1 GB   12 MB/s    3m7s[K[?25h[?2026l[?2026h[?25l[A[1Gpulling manifest [K
pulling 1849ef83c4dd:  55% ▕█████████         ▏ 2.8 GB/5.1 GB   12 MB/s    3m7s[K[?25h[?2026l[?2026h[?25l[A[1Gpulling manifest [K
pulling 1849ef83c4dd:  55% ▕█████████         ▏ 2.8 GB/5.1 GB   12 MB/s    3m7s[K[?25h[?2026l[?2026h[?25l[A[1Gpulling manifest [K
pulling 1849ef83c4dd:  55% ▕█████████         ▏ 2.8 GB/5.1 GB   12 MB/s    3m7s[K[?25h[?2026l[?2026h[?25l[A[1Gpulling manifest [K
pulling 1849ef83c4dd:  55% ▕█████████         ▏ 2.8 GB/5.1 GB   12 MB/s    3m7s[K[?25h[?2026l[?2026h[?25l[A[1Gpulling manifest [K
pulling 1849ef83c4dd:  55% ▕█████████         ▏ 2.8 GB/5.1 GB   12 MB/s    3m7s[K[?25h[?2026l[?2026h[?25l[A[1Gpulling manifest [K
pulling 1849ef83c4dd:  55% ▕█████████         ▏ 2.8 GB/5.1 GB   12 MB/s    3m7s[K[?25h[?2026l[?2026h[?25l[A[1Gpulling manifest [K
pulling 1849ef83c4dd:  55% ▕█████████         ▏ 2.8 GB/5.1 GB   12 MB/s    3m7s[K[?25h[?2026l[?2026h[?25l[A[1Gpulling manifest [K
pulling 1849ef83c4dd:  55% ▕█████████         ▏ 2.8 GB/5.1 GB   12 MB/s    3m7s[K[?25h[?2026l[?2026h[?25l[A[1Gpulling manifest [K
pulling 1849ef83c4dd:  55% ▕█████████         ▏ 2.8 GB/5.1 GB   12 MB/s    3m7s[K[?25h[?2026l[?2026h[?25l[A[1Gpulling manifest [K
pulling 1849ef83c4dd:  55% ▕█████████         ▏ 2.8 GB/5.1 GB   12 MB/s    3m7s[K[?25h[?2026l[?2026h[?25l[A[1Gpulling manifest [K
pulling 1849ef83c4dd:  55% ▕█████████         ▏ 2.8 GB/5.1 GB   12 MB/s    3m7s[K[?25h[?2026l[?2026h[?25l[A[1Gpulling manifest [K
pulling 1849ef83c4dd:  55% ▕█████████         ▏ 2.8 GB/5.1 GB   12 MB/s    3m7s[K[?25h[?2026l[?2026h[?25l[A[1Gpulling manifest [K
pulling 1849ef83c4dd:  55% ▕█████████         ▏ 2.8 GB/5.1 GB   12 MB/s    3m9s[K[?25h[?2026l[?2026h[?25l[A[1Gpulling manifest [K
pulling 1849ef83c4dd:  55% ▕█████████         ▏ 2.8 GB/5.1 GB   12 MB/s    3m9s[K[?25h[?2026l[?2026h[?25l[A[1Gpulling manifest [K
pulling 1849ef83c4dd:  55% ▕█████████         ▏ 2.8 GB/5.1 GB   12 MB/s    3m9s[K[?25h[?2026l[?2026h[?25l[A[1Gpulling manifest [K
pulling 1849ef83c4dd:  55% ▕█████████         ▏ 2.8 GB/5.1 GB   12 MB/s    3m9s[K[?25h[?2026l[?2026h[?25l[A[1Gpulling manifest [K
pulling 1849ef83c4dd:  55% ▕█████████         ▏ 2.8 GB/5.1 GB   12 MB/s    3m9s[K[?25h[?2026l[?2026h[?25l[A[1Gpulling manifest [K
pulling 1849ef83c4dd:  55% ▕█████████         ▏ 2.8 GB/5.1 GB   12 MB/s    3m8s[K[?25h[?2026l[?2026h[?25l[A[1Gpulling manifest [K
pulling 1849ef83c4dd:  55% ▕█████████         ▏ 2.8 GB/5.1 GB   12 MB/s    3m8s[K[?25h[?2026l[?2026h[?25l[A[1Gpulling manifest [K
pulling 1849ef83c4dd:  55% ▕█████████         ▏ 2.8 GB/5.1 GB   12 MB/s    3m8s[K[?25h[?2026l[?2026h[?25l[A[1Gpulling manifest [K
pulling 1849ef83c4dd:  55% ▕█████████         ▏ 2.8 GB/5.1 GB   12 MB/s    3m8s[K[?25h[?2026l[?2026h[?25l[A[1Gpulling manifest [K
pulling 1849ef83c4dd:  55% ▕█████████         ▏ 2.8 GB/5.1 GB   12 MB/s    3m8s[K[?25h[?2026l[?2026h[?25l[A[1Gpulling manifest [K
pulling 1849ef83c4dd:  55% ▕█████████         ▏ 2.8 GB/5.1 GB   12 MB/s    3m8s[K[?25h[?2026l[?2026h[?25l[A[1Gpulling manifest [K
pulling 1849ef83c4dd:  56% ▕█████████         ▏ 2.8 GB/5.1 GB   12 MB/s    3m8s[K[?25h[?2026l[?2026h[?25l[A[1Gpulling manifest [K
pulling 1849ef83c4dd:  56% ▕█████████         ▏ 2.8 GB/5.1 GB   12 MB/s    3m8s[K[?25h[?2026l[?2026h[?25l[A[1Gpulling manifest [K
pulling 1849ef83c4dd:  56% ▕█████████         ▏ 2.9 GB/5.1 GB   12 MB/s    3m7s[K[?25h[?2026l[?2026h[?25l[A[1Gpulling manifest [K
pulling 1849ef83c4dd:  56% ▕██████████        ▏ 2.9 GB/5.1 GB   12 MB/s    3m7s[K[?25h[?2026l[?2026h[?25l[A[1Gpulling manifest [K
pulling 1849ef83c4dd:  56% ▕██████████        ▏ 2.9 GB/5.1 GB   12 MB/s    3m7s[K[?25h[?2026l[?2026h[?25l[A[1Gpulling manifest [K
pulling 1849ef83c4dd:  56% ▕██████████        ▏ 2.9 GB/5.1 GB   12 MB/s    3m7s[K[?25h[?2026l[?2026h[?25l[A[1Gpulling manifest [K
pulling 1849ef83c4dd:  56% ▕██████████        ▏ 2.9 GB/5.1 GB   12 MB/s    3m7s[K[?25h[?2026l[?2026h[?25l[A[1Gpulling manifest [K
pulling 1849ef83c4dd:  56% ▕██████████        ▏ 2.9 GB/5.1 GB   12 MB/s    3m7s[K[?25h[?2026l[?2026h[?25l[A[1Gpulling manifest [K
pulling 1849ef83c4dd:  56% ▕██████████        ▏ 2.9 GB/5.1 GB   12 MB/s    3m7s[K[?25h[?2026l[?2026h[?25l[A[1Gpulling manifest [K
pulling 1849ef83c4dd:  56% ▕██████████        ▏ 2.9 GB/5.1 GB   12 MB/s    3m7s[K[?25h[?2026l[?2026h[?25l[A[1Gpulling manifest [K
pulling 1849ef83c4dd:  56% ▕██████████        ▏ 2.9 GB/5.1 GB   12 MB/s    3m7s[K[?25h[?2026l[?2026h[?25l[A[1Gpulling manifest [K
pulling 1849ef83c4dd:  56% ▕██████████        ▏ 2.9 GB/5.1 GB   12 MB/s    3m7s[K[?25h[?2026l[?2026h[?25l[A[1Gpulling manifest [K
pulling 1849ef83c4dd:  56% ▕██████████        ▏ 2.9 GB/5.1 GB   12 MB/s    3m7s[K[?25h[?2026l[?2026h[?25l[A[1Gpulling manifest [K
pulling 1849ef83c4dd:  56% ▕██████████        ▏ 2.9 GB/5.1 GB   12 MB/s    3m6s[K[?25h[?2026l[?2026h[?25l[A[1Gpulling manifest [K
pulling 1849ef83c4dd:  56% ▕██████████        ▏ 2.9 GB/5.1 GB   12 MB/s    3m6s[K[?25h[?2026l[?2026h[?25l[A[1Gpulling manifest [K
pulling 1849ef83c4dd:  56% ▕██████████        ▏ 2.9 GB/5.1 GB   12 MB/s    3m6s[K[?25h[?2026l[?2026h[?25l[A[1Gpulling manifest [K
pulling 1849ef83c4dd:  56% ▕██████████        ▏ 2.9 GB/5.1 GB   12 MB/s    3m6s[K[?25h[?2026l[?2026h[?25l[A[1Gpulling manifest [K
pulling 1849ef83c4dd:  56% ▕██████████        ▏ 2.9 GB/5.1 GB   12 MB/s    3m6s[K[?25h[?2026l[?2026h[?25l[A[1Gpulling manifest [K
pulling 1849ef83c4dd:  56% ▕██████████        ▏ 2.9 GB/5.1 GB   12 MB/s    3m6s[K[?25h[?2026l[?2026h[?25l[A[1Gpulling manifest [K
pulling 1849ef83c4dd:  56% ▕██████████        ▏ 2.9 GB/5.1 GB   12 MB/s    3m6s[K[?25h[?2026l[?2026h[?25l[A[1Gpulling manifest [K
pulling 1849ef83c4dd:  56% ▕██████████        ▏ 2.9 GB/5.1 GB   12 MB/s    3m7s[K[?25h[?2026l[?2026h[?25l[A[1Gpulling manifest [K
pulling 1849ef83c4dd:  56% ▕██████████        ▏ 2.9 GB/5.1 GB   12 MB/s    3m6s[K[?25h[?2026l[?2026h[?25l[A[1Gpulling manifest [K
pulling 1849ef83c4dd:  56% ▕██████████        ▏ 2.9 GB/5.1 GB   12 MB/s    3m6s[K[?25h[?2026l[?2026h[?25l[A[1Gpulling manifest [K
pulling 1849ef83c4dd:  56% ▕██████████        ▏ 2.9 GB/5.1 GB   12 MB/s    3m6s[K[?25h[?2026l[?2026h[?25l[A[1Gpulling manifest [K
pulling 1849ef83c4dd:  56% ▕██████████        ▏ 2.9 GB/5.1 GB   12 MB/s    3m6s[K[?25h[?2026l[?2026h[?25l[A[1Gpulling manifest [K
pulling 1849ef83c4dd:  56% ▕██████████        ▏ 2.9 GB/5.1 GB   12 MB/s    3m6s[K[?25h[?2026l[?2026h[?25l[A[1Gpulling manifest [K
pulling 1849ef83c4dd:  56% ▕██████████        ▏ 2.9 GB/5.1 GB   12 MB/s    3m6s[K[?25h[?2026l[?2026h[?25l[A[1Gpulling manifest [K
pulling 1849ef83c4dd:  56% ▕██████████        ▏ 2.9 GB/5.1 GB   12 MB/s    3m6s[K[?25h[?2026l[?2026h[?25l[A[1Gpulling manifest [K
pulling 1849ef83c4dd:  56% ▕██████████        ▏ 2.9 GB/5.1 GB   12 MB/s    3m6s[K[?25h[?2026l[?2026h[?25l[A[1Gpulling manifest [K
pulling 1849ef83c4dd:  56% ▕██████████        ▏ 2.9 GB/5.1 GB   12 MB/s    3m6s[K[?25h[?2026l[?2026h[?25l[A[1Gpulling manifest [K
pulling 1849ef83c4dd:  56% ▕██████████        ▏ 2.9 GB/5.1 GB   11 MB/s    3m8s[K[?25h[?2026l[?2026h[?25l[A[1Gpulling manifest [K
pulling 1849ef83c4dd:  56% ▕██████████        ▏ 2.9 GB/5.1 GB   11 MB/s    3m8s[K[?25h[?2026l[?2026h[?25l[A[1Gpulling manifest [K
pulling 1849ef83c4dd:  56% ▕██████████        ▏ 2.9 GB/5.1 GB   11 MB/s    3m8s[K[?25h[?2026l[?2026h[?25l[A[1Gpulling manifest [K
pulling 1849ef83c4dd:  56% ▕██████████        ▏ 2.9 GB/5.1 GB   11 MB/s    3m8s[K[?25h[?2026l[?2026h[?25l[A[1Gpulling manifest [K
pulling 1849ef83c4dd:  56% ▕██████████        ▏ 2.9 GB/5.1 GB   11 MB/s    3m8s[K[?25h[?2026l[?2026h[?25l[A[1Gpulling manifest [K
pulling 1849ef83c4dd:  56% ▕██████████        ▏ 2.9 GB/5.1 GB   11 MB/s    3m7s[K[?25h[?2026l[?2026h[?25l[A[1Gpulling manifest [K
pulling 1849ef83c4dd:  56% ▕██████████        ▏ 2.9 GB/5.1 GB   11 MB/s    3m7s[K[?25h[?2026l[?2026h[?25l[A[1Gpulling manifest [K
pulling 1849ef83c4dd:  56% ▕██████████        ▏ 2.9 GB/5.1 GB   11 MB/s    3m7s[K[?25h[?2026l[?2026h[?25l[A[1Gpulling manifest [K
pulling 1849ef83c4dd:  56% ▕██████████        ▏ 2.9 GB/5.1 GB   11 MB/s    3m7s[K[?25h[?2026l[?2026h[?25l[A[1Gpulling manifest [K
pulling 1849ef83c4dd:  56% ▕██████████        ▏ 2.9 GB/5.1 GB   11 MB/s    3m7s[K[?25h[?2026l[?2026h[?25l[A[1Gpulling manifest [K
pulling 1849ef83c4dd:  56% ▕██████████        ▏ 2.9 GB/5.1 GB   11 MB/s    3m9s[K[?25h[?2026l[?2026h[?25l[A[1Gpulling manifest [K
pulling 1849ef83c4dd:  56% ▕██████████        ▏ 2.9 GB/5.1 GB   11 MB/s    3m9s[K[?25h[?2026l[?2026h[?25l[A[1Gpulling manifest [K
pulling 1849ef83c4dd:  56% ▕██████████        ▏ 2.9 GB/5.1 GB   11 MB/s    3m9s[K[?25h[?2026l[?2026h[?25l[A[1Gpulling manifest [K
pulling 1849ef83c4dd:  56% ▕██████████        ▏ 2.9 GB/5.1 GB   11 MB/s    3m9s[K[?25h[?2026l[?2026h[?25l[A[1Gpulling manifest [K
pulling 1849ef83c4dd:  56% ▕██████████        ▏ 2.9 GB/5.1 GB   11 MB/s    3m9s[K[?25h[?2026l[?2026h[?25l[A[1Gpulling manifest [K
pulling 1849ef83c4dd:  57% ▕██████████        ▏ 2.9 GB/5.1 GB   11 MB/s    3m9s[K[?25h[?2026l[?2026h[?25l[A[1Gpulling manifest [K
pulling 1849ef83c4dd:  57% ▕██████████        ▏ 2.9 GB/5.1 GB   11 MB/s    3m9s[K[?25h[?2026l[?2026h[?25l[A[1Gpulling manifest [K
pulling 1849ef83c4dd:  57% ▕██████████        ▏ 2.9 GB/5.1 GB   11 MB/s    3m8s[K[?25h[?2026l[?2026h[?25l[A[1Gpulling manifest [K
pulling 1849ef83c4dd:  57% ▕██████████        ▏ 2.9 GB/5.1 GB   11 MB/s    3m8s[K[?25h[?2026l[?2026h[?25l[A[1Gpulling manifest [K
pulling 1849ef83c4dd:  57% ▕██████████        ▏ 2.9 GB/5.1 GB   11 MB/s    3m8s[K[?25h[?2026l[?2026h[?25l[A[1Gpulling manifest [K
pulling 1849ef83c4dd:  57% ▕██████████        ▏ 2.9 GB/5.1 GB   11 MB/s    3m8s[K[?25h[?2026l[?2026h[?25l[A[1Gpulling manifest [K
pulling 1849ef83c4dd:  57% ▕██████████        ▏ 2.9 GB/5.1 GB   11 MB/s   3m11s[K[?25h[?2026l[?2026h[?25l[A[1Gpulling manifest [K
pulling 1849ef83c4dd:  57% ▕██████████        ▏ 2.9 GB/5.1 GB   11 MB/s   3m11s[K[?25h[?2026l[?2026h[?25l[A[1Gpulling manifest [K
pulling 1849ef83c4dd:  57% ▕██████████        ▏ 2.9 GB/5.1 GB   11 MB/s   3m11s[K[?25h[?2026l[?2026h[?25l[A[1Gpulling manifest [K
pulling 1849ef83c4dd:  57% ▕██████████        ▏ 2.9 GB/5.1 GB   11 MB/s   3m11s[K[?25h[?2026l[?2026h[?25l[A[1Gpulling manifest [K
pulling 1849ef83c4dd:  57% ▕██████████        ▏ 2.9 GB/5.1 GB   11 MB/s   3m10s[K[?25h[?2026l[?2026h[?25l[A[1Gpulling manifest [K
pulling 1849ef83c4dd:  57% ▕██████████        ▏ 2.9 GB/5.1 GB   11 MB/s   3m10s[K[?25h[?2026l[?2026h[?25l[A[1Gpulling manifest [K
pulling 1849ef83c4dd:  57% ▕██████████        ▏ 2.9 GB/5.1 GB   11 MB/s   3m10s[K[?25h[?2026l[?2026h[?25l[A[1Gpulling manifest [K
pulling 1849ef83c4dd:  57% ▕██████████        ▏ 2.9 GB/5.1 GB   11 MB/s   3m10s[K[?25h[?2026l[?2026h[?25l[A[1Gpulling manifest [K
pulling 1849ef83c4dd:  57% ▕██████████        ▏ 2.9 GB/5.1 GB   11 MB/s   3m10s[K[?25h[?2026l[?2026h[?25l[A[1Gpulling manifest [K
pulling 1849ef83c4dd:  57% ▕██████████        ▏ 2.9 GB/5.1 GB   11 MB/s   3m10s[K[?25h[?2026l[?2026h[?25l[A[1Gpulling manifest [K
pulling 1849ef83c4dd:  57% ▕██████████        ▏ 2.9 GB/5.1 GB   11 MB/s   3m11s[K[?25h[?2026l[?2026h[?25l[A[1Gpulling manifest [K
pulling 1849ef83c4dd:  57% ▕██████████        ▏ 2.9 GB/5.1 GB   11 MB/s   3m11s[K[?25h[?2026l[?2026h[?25l[A[1Gpulling manifest [K
pulling 1849ef83c4dd:  57% ▕██████████        ▏ 2.9 GB/5.1 GB   11 MB/s   3m11s[K[?25h[?2026l[?2026h[?25l[A[1Gpulling manifest [K
pulling 1849ef83c4dd:  57% ▕██████████        ▏ 2.9 GB/5.1 GB   11 MB/s   3m11s[K[?25h[?2026l[?2026h[?25l[A[1Gpulling manifest [K
pulling 1849ef83c4dd:  57% ▕██████████        ▏ 2.9 GB/5.1 GB   11 MB/s   3m10s[K[?25h[?2026l[?2026h[?25l[A[1Gpulling manifest [K
pulling 1849ef83c4dd:  57% ▕██████████        ▏ 2.9 GB/5.1 GB   11 MB/s   3m10s[K[?25h[?2026l[?2026h[?25l[A[1Gpulling manifest [K
pulling 1849ef83c4dd:  57% ▕██████████        ▏ 2.9 GB/5.1 GB   11 MB/s   3m10s[K[?25h[?2026l[?2026h[?25l[A[1Gpulling manifest [K
pulling 1849ef83c4dd:  57% ▕██████████        ▏ 2.9 GB/5.1 GB   11 MB/s   3m10s[K[?25h[?2026l[?2026h[?25l[A[1Gpulling manifest [K
pulling 1849ef83c4dd:  57% ▕██████████        ▏ 2.9 GB/5.1 GB   11 MB/s   3m10s[K[?25h[?2026l[?2026h[?25l[A[1Gpulling manifest [K
pulling 1849ef83c4dd:  57% ▕██████████        ▏ 2.9 GB/5.1 GB   11 MB/s   3m10s[K[?25h[?2026l[?2026h[?25l[A[1Gpulling manifest [K
pulling 1849ef83c4dd:  57% ▕██████████        ▏ 2.9 GB/5.1 GB   11 MB/s    3m9s[K[?25h[?2026l[?2026h[?25l[A[1Gpulling manifest [K
pulling 1849ef83c4dd:  57% ▕██████████        ▏ 2.9 GB/5.1 GB   11 MB/s    3m9s[K[?25h[?2026l[?2026h[?25l[A[1Gpulling manifest [K
pulling 1849ef83c4dd:  57% ▕██████████        ▏ 2.9 GB/5.1 GB   11 MB/s    3m9s[K[?25h[?2026l[?2026h[?25l[A[1Gpulling manifest [K
pulling 1849ef83c4dd:  57% ▕██████████        ▏ 2.9 GB/5.1 GB   11 MB/s    3m9s[K[?25h[?2026l[?2026h[?25l[A[1Gpulling manifest [K
pulling 1849ef83c4dd:  57% ▕██████████        ▏ 2.9 GB/5.1 GB   11 MB/s    3m9s[K[?25h[?2026l[?2026h[?25l[A[1Gpulling manifest [K
pulling 1849ef83c4dd:  57% ▕██████████        ▏ 2.9 GB/5.1 GB   11 MB/s    3m9s[K[?25h[?2026l[?2026h[?25l[A[1Gpulling manifest [K
pulling 1849ef83c4dd:  57% ▕██████████        ▏ 2.9 GB/5.1 GB   11 MB/s    3m9s[K[?25h[?2026l[?2026h[?25l[A[1Gpulling manifest [K
pulling 1849ef83c4dd:  57% ▕██████████        ▏ 2.9 GB/5.1 GB   11 MB/s    3m9s[K[?25h[?2026l[?2026h[?25l[A[1Gpulling manifest [K
pulling 1849ef83c4dd:  57% ▕██████████        ▏ 2.9 GB/5.1 GB   11 MB/s    3m9s[K[?25h[?2026l[?2026h[?25l[A[1Gpulling manifest [K
pulling 1849ef83c4dd:  57% ▕██████████        ▏ 2.9 GB/5.1 GB   11 MB/s    3m9s[K[?25h[?2026l[?2026h[?25l[A[1Gpulling manifest [K
pulling 1849ef83c4dd:  57% ▕██████████        ▏ 2.9 GB/5.1 GB   11 MB/s    3m8s[K[?25h[?2026l[?2026h[?25l[A[1Gpulling manifest [K
pulling 1849ef83c4dd:  57% ▕██████████        ▏ 2.9 GB/5.1 GB   11 MB/s    3m8s[K[?25h[?2026l[?2026h[?25l[A[1Gpulling manifest [K
pulling 1849ef83c4dd:  57% ▕██████████        ▏ 2.9 GB/5.1 GB   11 MB/s    3m8s[K[?25h[?2026l[?2026h[?25l[A[1Gpulling manifest [K
pulling 1849ef83c4dd:  57% ▕██████████        ▏ 2.9 GB/5.1 GB   11 MB/s    3m8s[K[?25h[?2026l[?2026h[?25l[A[1Gpulling manifest [K
pulling 1849ef83c4dd:  57% ▕██████████        ▏ 2.9 GB/5.1 GB   11 MB/s    3m8s[K[?25h[?2026l[?2026h[?25l[A[1Gpulling manifest [K
pulling 1849ef83c4dd:  57% ▕██████████        ▏ 2.9 GB/5.1 GB   11 MB/s    3m7s[K[?25h[?2026l[?2026h[?25l[A[1Gpulling manifest [K
pulling 1849ef83c4dd:  57% ▕██████████        ▏ 2.9 GB/5.1 GB   11 MB/s    3m7s[K[?25h[?2026l[?2026h[?25l[A[1Gpulling manifest [K
pulling 1849ef83c4dd:  57% ▕██████████        ▏ 2.9 GB/5.1 GB   11 MB/s    3m7s[K[?25h[?2026l[?2026h[?25l[A[1Gpulling manifest [K
pulling 1849ef83c4dd:  57% ▕██████████        ▏ 3.0 GB/5.1 GB   11 MB/s    3m7s[K[?25h[?2026l[?2026h[?25l[A[1Gpulling manifest [K
pulling 1849ef83c4dd:  58% ▕██████████        ▏ 3.0 GB/5.1 GB   11 MB/s    3m7s[K[?25h[?2026l[?2026h[?25l[A[1Gpulling manifest [K
pulling 1849ef83c4dd:  58% ▕██████████        ▏ 3.0 GB/5.1 GB   11 MB/s    3m8s[K[?25h[?2026l[?2026h[?25l[A[1Gpulling manifest [K
pulling 1849ef83c4dd:  58% ▕██████████        ▏ 3.0 GB/5.1 GB   11 MB/s    3m8s[K[?25h[?2026l[?2026h[?25l[A[1Gpulling manifest [K
pulling 1849ef83c4dd:  58% ▕██████████        ▏ 3.0 GB/5.1 GB   11 MB/s    3m8s[K[?25h[?2026l[?2026h[?25l[A[1Gpulling manifest [K
pulling 1849ef83c4dd:  58% ▕██████████        ▏ 3.0 GB/5.1 GB   11 MB/s    3m8s[K[?25h[?2026l[?2026h[?25l[A[1Gpulling manifest [K
pulling 1849ef83c4dd:  58% ▕██████████        ▏ 3.0 GB/5.1 GB   11 MB/s    3m8s[K[?25h[?2026l[?2026h[?25l[A[1Gpulling manifest [K
pulling 1849ef83c4dd:  58% ▕██████████        ▏ 3.0 GB/5.1 GB   11 MB/s    3m8s[K[?25h[?2026l[?2026h[?25l[A[1Gpulling manifest [K
pulling 1849ef83c4dd:  58% ▕██████████        ▏ 3.0 GB/5.1 GB   11 MB/s    3m8s[K[?25h[?2026l[?2026h[?25l[A[1Gpulling manifest [K
pulling 1849ef83c4dd:  58% ▕██████████        ▏ 3.0 GB/5.1 GB   11 MB/s    3m7s[K[?25h[?2026l[?2026h[?25l[A[1Gpulling manifest [K
pulling 1849ef83c4dd:  58% ▕██████████        ▏ 3.0 GB/5.1 GB   11 MB/s    3m7s[K[?25h[?2026l[?2026h[?25l[A[1Gpulling manifest [K
pulling 1849ef83c4dd:  58% ▕██████████        ▏ 3.0 GB/5.1 GB   11 MB/s    3m7s[K[?25h[?2026l[?2026h[?25l[A[1Gpulling manifest [K
pulling 1849ef83c4dd:  58% ▕██████████        ▏ 3.0 GB/5.1 GB   11 MB/s    3m7s[K[?25h[?2026l[?2026h[?25l[A[1Gpulling manifest [K
pulling 1849ef83c4dd:  58% ▕██████████        ▏ 3.0 GB/5.1 GB   11 MB/s    3m7s[K[?25h[?2026l[?2026h[?25l[A[1Gpulling manifest [K
pulling 1849ef83c4dd:  58% ▕██████████        ▏ 3.0 GB/5.1 GB   11 MB/s    3m6s[K[?25h[?2026l[?2026h[?25l[A[1Gpulling manifest [K
pulling 1849ef83c4dd:  58% ▕██████████        ▏ 3.0 GB/5.1 GB   11 MB/s    3m6s[K[?25h[?2026l[?2026h[?25l[A[1Gpulling manifest [K
pulling 1849ef83c4dd:  58% ▕██████████        ▏ 3.0 GB/5.1 GB   11 MB/s    3m6s[K[?25h[?2026l[?2026h[?25l[A[1Gpulling manifest [K
pulling 1849ef83c4dd:  58% ▕██████████        ▏ 3.0 GB/5.1 GB   11 MB/s    3m6s[K[?25h[?2026l[?2026h[?25l[A[1Gpulling manifest [K
pulling 1849ef83c4dd:  58% ▕██████████        ▏ 3.0 GB/5.1 GB   11 MB/s    3m6s[K[?25h[?2026l[?2026h[?25l[A[1Gpulling manifest [K
pulling 1849ef83c4dd:  58% ▕██████████        ▏ 3.0 GB/5.1 GB   11 MB/s    3m6s[K[?25h[?2026l[?2026h[?25l[A[1Gpulling manifest [K
pulling 1849ef83c4dd:  58% ▕██████████        ▏ 3.0 GB/5.1 GB   11 MB/s    3m6s[K[?25h[?2026l[?2026h[?25l[A[1Gpulling manifest [K
pulling 1849ef83c4dd:  58% ▕██████████        ▏ 3.0 GB/5.1 GB   11 MB/s    3m6s[K[?25h[?2026l[?2026h[?25l[A[1Gpulling manifest [K
pulling 1849ef83c4dd:  58% ▕██████████        ▏ 3.0 GB/5.1 GB   11 MB/s    3m6s[K[?25h[?2026l[?2026h[?25l[A[1Gpulling manifest [K
pulling 1849ef83c4dd:  58% ▕██████████        ▏ 3.0 GB/5.1 GB   11 MB/s    3m4s[K[?25h[?2026l[?2026h[?25l[A[1Gpulling manifest [K
pulling 1849ef83c4dd:  58% ▕██████████        ▏ 3.0 GB/5.1 GB   11 MB/s    3m4s[K[?25h[?2026l[?2026h[?25l[A[1Gpulling manifest [K
pulling 1849ef83c4dd:  58% ▕██████████        ▏ 3.0 GB/5.1 GB   11 MB/s    3m4s[K[?25h[?2026l[?2026h[?25l[A[1Gpulling manifest [K
pulling 1849ef83c4dd:  58% ▕██████████        ▏ 3.0 GB/5.1 GB   11 MB/s    3m4s[K[?25h[?2026l[?2026h[?25l[A[1Gpulling manifest [K
pulling 1849ef83c4dd:  58% ▕██████████        ▏ 3.0 GB/5.1 GB   11 MB/s    3m4s[K[?25h[?2026l[?2026h[?25l[A[1Gpulling manifest [K
pulling 1849ef83c4dd:  58% ▕██████████        ▏ 3.0 GB/5.1 GB   11 MB/s    3m4s[K[?25h[?2026l[?2026h[?25l[A[1Gpulling manifest [K
pulling 1849ef83c4dd:  58% ▕██████████        ▏ 3.0 GB/5.1 GB   11 MB/s    3m4s[K[?25h[?2026l[?2026h[?25l[A[1Gpulling manifest [K
pulling 1849ef83c4dd:  58% ▕██████████        ▏ 3.0 GB/5.1 GB   11 MB/s    3m3s[K[?25h[?2026l[?2026h[?25l[A[1Gpulling manifest [K
pulling 1849ef83c4dd:  58% ▕██████████        ▏ 3.0 GB/5.1 GB   11 MB/s    3m3s[K[?25h[?2026l[?2026h[?25l[A[1Gpulling manifest [K
pulling 1849ef83c4dd:  58% ▕██████████        ▏ 3.0 GB/5.1 GB   11 MB/s    3m3s[K[?25h[?2026l[?2026h[?25l[A[1Gpulling manifest [K
pulling 1849ef83c4dd:  58% ▕██████████        ▏ 3.0 GB/5.1 GB   11 MB/s    3m0s[K[?25h[?2026l[?2026h[?25l[A[1Gpulling manifest [K
pulling 1849ef83c4dd:  58% ▕██████████        ▏ 3.0 GB/5.1 GB   11 MB/s    3m0s[K[?25h[?2026l[?2026h[?25l[A[1Gpulling manifest [K
pulling 1849ef83c4dd:  58% ▕██████████        ▏ 3.0 GB/5.1 GB   11 MB/s   2m59s[K[?25h[?2026l[?2026h[?25l[A[1Gpulling manifest [K
pulling 1849ef83c4dd:  58% ▕██████████        ▏ 3.0 GB/5.1 GB   11 MB/s   2m59s[K[?25h[?2026l[?2026h[?25l[A[1Gpulling manifest [K
pulling 1849ef83c4dd:  58% ▕██████████        ▏ 3.0 GB/5.1 GB   11 MB/s   2m59s[K[?25h[?2026l[?2026h[?25l[A[1Gpulling manifest [K
pulling 1849ef83c4dd:  58% ▕██████████        ▏ 3.0 GB/5.1 GB   11 MB/s   2m59s[K[?25h[?2026l[?2026h[?25l[A[1Gpulling manifest [K
pulling 1849ef83c4dd:  58% ▕██████████        ▏ 3.0 GB/5.1 GB   11 MB/s   2m59s[K[?25h[?2026l[?2026h[?25l[A[1Gpulling manifest [K
pulling 1849ef83c4dd:  58% ▕██████████        ▏ 3.0 GB/5.1 GB   11 MB/s   2m59s[K[?25h[?2026l[?2026h[?25l[A[1Gpulling manifest [K
pulling 1849ef83c4dd:  58% ▕██████████        ▏ 3.0 GB/5.1 GB   11 MB/s   2m59s[K[?25h[?2026l[?2026h[?25l[A[1Gpulling manifest [K
pulling 1849ef83c4dd:  59% ▕██████████        ▏ 3.0 GB/5.1 GB   11 MB/s   2m59s[K[?25h[?2026l[?2026h[?25l[A[1Gpulling manifest [K
pulling 1849ef83c4dd:  59% ▕██████████        ▏ 3.0 GB/5.1 GB   12 MB/s   2m57s[K[?25h[?2026l[?2026h[?25l[A[1Gpulling manifest [K
pulling 1849ef83c4dd:  59% ▕██████████        ▏ 3.0 GB/5.1 GB   12 MB/s   2m56s[K[?25h[?2026l[?2026h[?25l[A[1Gpulling manifest [K
pulling 1849ef83c4dd:  59% ▕██████████        ▏ 3.0 GB/5.1 GB   12 MB/s   2m56s[K[?25h[?2026l[?2026h[?25l[A[1Gpulling manifest [K
pulling 1849ef83c4dd:  59% ▕██████████        ▏ 3.0 GB/5.1 GB   12 MB/s   2m56s[K[?25h[?2026l[?2026h[?25l[A[1Gpulling manifest [K
pulling 1849ef83c4dd:  59% ▕██████████        ▏ 3.0 GB/5.1 GB   12 MB/s   2m56s[K[?25h[?2026l[?2026h[?25l[A[1Gpulling manifest [K
pulling 1849ef83c4dd:  59% ▕██████████        ▏ 3.0 GB/5.1 GB   12 MB/s   2m56s[K[?25h[?2026l[?2026h[?25l[A[1Gpulling manifest [K
pulling 1849ef83c4dd:  59% ▕██████████        ▏ 3.0 GB/5.1 GB   12 MB/s   2m56s[K[?25h[?2026l[?2026h[?25l[A[1Gpulling manifest [K
pulling 1849ef83c4dd:  59% ▕██████████        ▏ 3.0 GB/5.1 GB   12 MB/s   2m56s[K[?25h[?2026l[?2026h[?25l[A[1Gpulling manifest [K
pulling 1849ef83c4dd:  59% ▕██████████        ▏ 3.0 GB/5.1 GB   12 MB/s   2m56s[K[?25h[?2026l[?2026h[?25l[A[1Gpulling manifest [K
pulling 1849ef83c4dd:  59% ▕██████████        ▏ 3.0 GB/5.1 GB   12 MB/s   2m55s[K[?25h[?2026l[?2026h[?25l[A[1Gpulling manifest [K
pulling 1849ef83c4dd:  59% ▕██████████        ▏ 3.0 GB/5.1 GB   12 MB/s   2m52s[K[?25h[?2026l[?2026h[?25l[A[1Gpulling manifest [K
pulling 1849ef83c4dd:  59% ▕██████████        ▏ 3.0 GB/5.1 GB   12 MB/s   2m52s[K[?25h[?2026l[?2026h[?25l[A[1Gpulling manifest [K
pulling 1849ef83c4dd:  59% ▕██████████        ▏ 3.0 GB/5.1 GB   12 MB/s   2m52s[K[?25h[?2026l[?2026h[?25l[A[1Gpulling manifest [K
pulling 1849ef83c4dd:  59% ▕██████████        ▏ 3.0 GB/5.1 GB   12 MB/s   2m51s[K[?25h[?2026l[?2026h[?25l[A[1Gpulling manifest [K
pulling 1849ef83c4dd:  59% ▕██████████        ▏ 3.0 GB/5.1 GB   12 MB/s   2m51s[K[?25h[?2026l[?2026h[?25l[A[1Gpulling manifest [K
pulling 1849ef83c4dd:  59% ▕██████████        ▏ 3.0 GB/5.1 GB   12 MB/s   2m51s[K[?25h[?2026l[?2026h[?25l[A[1Gpulling manifest [K
pulling 1849ef83c4dd:  59% ▕██████████        ▏ 3.0 GB/5.1 GB   12 MB/s   2m51s[K[?25h[?2026l[?2026h[?25l[A[1Gpulling manifest [K
pulling 1849ef83c4dd:  59% ▕██████████        ▏ 3.0 GB/5.1 GB   12 MB/s   2m51s[K[?25h[?2026l[?2026h[?25l[A[1Gpulling manifest [K
pulling 1849ef83c4dd:  59% ▕██████████        ▏ 3.0 GB/5.1 GB   12 MB/s   2m51s[K[?25h[?2026l[?2026h[?25l[A[1Gpulling manifest [K
pulling 1849ef83c4dd:  59% ▕██████████        ▏ 3.0 GB/5.1 GB   12 MB/s   2m51s[K[?25h[?2026l[?2026h[?25l[A[1Gpulling manifest [K
pulling 1849ef83c4dd:  59% ▕██████████        ▏ 3.0 GB/5.1 GB   12 MB/s   2m51s[K[?25h[?2026l[?2026h[?25l[A[1Gpulling manifest [K
pulling 1849ef83c4dd:  59% ▕██████████        ▏ 3.0 GB/5.1 GB   12 MB/s   2m49s[K[?25h[?2026l[?2026h[?25l[A[1Gpulling manifest [K
pulling 1849ef83c4dd:  59% ▕██████████        ▏ 3.0 GB/5.1 GB   12 MB/s   2m49s[K[?25h[?2026l[?2026h[?25l[A[1Gpulling manifest [K
pulling 1849ef83c4dd:  59% ▕██████████        ▏ 3.0 GB/5.1 GB   12 MB/s   2m49s[K[?25h[?2026l[?2026h[?25l[A[1Gpulling manifest [K
pulling 1849ef83c4dd:  59% ▕██████████        ▏ 3.0 GB/5.1 GB   12 MB/s   2m49s[K[?25h[?2026l[?2026h[?25l[A[1Gpulling manifest [K
pulling 1849ef83c4dd:  59% ▕██████████        ▏ 3.0 GB/5.1 GB   12 MB/s   2m49s[K[?25h[?2026l[?2026h[?25l[A[1Gpulling manifest [K
pulling 1849ef83c4dd:  59% ▕██████████        ▏ 3.0 GB/5.1 GB   12 MB/s   2m49s[K[?25h[?2026l[?2026h[?25l[A[1Gpulling manifest [K
pulling 1849ef83c4dd:  59% ▕██████████        ▏ 3.0 GB/5.1 GB   12 MB/s   2m48s[K[?25h[?2026l[?2026h[?25l[A[1Gpulling manifest [K
pulling 1849ef83c4dd:  59% ▕██████████        ▏ 3.0 GB/5.1 GB   12 MB/s   2m48s[K[?25h[?2026l[?2026h[?25l[A[1Gpulling manifest [K
pulling 1849ef83c4dd:  59% ▕██████████        ▏ 3.0 GB/5.1 GB   12 MB/s   2m48s[K[?25h[?2026l[?2026h[?25l[A[1Gpulling manifest [K
pulling 1849ef83c4dd:  59% ▕██████████        ▏ 3.0 GB/5.1 GB   12 MB/s   2m48s[K[?25h[?2026l[?2026h[?25l[A[1Gpulling manifest [K
pulling 1849ef83c4dd:  59% ▕██████████        ▏ 3.0 GB/5.1 GB   12 MB/s   2m46s[K[?25h[?2026l[?2026h[?25l[A[1Gpulling manifest [K
pulling 1849ef83c4dd:  59% ▕██████████        ▏ 3.0 GB/5.1 GB   12 MB/s   2m46s[K[?25h[?2026l[?2026h[?25l[A[1Gpulling manifest [K
pulling 1849ef83c4dd:  59% ▕██████████        ▏ 3.0 GB/5.1 GB   12 MB/s   2m46s[K[?25h[?2026l[?2026h[?25l[A[1Gpulling manifest [K
pulling 1849ef83c4dd:  59% ▕██████████        ▏ 3.0 GB/5.1 GB   12 MB/s   2m46s[K[?25h[?2026l[?2026h[?25l[A[1Gpulling manifest [K
pulling 1849ef83c4dd:  59% ▕██████████        ▏ 3.0 GB/5.1 GB   12 MB/s   2m46s[K[?25h[?2026l[?2026h[?25l[A[1Gpulling manifest [K
pulling 1849ef83c4dd:  59% ▕██████████        ▏ 3.0 GB/5.1 GB   12 MB/s   2m46s[K[?25h[?2026l[?2026h[?25l[A[1Gpulling manifest [K
pulling 1849ef83c4dd:  59% ▕██████████        ▏ 3.0 GB/5.1 GB   12 MB/s   2m46s[K[?25h[?2026l[?2026h[?25l[A[1Gpulling manifest [K
pulling 1849ef83c4dd:  59% ▕██████████        ▏ 3.1 GB/5.1 GB   12 MB/s   2m46s[K[?25h[?2026l[?2026h[?25l[A[1Gpulling manifest [K
pulling 1849ef83c4dd:  59% ▕██████████        ▏ 3.1 GB/5.1 GB   12 MB/s   2m46s[K[?25h[?2026l[?2026h[?25l[A[1Gpulling manifest [K
pulling 1849ef83c4dd:  60% ▕██████████        ▏ 3.1 GB/5.1 GB   12 MB/s   2m46s[K[?25h[?2026l[?2026h[?25l[A[1Gpulling manifest [K
pulling 1849ef83c4dd:  60% ▕██████████        ▏ 3.1 GB/5.1 GB   12 MB/s   2m43s[K[?25h[?2026l[?2026h[?25l[A[1Gpulling manifest [K
pulling 1849ef83c4dd:  60% ▕██████████        ▏ 3.1 GB/5.1 GB   12 MB/s   2m43s[K[?25h[?2026l[?2026h[?25l[A[1Gpulling manifest [K
pulling 1849ef83c4dd:  60% ▕██████████        ▏ 3.1 GB/5.1 GB   12 MB/s   2m43s[K[?25h[?2026l[?2026h[?25l[A[1Gpulling manifest [K
pulling 1849ef83c4dd:  60% ▕██████████        ▏ 3.1 GB/5.1 GB   12 MB/s   2m43s[K[?25h[?2026l[?2026h[?25l[A[1Gpulling manifest [K
pulling 1849ef83c4dd:  60% ▕██████████        ▏ 3.1 GB/5.1 GB   12 MB/s   2m43s[K[?25h[?2026l[?2026h[?25l[A[1Gpulling manifest [K
pulling 1849ef83c4dd:  60% ▕██████████        ▏ 3.1 GB/5.1 GB   12 MB/s   2m43s[K[?25h[?2026l[?2026h[?25l[A[1Gpulling manifest [K
pulling 1849ef83c4dd:  60% ▕██████████        ▏ 3.1 GB/5.1 GB   12 MB/s   2m43s[K[?25h[?2026l[?2026h[?25l[A[1Gpulling manifest [K
pulling 1849ef83c4dd:  60% ▕██████████        ▏ 3.1 GB/5.1 GB   12 MB/s   2m43s[K[?25h[?2026l[?2026h[?25l[A[1Gpulling manifest [K
pulling 1849ef83c4dd:  60% ▕██████████        ▏ 3.1 GB/5.1 GB   12 MB/s   2m42s[K[?25h[?2026l[?2026h[?25l[A[1Gpulling manifest [K
pulling 1849ef83c4dd:  60% ▕██████████        ▏ 3.1 GB/5.1 GB   12 MB/s   2m42s[K[?25h[?2026l[?2026h[?25l[A[1Gpulling manifest [K
pulling 1849ef83c4dd:  60% ▕██████████        ▏ 3.1 GB/5.1 GB   12 MB/s   2m39s[K[?25h[?2026l[?2026h[?25l[A[1Gpulling manifest [K
pulling 1849ef83c4dd:  60% ▕██████████        ▏ 3.1 GB/5.1 GB   12 MB/s   2m39s[K[?25h[?2026l[?2026h[?25l[A[1Gpulling manifest [K
pulling 1849ef83c4dd:  60% ▕██████████        ▏ 3.1 GB/5.1 GB   12 MB/s   2m39s[K[?25h[?2026l[?2026h[?25l[A[1Gpulling manifest [K
pulling 1849ef83c4dd:  60% ▕██████████        ▏ 3.1 GB/5.1 GB   12 MB/s   2m39s[K[?25h[?2026l[?2026h[?25l[A[1Gpulling manifest [K
pulling 1849ef83c4dd:  60% ▕██████████        ▏ 3.1 GB/5.1 GB   12 MB/s   2m39s[K[?25h[?2026l[?2026h[?25l[A[1Gpulling manifest [K
pulling 1849ef83c4dd:  60% ▕██████████        ▏ 3.1 GB/5.1 GB   12 MB/s   2m39s[K[?25h[?2026l[?2026h[?25l[A[1Gpulling manifest [K
pulling 1849ef83c4dd:  60% ▕██████████        ▏ 3.1 GB/5.1 GB   12 MB/s   2m39s[K[?25h[?2026l[?2026h[?25l[A[1Gpulling manifest [K
pulling 1849ef83c4dd:  60% ▕██████████        ▏ 3.1 GB/5.1 GB   12 MB/s   2m39s[K[?25h[?2026l[?2026h[?25l[A[1Gpulling manifest [K
pulling 1849ef83c4dd:  60% ▕██████████        ▏ 3.1 GB/5.1 GB   12 MB/s   2m39s[K[?25h[?2026l[?2026h[?25l[A[1Gpulling manifest [K
pulling 1849ef83c4dd:  60% ▕██████████        ▏ 3.1 GB/5.1 GB   12 MB/s   2m39s[K[?25h[?2026l[?2026h[?25l[A[1Gpulling manifest [K
pulling 1849ef83c4dd:  60% ▕██████████        ▏ 3.1 GB/5.1 GB   13 MB/s   2m37s[K[?25h[?2026l[?2026h[?25l[A[1Gpulling manifest [K
pulling 1849ef83c4dd:  60% ▕██████████        ▏ 3.1 GB/5.1 GB   13 MB/s   2m37s[K[?25h[?2026l[?2026h[?25l[A[1Gpulling manifest [K
pulling 1849ef83c4dd:  60% ▕██████████        ▏ 3.1 GB/5.1 GB   13 MB/s   2m37s[K[?25h[?2026l[?2026h[?25l[A[1Gpulling manifest [K
pulling 1849ef83c4dd:  60% ▕██████████        ▏ 3.1 GB/5.1 GB   13 MB/s   2m36s[K[?25h[?2026l[?2026h[?25l[A[1Gpulling manifest [K
pulling 1849ef83c4dd:  60% ▕██████████        ▏ 3.1 GB/5.1 GB   13 MB/s   2m36s[K[?25h[?2026l[?2026h[?25l[A[1Gpulling manifest [K
pulling 1849ef83c4dd:  60% ▕██████████        ▏ 3.1 GB/5.1 GB   13 MB/s   2m36s[K[?25h[?2026l[?2026h[?25l[A[1Gpulling manifest [K
pulling 1849ef83c4dd:  60% ▕██████████        ▏ 3.1 GB/5.1 GB   13 MB/s   2m36s[K[?25h[?2026l[?2026h[?25l[A[1Gpulling manifest [K
pulling 1849ef83c4dd:  60% ▕██████████        ▏ 3.1 GB/5.1 GB   13 MB/s   2m36s[K[?25h[?2026l[?2026h[?25l[A[1Gpulling manifest [K
pulling 1849ef83c4dd:  60% ▕██████████        ▏ 3.1 GB/5.1 GB   13 MB/s   2m36s[K[?25h[?2026l[?2026h[?25l[A[1Gpulling manifest [K
pulling 1849ef83c4dd:  60% ▕██████████        ▏ 3.1 GB/5.1 GB   13 MB/s   2m36s[K[?25h[?2026l[?2026h[?25l[A[1Gpulling manifest [K
pulling 1849ef83c4dd:  60% ▕██████████        ▏ 3.1 GB/5.1 GB   13 MB/s   2m36s[K[?25h[?2026l[?2026h[?25l[A[1Gpulling manifest [K
pulling 1849ef83c4dd:  60% ▕██████████        ▏ 3.1 GB/5.1 GB   13 MB/s   2m34s[K[?25h[?2026l[?2026h[?25l[A[1Gpulling manifest [K
pulling 1849ef83c4dd:  60% ▕██████████        ▏ 3.1 GB/5.1 GB   13 MB/s   2m34s[K[?25h[?2026l[?2026h[?25l[A[1Gpulling manifest [K
pulling 1849ef83c4dd:  60% ▕██████████        ▏ 3.1 GB/5.1 GB   13 MB/s   2m34s[K[?25h[?2026l[?2026h[?25l[A[1Gpulling manifest [K
pulling 1849ef83c4dd:  60% ▕██████████        ▏ 3.1 GB/5.1 GB   13 MB/s   2m34s[K[?25h[?2026l[?2026h[?25l[A[1Gpulling manifest [K
pulling 1849ef83c4dd:  60% ▕██████████        ▏ 3.1 GB/5.1 GB   13 MB/s   2m34s[K[?25h[?2026l[?2026h[?25l[A[1Gpulling manifest [K
pulling 1849ef83c4dd:  60% ▕██████████        ▏ 3.1 GB/5.1 GB   13 MB/s   2m33s[K[?25h[?2026l[?2026h[?25l[A[1Gpulling manifest [K
pulling 1849ef83c4dd:  61% ▕██████████        ▏ 3.1 GB/5.1 GB   13 MB/s   2m33s[K[?25h[?2026l[?2026h[?25l[A[1Gpulling manifest [K
pulling 1849ef83c4dd:  61% ▕██████████        ▏ 3.1 GB/5.1 GB   13 MB/s   2m33s[K[?25h[?2026l[?2026h[?25l[A[1Gpulling manifest [K
pulling 1849ef83c4dd:  61% ▕██████████        ▏ 3.1 GB/5.1 GB   13 MB/s   2m33s[K[?25h[?2026l[?2026h[?25l[A[1Gpulling manifest [K
pulling 1849ef83c4dd:  61% ▕██████████        ▏ 3.1 GB/5.1 GB   13 MB/s   2m33s[K[?25h[?2026l[?2026h[?25l[A[1Gpulling manifest [K
pulling 1849ef83c4dd:  61% ▕██████████        ▏ 3.1 GB/5.1 GB   13 MB/s   2m32s[K[?25h[?2026l[?2026h[?25l[A[1Gpulling manifest [K
pulling 1849ef83c4dd:  61% ▕██████████        ▏ 3.1 GB/5.1 GB   13 MB/s   2m32s[K[?25h[?2026l[?2026h[?25l[A[1Gpulling manifest [K
pulling 1849ef83c4dd:  61% ▕██████████        ▏ 3.1 GB/5.1 GB   13 MB/s   2m31s[K[?25h[?2026l[?2026h[?25l[A[1Gpulling manifest [K
pulling 1849ef83c4dd:  61% ▕██████████        ▏ 3.1 GB/5.1 GB   13 MB/s   2m31s[K[?25h[?2026l[?2026h[?25l[A[1Gpulling manifest [K
pulling 1849ef83c4dd:  61% ▕██████████        ▏ 3.1 GB/5.1 GB   13 MB/s   2m31s[K[?25h[?2026l[?2026h[?25l[A[1Gpulling manifest [K
pulling 1849ef83c4dd:  61% ▕██████████        ▏ 3.1 GB/5.1 GB   13 MB/s   2m31s[K[?25h[?2026l[?2026h[?25l[A[1Gpulling manifest [K
pulling 1849ef83c4dd:  61% ▕██████████        ▏ 3.1 GB/5.1 GB   13 MB/s   2m31s[K[?25h[?2026l[?2026h[?25l[A[1Gpulling manifest [K
pulling 1849ef83c4dd:  61% ▕██████████        ▏ 3.1 GB/5.1 GB   13 MB/s   2m31s[K[?25h[?2026l[?2026h[?25l[A[1Gpulling manifest [K
pulling 1849ef83c4dd:  61% ▕██████████        ▏ 3.1 GB/5.1 GB   13 MB/s   2m31s[K[?25h[?2026l[?2026h[?25l[A[1Gpulling manifest [K
pulling 1849ef83c4dd:  61% ▕██████████        ▏ 3.1 GB/5.1 GB   13 MB/s   2m31s[K[?25h[?2026l[?2026h[?25l[A[1Gpulling manifest [K
pulling 1849ef83c4dd:  61% ▕██████████        ▏ 3.1 GB/5.1 GB   13 MB/s   2m28s[K[?25h[?2026l[?2026h[?25l[A[1Gpulling manifest [K
pulling 1849ef83c4dd:  61% ▕██████████        ▏ 3.1 GB/5.1 GB   13 MB/s   2m28s[K[?25h[?2026l[?2026h[?25l[A[1Gpulling manifest [K
pulling 1849ef83c4dd:  61% ▕██████████        ▏ 3.1 GB/5.1 GB   13 MB/s   2m28s[K[?25h[?2026l[?2026h[?25l[A[1Gpulling manifest [K
pulling 1849ef83c4dd:  61% ▕██████████        ▏ 3.1 GB/5.1 GB   13 MB/s   2m28s[K[?25h[?2026l[?2026h[?25l[A[1Gpulling manifest [K
pulling 1849ef83c4dd:  61% ▕██████████        ▏ 3.1 GB/5.1 GB   13 MB/s   2m28s[K[?25h[?2026l[?2026h[?25l[A[1Gpulling manifest [K
pulling 1849ef83c4dd:  61% ▕██████████        ▏ 3.1 GB/5.1 GB   13 MB/s   2m28s[K[?25h[?2026l[?2026h[?25l[A[1Gpulling manifest [K
pulling 1849ef83c4dd:  61% ▕██████████        ▏ 3.1 GB/5.1 GB   13 MB/s   2m28s[K[?25h[?2026l[?2026h[?25l[A[1Gpulling manifest [K
pulling 1849ef83c4dd:  61% ▕██████████        ▏ 3.1 GB/5.1 GB   13 MB/s   2m28s[K[?25h[?2026l[?2026h[?25l[A[1Gpulling manifest [K
pulling 1849ef83c4dd:  61% ▕██████████        ▏ 3.1 GB/5.1 GB   13 MB/s   2m28s[K[?25h[?2026l[?2026h[?25l[A[1Gpulling manifest [K
pulling 1849ef83c4dd:  61% ▕██████████        ▏ 3.1 GB/5.1 GB   13 MB/s   2m28s[K[?25h[?2026l[?2026h[?25l[A[1Gpulling manifest [K
pulling 1849ef83c4dd:  61% ▕███████████       ▏ 3.1 GB/5.1 GB   13 MB/s   2m29s[K[?25h[?2026l[?2026h[?25l[A[1Gpulling manifest [K
pulling 1849ef83c4dd:  61% ▕███████████       ▏ 3.1 GB/5.1 GB   13 MB/s   2m29s[K[?25h[?2026l[?2026h[?25l[A[1Gpulling manifest [K
pulling 1849ef83c4dd:  61% ▕███████████       ▏ 3.1 GB/5.1 GB   13 MB/s   2m29s[K[?25h[?2026l[?2026h[?25l[A[1Gpulling manifest [K
pulling 1849ef83c4dd:  61% ▕███████████       ▏ 3.1 GB/5.1 GB   13 MB/s   2m29s[K[?25h[?2026l[?2026h[?25l[A[1Gpulling manifest [K
pulling 1849ef83c4dd:  61% ▕███████████       ▏ 3.1 GB/5.1 GB   13 MB/s   2m29s[K[?25h[?2026l[?2026h[?25l[A[1Gpulling manifest [K
pulling 1849ef83c4dd:  61% ▕███████████       ▏ 3.1 GB/5.1 GB   13 MB/s   2m28s[K[?25h[?2026l[?2026h[?25l[A[1Gpulling manifest [K
pulling 1849ef83c4dd:  61% ▕███████████       ▏ 3.1 GB/5.1 GB   13 MB/s   2m28s[K[?25h[?2026l[?2026h[?25l[A[1Gpulling manifest [K
pulling 1849ef83c4dd:  61% ▕███████████       ▏ 3.1 GB/5.1 GB   13 MB/s   2m28s[K[?25h[?2026l[?2026h[?25l[A[1Gpulling manifest [K
pulling 1849ef83c4dd:  61% ▕███████████       ▏ 3.1 GB/5.1 GB   13 MB/s   2m28s[K[?25h[?2026l[?2026h[?25l[A[1Gpulling manifest [K
pulling 1849ef83c4dd:  61% ▕███████████       ▏ 3.1 GB/5.1 GB   13 MB/s   2m28s[K[?25h[?2026l[?2026h[?25l[A[1Gpulling manifest [K
pulling 1849ef83c4dd:  61% ▕███████████       ▏ 3.1 GB/5.1 GB   13 MB/s   2m28s[K[?25h[?2026l[?2026h[?25l[A[1Gpulling manifest [K
pulling 1849ef83c4dd:  61% ▕███████████       ▏ 3.2 GB/5.1 GB   13 MB/s   2m28s[K[?25h[?2026l[?2026h[?25l[A[1Gpulling manifest [K
pulling 1849ef83c4dd:  61% ▕███████████       ▏ 3.2 GB/5.1 GB   13 MB/s   2m28s[K[?25h[?2026l[?2026h[?25l[A[1Gpulling manifest [K
pulling 1849ef83c4dd:  61% ▕███████████       ▏ 3.2 GB/5.1 GB   13 MB/s   2m28s[K[?25h[?2026l[?2026h[?25l[A[1Gpulling manifest [K
pulling 1849ef83c4dd:  61% ▕███████████       ▏ 3.2 GB/5.1 GB   13 MB/s   2m28s[K[?25h[?2026l[?2026h[?25l[A[1Gpulling manifest [K
pulling 1849ef83c4dd:  61% ▕███████████       ▏ 3.2 GB/5.1 GB   13 MB/s   2m28s[K[?25h[?2026l[?2026h[?25l[A[1Gpulling manifest [K
pulling 1849ef83c4dd:  62% ▕███████████       ▏ 3.2 GB/5.1 GB   13 MB/s   2m28s[K[?25h[?2026l[?2026h[?25l[A[1Gpulling manifest [K
pulling 1849ef83c4dd:  62% ▕███████████       ▏ 3.2 GB/5.1 GB   13 MB/s   2m28s[K[?25h[?2026l[?2026h[?25l[A[1Gpulling manifest [K
pulling 1849ef83c4dd:  62% ▕███████████       ▏ 3.2 GB/5.1 GB   13 MB/s   2m28s[K[?25h[?2026l[?2026h[?25l[A[1Gpulling manifest [K
pulling 1849ef83c4dd:  62% ▕███████████       ▏ 3.2 GB/5.1 GB   13 MB/s   2m28s[K[?25h[?2026l[?2026h[?25l[A[1Gpulling manifest [K
pulling 1849ef83c4dd:  62% ▕███████████       ▏ 3.2 GB/5.1 GB   13 MB/s   2m28s[K[?25h[?2026l[?2026h[?25l[A[1Gpulling manifest [K
pulling 1849ef83c4dd:  62% ▕███████████       ▏ 3.2 GB/5.1 GB   13 MB/s   2m29s[K[?25h[?2026l[?2026h[?25l[A[1Gpulling manifest [K
pulling 1849ef83c4dd:  62% ▕███████████       ▏ 3.2 GB/5.1 GB   13 MB/s   2m29s[K[?25h[?2026l[?2026h[?25l[A[1Gpulling manifest [K
pulling 1849ef83c4dd:  62% ▕███████████       ▏ 3.2 GB/5.1 GB   13 MB/s   2m29s[K[?25h[?2026l[?2026h[?25l[A[1Gpulling manifest [K
pulling 1849ef83c4dd:  62% ▕███████████       ▏ 3.2 GB/5.1 GB   13 MB/s   2m29s[K[?25h[?2026l[?2026h[?25l[A[1Gpulling manifest [K
pulling 1849ef83c4dd:  62% ▕███████████       ▏ 3.2 GB/5.1 GB   13 MB/s   2m28s[K[?25h[?2026l[?2026h[?25l[A[1Gpulling manifest [K
pulling 1849ef83c4dd:  62% ▕███████████       ▏ 3.2 GB/5.1 GB   13 MB/s   2m28s[K[?25h[?2026l[?2026h[?25l[A[1Gpulling manifest [K
pulling 1849ef83c4dd:  62% ▕███████████       ▏ 3.2 GB/5.1 GB   13 MB/s   2m28s[K[?25h[?2026l[?2026h[?25l[A[1Gpulling manifest [K
pulling 1849ef83c4dd:  62% ▕███████████       ▏ 3.2 GB/5.1 GB   13 MB/s   2m28s[K[?25h[?2026l[?2026h[?25l[A[1Gpulling manifest [K
pulling 1849ef83c4dd:  62% ▕███████████       ▏ 3.2 GB/5.1 GB   13 MB/s   2m28s[K[?25h[?2026l[?2026h[?25l[A[1Gpulling manifest [K
pulling 1849ef83c4dd:  62% ▕███████████       ▏ 3.2 GB/5.1 GB   13 MB/s   2m28s[K[?25h[?2026l[?2026h[?25l[A[1Gpulling manifest [K
pulling 1849ef83c4dd:  62% ▕███████████       ▏ 3.2 GB/5.1 GB   13 MB/s   2m28s[K[?25h[?2026l[?2026h[?25l[A[1Gpulling manifest [K
pulling 1849ef83c4dd:  62% ▕███████████       ▏ 3.2 GB/5.1 GB   13 MB/s   2m28s[K[?25h[?2026l[?2026h[?25l[A[1Gpulling manifest [K
pulling 1849ef83c4dd:  62% ▕███████████       ▏ 3.2 GB/5.1 GB   13 MB/s   2m28s[K[?25h[?2026l[?2026h[?25l[A[1Gpulling manifest [K
pulling 1849ef83c4dd:  62% ▕███████████       ▏ 3.2 GB/5.1 GB   13 MB/s   2m28s[K[?25h[?2026l[?2026h[?25l[A[1Gpulling manifest [K
pulling 1849ef83c4dd:  62% ▕███████████       ▏ 3.2 GB/5.1 GB   13 MB/s   2m28s[K[?25h[?2026l[?2026h[?25l[A[1Gpulling manifest [K
pulling 1849ef83c4dd:  62% ▕███████████       ▏ 3.2 GB/5.1 GB   13 MB/s   2m27s[K[?25h[?2026l[?2026h[?25l[A[1Gpulling manifest [K
pulling 1849ef83c4dd:  62% ▕███████████       ▏ 3.2 GB/5.1 GB   13 MB/s   2m27s[K[?25h[?2026l[?2026h[?25l[A[1Gpulling manifest [K
pulling 1849ef83c4dd:  62% ▕███████████       ▏ 3.2 GB/5.1 GB   13 MB/s   2m27s[K[?25h[?2026l[?2026h[?25l[A[1Gpulling manifest [K
pulling 1849ef83c4dd:  62% ▕███████████       ▏ 3.2 GB/5.1 GB   13 MB/s   2m27s[K[?25h[?2026l[?2026h[?25l[A[1Gpulling manifest [K
pulling 1849ef83c4dd:  62% ▕███████████       ▏ 3.2 GB/5.1 GB   13 MB/s   2m27s[K[?25h[?2026l[?2026h[?25l[A[1Gpulling manifest [K
pulling 1849ef83c4dd:  62% ▕███████████       ▏ 3.2 GB/5.1 GB   13 MB/s   2m27s[K[?25h[?2026l[?2026h[?25l[A[1Gpulling manifest [K
pulling 1849ef83c4dd:  62% ▕███████████       ▏ 3.2 GB/5.1 GB   13 MB/s   2m27s[K[?25h[?2026l[?2026h[?25l[A[1Gpulling manifest [K
pulling 1849ef83c4dd:  62% ▕███████████       ▏ 3.2 GB/5.1 GB   13 MB/s   2m27s[K[?25h[?2026l[?2026h[?25l[A[1Gpulling manifest [K
pulling 1849ef83c4dd:  62% ▕███████████       ▏ 3.2 GB/5.1 GB   13 MB/s   2m26s[K[?25h[?2026l[?2026h[?25l[A[1Gpulling manifest [K
pulling 1849ef83c4dd:  62% ▕███████████       ▏ 3.2 GB/5.1 GB   13 MB/s   2m26s[K[?25h[?2026l[?2026h[?25l[A[1Gpulling manifest [K
pulling 1849ef83c4dd:  62% ▕███████████       ▏ 3.2 GB/5.1 GB   13 MB/s   2m26s[K[?25h[?2026l[?2026h[?25l[A[1Gpulling manifest [K
pulling 1849ef83c4dd:  62% ▕███████████       ▏ 3.2 GB/5.1 GB   13 MB/s   2m26s[K[?25h[?2026l[?2026h[?25l[A[1Gpulling manifest [K
pulling 1849ef83c4dd:  62% ▕███████████       ▏ 3.2 GB/5.1 GB   13 MB/s   2m26s[K[?25h[?2026l[?2026h[?25l[A[1Gpulling manifest [K
pulling 1849ef83c4dd:  62% ▕███████████       ▏ 3.2 GB/5.1 GB   13 MB/s   2m26s[K[?25h[?2026l[?2026h[?25l[A[1Gpulling manifest [K
pulling 1849ef83c4dd:  62% ▕███████████       ▏ 3.2 GB/5.1 GB   13 MB/s   2m26s[K[?25h[?2026l[?2026h[?25l[A[1Gpulling manifest [K
pulling 1849ef83c4dd:  62% ▕███████████       ▏ 3.2 GB/5.1 GB   12 MB/s   2m28s[K[?25h[?2026l[?2026h[?25l[A[1Gpulling manifest [K
pulling 1849ef83c4dd:  62% ▕███████████       ▏ 3.2 GB/5.1 GB   12 MB/s   2m28s[K[?25h[?2026l[?2026h[?25l[A[1Gpulling manifest [K
pulling 1849ef83c4dd:  62% ▕███████████       ▏ 3.2 GB/5.1 GB   12 MB/s   2m28s[K[?25h[?2026l[?2026h[?25l[A[1Gpulling manifest [K
pulling 1849ef83c4dd:  62% ▕███████████       ▏ 3.2 GB/5.1 GB   12 MB/s   2m28s[K[?25h[?2026l[?2026h[?25l[A[1Gpulling manifest [K
pulling 1849ef83c4dd:  62% ▕███████████       ▏ 3.2 GB/5.1 GB   12 MB/s   2m28s[K[?25h[?2026l[?2026h[?25l[A[1Gpulling manifest [K
pulling 1849ef83c4dd:  62% ▕███████████       ▏ 3.2 GB/5.1 GB   12 MB/s   2m28s[K[?25h[?2026l[?2026h[?25l[A[1Gpulling manifest [K
pulling 1849ef83c4dd:  62% ▕███████████       ▏ 3.2 GB/5.1 GB   12 MB/s   2m28s[K[?25h[?2026l[?2026h[?25l[A[1Gpulling manifest [K
pulling 1849ef83c4dd:  63% ▕███████████       ▏ 3.2 GB/5.1 GB   12 MB/s   2m28s[K[?25h[?2026l[?2026h[?25l[A[1Gpulling manifest [K
pulling 1849ef83c4dd:  63% ▕███████████       ▏ 3.2 GB/5.1 GB   12 MB/s   2m28s[K[?25h[?2026l[?2026h[?25l[A[1Gpulling manifest [K
pulling 1849ef83c4dd:  63% ▕███████████       ▏ 3.2 GB/5.1 GB   12 MB/s   2m28s[K[?25h[?2026l[?2026h[?25l[A[1Gpulling manifest [K
pulling 1849ef83c4dd:  63% ▕███████████       ▏ 3.2 GB/5.1 GB   12 MB/s   2m29s[K[?25h[?2026l[?2026h[?25l[A[1Gpulling manifest [K
pulling 1849ef83c4dd:  63% ▕███████████       ▏ 3.2 GB/5.1 GB   12 MB/s   2m29s[K[?25h[?2026l[?2026h[?25l[A[1Gpulling manifest [K
pulling 1849ef83c4dd:  63% ▕███████████       ▏ 3.2 GB/5.1 GB   12 MB/s   2m29s[K[?25h[?2026l[?2026h[?25l[A[1Gpulling manifest [K
pulling 1849ef83c4dd:  63% ▕███████████       ▏ 3.2 GB/5.1 GB   12 MB/s   2m29s[K[?25h[?2026l[?2026h[?25l[A[1Gpulling manifest [K
pulling 1849ef83c4dd:  63% ▕███████████       ▏ 3.2 GB/5.1 GB   12 MB/s   2m29s[K[?25h[?2026l[?2026h[?25l[A[1Gpulling manifest [K
pulling 1849ef83c4dd:  63% ▕███████████       ▏ 3.2 GB/5.1 GB   12 MB/s   2m29s[K[?25h[?2026l[?2026h[?25l[A[1Gpulling manifest [K
pulling 1849ef83c4dd:  63% ▕███████████       ▏ 3.2 GB/5.1 GB   12 MB/s   2m29s[K[?25h[?2026l[?2026h[?25l[A[1Gpulling manifest [K
pulling 1849ef83c4dd:  63% ▕███████████       ▏ 3.2 GB/5.1 GB   12 MB/s   2m29s[K[?25h[?2026l[?2026h[?25l[A[1Gpulling manifest [K
pulling 1849ef83c4dd:  63% ▕███████████       ▏ 3.2 GB/5.1 GB   12 MB/s   2m28s[K[?25h[?2026l[?2026h[?25l[A[1Gpulling manifest [K
pulling 1849ef83c4dd:  63% ▕███████████       ▏ 3.2 GB/5.1 GB   12 MB/s   2m28s[K[?25h[?2026l[?2026h[?25l[A[1Gpulling manifest [K
pulling 1849ef83c4dd:  63% ▕███████████       ▏ 3.2 GB/5.1 GB   12 MB/s   2m28s[K[?25h[?2026l[?2026h[?25l[A[1Gpulling manifest [K
pulling 1849ef83c4dd:  63% ▕███████████       ▏ 3.2 GB/5.1 GB   12 MB/s   2m32s[K[?25h[?2026l[?2026h[?25l[A[1Gpulling manifest [K
pulling 1849ef83c4dd:  63% ▕███████████       ▏ 3.2 GB/5.1 GB   12 MB/s   2m32s[K[?25h[?2026l[?2026h[?25l[A[1Gpulling manifest [K
pulling 1849ef83c4dd:  63% ▕███████████       ▏ 3.2 GB/5.1 GB   12 MB/s   2m32s[K[?25h[?2026l[?2026h[?25l[A[1Gpulling manifest [K
pulling 1849ef83c4dd:  63% ▕███████████       ▏ 3.2 GB/5.1 GB   12 MB/s   2m32s[K[?25h[?2026l[?2026h[?25l[A[1Gpulling manifest [K
pulling 1849ef83c4dd:  63% ▕███████████       ▏ 3.2 GB/5.1 GB   12 MB/s   2m32s[K[?25h[?2026l[?2026h[?25l[A[1Gpulling manifest [K
pulling 1849ef83c4dd:  63% ▕███████████       ▏ 3.2 GB/5.1 GB   12 MB/s   2m32s[K[?25h[?2026l[?2026h[?25l[A[1Gpulling manifest [K
pulling 1849ef83c4dd:  63% ▕███████████       ▏ 3.2 GB/5.1 GB   12 MB/s   2m32s[K[?25h[?2026l[?2026h[?25l[A[1Gpulling manifest [K
pulling 1849ef83c4dd:  63% ▕███████████       ▏ 3.2 GB/5.1 GB   12 MB/s   2m31s[K[?25h[?2026l[?2026h[?25l[A[1Gpulling manifest [K
pulling 1849ef83c4dd:  63% ▕███████████       ▏ 3.2 GB/5.1 GB   12 MB/s   2m31s[K[?25h[?2026l[?2026h[?25l[A[1Gpulling manifest [K
pulling 1849ef83c4dd:  63% ▕███████████       ▏ 3.2 GB/5.1 GB   12 MB/s   2m31s[K[?25h[?2026l[?2026h[?25l[A[1Gpulling manifest [K
pulling 1849ef83c4dd:  63% ▕███████████       ▏ 3.2 GB/5.1 GB   12 MB/s   2m33s[K[?25h[?2026l[?2026h[?25l[A[1Gpulling manifest [K
pulling 1849ef83c4dd:  63% ▕███████████       ▏ 3.2 GB/5.1 GB   12 MB/s   2m33s[K[?25h[?2026l[?2026h[?25l[A[1Gpulling manifest [K
pulling 1849ef83c4dd:  63% ▕███████████       ▏ 3.2 GB/5.1 GB   12 MB/s   2m33s[K[?25h[?2026l[?2026h[?25l[A[1Gpulling manifest [K
pulling 1849ef83c4dd:  63% ▕███████████       ▏ 3.2 GB/5.1 GB   12 MB/s   2m33s[K[?25h[?2026l[?2026h[?25l[A[1Gpulling manifest [K
pulling 1849ef83c4dd:  63% ▕███████████       ▏ 3.2 GB/5.1 GB   12 MB/s   2m33s[K[?25h[?2026l[?2026h[?25l[A[1Gpulling manifest [K
pulling 1849ef83c4dd:  63% ▕███████████       ▏ 3.2 GB/5.1 GB   12 MB/s   2m33s[K[?25h[?2026l[?2026h[?25l[A[1Gpulling manifest [K
pulling 1849ef83c4dd:  63% ▕███████████       ▏ 3.2 GB/5.1 GB   12 MB/s   2m33s[K[?25h[?2026l[?2026h[?25l[A[1Gpulling manifest [K
pulling 1849ef83c4dd:  63% ▕███████████       ▏ 3.2 GB/5.1 GB   12 MB/s   2m33s[K[?25h[?2026l[?2026h[?25l[A[1Gpulling manifest [K
pulling 1849ef83c4dd:  63% ▕███████████       ▏ 3.2 GB/5.1 GB   12 MB/s   2m32s[K[?25h[?2026l[?2026h[?25l[A[1Gpulling manifest [K
pulling 1849ef83c4dd:  63% ▕███████████       ▏ 3.2 GB/5.1 GB   12 MB/s   2m32s[K[?25h[?2026l[?2026h[?25l[A[1Gpulling manifest [K
pulling 1849ef83c4dd:  63% ▕███████████       ▏ 3.2 GB/5.1 GB   12 MB/s   2m31s[K[?25h[?2026l[?2026h[?25l[A[1Gpulling manifest [K
pulling 1849ef83c4dd:  63% ▕███████████       ▏ 3.3 GB/5.1 GB   12 MB/s   2m31s[K[?25h[?2026l[?2026h[?25l[A[1Gpulling manifest [K
pulling 1849ef83c4dd:  63% ▕███████████       ▏ 3.3 GB/5.1 GB   12 MB/s   2m31s[K[?25h[?2026l[?2026h[?25l[A[1Gpulling manifest [K
pulling 1849ef83c4dd:  63% ▕███████████       ▏ 3.3 GB/5.1 GB   12 MB/s   2m31s[K[?25h[?2026l[?2026h[?25l[A[1Gpulling manifest [K
pulling 1849ef83c4dd:  63% ▕███████████       ▏ 3.3 GB/5.1 GB   12 MB/s   2m31s[K[?25h[?2026l[?2026h[?25l[A[1Gpulling manifest [K
pulling 1849ef83c4dd:  63% ▕███████████       ▏ 3.3 GB/5.1 GB   12 MB/s   2m31s[K[?25h[?2026l[?2026h[?25l[A[1Gpulling manifest [K
pulling 1849ef83c4dd:  63% ▕███████████       ▏ 3.3 GB/5.1 GB   12 MB/s   2m31s[K[?25h[?2026l[?2026h[?25l[A[1Gpulling manifest [K
pulling 1849ef83c4dd:  63% ▕███████████       ▏ 3.3 GB/5.1 GB   12 MB/s   2m31s[K[?25h[?2026l[?2026h[?25l[A[1Gpulling manifest [K
pulling 1849ef83c4dd:  64% ▕███████████       ▏ 3.3 GB/5.1 GB   12 MB/s   2m30s[K[?25h[?2026l[?2026h[?25l[A[1Gpulling manifest [K
pulling 1849ef83c4dd:  64% ▕███████████       ▏ 3.3 GB/5.1 GB   12 MB/s   2m30s[K[?25h[?2026l[?2026h[?25l[A[1Gpulling manifest [K
pulling 1849ef83c4dd:  64% ▕███████████       ▏ 3.3 GB/5.1 GB   12 MB/s   2m30s[K[?25h[?2026l[?2026h[?25l[A[1Gpulling manifest [K
pulling 1849ef83c4dd:  64% ▕███████████       ▏ 3.3 GB/5.1 GB   12 MB/s   2m30s[K[?25h[?2026l[?2026h[?25l[A[1Gpulling manifest [K
pulling 1849ef83c4dd:  64% ▕███████████       ▏ 3.3 GB/5.1 GB   12 MB/s   2m30s[K[?25h[?2026l[?2026h[?25l[A[1Gpulling manifest [K
pulling 1849ef83c4dd:  64% ▕███████████       ▏ 3.3 GB/5.1 GB   12 MB/s   2m30s[K[?25h[?2026l[?2026h[?25l[A[1Gpulling manifest [K
pulling 1849ef83c4dd:  64% ▕███████████       ▏ 3.3 GB/5.1 GB   12 MB/s   2m29s[K[?25h[?2026l[?2026h[?25l[A[1Gpulling manifest [K
pulling 1849ef83c4dd:  64% ▕███████████       ▏ 3.3 GB/5.1 GB   12 MB/s   2m29s[K[?25h[?2026l[?2026h[?25l[A[1Gpulling manifest [K
pulling 1849ef83c4dd:  64% ▕███████████       ▏ 3.3 GB/5.1 GB   12 MB/s   2m29s[K[?25h[?2026l[?2026h[?25l[A[1Gpulling manifest [K
pulling 1849ef83c4dd:  64% ▕███████████       ▏ 3.3 GB/5.1 GB   12 MB/s   2m29s[K[?25h[?2026l[?2026h[?25l[A[1Gpulling manifest [K
pulling 1849ef83c4dd:  64% ▕███████████       ▏ 3.3 GB/5.1 GB   12 MB/s   2m29s[K[?25h[?2026l[?2026h[?25l[A[1Gpulling manifest [K
pulling 1849ef83c4dd:  64% ▕███████████       ▏ 3.3 GB/5.1 GB   12 MB/s   2m29s[K[?25h[?2026l[?2026h[?25l[A[1Gpulling manifest [K
pulling 1849ef83c4dd:  64% ▕███████████       ▏ 3.3 GB/5.1 GB   12 MB/s   2m29s[K[?25h[?2026l[?2026h[?25l[A[1Gpulling manifest [K
pulling 1849ef83c4dd:  64% ▕███████████       ▏ 3.3 GB/5.1 GB   12 MB/s   2m29s[K[?25h[?2026l[?2026h[?25l[A[1Gpulling manifest [K
pulling 1849ef83c4dd:  64% ▕███████████       ▏ 3.3 GB/5.1 GB   12 MB/s   2m29s[K[?25h[?2026l[?2026h[?25l[A[1Gpulling manifest [K
pulling 1849ef83c4dd:  64% ▕███████████       ▏ 3.3 GB/5.1 GB   12 MB/s   2m29s[K[?25h[?2026l[?2026h[?25l[A[1Gpulling manifest [K
pulling 1849ef83c4dd:  64% ▕███████████       ▏ 3.3 GB/5.1 GB   12 MB/s   2m29s[K[?25h[?2026l[?2026h[?25l[A[1Gpulling manifest [K
pulling 1849ef83c4dd:  64% ▕███████████       ▏ 3.3 GB/5.1 GB   12 MB/s   2m29s[K[?25h[?2026l[?2026h[?25l[A[1Gpulling manifest [K
pulling 1849ef83c4dd:  64% ▕███████████       ▏ 3.3 GB/5.1 GB   12 MB/s   2m29s[K[?25h[?2026l[?2026h[?25l[A[1Gpulling manifest [K
pulling 1849ef83c4dd:  64% ▕███████████       ▏ 3.3 GB/5.1 GB   12 MB/s   2m29s[K[?25h[?2026l[?2026h[?25l[A[1Gpulling manifest [K
pulling 1849ef83c4dd:  64% ▕███████████       ▏ 3.3 GB/5.1 GB   12 MB/s   2m29s[K[?25h[?2026l[?2026h[?25l[A[1Gpulling manifest [K
pulling 1849ef83c4dd:  64% ▕███████████       ▏ 3.3 GB/5.1 GB   12 MB/s   2m28s[K[?25h[?2026l[?2026h[?25l[A[1Gpulling manifest [K
pulling 1849ef83c4dd:  64% ▕███████████       ▏ 3.3 GB/5.1 GB   12 MB/s   2m28s[K[?25h[?2026l[?2026h[?25l[A[1Gpulling manifest [K
pulling 1849ef83c4dd:  64% ▕███████████       ▏ 3.3 GB/5.1 GB   12 MB/s   2m28s[K[?25h[?2026l[?2026h[?25l[A[1Gpulling manifest [K
pulling 1849ef83c4dd:  64% ▕███████████       ▏ 3.3 GB/5.1 GB   12 MB/s   2m28s[K[?25h[?2026l[?2026h[?25l[A[1Gpulling manifest [K
pulling 1849ef83c4dd:  64% ▕███████████       ▏ 3.3 GB/5.1 GB   12 MB/s   2m28s[K[?25h[?2026l[?2026h[?25l[A[1Gpulling manifest [K
pulling 1849ef83c4dd:  64% ▕███████████       ▏ 3.3 GB/5.1 GB   12 MB/s   2m28s[K[?25h[?2026l[?2026h[?25l[A[1Gpulling manifest [K
pulling 1849ef83c4dd:  64% ▕███████████       ▏ 3.3 GB/5.1 GB   12 MB/s   2m28s[K[?25h[?2026l[?2026h[?25l[A[1Gpulling manifest [K
pulling 1849ef83c4dd:  64% ▕███████████       ▏ 3.3 GB/5.1 GB   12 MB/s   2m28s[K[?25h[?2026l[?2026h[?25l[A[1Gpulling manifest [K
pulling 1849ef83c4dd:  64% ▕███████████       ▏ 3.3 GB/5.1 GB   12 MB/s   2m28s[K[?25h[?2026l[?2026h[?25l[A[1Gpulling manifest [K
pulling 1849ef83c4dd:  64% ▕███████████       ▏ 3.3 GB/5.1 GB   12 MB/s   2m28s[K[?25h[?2026l[?2026h[?25l[A[1Gpulling manifest [K
pulling 1849ef83c4dd:  64% ▕███████████       ▏ 3.3 GB/5.1 GB   12 MB/s   2m28s[K[?25h[?2026l[?2026h[?25l[A[1Gpulling manifest [K
pulling 1849ef83c4dd:  64% ▕███████████       ▏ 3.3 GB/5.1 GB   12 MB/s   2m27s[K[?25h[?2026l[?2026h[?25l[A[1Gpulling manifest [K
pulling 1849ef83c4dd:  64% ▕███████████       ▏ 3.3 GB/5.1 GB   12 MB/s   2m29s[K[?25h[?2026l[?2026h[?25l[A[1Gpulling manifest [K
pulling 1849ef83c4dd:  64% ▕███████████       ▏ 3.3 GB/5.1 GB   12 MB/s   2m29s[K[?25h[?2026l[?2026h[?25l[A[1Gpulling manifest [K
pulling 1849ef83c4dd:  64% ▕███████████       ▏ 3.3 GB/5.1 GB   12 MB/s   2m29s[K[?25h[?2026l[?2026h[?25l[A[1Gpulling manifest [K
pulling 1849ef83c4dd:  64% ▕███████████       ▏ 3.3 GB/5.1 GB   12 MB/s   2m29s[K[?25h[?2026l[?2026h[?25l[A[1Gpulling manifest [K
pulling 1849ef83c4dd:  64% ▕███████████       ▏ 3.3 GB/5.1 GB   12 MB/s   2m29s[K[?25h[?2026l[?2026h[?25l[A[1Gpulling manifest [K
pulling 1849ef83c4dd:  64% ▕███████████       ▏ 3.3 GB/5.1 GB   12 MB/s   2m29s[K[?25h[?2026l[?2026h[?25l[A[1Gpulling manifest [K
pulling 1849ef83c4dd:  64% ▕███████████       ▏ 3.3 GB/5.1 GB   12 MB/s   2m29s[K[?25h[?2026l[?2026h[?25l[A[1Gpulling manifest [K
pulling 1849ef83c4dd:  64% ▕███████████       ▏ 3.3 GB/5.1 GB   12 MB/s   2m29s[K[?25h[?2026l[?2026h[?25l[A[1Gpulling manifest [K
pulling 1849ef83c4dd:  64% ▕███████████       ▏ 3.3 GB/5.1 GB   12 MB/s   2m28s[K[?25h[?2026l[?2026h[?25l[A[1Gpulling manifest [K
pulling 1849ef83c4dd:  64% ▕███████████       ▏ 3.3 GB/5.1 GB   12 MB/s   2m28s[K[?25h[?2026l[?2026h[?25l[A[1Gpulling manifest [K
pulling 1849ef83c4dd:  65% ▕███████████       ▏ 3.3 GB/5.1 GB   12 MB/s   2m27s[K[?25h[?2026l[?2026h[?25l[A[1Gpulling manifest [K
pulling 1849ef83c4dd:  65% ▕███████████       ▏ 3.3 GB/5.1 GB   12 MB/s   2m26s[K[?25h[?2026l[?2026h[?25l[A[1Gpulling manifest [K
pulling 1849ef83c4dd:  65% ▕███████████       ▏ 3.3 GB/5.1 GB   12 MB/s   2m26s[K[?25h[?2026l[?2026h[?25l[A[1Gpulling manifest [K
pulling 1849ef83c4dd:  65% ▕███████████       ▏ 3.3 GB/5.1 GB   12 MB/s   2m26s[K[?25h[?2026l[?2026h[?25l[A[1Gpulling manifest [K
pulling 1849ef83c4dd:  65% ▕███████████       ▏ 3.3 GB/5.1 GB   12 MB/s   2m26s[K[?25h[?2026l[?2026h[?25l[A[1Gpulling manifest [K
pulling 1849ef83c4dd:  65% ▕███████████       ▏ 3.3 GB/5.1 GB   12 MB/s   2m26s[K[?25h[?2026l[?2026h[?25l[A[1Gpulling manifest [K
pulling 1849ef83c4dd:  65% ▕███████████       ▏ 3.3 GB/5.1 GB   12 MB/s   2m26s[K[?25h[?2026l[?2026h[?25l[A[1Gpulling manifest [K
pulling 1849ef83c4dd:  65% ▕███████████       ▏ 3.3 GB/5.1 GB   12 MB/s   2m26s[K[?25h[?2026l[?2026h[?25l[A[1Gpulling manifest [K
pulling 1849ef83c4dd:  65% ▕███████████       ▏ 3.3 GB/5.1 GB   12 MB/s   2m26s[K[?25h[?2026l[?2026h[?25l[A[1Gpulling manifest [K
pulling 1849ef83c4dd:  65% ▕███████████       ▏ 3.3 GB/5.1 GB   12 MB/s   2m26s[K[?25h[?2026l[?2026h[?25l[A[1Gpulling manifest [K
pulling 1849ef83c4dd:  65% ▕███████████       ▏ 3.3 GB/5.1 GB   12 MB/s   2m26s[K[?25h[?2026l[?2026h[?25l[A[1Gpulling manifest [K
pulling 1849ef83c4dd:  65% ▕███████████       ▏ 3.3 GB/5.1 GB   12 MB/s   2m26s[K[?25h[?2026l[?2026h[?25l[A[1Gpulling manifest [K
pulling 1849ef83c4dd:  65% ▕███████████       ▏ 3.3 GB/5.1 GB   12 MB/s   2m26s[K[?25h[?2026l[?2026h[?25l[A[1Gpulling manifest [K
pulling 1849ef83c4dd:  65% ▕███████████       ▏ 3.3 GB/5.1 GB   12 MB/s   2m26s[K[?25h[?2026l[?2026h[?25l[A[1Gpulling manifest [K
pulling 1849ef83c4dd:  65% ▕███████████       ▏ 3.3 GB/5.1 GB   12 MB/s   2m26s[K[?25h[?2026l[?2026h[?25l[A[1Gpulling manifest [K
pulling 1849ef83c4dd:  65% ▕███████████       ▏ 3.3 GB/5.1 GB   12 MB/s   2m26s[K[?25h[?2026l[?2026h[?25l[A[1Gpulling manifest [K
pulling 1849ef83c4dd:  65% ▕███████████       ▏ 3.3 GB/5.1 GB   12 MB/s   2m25s[K[?25h[?2026l[?2026h[?25l[A[1Gpulling manifest [K
pulling 1849ef83c4dd:  65% ▕███████████       ▏ 3.3 GB/5.1 GB   12 MB/s   2m25s[K[?25h[?2026l[?2026h[?25l[A[1Gpulling manifest [K
pulling 1849ef83c4dd:  65% ▕███████████       ▏ 3.3 GB/5.1 GB   12 MB/s   2m25s[K[?25h[?2026l[?2026h[?25l[A[1Gpulling manifest [K
pulling 1849ef83c4dd:  65% ▕███████████       ▏ 3.3 GB/5.1 GB   12 MB/s   2m25s[K[?25h[?2026l[?2026h[?25l[A[1Gpulling manifest [K
pulling 1849ef83c4dd:  65% ▕███████████       ▏ 3.3 GB/5.1 GB   12 MB/s   2m25s[K[?25h[?2026l[?2026h[?25l[A[1Gpulling manifest [K
pulling 1849ef83c4dd:  65% ▕███████████       ▏ 3.3 GB/5.1 GB   12 MB/s   2m25s[K[?25h[?2026l[?2026h[?25l[A[1Gpulling manifest [K
pulling 1849ef83c4dd:  65% ▕███████████       ▏ 3.3 GB/5.1 GB   12 MB/s   2m25s[K[?25h[?2026l[?2026h[?25l[A[1Gpulling manifest [K
pulling 1849ef83c4dd:  65% ▕███████████       ▏ 3.3 GB/5.1 GB   12 MB/s   2m24s[K[?25h[?2026l[?2026h[?25l[A[1Gpulling manifest [K
pulling 1849ef83c4dd:  65% ▕███████████       ▏ 3.3 GB/5.1 GB   12 MB/s   2m24s[K[?25h[?2026l[?2026h[?25l[A[1Gpulling manifest [K
pulling 1849ef83c4dd:  65% ▕███████████       ▏ 3.3 GB/5.1 GB   12 MB/s   2m24s[K[?25h[?2026l[?2026h[?25l[A[1Gpulling manifest [K
pulling 1849ef83c4dd:  65% ▕███████████       ▏ 3.3 GB/5.1 GB   12 MB/s   2m24s[K[?25h[?2026l[?2026h[?25l[A[1Gpulling manifest [K
pulling 1849ef83c4dd:  65% ▕███████████       ▏ 3.3 GB/5.1 GB   12 MB/s   2m24s[K[?25h[?2026l[?2026h[?25l[A[1Gpulling manifest [K
pulling 1849ef83c4dd:  65% ▕███████████       ▏ 3.3 GB/5.1 GB   12 MB/s   2m24s[K[?25h[?2026l[?2026h[?25l[A[1Gpulling manifest [K
pulling 1849ef83c4dd:  65% ▕███████████       ▏ 3.3 GB/5.1 GB   12 MB/s   2m24s[K[?25h[?2026l[?2026h[?25l[A[1Gpulling manifest [K
pulling 1849ef83c4dd:  65% ▕███████████       ▏ 3.3 GB/5.1 GB   12 MB/s   2m24s[K[?25h[?2026l[?2026h[?25l[A[1Gpulling manifest [K
pulling 1849ef83c4dd:  65% ▕███████████       ▏ 3.3 GB/5.1 GB   12 MB/s   2m24s[K[?25h[?2026l[?2026h[?25l[A[1Gpulling manifest [K
pulling 1849ef83c4dd:  65% ▕███████████       ▏ 3.3 GB/5.1 GB   12 MB/s   2m24s[K[?25h[?2026l[?2026h[?25l[A[1Gpulling manifest [K
pulling 1849ef83c4dd:  65% ▕███████████       ▏ 3.3 GB/5.1 GB   12 MB/s   2m24s[K[?25h[?2026l[?2026h[?25l[A[1Gpulling manifest [K
pulling 1849ef83c4dd:  65% ▕███████████       ▏ 3.4 GB/5.1 GB   12 MB/s   2m24s[K[?25h[?2026l[?2026h[?25l[A[1Gpulling manifest [K
pulling 1849ef83c4dd:  65% ▕███████████       ▏ 3.4 GB/5.1 GB   12 MB/s   2m24s[K[?25h[?2026l[?2026h[?25l[A[1Gpulling manifest [K
pulling 1849ef83c4dd:  65% ▕███████████       ▏ 3.4 GB/5.1 GB   12 MB/s   2m24s[K[?25h[?2026l[?2026h[?25l[A[1Gpulling manifest [K
pulling 1849ef83c4dd:  65% ▕███████████       ▏ 3.4 GB/5.1 GB   12 MB/s   2m23s[K[?25h[?2026l[?2026h[?25l[A[1Gpulling manifest [K
pulling 1849ef83c4dd:  65% ▕███████████       ▏ 3.4 GB/5.1 GB   12 MB/s   2m23s[K[?25h[?2026l[?2026h[?25l[A[1Gpulling manifest [K
pulling 1849ef83c4dd:  65% ▕███████████       ▏ 3.4 GB/5.1 GB   12 MB/s   2m23s[K[?25h[?2026l[?2026h[?25l[A[1Gpulling manifest [K
pulling 1849ef83c4dd:  65% ▕███████████       ▏ 3.4 GB/5.1 GB   12 MB/s   2m23s[K[?25h[?2026l[?2026h[?25l[A[1Gpulling manifest [K
pulling 1849ef83c4dd:  65% ▕███████████       ▏ 3.4 GB/5.1 GB   12 MB/s   2m25s[K[?25h[?2026l[?2026h[?25l[A[1Gpulling manifest [K
pulling 1849ef83c4dd:  65% ▕███████████       ▏ 3.4 GB/5.1 GB   12 MB/s   2m25s[K[?25h[?2026l[?2026h[?25l[A[1Gpulling manifest [K
pulling 1849ef83c4dd:  66% ▕███████████       ▏ 3.4 GB/5.1 GB   12 MB/s   2m25s[K[?25h[?2026l[?2026h[?25l[A[1Gpulling manifest [K
pulling 1849ef83c4dd:  66% ▕███████████       ▏ 3.4 GB/5.1 GB   12 MB/s   2m25s[K[?25h[?2026l[?2026h[?25l[A[1Gpulling manifest [K
pulling 1849ef83c4dd:  66% ▕███████████       ▏ 3.4 GB/5.1 GB   12 MB/s   2m25s[K[?25h[?2026l[?2026h[?25l[A[1Gpulling manifest [K
pulling 1849ef83c4dd:  66% ▕███████████       ▏ 3.4 GB/5.1 GB   12 MB/s   2m25s[K[?25h[?2026l[?2026h[?25l[A[1Gpulling manifest [K
pulling 1849ef83c4dd:  66% ▕███████████       ▏ 3.4 GB/5.1 GB   12 MB/s   2m24s[K[?25h[?2026l[?2026h[?25l[A[1Gpulling manifest [K
pulling 1849ef83c4dd:  66% ▕███████████       ▏ 3.4 GB/5.1 GB   12 MB/s   2m24s[K[?25h[?2026l[?2026h[?25l[A[1Gpulling manifest [K
pulling 1849ef83c4dd:  66% ▕███████████       ▏ 3.4 GB/5.1 GB   12 MB/s   2m24s[K[?25h[?2026l[?2026h[?25l[A[1Gpulling manifest [K
pulling 1849ef83c4dd:  66% ▕███████████       ▏ 3.4 GB/5.1 GB   12 MB/s   2m24s[K[?25h[?2026l[?2026h[?25l[A[1Gpulling manifest [K
pulling 1849ef83c4dd:  66% ▕███████████       ▏ 3.4 GB/5.1 GB   12 MB/s   2m24s[K[?25h[?2026l[?2026h[?25l[A[1Gpulling manifest [K
pulling 1849ef83c4dd:  66% ▕███████████       ▏ 3.4 GB/5.1 GB   12 MB/s   2m24s[K[?25h[?2026l[?2026h[?25l[A[1Gpulling manifest [K
pulling 1849ef83c4dd:  66% ▕███████████       ▏ 3.4 GB/5.1 GB   12 MB/s   2m23s[K[?25h[?2026l[?2026h[?25l[A[1Gpulling manifest [K
pulling 1849ef83c4dd:  66% ▕███████████       ▏ 3.4 GB/5.1 GB   12 MB/s   2m23s[K[?25h[?2026l[?2026h[?25l[A[1Gpulling manifest [K
pulling 1849ef83c4dd:  66% ▕███████████       ▏ 3.4 GB/5.1 GB   12 MB/s   2m23s[K[?25h[?2026l[?2026h[?25l[A[1Gpulling manifest [K
pulling 1849ef83c4dd:  66% ▕███████████       ▏ 3.4 GB/5.1 GB   12 MB/s   2m23s[K[?25h[?2026l[?2026h[?25l[A[1Gpulling manifest [K
pulling 1849ef83c4dd:  66% ▕███████████       ▏ 3.4 GB/5.1 GB   12 MB/s   2m23s[K[?25h[?2026l[?2026h[?25l[A[1Gpulling manifest [K
pulling 1849ef83c4dd:  66% ▕███████████       ▏ 3.4 GB/5.1 GB   12 MB/s   2m23s[K[?25h[?2026l[?2026h[?25l[A[1Gpulling manifest [K
pulling 1849ef83c4dd:  66% ▕███████████       ▏ 3.4 GB/5.1 GB   12 MB/s   2m23s[K[?25h[?2026l[?2026h[?25l[A[1Gpulling manifest [K
pulling 1849ef83c4dd:  66% ▕███████████       ▏ 3.4 GB/5.1 GB   12 MB/s   2m23s[K[?25h[?2026l[?2026h[?25l[A[1Gpulling manifest [K
pulling 1849ef83c4dd:  66% ▕███████████       ▏ 3.4 GB/5.1 GB   12 MB/s   2m21s[K[?25h[?2026l[?2026h[?25l[A[1Gpulling manifest [K
pulling 1849ef83c4dd:  66% ▕███████████       ▏ 3.4 GB/5.1 GB   12 MB/s   2m21s[K[?25h[?2026l[?2026h[?25l[A[1Gpulling manifest [K
pulling 1849ef83c4dd:  66% ▕███████████       ▏ 3.4 GB/5.1 GB   12 MB/s   2m21s[K[?25h[?2026l[?2026h[?25l[A[1Gpulling manifest [K
pulling 1849ef83c4dd:  66% ▕███████████       ▏ 3.4 GB/5.1 GB   12 MB/s   2m21s[K[?25h[?2026l[?2026h[?25l[A[1Gpulling manifest [K
pulling 1849ef83c4dd:  66% ▕███████████       ▏ 3.4 GB/5.1 GB   12 MB/s   2m21s[K[?25h[?2026l[?2026h[?25l[A[1Gpulling manifest [K
pulling 1849ef83c4dd:  66% ▕███████████       ▏ 3.4 GB/5.1 GB   12 MB/s   2m20s[K[?25h[?2026l[?2026h[?25l[A[1Gpulling manifest [K
pulling 1849ef83c4dd:  66% ▕███████████       ▏ 3.4 GB/5.1 GB   12 MB/s   2m20s[K[?25h[?2026l[?2026h[?25l[A[1Gpulling manifest [K
pulling 1849ef83c4dd:  66% ▕███████████       ▏ 3.4 GB/5.1 GB   12 MB/s   2m20s[K[?25h[?2026l[?2026h[?25l[A[1Gpulling manifest [K
pulling 1849ef83c4dd:  66% ▕███████████       ▏ 3.4 GB/5.1 GB   12 MB/s   2m20s[K[?25h[?2026l[?2026h[?25l[A[1Gpulling manifest [K
pulling 1849ef83c4dd:  66% ▕███████████       ▏ 3.4 GB/5.1 GB   12 MB/s   2m20s[K[?25h[?2026l[?2026h[?25l[A[1Gpulling manifest [K
pulling 1849ef83c4dd:  66% ▕███████████       ▏ 3.4 GB/5.1 GB   12 MB/s   2m19s[K[?25h[?2026l[?2026h[?25l[A[1Gpulling manifest [K
pulling 1849ef83c4dd:  66% ▕███████████       ▏ 3.4 GB/5.1 GB   12 MB/s   2m19s[K[?25h[?2026l[?2026h[?25l[A[1Gpulling manifest [K
pulling 1849ef83c4dd:  66% ▕███████████       ▏ 3.4 GB/5.1 GB   12 MB/s   2m19s[K[?25h[?2026l[?2026h[?25l[A[1Gpulling manifest [K
pulling 1849ef83c4dd:  66% ▕███████████       ▏ 3.4 GB/5.1 GB   12 MB/s   2m18s[K[?25h[?2026l[?2026h[?25l[A[1Gpulling manifest [K
pulling 1849ef83c4dd:  66% ▕███████████       ▏ 3.4 GB/5.1 GB   12 MB/s   2m18s[K[?25h[?2026l[?2026h[?25l[A[1Gpulling manifest [K
pulling 1849ef83c4dd:  66% ▕███████████       ▏ 3.4 GB/5.1 GB   12 MB/s   2m18s[K[?25h[?2026l[?2026h[?25l[A[1Gpulling manifest [K
pulling 1849ef83c4dd:  66% ▕███████████       ▏ 3.4 GB/5.1 GB   12 MB/s   2m18s[K[?25h[?2026l[?2026h[?25l[A[1Gpulling manifest [K
pulling 1849ef83c4dd:  66% ▕███████████       ▏ 3.4 GB/5.1 GB   12 MB/s   2m18s[K[?25h[?2026l[?2026h[?25l[A[1Gpulling manifest [K
pulling 1849ef83c4dd:  66% ▕███████████       ▏ 3.4 GB/5.1 GB   12 MB/s   2m18s[K[?25h[?2026l[?2026h[?25l[A[1Gpulling manifest [K
pulling 1849ef83c4dd:  66% ▕███████████       ▏ 3.4 GB/5.1 GB   12 MB/s   2m18s[K[?25h[?2026l[?2026h[?25l[A[1Gpulling manifest [K
pulling 1849ef83c4dd:  66% ▕███████████       ▏ 3.4 GB/5.1 GB   12 MB/s   2m18s[K[?25h[?2026l[?2026h[?25l[A[1Gpulling manifest [K
pulling 1849ef83c4dd:  66% ▕███████████       ▏ 3.4 GB/5.1 GB   12 MB/s   2m17s[K[?25h[?2026l[?2026h[?25l[A[1Gpulling manifest [K
pulling 1849ef83c4dd:  66% ▕███████████       ▏ 3.4 GB/5.1 GB   12 MB/s   2m17s[K[?25h[?2026l[?2026h[?25l[A[1Gpulling manifest [K
pulling 1849ef83c4dd:  67% ▕███████████       ▏ 3.4 GB/5.1 GB   12 MB/s   2m17s[K[?25h[?2026l[?2026h[?25l[A[1Gpulling manifest [K
pulling 1849ef83c4dd:  67% ▕███████████       ▏ 3.4 GB/5.1 GB   12 MB/s   2m17s[K[?25h[?2026l[?2026h[?25l[A[1Gpulling manifest [K
pulling 1849ef83c4dd:  67% ▕███████████       ▏ 3.4 GB/5.1 GB   12 MB/s   2m17s[K[?25h[?2026l[?2026h[?25l[A[1Gpulling manifest [K
pulling 1849ef83c4dd:  67% ▕███████████       ▏ 3.4 GB/5.1 GB   12 MB/s   2m17s[K[?25h[?2026l[?2026h[?25l[A[1Gpulling manifest [K
pulling 1849ef83c4dd:  67% ▕███████████       ▏ 3.4 GB/5.1 GB   12 MB/s   2m17s[K[?25h[?2026l[?2026h[?25l[A[1Gpulling manifest [K
pulling 1849ef83c4dd:  67% ▕███████████       ▏ 3.4 GB/5.1 GB   12 MB/s   2m17s[K[?25h[?2026l[?2026h[?25l[A[1Gpulling manifest [K
pulling 1849ef83c4dd:  67% ▕███████████       ▏ 3.4 GB/5.1 GB   12 MB/s   2m17s[K[?25h[?2026l[?2026h[?25l[A[1Gpulling manifest [K
pulling 1849ef83c4dd:  67% ▕███████████       ▏ 3.4 GB/5.1 GB   12 MB/s   2m17s[K[?25h[?2026l[?2026h[?25l[A[1Gpulling manifest [K
pulling 1849ef83c4dd:  67% ▕████████████      ▏ 3.4 GB/5.1 GB   12 MB/s   2m17s[K[?25h[?2026l[?2026h[?25l[A[1Gpulling manifest [K
pulling 1849ef83c4dd:  67% ▕████████████      ▏ 3.4 GB/5.1 GB   12 MB/s   2m17s[K[?25h[?2026l[?2026h[?25l[A[1Gpulling manifest [K
pulling 1849ef83c4dd:  67% ▕████████████      ▏ 3.4 GB/5.1 GB   12 MB/s   2m17s[K[?25h[?2026l[?2026h[?25l[A[1Gpulling manifest [K
pulling 1849ef83c4dd:  67% ▕████████████      ▏ 3.4 GB/5.1 GB   12 MB/s   2m17s[K[?25h[?2026l[?2026h[?25l[A[1Gpulling manifest [K
pulling 1849ef83c4dd:  67% ▕████████████      ▏ 3.4 GB/5.1 GB   12 MB/s   2m17s[K[?25h[?2026l[?2026h[?25l[A[1Gpulling manifest [K
pulling 1849ef83c4dd:  67% ▕████████████      ▏ 3.4 GB/5.1 GB   12 MB/s   2m17s[K[?25h[?2026l[?2026h[?25l[A[1Gpulling manifest [K
pulling 1849ef83c4dd:  67% ▕████████████      ▏ 3.4 GB/5.1 GB   12 MB/s   2m17s[K[?25h[?2026l[?2026h[?25l[A[1Gpulling manifest [K
pulling 1849ef83c4dd:  67% ▕████████████      ▏ 3.4 GB/5.1 GB   12 MB/s   2m17s[K[?25h[?2026l[?2026h[?25l[A[1Gpulling manifest [K
pulling 1849ef83c4dd:  67% ▕████████████      ▏ 3.4 GB/5.1 GB   12 MB/s   2m16s[K[?25h[?2026l[?2026h[?25l[A[1Gpulling manifest [K
pulling 1849ef83c4dd:  67% ▕████████████      ▏ 3.4 GB/5.1 GB   12 MB/s   2m16s[K[?25h[?2026l[?2026h[?25l[A[1Gpulling manifest [K
pulling 1849ef83c4dd:  67% ▕████████████      ▏ 3.4 GB/5.1 GB   12 MB/s   2m16s[K[?25h[?2026l[?2026h[?25l[A[1Gpulling manifest [K
pulling 1849ef83c4dd:  67% ▕████████████      ▏ 3.4 GB/5.1 GB   12 MB/s   2m16s[K[?25h[?2026l[?2026h[?25l[A[1Gpulling manifest [K
pulling 1849ef83c4dd:  67% ▕████████████      ▏ 3.4 GB/5.1 GB   12 MB/s   2m16s[K[?25h[?2026l[?2026h[?25l[A[1Gpulling manifest [K
pulling 1849ef83c4dd:  67% ▕████████████      ▏ 3.4 GB/5.1 GB   12 MB/s   2m16s[K[?25h[?2026l[?2026h[?25l[A[1Gpulling manifest [K
pulling 1849ef83c4dd:  67% ▕████████████      ▏ 3.4 GB/5.1 GB   12 MB/s   2m16s[K[?25h[?2026l[?2026h[?25l[A[1Gpulling manifest [K
pulling 1849ef83c4dd:  67% ▕████████████      ▏ 3.4 GB/5.1 GB   12 MB/s   2m15s[K[?25h[?2026l[?2026h[?25l[A[1Gpulling manifest [K
pulling 1849ef83c4dd:  67% ▕████████████      ▏ 3.4 GB/5.1 GB   12 MB/s   2m15s[K[?25h[?2026l[?2026h[?25l[A[1Gpulling manifest [K
pulling 1849ef83c4dd:  67% ▕████████████      ▏ 3.4 GB/5.1 GB   12 MB/s   2m15s[K[?25h[?2026l[?2026h[?25l[A[1Gpulling manifest [K
pulling 1849ef83c4dd:  67% ▕████████████      ▏ 3.4 GB/5.1 GB   12 MB/s   2m15s[K[?25h[?2026l[?2026h[?25l[A[1Gpulling manifest [K
pulling 1849ef83c4dd:  67% ▕████████████      ▏ 3.4 GB/5.1 GB   12 MB/s   2m15s[K[?25h[?2026l[?2026h[?25l[A[1Gpulling manifest [K
pulling 1849ef83c4dd:  67% ▕████████████      ▏ 3.4 GB/5.1 GB   12 MB/s   2m15s[K[?25h[?2026l[?2026h[?25l[A[1Gpulling manifest [K
pulling 1849ef83c4dd:  67% ▕████████████      ▏ 3.4 GB/5.1 GB   12 MB/s   2m14s[K[?25h[?2026l[?2026h[?25l[A[1Gpulling manifest [K
pulling 1849ef83c4dd:  67% ▕████████████      ▏ 3.4 GB/5.1 GB   12 MB/s   2m14s[K[?25h[?2026l[?2026h[?25l[A[1Gpulling manifest [K
pulling 1849ef83c4dd:  67% ▕████████████      ▏ 3.5 GB/5.1 GB   12 MB/s   2m14s[K[?25h[?2026l[?2026h[?25l[A[1Gpulling manifest [K
pulling 1849ef83c4dd:  67% ▕████████████      ▏ 3.5 GB/5.1 GB   12 MB/s   2m14s[K[?25h[?2026l[?2026h[?25l[A[1Gpulling manifest [K
pulling 1849ef83c4dd:  67% ▕████████████      ▏ 3.5 GB/5.1 GB   12 MB/s   2m14s[K[?25h[?2026l[?2026h[?25l[A[1Gpulling manifest [K
pulling 1849ef83c4dd:  67% ▕████████████      ▏ 3.5 GB/5.1 GB   12 MB/s   2m14s[K[?25h[?2026l[?2026h[?25l[A[1Gpulling manifest [K
pulling 1849ef83c4dd:  67% ▕████████████      ▏ 3.5 GB/5.1 GB   12 MB/s   2m14s[K[?25h[?2026l[?2026h[?25l[A[1Gpulling manifest [K
pulling 1849ef83c4dd:  67% ▕████████████      ▏ 3.5 GB/5.1 GB   12 MB/s   2m14s[K[?25h[?2026l[?2026h[?25l[A[1Gpulling manifest [K
pulling 1849ef83c4dd:  67% ▕████████████      ▏ 3.5 GB/5.1 GB   12 MB/s   2m14s[K[?25h[?2026l[?2026h[?25l[A[1Gpulling manifest [K
pulling 1849ef83c4dd:  67% ▕████████████      ▏ 3.5 GB/5.1 GB   12 MB/s   2m14s[K[?25h[?2026l[?2026h[?25l[A[1Gpulling manifest [K
pulling 1849ef83c4dd:  67% ▕████████████      ▏ 3.5 GB/5.1 GB   12 MB/s   2m14s[K[?25h[?2026l[?2026h[?25l[A[1Gpulling manifest [K
pulling 1849ef83c4dd:  67% ▕████████████      ▏ 3.5 GB/5.1 GB   12 MB/s   2m14s[K[?25h[?2026l[?2026h[?25l[A[1Gpulling manifest [K
pulling 1849ef83c4dd:  67% ▕████████████      ▏ 3.5 GB/5.1 GB   12 MB/s   2m14s[K[?25h[?2026l[?2026h[?25l[A[1Gpulling manifest [K
pulling 1849ef83c4dd:  68% ▕████████████      ▏ 3.5 GB/5.1 GB   12 MB/s   2m14s[K[?25h[?2026l[?2026h[?25l[A[1Gpulling manifest [K
pulling 1849ef83c4dd:  68% ▕████████████      ▏ 3.5 GB/5.1 GB   12 MB/s   2m13s[K[?25h[?2026l[?2026h[?25l[A[1Gpulling manifest [K
pulling 1849ef83c4dd:  68% ▕████████████      ▏ 3.5 GB/5.1 GB   12 MB/s   2m13s[K[?25h[?2026l[?2026h[?25l[A[1Gpulling manifest [K
pulling 1849ef83c4dd:  68% ▕████████████      ▏ 3.5 GB/5.1 GB   12 MB/s   2m13s[K[?25h[?2026l[?2026h[?25l[A[1Gpulling manifest [K
pulling 1849ef83c4dd:  68% ▕████████████      ▏ 3.5 GB/5.1 GB   12 MB/s   2m13s[K[?25h[?2026l[?2026h[?25l[A[1Gpulling manifest [K
pulling 1849ef83c4dd:  68% ▕████████████      ▏ 3.5 GB/5.1 GB   12 MB/s   2m13s[K[?25h[?2026l[?2026h[?25l[A[1Gpulling manifest [K
pulling 1849ef83c4dd:  68% ▕████████████      ▏ 3.5 GB/5.1 GB   12 MB/s   2m13s[K[?25h[?2026l[?2026h[?25l[A[1Gpulling manifest [K
pulling 1849ef83c4dd:  68% ▕████████████      ▏ 3.5 GB/5.1 GB   12 MB/s   2m13s[K[?25h[?2026l[?2026h[?25l[A[1Gpulling manifest [K
pulling 1849ef83c4dd:  68% ▕████████████      ▏ 3.5 GB/5.1 GB   12 MB/s   2m13s[K[?25h[?2026l[?2026h[?25l[A[1Gpulling manifest [K
pulling 1849ef83c4dd:  68% ▕████████████      ▏ 3.5 GB/5.1 GB   12 MB/s   2m13s[K[?25h[?2026l[?2026h[?25l[A[1Gpulling manifest [K
pulling 1849ef83c4dd:  68% ▕████████████      ▏ 3.5 GB/5.1 GB   12 MB/s   2m12s[K[?25h[?2026l[?2026h[?25l[A[1Gpulling manifest [K
pulling 1849ef83c4dd:  68% ▕████████████      ▏ 3.5 GB/5.1 GB   12 MB/s   2m12s[K[?25h[?2026l[?2026h[?25l[A[1Gpulling manifest [K
pulling 1849ef83c4dd:  68% ▕████████████      ▏ 3.5 GB/5.1 GB   12 MB/s   2m12s[K[?25h[?2026l[?2026h[?25l[A[1Gpulling manifest [K
pulling 1849ef83c4dd:  68% ▕████████████      ▏ 3.5 GB/5.1 GB   12 MB/s   2m12s[K[?25h[?2026l[?2026h[?25l[A[1Gpulling manifest [K
pulling 1849ef83c4dd:  68% ▕████████████      ▏ 3.5 GB/5.1 GB   12 MB/s   2m12s[K[?25h[?2026l[?2026h[?25l[A[1Gpulling manifest [K
pulling 1849ef83c4dd:  68% ▕████████████      ▏ 3.5 GB/5.1 GB   12 MB/s   2m12s[K[?25h[?2026l[?2026h[?25l[A[1Gpulling manifest [K
pulling 1849ef83c4dd:  68% ▕████████████      ▏ 3.5 GB/5.1 GB   12 MB/s   2m12s[K[?25h[?2026l[?2026h[?25l[A[1Gpulling manifest [K
pulling 1849ef83c4dd:  68% ▕████████████      ▏ 3.5 GB/5.1 GB   12 MB/s   2m12s[K[?25h[?2026l[?2026h[?25l[A[1Gpulling manifest [K
pulling 1849ef83c4dd:  68% ▕████████████      ▏ 3.5 GB/5.1 GB   12 MB/s   2m12s[K[?25h[?2026l[?2026h[?25l[A[1Gpulling manifest [K
pulling 1849ef83c4dd:  68% ▕████████████      ▏ 3.5 GB/5.1 GB   12 MB/s   2m12s[K[?25h[?2026l[?2026h[?25l[A[1Gpulling manifest [K
pulling 1849ef83c4dd:  68% ▕████████████      ▏ 3.5 GB/5.1 GB   12 MB/s   2m12s[K[?25h[?2026l[?2026h[?25l[A[1Gpulling manifest [K
pulling 1849ef83c4dd:  68% ▕████████████      ▏ 3.5 GB/5.1 GB   12 MB/s   2m12s[K[?25h[?2026l[?2026h[?25l[A[1Gpulling manifest [K
pulling 1849ef83c4dd:  68% ▕████████████      ▏ 3.5 GB/5.1 GB   12 MB/s   2m12s[K[?25h[?2026l[?2026h[?25l[A[1Gpulling manifest [K
pulling 1849ef83c4dd:  68% ▕████████████      ▏ 3.5 GB/5.1 GB   12 MB/s   2m12s[K[?25h[?2026l[?2026h[?25l[A[1Gpulling manifest [K
pulling 1849ef83c4dd:  68% ▕████████████      ▏ 3.5 GB/5.1 GB   12 MB/s   2m12s[K[?25h[?2026l[?2026h[?25l[A[1Gpulling manifest [K
pulling 1849ef83c4dd:  68% ▕████████████      ▏ 3.5 GB/5.1 GB   12 MB/s   2m11s[K[?25h[?2026l[?2026h[?25l[A[1Gpulling manifest [K
pulling 1849ef83c4dd:  68% ▕████████████      ▏ 3.5 GB/5.1 GB   12 MB/s   2m11s[K[?25h[?2026l[?2026h[?25l[A[1Gpulling manifest [K
pulling 1849ef83c4dd:  68% ▕████████████      ▏ 3.5 GB/5.1 GB   12 MB/s   2m11s[K[?25h[?2026l[?2026h[?25l[A[1Gpulling manifest [K
pulling 1849ef83c4dd:  68% ▕████████████      ▏ 3.5 GB/5.1 GB   12 MB/s   2m11s[K[?25h[?2026l[?2026h[?25l[A[1Gpulling manifest [K
pulling 1849ef83c4dd:  68% ▕████████████      ▏ 3.5 GB/5.1 GB   12 MB/s   2m11s[K[?25h[?2026l[?2026h[?25l[A[1Gpulling manifest [K
pulling 1849ef83c4dd:  68% ▕████████████      ▏ 3.5 GB/5.1 GB   12 MB/s   2m11s[K[?25h[?2026l[?2026h[?25l[A[1Gpulling manifest [K
pulling 1849ef83c4dd:  68% ▕████████████      ▏ 3.5 GB/5.1 GB   12 MB/s   2m10s[K[?25h[?2026l[?2026h[?25l[A[1Gpulling manifest [K
pulling 1849ef83c4dd:  68% ▕████████████      ▏ 3.5 GB/5.1 GB   12 MB/s   2m10s[K[?25h[?2026l[?2026h[?25l[A[1Gpulling manifest [K
pulling 1849ef83c4dd:  68% ▕████████████      ▏ 3.5 GB/5.1 GB   12 MB/s   2m10s[K[?25h[?2026l[?2026h[?25l[A[1Gpulling manifest [K
pulling 1849ef83c4dd:  68% ▕████████████      ▏ 3.5 GB/5.1 GB   12 MB/s   2m10s[K[?25h[?2026l[?2026h[?25l[A[1Gpulling manifest [K
pulling 1849ef83c4dd:  68% ▕████████████      ▏ 3.5 GB/5.1 GB   12 MB/s   2m10s[K[?25h[?2026l[?2026h[?25l[A[1Gpulling manifest [K
pulling 1849ef83c4dd:  68% ▕████████████      ▏ 3.5 GB/5.1 GB   12 MB/s   2m10s[K[?25h[?2026l[?2026h[?25l[A[1Gpulling manifest [K
pulling 1849ef83c4dd:  68% ▕████████████      ▏ 3.5 GB/5.1 GB   12 MB/s   2m12s[K[?25h[?2026l[?2026h[?25l[A[1Gpulling manifest [K
pulling 1849ef83c4dd:  68% ▕████████████      ▏ 3.5 GB/5.1 GB   12 MB/s   2m12s[K[?25h[?2026l[?2026h[?25l[A[1Gpulling manifest [K
pulling 1849ef83c4dd:  68% ▕████████████      ▏ 3.5 GB/5.1 GB   12 MB/s   2m12s[K[?25h[?2026l[?2026h[?25l[A[1Gpulling manifest [K
pulling 1849ef83c4dd:  68% ▕████████████      ▏ 3.5 GB/5.1 GB   12 MB/s   2m11s[K[?25h[?2026l[?2026h[?25l[A[1Gpulling manifest [K
pulling 1849ef83c4dd:  68% ▕████████████      ▏ 3.5 GB/5.1 GB   12 MB/s   2m11s[K[?25h[?2026l[?2026h[?25l[A[1Gpulling manifest [K
pulling 1849ef83c4dd:  68% ▕████████████      ▏ 3.5 GB/5.1 GB   12 MB/s   2m11s[K[?25h[?2026l[?2026h[?25l[A[1Gpulling manifest [K
pulling 1849ef83c4dd:  68% ▕████████████      ▏ 3.5 GB/5.1 GB   12 MB/s   2m11s[K[?25h[?2026l[?2026h[?25l[A[1Gpulling manifest [K
pulling 1849ef83c4dd:  68% ▕████████████      ▏ 3.5 GB/5.1 GB   12 MB/s   2m11s[K[?25h[?2026l[?2026h[?25l[A[1Gpulling manifest [K
pulling 1849ef83c4dd:  69% ▕████████████      ▏ 3.5 GB/5.1 GB   12 MB/s   2m11s[K[?25h[?2026l[?2026h[?25l[A[1Gpulling manifest [K
pulling 1849ef83c4dd:  69% ▕████████████      ▏ 3.5 GB/5.1 GB   12 MB/s   2m11s[K[?25h[?2026l[?2026h[?25l[A[1Gpulling manifest [K
pulling 1849ef83c4dd:  69% ▕████████████      ▏ 3.5 GB/5.1 GB   12 MB/s   2m11s[K[?25h[?2026l[?2026h[?25l[A[1Gpulling manifest [K
pulling 1849ef83c4dd:  69% ▕████████████      ▏ 3.5 GB/5.1 GB   12 MB/s   2m11s[K[?25h[?2026l[?2026h[?25l[A[1Gpulling manifest [K
pulling 1849ef83c4dd:  69% ▕████████████      ▏ 3.5 GB/5.1 GB   12 MB/s   2m11s[K[?25h[?2026l[?2026h[?25l[A[1Gpulling manifest [K
pulling 1849ef83c4dd:  69% ▕████████████      ▏ 3.5 GB/5.1 GB   12 MB/s   2m11s[K[?25h[?2026l[?2026h[?25l[A[1Gpulling manifest [K
pulling 1849ef83c4dd:  69% ▕████████████      ▏ 3.5 GB/5.1 GB   12 MB/s   2m11s[K[?25h[?2026l[?2026h[?25l[A[1Gpulling manifest [K
pulling 1849ef83c4dd:  69% ▕████████████      ▏ 3.5 GB/5.1 GB   12 MB/s   2m11s[K[?25h[?2026l[?2026h[?25l[A[1Gpulling manifest [K
pulling 1849ef83c4dd:  69% ▕████████████      ▏ 3.5 GB/5.1 GB   12 MB/s   2m11s[K[?25h[?2026l[?2026h[?25l[A[1Gpulling manifest [K
pulling 1849ef83c4dd:  69% ▕████████████      ▏ 3.5 GB/5.1 GB   12 MB/s   2m11s[K[?25h[?2026l[?2026h[?25l[A[1Gpulling manifest [K
pulling 1849ef83c4dd:  69% ▕████████████      ▏ 3.5 GB/5.1 GB   12 MB/s   2m11s[K[?25h[?2026l[?2026h[?25l[A[1Gpulling manifest [K
pulling 1849ef83c4dd:  69% ▕████████████      ▏ 3.5 GB/5.1 GB   12 MB/s   2m11s[K[?25h[?2026l[?2026h[?25l[A[1Gpulling manifest [K
pulling 1849ef83c4dd:  69% ▕████████████      ▏ 3.5 GB/5.1 GB   12 MB/s   2m11s[K[?25h[?2026l[?2026h[?25l[A[1Gpulling manifest [K
pulling 1849ef83c4dd:  69% ▕████████████      ▏ 3.5 GB/5.1 GB   12 MB/s   2m11s[K[?25h[?2026l[?2026h[?25l[A[1Gpulling manifest [K
pulling 1849ef83c4dd:  69% ▕████████████      ▏ 3.5 GB/5.1 GB   12 MB/s   2m11s[K[?25h[?2026l[?2026h[?25l[A[1Gpulling manifest [K
pulling 1849ef83c4dd:  69% ▕████████████      ▏ 3.5 GB/5.1 GB   12 MB/s   2m11s[K[?25h[?2026l[?2026h[?25l[A[1Gpulling manifest [K
pulling 1849ef83c4dd:  69% ▕████████████      ▏ 3.5 GB/5.1 GB   12 MB/s   2m11s[K[?25h[?2026l[?2026h[?25l[A[1Gpulling manifest [K
pulling 1849ef83c4dd:  69% ▕████████████      ▏ 3.5 GB/5.1 GB   12 MB/s   2m10s[K[?25h[?2026l[?2026h[?25l[A[1Gpulling manifest [K
pulling 1849ef83c4dd:  69% ▕████████████      ▏ 3.5 GB/5.1 GB   12 MB/s   2m10s[K[?25h[?2026l[?2026h[?25l[A[1Gpulling manifest [K
pulling 1849ef83c4dd:  69% ▕████████████      ▏ 3.5 GB/5.1 GB   12 MB/s   2m10s[K[?25h[?2026l[?2026h[?25l[A[1Gpulling manifest [K
pulling 1849ef83c4dd:  69% ▕████████████      ▏ 3.5 GB/5.1 GB   12 MB/s   2m10s[K[?25h[?2026l[?2026h[?25l[A[1Gpulling manifest [K
pulling 1849ef83c4dd:  69% ▕████████████      ▏ 3.5 GB/5.1 GB   12 MB/s   2m10s[K[?25h[?2026l[?2026h[?25l[A[1Gpulling manifest [K
pulling 1849ef83c4dd:  69% ▕████████████      ▏ 3.5 GB/5.1 GB   12 MB/s   2m10s[K[?25h[?2026l[?2026h[?25l[A[1Gpulling manifest [K
pulling 1849ef83c4dd:  69% ▕████████████      ▏ 3.5 GB/5.1 GB   12 MB/s   2m11s[K[?25h[?2026l[?2026h[?25l[A[1Gpulling manifest [K
pulling 1849ef83c4dd:  69% ▕████████████      ▏ 3.5 GB/5.1 GB   12 MB/s   2m11s[K[?25h[?2026l[?2026h[?25l[A[1Gpulling manifest [K
pulling 1849ef83c4dd:  69% ▕████████████      ▏ 3.5 GB/5.1 GB   12 MB/s   2m11s[K[?25h[?2026l[?2026h[?25l[A[1Gpulling manifest [K
pulling 1849ef83c4dd:  69% ▕████████████      ▏ 3.5 GB/5.1 GB   12 MB/s   2m11s[K[?25h[?2026l[?2026h[?25l[A[1Gpulling manifest [K
pulling 1849ef83c4dd:  69% ▕████████████      ▏ 3.5 GB/5.1 GB   12 MB/s   2m11s[K[?25h[?2026l[?2026h[?25l[A[1Gpulling manifest [K
pulling 1849ef83c4dd:  69% ▕████████████      ▏ 3.5 GB/5.1 GB   12 MB/s   2m10s[K[?25h[?2026l[?2026h[?25l[A[1Gpulling manifest [K
pulling 1849ef83c4dd:  69% ▕████████████      ▏ 3.6 GB/5.1 GB   12 MB/s   2m10s[K[?25h[?2026l[?2026h[?25l[A[1Gpulling manifest [K
pulling 1849ef83c4dd:  69% ▕████████████      ▏ 3.6 GB/5.1 GB   12 MB/s   2m10s[K[?25h[?2026l[?2026h[?25l[A[1Gpulling manifest [K
pulling 1849ef83c4dd:  69% ▕████████████      ▏ 3.6 GB/5.1 GB   12 MB/s   2m10s[K[?25h[?2026l[?2026h[?25l[A[1Gpulling manifest [K
pulling 1849ef83c4dd:  69% ▕████████████      ▏ 3.6 GB/5.1 GB   12 MB/s   2m10s[K[?25h[?2026l[?2026h[?25l[A[1Gpulling manifest [K
pulling 1849ef83c4dd:  69% ▕████████████      ▏ 3.6 GB/5.1 GB   12 MB/s   2m10s[K[?25h[?2026l[?2026h[?25l[A[1Gpulling manifest [K
pulling 1849ef83c4dd:  69% ▕████████████      ▏ 3.6 GB/5.1 GB   12 MB/s   2m10s[K[?25h[?2026l[?2026h[?25l[A[1Gpulling manifest [K
pulling 1849ef83c4dd:  69% ▕████████████      ▏ 3.6 GB/5.1 GB   12 MB/s   2m10s[K[?25h[?2026l[?2026h[?25l[A[1Gpulling manifest [K
pulling 1849ef83c4dd:  69% ▕████████████      ▏ 3.6 GB/5.1 GB   12 MB/s   2m10s[K[?25h[?2026l[?2026h[?25l[A[1Gpulling manifest [K
pulling 1849ef83c4dd:  69% ▕████████████      ▏ 3.6 GB/5.1 GB   12 MB/s    2m9s[K[?25h[?2026l[?2026h[?25l[A[1Gpulling manifest [K
pulling 1849ef83c4dd:  69% ▕████████████      ▏ 3.6 GB/5.1 GB   12 MB/s    2m9s[K[?25h[?2026l[?2026h[?25l[A[1Gpulling manifest [K
pulling 1849ef83c4dd:  69% ▕████████████      ▏ 3.6 GB/5.1 GB   12 MB/s    2m9s[K[?25h[?2026l[?2026h[?25l[A[1Gpulling manifest [K
pulling 1849ef83c4dd:  69% ▕████████████      ▏ 3.6 GB/5.1 GB   12 MB/s    2m9s[K[?25h[?2026l[?2026h[?25l[A[1Gpulling manifest [K
pulling 1849ef83c4dd:  69% ▕████████████      ▏ 3.6 GB/5.1 GB   12 MB/s    2m9s[K[?25h[?2026l[?2026h[?25l[A[1Gpulling manifest [K
pulling 1849ef83c4dd:  69% ▕████████████      ▏ 3.6 GB/5.1 GB   12 MB/s    2m9s[K[?25h[?2026l[?2026h[?25l[A[1Gpulling manifest [K
pulling 1849ef83c4dd:  69% ▕████████████      ▏ 3.6 GB/5.1 GB   11 MB/s   2m10s[K[?25h[?2026l[?2026h[?25l[A[1Gpulling manifest [K
pulling 1849ef83c4dd:  70% ▕████████████      ▏ 3.6 GB/5.1 GB   11 MB/s   2m10s[K[?25h[?2026l[?2026h[?25l[A[1Gpulling manifest [K
pulling 1849ef83c4dd:  70% ▕████████████      ▏ 3.6 GB/5.1 GB   11 MB/s   2m10s[K[?25h[?2026l[?2026h[?25l[A[1Gpulling manifest [K
pulling 1849ef83c4dd:  70% ▕████████████      ▏ 3.6 GB/5.1 GB   11 MB/s   2m10s[K[?25h[?2026l[?2026h[?25l[A[1Gpulling manifest [K
pulling 1849ef83c4dd:  70% ▕████████████      ▏ 3.6 GB/5.1 GB   11 MB/s   2m10s[K[?25h[?2026l[?2026h[?25l[A[1Gpulling manifest [K
pulling 1849ef83c4dd:  70% ▕████████████      ▏ 3.6 GB/5.1 GB   11 MB/s   2m10s[K[?25h[?2026l[?2026h[?25l[A[1Gpulling manifest [K
pulling 1849ef83c4dd:  70% ▕████████████      ▏ 3.6 GB/5.1 GB   11 MB/s   2m10s[K[?25h[?2026l[?2026h[?25l[A[1Gpulling manifest [K
pulling 1849ef83c4dd:  70% ▕████████████      ▏ 3.6 GB/5.1 GB   11 MB/s   2m10s[K[?25h[?2026l[?2026h[?25l[A[1Gpulling manifest [K
pulling 1849ef83c4dd:  70% ▕████████████      ▏ 3.6 GB/5.1 GB   11 MB/s   2m10s[K[?25h[?2026l[?2026h[?25l[A[1Gpulling manifest [K
pulling 1849ef83c4dd:  70% ▕████████████      ▏ 3.6 GB/5.1 GB   11 MB/s   2m10s[K[?25h[?2026l[?2026h[?25l[A[1Gpulling manifest [K
pulling 1849ef83c4dd:  70% ▕████████████      ▏ 3.6 GB/5.1 GB   11 MB/s   2m10s[K[?25h[?2026l[?2026h[?25l[A[1Gpulling manifest [K
pulling 1849ef83c4dd:  70% ▕████████████      ▏ 3.6 GB/5.1 GB   11 MB/s   2m10s[K[?25h[?2026l[?2026h[?25l[A[1Gpulling manifest [K
pulling 1849ef83c4dd:  70% ▕████████████      ▏ 3.6 GB/5.1 GB   11 MB/s   2m10s[K[?25h[?2026l[?2026h[?25l[A[1Gpulling manifest [K
pulling 1849ef83c4dd:  70% ▕████████████      ▏ 3.6 GB/5.1 GB   11 MB/s   2m10s[K[?25h[?2026l[?2026h[?25l[A[1Gpulling manifest [K
pulling 1849ef83c4dd:  70% ▕████████████      ▏ 3.6 GB/5.1 GB   11 MB/s   2m10s[K[?25h[?2026l[?2026h[?25l[A[1Gpulling manifest [K
pulling 1849ef83c4dd:  70% ▕████████████      ▏ 3.6 GB/5.1 GB   11 MB/s   2m10s[K[?25h[?2026l[?2026h[?25l[A[1Gpulling manifest [K
pulling 1849ef83c4dd:  70% ▕████████████      ▏ 3.6 GB/5.1 GB   11 MB/s    2m9s[K[?25h[?2026l[?2026h[?25l[A[1Gpulling manifest [K
pulling 1849ef83c4dd:  70% ▕████████████      ▏ 3.6 GB/5.1 GB   11 MB/s    2m9s[K[?25h[?2026l[?2026h[?25l[A[1Gpulling manifest [K
pulling 1849ef83c4dd:  70% ▕████████████      ▏ 3.6 GB/5.1 GB   11 MB/s    2m9s[K[?25h[?2026l[?2026h[?25l[A[1Gpulling manifest [K
pulling 1849ef83c4dd:  70% ▕████████████      ▏ 3.6 GB/5.1 GB   11 MB/s    2m9s[K[?25h[?2026l[?2026h[?25l[A[1Gpulling manifest [K
pulling 1849ef83c4dd:  70% ▕████████████      ▏ 3.6 GB/5.1 GB   11 MB/s    2m9s[K[?25h[?2026l[?2026h[?25l[A[1Gpulling manifest [K
pulling 1849ef83c4dd:  70% ▕████████████      ▏ 3.6 GB/5.1 GB   11 MB/s    2m9s[K[?25h[?2026l[?2026h[?25l[A[1Gpulling manifest [K
pulling 1849ef83c4dd:  70% ▕████████████      ▏ 3.6 GB/5.1 GB   11 MB/s    2m9s[K[?25h[?2026l[?2026h[?25l[A[1Gpulling manifest [K
pulling 1849ef83c4dd:  70% ▕████████████      ▏ 3.6 GB/5.1 GB   11 MB/s    2m9s[K[?25h[?2026l[?2026h[?25l[A[1Gpulling manifest [K
pulling 1849ef83c4dd:  70% ▕████████████      ▏ 3.6 GB/5.1 GB   11 MB/s    2m9s[K[?25h[?2026l[?2026h[?25l[A[1Gpulling manifest [K
pulling 1849ef83c4dd:  70% ▕████████████      ▏ 3.6 GB/5.1 GB   11 MB/s    2m9s[K[?25h[?2026l[?2026h[?25l[A[1Gpulling manifest [K
pulling 1849ef83c4dd:  70% ▕████████████      ▏ 3.6 GB/5.1 GB   11 MB/s    2m9s[K[?25h[?2026l[?2026h[?25l[A[1Gpulling manifest [K
pulling 1849ef83c4dd:  70% ▕████████████      ▏ 3.6 GB/5.1 GB   11 MB/s    2m9s[K[?25h[?2026l[?2026h[?25l[A[1Gpulling manifest [K
pulling 1849ef83c4dd:  70% ▕████████████      ▏ 3.6 GB/5.1 GB   11 MB/s    2m9s[K[?25h[?2026l[?2026h[?25l[A[1Gpulling manifest [K
pulling 1849ef83c4dd:  70% ▕████████████      ▏ 3.6 GB/5.1 GB   11 MB/s    2m9s[K[?25h[?2026l[?2026h[?25l[A[1Gpulling manifest [K
pulling 1849ef83c4dd:  70% ▕████████████      ▏ 3.6 GB/5.1 GB   11 MB/s    2m9s[K[?25h[?2026l[?2026h[?25l[A[1Gpulling manifest [K
pulling 1849ef83c4dd:  70% ▕████████████      ▏ 3.6 GB/5.1 GB   11 MB/s   2m11s[K[?25h[?2026l[?2026h[?25l[A[1Gpulling manifest [K
pulling 1849ef83c4dd:  70% ▕████████████      ▏ 3.6 GB/5.1 GB   11 MB/s   2m11s[K[?25h[?2026l[?2026h[?25l[A[1Gpulling manifest [K
pulling 1849ef83c4dd:  70% ▕████████████      ▏ 3.6 GB/5.1 GB   11 MB/s   2m11s[K[?25h[?2026l[?2026h[?25l[A[1Gpulling manifest [K
pulling 1849ef83c4dd:  70% ▕████████████      ▏ 3.6 GB/5.1 GB   11 MB/s   2m11s[K[?25h[?2026l[?2026h[?25l[A[1Gpulling manifest [K
pulling 1849ef83c4dd:  70% ▕████████████      ▏ 3.6 GB/5.1 GB   11 MB/s   2m10s[K[?25h[?2026l[?2026h[?25l[A[1Gpulling manifest [K
pulling 1849ef83c4dd:  70% ▕████████████      ▏ 3.6 GB/5.1 GB   11 MB/s   2m10s[K[?25h[?2026l[?2026h[?25l[A[1Gpulling manifest [K
pulling 1849ef83c4dd:  70% ▕████████████      ▏ 3.6 GB/5.1 GB   11 MB/s   2m10s[K[?25h[?2026l[?2026h[?25l[A[1Gpulling manifest [K
pulling 1849ef83c4dd:  70% ▕████████████      ▏ 3.6 GB/5.1 GB   11 MB/s   2m10s[K[?25h[?2026l[?2026h[?25l[A[1Gpulling manifest [K
pulling 1849ef83c4dd:  70% ▕████████████      ▏ 3.6 GB/5.1 GB   11 MB/s   2m10s[K[?25h[?2026l[?2026h[?25l[A[1Gpulling manifest [K
pulling 1849ef83c4dd:  70% ▕████████████      ▏ 3.6 GB/5.1 GB   11 MB/s   2m10s[K[?25h[?2026l[?2026h[?25l[A[1Gpulling manifest [K
pulling 1849ef83c4dd:  70% ▕████████████      ▏ 3.6 GB/5.1 GB   11 MB/s   2m11s[K[?25h[?2026l[?2026h[?25l[A[1Gpulling manifest [K
pulling 1849ef83c4dd:  70% ▕████████████      ▏ 3.6 GB/5.1 GB   11 MB/s   2m10s[K[?25h[?2026l[?2026h[?25l[A[1Gpulling manifest [K
pulling 1849ef83c4dd:  70% ▕████████████      ▏ 3.6 GB/5.1 GB   11 MB/s   2m10s[K[?25h[?2026l[?2026h[?25l[A[1Gpulling manifest [K
pulling 1849ef83c4dd:  70% ▕████████████      ▏ 3.6 GB/5.1 GB   11 MB/s   2m10s[K[?25h[?2026l[?2026h[?25l[A[1Gpulling manifest [K
pulling 1849ef83c4dd:  70% ▕████████████      ▏ 3.6 GB/5.1 GB   11 MB/s   2m10s[K[?25h[?2026l[?2026h[?25l[A[1Gpulling manifest [K
pulling 1849ef83c4dd:  71% ▕████████████      ▏ 3.6 GB/5.1 GB   11 MB/s   2m10s[K[?25h[?2026l[?2026h[?25l[A[1Gpulling manifest [K
pulling 1849ef83c4dd:  71% ▕████████████      ▏ 3.6 GB/5.1 GB   11 MB/s   2m10s[K[?25h[?2026l[?2026h[?25l[A[1Gpulling manifest [K
pulling 1849ef83c4dd:  71% ▕████████████      ▏ 3.6 GB/5.1 GB   11 MB/s   2m10s[K[?25h[?2026l[?2026h[?25l[A[1Gpulling manifest [K
pulling 1849ef83c4dd:  71% ▕████████████      ▏ 3.6 GB/5.1 GB   11 MB/s   2m10s[K[?25h[?2026l[?2026h[?25l[A[1Gpulling manifest [K
pulling 1849ef83c4dd:  71% ▕████████████      ▏ 3.6 GB/5.1 GB   11 MB/s   2m10s[K[?25h[?2026l[?2026h[?25l[A[1Gpulling manifest [K
pulling 1849ef83c4dd:  71% ▕████████████      ▏ 3.6 GB/5.1 GB   11 MB/s   2m10s[K[?25h[?2026l[?2026h[?25l[A[1Gpulling manifest [K
pulling 1849ef83c4dd:  71% ▕████████████      ▏ 3.6 GB/5.1 GB   11 MB/s   2m10s[K[?25h[?2026l[?2026h[?25l[A[1Gpulling manifest [K
pulling 1849ef83c4dd:  71% ▕████████████      ▏ 3.6 GB/5.1 GB   11 MB/s   2m10s[K[?25h[?2026l[?2026h[?25l[A[1Gpulling manifest [K
pulling 1849ef83c4dd:  71% ▕████████████      ▏ 3.6 GB/5.1 GB   11 MB/s   2m10s[K[?25h[?2026l[?2026h[?25l[A[1Gpulling manifest [K
pulling 1849ef83c4dd:  71% ▕████████████      ▏ 3.6 GB/5.1 GB   11 MB/s   2m10s[K[?25h[?2026l[?2026h[?25l[A[1Gpulling manifest [K
pulling 1849ef83c4dd:  71% ▕████████████      ▏ 3.6 GB/5.1 GB   11 MB/s   2m10s[K[?25h[?2026l[?2026h[?25l[A[1Gpulling manifest [K
pulling 1849ef83c4dd:  71% ▕████████████      ▏ 3.6 GB/5.1 GB   11 MB/s   2m10s[K[?25h[?2026l[?2026h[?25l[A[1Gpulling manifest [K
pulling 1849ef83c4dd:  71% ▕████████████      ▏ 3.6 GB/5.1 GB   11 MB/s    2m9s[K[?25h[?2026l[?2026h[?25l[A[1Gpulling manifest [K
pulling 1849ef83c4dd:  71% ▕████████████      ▏ 3.6 GB/5.1 GB   11 MB/s    2m9s[K[?25h[?2026l[?2026h[?25l[A[1Gpulling manifest [K
pulling 1849ef83c4dd:  71% ▕████████████      ▏ 3.6 GB/5.1 GB   11 MB/s    2m9s[K[?25h[?2026l[?2026h[?25l[A[1Gpulling manifest [K
pulling 1849ef83c4dd:  71% ▕████████████      ▏ 3.6 GB/5.1 GB   11 MB/s   2m11s[K[?25h[?2026l[?2026h[?25l[A[1Gpulling manifest [K
pulling 1849ef83c4dd:  71% ▕████████████      ▏ 3.6 GB/5.1 GB   11 MB/s   2m11s[K[?25h[?2026l[?2026h[?25l[A[1Gpulling manifest [K
pulling 1849ef83c4dd:  71% ▕████████████      ▏ 3.6 GB/5.1 GB   11 MB/s   2m11s[K[?25h[?2026l[?2026h[?25l[A[1Gpulling manifest [K
pulling 1849ef83c4dd:  71% ▕████████████      ▏ 3.6 GB/5.1 GB   11 MB/s   2m11s[K[?25h[?2026l[?2026h[?25l[A[1Gpulling manifest [K
pulling 1849ef83c4dd:  71% ▕████████████      ▏ 3.6 GB/5.1 GB   11 MB/s   2m10s[K[?25h[?2026l[?2026h[?25l[A[1Gpulling manifest [K
pulling 1849ef83c4dd:  71% ▕████████████      ▏ 3.6 GB/5.1 GB   11 MB/s   2m10s[K[?25h[?2026l[?2026h[?25l[A[1Gpulling manifest [K
pulling 1849ef83c4dd:  71% ▕████████████      ▏ 3.6 GB/5.1 GB   11 MB/s   2m10s[K[?25h[?2026l[?2026h[?25l[A[1Gpulling manifest [K
pulling 1849ef83c4dd:  71% ▕████████████      ▏ 3.6 GB/5.1 GB   11 MB/s   2m10s[K[?25h[?2026l[?2026h[?25l[A[1Gpulling manifest [K
pulling 1849ef83c4dd:  71% ▕████████████      ▏ 3.6 GB/5.1 GB   11 MB/s   2m10s[K[?25h[?2026l[?2026h[?25l[A[1Gpulling manifest [K
pulling 1849ef83c4dd:  71% ▕████████████      ▏ 3.6 GB/5.1 GB   11 MB/s   2m10s[K[?25h[?2026l[?2026h[?25l[A[1Gpulling manifest [K
pulling 1849ef83c4dd:  71% ▕████████████      ▏ 3.6 GB/5.1 GB   11 MB/s   2m10s[K[?25h[?2026l[?2026h[?25l[A[1Gpulling manifest [K
pulling 1849ef83c4dd:  71% ▕████████████      ▏ 3.6 GB/5.1 GB   11 MB/s   2m11s[K[?25h[?2026l[?2026h[?25l[A[1Gpulling manifest [K
pulling 1849ef83c4dd:  71% ▕████████████      ▏ 3.6 GB/5.1 GB   11 MB/s   2m11s[K[?25h[?2026l[?2026h[?25l[A[1Gpulling manifest [K
pulling 1849ef83c4dd:  71% ▕████████████      ▏ 3.6 GB/5.1 GB   11 MB/s   2m11s[K[?25h[?2026l[?2026h[?25l[A[1Gpulling manifest [K
pulling 1849ef83c4dd:  71% ▕████████████      ▏ 3.6 GB/5.1 GB   11 MB/s   2m11s[K[?25h[?2026l[?2026h[?25l[A[1Gpulling manifest [K
pulling 1849ef83c4dd:  71% ▕████████████      ▏ 3.6 GB/5.1 GB   11 MB/s   2m11s[K[?25h[?2026l[?2026h[?25l[A[1Gpulling manifest [K
pulling 1849ef83c4dd:  71% ▕████████████      ▏ 3.6 GB/5.1 GB   11 MB/s   2m11s[K[?25h[?2026l[?2026h[?25l[A[1Gpulling manifest [K
pulling 1849ef83c4dd:  71% ▕████████████      ▏ 3.7 GB/5.1 GB   11 MB/s   2m11s[K[?25h[?2026l[?2026h[?25l[A[1Gpulling manifest [K
pulling 1849ef83c4dd:  71% ▕████████████      ▏ 3.7 GB/5.1 GB   11 MB/s   2m11s[K[?25h[?2026l[?2026h[?25l[A[1Gpulling manifest [K
pulling 1849ef83c4dd:  71% ▕████████████      ▏ 3.7 GB/5.1 GB   11 MB/s   2m11s[K[?25h[?2026l[?2026h[?25l[A[1Gpulling manifest [K
pulling 1849ef83c4dd:  71% ▕████████████      ▏ 3.7 GB/5.1 GB   11 MB/s   2m11s[K[?25h[?2026l[?2026h[?25l[A[1Gpulling manifest [K
pulling 1849ef83c4dd:  71% ▕████████████      ▏ 3.7 GB/5.1 GB   10 MB/s   2m14s[K[?25h[?2026l[?2026h[?25l[A[1Gpulling manifest [K
pulling 1849ef83c4dd:  71% ▕████████████      ▏ 3.7 GB/5.1 GB   10 MB/s   2m14s[K[?25h[?2026l[?2026h[?25l[A[1Gpulling manifest [K
pulling 1849ef83c4dd:  71% ▕████████████      ▏ 3.7 GB/5.1 GB   10 MB/s   2m14s[K[?25h[?2026l[?2026h[?25l[A[1Gpulling manifest [K
pulling 1849ef83c4dd:  71% ▕████████████      ▏ 3.7 GB/5.1 GB   10 MB/s   2m14s[K[?25h[?2026l[?2026h[?25l[A[1Gpulling manifest [K
pulling 1849ef83c4dd:  71% ▕████████████      ▏ 3.7 GB/5.1 GB   10 MB/s   2m14s[K[?25h[?2026l[?2026h[?25l[A[1Gpulling manifest [K
pulling 1849ef83c4dd:  71% ▕████████████      ▏ 3.7 GB/5.1 GB   10 MB/s   2m14s[K[?25h[?2026l[?2026h[?25l[A[1Gpulling manifest [K
pulling 1849ef83c4dd:  71% ▕████████████      ▏ 3.7 GB/5.1 GB   10 MB/s   2m13s[K[?25h[?2026l[?2026h[?25l[A[1Gpulling manifest [K
pulling 1849ef83c4dd:  71% ▕████████████      ▏ 3.7 GB/5.1 GB   10 MB/s   2m13s[K[?25h[?2026l[?2026h[?25l[A[1Gpulling manifest [K
pulling 1849ef83c4dd:  71% ▕████████████      ▏ 3.7 GB/5.1 GB   10 MB/s   2m13s[K[?25h[?2026l[?2026h[?25l[A[1Gpulling manifest [K
pulling 1849ef83c4dd:  71% ▕████████████      ▏ 3.7 GB/5.1 GB   10 MB/s   2m13s[K[?25h[?2026l[?2026h[?25l[A[1Gpulling manifest [K
pulling 1849ef83c4dd:  71% ▕████████████      ▏ 3.7 GB/5.1 GB   10 MB/s   2m14s[K[?25h[?2026l[?2026h[?25l[A[1Gpulling manifest [K
pulling 1849ef83c4dd:  71% ▕████████████      ▏ 3.7 GB/5.1 GB   10 MB/s   2m14s[K[?25h[?2026l[?2026h[?25l[A[1Gpulling manifest [K
pulling 1849ef83c4dd:  71% ▕████████████      ▏ 3.7 GB/5.1 GB   10 MB/s   2m14s[K[?25h[?2026l[?2026h[?25l[A[1Gpulling manifest [K
pulling 1849ef83c4dd:  71% ▕████████████      ▏ 3.7 GB/5.1 GB   10 MB/s   2m14s[K[?25h[?2026l[?2026h[?25l[A[1Gpulling manifest [K
pulling 1849ef83c4dd:  72% ▕████████████      ▏ 3.7 GB/5.1 GB   10 MB/s   2m14s[K[?25h[?2026l[?2026h[?25l[A[1Gpulling manifest [K
pulling 1849ef83c4dd:  72% ▕████████████      ▏ 3.7 GB/5.1 GB   10 MB/s   2m14s[K[?25h[?2026l[?2026h[?25l[A[1Gpulling manifest [K
pulling 1849ef83c4dd:  72% ▕████████████      ▏ 3.7 GB/5.1 GB   10 MB/s   2m14s[K[?25h[?2026l[?2026h[?25l[A[1Gpulling manifest [K
pulling 1849ef83c4dd:  72% ▕████████████      ▏ 3.7 GB/5.1 GB   10 MB/s   2m14s[K[?25h[?2026l[?2026h[?25l[A[1Gpulling manifest [K
pulling 1849ef83c4dd:  72% ▕████████████      ▏ 3.7 GB/5.1 GB   10 MB/s   2m13s[K[?25h[?2026l[?2026h[?25l[A[1Gpulling manifest [K
pulling 1849ef83c4dd:  72% ▕████████████      ▏ 3.7 GB/5.1 GB   10 MB/s   2m13s[K[?25h[?2026l[?2026h[?25l[A[1Gpulling manifest [K
pulling 1849ef83c4dd:  72% ▕████████████      ▏ 3.7 GB/5.1 GB   10 MB/s   2m14s[K[?25h[?2026l[?2026h[?25l[A[1Gpulling manifest [K
pulling 1849ef83c4dd:  72% ▕████████████      ▏ 3.7 GB/5.1 GB   10 MB/s   2m14s[K[?25h[?2026l[?2026h[?25l[A[1Gpulling manifest [K
pulling 1849ef83c4dd:  72% ▕████████████      ▏ 3.7 GB/5.1 GB   10 MB/s   2m14s[K[?25h[?2026l[?2026h[?25l[A[1Gpulling manifest [K
pulling 1849ef83c4dd:  72% ▕████████████      ▏ 3.7 GB/5.1 GB   10 MB/s   2m14s[K[?25h[?2026l[?2026h[?25l[A[1Gpulling manifest [K
pulling 1849ef83c4dd:  72% ▕████████████      ▏ 3.7 GB/5.1 GB   10 MB/s   2m13s[K[?25h[?2026l[?2026h[?25l[A[1Gpulling manifest [K
pulling 1849ef83c4dd:  72% ▕████████████      ▏ 3.7 GB/5.1 GB   10 MB/s   2m13s[K[?25h[?2026l[?2026h[?25l[A[1Gpulling manifest [K
pulling 1849ef83c4dd:  72% ▕████████████      ▏ 3.7 GB/5.1 GB   10 MB/s   2m13s[K[?25h[?2026l[?2026h[?25l[A[1Gpulling manifest [K
pulling 1849ef83c4dd:  72% ▕████████████      ▏ 3.7 GB/5.1 GB   10 MB/s   2m13s[K[?25h[?2026l[?2026h[?25l[A[1Gpulling manifest [K
pulling 1849ef83c4dd:  72% ▕████████████      ▏ 3.7 GB/5.1 GB   10 MB/s   2m13s[K[?25h[?2026l[?2026h[?25l[A[1Gpulling manifest [K
pulling 1849ef83c4dd:  72% ▕████████████      ▏ 3.7 GB/5.1 GB   10 MB/s   2m13s[K[?25h[?2026l[?2026h[?25l[A[1Gpulling manifest [K
pulling 1849ef83c4dd:  72% ▕████████████      ▏ 3.7 GB/5.1 GB   10 MB/s   2m14s[K[?25h[?2026l[?2026h[?25l[A[1Gpulling manifest [K
pulling 1849ef83c4dd:  72% ▕████████████      ▏ 3.7 GB/5.1 GB   10 MB/s   2m14s[K[?25h[?2026l[?2026h[?25l[A[1Gpulling manifest [K
pulling 1849ef83c4dd:  72% ▕████████████      ▏ 3.7 GB/5.1 GB   10 MB/s   2m13s[K[?25h[?2026l[?2026h[?25l[A[1Gpulling manifest [K
pulling 1849ef83c4dd:  72% ▕████████████      ▏ 3.7 GB/5.1 GB   10 MB/s   2m13s[K[?25h[?2026l[?2026h[?25l[A[1Gpulling manifest [K
pulling 1849ef83c4dd:  72% ▕████████████      ▏ 3.7 GB/5.1 GB   10 MB/s   2m13s[K[?25h[?2026l[?2026h[?25l[A[1Gpulling manifest [K
pulling 1849ef83c4dd:  72% ▕████████████      ▏ 3.7 GB/5.1 GB   10 MB/s   2m13s[K[?25h[?2026l[?2026h[?25l[A[1Gpulling manifest [K
pulling 1849ef83c4dd:  72% ▕████████████      ▏ 3.7 GB/5.1 GB   10 MB/s   2m13s[K[?25h[?2026l[?2026h[?25l[A[1Gpulling manifest [K
pulling 1849ef83c4dd:  72% ▕████████████      ▏ 3.7 GB/5.1 GB   10 MB/s   2m13s[K[?25h[?2026l[?2026h[?25l[A[1Gpulling manifest [K
pulling 1849ef83c4dd:  72% ▕████████████      ▏ 3.7 GB/5.1 GB   10 MB/s   2m13s[K[?25h[?2026l[?2026h[?25l[A[1Gpulling manifest [K
pulling 1849ef83c4dd:  72% ▕████████████      ▏ 3.7 GB/5.1 GB   10 MB/s   2m13s[K[?25h[?2026l[?2026h[?25l[A[1Gpulling manifest [K
pulling 1849ef83c4dd:  72% ▕████████████      ▏ 3.7 GB/5.1 GB   10 MB/s   2m13s[K[?25h[?2026l[?2026h[?25l[A[1Gpulling manifest [K
pulling 1849ef83c4dd:  72% ▕████████████      ▏ 3.7 GB/5.1 GB   10 MB/s   2m11s[K[?25h[?2026l[?2026h[?25l[A[1Gpulling manifest [K
pulling 1849ef83c4dd:  72% ▕████████████      ▏ 3.7 GB/5.1 GB   10 MB/s   2m11s[K[?25h[?2026l[?2026h[?25l[A[1Gpulling manifest [K
pulling 1849ef83c4dd:  72% ▕████████████      ▏ 3.7 GB/5.1 GB   10 MB/s   2m11s[K[?25h[?2026l[?2026h[?25l[A[1Gpulling manifest [K
pulling 1849ef83c4dd:  72% ▕████████████      ▏ 3.7 GB/5.1 GB   10 MB/s   2m11s[K[?25h[?2026l[?2026h[?25l[A[1Gpulling manifest [K
pulling 1849ef83c4dd:  72% ▕████████████      ▏ 3.7 GB/5.1 GB   10 MB/s   2m11s[K[?25h[?2026l[?2026h[?25l[A[1Gpulling manifest [K
pulling 1849ef83c4dd:  72% ▕████████████      ▏ 3.7 GB/5.1 GB   10 MB/s   2m11s[K[?25h[?2026l[?2026h[?25l[A[1Gpulling manifest [K
pulling 1849ef83c4dd:  72% ▕████████████      ▏ 3.7 GB/5.1 GB   10 MB/s   2m11s[K[?25h[?2026l[?2026h[?25l[A[1Gpulling manifest [K
pulling 1849ef83c4dd:  72% ▕█████████████     ▏ 3.7 GB/5.1 GB   10 MB/s   2m11s[K[?25h[?2026l[?2026h[?25l[A[1Gpulling manifest [K
pulling 1849ef83c4dd:  72% ▕█████████████     ▏ 3.7 GB/5.1 GB   10 MB/s   2m11s[K[?25h[?2026l[?2026h[?25l[A[1Gpulling manifest [K
pulling 1849ef83c4dd:  72% ▕█████████████     ▏ 3.7 GB/5.1 GB   10 MB/s   2m10s[K[?25h[?2026l[?2026h[?25l[A[1Gpulling manifest [K
pulling 1849ef83c4dd:  72% ▕█████████████     ▏ 3.7 GB/5.1 GB   10 MB/s    2m9s[K[?25h[?2026l[?2026h[?25l[A[1Gpulling manifest [K
pulling 1849ef83c4dd:  72% ▕█████████████     ▏ 3.7 GB/5.1 GB   10 MB/s    2m9s[K[?25h[?2026l[?2026h[?25l[A[1Gpulling manifest [K
pulling 1849ef83c4dd:  72% ▕█████████████     ▏ 3.7 GB/5.1 GB   10 MB/s    2m9s[K[?25h[?2026l[?2026h[?25l[A[1Gpulling manifest [K
pulling 1849ef83c4dd:  72% ▕█████████████     ▏ 3.7 GB/5.1 GB   10 MB/s    2m9s[K[?25h[?2026l[?2026h[?25l[A[1Gpulling manifest [K
pulling 1849ef83c4dd:  72% ▕█████████████     ▏ 3.7 GB/5.1 GB   10 MB/s    2m9s[K[?25h[?2026l[?2026h[?25l[A[1Gpulling manifest [K
pulling 1849ef83c4dd:  72% ▕█████████████     ▏ 3.7 GB/5.1 GB   10 MB/s    2m9s[K[?25h[?2026l[?2026h[?25l[A[1Gpulling manifest [K
pulling 1849ef83c4dd:  72% ▕█████████████     ▏ 3.7 GB/5.1 GB   10 MB/s    2m9s[K[?25h[?2026l[?2026h[?25l[A[1Gpulling manifest [K
pulling 1849ef83c4dd:  72% ▕█████████████     ▏ 3.7 GB/5.1 GB   10 MB/s    2m8s[K[?25h[?2026l[?2026h[?25l[A[1Gpulling manifest [K
pulling 1849ef83c4dd:  72% ▕█████████████     ▏ 3.7 GB/5.1 GB   10 MB/s    2m8s[K[?25h[?2026l[?2026h[?25l[A[1Gpulling manifest [K
pulling 1849ef83c4dd:  73% ▕█████████████     ▏ 3.7 GB/5.1 GB   10 MB/s    2m8s[K[?25h[?2026l[?2026h[?25l[A[1Gpulling manifest [K
pulling 1849ef83c4dd:  73% ▕█████████████     ▏ 3.7 GB/5.1 GB   10 MB/s    2m8s[K[?25h[?2026l[?2026h[?25l[A[1Gpulling manifest [K
pulling 1849ef83c4dd:  73% ▕█████████████     ▏ 3.7 GB/5.1 GB   10 MB/s    2m8s[K[?25h[?2026l[?2026h[?25l[A[1Gpulling manifest [K
pulling 1849ef83c4dd:  73% ▕█████████████     ▏ 3.7 GB/5.1 GB   10 MB/s    2m8s[K[?25h[?2026l[?2026h[?25l[A[1Gpulling manifest [K
pulling 1849ef83c4dd:  73% ▕█████████████     ▏ 3.7 GB/5.1 GB   10 MB/s    2m8s[K[?25h[?2026l[?2026h[?25l[A[1Gpulling manifest [K
pulling 1849ef83c4dd:  73% ▕█████████████     ▏ 3.7 GB/5.1 GB   10 MB/s    2m7s[K[?25h[?2026l[?2026h[?25l[A[1Gpulling manifest [K
pulling 1849ef83c4dd:  73% ▕█████████████     ▏ 3.7 GB/5.1 GB   10 MB/s    2m7s[K[?25h[?2026l[?2026h[?25l[A[1Gpulling manifest [K
pulling 1849ef83c4dd:  73% ▕█████████████     ▏ 3.7 GB/5.1 GB   10 MB/s    2m7s[K[?25h[?2026l[?2026h[?25l[A[1Gpulling manifest [K
pulling 1849ef83c4dd:  73% ▕█████████████     ▏ 3.7 GB/5.1 GB   10 MB/s    2m7s[K[?25h[?2026l[?2026h[?25l[A[1Gpulling manifest [K
pulling 1849ef83c4dd:  73% ▕█████████████     ▏ 3.7 GB/5.1 GB   10 MB/s    2m7s[K[?25h[?2026l[?2026h[?25l[A[1Gpulling manifest [K
pulling 1849ef83c4dd:  73% ▕█████████████     ▏ 3.7 GB/5.1 GB   10 MB/s    2m7s[K[?25h[?2026l[?2026h[?25l[A[1Gpulling manifest [K
pulling 1849ef83c4dd:  73% ▕█████████████     ▏ 3.7 GB/5.1 GB   10 MB/s    2m7s[K[?25h[?2026l[?2026h[?25l[A[1Gpulling manifest [K
pulling 1849ef83c4dd:  73% ▕█████████████     ▏ 3.7 GB/5.1 GB   10 MB/s    2m7s[K[?25h[?2026l[?2026h[?25l[A[1Gpulling manifest [K
pulling 1849ef83c4dd:  73% ▕█████████████     ▏ 3.7 GB/5.1 GB   10 MB/s    2m7s[K[?25h[?2026l[?2026h[?25l[A[1Gpulling manifest [K
pulling 1849ef83c4dd:  73% ▕█████████████     ▏ 3.7 GB/5.1 GB   10 MB/s    2m7s[K[?25h[?2026l[?2026h[?25l[A[1Gpulling manifest [K
pulling 1849ef83c4dd:  73% ▕█████████████     ▏ 3.7 GB/5.1 GB   10 MB/s    2m7s[K[?25h[?2026l[?2026h[?25l[A[1Gpulling manifest [K
pulling 1849ef83c4dd:  73% ▕█████████████     ▏ 3.7 GB/5.1 GB   10 MB/s    2m6s[K[?25h[?2026l[?2026h[?25l[A[1Gpulling manifest [K
pulling 1849ef83c4dd:  73% ▕█████████████     ▏ 3.7 GB/5.1 GB   10 MB/s    2m6s[K[?25h[?2026l[?2026h[?25l[A[1Gpulling manifest [K
pulling 1849ef83c4dd:  73% ▕█████████████     ▏ 3.7 GB/5.1 GB   10 MB/s    2m6s[K[?25h[?2026l[?2026h[?25l[A[1Gpulling manifest [K
pulling 1849ef83c4dd:  73% ▕█████████████     ▏ 3.7 GB/5.1 GB   10 MB/s    2m6s[K[?25h[?2026l[?2026h[?25l[A[1Gpulling manifest [K
pulling 1849ef83c4dd:  73% ▕█████████████     ▏ 3.7 GB/5.1 GB   10 MB/s    2m6s[K[?25h[?2026l[?2026h[?25l[A[1Gpulling manifest [K
pulling 1849ef83c4dd:  73% ▕█████████████     ▏ 3.7 GB/5.1 GB   10 MB/s    2m6s[K[?25h[?2026l[?2026h[?25l[A[1Gpulling manifest [K
pulling 1849ef83c4dd:  73% ▕█████████████     ▏ 3.7 GB/5.1 GB   10 MB/s    2m6s[K[?25h[?2026l[?2026h[?25l[A[1Gpulling manifest [K
pulling 1849ef83c4dd:  73% ▕█████████████     ▏ 3.7 GB/5.1 GB   10 MB/s    2m6s[K[?25h[?2026l[?2026h[?25l[A[1Gpulling manifest [K
pulling 1849ef83c4dd:  73% ▕█████████████     ▏ 3.7 GB/5.1 GB   10 MB/s    2m6s[K[?25h[?2026l[?2026h[?25l[A[1Gpulling manifest [K
pulling 1849ef83c4dd:  73% ▕█████████████     ▏ 3.7 GB/5.1 GB   10 MB/s    2m6s[K[?25h[?2026l[?2026h[?25l[A[1Gpulling manifest [K
pulling 1849ef83c4dd:  73% ▕█████████████     ▏ 3.7 GB/5.1 GB   10 MB/s    2m5s[K[?25h[?2026l[?2026h[?25l[A[1Gpulling manifest [K
pulling 1849ef83c4dd:  73% ▕█████████████     ▏ 3.8 GB/5.1 GB   10 MB/s    2m5s[K[?25h[?2026l[?2026h[?25l[A[1Gpulling manifest [K
pulling 1849ef83c4dd:  73% ▕█████████████     ▏ 3.8 GB/5.1 GB   10 MB/s    2m5s[K[?25h[?2026l[?2026h[?25l[A[1Gpulling manifest [K
pulling 1849ef83c4dd:  73% ▕█████████████     ▏ 3.8 GB/5.1 GB   10 MB/s    2m5s[K[?25h[?2026l[?2026h[?25l[A[1Gpulling manifest [K
pulling 1849ef83c4dd:  73% ▕█████████████     ▏ 3.8 GB/5.1 GB   10 MB/s    2m5s[K[?25h[?2026l[?2026h[?25l[A[1Gpulling manifest [K
pulling 1849ef83c4dd:  73% ▕█████████████     ▏ 3.8 GB/5.1 GB   10 MB/s    2m5s[K[?25h[?2026l[?2026h[?25l[A[1Gpulling manifest [K
pulling 1849ef83c4dd:  73% ▕█████████████     ▏ 3.8 GB/5.1 GB   11 MB/s    2m3s[K[?25h[?2026l[?2026h[?25l[A[1Gpulling manifest [K
pulling 1849ef83c4dd:  73% ▕█████████████     ▏ 3.8 GB/5.1 GB   11 MB/s    2m3s[K[?25h[?2026l[?2026h[?25l[A[1Gpulling manifest [K
pulling 1849ef83c4dd:  73% ▕█████████████     ▏ 3.8 GB/5.1 GB   11 MB/s    2m3s[K[?25h[?2026l[?2026h[?25l[A[1Gpulling manifest [K
pulling 1849ef83c4dd:  73% ▕█████████████     ▏ 3.8 GB/5.1 GB   11 MB/s    2m3s[K[?25h[?2026l[?2026h[?25l[A[1Gpulling manifest [K
pulling 1849ef83c4dd:  73% ▕█████████████     ▏ 3.8 GB/5.1 GB   11 MB/s    2m2s[K[?25h[?2026l[?2026h[?25l[A[1Gpulling manifest [K
pulling 1849ef83c4dd:  73% ▕█████████████     ▏ 3.8 GB/5.1 GB   11 MB/s    2m2s[K[?25h[?2026l[?2026h[?25l[A[1Gpulling manifest [K
pulling 1849ef83c4dd:  73% ▕█████████████     ▏ 3.8 GB/5.1 GB   11 MB/s    2m2s[K[?25h[?2026l[?2026h[?25l[A[1Gpulling manifest [K
pulling 1849ef83c4dd:  73% ▕█████████████     ▏ 3.8 GB/5.1 GB   11 MB/s    2m2s[K[?25h[?2026l[?2026h[?25l[A[1Gpulling manifest [K
pulling 1849ef83c4dd:  73% ▕█████████████     ▏ 3.8 GB/5.1 GB   11 MB/s    2m2s[K[?25h[?2026l[?2026h[?25l[A[1Gpulling manifest [K
pulling 1849ef83c4dd:  73% ▕█████████████     ▏ 3.8 GB/5.1 GB   11 MB/s    2m2s[K[?25h[?2026l[?2026h[?25l[A[1Gpulling manifest [K
pulling 1849ef83c4dd:  73% ▕█████████████     ▏ 3.8 GB/5.1 GB   11 MB/s    2m0s[K[?25h[?2026l[?2026h[?25l[A[1Gpulling manifest [K
pulling 1849ef83c4dd:  73% ▕█████████████     ▏ 3.8 GB/5.1 GB   11 MB/s    2m0s[K[?25h[?2026l[?2026h[?25l[A[1Gpulling manifest [K
pulling 1849ef83c4dd:  73% ▕█████████████     ▏ 3.8 GB/5.1 GB   11 MB/s    2m0s[K[?25h[?2026l[?2026h[?25l[A[1Gpulling manifest [K
pulling 1849ef83c4dd:  73% ▕█████████████     ▏ 3.8 GB/5.1 GB   11 MB/s    2m0s[K[?25h[?2026l[?2026h[?25l[A[1Gpulling manifest [K
pulling 1849ef83c4dd:  73% ▕█████████████     ▏ 3.8 GB/5.1 GB   11 MB/s    2m0s[K[?25h[?2026l[?2026h[?25l[A[1Gpulling manifest [K
pulling 1849ef83c4dd:  73% ▕█████████████     ▏ 3.8 GB/5.1 GB   11 MB/s    2m0s[K[?25h[?2026l[?2026h[?25l[A[1Gpulling manifest [K
pulling 1849ef83c4dd:  74% ▕█████████████     ▏ 3.8 GB/5.1 GB   11 MB/s    2m0s[K[?25h[?2026l[?2026h[?25l[A[1Gpulling manifest [K
pulling 1849ef83c4dd:  74% ▕█████████████     ▏ 3.8 GB/5.1 GB   11 MB/s    2m0s[K[?25h[?2026l[?2026h[?25l[A[1Gpulling manifest [K
pulling 1849ef83c4dd:  74% ▕█████████████     ▏ 3.8 GB/5.1 GB   11 MB/s    2m0s[K[?25h[?2026l[?2026h[?25l[A[1Gpulling manifest [K
pulling 1849ef83c4dd:  74% ▕█████████████     ▏ 3.8 GB/5.1 GB   11 MB/s   1m59s[K[?25h[?2026l[?2026h[?25l[A[1Gpulling manifest [K
pulling 1849ef83c4dd:  74% ▕█████████████     ▏ 3.8 GB/5.1 GB   11 MB/s   1m59s[K[?25h[?2026l[?2026h[?25l[A[1Gpulling manifest [K
pulling 1849ef83c4dd:  74% ▕█████████████     ▏ 3.8 GB/5.1 GB   11 MB/s   1m58s[K[?25h[?2026l[?2026h[?25l[A[1Gpulling manifest [K
pulling 1849ef83c4dd:  74% ▕█████████████     ▏ 3.8 GB/5.1 GB   11 MB/s   1m58s[K[?25h[?2026l[?2026h[?25l[A[1Gpulling manifest [K
pulling 1849ef83c4dd:  74% ▕█████████████     ▏ 3.8 GB/5.1 GB   11 MB/s   1m58s[K[?25h[?2026l[?2026h[?25l[A[1Gpulling manifest [K
pulling 1849ef83c4dd:  74% ▕█████████████     ▏ 3.8 GB/5.1 GB   11 MB/s   1m58s[K[?25h[?2026l[?2026h[?25l[A[1Gpulling manifest [K
pulling 1849ef83c4dd:  74% ▕█████████████     ▏ 3.8 GB/5.1 GB   11 MB/s   1m58s[K[?25h[?2026l[?2026h[?25l[A[1Gpulling manifest [K
pulling 1849ef83c4dd:  74% ▕█████████████     ▏ 3.8 GB/5.1 GB   11 MB/s   1m58s[K[?25h[?2026l[?2026h[?25l[A[1Gpulling manifest [K
pulling 1849ef83c4dd:  74% ▕█████████████     ▏ 3.8 GB/5.1 GB   11 MB/s   1m58s[K[?25h[?2026l[?2026h[?25l[A[1Gpulling manifest [K
pulling 1849ef83c4dd:  74% ▕█████████████     ▏ 3.8 GB/5.1 GB   11 MB/s   1m58s[K[?25h[?2026l[?2026h[?25l[A[1Gpulling manifest [K
pulling 1849ef83c4dd:  74% ▕█████████████     ▏ 3.8 GB/5.1 GB   11 MB/s   1m58s[K[?25h[?2026l[?2026h[?25l[A[1Gpulling manifest [K
pulling 1849ef83c4dd:  74% ▕█████████████     ▏ 3.8 GB/5.1 GB   11 MB/s   1m57s[K[?25h[?2026l[?2026h[?25l[A[1Gpulling manifest [K
pulling 1849ef83c4dd:  74% ▕█████████████     ▏ 3.8 GB/5.1 GB   11 MB/s   1m57s[K[?25h[?2026l[?2026h[?25l[A[1Gpulling manifest [K
pulling 1849ef83c4dd:  74% ▕█████████████     ▏ 3.8 GB/5.1 GB   11 MB/s   1m57s[K[?25h[?2026l[?2026h[?25l[A[1Gpulling manifest [K
pulling 1849ef83c4dd:  74% ▕█████████████     ▏ 3.8 GB/5.1 GB   11 MB/s   1m57s[K[?25h[?2026l[?2026h[?25l[A[1Gpulling manifest [K
pulling 1849ef83c4dd:  74% ▕█████████████     ▏ 3.8 GB/5.1 GB   11 MB/s   1m57s[K[?25h[?2026l[?2026h[?25l[A[1Gpulling manifest [K
pulling 1849ef83c4dd:  74% ▕█████████████     ▏ 3.8 GB/5.1 GB   11 MB/s   1m57s[K[?25h[?2026l[?2026h[?25l[A[1Gpulling manifest [K
pulling 1849ef83c4dd:  74% ▕█████████████     ▏ 3.8 GB/5.1 GB   11 MB/s   1m57s[K[?25h[?2026l[?2026h[?25l[A[1Gpulling manifest [K
pulling 1849ef83c4dd:  74% ▕█████████████     ▏ 3.8 GB/5.1 GB   11 MB/s   1m56s[K[?25h[?2026l[?2026h[?25l[A[1Gpulling manifest [K
pulling 1849ef83c4dd:  74% ▕█████████████     ▏ 3.8 GB/5.1 GB   11 MB/s   1m56s[K[?25h[?2026l[?2026h[?25l[A[1Gpulling manifest [K
pulling 1849ef83c4dd:  74% ▕█████████████     ▏ 3.8 GB/5.1 GB   11 MB/s   1m56s[K[?25h[?2026l[?2026h[?25l[A[1Gpulling manifest [K
pulling 1849ef83c4dd:  74% ▕█████████████     ▏ 3.8 GB/5.1 GB   11 MB/s   1m58s[K[?25h[?2026l[?2026h[?25l[A[1Gpulling manifest [K
pulling 1849ef83c4dd:  74% ▕█████████████     ▏ 3.8 GB/5.1 GB   11 MB/s   1m58s[K[?25h[?2026l[?2026h[?25l[A[1Gpulling manifest [K
pulling 1849ef83c4dd:  74% ▕█████████████     ▏ 3.8 GB/5.1 GB   11 MB/s   1m58s[K[?25h[?2026l[?2026h[?25l[A[1Gpulling manifest [K
pulling 1849ef83c4dd:  74% ▕█████████████     ▏ 3.8 GB/5.1 GB   11 MB/s   1m58s[K[?25h[?2026l[?2026h[?25l[A[1Gpulling manifest [K
pulling 1849ef83c4dd:  74% ▕█████████████     ▏ 3.8 GB/5.1 GB   11 MB/s   1m58s[K[?25h[?2026l[?2026h[?25l[A[1Gpulling manifest [K
pulling 1849ef83c4dd:  74% ▕█████████████     ▏ 3.8 GB/5.1 GB   11 MB/s   1m57s[K[?25h[?2026l[?2026h[?25l[A[1Gpulling manifest [K
pulling 1849ef83c4dd:  74% ▕█████████████     ▏ 3.8 GB/5.1 GB   11 MB/s   1m57s[K[?25h[?2026l[?2026h[?25l[A[1Gpulling manifest [K
pulling 1849ef83c4dd:  74% ▕█████████████     ▏ 3.8 GB/5.1 GB   11 MB/s   1m57s[K[?25h[?2026l[?2026h[?25l[A[1Gpulling manifest [K
pulling 1849ef83c4dd:  74% ▕█████████████     ▏ 3.8 GB/5.1 GB   11 MB/s   1m57s[K[?25h[?2026l[?2026h[?25l[A[1Gpulling manifest [K
pulling 1849ef83c4dd:  74% ▕█████████████     ▏ 3.8 GB/5.1 GB   11 MB/s   1m57s[K[?25h[?2026l[?2026h[?25l[A[1Gpulling manifest [K
pulling 1849ef83c4dd:  74% ▕█████████████     ▏ 3.8 GB/5.1 GB   11 MB/s   1m57s[K[?25h[?2026l[?2026h[?25l[A[1Gpulling manifest [K
pulling 1849ef83c4dd:  74% ▕█████████████     ▏ 3.8 GB/5.1 GB   11 MB/s   1m57s[K[?25h[?2026l[?2026h[?25l[A[1Gpulling manifest [K
pulling 1849ef83c4dd:  74% ▕█████████████     ▏ 3.8 GB/5.1 GB   11 MB/s   1m57s[K[?25h[?2026l[?2026h[?25l[A[1Gpulling manifest [K
pulling 1849ef83c4dd:  74% ▕█████████████     ▏ 3.8 GB/5.1 GB   11 MB/s   1m57s[K[?25h[?2026l[?2026h[?25l[A[1Gpulling manifest [K
pulling 1849ef83c4dd:  74% ▕█████████████     ▏ 3.8 GB/5.1 GB   11 MB/s   1m57s[K[?25h[?2026l[?2026h[?25l[A[1Gpulling manifest [K
pulling 1849ef83c4dd:  74% ▕█████████████     ▏ 3.8 GB/5.1 GB   11 MB/s   1m56s[K[?25h[?2026l[?2026h[?25l[A[1Gpulling manifest [K
pulling 1849ef83c4dd:  74% ▕█████████████     ▏ 3.8 GB/5.1 GB   11 MB/s   1m56s[K[?25h[?2026l[?2026h[?25l[A[1Gpulling manifest [K
pulling 1849ef83c4dd:  74% ▕█████████████     ▏ 3.8 GB/5.1 GB   11 MB/s   1m56s[K[?25h[?2026l[?2026h[?25l[A[1Gpulling manifest [K
pulling 1849ef83c4dd:  74% ▕█████████████     ▏ 3.8 GB/5.1 GB   11 MB/s   1m56s[K[?25h[?2026l[?2026h[?25l[A[1Gpulling manifest [K
pulling 1849ef83c4dd:  74% ▕█████████████     ▏ 3.8 GB/5.1 GB   11 MB/s   1m56s[K[?25h[?2026l[?2026h[?25l[A[1Gpulling manifest [K
pulling 1849ef83c4dd:  74% ▕█████████████     ▏ 3.8 GB/5.1 GB   11 MB/s   1m56s[K[?25h[?2026l[?2026h[?25l[A[1Gpulling manifest [K
pulling 1849ef83c4dd:  75% ▕█████████████     ▏ 3.8 GB/5.1 GB   11 MB/s   1m55s[K[?25h[?2026l[?2026h[?25l[A[1Gpulling manifest [K
pulling 1849ef83c4dd:  75% ▕█████████████     ▏ 3.8 GB/5.1 GB   11 MB/s   1m55s[K[?25h[?2026l[?2026h[?25l[A[1Gpulling manifest [K
pulling 1849ef83c4dd:  75% ▕█████████████     ▏ 3.8 GB/5.1 GB   11 MB/s   1m55s[K[?25h[?2026l[?2026h[?25l[A[1Gpulling manifest [K
pulling 1849ef83c4dd:  75% ▕█████████████     ▏ 3.8 GB/5.1 GB   11 MB/s   1m55s[K[?25h[?2026l[?2026h[?25l[A[1Gpulling manifest [K
pulling 1849ef83c4dd:  75% ▕█████████████     ▏ 3.8 GB/5.1 GB   11 MB/s   1m55s[K[?25h[?2026l[?2026h[?25l[A[1Gpulling manifest [K
pulling 1849ef83c4dd:  75% ▕█████████████     ▏ 3.8 GB/5.1 GB   11 MB/s   1m55s[K[?25h[?2026l[?2026h[?25l[A[1Gpulling manifest [K
pulling 1849ef83c4dd:  75% ▕█████████████     ▏ 3.8 GB/5.1 GB   11 MB/s   1m55s[K[?25h[?2026l[?2026h[?25l[A[1Gpulling manifest [K
pulling 1849ef83c4dd:  75% ▕█████████████     ▏ 3.8 GB/5.1 GB   11 MB/s   1m54s[K[?25h[?2026l[?2026h[?25l[A[1Gpulling manifest [K
pulling 1849ef83c4dd:  75% ▕█████████████     ▏ 3.8 GB/5.1 GB   11 MB/s   1m54s[K[?25h[?2026l[?2026h[?25l[A[1Gpulling manifest [K
pulling 1849ef83c4dd:  75% ▕█████████████     ▏ 3.8 GB/5.1 GB   11 MB/s   1m54s[K[?25h[?2026l[?2026h[?25l[A[1Gpulling manifest [K
pulling 1849ef83c4dd:  75% ▕█████████████     ▏ 3.8 GB/5.1 GB   11 MB/s   1m53s[K[?25h[?2026l[?2026h[?25l[A[1Gpulling manifest [K
pulling 1849ef83c4dd:  75% ▕█████████████     ▏ 3.8 GB/5.1 GB   11 MB/s   1m53s[K[?25h[?2026l[?2026h[?25l[A[1Gpulling manifest [K
pulling 1849ef83c4dd:  75% ▕█████████████     ▏ 3.8 GB/5.1 GB   11 MB/s   1m53s[K[?25h[?2026l[?2026h[?25l[A[1Gpulling manifest [K
pulling 1849ef83c4dd:  75% ▕█████████████     ▏ 3.8 GB/5.1 GB   11 MB/s   1m53s[K[?25h[?2026l[?2026h[?25l[A[1Gpulling manifest [K
pulling 1849ef83c4dd:  75% ▕█████████████     ▏ 3.8 GB/5.1 GB   11 MB/s   1m53s[K[?25h[?2026l[?2026h[?25l[A[1Gpulling manifest [K
pulling 1849ef83c4dd:  75% ▕█████████████     ▏ 3.8 GB/5.1 GB   11 MB/s   1m53s[K[?25h[?2026l[?2026h[?25l[A[1Gpulling manifest [K
pulling 1849ef83c4dd:  75% ▕█████████████     ▏ 3.8 GB/5.1 GB   11 MB/s   1m53s[K[?25h[?2026l[?2026h[?25l[A[1Gpulling manifest [K
pulling 1849ef83c4dd:  75% ▕█████████████     ▏ 3.8 GB/5.1 GB   11 MB/s   1m53s[K[?25h[?2026l[?2026h[?25l[A[1Gpulling manifest [K
pulling 1849ef83c4dd:  75% ▕█████████████     ▏ 3.8 GB/5.1 GB   11 MB/s   1m52s[K[?25h[?2026l[?2026h[?25l[A[1Gpulling manifest [K
pulling 1849ef83c4dd:  75% ▕█████████████     ▏ 3.8 GB/5.1 GB   11 MB/s   1m52s[K[?25h[?2026l[?2026h[?25l[A[1Gpulling manifest [K
pulling 1849ef83c4dd:  75% ▕█████████████     ▏ 3.8 GB/5.1 GB   11 MB/s   1m51s[K[?25h[?2026l[?2026h[?25l[A[1Gpulling manifest [K
pulling 1849ef83c4dd:  75% ▕█████████████     ▏ 3.8 GB/5.1 GB   11 MB/s   1m51s[K[?25h[?2026l[?2026h[?25l[A[1Gpulling manifest [K
pulling 1849ef83c4dd:  75% ▕█████████████     ▏ 3.9 GB/5.1 GB   11 MB/s   1m51s[K[?25h[?2026l[?2026h[?25l[A[1Gpulling manifest [K
pulling 1849ef83c4dd:  75% ▕█████████████     ▏ 3.9 GB/5.1 GB   11 MB/s   1m51s[K[?25h[?2026l[?2026h[?25l[A[1Gpulling manifest [K
pulling 1849ef83c4dd:  75% ▕█████████████     ▏ 3.9 GB/5.1 GB   11 MB/s   1m51s[K[?25h[?2026l[?2026h[?25l[A[1Gpulling manifest [K
pulling 1849ef83c4dd:  75% ▕█████████████     ▏ 3.9 GB/5.1 GB   11 MB/s   1m51s[K[?25h[?2026l[?2026h[?25l[A[1Gpulling manifest [K
pulling 1849ef83c4dd:  75% ▕█████████████     ▏ 3.9 GB/5.1 GB   11 MB/s   1m51s[K[?25h[?2026l[?2026h[?25l[A[1Gpulling manifest [K
pulling 1849ef83c4dd:  75% ▕█████████████     ▏ 3.9 GB/5.1 GB   11 MB/s   1m50s[K[?25h[?2026l[?2026h[?25l[A[1Gpulling manifest [K
pulling 1849ef83c4dd:  75% ▕█████████████     ▏ 3.9 GB/5.1 GB   11 MB/s   1m50s[K[?25h[?2026l[?2026h[?25l[A[1Gpulling manifest [K
pulling 1849ef83c4dd:  75% ▕█████████████     ▏ 3.9 GB/5.1 GB   11 MB/s   1m50s[K[?25h[?2026l[?2026h[?25l[A[1Gpulling manifest [K
pulling 1849ef83c4dd:  75% ▕█████████████     ▏ 3.9 GB/5.1 GB   11 MB/s   1m49s[K[?25h[?2026l[?2026h[?25l[A[1Gpulling manifest [K
pulling 1849ef83c4dd:  75% ▕█████████████     ▏ 3.9 GB/5.1 GB   11 MB/s   1m49s[K[?25h[?2026l[?2026h[?25l[A[1Gpulling manifest [K
pulling 1849ef83c4dd:  75% ▕█████████████     ▏ 3.9 GB/5.1 GB   11 MB/s   1m49s[K[?25h[?2026l[?2026h[?25l[A[1Gpulling manifest [K
pulling 1849ef83c4dd:  75% ▕█████████████     ▏ 3.9 GB/5.1 GB   11 MB/s   1m49s[K[?25h[?2026l[?2026h[?25l[A[1Gpulling manifest [K
pulling 1849ef83c4dd:  75% ▕█████████████     ▏ 3.9 GB/5.1 GB   11 MB/s   1m49s[K[?25h[?2026l[?2026h[?25l[A[1Gpulling manifest [K
pulling 1849ef83c4dd:  75% ▕█████████████     ▏ 3.9 GB/5.1 GB   11 MB/s   1m49s[K[?25h[?2026l[?2026h[?25l[A[1Gpulling manifest [K
pulling 1849ef83c4dd:  75% ▕█████████████     ▏ 3.9 GB/5.1 GB   11 MB/s   1m48s[K[?25h[?2026l[?2026h[?25l[A[1Gpulling manifest [K
pulling 1849ef83c4dd:  75% ▕█████████████     ▏ 3.9 GB/5.1 GB   11 MB/s   1m48s[K[?25h[?2026l[?2026h[?25l[A[1Gpulling manifest [K
pulling 1849ef83c4dd:  75% ▕█████████████     ▏ 3.9 GB/5.1 GB   11 MB/s   1m48s[K[?25h[?2026l[?2026h[?25l[A[1Gpulling manifest [K
pulling 1849ef83c4dd:  75% ▕█████████████     ▏ 3.9 GB/5.1 GB   11 MB/s   1m48s[K[?25h[?2026l[?2026h[?25l[A[1Gpulling manifest [K
pulling 1849ef83c4dd:  75% ▕█████████████     ▏ 3.9 GB/5.1 GB   11 MB/s   1m48s[K[?25h[?2026l[?2026h[?25l[A[1Gpulling manifest [K
pulling 1849ef83c4dd:  75% ▕█████████████     ▏ 3.9 GB/5.1 GB   11 MB/s   1m48s[K[?25h[?2026l[?2026h[?25l[A[1Gpulling manifest [K
pulling 1849ef83c4dd:  75% ▕█████████████     ▏ 3.9 GB/5.1 GB   11 MB/s   1m47s[K[?25h[?2026l[?2026h[?25l[A[1Gpulling manifest [K
pulling 1849ef83c4dd:  75% ▕█████████████     ▏ 3.9 GB/5.1 GB   11 MB/s   1m47s[K[?25h[?2026l[?2026h[?25l[A[1Gpulling manifest [K
pulling 1849ef83c4dd:  76% ▕█████████████     ▏ 3.9 GB/5.1 GB   11 MB/s   1m47s[K[?25h[?2026l[?2026h[?25l[A[1Gpulling manifest [K
pulling 1849ef83c4dd:  76% ▕█████████████     ▏ 3.9 GB/5.1 GB   11 MB/s   1m47s[K[?25h[?2026l[?2026h[?25l[A[1Gpulling manifest [K
pulling 1849ef83c4dd:  76% ▕█████████████     ▏ 3.9 GB/5.1 GB   11 MB/s   1m47s[K[?25h[?2026l[?2026h[?25l[A[1Gpulling manifest [K
pulling 1849ef83c4dd:  76% ▕█████████████     ▏ 3.9 GB/5.1 GB   11 MB/s   1m47s[K[?25h[?2026l[?2026h[?25l[A[1Gpulling manifest [K
pulling 1849ef83c4dd:  76% ▕█████████████     ▏ 3.9 GB/5.1 GB   11 MB/s   1m47s[K[?25h[?2026l[?2026h[?25l[A[1Gpulling manifest [K
pulling 1849ef83c4dd:  76% ▕█████████████     ▏ 3.9 GB/5.1 GB   11 MB/s   1m47s[K[?25h[?2026l[?2026h[?25l[A[1Gpulling manifest [K
pulling 1849ef83c4dd:  76% ▕█████████████     ▏ 3.9 GB/5.1 GB   11 MB/s   1m47s[K[?25h[?2026l[?2026h[?25l[A[1Gpulling manifest [K
pulling 1849ef83c4dd:  76% ▕█████████████     ▏ 3.9 GB/5.1 GB   11 MB/s   1m47s[K[?25h[?2026l[?2026h[?25l[A[1Gpulling manifest [K
pulling 1849ef83c4dd:  76% ▕█████████████     ▏ 3.9 GB/5.1 GB   11 MB/s   1m47s[K[?25h[?2026l[?2026h[?25l[A[1Gpulling manifest [K
pulling 1849ef83c4dd:  76% ▕█████████████     ▏ 3.9 GB/5.1 GB   11 MB/s   1m47s[K[?25h[?2026l[?2026h[?25l[A[1Gpulling manifest [K
pulling 1849ef83c4dd:  76% ▕█████████████     ▏ 3.9 GB/5.1 GB   11 MB/s   1m46s[K[?25h[?2026l[?2026h[?25l[A[1Gpulling manifest [K
pulling 1849ef83c4dd:  76% ▕█████████████     ▏ 3.9 GB/5.1 GB   11 MB/s   1m46s[K[?25h[?2026l[?2026h[?25l[A[1Gpulling manifest [K
pulling 1849ef83c4dd:  76% ▕█████████████     ▏ 3.9 GB/5.1 GB   11 MB/s   1m46s[K[?25h[?2026l[?2026h[?25l[A[1Gpulling manifest [K
pulling 1849ef83c4dd:  76% ▕█████████████     ▏ 3.9 GB/5.1 GB   11 MB/s   1m46s[K[?25h[?2026l[?2026h[?25l[A[1Gpulling manifest [K
pulling 1849ef83c4dd:  76% ▕█████████████     ▏ 3.9 GB/5.1 GB   11 MB/s   1m46s[K[?25h[?2026l[?2026h[?25l[A[1Gpulling manifest [K
pulling 1849ef83c4dd:  76% ▕█████████████     ▏ 3.9 GB/5.1 GB   11 MB/s   1m46s[K[?25h[?2026l[?2026h[?25l[A[1Gpulling manifest [K
pulling 1849ef83c4dd:  76% ▕█████████████     ▏ 3.9 GB/5.1 GB   11 MB/s   1m46s[K[?25h[?2026l[?2026h[?25l[A[1Gpulling manifest [K
pulling 1849ef83c4dd:  76% ▕█████████████     ▏ 3.9 GB/5.1 GB   11 MB/s   1m45s[K[?25h[?2026l[?2026h[?25l[A[1Gpulling manifest [K
pulling 1849ef83c4dd:  76% ▕█████████████     ▏ 3.9 GB/5.1 GB   11 MB/s   1m45s[K[?25h[?2026l[?2026h[?25l[A[1Gpulling manifest [K
pulling 1849ef83c4dd:  76% ▕█████████████     ▏ 3.9 GB/5.1 GB   11 MB/s   1m45s[K[?25h[?2026l[?2026h[?25l[A[1Gpulling manifest [K
pulling 1849ef83c4dd:  76% ▕█████████████     ▏ 3.9 GB/5.1 GB   11 MB/s   1m45s[K[?25h[?2026l[?2026h[?25l[A[1Gpulling manifest [K
pulling 1849ef83c4dd:  76% ▕█████████████     ▏ 3.9 GB/5.1 GB   11 MB/s   1m45s[K[?25h[?2026l[?2026h[?25l[A[1Gpulling manifest [K
pulling 1849ef83c4dd:  76% ▕█████████████     ▏ 3.9 GB/5.1 GB   11 MB/s   1m45s[K[?25h[?2026l[?2026h[?25l[A[1Gpulling manifest [K
pulling 1849ef83c4dd:  76% ▕█████████████     ▏ 3.9 GB/5.1 GB   11 MB/s   1m45s[K[?25h[?2026l[?2026h[?25l[A[1Gpulling manifest [K
pulling 1849ef83c4dd:  76% ▕█████████████     ▏ 3.9 GB/5.1 GB   11 MB/s   1m45s[K[?25h[?2026l[?2026h[?25l[A[1Gpulling manifest [K
pulling 1849ef83c4dd:  76% ▕█████████████     ▏ 3.9 GB/5.1 GB   11 MB/s   1m45s[K[?25h[?2026l[?2026h[?25l[A[1Gpulling manifest [K
pulling 1849ef83c4dd:  76% ▕█████████████     ▏ 3.9 GB/5.1 GB   11 MB/s   1m45s[K[?25h[?2026l[?2026h[?25l[A[1Gpulling manifest [K
pulling 1849ef83c4dd:  76% ▕█████████████     ▏ 3.9 GB/5.1 GB   11 MB/s   1m43s[K[?25h[?2026l[?2026h[?25l[A[1Gpulling manifest [K
pulling 1849ef83c4dd:  76% ▕█████████████     ▏ 3.9 GB/5.1 GB   11 MB/s   1m43s[K[?25h[?2026l[?2026h[?25l[A[1Gpulling manifest [K
pulling 1849ef83c4dd:  76% ▕█████████████     ▏ 3.9 GB/5.1 GB   11 MB/s   1m42s[K[?25h[?2026l[?2026h[?25l[A[1Gpulling manifest [K
pulling 1849ef83c4dd:  76% ▕█████████████     ▏ 3.9 GB/5.1 GB   11 MB/s   1m42s[K[?25h[?2026l[?2026h[?25l[A[1Gpulling manifest [K
pulling 1849ef83c4dd:  76% ▕█████████████     ▏ 3.9 GB/5.1 GB   11 MB/s   1m42s[K[?25h[?2026l[?2026h[?25l[A[1Gpulling manifest [K
pulling 1849ef83c4dd:  76% ▕█████████████     ▏ 3.9 GB/5.1 GB   11 MB/s   1m42s[K[?25h[?2026l[?2026h[?25l[A[1Gpulling manifest [K
pulling 1849ef83c4dd:  76% ▕█████████████     ▏ 3.9 GB/5.1 GB   11 MB/s   1m42s[K[?25h[?2026l[?2026h[?25l[A[1Gpulling manifest [K
pulling 1849ef83c4dd:  76% ▕█████████████     ▏ 3.9 GB/5.1 GB   11 MB/s   1m42s[K[?25h[?2026l[?2026h[?25l[A[1Gpulling manifest [K
pulling 1849ef83c4dd:  76% ▕█████████████     ▏ 3.9 GB/5.1 GB   11 MB/s   1m42s[K[?25h[?2026l[?2026h[?25l[A[1Gpulling manifest [K
pulling 1849ef83c4dd:  76% ▕█████████████     ▏ 3.9 GB/5.1 GB   11 MB/s   1m42s[K[?25h[?2026l[?2026h[?25l[A[1Gpulling manifest [K
pulling 1849ef83c4dd:  76% ▕█████████████     ▏ 3.9 GB/5.1 GB   11 MB/s   1m41s[K[?25h[?2026l[?2026h[?25l[A[1Gpulling manifest [K
pulling 1849ef83c4dd:  76% ▕█████████████     ▏ 3.9 GB/5.1 GB   11 MB/s   1m41s[K[?25h[?2026l[?2026h[?25l[A[1Gpulling manifest [K
pulling 1849ef83c4dd:  76% ▕█████████████     ▏ 3.9 GB/5.1 GB   11 MB/s   1m41s[K[?25h[?2026l[?2026h[?25l[A[1Gpulling manifest [K
pulling 1849ef83c4dd:  76% ▕█████████████     ▏ 3.9 GB/5.1 GB   11 MB/s   1m41s[K[?25h[?2026l[?2026h[?25l[A[1Gpulling manifest [K
pulling 1849ef83c4dd:  76% ▕█████████████     ▏ 3.9 GB/5.1 GB   11 MB/s   1m41s[K[?25h[?2026l[?2026h[?25l[A[1Gpulling manifest [K
pulling 1849ef83c4dd:  76% ▕█████████████     ▏ 3.9 GB/5.1 GB   11 MB/s   1m41s[K[?25h[?2026l[?2026h[?25l[A[1Gpulling manifest [K
pulling 1849ef83c4dd:  76% ▕█████████████     ▏ 3.9 GB/5.1 GB   11 MB/s   1m41s[K[?25h[?2026l[?2026h[?25l[A[1Gpulling manifest [K
pulling 1849ef83c4dd:  77% ▕█████████████     ▏ 3.9 GB/5.1 GB   11 MB/s   1m41s[K[?25h[?2026l[?2026h[?25l[A[1Gpulling manifest [K
pulling 1849ef83c4dd:  77% ▕█████████████     ▏ 3.9 GB/5.1 GB   11 MB/s   1m41s[K[?25h[?2026l[?2026h[?25l[A[1Gpulling manifest [K
pulling 1849ef83c4dd:  77% ▕█████████████     ▏ 3.9 GB/5.1 GB   11 MB/s   1m41s[K[?25h[?2026l[?2026h[?25l[A[1Gpulling manifest [K
pulling 1849ef83c4dd:  77% ▕█████████████     ▏ 3.9 GB/5.1 GB   11 MB/s   1m40s[K[?25h[?2026l[?2026h[?25l[A[1Gpulling manifest [K
pulling 1849ef83c4dd:  77% ▕█████████████     ▏ 3.9 GB/5.1 GB   11 MB/s   1m40s[K[?25h[?2026l[?2026h[?25l[A[1Gpulling manifest [K
pulling 1849ef83c4dd:  77% ▕█████████████     ▏ 3.9 GB/5.1 GB   11 MB/s   1m40s[K[?25h[?2026l[?2026h[?25l[A[1Gpulling manifest [K
pulling 1849ef83c4dd:  77% ▕█████████████     ▏ 3.9 GB/5.1 GB   11 MB/s   1m40s[K[?25h[?2026l[?2026h[?25l[A[1Gpulling manifest [K
pulling 1849ef83c4dd:  77% ▕█████████████     ▏ 3.9 GB/5.1 GB   11 MB/s   1m40s[K[?25h[?2026l[?2026h[?25l[A[1Gpulling manifest [K
pulling 1849ef83c4dd:  77% ▕█████████████     ▏ 3.9 GB/5.1 GB   11 MB/s   1m39s[K[?25h[?2026l[?2026h[?25l[A[1Gpulling manifest [K
pulling 1849ef83c4dd:  77% ▕█████████████     ▏ 3.9 GB/5.1 GB   11 MB/s   1m39s[K[?25h[?2026l[?2026h[?25l[A[1Gpulling manifest [K
pulling 1849ef83c4dd:  77% ▕█████████████     ▏ 3.9 GB/5.1 GB   11 MB/s   1m39s[K[?25h[?2026l[?2026h[?25l[A[1Gpulling manifest [K
pulling 1849ef83c4dd:  77% ▕█████████████     ▏ 3.9 GB/5.1 GB   11 MB/s   1m39s[K[?25h[?2026l[?2026h[?25l[A[1Gpulling manifest [K
pulling 1849ef83c4dd:  77% ▕█████████████     ▏ 3.9 GB/5.1 GB   11 MB/s   1m39s[K[?25h[?2026l[?2026h[?25l[A[1Gpulling manifest [K
pulling 1849ef83c4dd:  77% ▕█████████████     ▏ 3.9 GB/5.1 GB   11 MB/s   1m39s[K[?25h[?2026l[?2026h[?25l[A[1Gpulling manifest [K
pulling 1849ef83c4dd:  77% ▕█████████████     ▏ 3.9 GB/5.1 GB   12 MB/s   1m38s[K[?25h[?2026l[?2026h[?25l[A[1Gpulling manifest [K
pulling 1849ef83c4dd:  77% ▕█████████████     ▏ 3.9 GB/5.1 GB   12 MB/s   1m38s[K[?25h[?2026l[?2026h[?25l[A[1Gpulling manifest [K
pulling 1849ef83c4dd:  77% ▕█████████████     ▏ 3.9 GB/5.1 GB   12 MB/s   1m38s[K[?25h[?2026l[?2026h[?25l[A[1Gpulling manifest [K
pulling 1849ef83c4dd:  77% ▕█████████████     ▏ 3.9 GB/5.1 GB   12 MB/s   1m38s[K[?25h[?2026l[?2026h[?25l[A[1Gpulling manifest [K
pulling 1849ef83c4dd:  77% ▕█████████████     ▏ 3.9 GB/5.1 GB   12 MB/s   1m38s[K[?25h[?2026l[?2026h[?25l[A[1Gpulling manifest [K
pulling 1849ef83c4dd:  77% ▕█████████████     ▏ 4.0 GB/5.1 GB   12 MB/s   1m38s[K[?25h[?2026l[?2026h[?25l[A[1Gpulling manifest [K
pulling 1849ef83c4dd:  77% ▕█████████████     ▏ 4.0 GB/5.1 GB   12 MB/s   1m38s[K[?25h[?2026l[?2026h[?25l[A[1Gpulling manifest [K
pulling 1849ef83c4dd:  77% ▕█████████████     ▏ 4.0 GB/5.1 GB   12 MB/s   1m38s[K[?25h[?2026l[?2026h[?25l[A[1Gpulling manifest [K
pulling 1849ef83c4dd:  77% ▕█████████████     ▏ 4.0 GB/5.1 GB   12 MB/s   1m37s[K[?25h[?2026l[?2026h[?25l[A[1Gpulling manifest [K
pulling 1849ef83c4dd:  77% ▕█████████████     ▏ 4.0 GB/5.1 GB   12 MB/s   1m37s[K[?25h[?2026l[?2026h[?25l[A[1Gpulling manifest [K
pulling 1849ef83c4dd:  77% ▕█████████████     ▏ 4.0 GB/5.1 GB   11 MB/s   1m38s[K[?25h[?2026l[?2026h[?25l[A[1Gpulling manifest [K
pulling 1849ef83c4dd:  77% ▕█████████████     ▏ 4.0 GB/5.1 GB   11 MB/s   1m37s[K[?25h[?2026l[?2026h[?25l[A[1Gpulling manifest [K
pulling 1849ef83c4dd:  77% ▕█████████████     ▏ 4.0 GB/5.1 GB   11 MB/s   1m37s[K[?25h[?2026l[?2026h[?25l[A[1Gpulling manifest [K
pulling 1849ef83c4dd:  77% ▕█████████████     ▏ 4.0 GB/5.1 GB   11 MB/s   1m37s[K[?25h[?2026l[?2026h[?25l[A[1Gpulling manifest [K
pulling 1849ef83c4dd:  77% ▕█████████████     ▏ 4.0 GB/5.1 GB   11 MB/s   1m37s[K[?25h[?2026l[?2026h[?25l[A[1Gpulling manifest [K
pulling 1849ef83c4dd:  77% ▕█████████████     ▏ 4.0 GB/5.1 GB   11 MB/s   1m37s[K[?25h[?2026l[?2026h[?25l[A[1Gpulling manifest [K
pulling 1849ef83c4dd:  77% ▕█████████████     ▏ 4.0 GB/5.1 GB   11 MB/s   1m37s[K[?25h[?2026l[?2026h[?25l[A[1Gpulling manifest [K
pulling 1849ef83c4dd:  77% ▕█████████████     ▏ 4.0 GB/5.1 GB   11 MB/s   1m37s[K[?25h[?2026l[?2026h[?25l[A[1Gpulling manifest [K
pulling 1849ef83c4dd:  77% ▕█████████████     ▏ 4.0 GB/5.1 GB   11 MB/s   1m37s[K[?25h[?2026l[?2026h[?25l[A[1Gpulling manifest [K
pulling 1849ef83c4dd:  77% ▕█████████████     ▏ 4.0 GB/5.1 GB   11 MB/s   1m37s[K[?25h[?2026l[?2026h[?25l[A[1Gpulling manifest [K
pulling 1849ef83c4dd:  77% ▕█████████████     ▏ 4.0 GB/5.1 GB   12 MB/s   1m36s[K[?25h[?2026l[?2026h[?25l[A[1Gpulling manifest [K
pulling 1849ef83c4dd:  77% ▕█████████████     ▏ 4.0 GB/5.1 GB   12 MB/s   1m36s[K[?25h[?2026l[?2026h[?25l[A[1Gpulling manifest [K
pulling 1849ef83c4dd:  77% ▕█████████████     ▏ 4.0 GB/5.1 GB   12 MB/s   1m36s[K[?25h[?2026l[?2026h[?25l[A[1Gpulling manifest [K
pulling 1849ef83c4dd:  77% ▕█████████████     ▏ 4.0 GB/5.1 GB   12 MB/s   1m36s[K[?25h[?2026l[?2026h[?25l[A[1Gpulling manifest [K
pulling 1849ef83c4dd:  77% ▕█████████████     ▏ 4.0 GB/5.1 GB   12 MB/s   1m36s[K[?25h[?2026l[?2026h[?25l[A[1Gpulling manifest [K
pulling 1849ef83c4dd:  77% ▕█████████████     ▏ 4.0 GB/5.1 GB   12 MB/s   1m36s[K[?25h[?2026l[?2026h[?25l[A[1Gpulling manifest [K
pulling 1849ef83c4dd:  77% ▕█████████████     ▏ 4.0 GB/5.1 GB   12 MB/s   1m35s[K[?25h[?2026l[?2026h[?25l[A[1Gpulling manifest [K
pulling 1849ef83c4dd:  77% ▕█████████████     ▏ 4.0 GB/5.1 GB   12 MB/s   1m35s[K[?25h[?2026l[?2026h[?25l[A[1Gpulling manifest [K
pulling 1849ef83c4dd:  77% ▕█████████████     ▏ 4.0 GB/5.1 GB   12 MB/s   1m35s[K[?25h[?2026l[?2026h[?25l[A[1Gpulling manifest [K
pulling 1849ef83c4dd:  77% ▕█████████████     ▏ 4.0 GB/5.1 GB   12 MB/s   1m35s[K[?25h[?2026l[?2026h[?25l[A[1Gpulling manifest [K
pulling 1849ef83c4dd:  77% ▕█████████████     ▏ 4.0 GB/5.1 GB   11 MB/s   1m38s[K[?25h[?2026l[?2026h[?25l[A[1Gpulling manifest [K
pulling 1849ef83c4dd:  78% ▕█████████████     ▏ 4.0 GB/5.1 GB   11 MB/s   1m38s[K[?25h[?2026l[?2026h[?25l[A[1Gpulling manifest [K
pulling 1849ef83c4dd:  78% ▕█████████████     ▏ 4.0 GB/5.1 GB   11 MB/s   1m38s[K[?25h[?2026l[?2026h[?25l[A[1Gpulling manifest [K
pulling 1849ef83c4dd:  78% ▕█████████████     ▏ 4.0 GB/5.1 GB   11 MB/s   1m38s[K[?25h[?2026l[?2026h[?25l[A[1Gpulling manifest [K
pulling 1849ef83c4dd:  78% ▕█████████████     ▏ 4.0 GB/5.1 GB   11 MB/s   1m37s[K[?25h[?2026l[?2026h[?25l[A[1Gpulling manifest [K
pulling 1849ef83c4dd:  78% ▕█████████████     ▏ 4.0 GB/5.1 GB   11 MB/s   1m37s[K[?25h[?2026l[?2026h[?25l[A[1Gpulling manifest [K
pulling 1849ef83c4dd:  78% ▕█████████████     ▏ 4.0 GB/5.1 GB   11 MB/s   1m37s[K[?25h[?2026l[?2026h[?25l[A[1Gpulling manifest [K
pulling 1849ef83c4dd:  78% ▕█████████████     ▏ 4.0 GB/5.1 GB   11 MB/s   1m37s[K[?25h[?2026l[?2026h[?25l[A[1Gpulling manifest [K
pulling 1849ef83c4dd:  78% ▕█████████████     ▏ 4.0 GB/5.1 GB   11 MB/s   1m37s[K[?25h[?2026l[?2026h[?25l[A[1Gpulling manifest [K
pulling 1849ef83c4dd:  78% ▕█████████████     ▏ 4.0 GB/5.1 GB   11 MB/s   1m37s[K[?25h[?2026l[?2026h[?25l[A[1Gpulling manifest [K
pulling 1849ef83c4dd:  78% ▕█████████████     ▏ 4.0 GB/5.1 GB   11 MB/s   1m37s[K[?25h[?2026l[?2026h[?25l[A[1Gpulling manifest [K
pulling 1849ef83c4dd:  78% ▕█████████████     ▏ 4.0 GB/5.1 GB   11 MB/s   1m36s[K[?25h[?2026l[?2026h[?25l[A[1Gpulling manifest [K
pulling 1849ef83c4dd:  78% ▕█████████████     ▏ 4.0 GB/5.1 GB   11 MB/s   1m36s[K[?25h[?2026l[?2026h[?25l[A[1Gpulling manifest [K
pulling 1849ef83c4dd:  78% ▕█████████████     ▏ 4.0 GB/5.1 GB   11 MB/s   1m36s[K[?25h[?2026l[?2026h[?25l[A[1Gpulling manifest [K
pulling 1849ef83c4dd:  78% ▕██████████████    ▏ 4.0 GB/5.1 GB   11 MB/s   1m36s[K[?25h[?2026l[?2026h[?25l[A[1Gpulling manifest [K
pulling 1849ef83c4dd:  78% ▕██████████████    ▏ 4.0 GB/5.1 GB   11 MB/s   1m36s[K[?25h[?2026l[?2026h[?25l[A[1Gpulling manifest [K
pulling 1849ef83c4dd:  78% ▕██████████████    ▏ 4.0 GB/5.1 GB   11 MB/s   1m36s[K[?25h[?2026l[?2026h[?25l[A[1Gpulling manifest [K
pulling 1849ef83c4dd:  78% ▕██████████████    ▏ 4.0 GB/5.1 GB   11 MB/s   1m35s[K[?25h[?2026l[?2026h[?25l[A[1Gpulling manifest [K
pulling 1849ef83c4dd:  78% ▕██████████████    ▏ 4.0 GB/5.1 GB   11 MB/s   1m35s[K[?25h[?2026l[?2026h[?25l[A[1Gpulling manifest [K
pulling 1849ef83c4dd:  78% ▕██████████████    ▏ 4.0 GB/5.1 GB   11 MB/s   1m35s[K[?25h[?2026l[?2026h[?25l[A[1Gpulling manifest [K
pulling 1849ef83c4dd:  78% ▕██████████████    ▏ 4.0 GB/5.1 GB   11 MB/s   1m35s[K[?25h[?2026l[?2026h[?25l[A[1Gpulling manifest [K
pulling 1849ef83c4dd:  78% ▕██████████████    ▏ 4.0 GB/5.1 GB   11 MB/s   1m35s[K[?25h[?2026l[?2026h[?25l[A[1Gpulling manifest [K
pulling 1849ef83c4dd:  78% ▕██████████████    ▏ 4.0 GB/5.1 GB   11 MB/s   1m35s[K[?25h[?2026l[?2026h[?25l[A[1Gpulling manifest [K
pulling 1849ef83c4dd:  78% ▕██████████████    ▏ 4.0 GB/5.1 GB   11 MB/s   1m35s[K[?25h[?2026l[?2026h[?25l[A[1Gpulling manifest [K
pulling 1849ef83c4dd:  78% ▕██████████████    ▏ 4.0 GB/5.1 GB   11 MB/s   1m35s[K[?25h[?2026l[?2026h[?25l[A[1Gpulling manifest [K
pulling 1849ef83c4dd:  78% ▕██████████████    ▏ 4.0 GB/5.1 GB   11 MB/s   1m35s[K[?25h[?2026l[?2026h[?25l[A[1Gpulling manifest [K
pulling 1849ef83c4dd:  78% ▕██████████████    ▏ 4.0 GB/5.1 GB   11 MB/s   1m35s[K[?25h[?2026l[?2026h[?25l[A[1Gpulling manifest [K
pulling 1849ef83c4dd:  78% ▕██████████████    ▏ 4.0 GB/5.1 GB   11 MB/s   1m35s[K[?25h[?2026l[?2026h[?25l[A[1Gpulling manifest [K
pulling 1849ef83c4dd:  78% ▕██████████████    ▏ 4.0 GB/5.1 GB   11 MB/s   1m35s[K[?25h[?2026l[?2026h[?25l[A[1Gpulling manifest [K
pulling 1849ef83c4dd:  78% ▕██████████████    ▏ 4.0 GB/5.1 GB   11 MB/s   1m35s[K[?25h[?2026l[?2026h[?25l[A[1Gpulling manifest [K
pulling 1849ef83c4dd:  78% ▕██████████████    ▏ 4.0 GB/5.1 GB   11 MB/s   1m34s[K[?25h[?2026l[?2026h[?25l[A[1Gpulling manifest [K
pulling 1849ef83c4dd:  78% ▕██████████████    ▏ 4.0 GB/5.1 GB   11 MB/s   1m35s[K[?25h[?2026l[?2026h[?25l[A[1Gpulling manifest [K
pulling 1849ef83c4dd:  78% ▕██████████████    ▏ 4.0 GB/5.1 GB   11 MB/s   1m35s[K[?25h[?2026l[?2026h[?25l[A[1Gpulling manifest [K
pulling 1849ef83c4dd:  78% ▕██████████████    ▏ 4.0 GB/5.1 GB   11 MB/s   1m35s[K[?25h[?2026l[?2026h[?25l[A[1Gpulling manifest [K
pulling 1849ef83c4dd:  78% ▕██████████████    ▏ 4.0 GB/5.1 GB   11 MB/s   1m35s[K[?25h[?2026l[?2026h[?25l[A[1Gpulling manifest [K
pulling 1849ef83c4dd:  78% ▕██████████████    ▏ 4.0 GB/5.1 GB   11 MB/s   1m35s[K[?25h[?2026l[?2026h[?25l[A[1Gpulling manifest [K
pulling 1849ef83c4dd:  78% ▕██████████████    ▏ 4.0 GB/5.1 GB   11 MB/s   1m35s[K[?25h[?2026l[?2026h[?25l[A[1Gpulling manifest [K
pulling 1849ef83c4dd:  78% ▕██████████████    ▏ 4.0 GB/5.1 GB   11 MB/s   1m35s[K[?25h[?2026l[?2026h[?25l[A[1Gpulling manifest [K
pulling 1849ef83c4dd:  78% ▕██████████████    ▏ 4.0 GB/5.1 GB   11 MB/s   1m34s[K[?25h[?2026l[?2026h[?25l[A[1Gpulling manifest [K
pulling 1849ef83c4dd:  78% ▕██████████████    ▏ 4.0 GB/5.1 GB   11 MB/s   1m34s[K[?25h[?2026l[?2026h[?25l[A[1Gpulling manifest [K
pulling 1849ef83c4dd:  78% ▕██████████████    ▏ 4.0 GB/5.1 GB   11 MB/s   1m34s[K[?25h[?2026l[?2026h[?25l[A[1Gpulling manifest [K
pulling 1849ef83c4dd:  78% ▕██████████████    ▏ 4.0 GB/5.1 GB   11 MB/s   1m35s[K[?25h[?2026l[?2026h[?25l[A[1Gpulling manifest [K
pulling 1849ef83c4dd:  78% ▕██████████████    ▏ 4.0 GB/5.1 GB   11 MB/s   1m34s[K[?25h[?2026l[?2026h[?25l[A[1Gpulling manifest [K
pulling 1849ef83c4dd:  78% ▕██████████████    ▏ 4.0 GB/5.1 GB   11 MB/s   1m34s[K[?25h[?2026l[?2026h[?25l[A[1Gpulling manifest [K
pulling 1849ef83c4dd:  78% ▕██████████████    ▏ 4.0 GB/5.1 GB   11 MB/s   1m34s[K[?25h[?2026l[?2026h[?25l[A[1Gpulling manifest [K
pulling 1849ef83c4dd:  78% ▕██████████████    ▏ 4.0 GB/5.1 GB   11 MB/s   1m34s[K[?25h[?2026l[?2026h[?25l[A[1Gpulling manifest [K
pulling 1849ef83c4dd:  79% ▕██████████████    ▏ 4.0 GB/5.1 GB   11 MB/s   1m34s[K[?25h[?2026l[?2026h[?25l[A[1Gpulling manifest [K
pulling 1849ef83c4dd:  79% ▕██████████████    ▏ 4.0 GB/5.1 GB   11 MB/s   1m34s[K[?25h[?2026l[?2026h[?25l[A[1Gpulling manifest [K
pulling 1849ef83c4dd:  79% ▕██████████████    ▏ 4.0 GB/5.1 GB   11 MB/s   1m34s[K[?25h[?2026l[?2026h[?25l[A[1Gpulling manifest [K
pulling 1849ef83c4dd:  79% ▕██████████████    ▏ 4.0 GB/5.1 GB   11 MB/s   1m34s[K[?25h[?2026l[?2026h[?25l[A[1Gpulling manifest [K
pulling 1849ef83c4dd:  79% ▕██████████████    ▏ 4.0 GB/5.1 GB   11 MB/s   1m34s[K[?25h[?2026l[?2026h[?25l[A[1Gpulling manifest [K
pulling 1849ef83c4dd:  79% ▕██████████████    ▏ 4.0 GB/5.1 GB   11 MB/s   1m34s[K[?25h[?2026l[?2026h[?25l[A[1Gpulling manifest [K
pulling 1849ef83c4dd:  79% ▕██████████████    ▏ 4.0 GB/5.1 GB   11 MB/s   1m34s[K[?25h[?2026l[?2026h[?25l[A[1Gpulling manifest [K
pulling 1849ef83c4dd:  79% ▕██████████████    ▏ 4.0 GB/5.1 GB   11 MB/s   1m34s[K[?25h[?2026l[?2026h[?25l[A[1Gpulling manifest [K
pulling 1849ef83c4dd:  79% ▕██████████████    ▏ 4.0 GB/5.1 GB   11 MB/s   1m34s[K[?25h[?2026l[?2026h[?25l[A[1Gpulling manifest [K
pulling 1849ef83c4dd:  79% ▕██████████████    ▏ 4.0 GB/5.1 GB   11 MB/s   1m34s[K[?25h[?2026l[?2026h[?25l[A[1Gpulling manifest [K
pulling 1849ef83c4dd:  79% ▕██████████████    ▏ 4.0 GB/5.1 GB   11 MB/s   1m34s[K[?25h[?2026l[?2026h[?25l[A[1Gpulling manifest [K
pulling 1849ef83c4dd:  79% ▕██████████████    ▏ 4.0 GB/5.1 GB   11 MB/s   1m34s[K[?25h[?2026l[?2026h[?25l[A[1Gpulling manifest [K
pulling 1849ef83c4dd:  79% ▕██████████████    ▏ 4.0 GB/5.1 GB   11 MB/s   1m33s[K[?25h[?2026l[?2026h[?25l[A[1Gpulling manifest [K
pulling 1849ef83c4dd:  79% ▕██████████████    ▏ 4.0 GB/5.1 GB   11 MB/s   1m33s[K[?25h[?2026l[?2026h[?25l[A[1Gpulling manifest [K
pulling 1849ef83c4dd:  79% ▕██████████████    ▏ 4.0 GB/5.1 GB   11 MB/s   1m33s[K[?25h[?2026l[?2026h[?25l[A[1Gpulling manifest [K
pulling 1849ef83c4dd:  79% ▕██████████████    ▏ 4.0 GB/5.1 GB   11 MB/s   1m33s[K[?25h[?2026l[?2026h[?25l[A[1Gpulling manifest [K
pulling 1849ef83c4dd:  79% ▕██████████████    ▏ 4.0 GB/5.1 GB   11 MB/s   1m34s[K[?25h[?2026l[?2026h[?25l[A[1Gpulling manifest [K
pulling 1849ef83c4dd:  79% ▕██████████████    ▏ 4.0 GB/5.1 GB   11 MB/s   1m34s[K[?25h[?2026l[?2026h[?25l[A[1Gpulling manifest [K
pulling 1849ef83c4dd:  79% ▕██████████████    ▏ 4.1 GB/5.1 GB   11 MB/s   1m34s[K[?25h[?2026l[?2026h[?25l[A[1Gpulling manifest [K
pulling 1849ef83c4dd:  79% ▕██████████████    ▏ 4.1 GB/5.1 GB   11 MB/s   1m33s[K[?25h[?2026l[?2026h[?25l[A[1Gpulling manifest [K
pulling 1849ef83c4dd:  79% ▕██████████████    ▏ 4.1 GB/5.1 GB   11 MB/s   1m33s[K[?25h[?2026l[?2026h[?25l[A[1Gpulling manifest [K
pulling 1849ef83c4dd:  79% ▕██████████████    ▏ 4.1 GB/5.1 GB   11 MB/s   1m33s[K[?25h[?2026l[?2026h[?25l[A[1Gpulling manifest [K
pulling 1849ef83c4dd:  79% ▕██████████████    ▏ 4.1 GB/5.1 GB   11 MB/s   1m33s[K[?25h[?2026l[?2026h[?25l[A[1Gpulling manifest [K
pulling 1849ef83c4dd:  79% ▕██████████████    ▏ 4.1 GB/5.1 GB   11 MB/s   1m33s[K[?25h[?2026l[?2026h[?25l[A[1Gpulling manifest [K
pulling 1849ef83c4dd:  79% ▕██████████████    ▏ 4.1 GB/5.1 GB   11 MB/s   1m33s[K[?25h[?2026l[?2026h[?25l[A[1Gpulling manifest [K
pulling 1849ef83c4dd:  79% ▕██████████████    ▏ 4.1 GB/5.1 GB   11 MB/s   1m33s[K[?25h[?2026l[?2026h[?25l[A[1Gpulling manifest [K
pulling 1849ef83c4dd:  79% ▕██████████████    ▏ 4.1 GB/5.1 GB   11 MB/s   1m33s[K[?25h[?2026l[?2026h[?25l[A[1Gpulling manifest [K
pulling 1849ef83c4dd:  79% ▕██████████████    ▏ 4.1 GB/5.1 GB   11 MB/s   1m33s[K[?25h[?2026l[?2026h[?25l[A[1Gpulling manifest [K
pulling 1849ef83c4dd:  79% ▕██████████████    ▏ 4.1 GB/5.1 GB   11 MB/s   1m33s[K[?25h[?2026l[?2026h[?25l[A[1Gpulling manifest [K
pulling 1849ef83c4dd:  79% ▕██████████████    ▏ 4.1 GB/5.1 GB   11 MB/s   1m33s[K[?25h[?2026l[?2026h[?25l[A[1Gpulling manifest [K
pulling 1849ef83c4dd:  79% ▕██████████████    ▏ 4.1 GB/5.1 GB   11 MB/s   1m33s[K[?25h[?2026l[?2026h[?25l[A[1Gpulling manifest [K
pulling 1849ef83c4dd:  79% ▕██████████████    ▏ 4.1 GB/5.1 GB   11 MB/s   1m33s[K[?25h[?2026l[?2026h[?25l[A[1Gpulling manifest [K
pulling 1849ef83c4dd:  79% ▕██████████████    ▏ 4.1 GB/5.1 GB   11 MB/s   1m33s[K[?25h[?2026l[?2026h[?25l[A[1Gpulling manifest [K
pulling 1849ef83c4dd:  79% ▕██████████████    ▏ 4.1 GB/5.1 GB   11 MB/s   1m33s[K[?25h[?2026l[?2026h[?25l[A[1Gpulling manifest [K
pulling 1849ef83c4dd:  79% ▕██████████████    ▏ 4.1 GB/5.1 GB   11 MB/s   1m32s[K[?25h[?2026l[?2026h[?25l[A[1Gpulling manifest [K
pulling 1849ef83c4dd:  79% ▕██████████████    ▏ 4.1 GB/5.1 GB   11 MB/s   1m32s[K[?25h[?2026l[?2026h[?25l[A[1Gpulling manifest [K
pulling 1849ef83c4dd:  79% ▕██████████████    ▏ 4.1 GB/5.1 GB   11 MB/s   1m33s[K[?25h[?2026l[?2026h[?25l[A[1Gpulling manifest [K
pulling 1849ef83c4dd:  79% ▕██████████████    ▏ 4.1 GB/5.1 GB   11 MB/s   1m33s[K[?25h[?2026l[?2026h[?25l[A[1Gpulling manifest [K
pulling 1849ef83c4dd:  79% ▕██████████████    ▏ 4.1 GB/5.1 GB   11 MB/s   1m32s[K[?25h[?2026l[?2026h[?25l[A[1Gpulling manifest [K
pulling 1849ef83c4dd:  79% ▕██████████████    ▏ 4.1 GB/5.1 GB   11 MB/s   1m32s[K[?25h[?2026l[?2026h[?25l[A[1Gpulling manifest [K
pulling 1849ef83c4dd:  79% ▕██████████████    ▏ 4.1 GB/5.1 GB   11 MB/s   1m32s[K[?25h[?2026l[?2026h[?25l[A[1Gpulling manifest [K
pulling 1849ef83c4dd:  79% ▕██████████████    ▏ 4.1 GB/5.1 GB   11 MB/s   1m32s[K[?25h[?2026l[?2026h[?25l[A[1Gpulling manifest [K
pulling 1849ef83c4dd:  79% ▕██████████████    ▏ 4.1 GB/5.1 GB   11 MB/s   1m32s[K[?25h[?2026l[?2026h[?25l[A[1Gpulling manifest [K
pulling 1849ef83c4dd:  80% ▕██████████████    ▏ 4.1 GB/5.1 GB   11 MB/s   1m32s[K[?25h[?2026l[?2026h[?25l[A[1Gpulling manifest [K
pulling 1849ef83c4dd:  80% ▕██████████████    ▏ 4.1 GB/5.1 GB   11 MB/s   1m32s[K[?25h[?2026l[?2026h[?25l[A[1Gpulling manifest [K
pulling 1849ef83c4dd:  80% ▕██████████████    ▏ 4.1 GB/5.1 GB   11 MB/s   1m32s[K[?25h[?2026l[?2026h[?25l[A[1Gpulling manifest [K
pulling 1849ef83c4dd:  80% ▕██████████████    ▏ 4.1 GB/5.1 GB   11 MB/s   1m29s[K[?25h[?2026l[?2026h[?25l[A[1Gpulling manifest [K
pulling 1849ef83c4dd:  80% ▕██████████████    ▏ 4.1 GB/5.1 GB   11 MB/s   1m29s[K[?25h[?2026l[?2026h[?25l[A[1Gpulling manifest [K
pulling 1849ef83c4dd:  80% ▕██████████████    ▏ 4.1 GB/5.1 GB   11 MB/s   1m29s[K[?25h[?2026l[?2026h[?25l[A[1Gpulling manifest [K
pulling 1849ef83c4dd:  80% ▕██████████████    ▏ 4.1 GB/5.1 GB   11 MB/s   1m29s[K[?25h[?2026l[?2026h[?25l[A[1Gpulling manifest [K
pulling 1849ef83c4dd:  80% ▕██████████████    ▏ 4.1 GB/5.1 GB   11 MB/s   1m28s[K[?25h[?2026l[?2026h[?25l[A[1Gpulling manifest [K
pulling 1849ef83c4dd:  80% ▕██████████████    ▏ 4.1 GB/5.1 GB   11 MB/s   1m28s[K[?25h[?2026l[?2026h[?25l[A[1Gpulling manifest [K
pulling 1849ef83c4dd:  80% ▕██████████████    ▏ 4.1 GB/5.1 GB   11 MB/s   1m28s[K[?25h[?2026l[?2026h[?25l[A[1Gpulling manifest [K
pulling 1849ef83c4dd:  80% ▕██████████████    ▏ 4.1 GB/5.1 GB   11 MB/s   1m28s[K[?25h[?2026l[?2026h[?25l[A[1Gpulling manifest [K
pulling 1849ef83c4dd:  80% ▕██████████████    ▏ 4.1 GB/5.1 GB   11 MB/s   1m28s[K[?25h[?2026l[?2026h[?25l[A[1Gpulling manifest [K
pulling 1849ef83c4dd:  80% ▕██████████████    ▏ 4.1 GB/5.1 GB   11 MB/s   1m28s[K[?25h[?2026l[?2026h[?25l[A[1Gpulling manifest [K
pulling 1849ef83c4dd:  80% ▕██████████████    ▏ 4.1 GB/5.1 GB   11 MB/s   1m31s[K[?25h[?2026l[?2026h[?25l[A[1Gpulling manifest [K
pulling 1849ef83c4dd:  80% ▕██████████████    ▏ 4.1 GB/5.1 GB   11 MB/s   1m31s[K[?25h[?2026l[?2026h[?25l[A[1Gpulling manifest [K
pulling 1849ef83c4dd:  80% ▕██████████████    ▏ 4.1 GB/5.1 GB   11 MB/s   1m31s[K[?25h[?2026l[?2026h[?25l[A[1Gpulling manifest [K
pulling 1849ef83c4dd:  80% ▕██████████████    ▏ 4.1 GB/5.1 GB   11 MB/s   1m31s[K[?25h[?2026l[?2026h[?25l[A[1Gpulling manifest [K
pulling 1849ef83c4dd:  80% ▕██████████████    ▏ 4.1 GB/5.1 GB   11 MB/s   1m30s[K[?25h[?2026l[?2026h[?25l[A[1Gpulling manifest [K
pulling 1849ef83c4dd:  80% ▕██████████████    ▏ 4.1 GB/5.1 GB   11 MB/s   1m30s[K[?25h[?2026l[?2026h[?25l[A[1Gpulling manifest [K
pulling 1849ef83c4dd:  80% ▕██████████████    ▏ 4.1 GB/5.1 GB   11 MB/s   1m30s[K[?25h[?2026l[?2026h[?25l[A[1Gpulling manifest [K
pulling 1849ef83c4dd:  80% ▕██████████████    ▏ 4.1 GB/5.1 GB   11 MB/s   1m30s[K[?25h[?2026l[?2026h[?25l[A[1Gpulling manifest [K
pulling 1849ef83c4dd:  80% ▕██████████████    ▏ 4.1 GB/5.1 GB   11 MB/s   1m30s[K[?25h[?2026l[?2026h[?25l[A[1Gpulling manifest [K
pulling 1849ef83c4dd:  80% ▕██████████████    ▏ 4.1 GB/5.1 GB   11 MB/s   1m30s[K[?25h[?2026l[?2026h[?25l[A[1Gpulling manifest [K
pulling 1849ef83c4dd:  80% ▕██████████████    ▏ 4.1 GB/5.1 GB   11 MB/s   1m30s[K[?25h[?2026l[?2026h[?25l[A[1Gpulling manifest [K
pulling 1849ef83c4dd:  80% ▕██████████████    ▏ 4.1 GB/5.1 GB   11 MB/s   1m30s[K[?25h[?2026l[?2026h[?25l[A[1Gpulling manifest [K
pulling 1849ef83c4dd:  80% ▕██████████████    ▏ 4.1 GB/5.1 GB   11 MB/s   1m30s[K[?25h[?2026l[?2026h[?25l[A[1Gpulling manifest [K
pulling 1849ef83c4dd:  80% ▕██████████████    ▏ 4.1 GB/5.1 GB   11 MB/s   1m30s[K[?25h[?2026l[?2026h[?25l[A[1Gpulling manifest [K
pulling 1849ef83c4dd:  80% ▕██████████████    ▏ 4.1 GB/5.1 GB   11 MB/s   1m29s[K[?25h[?2026l[?2026h[?25l[A[1Gpulling manifest [K
pulling 1849ef83c4dd:  80% ▕██████████████    ▏ 4.1 GB/5.1 GB   11 MB/s   1m29s[K[?25h[?2026l[?2026h[?25l[A[1Gpulling manifest [K
pulling 1849ef83c4dd:  80% ▕██████████████    ▏ 4.1 GB/5.1 GB   11 MB/s   1m29s[K[?25h[?2026l[?2026h[?25l[A[1Gpulling manifest [K
pulling 1849ef83c4dd:  80% ▕██████████████    ▏ 4.1 GB/5.1 GB   11 MB/s   1m29s[K[?25h[?2026l[?2026h[?25l[A[1Gpulling manifest [K
pulling 1849ef83c4dd:  80% ▕██████████████    ▏ 4.1 GB/5.1 GB   11 MB/s   1m29s[K[?25h[?2026l[?2026h[?25l[A[1Gpulling manifest [K
pulling 1849ef83c4dd:  80% ▕██████████████    ▏ 4.1 GB/5.1 GB   11 MB/s   1m29s[K[?25h[?2026l[?2026h[?25l[A[1Gpulling manifest [K
pulling 1849ef83c4dd:  80% ▕██████████████    ▏ 4.1 GB/5.1 GB   11 MB/s   1m29s[K[?25h[?2026l[?2026h[?25l[A[1Gpulling manifest [K
pulling 1849ef83c4dd:  80% ▕██████████████    ▏ 4.1 GB/5.1 GB   11 MB/s   1m28s[K[?25h[?2026l[?2026h[?25l[A[1Gpulling manifest [K
pulling 1849ef83c4dd:  80% ▕██████████████    ▏ 4.1 GB/5.1 GB   11 MB/s   1m28s[K[?25h[?2026l[?2026h[?25l[A[1Gpulling manifest [K
pulling 1849ef83c4dd:  80% ▕██████████████    ▏ 4.1 GB/5.1 GB   11 MB/s   1m27s[K[?25h[?2026l[?2026h[?25l[A[1Gpulling manifest [K
pulling 1849ef83c4dd:  80% ▕██████████████    ▏ 4.1 GB/5.1 GB   11 MB/s   1m27s[K[?25h[?2026l[?2026h[?25l[A[1Gpulling manifest [K
pulling 1849ef83c4dd:  80% ▕██████████████    ▏ 4.1 GB/5.1 GB   11 MB/s   1m27s[K[?25h[?2026l[?2026h[?25l[A[1Gpulling manifest [K
pulling 1849ef83c4dd:  80% ▕██████████████    ▏ 4.1 GB/5.1 GB   11 MB/s   1m27s[K[?25h[?2026l[?2026h[?25l[A[1Gpulling manifest [K
pulling 1849ef83c4dd:  80% ▕██████████████    ▏ 4.1 GB/5.1 GB   11 MB/s   1m27s[K[?25h[?2026l[?2026h[?25l[A[1Gpulling manifest [K
pulling 1849ef83c4dd:  80% ▕██████████████    ▏ 4.1 GB/5.1 GB   11 MB/s   1m27s[K[?25h[?2026l[?2026h[?25l[A[1Gpulling manifest [K
pulling 1849ef83c4dd:  80% ▕██████████████    ▏ 4.1 GB/5.1 GB   11 MB/s   1m27s[K[?25h[?2026l[?2026h[?25l[A[1Gpulling manifest [K
pulling 1849ef83c4dd:  80% ▕██████████████    ▏ 4.1 GB/5.1 GB   11 MB/s   1m27s[K[?25h[?2026l[?2026h[?25l[A[1Gpulling manifest [K
pulling 1849ef83c4dd:  80% ▕██████████████    ▏ 4.1 GB/5.1 GB   11 MB/s   1m26s[K[?25h[?2026l[?2026h[?25l[A[1Gpulling manifest [K
pulling 1849ef83c4dd:  80% ▕██████████████    ▏ 4.1 GB/5.1 GB   11 MB/s   1m26s[K[?25h[?2026l[?2026h[?25l[A[1Gpulling manifest [K
pulling 1849ef83c4dd:  81% ▕██████████████    ▏ 4.1 GB/5.1 GB   11 MB/s   1m26s[K[?25h[?2026l[?2026h[?25l[A[1Gpulling manifest [K
pulling 1849ef83c4dd:  81% ▕██████████████    ▏ 4.1 GB/5.1 GB   11 MB/s   1m25s[K[?25h[?2026l[?2026h[?25l[A[1Gpulling manifest [K
pulling 1849ef83c4dd:  81% ▕██████████████    ▏ 4.1 GB/5.1 GB   11 MB/s   1m25s[K[?25h[?2026l[?2026h[?25l[A[1Gpulling manifest [K
pulling 1849ef83c4dd:  81% ▕██████████████    ▏ 4.1 GB/5.1 GB   11 MB/s   1m25s[K[?25h[?2026l[?2026h[?25l[A[1Gpulling manifest [K
pulling 1849ef83c4dd:  81% ▕██████████████    ▏ 4.1 GB/5.1 GB   11 MB/s   1m25s[K[?25h[?2026l[?2026h[?25l[A[1Gpulling manifest [K
pulling 1849ef83c4dd:  81% ▕██████████████    ▏ 4.1 GB/5.1 GB   11 MB/s   1m25s[K[?25h[?2026l[?2026h[?25l[A[1Gpulling manifest [K
pulling 1849ef83c4dd:  81% ▕██████████████    ▏ 4.1 GB/5.1 GB   11 MB/s   1m25s[K[?25h[?2026l[?2026h[?25l[A[1Gpulling manifest [K
pulling 1849ef83c4dd:  81% ▕██████████████    ▏ 4.1 GB/5.1 GB   11 MB/s   1m25s[K[?25h[?2026l[?2026h[?25l[A[1Gpulling manifest [K
pulling 1849ef83c4dd:  81% ▕██████████████    ▏ 4.1 GB/5.1 GB   11 MB/s   1m24s[K[?25h[?2026l[?2026h[?25l[A[1Gpulling manifest [K
pulling 1849ef83c4dd:  81% ▕██████████████    ▏ 4.1 GB/5.1 GB   11 MB/s   1m24s[K[?25h[?2026l[?2026h[?25l[A[1Gpulling manifest [K
pulling 1849ef83c4dd:  81% ▕██████████████    ▏ 4.1 GB/5.1 GB   11 MB/s   1m24s[K[?25h[?2026l[?2026h[?25l[A[1Gpulling manifest [K
pulling 1849ef83c4dd:  81% ▕██████████████    ▏ 4.1 GB/5.1 GB   11 MB/s   1m23s[K[?25h[?2026l[?2026h[?25l[A[1Gpulling manifest [K
pulling 1849ef83c4dd:  81% ▕██████████████    ▏ 4.1 GB/5.1 GB   11 MB/s   1m23s[K[?25h[?2026l[?2026h[?25l[A[1Gpulling manifest [K
pulling 1849ef83c4dd:  81% ▕██████████████    ▏ 4.1 GB/5.1 GB   11 MB/s   1m23s[K[?25h[?2026l[?2026h[?25l[A[1Gpulling manifest [K
pulling 1849ef83c4dd:  81% ▕██████████████    ▏ 4.1 GB/5.1 GB   11 MB/s   1m23s[K[?25h[?2026l[?2026h[?25l[A[1Gpulling manifest [K
pulling 1849ef83c4dd:  81% ▕██████████████    ▏ 4.1 GB/5.1 GB   11 MB/s   1m23s[K[?25h[?2026l[?2026h[?25l[A[1Gpulling manifest [K
pulling 1849ef83c4dd:  81% ▕██████████████    ▏ 4.2 GB/5.1 GB   11 MB/s   1m23s[K[?25h[?2026l[?2026h[?25l[A[1Gpulling manifest [K
pulling 1849ef83c4dd:  81% ▕██████████████    ▏ 4.2 GB/5.1 GB   11 MB/s   1m23s[K[?25h[?2026l[?2026h[?25l[A[1Gpulling manifest [K
pulling 1849ef83c4dd:  81% ▕██████████████    ▏ 4.2 GB/5.1 GB   11 MB/s   1m23s[K[?25h[?2026l[?2026h[?25l[A[1Gpulling manifest [K
pulling 1849ef83c4dd:  81% ▕██████████████    ▏ 4.2 GB/5.1 GB   11 MB/s   1m23s[K[?25h[?2026l[?2026h[?25l[A[1Gpulling manifest [K
pulling 1849ef83c4dd:  81% ▕██████████████    ▏ 4.2 GB/5.1 GB   11 MB/s   1m23s[K[?25h[?2026l[?2026h[?25l[A[1Gpulling manifest [K
pulling 1849ef83c4dd:  81% ▕██████████████    ▏ 4.2 GB/5.1 GB   11 MB/s   1m23s[K[?25h[?2026l[?2026h[?25l[A[1Gpulling manifest [K
pulling 1849ef83c4dd:  81% ▕██████████████    ▏ 4.2 GB/5.1 GB   11 MB/s   1m22s[K[?25h[?2026l[?2026h[?25l[A[1Gpulling manifest [K
pulling 1849ef83c4dd:  81% ▕██████████████    ▏ 4.2 GB/5.1 GB   11 MB/s   1m22s[K[?25h[?2026l[?2026h[?25l[A[1Gpulling manifest [K
pulling 1849ef83c4dd:  81% ▕██████████████    ▏ 4.2 GB/5.1 GB   11 MB/s   1m22s[K[?25h[?2026l[?2026h[?25l[A[1Gpulling manifest [K
pulling 1849ef83c4dd:  81% ▕██████████████    ▏ 4.2 GB/5.1 GB   11 MB/s   1m22s[K[?25h[?2026l[?2026h[?25l[A[1Gpulling manifest [K
pulling 1849ef83c4dd:  81% ▕██████████████    ▏ 4.2 GB/5.1 GB   11 MB/s   1m22s[K[?25h[?2026l[?2026h[?25l[A[1Gpulling manifest [K
pulling 1849ef83c4dd:  81% ▕██████████████    ▏ 4.2 GB/5.1 GB   11 MB/s   1m22s[K[?25h[?2026l[?2026h[?25l[A[1Gpulling manifest [K
pulling 1849ef83c4dd:  81% ▕██████████████    ▏ 4.2 GB/5.1 GB   11 MB/s   1m22s[K[?25h[?2026l[?2026h[?25l[A[1Gpulling manifest [K
pulling 1849ef83c4dd:  81% ▕██████████████    ▏ 4.2 GB/5.1 GB   11 MB/s   1m21s[K[?25h[?2026l[?2026h[?25l[A[1Gpulling manifest [K
pulling 1849ef83c4dd:  81% ▕██████████████    ▏ 4.2 GB/5.1 GB   11 MB/s   1m21s[K[?25h[?2026l[?2026h[?25l[A[1Gpulling manifest [K
pulling 1849ef83c4dd:  81% ▕██████████████    ▏ 4.2 GB/5.1 GB   11 MB/s   1m21s[K[?25h[?2026l[?2026h[?25l[A[1Gpulling manifest [K
pulling 1849ef83c4dd:  81% ▕██████████████    ▏ 4.2 GB/5.1 GB   11 MB/s   1m20s[K[?25h[?2026l[?2026h[?25l[A[1Gpulling manifest [K
pulling 1849ef83c4dd:  81% ▕██████████████    ▏ 4.2 GB/5.1 GB   11 MB/s   1m20s[K[?25h[?2026l[?2026h[?25l[A[1Gpulling manifest [K
pulling 1849ef83c4dd:  81% ▕██████████████    ▏ 4.2 GB/5.1 GB   11 MB/s   1m20s[K[?25h[?2026l[?2026h[?25l[A[1Gpulling manifest [K
pulling 1849ef83c4dd:  81% ▕██████████████    ▏ 4.2 GB/5.1 GB   11 MB/s   1m20s[K[?25h[?2026l[?2026h[?25l[A[1Gpulling manifest [K
pulling 1849ef83c4dd:  81% ▕██████████████    ▏ 4.2 GB/5.1 GB   11 MB/s   1m20s[K[?25h[?2026l[?2026h[?25l[A[1Gpulling manifest [K
pulling 1849ef83c4dd:  81% ▕██████████████    ▏ 4.2 GB/5.1 GB   11 MB/s   1m20s[K[?25h[?2026l[?2026h[?25l[A[1Gpulling manifest [K
pulling 1849ef83c4dd:  81% ▕██████████████    ▏ 4.2 GB/5.1 GB   11 MB/s   1m20s[K[?25h[?2026l[?2026h[?25l[A[1Gpulling manifest [K
pulling 1849ef83c4dd:  81% ▕██████████████    ▏ 4.2 GB/5.1 GB   11 MB/s   1m20s[K[?25h[?2026l[?2026h[?25l[A[1Gpulling manifest [K
pulling 1849ef83c4dd:  81% ▕██████████████    ▏ 4.2 GB/5.1 GB   11 MB/s   1m20s[K[?25h[?2026l[?2026h[?25l[A[1Gpulling manifest [K
pulling 1849ef83c4dd:  81% ▕██████████████    ▏ 4.2 GB/5.1 GB   11 MB/s   1m20s[K[?25h[?2026l[?2026h[?25l[A[1Gpulling manifest [K
pulling 1849ef83c4dd:  81% ▕██████████████    ▏ 4.2 GB/5.1 GB   11 MB/s   1m20s[K[?25h[?2026l[?2026h[?25l[A[1Gpulling manifest [K
pulling 1849ef83c4dd:  81% ▕██████████████    ▏ 4.2 GB/5.1 GB   11 MB/s   1m20s[K[?25h[?2026l[?2026h[?25l[A[1Gpulling manifest [K
pulling 1849ef83c4dd:  82% ▕██████████████    ▏ 4.2 GB/5.1 GB   11 MB/s   1m20s[K[?25h[?2026l[?2026h[?25l[A[1Gpulling manifest [K
pulling 1849ef83c4dd:  82% ▕██████████████    ▏ 4.2 GB/5.1 GB   11 MB/s   1m20s[K[?25h[?2026l[?2026h[?25l[A[1Gpulling manifest [K
pulling 1849ef83c4dd:  82% ▕██████████████    ▏ 4.2 GB/5.1 GB   11 MB/s   1m20s[K[?25h[?2026l[?2026h[?25l[A[1Gpulling manifest [K
pulling 1849ef83c4dd:  82% ▕██████████████    ▏ 4.2 GB/5.1 GB   11 MB/s   1m20s[K[?25h[?2026l[?2026h[?25l[A[1Gpulling manifest [K
pulling 1849ef83c4dd:  82% ▕██████████████    ▏ 4.2 GB/5.1 GB   11 MB/s   1m20s[K[?25h[?2026l[?2026h[?25l[A[1Gpulling manifest [K
pulling 1849ef83c4dd:  82% ▕██████████████    ▏ 4.2 GB/5.1 GB   11 MB/s   1m19s[K[?25h[?2026l[?2026h[?25l[A[1Gpulling manifest [K
pulling 1849ef83c4dd:  82% ▕██████████████    ▏ 4.2 GB/5.1 GB   11 MB/s   1m19s[K[?25h[?2026l[?2026h[?25l[A[1Gpulling manifest [K
pulling 1849ef83c4dd:  82% ▕██████████████    ▏ 4.2 GB/5.1 GB   11 MB/s   1m19s[K[?25h[?2026l[?2026h[?25l[A[1Gpulling manifest [K
pulling 1849ef83c4dd:  82% ▕██████████████    ▏ 4.2 GB/5.1 GB   11 MB/s   1m19s[K[?25h[?2026l[?2026h[?25l[A[1Gpulling manifest [K
pulling 1849ef83c4dd:  82% ▕██████████████    ▏ 4.2 GB/5.1 GB   11 MB/s   1m19s[K[?25h[?2026l[?2026h[?25l[A[1Gpulling manifest [K
pulling 1849ef83c4dd:  82% ▕██████████████    ▏ 4.2 GB/5.1 GB   11 MB/s   1m19s[K[?25h[?2026l[?2026h[?25l[A[1Gpulling manifest [K
pulling 1849ef83c4dd:  82% ▕██████████████    ▏ 4.2 GB/5.1 GB   11 MB/s   1m19s[K[?25h[?2026l[?2026h[?25l[A[1Gpulling manifest [K
pulling 1849ef83c4dd:  82% ▕██████████████    ▏ 4.2 GB/5.1 GB   11 MB/s   1m19s[K[?25h[?2026l[?2026h[?25l[A[1Gpulling manifest [K
pulling 1849ef83c4dd:  82% ▕██████████████    ▏ 4.2 GB/5.1 GB   11 MB/s   1m19s[K[?25h[?2026l[?2026h[?25l[A[1Gpulling manifest [K
pulling 1849ef83c4dd:  82% ▕██████████████    ▏ 4.2 GB/5.1 GB   11 MB/s   1m19s[K[?25h[?2026l[?2026h[?25l[A[1Gpulling manifest [K
pulling 1849ef83c4dd:  82% ▕██████████████    ▏ 4.2 GB/5.1 GB   12 MB/s   1m16s[K[?25h[?2026l[?2026h[?25l[A[1Gpulling manifest [K
pulling 1849ef83c4dd:  82% ▕██████████████    ▏ 4.2 GB/5.1 GB   12 MB/s   1m16s[K[?25h[?2026l[?2026h[?25l[A[1Gpulling manifest [K
pulling 1849ef83c4dd:  82% ▕██████████████    ▏ 4.2 GB/5.1 GB   12 MB/s   1m15s[K[?25h[?2026l[?2026h[?25l[A[1Gpulling manifest [K
pulling 1849ef83c4dd:  82% ▕██████████████    ▏ 4.2 GB/5.1 GB   12 MB/s   1m15s[K[?25h[?2026l[?2026h[?25l[A[1Gpulling manifest [K
pulling 1849ef83c4dd:  82% ▕██████████████    ▏ 4.2 GB/5.1 GB   12 MB/s   1m15s[K[?25h[?2026l[?2026h[?25l[A[1Gpulling manifest [K
pulling 1849ef83c4dd:  82% ▕██████████████    ▏ 4.2 GB/5.1 GB   12 MB/s   1m15s[K[?25h[?2026l[?2026h[?25l[A[1Gpulling manifest [K
pulling 1849ef83c4dd:  82% ▕██████████████    ▏ 4.2 GB/5.1 GB   12 MB/s   1m15s[K[?25h[?2026l[?2026h[?25l[A[1Gpulling manifest [K
pulling 1849ef83c4dd:  82% ▕██████████████    ▏ 4.2 GB/5.1 GB   12 MB/s   1m15s[K[?25h[?2026l[?2026h[?25l[A[1Gpulling manifest [K
pulling 1849ef83c4dd:  82% ▕██████████████    ▏ 4.2 GB/5.1 GB   12 MB/s   1m15s[K[?25h[?2026l[?2026h[?25l[A[1Gpulling manifest [K
pulling 1849ef83c4dd:  82% ▕██████████████    ▏ 4.2 GB/5.1 GB   12 MB/s   1m15s[K[?25h[?2026l[?2026h[?25l[A[1Gpulling manifest [K
pulling 1849ef83c4dd:  82% ▕██████████████    ▏ 4.2 GB/5.1 GB   12 MB/s   1m14s[K[?25h[?2026l[?2026h[?25l[A[1Gpulling manifest [K
pulling 1849ef83c4dd:  82% ▕██████████████    ▏ 4.2 GB/5.1 GB   12 MB/s   1m14s[K[?25h[?2026l[?2026h[?25l[A[1Gpulling manifest [K
pulling 1849ef83c4dd:  82% ▕██████████████    ▏ 4.2 GB/5.1 GB   12 MB/s   1m14s[K[?25h[?2026l[?2026h[?25l[A[1Gpulling manifest [K
pulling 1849ef83c4dd:  82% ▕██████████████    ▏ 4.2 GB/5.1 GB   12 MB/s   1m14s[K[?25h[?2026l[?2026h[?25l[A[1Gpulling manifest [K
pulling 1849ef83c4dd:  82% ▕██████████████    ▏ 4.2 GB/5.1 GB   12 MB/s   1m14s[K[?25h[?2026l[?2026h[?25l[A[1Gpulling manifest [K
pulling 1849ef83c4dd:  82% ▕██████████████    ▏ 4.2 GB/5.1 GB   12 MB/s   1m13s[K[?25h[?2026l[?2026h[?25l[A[1Gpulling manifest [K
pulling 1849ef83c4dd:  82% ▕██████████████    ▏ 4.2 GB/5.1 GB   12 MB/s   1m13s[K[?25h[?2026l[?2026h[?25l[A[1Gpulling manifest [K
pulling 1849ef83c4dd:  82% ▕██████████████    ▏ 4.2 GB/5.1 GB   12 MB/s   1m13s[K[?25h[?2026l[?2026h[?25l[A[1Gpulling manifest [K
pulling 1849ef83c4dd:  82% ▕██████████████    ▏ 4.2 GB/5.1 GB   12 MB/s   1m13s[K[?25h[?2026l[?2026h[?25l[A[1Gpulling manifest [K
pulling 1849ef83c4dd:  82% ▕██████████████    ▏ 4.2 GB/5.1 GB   12 MB/s   1m13s[K[?25h[?2026l[?2026h[?25l[A[1Gpulling manifest [K
pulling 1849ef83c4dd:  82% ▕██████████████    ▏ 4.2 GB/5.1 GB   12 MB/s   1m13s[K[?25h[?2026l[?2026h[?25l[A[1Gpulling manifest [K
pulling 1849ef83c4dd:  82% ▕██████████████    ▏ 4.2 GB/5.1 GB   12 MB/s   1m13s[K[?25h[?2026l[?2026h[?25l[A[1Gpulling manifest [K
pulling 1849ef83c4dd:  82% ▕██████████████    ▏ 4.2 GB/5.1 GB   12 MB/s   1m13s[K[?25h[?2026l[?2026h[?25l[A[1Gpulling manifest [K
pulling 1849ef83c4dd:  82% ▕██████████████    ▏ 4.2 GB/5.1 GB   12 MB/s   1m13s[K[?25h[?2026l[?2026h[?25l[A[1Gpulling manifest [K
pulling 1849ef83c4dd:  82% ▕██████████████    ▏ 4.2 GB/5.1 GB   12 MB/s   1m13s[K[?25h[?2026l[?2026h[?25l[A[1Gpulling manifest [K
pulling 1849ef83c4dd:  82% ▕██████████████    ▏ 4.2 GB/5.1 GB   12 MB/s   1m12s[K[?25h[?2026l[?2026h[?25l[A[1Gpulling manifest [K
pulling 1849ef83c4dd:  83% ▕██████████████    ▏ 4.2 GB/5.1 GB   12 MB/s   1m12s[K[?25h[?2026l[?2026h[?25l[A[1Gpulling manifest [K
pulling 1849ef83c4dd:  83% ▕██████████████    ▏ 4.2 GB/5.1 GB   12 MB/s   1m12s[K[?25h[?2026l[?2026h[?25l[A[1Gpulling manifest [K
pulling 1849ef83c4dd:  83% ▕██████████████    ▏ 4.2 GB/5.1 GB   12 MB/s   1m12s[K[?25h[?2026l[?2026h[?25l[A[1Gpulling manifest [K
pulling 1849ef83c4dd:  83% ▕██████████████    ▏ 4.2 GB/5.1 GB   12 MB/s   1m12s[K[?25h[?2026l[?2026h[?25l[A[1Gpulling manifest [K
pulling 1849ef83c4dd:  83% ▕██████████████    ▏ 4.2 GB/5.1 GB   12 MB/s   1m12s[K[?25h[?2026l[?2026h[?25l[A[1Gpulling manifest [K
pulling 1849ef83c4dd:  83% ▕██████████████    ▏ 4.2 GB/5.1 GB   12 MB/s   1m12s[K[?25h[?2026l[?2026h[?25l[A[1Gpulling manifest [K
pulling 1849ef83c4dd:  83% ▕██████████████    ▏ 4.2 GB/5.1 GB   12 MB/s   1m11s[K[?25h[?2026l[?2026h[?25l[A[1Gpulling manifest [K
pulling 1849ef83c4dd:  83% ▕██████████████    ▏ 4.2 GB/5.1 GB   12 MB/s   1m11s[K[?25h[?2026l[?2026h[?25l[A[1Gpulling manifest [K
pulling 1849ef83c4dd:  83% ▕██████████████    ▏ 4.2 GB/5.1 GB   12 MB/s   1m11s[K[?25h[?2026l[?2026h[?25l[A[1Gpulling manifest [K
pulling 1849ef83c4dd:  83% ▕██████████████    ▏ 4.2 GB/5.1 GB   12 MB/s   1m11s[K[?25h[?2026l[?2026h[?25l[A[1Gpulling manifest [K
pulling 1849ef83c4dd:  83% ▕██████████████    ▏ 4.2 GB/5.1 GB   12 MB/s   1m11s[K[?25h[?2026l[?2026h[?25l[A[1Gpulling manifest [K
pulling 1849ef83c4dd:  83% ▕██████████████    ▏ 4.3 GB/5.1 GB   12 MB/s   1m11s[K[?25h[?2026l[?2026h[?25l[A[1Gpulling manifest [K
pulling 1849ef83c4dd:  83% ▕██████████████    ▏ 4.3 GB/5.1 GB   12 MB/s   1m11s[K[?25h[?2026l[?2026h[?25l[A[1Gpulling manifest [K
pulling 1849ef83c4dd:  83% ▕██████████████    ▏ 4.3 GB/5.1 GB   12 MB/s   1m11s[K[?25h[?2026l[?2026h[?25l[A[1Gpulling manifest [K
pulling 1849ef83c4dd:  83% ▕██████████████    ▏ 4.3 GB/5.1 GB   12 MB/s   1m11s[K[?25h[?2026l[?2026h[?25l[A[1Gpulling manifest [K
pulling 1849ef83c4dd:  83% ▕██████████████    ▏ 4.3 GB/5.1 GB   12 MB/s   1m10s[K[?25h[?2026l[?2026h[?25l[A[1Gpulling manifest [K
pulling 1849ef83c4dd:  83% ▕██████████████    ▏ 4.3 GB/5.1 GB   12 MB/s   1m10s[K[?25h[?2026l[?2026h[?25l[A[1Gpulling manifest [K
pulling 1849ef83c4dd:  83% ▕██████████████    ▏ 4.3 GB/5.1 GB   12 MB/s    1m9s[K[?25h[?2026l[?2026h[?25l[A[1Gpulling manifest [K
pulling 1849ef83c4dd:  83% ▕██████████████    ▏ 4.3 GB/5.1 GB   12 MB/s    1m9s[K[?25h[?2026l[?2026h[?25l[A[1Gpulling manifest [K
pulling 1849ef83c4dd:  83% ▕██████████████    ▏ 4.3 GB/5.1 GB   12 MB/s    1m9s[K[?25h[?2026l[?2026h[?25l[A[1Gpulling manifest [K
pulling 1849ef83c4dd:  83% ▕██████████████    ▏ 4.3 GB/5.1 GB   12 MB/s    1m9s[K[?25h[?2026l[?2026h[?25l[A[1Gpulling manifest [K
pulling 1849ef83c4dd:  83% ▕██████████████    ▏ 4.3 GB/5.1 GB   12 MB/s    1m9s[K[?25h[?2026l[?2026h[?25l[A[1Gpulling manifest [K
pulling 1849ef83c4dd:  83% ▕██████████████    ▏ 4.3 GB/5.1 GB   12 MB/s    1m9s[K[?25h[?2026l[?2026h[?25l[A[1Gpulling manifest [K
pulling 1849ef83c4dd:  83% ▕██████████████    ▏ 4.3 GB/5.1 GB   12 MB/s    1m9s[K[?25h[?2026l[?2026h[?25l[A[1Gpulling manifest [K
pulling 1849ef83c4dd:  83% ▕██████████████    ▏ 4.3 GB/5.1 GB   12 MB/s    1m9s[K[?25h[?2026l[?2026h[?25l[A[1Gpulling manifest [K
pulling 1849ef83c4dd:  83% ▕██████████████    ▏ 4.3 GB/5.1 GB   12 MB/s    1m8s[K[?25h[?2026l[?2026h[?25l[A[1Gpulling manifest [K
pulling 1849ef83c4dd:  83% ▕██████████████    ▏ 4.3 GB/5.1 GB   12 MB/s    1m8s[K[?25h[?2026l[?2026h[?25l[A[1Gpulling manifest [K
pulling 1849ef83c4dd:  83% ▕██████████████    ▏ 4.3 GB/5.1 GB   12 MB/s    1m7s[K[?25h[?2026l[?2026h[?25l[A[1Gpulling manifest [K
pulling 1849ef83c4dd:  83% ▕██████████████    ▏ 4.3 GB/5.1 GB   12 MB/s    1m7s[K[?25h[?2026l[?2026h[?25l[A[1Gpulling manifest [K
pulling 1849ef83c4dd:  83% ▕██████████████    ▏ 4.3 GB/5.1 GB   12 MB/s    1m7s[K[?25h[?2026l[?2026h[?25l[A[1Gpulling manifest [K
pulling 1849ef83c4dd:  83% ▕██████████████    ▏ 4.3 GB/5.1 GB   12 MB/s    1m7s[K[?25h[?2026l[?2026h[?25l[A[1Gpulling manifest [K
pulling 1849ef83c4dd:  83% ▕██████████████    ▏ 4.3 GB/5.1 GB   12 MB/s    1m7s[K[?25h[?2026l[?2026h[?25l[A[1Gpulling manifest [K
pulling 1849ef83c4dd:  83% ▕███████████████   ▏ 4.3 GB/5.1 GB   12 MB/s    1m7s[K[?25h[?2026l[?2026h[?25l[A[1Gpulling manifest [K
pulling 1849ef83c4dd:  83% ▕███████████████   ▏ 4.3 GB/5.1 GB   12 MB/s    1m7s[K[?25h[?2026l[?2026h[?25l[A[1Gpulling manifest [K
pulling 1849ef83c4dd:  83% ▕███████████████   ▏ 4.3 GB/5.1 GB   12 MB/s    1m7s[K[?25h[?2026l[?2026h[?25l[A[1Gpulling manifest [K
pulling 1849ef83c4dd:  83% ▕███████████████   ▏ 4.3 GB/5.1 GB   12 MB/s    1m6s[K[?25h[?2026l[?2026h[?25l[A[1Gpulling manifest [K
pulling 1849ef83c4dd:  83% ▕███████████████   ▏ 4.3 GB/5.1 GB   12 MB/s    1m6s[K[?25h[?2026l[?2026h[?25l[A[1Gpulling manifest [K
pulling 1849ef83c4dd:  83% ▕███████████████   ▏ 4.3 GB/5.1 GB   12 MB/s    1m5s[K[?25h[?2026l[?2026h[?25l[A[1Gpulling manifest [K
pulling 1849ef83c4dd:  84% ▕███████████████   ▏ 4.3 GB/5.1 GB   12 MB/s    1m5s[K[?25h[?2026l[?2026h[?25l[A[1Gpulling manifest [K
pulling 1849ef83c4dd:  84% ▕███████████████   ▏ 4.3 GB/5.1 GB   12 MB/s    1m5s[K[?25h[?2026l[?2026h[?25l[A[1Gpulling manifest [K
pulling 1849ef83c4dd:  84% ▕███████████████   ▏ 4.3 GB/5.1 GB   12 MB/s    1m5s[K[?25h[?2026l[?2026h[?25l[A[1Gpulling manifest [K
pulling 1849ef83c4dd:  84% ▕███████████████   ▏ 4.3 GB/5.1 GB   12 MB/s    1m5s[K[?25h[?2026l[?2026h[?25l[A[1Gpulling manifest [K
pulling 1849ef83c4dd:  84% ▕███████████████   ▏ 4.3 GB/5.1 GB   12 MB/s    1m5s[K[?25h[?2026l[?2026h[?25l[A[1Gpulling manifest [K
pulling 1849ef83c4dd:  84% ▕███████████████   ▏ 4.3 GB/5.1 GB   12 MB/s    1m5s[K[?25h[?2026l[?2026h[?25l[A[1Gpulling manifest [K
pulling 1849ef83c4dd:  84% ▕███████████████   ▏ 4.3 GB/5.1 GB   12 MB/s    1m5s[K[?25h[?2026l[?2026h[?25l[A[1Gpulling manifest [K
pulling 1849ef83c4dd:  84% ▕███████████████   ▏ 4.3 GB/5.1 GB   12 MB/s    1m5s[K[?25h[?2026l[?2026h[?25l[A[1Gpulling manifest [K
pulling 1849ef83c4dd:  84% ▕███████████████   ▏ 4.3 GB/5.1 GB   13 MB/s    1m3s[K[?25h[?2026l[?2026h[?25l[A[1Gpulling manifest [K
pulling 1849ef83c4dd:  84% ▕███████████████   ▏ 4.3 GB/5.1 GB   13 MB/s    1m3s[K[?25h[?2026l[?2026h[?25l[A[1Gpulling manifest [K
pulling 1849ef83c4dd:  84% ▕███████████████   ▏ 4.3 GB/5.1 GB   13 MB/s    1m3s[K[?25h[?2026l[?2026h[?25l[A[1Gpulling manifest [K
pulling 1849ef83c4dd:  84% ▕███████████████   ▏ 4.3 GB/5.1 GB   13 MB/s    1m3s[K[?25h[?2026l[?2026h[?25l[A[1Gpulling manifest [K
pulling 1849ef83c4dd:  84% ▕███████████████   ▏ 4.3 GB/5.1 GB   13 MB/s    1m3s[K[?25h[?2026l[?2026h[?25l[A[1Gpulling manifest [K
pulling 1849ef83c4dd:  84% ▕███████████████   ▏ 4.3 GB/5.1 GB   13 MB/s    1m3s[K[?25h[?2026l[?2026h[?25l[A[1Gpulling manifest [K
pulling 1849ef83c4dd:  84% ▕███████████████   ▏ 4.3 GB/5.1 GB   13 MB/s    1m3s[K[?25h[?2026l[?2026h[?25l[A[1Gpulling manifest [K
pulling 1849ef83c4dd:  84% ▕███████████████   ▏ 4.3 GB/5.1 GB   13 MB/s    1m2s[K[?25h[?2026l[?2026h[?25l[A[1Gpulling manifest [K
pulling 1849ef83c4dd:  84% ▕███████████████   ▏ 4.3 GB/5.1 GB   13 MB/s    1m2s[K[?25h[?2026l[?2026h[?25l[A[1Gpulling manifest [K
pulling 1849ef83c4dd:  84% ▕███████████████   ▏ 4.3 GB/5.1 GB   13 MB/s    1m2s[K[?25h[?2026l[?2026h[?25l[A[1Gpulling manifest [K
pulling 1849ef83c4dd:  84% ▕███████████████   ▏ 4.3 GB/5.1 GB   13 MB/s    1m2s[K[?25h[?2026l[?2026h[?25l[A[1Gpulling manifest [K
pulling 1849ef83c4dd:  84% ▕███████████████   ▏ 4.3 GB/5.1 GB   13 MB/s    1m2s[K[?25h[?2026l[?2026h[?25l[A[1Gpulling manifest [K
pulling 1849ef83c4dd:  84% ▕███████████████   ▏ 4.3 GB/5.1 GB   13 MB/s    1m2s[K[?25h[?2026l[?2026h[?25l[A[1Gpulling manifest [K
pulling 1849ef83c4dd:  84% ▕███████████████   ▏ 4.3 GB/5.1 GB   13 MB/s    1m1s[K[?25h[?2026l[?2026h[?25l[A[1Gpulling manifest [K
pulling 1849ef83c4dd:  84% ▕███████████████   ▏ 4.3 GB/5.1 GB   13 MB/s    1m1s[K[?25h[?2026l[?2026h[?25l[A[1Gpulling manifest [K
pulling 1849ef83c4dd:  84% ▕███████████████   ▏ 4.3 GB/5.1 GB   13 MB/s    1m1s[K[?25h[?2026l[?2026h[?25l[A[1Gpulling manifest [K
pulling 1849ef83c4dd:  84% ▕███████████████   ▏ 4.3 GB/5.1 GB   13 MB/s    1m1s[K[?25h[?2026l[?2026h[?25l[A[1Gpulling manifest [K
pulling 1849ef83c4dd:  84% ▕███████████████   ▏ 4.3 GB/5.1 GB   13 MB/s    1m1s[K[?25h[?2026l[?2026h[?25l[A[1Gpulling manifest [K
pulling 1849ef83c4dd:  84% ▕███████████████   ▏ 4.3 GB/5.1 GB   13 MB/s    1m1s[K[?25h[?2026l[?2026h[?25l[A[1Gpulling manifest [K
pulling 1849ef83c4dd:  84% ▕███████████████   ▏ 4.3 GB/5.1 GB   13 MB/s    1m1s[K[?25h[?2026l[?2026h[?25l[A[1Gpulling manifest [K
pulling 1849ef83c4dd:  84% ▕███████████████   ▏ 4.3 GB/5.1 GB   13 MB/s    1m1s[K[?25h[?2026l[?2026h[?25l[A[1Gpulling manifest [K
pulling 1849ef83c4dd:  84% ▕███████████████   ▏ 4.3 GB/5.1 GB   13 MB/s    1m1s[K[?25h[?2026l[?2026h[?25l[A[1Gpulling manifest [K
pulling 1849ef83c4dd:  84% ▕███████████████   ▏ 4.3 GB/5.1 GB   13 MB/s    1m1s[K[?25h[?2026l[?2026h[?25l[A[1Gpulling manifest [K
pulling 1849ef83c4dd:  84% ▕███████████████   ▏ 4.3 GB/5.1 GB   13 MB/s    1m0s[K[?25h[?2026l[?2026h[?25l[A[1Gpulling manifest [K
pulling 1849ef83c4dd:  84% ▕███████████████   ▏ 4.3 GB/5.1 GB   13 MB/s    1m0s[K[?25h[?2026l[?2026h[?25l[A[1Gpulling manifest [K
pulling 1849ef83c4dd:  84% ▕███████████████   ▏ 4.3 GB/5.1 GB   13 MB/s    1m0s[K[?25h[?2026l[?2026h[?25l[A[1Gpulling manifest [K
pulling 1849ef83c4dd:  84% ▕███████████████   ▏ 4.3 GB/5.1 GB   13 MB/s    1m0s[K[?25h[?2026l[?2026h[?25l[A[1Gpulling manifest [K
pulling 1849ef83c4dd:  84% ▕███████████████   ▏ 4.3 GB/5.1 GB   13 MB/s    1m0s[K[?25h[?2026l[?2026h[?25l[A[1Gpulling manifest [K
pulling 1849ef83c4dd:  84% ▕███████████████   ▏ 4.3 GB/5.1 GB   13 MB/s    1m0s[K[?25h[?2026l[?2026h[?25l[A[1Gpulling manifest [K
pulling 1849ef83c4dd:  84% ▕███████████████   ▏ 4.3 GB/5.1 GB   13 MB/s    1m0s[K[?25h[?2026l[?2026h[?25l[A[1Gpulling manifest [K
pulling 1849ef83c4dd:  84% ▕███████████████   ▏ 4.3 GB/5.1 GB   13 MB/s    1m0s[K[?25h[?2026l[?2026h[?25l[A[1Gpulling manifest [K
pulling 1849ef83c4dd:  84% ▕███████████████   ▏ 4.3 GB/5.1 GB   13 MB/s    1m0s[K[?25h[?2026l[?2026h[?25l[A[1Gpulling manifest [K
pulling 1849ef83c4dd:  84% ▕███████████████   ▏ 4.3 GB/5.1 GB   13 MB/s    1m0s[K[?25h[?2026l[?2026h[?25l[A[1Gpulling manifest [K
pulling 1849ef83c4dd:  85% ▕███████████████   ▏ 4.3 GB/5.1 GB   13 MB/s    1m0s[K[?25h[?2026l[?2026h[?25l[A[1Gpulling manifest [K
pulling 1849ef83c4dd:  85% ▕███████████████   ▏ 4.3 GB/5.1 GB   13 MB/s    1m0s[K[?25h[?2026l[?2026h[?25l[A[1Gpulling manifest [K
pulling 1849ef83c4dd:  85% ▕███████████████   ▏ 4.3 GB/5.1 GB   13 MB/s    1m0s[K[?25h[?2026l[?2026h[?25l[A[1Gpulling manifest [K
pulling 1849ef83c4dd:  85% ▕███████████████   ▏ 4.3 GB/5.1 GB   13 MB/s    1m0s[K[?25h[?2026l[?2026h[?25l[A[1Gpulling manifest [K
pulling 1849ef83c4dd:  85% ▕███████████████   ▏ 4.3 GB/5.1 GB   13 MB/s     59s[K[?25h[?2026l[?2026h[?25l[A[1Gpulling manifest [K
pulling 1849ef83c4dd:  85% ▕███████████████   ▏ 4.3 GB/5.1 GB   13 MB/s     59s[K[?25h[?2026l[?2026h[?25l[A[1Gpulling manifest [K
pulling 1849ef83c4dd:  85% ▕███████████████   ▏ 4.3 GB/5.1 GB   13 MB/s     59s[K[?25h[?2026l[?2026h[?25l[A[1Gpulling manifest [K
pulling 1849ef83c4dd:  85% ▕███████████████   ▏ 4.3 GB/5.1 GB   13 MB/s    1m0s[K[?25h[?2026l[?2026h[?25l[A[1Gpulling manifest [K
pulling 1849ef83c4dd:  85% ▕███████████████   ▏ 4.3 GB/5.1 GB   13 MB/s    1m0s[K[?25h[?2026l[?2026h[?25l[A[1Gpulling manifest [K
pulling 1849ef83c4dd:  85% ▕███████████████   ▏ 4.3 GB/5.1 GB   13 MB/s    1m0s[K[?25h[?2026l[?2026h[?25l[A[1Gpulling manifest [K
pulling 1849ef83c4dd:  85% ▕███████████████   ▏ 4.3 GB/5.1 GB   13 MB/s     59s[K[?25h[?2026l[?2026h[?25l[A[1Gpulling manifest [K
pulling 1849ef83c4dd:  85% ▕███████████████   ▏ 4.3 GB/5.1 GB   13 MB/s     59s[K[?25h[?2026l[?2026h[?25l[A[1Gpulling manifest [K
pulling 1849ef83c4dd:  85% ▕███████████████   ▏ 4.4 GB/5.1 GB   13 MB/s     59s[K[?25h[?2026l[?2026h[?25l[A[1Gpulling manifest [K
pulling 1849ef83c4dd:  85% ▕███████████████   ▏ 4.4 GB/5.1 GB   13 MB/s     59s[K[?25h[?2026l[?2026h[?25l[A[1Gpulling manifest [K
pulling 1849ef83c4dd:  85% ▕███████████████   ▏ 4.4 GB/5.1 GB   13 MB/s     59s[K[?25h[?2026l[?2026h[?25l[A[1Gpulling manifest [K
pulling 1849ef83c4dd:  85% ▕███████████████   ▏ 4.4 GB/5.1 GB   13 MB/s     59s[K[?25h[?2026l[?2026h[?25l[A[1Gpulling manifest [K
pulling 1849ef83c4dd:  85% ▕███████████████   ▏ 4.4 GB/5.1 GB   13 MB/s     59s[K[?25h[?2026l[?2026h[?25l[A[1Gpulling manifest [K
pulling 1849ef83c4dd:  85% ▕███████████████   ▏ 4.4 GB/5.1 GB   13 MB/s     59s[K[?25h[?2026l[?2026h[?25l[A[1Gpulling manifest [K
pulling 1849ef83c4dd:  85% ▕███████████████   ▏ 4.4 GB/5.1 GB   13 MB/s     59s[K[?25h[?2026l[?2026h[?25l[A[1Gpulling manifest [K
pulling 1849ef83c4dd:  85% ▕███████████████   ▏ 4.4 GB/5.1 GB   13 MB/s     59s[K[?25h[?2026l[?2026h[?25l[A[1Gpulling manifest [K
pulling 1849ef83c4dd:  85% ▕███████████████   ▏ 4.4 GB/5.1 GB   13 MB/s     59s[K[?25h[?2026l[?2026h[?25l[A[1Gpulling manifest [K
pulling 1849ef83c4dd:  85% ▕███████████████   ▏ 4.4 GB/5.1 GB   13 MB/s     59s[K[?25h[?2026l[?2026h[?25l[A[1Gpulling manifest [K
pulling 1849ef83c4dd:  85% ▕███████████████   ▏ 4.4 GB/5.1 GB   13 MB/s     59s[K[?25h[?2026l[?2026h[?25l[A[1Gpulling manifest [K
pulling 1849ef83c4dd:  85% ▕███████████████   ▏ 4.4 GB/5.1 GB   13 MB/s     59s[K[?25h[?2026l[?2026h[?25l[A[1Gpulling manifest [K
pulling 1849ef83c4dd:  85% ▕███████████████   ▏ 4.4 GB/5.1 GB   13 MB/s     58s[K[?25h[?2026l[?2026h[?25l[A[1Gpulling manifest [K
pulling 1849ef83c4dd:  85% ▕███████████████   ▏ 4.4 GB/5.1 GB   13 MB/s     58s[K[?25h[?2026l[?2026h[?25l[A[1Gpulling manifest [K
pulling 1849ef83c4dd:  85% ▕███████████████   ▏ 4.4 GB/5.1 GB   13 MB/s     58s[K[?25h[?2026l[?2026h[?25l[A[1Gpulling manifest [K
pulling 1849ef83c4dd:  85% ▕███████████████   ▏ 4.4 GB/5.1 GB   13 MB/s     58s[K[?25h[?2026l[?2026h[?25l[A[1Gpulling manifest [K
pulling 1849ef83c4dd:  85% ▕███████████████   ▏ 4.4 GB/5.1 GB   12 MB/s     59s[K[?25h[?2026l[?2026h[?25l[A[1Gpulling manifest [K
pulling 1849ef83c4dd:  85% ▕███████████████   ▏ 4.4 GB/5.1 GB   12 MB/s     59s[K[?25h[?2026l[?2026h[?25l[A[1Gpulling manifest [K
pulling 1849ef83c4dd:  85% ▕███████████████   ▏ 4.4 GB/5.1 GB   12 MB/s     59s[K[?25h[?2026l[?2026h[?25l[A[1Gpulling manifest [K
pulling 1849ef83c4dd:  85% ▕███████████████   ▏ 4.4 GB/5.1 GB   12 MB/s     59s[K[?25h[?2026l[?2026h[?25l[A[1Gpulling manifest [K
pulling 1849ef83c4dd:  85% ▕███████████████   ▏ 4.4 GB/5.1 GB   12 MB/s     59s[K[?25h[?2026l[?2026h[?25l[A[1Gpulling manifest [K
pulling 1849ef83c4dd:  85% ▕███████████████   ▏ 4.4 GB/5.1 GB   12 MB/s     59s[K[?25h[?2026l[?2026h[?25l[A[1Gpulling manifest [K
pulling 1849ef83c4dd:  85% ▕███████████████   ▏ 4.4 GB/5.1 GB   12 MB/s     59s[K[?25h[?2026l[?2026h[?25l[A[1Gpulling manifest [K
pulling 1849ef83c4dd:  85% ▕███████████████   ▏ 4.4 GB/5.1 GB   12 MB/s     59s[K[?25h[?2026l[?2026h[?25l[A[1Gpulling manifest [K
pulling 1849ef83c4dd:  85% ▕███████████████   ▏ 4.4 GB/5.1 GB   12 MB/s     59s[K[?25h[?2026l[?2026h[?25l[A[1Gpulling manifest [K
pulling 1849ef83c4dd:  85% ▕███████████████   ▏ 4.4 GB/5.1 GB   12 MB/s     58s[K[?25h[?2026l[?2026h[?25l[A[1Gpulling manifest [K
pulling 1849ef83c4dd:  85% ▕███████████████   ▏ 4.4 GB/5.1 GB   12 MB/s     59s[K[?25h[?2026l[?2026h[?25l[A[1Gpulling manifest [K
pulling 1849ef83c4dd:  85% ▕███████████████   ▏ 4.4 GB/5.1 GB   12 MB/s     59s[K[?25h[?2026l[?2026h[?25l[A[1Gpulling manifest [K
pulling 1849ef83c4dd:  85% ▕███████████████   ▏ 4.4 GB/5.1 GB   12 MB/s     59s[K[?25h[?2026l[?2026h[?25l[A[1Gpulling manifest [K
pulling 1849ef83c4dd:  85% ▕███████████████   ▏ 4.4 GB/5.1 GB   12 MB/s     59s[K[?25h[?2026l[?2026h[?25l[A[1Gpulling manifest [K
pulling 1849ef83c4dd:  85% ▕███████████████   ▏ 4.4 GB/5.1 GB   12 MB/s     59s[K[?25h[?2026l[?2026h[?25l[A[1Gpulling manifest [K
pulling 1849ef83c4dd:  85% ▕███████████████   ▏ 4.4 GB/5.1 GB   12 MB/s     59s[K[?25h[?2026l[?2026h[?25l[A[1Gpulling manifest [K
pulling 1849ef83c4dd:  85% ▕███████████████   ▏ 4.4 GB/5.1 GB   12 MB/s     59s[K[?25h[?2026l[?2026h[?25l[A[1Gpulling manifest [K
pulling 1849ef83c4dd:  85% ▕███████████████   ▏ 4.4 GB/5.1 GB   12 MB/s     59s[K[?25h[?2026l[?2026h[?25l[A[1Gpulling manifest [K
pulling 1849ef83c4dd:  86% ▕███████████████   ▏ 4.4 GB/5.1 GB   12 MB/s     59s[K[?25h[?2026l[?2026h[?25l[A[1Gpulling manifest [K
pulling 1849ef83c4dd:  86% ▕███████████████   ▏ 4.4 GB/5.1 GB   12 MB/s     59s[K[?25h[?2026l[?2026h[?25l[A[1Gpulling manifest [K
pulling 1849ef83c4dd:  86% ▕███████████████   ▏ 4.4 GB/5.1 GB   12 MB/s     59s[K[?25h[?2026l[?2026h[?25l[A[1Gpulling manifest [K
pulling 1849ef83c4dd:  86% ▕███████████████   ▏ 4.4 GB/5.1 GB   12 MB/s     59s[K[?25h[?2026l[?2026h[?25l[A[1Gpulling manifest [K
pulling 1849ef83c4dd:  86% ▕███████████████   ▏ 4.4 GB/5.1 GB   12 MB/s     59s[K[?25h[?2026l[?2026h[?25l[A[1Gpulling manifest [K
pulling 1849ef83c4dd:  86% ▕███████████████   ▏ 4.4 GB/5.1 GB   12 MB/s     59s[K[?25h[?2026l[?2026h[?25l[A[1Gpulling manifest [K
pulling 1849ef83c4dd:  86% ▕███████████████   ▏ 4.4 GB/5.1 GB   12 MB/s     59s[K[?25h[?2026l[?2026h[?25l[A[1Gpulling manifest [K
pulling 1849ef83c4dd:  86% ▕███████████████   ▏ 4.4 GB/5.1 GB   12 MB/s     59s[K[?25h[?2026l[?2026h[?25l[A[1Gpulling manifest [K
pulling 1849ef83c4dd:  86% ▕███████████████   ▏ 4.4 GB/5.1 GB   12 MB/s     59s[K[?25h[?2026l[?2026h[?25l[A[1Gpulling manifest [K
pulling 1849ef83c4dd:  86% ▕███████████████   ▏ 4.4 GB/5.1 GB   12 MB/s     59s[K[?25h[?2026l[?2026h[?25l[A[1Gpulling manifest [K
pulling 1849ef83c4dd:  86% ▕███████████████   ▏ 4.4 GB/5.1 GB   12 MB/s     59s[K[?25h[?2026l[?2026h[?25l[A[1Gpulling manifest [K
pulling 1849ef83c4dd:  86% ▕███████████████   ▏ 4.4 GB/5.1 GB   12 MB/s     59s[K[?25h[?2026l[?2026h[?25l[A[1Gpulling manifest [K
pulling 1849ef83c4dd:  86% ▕███████████████   ▏ 4.4 GB/5.1 GB   11 MB/s    1m0s[K[?25h[?2026l[?2026h[?25l[A[1Gpulling manifest [K
pulling 1849ef83c4dd:  86% ▕███████████████   ▏ 4.4 GB/5.1 GB   11 MB/s    1m0s[K[?25h[?2026l[?2026h[?25l[A[1Gpulling manifest [K
pulling 1849ef83c4dd:  86% ▕███████████████   ▏ 4.4 GB/5.1 GB   11 MB/s    1m0s[K[?25h[?2026l[?2026h[?25l[A[1Gpulling manifest [K
pulling 1849ef83c4dd:  86% ▕███████████████   ▏ 4.4 GB/5.1 GB   11 MB/s    1m0s[K[?25h[?2026l[?2026h[?25l[A[1Gpulling manifest [K
pulling 1849ef83c4dd:  86% ▕███████████████   ▏ 4.4 GB/5.1 GB   11 MB/s    1m0s[K[?25h[?2026l[?2026h[?25l[A[1Gpulling manifest [K
pulling 1849ef83c4dd:  86% ▕███████████████   ▏ 4.4 GB/5.1 GB   11 MB/s    1m0s[K[?25h[?2026l[?2026h[?25l[A[1Gpulling manifest [K
pulling 1849ef83c4dd:  86% ▕███████████████   ▏ 4.4 GB/5.1 GB   11 MB/s    1m0s[K[?25h[?2026l[?2026h[?25l[A[1Gpulling manifest [K
pulling 1849ef83c4dd:  86% ▕███████████████   ▏ 4.4 GB/5.1 GB   11 MB/s    1m0s[K[?25h[?2026l[?2026h[?25l[A[1Gpulling manifest [K
pulling 1849ef83c4dd:  86% ▕███████████████   ▏ 4.4 GB/5.1 GB   11 MB/s    1m0s[K[?25h[?2026l[?2026h[?25l[A[1Gpulling manifest [K
pulling 1849ef83c4dd:  86% ▕███████████████   ▏ 4.4 GB/5.1 GB   11 MB/s    1m0s[K[?25h[?2026l[?2026h[?25l[A[1Gpulling manifest [K
pulling 1849ef83c4dd:  86% ▕███████████████   ▏ 4.4 GB/5.1 GB   11 MB/s    1m0s[K[?25h[?2026l[?2026h[?25l[A[1Gpulling manifest [K
pulling 1849ef83c4dd:  86% ▕███████████████   ▏ 4.4 GB/5.1 GB   11 MB/s    1m2s[K[?25h[?2026l[?2026h[?25l[A[1Gpulling manifest [K
pulling 1849ef83c4dd:  86% ▕███████████████   ▏ 4.4 GB/5.1 GB   11 MB/s    1m2s[K[?25h[?2026l[?2026h[?25l[A[1Gpulling manifest [K
pulling 1849ef83c4dd:  86% ▕███████████████   ▏ 4.4 GB/5.1 GB   11 MB/s    1m2s[K[?25h[?2026l[?2026h[?25l[A[1Gpulling manifest [K
pulling 1849ef83c4dd:  86% ▕███████████████   ▏ 4.4 GB/5.1 GB   11 MB/s    1m2s[K[?25h[?2026l[?2026h[?25l[A[1Gpulling manifest [K
pulling 1849ef83c4dd:  86% ▕███████████████   ▏ 4.4 GB/5.1 GB   11 MB/s    1m1s[K[?25h[?2026l[?2026h[?25l[A[1Gpulling manifest [K
pulling 1849ef83c4dd:  86% ▕███████████████   ▏ 4.4 GB/5.1 GB   11 MB/s    1m1s[K[?25h[?2026l[?2026h[?25l[A[1Gpulling manifest [K
pulling 1849ef83c4dd:  86% ▕███████████████   ▏ 4.4 GB/5.1 GB   11 MB/s    1m1s[K[?25h[?2026l[?2026h[?25l[A[1Gpulling manifest [K
pulling 1849ef83c4dd:  86% ▕███████████████   ▏ 4.4 GB/5.1 GB   11 MB/s    1m1s[K[?25h[?2026l[?2026h[?25l[A[1Gpulling manifest [K
pulling 1849ef83c4dd:  86% ▕███████████████   ▏ 4.4 GB/5.1 GB   11 MB/s    1m1s[K[?25h[?2026l[?2026h[?25l[A[1Gpulling manifest [K
pulling 1849ef83c4dd:  86% ▕███████████████   ▏ 4.4 GB/5.1 GB   11 MB/s    1m1s[K[?25h[?2026l[?2026h[?25l[A[1Gpulling manifest [K
pulling 1849ef83c4dd:  86% ▕███████████████   ▏ 4.4 GB/5.1 GB   11 MB/s    1m1s[K[?25h[?2026l[?2026h[?25l[A[1Gpulling manifest [K
pulling 1849ef83c4dd:  86% ▕███████████████   ▏ 4.4 GB/5.1 GB   11 MB/s    1m1s[K[?25h[?2026l[?2026h[?25l[A[1Gpulling manifest [K
pulling 1849ef83c4dd:  86% ▕███████████████   ▏ 4.4 GB/5.1 GB   11 MB/s    1m1s[K[?25h[?2026l[?2026h[?25l[A[1Gpulling manifest [K
pulling 1849ef83c4dd:  86% ▕███████████████   ▏ 4.4 GB/5.1 GB   11 MB/s    1m1s[K[?25h[?2026l[?2026h[?25l[A[1Gpulling manifest [K
pulling 1849ef83c4dd:  86% ▕███████████████   ▏ 4.4 GB/5.1 GB   11 MB/s    1m1s[K[?25h[?2026l[?2026h[?25l[A[1Gpulling manifest [K
pulling 1849ef83c4dd:  86% ▕███████████████   ▏ 4.4 GB/5.1 GB   11 MB/s    1m1s[K[?25h[?2026l[?2026h[?25l[A[1Gpulling manifest [K
pulling 1849ef83c4dd:  86% ▕███████████████   ▏ 4.4 GB/5.1 GB   11 MB/s    1m1s[K[?25h[?2026l[?2026h[?25l[A[1Gpulling manifest [K
pulling 1849ef83c4dd:  86% ▕███████████████   ▏ 4.4 GB/5.1 GB   11 MB/s    1m1s[K[?25h[?2026l[?2026h[?25l[A[1Gpulling manifest [K
pulling 1849ef83c4dd:  86% ▕███████████████   ▏ 4.4 GB/5.1 GB   11 MB/s    1m1s[K[?25h[?2026l[?2026h[?25l[A[1Gpulling manifest [K
pulling 1849ef83c4dd:  86% ▕███████████████   ▏ 4.4 GB/5.1 GB   11 MB/s    1m1s[K[?25h[?2026l[?2026h[?25l[A[1Gpulling manifest [K
pulling 1849ef83c4dd:  86% ▕███████████████   ▏ 4.4 GB/5.1 GB   11 MB/s    1m2s[K[?25h[?2026l[?2026h[?25l[A[1Gpulling manifest [K
pulling 1849ef83c4dd:  86% ▕███████████████   ▏ 4.4 GB/5.1 GB   11 MB/s    1m2s[K[?25h[?2026l[?2026h[?25l[A[1Gpulling manifest [K
pulling 1849ef83c4dd:  86% ▕███████████████   ▏ 4.4 GB/5.1 GB   11 MB/s    1m2s[K[?25h[?2026l[?2026h[?25l[A[1Gpulling manifest [K
pulling 1849ef83c4dd:  86% ▕███████████████   ▏ 4.4 GB/5.1 GB   11 MB/s    1m2s[K[?25h[?2026l[?2026h[?25l[A[1Gpulling manifest [K
pulling 1849ef83c4dd:  86% ▕███████████████   ▏ 4.4 GB/5.1 GB   11 MB/s    1m2s[K[?25h[?2026l[?2026h[?25l[A[1Gpulling manifest [K
pulling 1849ef83c4dd:  86% ▕███████████████   ▏ 4.4 GB/5.1 GB   11 MB/s    1m2s[K[?25h[?2026l[?2026h[?25l[A[1Gpulling manifest [K
pulling 1849ef83c4dd:  86% ▕███████████████   ▏ 4.4 GB/5.1 GB   11 MB/s    1m2s[K[?25h[?2026l[?2026h[?25l[A[1Gpulling manifest [K
pulling 1849ef83c4dd:  87% ▕███████████████   ▏ 4.4 GB/5.1 GB   11 MB/s    1m2s[K[?25h[?2026l[?2026h[?25l[A[1Gpulling manifest [K
pulling 1849ef83c4dd:  87% ▕███████████████   ▏ 4.4 GB/5.1 GB   11 MB/s    1m2s[K[?25h[?2026l[?2026h[?25l[A[1Gpulling manifest [K
pulling 1849ef83c4dd:  87% ▕███████████████   ▏ 4.4 GB/5.1 GB   11 MB/s    1m2s[K[?25h[?2026l[?2026h[?25l[A[1Gpulling manifest [K
pulling 1849ef83c4dd:  87% ▕███████████████   ▏ 4.4 GB/5.1 GB   10 MB/s    1m3s[K[?25h[?2026l[?2026h[?25l[A[1Gpulling manifest [K
pulling 1849ef83c4dd:  87% ▕███████████████   ▏ 4.4 GB/5.1 GB   10 MB/s    1m3s[K[?25h[?2026l[?2026h[?25l[A[1Gpulling manifest [K
pulling 1849ef83c4dd:  87% ▕███████████████   ▏ 4.4 GB/5.1 GB   10 MB/s    1m3s[K[?25h[?2026l[?2026h[?25l[A[1Gpulling manifest [K
pulling 1849ef83c4dd:  87% ▕███████████████   ▏ 4.4 GB/5.1 GB   10 MB/s    1m3s[K[?25h[?2026l[?2026h[?25l[A[1Gpulling manifest [K
pulling 1849ef83c4dd:  87% ▕███████████████   ▏ 4.4 GB/5.1 GB   10 MB/s    1m3s[K[?25h[?2026l[?2026h[?25l[A[1Gpulling manifest [K
pulling 1849ef83c4dd:  87% ▕███████████████   ▏ 4.4 GB/5.1 GB   10 MB/s    1m2s[K[?25h[?2026l[?2026h[?25l[A[1Gpulling manifest [K
pulling 1849ef83c4dd:  87% ▕███████████████   ▏ 4.4 GB/5.1 GB   10 MB/s    1m2s[K[?25h[?2026l[?2026h[?25l[A[1Gpulling manifest [K
pulling 1849ef83c4dd:  87% ▕███████████████   ▏ 4.5 GB/5.1 GB   10 MB/s    1m2s[K[?25h[?2026l[?2026h[?25l[A[1Gpulling manifest [K
pulling 1849ef83c4dd:  87% ▕███████████████   ▏ 4.5 GB/5.1 GB   10 MB/s    1m2s[K[?25h[?2026l[?2026h[?25l[A[1Gpulling manifest [K
pulling 1849ef83c4dd:  87% ▕███████████████   ▏ 4.5 GB/5.1 GB   10 MB/s    1m2s[K[?25h[?2026l[?2026h[?25l[A[1Gpulling manifest [K
pulling 1849ef83c4dd:  87% ▕███████████████   ▏ 4.5 GB/5.1 GB   10 MB/s    1m5s[K[?25h[?2026l[?2026h[?25l[A[1Gpulling manifest [K
pulling 1849ef83c4dd:  87% ▕███████████████   ▏ 4.5 GB/5.1 GB   10 MB/s    1m5s[K[?25h[?2026l[?2026h[?25l[A[1Gpulling manifest [K
pulling 1849ef83c4dd:  87% ▕███████████████   ▏ 4.5 GB/5.1 GB   10 MB/s    1m5s[K[?25h[?2026l[?2026h[?25l[A[1Gpulling manifest [K
pulling 1849ef83c4dd:  87% ▕███████████████   ▏ 4.5 GB/5.1 GB   10 MB/s    1m4s[K[?25h[?2026l[?2026h[?25l[A[1Gpulling manifest [K
pulling 1849ef83c4dd:  87% ▕███████████████   ▏ 4.5 GB/5.1 GB   10 MB/s    1m4s[K[?25h[?2026l[?2026h[?25l[A[1Gpulling manifest [K
pulling 1849ef83c4dd:  87% ▕███████████████   ▏ 4.5 GB/5.1 GB   10 MB/s    1m4s[K[?25h[?2026l[?2026h[?25l[A[1Gpulling manifest [K
pulling 1849ef83c4dd:  87% ▕███████████████   ▏ 4.5 GB/5.1 GB   10 MB/s    1m4s[K[?25h[?2026l[?2026h[?25l[A[1Gpulling manifest [K
pulling 1849ef83c4dd:  87% ▕███████████████   ▏ 4.5 GB/5.1 GB   10 MB/s    1m4s[K[?25h[?2026l[?2026h[?25l[A[1Gpulling manifest [K
pulling 1849ef83c4dd:  87% ▕███████████████   ▏ 4.5 GB/5.1 GB   10 MB/s    1m4s[K[?25h[?2026l[?2026h[?25l[A[1Gpulling manifest [K
pulling 1849ef83c4dd:  87% ▕███████████████   ▏ 4.5 GB/5.1 GB   10 MB/s    1m4s[K[?25h[?2026l[?2026h[?25l[A[1Gpulling manifest [K
pulling 1849ef83c4dd:  87% ▕███████████████   ▏ 4.5 GB/5.1 GB   10 MB/s    1m4s[K[?25h[?2026l[?2026h[?25l[A[1Gpulling manifest [K
pulling 1849ef83c4dd:  87% ▕███████████████   ▏ 4.5 GB/5.1 GB   10 MB/s    1m5s[K[?25h[?2026l[?2026h[?25l[A[1Gpulling manifest [K
pulling 1849ef83c4dd:  87% ▕███████████████   ▏ 4.5 GB/5.1 GB   10 MB/s    1m4s[K[?25h[?2026l[?2026h[?25l[A[1Gpulling manifest [K
pulling 1849ef83c4dd:  87% ▕███████████████   ▏ 4.5 GB/5.1 GB   10 MB/s    1m4s[K[?25h[?2026l[?2026h[?25l[A[1Gpulling manifest [K
pulling 1849ef83c4dd:  87% ▕███████████████   ▏ 4.5 GB/5.1 GB   10 MB/s    1m4s[K[?25h[?2026l[?2026h[?25l[A[1Gpulling manifest [K
pulling 1849ef83c4dd:  87% ▕███████████████   ▏ 4.5 GB/5.1 GB   10 MB/s    1m4s[K[?25h[?2026l[?2026h[?25l[A[1Gpulling manifest [K
pulling 1849ef83c4dd:  87% ▕███████████████   ▏ 4.5 GB/5.1 GB   10 MB/s    1m4s[K[?25h[?2026l[?2026h[?25l[A[1Gpulling manifest [K
pulling 1849ef83c4dd:  87% ▕███████████████   ▏ 4.5 GB/5.1 GB   10 MB/s    1m4s[K[?25h[?2026l[?2026h[?25l[A[1Gpulling manifest [K
pulling 1849ef83c4dd:  87% ▕███████████████   ▏ 4.5 GB/5.1 GB   10 MB/s    1m4s[K[?25h[?2026l[?2026h[?25l[A[1Gpulling manifest [K
pulling 1849ef83c4dd:  87% ▕███████████████   ▏ 4.5 GB/5.1 GB   10 MB/s    1m4s[K[?25h[?2026l[?2026h[?25l[A[1Gpulling manifest [K
pulling 1849ef83c4dd:  87% ▕███████████████   ▏ 4.5 GB/5.1 GB   10 MB/s    1m4s[K[?25h[?2026l[?2026h[?25l[A[1Gpulling manifest [K
pulling 1849ef83c4dd:  87% ▕███████████████   ▏ 4.5 GB/5.1 GB   10 MB/s    1m4s[K[?25h[?2026l[?2026h[?25l[A[1Gpulling manifest [K
pulling 1849ef83c4dd:  87% ▕███████████████   ▏ 4.5 GB/5.1 GB   10 MB/s    1m4s[K[?25h[?2026l[?2026h[?25l[A[1Gpulling manifest [K
pulling 1849ef83c4dd:  87% ▕███████████████   ▏ 4.5 GB/5.1 GB   10 MB/s    1m4s[K[?25h[?2026l[?2026h[?25l[A[1Gpulling manifest [K
pulling 1849ef83c4dd:  87% ▕███████████████   ▏ 4.5 GB/5.1 GB   10 MB/s    1m4s[K[?25h[?2026l[?2026h[?25l[A[1Gpulling manifest [K
pulling 1849ef83c4dd:  87% ▕███████████████   ▏ 4.5 GB/5.1 GB   10 MB/s    1m4s[K[?25h[?2026l[?2026h[?25l[A[1Gpulling manifest [K
pulling 1849ef83c4dd:  87% ▕███████████████   ▏ 4.5 GB/5.1 GB   10 MB/s    1m4s[K[?25h[?2026l[?2026h[?25l[A[1Gpulling manifest [K
pulling 1849ef83c4dd:  87% ▕███████████████   ▏ 4.5 GB/5.1 GB   10 MB/s    1m4s[K[?25h[?2026l[?2026h[?25l[A[1Gpulling manifest [K
pulling 1849ef83c4dd:  87% ▕███████████████   ▏ 4.5 GB/5.1 GB   10 MB/s    1m4s[K[?25h[?2026l[?2026h[?25l[A[1Gpulling manifest [K
pulling 1849ef83c4dd:  87% ▕███████████████   ▏ 4.5 GB/5.1 GB   10 MB/s    1m3s[K[?25h[?2026l[?2026h[?25l[A[1Gpulling manifest [K
pulling 1849ef83c4dd:  87% ▕███████████████   ▏ 4.5 GB/5.1 GB   10 MB/s    1m3s[K[?25h[?2026l[?2026h[?25l[A[1Gpulling manifest [K
pulling 1849ef83c4dd:  87% ▕██████████████   ▏ 4.5 GB/5.1 GB  10.0 MB/s    1m5s[K[?25h[?2026l[?2026h[?25l[A[1Gpulling manifest [K
pulling 1849ef83c4dd:  87% ▕██████████████   ▏ 4.5 GB/5.1 GB  10.0 MB/s    1m4s[K[?25h[?2026l[?2026h[?25l[A[1Gpulling manifest [K
pulling 1849ef83c4dd:  87% ▕██████████████   ▏ 4.5 GB/5.1 GB  10.0 MB/s    1m4s[K[?25h[?2026l[?2026h[?25l[A[1Gpulling manifest [K
pulling 1849ef83c4dd:  87% ▕██████████████   ▏ 4.5 GB/5.1 GB  10.0 MB/s    1m4s[K[?25h[?2026l[?2026h[?25l[A[1Gpulling manifest [K
pulling 1849ef83c4dd:  87% ▕██████████████   ▏ 4.5 GB/5.1 GB  10.0 MB/s    1m4s[K[?25h[?2026l[?2026h[?25l[A[1Gpulling manifest [K
pulling 1849ef83c4dd:  87% ▕██████████████   ▏ 4.5 GB/5.1 GB  10.0 MB/s    1m4s[K[?25h[?2026l[?2026h[?25l[A[1Gpulling manifest [K
pulling 1849ef83c4dd:  87% ▕██████████████   ▏ 4.5 GB/5.1 GB  10.0 MB/s    1m4s[K[?25h[?2026l[?2026h[?25l[A[1Gpulling manifest [K
pulling 1849ef83c4dd:  87% ▕██████████████   ▏ 4.5 GB/5.1 GB  10.0 MB/s    1m4s[K[?25h[?2026l[?2026h[?25l[A[1Gpulling manifest [K
pulling 1849ef83c4dd:  87% ▕██████████████   ▏ 4.5 GB/5.1 GB  10.0 MB/s    1m4s[K[?25h[?2026l[?2026h[?25l[A[1Gpulling manifest [K
pulling 1849ef83c4dd:  87% ▕██████████████   ▏ 4.5 GB/5.1 GB  10.0 MB/s    1m4s[K[?25h[?2026l[?2026h[?25l[A[1Gpulling manifest [K
pulling 1849ef83c4dd:  88% ▕███████████████   ▏ 4.5 GB/5.1 GB  9.8 MB/s    1m5s[K[?25h[?2026l[?2026h[?25l[A[1Gpulling manifest [K
pulling 1849ef83c4dd:  88% ▕███████████████   ▏ 4.5 GB/5.1 GB  9.8 MB/s    1m5s[K[?25h[?2026l[?2026h[?25l[A[1Gpulling manifest [K
pulling 1849ef83c4dd:  88% ▕███████████████   ▏ 4.5 GB/5.1 GB  9.8 MB/s    1m4s[K[?25h[?2026l[?2026h[?25l[A[1Gpulling manifest [K
pulling 1849ef83c4dd:  88% ▕███████████████   ▏ 4.5 GB/5.1 GB  9.8 MB/s    1m4s[K[?25h[?2026l[?2026h[?25l[A[1Gpulling manifest [K
pulling 1849ef83c4dd:  88% ▕███████████████   ▏ 4.5 GB/5.1 GB  9.8 MB/s    1m4s[K[?25h[?2026l[?2026h[?25l[A[1Gpulling manifest [K
pulling 1849ef83c4dd:  88% ▕███████████████   ▏ 4.5 GB/5.1 GB  9.8 MB/s    1m4s[K[?25h[?2026l[?2026h[?25l[A[1Gpulling manifest [K
pulling 1849ef83c4dd:  88% ▕███████████████   ▏ 4.5 GB/5.1 GB  9.8 MB/s    1m4s[K[?25h[?2026l[?2026h[?25l[A[1Gpulling manifest [K
pulling 1849ef83c4dd:  88% ▕███████████████   ▏ 4.5 GB/5.1 GB  9.8 MB/s    1m4s[K[?25h[?2026l[?2026h[?25l[A[1Gpulling manifest [K
pulling 1849ef83c4dd:  88% ▕███████████████   ▏ 4.5 GB/5.1 GB  9.8 MB/s    1m4s[K[?25h[?2026l[?2026h[?25l[A[1Gpulling manifest [K
pulling 1849ef83c4dd:  88% ▕███████████████   ▏ 4.5 GB/5.1 GB  9.8 MB/s    1m4s[K[?25h[?2026l[?2026h[?25l[A[1Gpulling manifest [K
pulling 1849ef83c4dd:  88% ▕███████████████   ▏ 4.5 GB/5.1 GB   10 MB/s    1m2s[K[?25h[?2026l[?2026h[?25l[A[1Gpulling manifest [K
pulling 1849ef83c4dd:  88% ▕███████████████   ▏ 4.5 GB/5.1 GB   10 MB/s    1m2s[K[?25h[?2026l[?2026h[?25l[A[1Gpulling manifest [K
pulling 1849ef83c4dd:  88% ▕███████████████   ▏ 4.5 GB/5.1 GB   10 MB/s    1m2s[K[?25h[?2026l[?2026h[?25l[A[1Gpulling manifest [K
pulling 1849ef83c4dd:  88% ▕███████████████   ▏ 4.5 GB/5.1 GB   10 MB/s    1m2s[K[?25h[?2026l[?2026h[?25l[A[1Gpulling manifest [K
pulling 1849ef83c4dd:  88% ▕███████████████   ▏ 4.5 GB/5.1 GB   10 MB/s    1m2s[K[?25h[?2026l[?2026h[?25l[A[1Gpulling manifest [K
pulling 1849ef83c4dd:  88% ▕███████████████   ▏ 4.5 GB/5.1 GB   10 MB/s    1m2s[K[?25h[?2026l[?2026h[?25l[A[1Gpulling manifest [K
pulling 1849ef83c4dd:  88% ▕███████████████   ▏ 4.5 GB/5.1 GB   10 MB/s    1m2s[K[?25h[?2026l[?2026h[?25l[A[1Gpulling manifest [K
pulling 1849ef83c4dd:  88% ▕███████████████   ▏ 4.5 GB/5.1 GB   10 MB/s    1m2s[K[?25h[?2026l[?2026h[?25l[A[1Gpulling manifest [K
pulling 1849ef83c4dd:  88% ▕███████████████   ▏ 4.5 GB/5.1 GB   10 MB/s    1m1s[K[?25h[?2026l[?2026h[?25l[A[1Gpulling manifest [K
pulling 1849ef83c4dd:  88% ▕███████████████   ▏ 4.5 GB/5.1 GB   10 MB/s    1m1s[K[?25h[?2026l[?2026h[?25l[A[1Gpulling manifest [K
pulling 1849ef83c4dd:  88% ▕███████████████   ▏ 4.5 GB/5.1 GB   10 MB/s    1m1s[K[?25h[?2026l[?2026h[?25l[A[1Gpulling manifest [K
pulling 1849ef83c4dd:  88% ▕██████████████   ▏ 4.5 GB/5.1 GB  10.0 MB/s    1m1s[K[?25h[?2026l[?2026h[?25l[A[1Gpulling manifest [K
pulling 1849ef83c4dd:  88% ▕██████████████   ▏ 4.5 GB/5.1 GB  10.0 MB/s    1m1s[K[?25h[?2026l[?2026h[?25l[A[1Gpulling manifest [K
pulling 1849ef83c4dd:  88% ▕██████████████   ▏ 4.5 GB/5.1 GB  10.0 MB/s    1m1s[K[?25h[?2026l[?2026h[?25l[A[1Gpulling manifest [K
pulling 1849ef83c4dd:  88% ▕██████████████   ▏ 4.5 GB/5.1 GB  10.0 MB/s    1m1s[K[?25h[?2026l[?2026h[?25l[A[1Gpulling manifest [K
pulling 1849ef83c4dd:  88% ▕██████████████   ▏ 4.5 GB/5.1 GB  10.0 MB/s    1m1s[K[?25h[?2026l[?2026h[?25l[A[1Gpulling manifest [K
pulling 1849ef83c4dd:  88% ▕██████████████   ▏ 4.5 GB/5.1 GB  10.0 MB/s    1m1s[K[?25h[?2026l[?2026h[?25l[A[1Gpulling manifest [K
pulling 1849ef83c4dd:  88% ▕██████████████   ▏ 4.5 GB/5.1 GB  10.0 MB/s    1m1s[K[?25h[?2026l[?2026h[?25l[A[1Gpulling manifest [K
pulling 1849ef83c4dd:  88% ▕██████████████   ▏ 4.5 GB/5.1 GB  10.0 MB/s    1m1s[K[?25h[?2026l[?2026h[?25l[A[1Gpulling manifest [K
pulling 1849ef83c4dd:  88% ▕██████████████   ▏ 4.5 GB/5.1 GB  10.0 MB/s    1m0s[K[?25h[?2026l[?2026h[?25l[A[1Gpulling manifest [K
pulling 1849ef83c4dd:  88% ▕██████████████   ▏ 4.5 GB/5.1 GB  10.0 MB/s    1m0s[K[?25h[?2026l[?2026h[?25l[A[1Gpulling manifest [K
pulling 1849ef83c4dd:  88% ▕███████████████   ▏ 4.5 GB/5.1 GB   10 MB/s    1m0s[K[?25h[?2026l[?2026h[?25l[A[1Gpulling manifest [K
pulling 1849ef83c4dd:  88% ▕███████████████   ▏ 4.5 GB/5.1 GB   10 MB/s    1m0s[K[?25h[?2026l[?2026h[?25l[A[1Gpulling manifest [K
pulling 1849ef83c4dd:  88% ▕███████████████   ▏ 4.5 GB/5.1 GB   10 MB/s    1m0s[K[?25h[?2026l[?2026h[?25l[A[1Gpulling manifest [K
pulling 1849ef83c4dd:  88% ▕███████████████   ▏ 4.5 GB/5.1 GB   10 MB/s    1m0s[K[?25h[?2026l[?2026h[?25l[A[1Gpulling manifest [K
pulling 1849ef83c4dd:  88% ▕███████████████   ▏ 4.5 GB/5.1 GB   10 MB/s    1m0s[K[?25h[?2026l[?2026h[?25l[A[1Gpulling manifest [K
pulling 1849ef83c4dd:  88% ▕███████████████   ▏ 4.5 GB/5.1 GB   10 MB/s    1m0s[K[?25h[?2026l[?2026h[?25l[A[1Gpulling manifest [K
pulling 1849ef83c4dd:  88% ▕███████████████   ▏ 4.5 GB/5.1 GB   10 MB/s    1m0s[K[?25h[?2026l[?2026h[?25l[A[1Gpulling manifest [K
pulling 1849ef83c4dd:  88% ▕███████████████   ▏ 4.5 GB/5.1 GB   10 MB/s     59s[K[?25h[?2026l[?2026h[?25l[A[1Gpulling manifest [K
pulling 1849ef83c4dd:  88% ▕███████████████   ▏ 4.5 GB/5.1 GB   10 MB/s     59s[K[?25h[?2026l[?2026h[?25l[A[1Gpulling manifest [K
pulling 1849ef83c4dd:  88% ▕███████████████   ▏ 4.5 GB/5.1 GB   10 MB/s     59s[K[?25h[?2026l[?2026h[?25l[A[1Gpulling manifest [K
pulling 1849ef83c4dd:  88% ▕███████████████   ▏ 4.5 GB/5.1 GB   10 MB/s     58s[K[?25h[?2026l[?2026h[?25l[A[1Gpulling manifest [K
pulling 1849ef83c4dd:  88% ▕███████████████   ▏ 4.5 GB/5.1 GB   10 MB/s     58s[K[?25h[?2026l[?2026h[?25l[A[1Gpulling manifest [K
pulling 1849ef83c4dd:  88% ▕███████████████   ▏ 4.5 GB/5.1 GB   10 MB/s     58s[K[?25h[?2026l[?2026h[?25l[A[1Gpulling manifest [K
pulling 1849ef83c4dd:  88% ▕███████████████   ▏ 4.5 GB/5.1 GB   10 MB/s     58s[K[?25h[?2026l[?2026h[?25l[A[1Gpulling manifest [K
pulling 1849ef83c4dd:  88% ▕███████████████   ▏ 4.5 GB/5.1 GB   10 MB/s     57s[K[?25h[?2026l[?2026h[?25l[A[1Gpulling manifest [K
pulling 1849ef83c4dd:  88% ▕███████████████   ▏ 4.5 GB/5.1 GB   10 MB/s     57s[K[?25h[?2026l[?2026h[?25l[A[1Gpulling manifest [K
pulling 1849ef83c4dd:  88% ▕███████████████   ▏ 4.5 GB/5.1 GB   10 MB/s     57s[K[?25h[?2026l[?2026h[?25l[A[1Gpulling manifest [K
pulling 1849ef83c4dd:  89% ▕███████████████   ▏ 4.5 GB/5.1 GB   10 MB/s     57s[K[?25h[?2026l[?2026h[?25l[A[1Gpulling manifest [K
pulling 1849ef83c4dd:  89% ▕███████████████   ▏ 4.5 GB/5.1 GB   10 MB/s     57s[K[?25h[?2026l[?2026h[?25l[A[1Gpulling manifest [K
pulling 1849ef83c4dd:  89% ▕███████████████   ▏ 4.5 GB/5.1 GB   10 MB/s     57s[K[?25h[?2026l[?2026h[?25l[A[1Gpulling manifest [K
pulling 1849ef83c4dd:  89% ▕███████████████   ▏ 4.5 GB/5.1 GB   10 MB/s     55s[K[?25h[?2026l[?2026h[?25l[A[1Gpulling manifest [K
pulling 1849ef83c4dd:  89% ▕███████████████   ▏ 4.5 GB/5.1 GB   10 MB/s     55s[K[?25h[?2026l[?2026h[?25l[A[1Gpulling manifest [K
pulling 1849ef83c4dd:  89% ▕███████████████   ▏ 4.5 GB/5.1 GB   10 MB/s     55s[K[?25h[?2026l[?2026h[?25l[A[1Gpulling manifest [K
pulling 1849ef83c4dd:  89% ▕███████████████   ▏ 4.6 GB/5.1 GB   10 MB/s     55s[K[?25h[?2026l[?2026h[?25l[A[1Gpulling manifest [K
pulling 1849ef83c4dd:  89% ▕███████████████   ▏ 4.6 GB/5.1 GB   10 MB/s     54s[K[?25h[?2026l[?2026h[?25l[A[1Gpulling manifest [K
pulling 1849ef83c4dd:  89% ▕███████████████   ▏ 4.6 GB/5.1 GB   10 MB/s     54s[K[?25h[?2026l[?2026h[?25l[A[1Gpulling manifest [K
pulling 1849ef83c4dd:  89% ▕███████████████   ▏ 4.6 GB/5.1 GB   10 MB/s     54s[K[?25h[?2026l[?2026h[?25l[A[1Gpulling manifest [K
pulling 1849ef83c4dd:  89% ▕███████████████   ▏ 4.6 GB/5.1 GB   10 MB/s     54s[K[?25h[?2026l[?2026h[?25l[A[1Gpulling manifest [K
pulling 1849ef83c4dd:  89% ▕███████████████   ▏ 4.6 GB/5.1 GB   10 MB/s     54s[K[?25h[?2026l[?2026h[?25l[A[1Gpulling manifest [K
pulling 1849ef83c4dd:  89% ▕███████████████   ▏ 4.6 GB/5.1 GB   10 MB/s     54s[K[?25h[?2026l[?2026h[?25l[A[1Gpulling manifest [K
pulling 1849ef83c4dd:  89% ▕███████████████   ▏ 4.6 GB/5.1 GB   10 MB/s     53s[K[?25h[?2026l[?2026h[?25l[A[1Gpulling manifest [K
pulling 1849ef83c4dd:  89% ▕███████████████   ▏ 4.6 GB/5.1 GB   10 MB/s     53s[K[?25h[?2026l[?2026h[?25l[A[1Gpulling manifest [K
pulling 1849ef83c4dd:  89% ▕███████████████   ▏ 4.6 GB/5.1 GB   10 MB/s     53s[K[?25h[?2026l[?2026h[?25l[A[1Gpulling manifest [K
pulling 1849ef83c4dd:  89% ▕███████████████   ▏ 4.6 GB/5.1 GB   10 MB/s     53s[K[?25h[?2026l[?2026h[?25l[A[1Gpulling manifest [K
pulling 1849ef83c4dd:  89% ▕████████████████  ▏ 4.6 GB/5.1 GB   10 MB/s     53s[K[?25h[?2026l[?2026h[?25l[A[1Gpulling manifest [K
pulling 1849ef83c4dd:  89% ▕████████████████  ▏ 4.6 GB/5.1 GB   10 MB/s     52s[K[?25h[?2026l[?2026h[?25l[A[1Gpulling manifest [K
pulling 1849ef83c4dd:  89% ▕████████████████  ▏ 4.6 GB/5.1 GB   10 MB/s     52s[K[?25h[?2026l[?2026h[?25l[A[1Gpulling manifest [K
pulling 1849ef83c4dd:  89% ▕████████████████  ▏ 4.6 GB/5.1 GB   10 MB/s     52s[K[?25h[?2026l[?2026h[?25l[A[1Gpulling manifest [K
pulling 1849ef83c4dd:  89% ▕████████████████  ▏ 4.6 GB/5.1 GB   10 MB/s     52s[K[?25h[?2026l[?2026h[?25l[A[1Gpulling manifest [K
pulling 1849ef83c4dd:  89% ▕████████████████  ▏ 4.6 GB/5.1 GB   10 MB/s     52s[K[?25h[?2026l[?2026h[?25l[A[1Gpulling manifest [K
pulling 1849ef83c4dd:  89% ▕████████████████  ▏ 4.6 GB/5.1 GB   10 MB/s     52s[K[?25h[?2026l[?2026h[?25l[A[1Gpulling manifest [K
pulling 1849ef83c4dd:  89% ▕████████████████  ▏ 4.6 GB/5.1 GB   10 MB/s     51s[K[?25h[?2026l[?2026h[?25l[A[1Gpulling manifest [K
pulling 1849ef83c4dd:  89% ▕████████████████  ▏ 4.6 GB/5.1 GB   10 MB/s     51s[K[?25h[?2026l[?2026h[?25l[A[1Gpulling manifest [K
pulling 1849ef83c4dd:  89% ▕████████████████  ▏ 4.6 GB/5.1 GB   10 MB/s     51s[K[?25h[?2026l[?2026h[?25l[A[1Gpulling manifest [K
pulling 1849ef83c4dd:  89% ▕████████████████  ▏ 4.6 GB/5.1 GB   10 MB/s     51s[K[?25h[?2026l[?2026h[?25l[A[1Gpulling manifest [K
pulling 1849ef83c4dd:  89% ▕████████████████  ▏ 4.6 GB/5.1 GB   10 MB/s     51s[K[?25h[?2026l[?2026h[?25l[A[1Gpulling manifest [K
pulling 1849ef83c4dd:  89% ▕████████████████  ▏ 4.6 GB/5.1 GB   10 MB/s     51s[K[?25h[?2026l[?2026h[?25l[A[1Gpulling manifest [K
pulling 1849ef83c4dd:  89% ▕████████████████  ▏ 4.6 GB/5.1 GB   10 MB/s     51s[K[?25h[?2026l[?2026h[?25l[A[1Gpulling manifest [K
pulling 1849ef83c4dd:  89% ▕████████████████  ▏ 4.6 GB/5.1 GB   10 MB/s     51s[K[?25h[?2026l[?2026h[?25l[A[1Gpulling manifest [K
pulling 1849ef83c4dd:  89% ▕████████████████  ▏ 4.6 GB/5.1 GB   10 MB/s     50s[K[?25h[?2026l[?2026h[?25l[A[1Gpulling manifest [K
pulling 1849ef83c4dd:  89% ▕████████████████  ▏ 4.6 GB/5.1 GB   10 MB/s     50s[K[?25h[?2026l[?2026h[?25l[A[1Gpulling manifest [K
pulling 1849ef83c4dd:  89% ▕████████████████  ▏ 4.6 GB/5.1 GB   11 MB/s     50s[K[?25h[?2026l[?2026h[?25l[A[1Gpulling manifest [K
pulling 1849ef83c4dd:  89% ▕████████████████  ▏ 4.6 GB/5.1 GB   11 MB/s     50s[K[?25h[?2026l[?2026h[?25l[A[1Gpulling manifest [K
pulling 1849ef83c4dd:  89% ▕████████████████  ▏ 4.6 GB/5.1 GB   11 MB/s     49s[K[?25h[?2026l[?2026h[?25l[A[1Gpulling manifest [K
pulling 1849ef83c4dd:  89% ▕████████████████  ▏ 4.6 GB/5.1 GB   11 MB/s     49s[K[?25h[?2026l[?2026h[?25l[A[1Gpulling manifest [K
pulling 1849ef83c4dd:  89% ▕████████████████  ▏ 4.6 GB/5.1 GB   11 MB/s     49s[K[?25h[?2026l[?2026h[?25l[A[1Gpulling manifest [K
pulling 1849ef83c4dd:  89% ▕████████████████  ▏ 4.6 GB/5.1 GB   11 MB/s     49s[K[?25h[?2026l[?2026h[?25l[A[1Gpulling manifest [K
pulling 1849ef83c4dd:  89% ▕████████████████  ▏ 4.6 GB/5.1 GB   11 MB/s     49s[K[?25h[?2026l[?2026h[?25l[A[1Gpulling manifest [K
pulling 1849ef83c4dd:  89% ▕████████████████  ▏ 4.6 GB/5.1 GB   11 MB/s     49s[K[?25h[?2026l[?2026h[?25l[A[1Gpulling manifest [K
pulling 1849ef83c4dd:  89% ▕████████████████  ▏ 4.6 GB/5.1 GB   11 MB/s     49s[K[?25h[?2026l[?2026h[?25l[A[1Gpulling manifest [K
pulling 1849ef83c4dd:  89% ▕████████████████  ▏ 4.6 GB/5.1 GB   11 MB/s     49s[K[?25h[?2026l[?2026h[?25l[A[1Gpulling manifest [K
pulling 1849ef83c4dd:  89% ▕████████████████  ▏ 4.6 GB/5.1 GB   11 MB/s     47s[K[?25h[?2026l[?2026h[?25l[A[1Gpulling manifest [K
pulling 1849ef83c4dd:  90% ▕████████████████  ▏ 4.6 GB/5.1 GB   11 MB/s     47s[K[?25h[?2026l[?2026h[?25l[A[1Gpulling manifest [K
pulling 1849ef83c4dd:  90% ▕████████████████  ▏ 4.6 GB/5.1 GB   11 MB/s     47s[K[?25h[?2026l[?2026h[?25l[A[1Gpulling manifest [K
pulling 1849ef83c4dd:  90% ▕████████████████  ▏ 4.6 GB/5.1 GB   11 MB/s     47s[K[?25h[?2026l[?2026h[?25l[A[1Gpulling manifest [K
pulling 1849ef83c4dd:  90% ▕████████████████  ▏ 4.6 GB/5.1 GB   11 MB/s     47s[K[?25h[?2026l[?2026h[?25l[A[1Gpulling manifest [K
pulling 1849ef83c4dd:  90% ▕████████████████  ▏ 4.6 GB/5.1 GB   11 MB/s     47s[K[?25h[?2026l[?2026h[?25l[A[1Gpulling manifest [K
pulling 1849ef83c4dd:  90% ▕████████████████  ▏ 4.6 GB/5.1 GB   11 MB/s     47s[K[?25h[?2026l[?2026h[?25l[A[1Gpulling manifest [K
pulling 1849ef83c4dd:  90% ▕████████████████  ▏ 4.6 GB/5.1 GB   11 MB/s     47s[K[?25h[?2026l[?2026h[?25l[A[1Gpulling manifest [K
pulling 1849ef83c4dd:  90% ▕████████████████  ▏ 4.6 GB/5.1 GB   11 MB/s     47s[K[?25h[?2026l[?2026h[?25l[A[1Gpulling manifest [K
pulling 1849ef83c4dd:  90% ▕████████████████  ▏ 4.6 GB/5.1 GB   11 MB/s     47s[K[?25h[?2026l[?2026h[?25l[A[1Gpulling manifest [K
pulling 1849ef83c4dd:  90% ▕████████████████  ▏ 4.6 GB/5.1 GB   11 MB/s     46s[K[?25h[?2026l[?2026h[?25l[A[1Gpulling manifest [K
pulling 1849ef83c4dd:  90% ▕████████████████  ▏ 4.6 GB/5.1 GB   11 MB/s     46s[K[?25h[?2026l[?2026h[?25l[A[1Gpulling manifest [K
pulling 1849ef83c4dd:  90% ▕████████████████  ▏ 4.6 GB/5.1 GB   11 MB/s     46s[K[?25h[?2026l[?2026h[?25l[A[1Gpulling manifest [K
pulling 1849ef83c4dd:  90% ▕████████████████  ▏ 4.6 GB/5.1 GB   11 MB/s     46s[K[?25h[?2026l[?2026h[?25l[A[1Gpulling manifest [K
pulling 1849ef83c4dd:  90% ▕████████████████  ▏ 4.6 GB/5.1 GB   11 MB/s     46s[K[?25h[?2026l[?2026h[?25l[A[1Gpulling manifest [K
pulling 1849ef83c4dd:  90% ▕████████████████  ▏ 4.6 GB/5.1 GB   11 MB/s     46s[K[?25h[?2026l[?2026h[?25l[A[1Gpulling manifest [K
pulling 1849ef83c4dd:  90% ▕████████████████  ▏ 4.6 GB/5.1 GB   11 MB/s     46s[K[?25h[?2026l[?2026h[?25l[A[1Gpulling manifest [K
pulling 1849ef83c4dd:  90% ▕████████████████  ▏ 4.6 GB/5.1 GB   11 MB/s     46s[K[?25h[?2026l[?2026h[?25l[A[1Gpulling manifest [K
pulling 1849ef83c4dd:  90% ▕████████████████  ▏ 4.6 GB/5.1 GB   11 MB/s     46s[K[?25h[?2026l[?2026h[?25l[A[1Gpulling manifest [K
pulling 1849ef83c4dd:  90% ▕████████████████  ▏ 4.6 GB/5.1 GB   11 MB/s     46s[K[?25h[?2026l[?2026h[?25l[A[1Gpulling manifest [K
pulling 1849ef83c4dd:  90% ▕████████████████  ▏ 4.6 GB/5.1 GB   10 MB/s     47s[K[?25h[?2026l[?2026h[?25l[A[1Gpulling manifest [K
pulling 1849ef83c4dd:  90% ▕████████████████  ▏ 4.6 GB/5.1 GB   10 MB/s     47s[K[?25h[?2026l[?2026h[?25l[A[1Gpulling manifest [K
pulling 1849ef83c4dd:  90% ▕████████████████  ▏ 4.6 GB/5.1 GB   10 MB/s     47s[K[?25h[?2026l[?2026h[?25l[A[1Gpulling manifest [K
pulling 1849ef83c4dd:  90% ▕████████████████  ▏ 4.6 GB/5.1 GB   10 MB/s     47s[K[?25h[?2026l[?2026h[?25l[A[1Gpulling manifest [K
pulling 1849ef83c4dd:  90% ▕████████████████  ▏ 4.6 GB/5.1 GB   10 MB/s     47s[K[?25h[?2026l[?2026h[?25l[A[1Gpulling manifest [K
pulling 1849ef83c4dd:  90% ▕████████████████  ▏ 4.6 GB/5.1 GB   10 MB/s     47s[K[?25h[?2026l[?2026h[?25l[A[1Gpulling manifest [K
pulling 1849ef83c4dd:  90% ▕████████████████  ▏ 4.6 GB/5.1 GB   10 MB/s     47s[K[?25h[?2026l[?2026h[?25l[A[1Gpulling manifest [K
pulling 1849ef83c4dd:  90% ▕████████████████  ▏ 4.6 GB/5.1 GB   10 MB/s     47s[K[?25h[?2026l[?2026h[?25l[A[1Gpulling manifest [K
pulling 1849ef83c4dd:  90% ▕████████████████  ▏ 4.6 GB/5.1 GB   10 MB/s     47s[K[?25h[?2026l[?2026h[?25l[A[1Gpulling manifest [K
pulling 1849ef83c4dd:  90% ▕████████████████  ▏ 4.6 GB/5.1 GB   10 MB/s     46s[K[?25h[?2026l[?2026h[?25l[A[1Gpulling manifest [K
pulling 1849ef83c4dd:  90% ▕████████████████  ▏ 4.6 GB/5.1 GB   10 MB/s     46s[K[?25h[?2026l[?2026h[?25l[A[1Gpulling manifest [K
pulling 1849ef83c4dd:  90% ▕████████████████  ▏ 4.6 GB/5.1 GB   10 MB/s     46s[K[?25h[?2026l[?2026h[?25l[A[1Gpulling manifest [K
pulling 1849ef83c4dd:  90% ▕████████████████  ▏ 4.6 GB/5.1 GB   10 MB/s     46s[K[?25h[?2026l[?2026h[?25l[A[1Gpulling manifest [K
pulling 1849ef83c4dd:  90% ▕████████████████  ▏ 4.6 GB/5.1 GB   10 MB/s     46s[K[?25h[?2026l[?2026h[?25l[A[1Gpulling manifest [K
pulling 1849ef83c4dd:  90% ▕████████████████  ▏ 4.6 GB/5.1 GB   10 MB/s     46s[K[?25h[?2026l[?2026h[?25l[A[1Gpulling manifest [K
pulling 1849ef83c4dd:  90% ▕████████████████  ▏ 4.6 GB/5.1 GB   10 MB/s     46s[K[?25h[?2026l[?2026h[?25l[A[1Gpulling manifest [K
pulling 1849ef83c4dd:  90% ▕████████████████  ▏ 4.6 GB/5.1 GB   10 MB/s     46s[K[?25h[?2026l[?2026h[?25l[A[1Gpulling manifest [K
pulling 1849ef83c4dd:  90% ▕████████████████  ▏ 4.6 GB/5.1 GB   10 MB/s     46s[K[?25h[?2026l[?2026h[?25l[A[1Gpulling manifest [K
pulling 1849ef83c4dd:  90% ▕████████████████  ▏ 4.6 GB/5.1 GB   10 MB/s     46s[K[?25h[?2026l[?2026h[?25l[A[1Gpulling manifest [K
pulling 1849ef83c4dd:  90% ▕████████████████  ▏ 4.6 GB/5.1 GB   10 MB/s     45s[K[?25h[?2026l[?2026h[?25l[A[1Gpulling manifest [K
pulling 1849ef83c4dd:  90% ▕████████████████  ▏ 4.6 GB/5.1 GB   10 MB/s     45s[K[?25h[?2026l[?2026h[?25l[A[1Gpulling manifest [K
pulling 1849ef83c4dd:  90% ▕████████████████  ▏ 4.6 GB/5.1 GB   10 MB/s     46s[K[?25h[?2026l[?2026h[?25l[A[1Gpulling manifest [K
pulling 1849ef83c4dd:  90% ▕████████████████  ▏ 4.6 GB/5.1 GB   10 MB/s     46s[K[?25h[?2026l[?2026h[?25l[A[1Gpulling manifest [K
pulling 1849ef83c4dd:  90% ▕████████████████  ▏ 4.6 GB/5.1 GB   10 MB/s     46s[K[?25h[?2026l[?2026h[?25l[A[1Gpulling manifest [K
pulling 1849ef83c4dd:  90% ▕████████████████  ▏ 4.6 GB/5.1 GB   10 MB/s     46s[K[?25h[?2026l[?2026h[?25l[A[1Gpulling manifest [K
pulling 1849ef83c4dd:  90% ▕████████████████  ▏ 4.6 GB/5.1 GB   10 MB/s     45s[K[?25h[?2026l[?2026h[?25l[A[1Gpulling manifest [K
pulling 1849ef83c4dd:  90% ▕████████████████  ▏ 4.6 GB/5.1 GB   10 MB/s     45s[K[?25h[?2026l[?2026h[?25l[A[1Gpulling manifest [K
pulling 1849ef83c4dd:  90% ▕████████████████  ▏ 4.6 GB/5.1 GB   10 MB/s     45s[K[?25h[?2026l[?2026h[?25l[A[1Gpulling manifest [K
pulling 1849ef83c4dd:  90% ▕████████████████  ▏ 4.6 GB/5.1 GB   10 MB/s     45s[K[?25h[?2026l[?2026h[?25l[A[1Gpulling manifest [K
pulling 1849ef83c4dd:  90% ▕████████████████  ▏ 4.6 GB/5.1 GB   10 MB/s     45s[K[?25h[?2026l[?2026h[?25l[A[1Gpulling manifest [K
pulling 1849ef83c4dd:  90% ▕████████████████  ▏ 4.6 GB/5.1 GB   10 MB/s     45s[K[?25h[?2026l[?2026h[?25l[A[1Gpulling manifest [K
pulling 1849ef83c4dd:  90% ▕████████████████  ▏ 4.6 GB/5.1 GB   10 MB/s     45s[K[?25h[?2026l[?2026h[?25l[A[1Gpulling manifest [K
pulling 1849ef83c4dd:  91% ▕████████████████  ▏ 4.6 GB/5.1 GB   10 MB/s     45s[K[?25h[?2026l[?2026h[?25l[A[1Gpulling manifest [K
pulling 1849ef83c4dd:  91% ▕████████████████  ▏ 4.6 GB/5.1 GB   10 MB/s     45s[K[?25h[?2026l[?2026h[?25l[A[1Gpulling manifest [K
pulling 1849ef83c4dd:  91% ▕████████████████  ▏ 4.6 GB/5.1 GB   10 MB/s     45s[K[?25h[?2026l[?2026h[?25l[A[1Gpulling manifest [K
pulling 1849ef83c4dd:  91% ▕████████████████  ▏ 4.6 GB/5.1 GB   10 MB/s     45s[K[?25h[?2026l[?2026h[?25l[A[1Gpulling manifest [K
pulling 1849ef83c4dd:  91% ▕████████████████  ▏ 4.6 GB/5.1 GB   10 MB/s     44s[K[?25h[?2026l[?2026h[?25l[A[1Gpulling manifest [K
pulling 1849ef83c4dd:  91% ▕████████████████  ▏ 4.6 GB/5.1 GB   10 MB/s     44s[K[?25h[?2026l[?2026h[?25l[A[1Gpulling manifest [K
pulling 1849ef83c4dd:  91% ▕████████████████  ▏ 4.7 GB/5.1 GB   10 MB/s     44s[K[?25h[?2026l[?2026h[?25l[A[1Gpulling manifest [K
pulling 1849ef83c4dd:  91% ▕████████████████  ▏ 4.7 GB/5.1 GB   10 MB/s     44s[K[?25h[?2026l[?2026h[?25l[A[1Gpulling manifest [K
pulling 1849ef83c4dd:  91% ▕████████████████  ▏ 4.7 GB/5.1 GB   10 MB/s     44s[K[?25h[?2026l[?2026h[?25l[A[1Gpulling manifest [K
pulling 1849ef83c4dd:  91% ▕████████████████  ▏ 4.7 GB/5.1 GB   10 MB/s     45s[K[?25h[?2026l[?2026h[?25l[A[1Gpulling manifest [K
pulling 1849ef83c4dd:  91% ▕████████████████  ▏ 4.7 GB/5.1 GB   10 MB/s     44s[K[?25h[?2026l[?2026h[?25l[A[1Gpulling manifest [K
pulling 1849ef83c4dd:  91% ▕████████████████  ▏ 4.7 GB/5.1 GB   10 MB/s     44s[K[?25h[?2026l[?2026h[?25l[A[1Gpulling manifest [K
pulling 1849ef83c4dd:  91% ▕████████████████  ▏ 4.7 GB/5.1 GB   10 MB/s     44s[K[?25h[?2026l[?2026h[?25l[A[1Gpulling manifest [K
pulling 1849ef83c4dd:  91% ▕████████████████  ▏ 4.7 GB/5.1 GB   10 MB/s     44s[K[?25h[?2026l[?2026h[?25l[A[1Gpulling manifest [K
pulling 1849ef83c4dd:  91% ▕████████████████  ▏ 4.7 GB/5.1 GB   10 MB/s     44s[K[?25h[?2026l[?2026h[?25l[A[1Gpulling manifest [K
pulling 1849ef83c4dd:  91% ▕████████████████  ▏ 4.7 GB/5.1 GB   10 MB/s     44s[K[?25h[?2026l[?2026h[?25l[A[1Gpulling manifest [K
pulling 1849ef83c4dd:  91% ▕████████████████  ▏ 4.7 GB/5.1 GB   10 MB/s     44s[K[?25h[?2026l[?2026h[?25l[A[1Gpulling manifest [K
pulling 1849ef83c4dd:  91% ▕████████████████  ▏ 4.7 GB/5.1 GB   10 MB/s     44s[K[?25h[?2026l[?2026h[?25l[A[1Gpulling manifest [K
pulling 1849ef83c4dd:  91% ▕████████████████  ▏ 4.7 GB/5.1 GB   10 MB/s     44s[K[?25h[?2026l[?2026h[?25l[A[1Gpulling manifest [K
pulling 1849ef83c4dd:  91% ▕████████████████  ▏ 4.7 GB/5.1 GB   10 MB/s     44s[K[?25h[?2026l[?2026h[?25l[A[1Gpulling manifest [K
pulling 1849ef83c4dd:  91% ▕████████████████  ▏ 4.7 GB/5.1 GB   10 MB/s     44s[K[?25h[?2026l[?2026h[?25l[A[1Gpulling manifest [K
pulling 1849ef83c4dd:  91% ▕████████████████  ▏ 4.7 GB/5.1 GB   10 MB/s     43s[K[?25h[?2026l[?2026h[?25l[A[1Gpulling manifest [K
pulling 1849ef83c4dd:  91% ▕████████████████  ▏ 4.7 GB/5.1 GB   10 MB/s     43s[K[?25h[?2026l[?2026h[?25l[A[1Gpulling manifest [K
pulling 1849ef83c4dd:  91% ▕████████████████  ▏ 4.7 GB/5.1 GB   10 MB/s     43s[K[?25h[?2026l[?2026h[?25l[A[1Gpulling manifest [K
pulling 1849ef83c4dd:  91% ▕████████████████  ▏ 4.7 GB/5.1 GB   10 MB/s     43s[K[?25h[?2026l[?2026h[?25l[A[1Gpulling manifest [K
pulling 1849ef83c4dd:  91% ▕████████████████  ▏ 4.7 GB/5.1 GB   10 MB/s     43s[K[?25h[?2026l[?2026h[?25l[A[1Gpulling manifest [K
pulling 1849ef83c4dd:  91% ▕████████████████  ▏ 4.7 GB/5.1 GB   10 MB/s     43s[K[?25h[?2026l[?2026h[?25l[A[1Gpulling manifest [K
pulling 1849ef83c4dd:  91% ▕████████████████  ▏ 4.7 GB/5.1 GB   10 MB/s     43s[K[?25h[?2026l[?2026h[?25l[A[1Gpulling manifest [K
pulling 1849ef83c4dd:  91% ▕████████████████  ▏ 4.7 GB/5.1 GB   10 MB/s     43s[K[?25h[?2026l[?2026h[?25l[A[1Gpulling manifest [K
pulling 1849ef83c4dd:  91% ▕████████████████  ▏ 4.7 GB/5.1 GB   10 MB/s     43s[K[?25h[?2026l[?2026h[?25l[A[1Gpulling manifest [K
pulling 1849ef83c4dd:  91% ▕████████████████  ▏ 4.7 GB/5.1 GB   10 MB/s     43s[K[?25h[?2026l[?2026h[?25l[A[1Gpulling manifest [K
pulling 1849ef83c4dd:  91% ▕████████████████  ▏ 4.7 GB/5.1 GB   10 MB/s     43s[K[?25h[?2026l[?2026h[?25l[A[1Gpulling manifest [K
pulling 1849ef83c4dd:  91% ▕████████████████  ▏ 4.7 GB/5.1 GB   10 MB/s     43s[K[?25h[?2026l[?2026h[?25l[A[1Gpulling manifest [K
pulling 1849ef83c4dd:  91% ▕████████████████  ▏ 4.7 GB/5.1 GB   10 MB/s     43s[K[?25h[?2026l[?2026h[?25l[A[1Gpulling manifest [K
pulling 1849ef83c4dd:  91% ▕████████████████  ▏ 4.7 GB/5.1 GB   10 MB/s     43s[K[?25h[?2026l[?2026h[?25l[A[1Gpulling manifest [K
pulling 1849ef83c4dd:  91% ▕████████████████  ▏ 4.7 GB/5.1 GB   10 MB/s     42s[K[?25h[?2026l[?2026h[?25l[A[1Gpulling manifest [K
pulling 1849ef83c4dd:  91% ▕████████████████  ▏ 4.7 GB/5.1 GB   10 MB/s     42s[K[?25h[?2026l[?2026h[?25l[A[1Gpulling manifest [K
pulling 1849ef83c4dd:  91% ▕████████████████  ▏ 4.7 GB/5.1 GB   10 MB/s     42s[K[?25h[?2026l[?2026h[?25l[A[1Gpulling manifest [K
pulling 1849ef83c4dd:  91% ▕████████████████  ▏ 4.7 GB/5.1 GB   10 MB/s     42s[K[?25h[?2026l[?2026h[?25l[A[1Gpulling manifest [K
pulling 1849ef83c4dd:  91% ▕████████████████  ▏ 4.7 GB/5.1 GB   10 MB/s     42s[K[?25h[?2026l[?2026h[?25l[A[1Gpulling manifest [K
pulling 1849ef83c4dd:  91% ▕████████████████  ▏ 4.7 GB/5.1 GB   10 MB/s     43s[K[?25h[?2026l[?2026h[?25l[A[1Gpulling manifest [K
pulling 1849ef83c4dd:  91% ▕████████████████  ▏ 4.7 GB/5.1 GB   10 MB/s     43s[K[?25h[?2026l[?2026h[?25l[A[1Gpulling manifest [K
pulling 1849ef83c4dd:  91% ▕████████████████  ▏ 4.7 GB/5.1 GB   10 MB/s     42s[K[?25h[?2026l[?2026h[?25l[A[1Gpulling manifest [K
pulling 1849ef83c4dd:  91% ▕████████████████  ▏ 4.7 GB/5.1 GB   10 MB/s     42s[K[?25h[?2026l[?2026h[?25l[A[1Gpulling manifest [K
pulling 1849ef83c4dd:  91% ▕████████████████  ▏ 4.7 GB/5.1 GB   10 MB/s     42s[K[?25h[?2026l[?2026h[?25l[A[1Gpulling manifest [K
pulling 1849ef83c4dd:  91% ▕████████████████  ▏ 4.7 GB/5.1 GB   10 MB/s     42s[K[?25h[?2026l[?2026h[?25l[A[1Gpulling manifest [K
pulling 1849ef83c4dd:  91% ▕████████████████  ▏ 4.7 GB/5.1 GB   10 MB/s     42s[K[?25h[?2026l[?2026h[?25l[A[1Gpulling manifest [K
pulling 1849ef83c4dd:  91% ▕████████████████  ▏ 4.7 GB/5.1 GB   10 MB/s     42s[K[?25h[?2026l[?2026h[?25l[A[1Gpulling manifest [K
pulling 1849ef83c4dd:  91% ▕████████████████  ▏ 4.7 GB/5.1 GB   10 MB/s     42s[K[?25h[?2026l[?2026h[?25l[A[1Gpulling manifest [K
pulling 1849ef83c4dd:  91% ▕████████████████  ▏ 4.7 GB/5.1 GB   10 MB/s     42s[K[?25h[?2026l[?2026h[?25l[A[1Gpulling manifest [K
pulling 1849ef83c4dd:  92% ▕████████████████  ▏ 4.7 GB/5.1 GB   10 MB/s     42s[K[?25h[?2026l[?2026h[?25l[A[1Gpulling manifest [K
pulling 1849ef83c4dd:  92% ▕████████████████  ▏ 4.7 GB/5.1 GB   10 MB/s     42s[K[?25h[?2026l[?2026h[?25l[A[1Gpulling manifest [K
pulling 1849ef83c4dd:  92% ▕████████████████  ▏ 4.7 GB/5.1 GB   10 MB/s     41s[K[?25h[?2026l[?2026h[?25l[A[1Gpulling manifest [K
pulling 1849ef83c4dd:  92% ▕████████████████  ▏ 4.7 GB/5.1 GB   10 MB/s     41s[K[?25h[?2026l[?2026h[?25l[A[1Gpulling manifest [K
pulling 1849ef83c4dd:  92% ▕████████████████  ▏ 4.7 GB/5.1 GB   10 MB/s     41s[K[?25h[?2026l[?2026h[?25l[A[1Gpulling manifest [K
pulling 1849ef83c4dd:  92% ▕████████████████  ▏ 4.7 GB/5.1 GB   10 MB/s     41s[K[?25h[?2026l[?2026h[?25l[A[1Gpulling manifest [K
pulling 1849ef83c4dd:  92% ▕████████████████  ▏ 4.7 GB/5.1 GB   10 MB/s     41s[K[?25h[?2026l[?2026h[?25l[A[1Gpulling manifest [K
pulling 1849ef83c4dd:  92% ▕████████████████  ▏ 4.7 GB/5.1 GB   10 MB/s     41s[K[?25h[?2026l[?2026h[?25l[A[1Gpulling manifest [K
pulling 1849ef83c4dd:  92% ▕████████████████  ▏ 4.7 GB/5.1 GB   10 MB/s     41s[K[?25h[?2026l[?2026h[?25l[A[1Gpulling manifest [K
pulling 1849ef83c4dd:  92% ▕████████████████  ▏ 4.7 GB/5.1 GB   10 MB/s     41s[K[?25h[?2026l[?2026h[?25l[A[1Gpulling manifest [K
pulling 1849ef83c4dd:  92% ▕████████████████  ▏ 4.7 GB/5.1 GB   10 MB/s     39s[K[?25h[?2026l[?2026h[?25l[A[1Gpulling manifest [K
pulling 1849ef83c4dd:  92% ▕████████████████  ▏ 4.7 GB/5.1 GB   10 MB/s     39s[K[?25h[?2026l[?2026h[?25l[A[1Gpulling manifest [K
pulling 1849ef83c4dd:  92% ▕████████████████  ▏ 4.7 GB/5.1 GB   10 MB/s     39s[K[?25h[?2026l[?2026h[?25l[A[1Gpulling manifest [K
pulling 1849ef83c4dd:  92% ▕████████████████  ▏ 4.7 GB/5.1 GB   10 MB/s     39s[K[?25h[?2026l[?2026h[?25l[A[1Gpulling manifest [K
pulling 1849ef83c4dd:  92% ▕████████████████  ▏ 4.7 GB/5.1 GB   10 MB/s     39s[K[?25h[?2026l[?2026h[?25l[A[1Gpulling manifest [K
pulling 1849ef83c4dd:  92% ▕████████████████  ▏ 4.7 GB/5.1 GB   10 MB/s     39s[K[?25h[?2026l[?2026h[?25l[A[1Gpulling manifest [K
pulling 1849ef83c4dd:  92% ▕████████████████  ▏ 4.7 GB/5.1 GB   10 MB/s     38s[K[?25h[?2026l[?2026h[?25l[A[1Gpulling manifest [K
pulling 1849ef83c4dd:  92% ▕████████████████  ▏ 4.7 GB/5.1 GB   10 MB/s     38s[K[?25h[?2026l[?2026h[?25l[A[1Gpulling manifest [K
pulling 1849ef83c4dd:  92% ▕████████████████  ▏ 4.7 GB/5.1 GB   10 MB/s     38s[K[?25h[?2026l[?2026h[?25l[A[1Gpulling manifest [K
pulling 1849ef83c4dd:  92% ▕████████████████  ▏ 4.7 GB/5.1 GB   10 MB/s     38s[K[?25h[?2026l[?2026h[?25l[A[1Gpulling manifest [K
pulling 1849ef83c4dd:  92% ▕████████████████  ▏ 4.7 GB/5.1 GB   10 MB/s     37s[K[?25h[?2026l[?2026h[?25l[A[1Gpulling manifest [K
pulling 1849ef83c4dd:  92% ▕████████████████  ▏ 4.7 GB/5.1 GB   10 MB/s     37s[K[?25h[?2026l[?2026h[?25l[A[1Gpulling manifest [K
pulling 1849ef83c4dd:  92% ▕████████████████  ▏ 4.7 GB/5.1 GB   10 MB/s     37s[K[?25h[?2026l[?2026h[?25l[A[1Gpulling manifest [K
pulling 1849ef83c4dd:  92% ▕████████████████  ▏ 4.7 GB/5.1 GB   10 MB/s     37s[K[?25h[?2026l[?2026h[?25l[A[1Gpulling manifest [K
pulling 1849ef83c4dd:  92% ▕████████████████  ▏ 4.7 GB/5.1 GB   10 MB/s     37s[K[?25h[?2026l[?2026h[?25l[A[1Gpulling manifest [K
pulling 1849ef83c4dd:  92% ▕████████████████  ▏ 4.7 GB/5.1 GB   10 MB/s     37s[K[?25h[?2026l[?2026h[?25l[A[1Gpulling manifest [K
pulling 1849ef83c4dd:  92% ▕████████████████  ▏ 4.7 GB/5.1 GB   10 MB/s     37s[K[?25h[?2026l[?2026h[?25l[A[1Gpulling manifest [K
pulling 1849ef83c4dd:  92% ▕████████████████  ▏ 4.7 GB/5.1 GB   10 MB/s     37s[K[?25h[?2026l[?2026h[?25l[A[1Gpulling manifest [K
pulling 1849ef83c4dd:  92% ▕████████████████  ▏ 4.7 GB/5.1 GB   10 MB/s     36s[K[?25h[?2026l[?2026h[?25l[A[1Gpulling manifest [K
pulling 1849ef83c4dd:  92% ▕████████████████  ▏ 4.7 GB/5.1 GB   10 MB/s     36s[K[?25h[?2026l[?2026h[?25l[A[1Gpulling manifest [K
pulling 1849ef83c4dd:  92% ▕████████████████  ▏ 4.7 GB/5.1 GB   10 MB/s     36s[K[?25h[?2026l[?2026h[?25l[A[1Gpulling manifest [K
pulling 1849ef83c4dd:  92% ▕████████████████  ▏ 4.7 GB/5.1 GB   11 MB/s     35s[K[?25h[?2026l[?2026h[?25l[A[1Gpulling manifest [K
pulling 1849ef83c4dd:  92% ▕████████████████  ▏ 4.7 GB/5.1 GB   11 MB/s     35s[K[?25h[?2026l[?2026h[?25l[A[1Gpulling manifest [K
pulling 1849ef83c4dd:  92% ▕████████████████  ▏ 4.7 GB/5.1 GB   11 MB/s     35s[K[?25h[?2026l[?2026h[?25l[A[1Gpulling manifest [K
pulling 1849ef83c4dd:  92% ▕████████████████  ▏ 4.7 GB/5.1 GB   11 MB/s     35s[K[?25h[?2026l[?2026h[?25l[A[1Gpulling manifest [K
pulling 1849ef83c4dd:  92% ▕████████████████  ▏ 4.7 GB/5.1 GB   11 MB/s     35s[K[?25h[?2026l[?2026h[?25l[A[1Gpulling manifest [K
pulling 1849ef83c4dd:  92% ▕████████████████  ▏ 4.7 GB/5.1 GB   11 MB/s     35s[K[?25h[?2026l[?2026h[?25l[A[1Gpulling manifest [K
pulling 1849ef83c4dd:  92% ▕████████████████  ▏ 4.7 GB/5.1 GB   11 MB/s     34s[K[?25h[?2026l[?2026h[?25l[A[1Gpulling manifest [K
pulling 1849ef83c4dd:  92% ▕████████████████  ▏ 4.7 GB/5.1 GB   11 MB/s     34s[K[?25h[?2026l[?2026h[?25l[A[1Gpulling manifest [K
pulling 1849ef83c4dd:  92% ▕████████████████  ▏ 4.7 GB/5.1 GB   11 MB/s     34s[K[?25h[?2026l[?2026h[?25l[A[1Gpulling manifest [K
pulling 1849ef83c4dd:  92% ▕████████████████  ▏ 4.7 GB/5.1 GB   11 MB/s     34s[K[?25h[?2026l[?2026h[?25l[A[1Gpulling manifest [K
pulling 1849ef83c4dd:  92% ▕████████████████  ▏ 4.7 GB/5.1 GB   11 MB/s     33s[K[?25h[?2026l[?2026h[?25l[A[1Gpulling manifest [K
pulling 1849ef83c4dd:  92% ▕████████████████  ▏ 4.7 GB/5.1 GB   11 MB/s     33s[K[?25h[?2026l[?2026h[?25l[A[1Gpulling manifest [K
pulling 1849ef83c4dd:  93% ▕████████████████  ▏ 4.7 GB/5.1 GB   11 MB/s     33s[K[?25h[?2026l[?2026h[?25l[A[1Gpulling manifest [K
pulling 1849ef83c4dd:  93% ▕████████████████  ▏ 4.8 GB/5.1 GB   11 MB/s     33s[K[?25h[?2026l[?2026h[?25l[A[1Gpulling manifest [K
pulling 1849ef83c4dd:  93% ▕████████████████  ▏ 4.8 GB/5.1 GB   11 MB/s     33s[K[?25h[?2026l[?2026h[?25l[A[1Gpulling manifest [K
pulling 1849ef83c4dd:  93% ▕████████████████  ▏ 4.8 GB/5.1 GB   11 MB/s     33s[K[?25h[?2026l[?2026h[?25l[A[1Gpulling manifest [K
pulling 1849ef83c4dd:  93% ▕████████████████  ▏ 4.8 GB/5.1 GB   11 MB/s     33s[K[?25h[?2026l[?2026h[?25l[A[1Gpulling manifest [K
pulling 1849ef83c4dd:  93% ▕████████████████  ▏ 4.8 GB/5.1 GB   11 MB/s     33s[K[?25h[?2026l[?2026h[?25l[A[1Gpulling manifest [K
pulling 1849ef83c4dd:  93% ▕████████████████  ▏ 4.8 GB/5.1 GB   11 MB/s     32s[K[?25h[?2026l[?2026h[?25l[A[1Gpulling manifest [K
pulling 1849ef83c4dd:  93% ▕████████████████  ▏ 4.8 GB/5.1 GB   11 MB/s     32s[K[?25h[?2026l[?2026h[?25l[A[1Gpulling manifest [K
pulling 1849ef83c4dd:  93% ▕████████████████  ▏ 4.8 GB/5.1 GB   11 MB/s     32s[K[?25h[?2026l[?2026h[?25l[A[1Gpulling manifest [K
pulling 1849ef83c4dd:  93% ▕████████████████  ▏ 4.8 GB/5.1 GB   11 MB/s     32s[K[?25h[?2026l[?2026h[?25l[A[1Gpulling manifest [K
pulling 1849ef83c4dd:  93% ▕████████████████  ▏ 4.8 GB/5.1 GB   11 MB/s     32s[K[?25h[?2026l[?2026h[?25l[A[1Gpulling manifest [K
pulling 1849ef83c4dd:  93% ▕████████████████  ▏ 4.8 GB/5.1 GB   11 MB/s     32s[K[?25h[?2026l[?2026h[?25l[A[1Gpulling manifest [K
pulling 1849ef83c4dd:  93% ▕████████████████  ▏ 4.8 GB/5.1 GB   11 MB/s     31s[K[?25h[?2026l[?2026h[?25l[A[1Gpulling manifest [K
pulling 1849ef83c4dd:  93% ▕████████████████  ▏ 4.8 GB/5.1 GB   11 MB/s     31s[K[?25h[?2026l[?2026h[?25l[A[1Gpulling manifest [K
pulling 1849ef83c4dd:  93% ▕████████████████  ▏ 4.8 GB/5.1 GB   11 MB/s     31s[K[?25h[?2026l[?2026h[?25l[A[1Gpulling manifest [K
pulling 1849ef83c4dd:  93% ▕████████████████  ▏ 4.8 GB/5.1 GB   11 MB/s     31s[K[?25h[?2026l[?2026h[?25l[A[1Gpulling manifest [K
pulling 1849ef83c4dd:  93% ▕████████████████  ▏ 4.8 GB/5.1 GB   11 MB/s     31s[K[?25h[?2026l[?2026h[?25l[A[1Gpulling manifest [K
pulling 1849ef83c4dd:  93% ▕████████████████  ▏ 4.8 GB/5.1 GB   11 MB/s     31s[K[?25h[?2026l[?2026h[?25l[A[1Gpulling manifest [K
pulling 1849ef83c4dd:  93% ▕████████████████  ▏ 4.8 GB/5.1 GB   11 MB/s     30s[K[?25h[?2026l[?2026h[?25l[A[1Gpulling manifest [K
pulling 1849ef83c4dd:  93% ▕████████████████  ▏ 4.8 GB/5.1 GB   11 MB/s     30s[K[?25h[?2026l[?2026h[?25l[A[1Gpulling manifest [K
pulling 1849ef83c4dd:  93% ▕████████████████  ▏ 4.8 GB/5.1 GB   11 MB/s     30s[K[?25h[?2026l[?2026h[?25l[A[1Gpulling manifest [K
pulling 1849ef83c4dd:  93% ▕████████████████  ▏ 4.8 GB/5.1 GB   11 MB/s     30s[K[?25h[?2026l[?2026h[?25l[A[1Gpulling manifest [K
pulling 1849ef83c4dd:  93% ▕████████████████  ▏ 4.8 GB/5.1 GB   11 MB/s     30s[K[?25h[?2026l[?2026h[?25l[A[1Gpulling manifest [K
pulling 1849ef83c4dd:  93% ▕████████████████  ▏ 4.8 GB/5.1 GB   11 MB/s     30s[K[?25h[?2026l[?2026h[?25l[A[1Gpulling manifest [K
pulling 1849ef83c4dd:  93% ▕████████████████  ▏ 4.8 GB/5.1 GB   11 MB/s     30s[K[?25h[?2026l[?2026h[?25l[A[1Gpulling manifest [K
pulling 1849ef83c4dd:  93% ▕████████████████  ▏ 4.8 GB/5.1 GB   11 MB/s     30s[K[?25h[?2026l[?2026h[?25l[A[1Gpulling manifest [K
pulling 1849ef83c4dd:  93% ▕████████████████  ▏ 4.8 GB/5.1 GB   11 MB/s     30s[K[?25h[?2026l[?2026h[?25l[A[1Gpulling manifest [K
pulling 1849ef83c4dd:  93% ▕████████████████  ▏ 4.8 GB/5.1 GB   11 MB/s     30s[K[?25h[?2026l[?2026h[?25l[A[1Gpulling manifest [K
pulling 1849ef83c4dd:  93% ▕████████████████  ▏ 4.8 GB/5.1 GB   11 MB/s     29s[K[?25h[?2026l[?2026h[?25l[A[1Gpulling manifest [K
pulling 1849ef83c4dd:  93% ▕████████████████  ▏ 4.8 GB/5.1 GB   11 MB/s     29s[K[?25h[?2026l[?2026h[?25l[A[1Gpulling manifest [K
pulling 1849ef83c4dd:  93% ▕████████████████  ▏ 4.8 GB/5.1 GB   11 MB/s     29s[K[?25h[?2026l[?2026h[?25l[A[1Gpulling manifest [K
pulling 1849ef83c4dd:  93% ▕████████████████  ▏ 4.8 GB/5.1 GB   11 MB/s     29s[K[?25h[?2026l[?2026h[?25l[A[1Gpulling manifest [K
pulling 1849ef83c4dd:  93% ▕████████████████  ▏ 4.8 GB/5.1 GB   11 MB/s     29s[K[?25h[?2026l[?2026h[?25l[A[1Gpulling manifest [K
pulling 1849ef83c4dd:  93% ▕████████████████  ▏ 4.8 GB/5.1 GB   11 MB/s     29s[K[?25h[?2026l[?2026h[?25l[A[1Gpulling manifest [K
pulling 1849ef83c4dd:  93% ▕████████████████  ▏ 4.8 GB/5.1 GB   11 MB/s     29s[K[?25h[?2026l[?2026h[?25l[A[1Gpulling manifest [K
pulling 1849ef83c4dd:  93% ▕████████████████  ▏ 4.8 GB/5.1 GB   11 MB/s     29s[K[?25h[?2026l[?2026h[?25l[A[1Gpulling manifest [K
pulling 1849ef83c4dd:  93% ▕████████████████  ▏ 4.8 GB/5.1 GB   11 MB/s     29s[K[?25h[?2026l[?2026h[?25l[A[1Gpulling manifest [K
pulling 1849ef83c4dd:  93% ▕████████████████  ▏ 4.8 GB/5.1 GB   11 MB/s     28s[K[?25h[?2026l[?2026h[?25l[A[1Gpulling manifest [K
pulling 1849ef83c4dd:  93% ▕████████████████  ▏ 4.8 GB/5.1 GB   11 MB/s     28s[K[?25h[?2026l[?2026h[?25l[A[1Gpulling manifest [K
pulling 1849ef83c4dd:  93% ▕████████████████  ▏ 4.8 GB/5.1 GB   11 MB/s     28s[K[?25h[?2026l[?2026h[?25l[A[1Gpulling manifest [K
pulling 1849ef83c4dd:  93% ▕████████████████  ▏ 4.8 GB/5.1 GB   11 MB/s     28s[K[?25h[?2026l[?2026h[?25l[A[1Gpulling manifest [K
pulling 1849ef83c4dd:  93% ▕████████████████  ▏ 4.8 GB/5.1 GB   11 MB/s     28s[K[?25h[?2026l[?2026h[?25l[A[1Gpulling manifest [K
pulling 1849ef83c4dd:  93% ▕████████████████  ▏ 4.8 GB/5.1 GB   11 MB/s     28s[K[?25h[?2026l[?2026h[?25l[A[1Gpulling manifest [K
pulling 1849ef83c4dd:  93% ▕████████████████  ▏ 4.8 GB/5.1 GB   11 MB/s     28s[K[?25h[?2026l[?2026h[?25l[A[1Gpulling manifest [K
pulling 1849ef83c4dd:  93% ▕████████████████  ▏ 4.8 GB/5.1 GB   11 MB/s     28s[K[?25h[?2026l[?2026h[?25l[A[1Gpulling manifest [K
pulling 1849ef83c4dd:  94% ▕████████████████  ▏ 4.8 GB/5.1 GB   11 MB/s     28s[K[?25h[?2026l[?2026h[?25l[A[1Gpulling manifest [K
pulling 1849ef83c4dd:  94% ▕████████████████  ▏ 4.8 GB/5.1 GB   11 MB/s     28s[K[?25h[?2026l[?2026h[?25l[A[1Gpulling manifest [K
pulling 1849ef83c4dd:  94% ▕████████████████  ▏ 4.8 GB/5.1 GB   11 MB/s     27s[K[?25h[?2026l[?2026h[?25l[A[1Gpulling manifest [K
pulling 1849ef83c4dd:  94% ▕████████████████  ▏ 4.8 GB/5.1 GB   11 MB/s     27s[K[?25h[?2026l[?2026h[?25l[A[1Gpulling manifest [K
pulling 1849ef83c4dd:  94% ▕████████████████  ▏ 4.8 GB/5.1 GB   12 MB/s     27s[K[?25h[?2026l[?2026h[?25l[A[1Gpulling manifest [K
pulling 1849ef83c4dd:  94% ▕████████████████  ▏ 4.8 GB/5.1 GB   12 MB/s     27s[K[?25h[?2026l[?2026h[?25l[A[1Gpulling manifest [K
pulling 1849ef83c4dd:  94% ▕████████████████  ▏ 4.8 GB/5.1 GB   12 MB/s     27s[K[?25h[?2026l[?2026h[?25l[A[1Gpulling manifest [K
pulling 1849ef83c4dd:  94% ▕████████████████  ▏ 4.8 GB/5.1 GB   12 MB/s     26s[K[?25h[?2026l[?2026h[?25l[A[1Gpulling manifest [K
pulling 1849ef83c4dd:  94% ▕████████████████  ▏ 4.8 GB/5.1 GB   12 MB/s     26s[K[?25h[?2026l[?2026h[?25l[A[1Gpulling manifest [K
pulling 1849ef83c4dd:  94% ▕████████████████  ▏ 4.8 GB/5.1 GB   12 MB/s     26s[K[?25h[?2026l[?2026h[?25l[A[1Gpulling manifest [K
pulling 1849ef83c4dd:  94% ▕████████████████  ▏ 4.8 GB/5.1 GB   12 MB/s     26s[K[?25h[?2026l[?2026h[?25l[A[1Gpulling manifest [K
pulling 1849ef83c4dd:  94% ▕████████████████  ▏ 4.8 GB/5.1 GB   12 MB/s     26s[K[?25h[?2026l[?2026h[?25l[A[1Gpulling manifest [K
pulling 1849ef83c4dd:  94% ▕████████████████  ▏ 4.8 GB/5.1 GB   12 MB/s     26s[K[?25h[?2026l[?2026h[?25l[A[1Gpulling manifest [K
pulling 1849ef83c4dd:  94% ▕████████████████  ▏ 4.8 GB/5.1 GB   12 MB/s     26s[K[?25h[?2026l[?2026h[?25l[A[1Gpulling manifest [K
pulling 1849ef83c4dd:  94% ▕████████████████  ▏ 4.8 GB/5.1 GB   12 MB/s     26s[K[?25h[?2026l[?2026h[?25l[A[1Gpulling manifest [K
pulling 1849ef83c4dd:  94% ▕████████████████  ▏ 4.8 GB/5.1 GB   12 MB/s     26s[K[?25h[?2026l[?2026h[?25l[A[1Gpulling manifest [K
pulling 1849ef83c4dd:  94% ▕████████████████  ▏ 4.8 GB/5.1 GB   12 MB/s     26s[K[?25h[?2026l[?2026h[?25l[A[1Gpulling manifest [K
pulling 1849ef83c4dd:  94% ▕████████████████  ▏ 4.8 GB/5.1 GB   12 MB/s     26s[K[?25h[?2026l[?2026h[?25l[A[1Gpulling manifest [K
pulling 1849ef83c4dd:  94% ▕████████████████  ▏ 4.8 GB/5.1 GB   12 MB/s     25s[K[?25h[?2026l[?2026h[?25l[A[1Gpulling manifest [K
pulling 1849ef83c4dd:  94% ▕████████████████  ▏ 4.8 GB/5.1 GB   12 MB/s     25s[K[?25h[?2026l[?2026h[?25l[A[1Gpulling manifest [K
pulling 1849ef83c4dd:  94% ▕████████████████  ▏ 4.8 GB/5.1 GB   12 MB/s     25s[K[?25h[?2026l[?2026h[?25l[A[1Gpulling manifest [K
pulling 1849ef83c4dd:  94% ▕████████████████  ▏ 4.8 GB/5.1 GB   12 MB/s     25s[K[?25h[?2026l[?2026h[?25l[A[1Gpulling manifest [K
pulling 1849ef83c4dd:  94% ▕████████████████  ▏ 4.8 GB/5.1 GB   12 MB/s     25s[K[?25h[?2026l[?2026h[?25l[A[1Gpulling manifest [K
pulling 1849ef83c4dd:  94% ▕████████████████  ▏ 4.8 GB/5.1 GB   12 MB/s     25s[K[?25h[?2026l[?2026h[?25l[A[1Gpulling manifest [K
pulling 1849ef83c4dd:  94% ▕████████████████  ▏ 4.8 GB/5.1 GB   11 MB/s     25s[K[?25h[?2026l[?2026h[?25l[A[1Gpulling manifest [K
pulling 1849ef83c4dd:  94% ▕████████████████  ▏ 4.8 GB/5.1 GB   11 MB/s     25s[K[?25h[?2026l[?2026h[?25l[A[1Gpulling manifest [K
pulling 1849ef83c4dd:  94% ▕████████████████  ▏ 4.8 GB/5.1 GB   11 MB/s     25s[K[?25h[?2026l[?2026h[?25l[A[1Gpulling manifest [K
pulling 1849ef83c4dd:  94% ▕████████████████  ▏ 4.8 GB/5.1 GB   11 MB/s     25s[K[?25h[?2026l[?2026h[?25l[A[1Gpulling manifest [K
pulling 1849ef83c4dd:  94% ▕████████████████  ▏ 4.8 GB/5.1 GB   11 MB/s     25s[K[?25h[?2026l[?2026h[?25l[A[1Gpulling manifest [K
pulling 1849ef83c4dd:  94% ▕████████████████  ▏ 4.8 GB/5.1 GB   11 MB/s     25s[K[?25h[?2026l[?2026h[?25l[A[1Gpulling manifest [K
pulling 1849ef83c4dd:  94% ▕████████████████  ▏ 4.8 GB/5.1 GB   11 MB/s     24s[K[?25h[?2026l[?2026h[?25l[A[1Gpulling manifest [K
pulling 1849ef83c4dd:  94% ▕████████████████  ▏ 4.8 GB/5.1 GB   11 MB/s     24s[K[?25h[?2026l[?2026h[?25l[A[1Gpulling manifest [K
pulling 1849ef83c4dd:  94% ▕████████████████  ▏ 4.8 GB/5.1 GB   11 MB/s     24s[K[?25h[?2026l[?2026h[?25l[A[1Gpulling manifest [K
pulling 1849ef83c4dd:  94% ▕████████████████  ▏ 4.8 GB/5.1 GB   11 MB/s     24s[K[?25h[?2026l[?2026h[?25l[A[1Gpulling manifest [K
pulling 1849ef83c4dd:  94% ▕████████████████  ▏ 4.8 GB/5.1 GB   11 MB/s     24s[K[?25h[?2026l[?2026h[?25l[A[1Gpulling manifest [K
pulling 1849ef83c4dd:  94% ▕████████████████  ▏ 4.8 GB/5.1 GB   11 MB/s     24s[K[?25h[?2026l[?2026h[?25l[A[1Gpulling manifest [K
pulling 1849ef83c4dd:  94% ▕████████████████  ▏ 4.8 GB/5.1 GB   11 MB/s     24s[K[?25h[?2026l[?2026h[?25l[A[1Gpulling manifest [K
pulling 1849ef83c4dd:  94% ▕████████████████  ▏ 4.8 GB/5.1 GB   11 MB/s     24s[K[?25h[?2026l[?2026h[?25l[A[1Gpulling manifest [K
pulling 1849ef83c4dd:  94% ▕████████████████  ▏ 4.8 GB/5.1 GB   11 MB/s     24s[K[?25h[?2026l[?2026h[?25l[A[1Gpulling manifest [K
pulling 1849ef83c4dd:  94% ▕████████████████  ▏ 4.8 GB/5.1 GB   11 MB/s     24s[K[?25h[?2026l[?2026h[?25l[A[1Gpulling manifest [K
pulling 1849ef83c4dd:  94% ▕████████████████  ▏ 4.8 GB/5.1 GB   11 MB/s     24s[K[?25h[?2026l[?2026h[?25l[A[1Gpulling manifest [K
pulling 1849ef83c4dd:  94% ▕████████████████  ▏ 4.8 GB/5.1 GB   11 MB/s     24s[K[?25h[?2026l[?2026h[?25l[A[1Gpulling manifest [K
pulling 1849ef83c4dd:  94% ▕████████████████  ▏ 4.8 GB/5.1 GB   11 MB/s     24s[K[?25h[?2026l[?2026h[?25l[A[1Gpulling manifest [K
pulling 1849ef83c4dd:  94% ▕█████████████████ ▏ 4.8 GB/5.1 GB   11 MB/s     24s[K[?25h[?2026l[?2026h[?25l[A[1Gpulling manifest [K
pulling 1849ef83c4dd:  94% ▕█████████████████ ▏ 4.8 GB/5.1 GB   11 MB/s     24s[K[?25h[?2026l[?2026h[?25l[A[1Gpulling manifest [K
pulling 1849ef83c4dd:  95% ▕█████████████████ ▏ 4.9 GB/5.1 GB   11 MB/s     24s[K[?25h[?2026l[?2026h[?25l[A[1Gpulling manifest [K
pulling 1849ef83c4dd:  95% ▕█████████████████ ▏ 4.9 GB/5.1 GB   11 MB/s     24s[K[?25h[?2026l[?2026h[?25l[A[1Gpulling manifest [K
pulling 1849ef83c4dd:  95% ▕█████████████████ ▏ 4.9 GB/5.1 GB   11 MB/s     24s[K[?25h[?2026l[?2026h[?25l[A[1Gpulling manifest [K
pulling 1849ef83c4dd:  95% ▕█████████████████ ▏ 4.9 GB/5.1 GB   11 MB/s     24s[K[?25h[?2026l[?2026h[?25l[A[1Gpulling manifest [K
pulling 1849ef83c4dd:  95% ▕█████████████████ ▏ 4.9 GB/5.1 GB   11 MB/s     24s[K[?25h[?2026l[?2026h[?25l[A[1Gpulling manifest [K
pulling 1849ef83c4dd:  95% ▕█████████████████ ▏ 4.9 GB/5.1 GB   11 MB/s     24s[K[?25h[?2026l[?2026h[?25l[A[1Gpulling manifest [K
pulling 1849ef83c4dd:  95% ▕█████████████████ ▏ 4.9 GB/5.1 GB   11 MB/s     23s[K[?25h[?2026l[?2026h[?25l[A[1Gpulling manifest [K
pulling 1849ef83c4dd:  95% ▕█████████████████ ▏ 4.9 GB/5.1 GB   11 MB/s     23s[K[?25h[?2026l[?2026h[?25l[A[1Gpulling manifest [K
pulling 1849ef83c4dd:  95% ▕█████████████████ ▏ 4.9 GB/5.1 GB   11 MB/s     23s[K[?25h[?2026l[?2026h[?25l[A[1Gpulling manifest [K
pulling 1849ef83c4dd:  95% ▕█████████████████ ▏ 4.9 GB/5.1 GB   11 MB/s     23s[K[?25h[?2026l[?2026h[?25l[A[1Gpulling manifest [K
pulling 1849ef83c4dd:  95% ▕█████████████████ ▏ 4.9 GB/5.1 GB   11 MB/s     23s[K[?25h[?2026l[?2026h[?25l[A[1Gpulling manifest [K
pulling 1849ef83c4dd:  95% ▕█████████████████ ▏ 4.9 GB/5.1 GB   11 MB/s     23s[K[?25h[?2026l[?2026h[?25l[A[1Gpulling manifest [K
pulling 1849ef83c4dd:  95% ▕█████████████████ ▏ 4.9 GB/5.1 GB   11 MB/s     23s[K[?25h[?2026l[?2026h[?25l[A[1Gpulling manifest [K
pulling 1849ef83c4dd:  95% ▕█████████████████ ▏ 4.9 GB/5.1 GB   11 MB/s     23s[K[?25h[?2026l[?2026h[?25l[A[1Gpulling manifest [K
pulling 1849ef83c4dd:  95% ▕█████████████████ ▏ 4.9 GB/5.1 GB   11 MB/s     23s[K[?25h[?2026l[?2026h[?25l[A[1Gpulling manifest [K
pulling 1849ef83c4dd:  95% ▕█████████████████ ▏ 4.9 GB/5.1 GB   11 MB/s     23s[K[?25h[?2026l[?2026h[?25l[A[1Gpulling manifest [K
pulling 1849ef83c4dd:  95% ▕█████████████████ ▏ 4.9 GB/5.1 GB   11 MB/s     23s[K[?25h[?2026l[?2026h[?25l[A[1Gpulling manifest [K
pulling 1849ef83c4dd:  95% ▕█████████████████ ▏ 4.9 GB/5.1 GB   11 MB/s     23s[K[?25h[?2026l[?2026h[?25l[A[1Gpulling manifest [K
pulling 1849ef83c4dd:  95% ▕█████████████████ ▏ 4.9 GB/5.1 GB   11 MB/s     23s[K[?25h[?2026l[?2026h[?25l[A[1Gpulling manifest [K
pulling 1849ef83c4dd:  95% ▕█████████████████ ▏ 4.9 GB/5.1 GB   11 MB/s     23s[K[?25h[?2026l[?2026h[?25l[A[1Gpulling manifest [K
pulling 1849ef83c4dd:  95% ▕█████████████████ ▏ 4.9 GB/5.1 GB   11 MB/s     23s[K[?25h[?2026l[?2026h[?25l[A[1Gpulling manifest [K
pulling 1849ef83c4dd:  95% ▕█████████████████ ▏ 4.9 GB/5.1 GB   11 MB/s     23s[K[?25h[?2026l[?2026h[?25l[A[1Gpulling manifest [K
pulling 1849ef83c4dd:  95% ▕█████████████████ ▏ 4.9 GB/5.1 GB   11 MB/s     23s[K[?25h[?2026l[?2026h[?25l[A[1Gpulling manifest [K
pulling 1849ef83c4dd:  95% ▕█████████████████ ▏ 4.9 GB/5.1 GB   11 MB/s     23s[K[?25h[?2026l[?2026h[?25l[A[1Gpulling manifest [K
pulling 1849ef83c4dd:  95% ▕█████████████████ ▏ 4.9 GB/5.1 GB   11 MB/s     23s[K[?25h[?2026l[?2026h[?25l[A[1Gpulling manifest [K
pulling 1849ef83c4dd:  95% ▕█████████████████ ▏ 4.9 GB/5.1 GB   11 MB/s     23s[K[?25h[?2026l[?2026h[?25l[A[1Gpulling manifest [K
pulling 1849ef83c4dd:  95% ▕█████████████████ ▏ 4.9 GB/5.1 GB   11 MB/s     23s[K[?25h[?2026l[?2026h[?25l[A[1Gpulling manifest [K
pulling 1849ef83c4dd:  95% ▕█████████████████ ▏ 4.9 GB/5.1 GB   11 MB/s     22s[K[?25h[?2026l[?2026h[?25l[A[1Gpulling manifest [K
pulling 1849ef83c4dd:  95% ▕█████████████████ ▏ 4.9 GB/5.1 GB   11 MB/s     22s[K[?25h[?2026l[?2026h[?25l[A[1Gpulling manifest [K
pulling 1849ef83c4dd:  95% ▕█████████████████ ▏ 4.9 GB/5.1 GB   11 MB/s     22s[K[?25h[?2026l[?2026h[?25l[A[1Gpulling manifest [K
pulling 1849ef83c4dd:  95% ▕█████████████████ ▏ 4.9 GB/5.1 GB   10 MB/s     23s[K[?25h[?2026l[?2026h[?25l[A[1Gpulling manifest [K
pulling 1849ef83c4dd:  95% ▕█████████████████ ▏ 4.9 GB/5.1 GB   10 MB/s     22s[K[?25h[?2026l[?2026h[?25l[A[1Gpulling manifest [K
pulling 1849ef83c4dd:  95% ▕█████████████████ ▏ 4.9 GB/5.1 GB   10 MB/s     22s[K[?25h[?2026l[?2026h[?25l[A[1Gpulling manifest [K
pulling 1849ef83c4dd:  95% ▕█████████████████ ▏ 4.9 GB/5.1 GB   10 MB/s     22s[K[?25h[?2026l[?2026h[?25l[A[1Gpulling manifest [K
pulling 1849ef83c4dd:  95% ▕█████████████████ ▏ 4.9 GB/5.1 GB   10 MB/s     22s[K[?25h[?2026l[?2026h[?25l[A[1Gpulling manifest [K
pulling 1849ef83c4dd:  95% ▕█████████████████ ▏ 4.9 GB/5.1 GB   10 MB/s     22s[K[?25h[?2026l[?2026h[?25l[A[1Gpulling manifest [K
pulling 1849ef83c4dd:  95% ▕█████████████████ ▏ 4.9 GB/5.1 GB   10 MB/s     22s[K[?25h[?2026l[?2026h[?25l[A[1Gpulling manifest [K
pulling 1849ef83c4dd:  95% ▕█████████████████ ▏ 4.9 GB/5.1 GB   10 MB/s     22s[K[?25h[?2026l[?2026h[?25l[A[1Gpulling manifest [K
pulling 1849ef83c4dd:  95% ▕█████████████████ ▏ 4.9 GB/5.1 GB   10 MB/s     22s[K[?25h[?2026l[?2026h[?25l[A[1Gpulling manifest [K
pulling 1849ef83c4dd:  95% ▕█████████████████ ▏ 4.9 GB/5.1 GB   10 MB/s     22s[K[?25h[?2026l[?2026h[?25l[A[1Gpulling manifest [K
pulling 1849ef83c4dd:  95% ▕█████████████████ ▏ 4.9 GB/5.1 GB   10 MB/s     22s[K[?25h[?2026l[?2026h[?25l[A[1Gpulling manifest [K
pulling 1849ef83c4dd:  95% ▕█████████████████ ▏ 4.9 GB/5.1 GB   10 MB/s     21s[K[?25h[?2026l[?2026h[?25l[A[1Gpulling manifest [K
pulling 1849ef83c4dd:  95% ▕█████████████████ ▏ 4.9 GB/5.1 GB   10 MB/s     21s[K[?25h[?2026l[?2026h[?25l[A[1Gpulling manifest [K
pulling 1849ef83c4dd:  95% ▕█████████████████ ▏ 4.9 GB/5.1 GB   10 MB/s     21s[K[?25h[?2026l[?2026h[?25l[A[1Gpulling manifest [K
pulling 1849ef83c4dd:  95% ▕█████████████████ ▏ 4.9 GB/5.1 GB   10 MB/s     21s[K[?25h[?2026l[?2026h[?25l[A[1Gpulling manifest [K
pulling 1849ef83c4dd:  95% ▕█████████████████ ▏ 4.9 GB/5.1 GB   10 MB/s     21s[K[?25h[?2026l[?2026h[?25l[A[1Gpulling manifest [K
pulling 1849ef83c4dd:  95% ▕█████████████████ ▏ 4.9 GB/5.1 GB   10 MB/s     21s[K[?25h[?2026l[?2026h[?25l[A[1Gpulling manifest [K
pulling 1849ef83c4dd:  95% ▕█████████████████ ▏ 4.9 GB/5.1 GB   10 MB/s     21s[K[?25h[?2026l[?2026h[?25l[A[1Gpulling manifest [K
pulling 1849ef83c4dd:  95% ▕█████████████████ ▏ 4.9 GB/5.1 GB   10 MB/s     21s[K[?25h[?2026l[?2026h[?25l[A[1Gpulling manifest [K
pulling 1849ef83c4dd:  95% ▕█████████████████ ▏ 4.9 GB/5.1 GB   10 MB/s     21s[K[?25h[?2026l[?2026h[?25l[A[1Gpulling manifest [K
pulling 1849ef83c4dd:  95% ▕█████████████████ ▏ 4.9 GB/5.1 GB   10 MB/s     21s[K[?25h[?2026l[?2026h[?25l[A[1Gpulling manifest [K
pulling 1849ef83c4dd:  96% ▕█████████████████ ▏ 4.9 GB/5.1 GB   10 MB/s     21s[K[?25h[?2026l[?2026h[?25l[A[1Gpulling manifest [K
pulling 1849ef83c4dd:  96% ▕█████████████████ ▏ 4.9 GB/5.1 GB   10 MB/s     21s[K[?25h[?2026l[?2026h[?25l[A[1Gpulling manifest [K
pulling 1849ef83c4dd:  96% ▕█████████████████ ▏ 4.9 GB/5.1 GB   10 MB/s     21s[K[?25h[?2026l[?2026h[?25l[A[1Gpulling manifest [K
pulling 1849ef83c4dd:  96% ▕█████████████████ ▏ 4.9 GB/5.1 GB   10 MB/s     21s[K[?25h[?2026l[?2026h[?25l[A[1Gpulling manifest [K
pulling 1849ef83c4dd:  96% ▕█████████████████ ▏ 4.9 GB/5.1 GB   10 MB/s     21s[K[?25h[?2026l[?2026h[?25l[A[1Gpulling manifest [K
pulling 1849ef83c4dd:  96% ▕█████████████████ ▏ 4.9 GB/5.1 GB   10 MB/s     21s[K[?25h[?2026l[?2026h[?25l[A[1Gpulling manifest [K
pulling 1849ef83c4dd:  96% ▕█████████████████ ▏ 4.9 GB/5.1 GB   10 MB/s     20s[K[?25h[?2026l[?2026h[?25l[A[1Gpulling manifest [K
pulling 1849ef83c4dd:  96% ▕█████████████████ ▏ 4.9 GB/5.1 GB   10 MB/s     20s[K[?25h[?2026l[?2026h[?25l[A[1Gpulling manifest [K
pulling 1849ef83c4dd:  96% ▕█████████████████ ▏ 4.9 GB/5.1 GB   10 MB/s     20s[K[?25h[?2026l[?2026h[?25l[A[1Gpulling manifest [K
pulling 1849ef83c4dd:  96% ▕█████████████████ ▏ 4.9 GB/5.1 GB   10 MB/s     20s[K[?25h[?2026l[?2026h[?25l[A[1Gpulling manifest [K
pulling 1849ef83c4dd:  96% ▕█████████████████ ▏ 4.9 GB/5.1 GB   10 MB/s     21s[K[?25h[?2026l[?2026h[?25l[A[1Gpulling manifest [K
pulling 1849ef83c4dd:  96% ▕█████████████████ ▏ 4.9 GB/5.1 GB   10 MB/s     21s[K[?25h[?2026l[?2026h[?25l[A[1Gpulling manifest [K
pulling 1849ef83c4dd:  96% ▕█████████████████ ▏ 4.9 GB/5.1 GB   10 MB/s     20s[K[?25h[?2026l[?2026h[?25l[A[1Gpulling manifest [K
pulling 1849ef83c4dd:  96% ▕█████████████████ ▏ 4.9 GB/5.1 GB   10 MB/s     20s[K[?25h[?2026l[?2026h[?25l[A[1Gpulling manifest [K
pulling 1849ef83c4dd:  96% ▕█████████████████ ▏ 4.9 GB/5.1 GB   10 MB/s     20s[K[?25h[?2026l[?2026h[?25l[A[1Gpulling manifest [K
pulling 1849ef83c4dd:  96% ▕█████████████████ ▏ 4.9 GB/5.1 GB   10 MB/s     20s[K[?25h[?2026l[?2026h[?25l[A[1Gpulling manifest [K
pulling 1849ef83c4dd:  96% ▕█████████████████ ▏ 4.9 GB/5.1 GB   10 MB/s     20s[K[?25h[?2026l[?2026h[?25l[A[1Gpulling manifest [K
pulling 1849ef83c4dd:  96% ▕█████████████████ ▏ 4.9 GB/5.1 GB   10 MB/s     20s[K[?25h[?2026l[?2026h[?25l[A[1Gpulling manifest [K
pulling 1849ef83c4dd:  96% ▕█████████████████ ▏ 4.9 GB/5.1 GB   10 MB/s     20s[K[?25h[?2026l[?2026h[?25l[A[1Gpulling manifest [K
pulling 1849ef83c4dd:  96% ▕█████████████████ ▏ 4.9 GB/5.1 GB   10 MB/s     20s[K[?25h[?2026l[?2026h[?25l[A[1Gpulling manifest [K
pulling 1849ef83c4dd:  96% ▕█████████████████ ▏ 4.9 GB/5.1 GB   10 MB/s     20s[K[?25h[?2026l[?2026h[?25l[A[1Gpulling manifest [K
pulling 1849ef83c4dd:  96% ▕█████████████████ ▏ 4.9 GB/5.1 GB   10 MB/s     20s[K[?25h[?2026l[?2026h[?25l[A[1Gpulling manifest [K
pulling 1849ef83c4dd:  96% ▕█████████████████ ▏ 4.9 GB/5.1 GB   10 MB/s     20s[K[?25h[?2026l[?2026h[?25l[A[1Gpulling manifest [K
pulling 1849ef83c4dd:  96% ▕█████████████████ ▏ 4.9 GB/5.1 GB   10 MB/s     20s[K[?25h[?2026l[?2026h[?25l[A[1Gpulling manifest [K
pulling 1849ef83c4dd:  96% ▕█████████████████ ▏ 4.9 GB/5.1 GB   10 MB/s     20s[K[?25h[?2026l[?2026h[?25l[A[1Gpulling manifest [K
pulling 1849ef83c4dd:  96% ▕█████████████████ ▏ 4.9 GB/5.1 GB   10 MB/s     20s[K[?25h[?2026l[?2026h[?25l[A[1Gpulling manifest [K
pulling 1849ef83c4dd:  96% ▕█████████████████ ▏ 4.9 GB/5.1 GB   10 MB/s     20s[K[?25h[?2026l[?2026h[?25l[A[1Gpulling manifest [K
pulling 1849ef83c4dd:  96% ▕█████████████████ ▏ 4.9 GB/5.1 GB   10 MB/s     20s[K[?25h[?2026l[?2026h[?25l[A[1Gpulling manifest [K
pulling 1849ef83c4dd:  96% ▕█████████████████ ▏ 4.9 GB/5.1 GB   10 MB/s     19s[K[?25h[?2026l[?2026h[?25l[A[1Gpulling manifest [K
pulling 1849ef83c4dd:  96% ▕█████████████████ ▏ 4.9 GB/5.1 GB   10 MB/s     19s[K[?25h[?2026l[?2026h[?25l[A[1Gpulling manifest [K
pulling 1849ef83c4dd:  96% ▕█████████████████ ▏ 4.9 GB/5.1 GB   10 MB/s     20s[K[?25h[?2026l[?2026h[?25l[A[1Gpulling manifest [K
pulling 1849ef83c4dd:  96% ▕█████████████████ ▏ 4.9 GB/5.1 GB   10 MB/s     19s[K[?25h[?2026l[?2026h[?25l[A[1Gpulling manifest [K
pulling 1849ef83c4dd:  96% ▕█████████████████ ▏ 4.9 GB/5.1 GB   10 MB/s     19s[K[?25h[?2026l[?2026h[?25l[A[1Gpulling manifest [K
pulling 1849ef83c4dd:  96% ▕█████████████████ ▏ 4.9 GB/5.1 GB   10 MB/s     19s[K[?25h[?2026l[?2026h[?25l[A[1Gpulling manifest [K
pulling 1849ef83c4dd:  96% ▕█████████████████ ▏ 4.9 GB/5.1 GB   10 MB/s     19s[K[?25h[?2026l[?2026h[?25l[A[1Gpulling manifest [K
pulling 1849ef83c4dd:  96% ▕█████████████████ ▏ 4.9 GB/5.1 GB   10 MB/s     19s[K[?25h[?2026l[?2026h[?25l[A[1Gpulling manifest [K
pulling 1849ef83c4dd:  96% ▕█████████████████ ▏ 4.9 GB/5.1 GB   10 MB/s     19s[K[?25h[?2026l[?2026h[?25l[A[1Gpulling manifest [K
pulling 1849ef83c4dd:  96% ▕█████████████████ ▏ 4.9 GB/5.1 GB   10 MB/s     19s[K[?25h[?2026l[?2026h[?25l[A[1Gpulling manifest [K
pulling 1849ef83c4dd:  96% ▕█████████████████ ▏ 4.9 GB/5.1 GB   10 MB/s     19s[K[?25h[?2026l[?2026h[?25l[A[1Gpulling manifest [K
pulling 1849ef83c4dd:  96% ▕█████████████████ ▏ 4.9 GB/5.1 GB   10 MB/s     19s[K[?25h[?2026l[?2026h[?25l[A[1Gpulling manifest [K
pulling 1849ef83c4dd:  96% ▕█████████████████ ▏ 4.9 GB/5.1 GB  9.9 MB/s     19s[K[?25h[?2026l[?2026h[?25l[A[1Gpulling manifest [K
pulling 1849ef83c4dd:  96% ▕█████████████████ ▏ 4.9 GB/5.1 GB  9.9 MB/s     19s[K[?25h[?2026l[?2026h[?25l[A[1Gpulling manifest [K
pulling 1849ef83c4dd:  96% ▕█████████████████ ▏ 4.9 GB/5.1 GB  9.9 MB/s     19s[K[?25h[?2026l[?2026h[?25l[A[1Gpulling manifest [K
pulling 1849ef83c4dd:  96% ▕█████████████████ ▏ 4.9 GB/5.1 GB  9.9 MB/s     19s[K[?25h[?2026l[?2026h[?25l[A[1Gpulling manifest [K
pulling 1849ef83c4dd:  96% ▕█████████████████ ▏ 4.9 GB/5.1 GB  9.9 MB/s     19s[K[?25h[?2026l[?2026h[?25l[A[1Gpulling manifest [K
pulling 1849ef83c4dd:  96% ▕█████████████████ ▏ 4.9 GB/5.1 GB  9.9 MB/s     18s[K[?25h[?2026l[?2026h[?25l[A[1Gpulling manifest [K
pulling 1849ef83c4dd:  96% ▕█████████████████ ▏ 4.9 GB/5.1 GB  9.9 MB/s     18s[K[?25h[?2026l[?2026h[?25l[A[1Gpulling manifest [K
pulling 1849ef83c4dd:  96% ▕█████████████████ ▏ 4.9 GB/5.1 GB  9.9 MB/s     18s[K[?25h[?2026l[?2026h[?25l[A[1Gpulling manifest [K
pulling 1849ef83c4dd:  96% ▕█████████████████ ▏ 4.9 GB/5.1 GB  9.9 MB/s     18s[K[?25h[?2026l[?2026h[?25l[A[1Gpulling manifest [K
pulling 1849ef83c4dd:  96% ▕█████████████████ ▏ 4.9 GB/5.1 GB  9.9 MB/s     18s[K[?25h[?2026l[?2026h[?25l[A[1Gpulling manifest [K
pulling 1849ef83c4dd:  96% ▕█████████████████ ▏ 4.9 GB/5.1 GB  9.9 MB/s     18s[K[?25h[?2026l[?2026h[?25l[A[1Gpulling manifest [K
pulling 1849ef83c4dd:  96% ▕█████████████████ ▏ 4.9 GB/5.1 GB  9.8 MB/s     18s[K[?25h[?2026l[?2026h[?25l[A[1Gpulling manifest [K
pulling 1849ef83c4dd:  96% ▕█████████████████ ▏ 4.9 GB/5.1 GB  9.8 MB/s     18s[K[?25h[?2026l[?2026h[?25l[A[1Gpulling manifest [K
pulling 1849ef83c4dd:  96% ▕█████████████████ ▏ 5.0 GB/5.1 GB  9.8 MB/s     18s[K[?25h[?2026l[?2026h[?25l[A[1Gpulling manifest [K
pulling 1849ef83c4dd:  96% ▕█████████████████ ▏ 5.0 GB/5.1 GB  9.8 MB/s     18s[K[?25h[?2026l[?2026h[?25l[A[1Gpulling manifest [K
pulling 1849ef83c4dd:  97% ▕█████████████████ ▏ 5.0 GB/5.1 GB  9.8 MB/s     18s[K[?25h[?2026l[?2026h[?25l[A[1Gpulling manifest [K
pulling 1849ef83c4dd:  97% ▕█████████████████ ▏ 5.0 GB/5.1 GB  9.8 MB/s     18s[K[?25h[?2026l[?2026h[?25l[A[1Gpulling manifest [K
pulling 1849ef83c4dd:  97% ▕█████████████████ ▏ 5.0 GB/5.1 GB  9.8 MB/s     18s[K[?25h[?2026l[?2026h[?25l[A[1Gpulling manifest [K
pulling 1849ef83c4dd:  97% ▕█████████████████ ▏ 5.0 GB/5.1 GB  9.8 MB/s     18s[K[?25h[?2026l[?2026h[?25l[A[1Gpulling manifest [K
pulling 1849ef83c4dd:  97% ▕█████████████████ ▏ 5.0 GB/5.1 GB  9.8 MB/s     17s[K[?25h[?2026l[?2026h[?25l[A[1Gpulling manifest [K
pulling 1849ef83c4dd:  97% ▕█████████████████ ▏ 5.0 GB/5.1 GB  9.8 MB/s     17s[K[?25h[?2026l[?2026h[?25l[A[1Gpulling manifest [K
pulling 1849ef83c4dd:  97% ▕█████████████████ ▏ 5.0 GB/5.1 GB  9.8 MB/s     17s[K[?25h[?2026l[?2026h[?25l[A[1Gpulling manifest [K
pulling 1849ef83c4dd:  97% ▕█████████████████ ▏ 5.0 GB/5.1 GB  9.8 MB/s     17s[K[?25h[?2026l[?2026h[?25l[A[1Gpulling manifest [K
pulling 1849ef83c4dd:  97% ▕█████████████████ ▏ 5.0 GB/5.1 GB  9.8 MB/s     17s[K[?25h[?2026l[?2026h[?25l[A[1Gpulling manifest [K
pulling 1849ef83c4dd:  97% ▕█████████████████ ▏ 5.0 GB/5.1 GB  9.8 MB/s     17s[K[?25h[?2026l[?2026h[?25l[A[1Gpulling manifest [K
pulling 1849ef83c4dd:  97% ▕█████████████████ ▏ 5.0 GB/5.1 GB  9.8 MB/s     17s[K[?25h[?2026l[?2026h[?25l[A[1Gpulling manifest [K
pulling 1849ef83c4dd:  97% ▕█████████████████ ▏ 5.0 GB/5.1 GB  9.8 MB/s     17s[K[?25h[?2026l[?2026h[?25l[A[1Gpulling manifest [K
pulling 1849ef83c4dd:  97% ▕█████████████████ ▏ 5.0 GB/5.1 GB  9.8 MB/s     17s[K[?25h[?2026l[?2026h[?25l[A[1Gpulling manifest [K
pulling 1849ef83c4dd:  97% ▕█████████████████ ▏ 5.0 GB/5.1 GB  9.8 MB/s     17s[K[?25h[?2026l[?2026h[?25l[A[1Gpulling manifest [K
pulling 1849ef83c4dd:  97% ▕█████████████████ ▏ 5.0 GB/5.1 GB  9.8 MB/s     17s[K[?25h[?2026l[?2026h[?25l[A[1Gpulling manifest [K
pulling 1849ef83c4dd:  97% ▕█████████████████ ▏ 5.0 GB/5.1 GB  9.8 MB/s     16s[K[?25h[?2026l[?2026h[?25l[A[1Gpulling manifest [K
pulling 1849ef83c4dd:  97% ▕█████████████████ ▏ 5.0 GB/5.1 GB  9.6 MB/s     17s[K[?25h[?2026l[?2026h[?25l[A[1Gpulling manifest [K
pulling 1849ef83c4dd:  97% ▕█████████████████ ▏ 5.0 GB/5.1 GB  9.6 MB/s     17s[K[?25h[?2026l[?2026h[?25l[A[1Gpulling manifest [K
pulling 1849ef83c4dd:  97% ▕█████████████████ ▏ 5.0 GB/5.1 GB  9.6 MB/s     17s[K[?25h[?2026l[?2026h[?25l[A[1Gpulling manifest [K
pulling 1849ef83c4dd:  97% ▕█████████████████ ▏ 5.0 GB/5.1 GB  9.6 MB/s     17s[K[?25h[?2026l[?2026h[?25l[A[1Gpulling manifest [K
pulling 1849ef83c4dd:  97% ▕█████████████████ ▏ 5.0 GB/5.1 GB  9.6 MB/s     16s[K[?25h[?2026l[?2026h[?25l[A[1Gpulling manifest [K
pulling 1849ef83c4dd:  97% ▕█████████████████ ▏ 5.0 GB/5.1 GB  9.6 MB/s     16s[K[?25h[?2026l[?2026h[?25l[A[1Gpulling manifest [K
pulling 1849ef83c4dd:  97% ▕█████████████████ ▏ 5.0 GB/5.1 GB  9.6 MB/s     16s[K[?25h[?2026l[?2026h[?25l[A[1Gpulling manifest [K
pulling 1849ef83c4dd:  97% ▕█████████████████ ▏ 5.0 GB/5.1 GB  9.6 MB/s     16s[K[?25h[?2026l[?2026h[?25l[A[1Gpulling manifest [K
pulling 1849ef83c4dd:  97% ▕█████████████████ ▏ 5.0 GB/5.1 GB  9.6 MB/s     16s[K[?25h[?2026l[?2026h[?25l[A[1Gpulling manifest [K
pulling 1849ef83c4dd:  97% ▕█████████████████ ▏ 5.0 GB/5.1 GB  9.6 MB/s     16s[K[?25h[?2026l[?2026h[?25l[A[1Gpulling manifest [K
pulling 1849ef83c4dd:  97% ▕█████████████████ ▏ 5.0 GB/5.1 GB  9.3 MB/s     16s[K[?25h[?2026l[?2026h[?25l[A[1Gpulling manifest [K
pulling 1849ef83c4dd:  97% ▕█████████████████ ▏ 5.0 GB/5.1 GB  9.3 MB/s     16s[K[?25h[?2026l[?2026h[?25l[A[1Gpulling manifest [K
pulling 1849ef83c4dd:  97% ▕█████████████████ ▏ 5.0 GB/5.1 GB  9.3 MB/s     16s[K[?25h[?2026l[?2026h[?25l[A[1Gpulling manifest [K
pulling 1849ef83c4dd:  97% ▕█████████████████ ▏ 5.0 GB/5.1 GB  9.3 MB/s     16s[K[?25h[?2026l[?2026h[?25l[A[1Gpulling manifest [K
pulling 1849ef83c4dd:  97% ▕█████████████████ ▏ 5.0 GB/5.1 GB  9.3 MB/s     16s[K[?25h[?2026l[?2026h[?25l[A[1Gpulling manifest [K
pulling 1849ef83c4dd:  97% ▕█████████████████ ▏ 5.0 GB/5.1 GB  9.3 MB/s     16s[K[?25h[?2026l[?2026h[?25l[A[1Gpulling manifest [K
pulling 1849ef83c4dd:  97% ▕█████████████████ ▏ 5.0 GB/5.1 GB  9.3 MB/s     16s[K[?25h[?2026l[?2026h[?25l[A[1Gpulling manifest [K
pulling 1849ef83c4dd:  97% ▕█████████████████ ▏ 5.0 GB/5.1 GB  9.3 MB/s     16s[K[?25h[?2026l[?2026h[?25l[A[1Gpulling manifest [K
pulling 1849ef83c4dd:  97% ▕█████████████████ ▏ 5.0 GB/5.1 GB  9.3 MB/s     16s[K[?25h[?2026l[?2026h[?25l[A[1Gpulling manifest [K
pulling 1849ef83c4dd:  97% ▕█████████████████ ▏ 5.0 GB/5.1 GB  9.3 MB/s     16s[K[?25h[?2026l[?2026h[?25l[A[1Gpulling manifest [K
pulling 1849ef83c4dd:  97% ▕█████████████████ ▏ 5.0 GB/5.1 GB  9.1 MB/s     16s[K[?25h[?2026l[?2026h[?25l[A[1Gpulling manifest [K
pulling 1849ef83c4dd:  97% ▕█████████████████ ▏ 5.0 GB/5.1 GB  9.1 MB/s     16s[K[?25h[?2026l[?2026h[?25l[A[1Gpulling manifest [K
pulling 1849ef83c4dd:  97% ▕█████████████████ ▏ 5.0 GB/5.1 GB  9.1 MB/s     16s[K[?25h[?2026l[?2026h[?25l[A[1Gpulling manifest [K
pulling 1849ef83c4dd:  97% ▕█████████████████ ▏ 5.0 GB/5.1 GB  9.1 MB/s     16s[K[?25h[?2026l[?2026h[?25l[A[1Gpulling manifest [K
pulling 1849ef83c4dd:  97% ▕█████████████████ ▏ 5.0 GB/5.1 GB  9.1 MB/s     16s[K[?25h[?2026l[?2026h[?25l[A[1Gpulling manifest [K
pulling 1849ef83c4dd:  97% ▕█████████████████ ▏ 5.0 GB/5.1 GB  9.1 MB/s     15s[K[?25h[?2026l[?2026h[?25l[A[1Gpulling manifest [K
pulling 1849ef83c4dd:  97% ▕█████████████████ ▏ 5.0 GB/5.1 GB  9.1 MB/s     15s[K[?25h[?2026l[?2026h[?25l[A[1Gpulling manifest [K
pulling 1849ef83c4dd:  97% ▕█████████████████ ▏ 5.0 GB/5.1 GB  9.1 MB/s     15s[K[?25h[?2026l[?2026h[?25l[A[1Gpulling manifest [K
pulling 1849ef83c4dd:  97% ▕█████████████████ ▏ 5.0 GB/5.1 GB  9.1 MB/s     15s[K[?25h[?2026l[?2026h[?25l[A[1Gpulling manifest [K
pulling 1849ef83c4dd:  97% ▕█████████████████ ▏ 5.0 GB/5.1 GB  9.1 MB/s     15s[K[?25h[?2026l[?2026h[?25l[A[1Gpulling manifest [K
pulling 1849ef83c4dd:  97% ▕█████████████████ ▏ 5.0 GB/5.1 GB  9.1 MB/s     15s[K[?25h[?2026l[?2026h[?25l[A[1Gpulling manifest [K
pulling 1849ef83c4dd:  97% ▕█████████████████ ▏ 5.0 GB/5.1 GB  9.0 MB/s     15s[K[?25h[?2026l[?2026h[?25l[A[1Gpulling manifest [K
pulling 1849ef83c4dd:  97% ▕█████████████████ ▏ 5.0 GB/5.1 GB  9.0 MB/s     15s[K[?25h[?2026l[?2026h[?25l[A[1Gpulling manifest [K
pulling 1849ef83c4dd:  97% ▕█████████████████ ▏ 5.0 GB/5.1 GB  9.0 MB/s     15s[K[?25h[?2026l[?2026h[?25l[A[1Gpulling manifest [K
pulling 1849ef83c4dd:  97% ▕█████████████████ ▏ 5.0 GB/5.1 GB  9.0 MB/s     15s[K[?25h[?2026l[?2026h[?25l[A[1Gpulling manifest [K
pulling 1849ef83c4dd:  97% ▕█████████████████ ▏ 5.0 GB/5.1 GB  9.0 MB/s     15s[K[?25h[?2026l[?2026h[?25l[A[1Gpulling manifest [K
pulling 1849ef83c4dd:  97% ▕█████████████████ ▏ 5.0 GB/5.1 GB  9.0 MB/s     15s[K[?25h[?2026l[?2026h[?25l[A[1Gpulling manifest [K
pulling 1849ef83c4dd:  97% ▕█████████████████ ▏ 5.0 GB/5.1 GB  9.0 MB/s     14s[K[?25h[?2026l[?2026h[?25l[A[1Gpulling manifest [K
pulling 1849ef83c4dd:  97% ▕█████████████████ ▏ 5.0 GB/5.1 GB  9.0 MB/s     14s[K[?25h[?2026l[?2026h[?25l[A[1Gpulling manifest [K
pulling 1849ef83c4dd:  97% ▕█████████████████ ▏ 5.0 GB/5.1 GB  9.0 MB/s     14s[K[?25h[?2026l[?2026h[?25l[A[1Gpulling manifest [K
pulling 1849ef83c4dd:  97% ▕█████████████████ ▏ 5.0 GB/5.1 GB  9.0 MB/s     14s[K[?25h[?2026l[?2026h[?25l[A[1Gpulling manifest [K
pulling 1849ef83c4dd:  97% ▕█████████████████ ▏ 5.0 GB/5.1 GB  8.9 MB/s     14s[K[?25h[?2026l[?2026h[?25l[A[1Gpulling manifest [K
pulling 1849ef83c4dd:  97% ▕█████████████████ ▏ 5.0 GB/5.1 GB  8.9 MB/s     14s[K[?25h[?2026l[?2026h[?25l[A[1Gpulling manifest [K
pulling 1849ef83c4dd:  97% ▕█████████████████ ▏ 5.0 GB/5.1 GB  8.9 MB/s     14s[K[?25h[?2026l[?2026h[?25l[A[1Gpulling manifest [K
pulling 1849ef83c4dd:  97% ▕█████████████████ ▏ 5.0 GB/5.1 GB  8.9 MB/s     14s[K[?25h[?2026l[?2026h[?25l[A[1Gpulling manifest [K
pulling 1849ef83c4dd:  97% ▕█████████████████ ▏ 5.0 GB/5.1 GB  8.9 MB/s     14s[K[?25h[?2026l[?2026h[?25l[A[1Gpulling manifest [K
pulling 1849ef83c4dd:  98% ▕█████████████████ ▏ 5.0 GB/5.1 GB  8.9 MB/s     14s[K[?25h[?2026l[?2026h[?25l[A[1Gpulling manifest [K
pulling 1849ef83c4dd:  98% ▕█████████████████ ▏ 5.0 GB/5.1 GB  8.9 MB/s     14s[K[?25h[?2026l[?2026h[?25l[A[1Gpulling manifest [K
pulling 1849ef83c4dd:  98% ▕█████████████████ ▏ 5.0 GB/5.1 GB  8.9 MB/s     14s[K[?25h[?2026l[?2026h[?25l[A[1Gpulling manifest [K
pulling 1849ef83c4dd:  98% ▕█████████████████ ▏ 5.0 GB/5.1 GB  8.9 MB/s     13s[K[?25h[?2026l[?2026h[?25l[A[1Gpulling manifest [K
pulling 1849ef83c4dd:  98% ▕█████████████████ ▏ 5.0 GB/5.1 GB  8.9 MB/s     13s[K[?25h[?2026l[?2026h[?25l[A[1Gpulling manifest [K
pulling 1849ef83c4dd:  98% ▕█████████████████ ▏ 5.0 GB/5.1 GB  8.9 MB/s     13s[K[?25h[?2026l[?2026h[?25l[A[1Gpulling manifest [K
pulling 1849ef83c4dd:  98% ▕█████████████████ ▏ 5.0 GB/5.1 GB  8.9 MB/s     13s[K[?25h[?2026l[?2026h[?25l[A[1Gpulling manifest [K
pulling 1849ef83c4dd:  98% ▕█████████████████ ▏ 5.0 GB/5.1 GB  8.9 MB/s     13s[K[?25h[?2026l[?2026h[?25l[A[1Gpulling manifest [K
pulling 1849ef83c4dd:  98% ▕█████████████████ ▏ 5.0 GB/5.1 GB  8.9 MB/s     13s[K[?25h[?2026l[?2026h[?25l[A[1Gpulling manifest [K
pulling 1849ef83c4dd:  98% ▕█████████████████ ▏ 5.0 GB/5.1 GB  8.9 MB/s     13s[K[?25h[?2026l[?2026h[?25l[A[1Gpulling manifest [K
pulling 1849ef83c4dd:  98% ▕█████████████████ ▏ 5.0 GB/5.1 GB  8.9 MB/s     13s[K[?25h[?2026l[?2026h[?25l[A[1Gpulling manifest [K
pulling 1849ef83c4dd:  98% ▕█████████████████ ▏ 5.0 GB/5.1 GB  8.9 MB/s     13s[K[?25h[?2026l[?2026h[?25l[A[1Gpulling manifest [K
pulling 1849ef83c4dd:  98% ▕█████████████████ ▏ 5.0 GB/5.1 GB  8.9 MB/s     12s[K[?25h[?2026l[?2026h[?25l[A[1Gpulling manifest [K
pulling 1849ef83c4dd:  98% ▕█████████████████ ▏ 5.0 GB/5.1 GB  8.9 MB/s     12s[K[?25h[?2026l[?2026h[?25l[A[1Gpulling manifest [K
pulling 1849ef83c4dd:  98% ▕█████████████████ ▏ 5.0 GB/5.1 GB  8.9 MB/s     12s[K[?25h[?2026l[?2026h[?25l[A[1Gpulling manifest [K
pulling 1849ef83c4dd:  98% ▕█████████████████ ▏ 5.0 GB/5.1 GB  8.9 MB/s     12s[K[?25h[?2026l[?2026h[?25l[A[1Gpulling manifest [K
pulling 1849ef83c4dd:  98% ▕█████████████████ ▏ 5.0 GB/5.1 GB  8.9 MB/s     12s[K[?25h[?2026l[?2026h[?25l[A[1Gpulling manifest [K
pulling 1849ef83c4dd:  98% ▕█████████████████ ▏ 5.0 GB/5.1 GB  8.9 MB/s     12s[K[?25h[?2026l[?2026h[?25l[A[1Gpulling manifest [K
pulling 1849ef83c4dd:  98% ▕█████████████████ ▏ 5.0 GB/5.1 GB  8.9 MB/s     12s[K[?25h[?2026l[?2026h[?25l[A[1Gpulling manifest [K
pulling 1849ef83c4dd:  98% ▕█████████████████ ▏ 5.0 GB/5.1 GB  8.9 MB/s     12s[K[?25h[?2026l[?2026h[?25l[A[1Gpulling manifest [K
pulling 1849ef83c4dd:  98% ▕█████████████████ ▏ 5.0 GB/5.1 GB  8.9 MB/s     12s[K[?25h[?2026l[?2026h[?25l[A[1Gpulling manifest [K
pulling 1849ef83c4dd:  98% ▕█████████████████ ▏ 5.0 GB/5.1 GB  8.9 MB/s     12s[K[?25h[?2026l[?2026h[?25l[A[1Gpulling manifest [K
pulling 1849ef83c4dd:  98% ▕█████████████████ ▏ 5.0 GB/5.1 GB  8.9 MB/s     11s[K[?25h[?2026l[?2026h[?25l[A[1Gpulling manifest [K
pulling 1849ef83c4dd:  98% ▕█████████████████ ▏ 5.0 GB/5.1 GB  8.9 MB/s     11s[K[?25h[?2026l[?2026h[?25l[A[1Gpulling manifest [K
pulling 1849ef83c4dd:  98% ▕█████████████████ ▏ 5.0 GB/5.1 GB  8.9 MB/s     11s[K[?25h[?2026l[?2026h[?25l[A[1Gpulling manifest [K
pulling 1849ef83c4dd:  98% ▕█████████████████ ▏ 5.0 GB/5.1 GB  8.8 MB/s     11s[K[?25h[?2026l[?2026h[?25l[A[1Gpulling manifest [K
pulling 1849ef83c4dd:  98% ▕█████████████████ ▏ 5.0 GB/5.1 GB  8.8 MB/s     11s[K[?25h[?2026l[?2026h[?25l[A[1Gpulling manifest [K
pulling 1849ef83c4dd:  98% ▕█████████████████ ▏ 5.0 GB/5.1 GB  8.8 MB/s     11s[K[?25h[?2026l[?2026h[?25l[A[1Gpulling manifest [K
pulling 1849ef83c4dd:  98% ▕█████████████████ ▏ 5.0 GB/5.1 GB  8.8 MB/s     11s[K[?25h[?2026l[?2026h[?25l[A[1Gpulling manifest [K
pulling 1849ef83c4dd:  98% ▕█████████████████ ▏ 5.0 GB/5.1 GB  8.8 MB/s     11s[K[?25h[?2026l[?2026h[?25l[A[1Gpulling manifest [K
pulling 1849ef83c4dd:  98% ▕█████████████████ ▏ 5.0 GB/5.1 GB  8.8 MB/s     11s[K[?25h[?2026l[?2026h[?25l[A[1Gpulling manifest [K
pulling 1849ef83c4dd:  98% ▕█████████████████ ▏ 5.0 GB/5.1 GB  8.8 MB/s     11s[K[?25h[?2026l[?2026h[?25l[A[1Gpulling manifest [K
pulling 1849ef83c4dd:  98% ▕█████████████████ ▏ 5.0 GB/5.1 GB  8.8 MB/s     11s[K[?25h[?2026l[?2026h[?25l[A[1Gpulling manifest [K
pulling 1849ef83c4dd:  98% ▕█████████████████ ▏ 5.0 GB/5.1 GB  8.8 MB/s     11s[K[?25h[?2026l[?2026h[?25l[A[1Gpulling manifest [K
pulling 1849ef83c4dd:  98% ▕█████████████████ ▏ 5.0 GB/5.1 GB  8.8 MB/s     11s[K[?25h[?2026l[?2026h[?25l[A[1Gpulling manifest [K
pulling 1849ef83c4dd:  98% ▕█████████████████ ▏ 5.0 GB/5.1 GB  8.8 MB/s     11s[K[?25h[?2026l[?2026h[?25l[A[1Gpulling manifest [K
pulling 1849ef83c4dd:  98% ▕█████████████████ ▏ 5.0 GB/5.1 GB  8.5 MB/s     11s[K[?25h[?2026l[?2026h[?25l[A[1Gpulling manifest [K
pulling 1849ef83c4dd:  98% ▕█████████████████ ▏ 5.0 GB/5.1 GB  8.5 MB/s     11s[K[?25h[?2026l[?2026h[?25l[A[1Gpulling manifest [K
pulling 1849ef83c4dd:  98% ▕█████████████████ ▏ 5.0 GB/5.1 GB  8.5 MB/s     11s[K[?25h[?2026l[?2026h[?25l[A[1Gpulling manifest [K
pulling 1849ef83c4dd:  98% ▕█████████████████ ▏ 5.0 GB/5.1 GB  8.5 MB/s     11s[K[?25h[?2026l[?2026h[?25l[A[1Gpulling manifest [K
pulling 1849ef83c4dd:  98% ▕█████████████████ ▏ 5.0 GB/5.1 GB  8.5 MB/s     11s[K[?25h[?2026l[?2026h[?25l[A[1Gpulling manifest [K
pulling 1849ef83c4dd:  98% ▕█████████████████ ▏ 5.0 GB/5.1 GB  8.5 MB/s     10s[K[?25h[?2026l[?2026h[?25l[A[1Gpulling manifest [K
pulling 1849ef83c4dd:  98% ▕█████████████████ ▏ 5.0 GB/5.1 GB  8.5 MB/s     10s[K[?25h[?2026l[?2026h[?25l[A[1Gpulling manifest [K
pulling 1849ef83c4dd:  98% ▕█████████████████ ▏ 5.0 GB/5.1 GB  8.5 MB/s     10s[K[?25h[?2026l[?2026h[?25l[A[1Gpulling manifest [K
pulling 1849ef83c4dd:  98% ▕█████████████████ ▏ 5.0 GB/5.1 GB  8.5 MB/s     10s[K[?25h[?2026l[?2026h[?25l[A[1Gpulling manifest [K
pulling 1849ef83c4dd:  98% ▕█████████████████ ▏ 5.0 GB/5.1 GB  8.5 MB/s     10s[K[?25h[?2026l[?2026h[?25l[A[1Gpulling manifest [K
pulling 1849ef83c4dd:  98% ▕█████████████████ ▏ 5.0 GB/5.1 GB  8.3 MB/s     10s[K[?25h[?2026l[?2026h[?25l[A[1Gpulling manifest [K
pulling 1849ef83c4dd:  98% ▕█████████████████ ▏ 5.0 GB/5.1 GB  8.3 MB/s     10s[K[?25h[?2026l[?2026h[?25l[A[1Gpulling manifest [K
pulling 1849ef83c4dd:  98% ▕█████████████████ ▏ 5.0 GB/5.1 GB  8.3 MB/s     10s[K[?25h[?2026l[?2026h[?25l[A[1Gpulling manifest [K
pulling 1849ef83c4dd:  98% ▕█████████████████ ▏ 5.0 GB/5.1 GB  8.3 MB/s     10s[K[?25h[?2026l[?2026h[?25l[A[1Gpulling manifest [K
pulling 1849ef83c4dd:  98% ▕█████████████████ ▏ 5.0 GB/5.1 GB  8.3 MB/s     10s[K[?25h[?2026l[?2026h[?25l[A[1Gpulling manifest [K
pulling 1849ef83c4dd:  98% ▕█████████████████ ▏ 5.0 GB/5.1 GB  8.3 MB/s     10s[K[?25h[?2026l[?2026h[?25l[A[1Gpulling manifest [K
pulling 1849ef83c4dd:  98% ▕█████████████████ ▏ 5.0 GB/5.1 GB  8.3 MB/s     10s[K[?25h[?2026l[?2026h[?25l[A[1Gpulling manifest [K
pulling 1849ef83c4dd:  98% ▕█████████████████ ▏ 5.0 GB/5.1 GB  8.3 MB/s     10s[K[?25h[?2026l[?2026h[?25l[A[1Gpulling manifest [K
pulling 1849ef83c4dd:  98% ▕█████████████████ ▏ 5.0 GB/5.1 GB  8.3 MB/s     10s[K[?25h[?2026l[?2026h[?25l[A[1Gpulling manifest [K
pulling 1849ef83c4dd:  98% ▕█████████████████ ▏ 5.0 GB/5.1 GB  8.3 MB/s     10s[K[?25h[?2026l[?2026h[?25l[A[1Gpulling manifest [K
pulling 1849ef83c4dd:  98% ▕█████████████████ ▏ 5.0 GB/5.1 GB  8.2 MB/s     10s[K[?25h[?2026l[?2026h[?25l[A[1Gpulling manifest [K
pulling 1849ef83c4dd:  98% ▕█████████████████ ▏ 5.0 GB/5.1 GB  8.2 MB/s     10s[K[?25h[?2026l[?2026h[?25l[A[1Gpulling manifest [K
pulling 1849ef83c4dd:  98% ▕█████████████████ ▏ 5.1 GB/5.1 GB  8.2 MB/s      9s[K[?25h[?2026l[?2026h[?25l[A[1Gpulling manifest [K
pulling 1849ef83c4dd:  98% ▕█████████████████ ▏ 5.1 GB/5.1 GB  8.2 MB/s      9s[K[?25h[?2026l[?2026h[?25l[A[1Gpulling manifest [K
pulling 1849ef83c4dd:  98% ▕█████████████████ ▏ 5.1 GB/5.1 GB  8.2 MB/s      9s[K[?25h[?2026l[?2026h[?25l[A[1Gpulling manifest [K
pulling 1849ef83c4dd:  98% ▕█████████████████ ▏ 5.1 GB/5.1 GB  8.2 MB/s      9s[K[?25h[?2026l[?2026h[?25l[A[1Gpulling manifest [K
pulling 1849ef83c4dd:  98% ▕█████████████████ ▏ 5.1 GB/5.1 GB  8.2 MB/s      9s[K[?25h[?2026l[?2026h[?25l[A[1Gpulling manifest [K
pulling 1849ef83c4dd:  98% ▕█████████████████ ▏ 5.1 GB/5.1 GB  8.2 MB/s      9s[K[?25h[?2026l[?2026h[?25l[A[1Gpulling manifest [K
pulling 1849ef83c4dd:  98% ▕█████████████████ ▏ 5.1 GB/5.1 GB  8.2 MB/s      9s[K[?25h[?2026l[?2026h[?25l[A[1Gpulling manifest [K
pulling 1849ef83c4dd:  98% ▕█████████████████ ▏ 5.1 GB/5.1 GB  8.2 MB/s      9s[K[?25h[?2026l[?2026h[?25l[A[1Gpulling manifest [K
pulling 1849ef83c4dd:  98% ▕█████████████████ ▏ 5.1 GB/5.1 GB  8.0 MB/s      9s[K[?25h[?2026l[?2026h[?25l[A[1Gpulling manifest [K
pulling 1849ef83c4dd:  99% ▕█████████████████ ▏ 5.1 GB/5.1 GB  8.0 MB/s      9s[K[?25h[?2026l[?2026h[?25l[A[1Gpulling manifest [K
pulling 1849ef83c4dd:  99% ▕█████████████████ ▏ 5.1 GB/5.1 GB  8.0 MB/s      9s[K[?25h[?2026l[?2026h[?25l[A[1Gpulling manifest [K
pulling 1849ef83c4dd:  99% ▕█████████████████ ▏ 5.1 GB/5.1 GB  8.0 MB/s      9s[K[?25h[?2026l[?2026h[?25l[A[1Gpulling manifest [K
pulling 1849ef83c4dd:  99% ▕█████████████████ ▏ 5.1 GB/5.1 GB  8.0 MB/s      9s[K[?25h[?2026l[?2026h[?25l[A[1Gpulling manifest [K
pulling 1849ef83c4dd:  99% ▕█████████████████ ▏ 5.1 GB/5.1 GB  8.0 MB/s      9s[K[?25h[?2026l[?2026h[?25l[A[1Gpulling manifest [K
pulling 1849ef83c4dd:  99% ▕█████████████████ ▏ 5.1 GB/5.1 GB  8.0 MB/s      9s[K[?25h[?2026l[?2026h[?25l[A[1Gpulling manifest [K
pulling 1849ef83c4dd:  99% ▕█████████████████ ▏ 5.1 GB/5.1 GB  8.0 MB/s      8s[K[?25h[?2026l[?2026h[?25l[A[1Gpulling manifest [K
pulling 1849ef83c4dd:  99% ▕█████████████████ ▏ 5.1 GB/5.1 GB  8.0 MB/s      8s[K[?25h[?2026l[?2026h[?25l[A[1Gpulling manifest [K
pulling 1849ef83c4dd:  99% ▕█████████████████ ▏ 5.1 GB/5.1 GB  8.0 MB/s      8s[K[?25h[?2026l[?2026h[?25l[A[1Gpulling manifest [K
pulling 1849ef83c4dd:  99% ▕█████████████████ ▏ 5.1 GB/5.1 GB  7.8 MB/s      8s[K[?25h[?2026l[?2026h[?25l[A[1Gpulling manifest [K
pulling 1849ef83c4dd:  99% ▕█████████████████ ▏ 5.1 GB/5.1 GB  7.8 MB/s      8s[K[?25h[?2026l[?2026h[?25l[A[1Gpulling manifest [K
pulling 1849ef83c4dd:  99% ▕█████████████████ ▏ 5.1 GB/5.1 GB  7.8 MB/s      8s[K[?25h[?2026l[?2026h[?25l[A[1Gpulling manifest [K
pulling 1849ef83c4dd:  99% ▕█████████████████ ▏ 5.1 GB/5.1 GB  7.8 MB/s      8s[K[?25h[?2026l[?2026h[?25l[A[1Gpulling manifest [K
pulling 1849ef83c4dd:  99% ▕█████████████████ ▏ 5.1 GB/5.1 GB  7.8 MB/s      8s[K[?25h[?2026l[?2026h[?25l[A[1Gpulling manifest [K
pulling 1849ef83c4dd:  99% ▕█████████████████ ▏ 5.1 GB/5.1 GB  7.8 MB/s      8s[K[?25h[?2026l[?2026h[?25l[A[1Gpulling manifest [K
pulling 1849ef83c4dd:  99% ▕█████████████████ ▏ 5.1 GB/5.1 GB  7.8 MB/s      8s[K[?25h[?2026l[?2026h[?25l[A[1Gpulling manifest [K
pulling 1849ef83c4dd:  99% ▕█████████████████ ▏ 5.1 GB/5.1 GB  7.8 MB/s      8s[K[?25h[?2026l[?2026h[?25l[A[1Gpulling manifest [K
pulling 1849ef83c4dd:  99% ▕█████████████████ ▏ 5.1 GB/5.1 GB  7.8 MB/s      8s[K[?25h[?2026l[?2026h[?25l[A[1Gpulling manifest [K
pulling 1849ef83c4dd:  99% ▕█████████████████ ▏ 5.1 GB/5.1 GB  7.8 MB/s      8s[K[?25h[?2026l[?2026h[?25l[A[1Gpulling manifest [K
pulling 1849ef83c4dd:  99% ▕█████████████████ ▏ 5.1 GB/5.1 GB  7.8 MB/s      8s[K[?25h[?2026l[?2026h[?25l[A[1Gpulling manifest [K
pulling 1849ef83c4dd:  99% ▕█████████████████ ▏ 5.1 GB/5.1 GB  7.6 MB/s      8s[K[?25h[?2026l[?2026h[?25l[A[1Gpulling manifest [K
pulling 1849ef83c4dd:  99% ▕█████████████████ ▏ 5.1 GB/5.1 GB  7.6 MB/s      8s[K[?25h[?2026l[?2026h[?25l[A[1Gpulling manifest [K
pulling 1849ef83c4dd:  99% ▕█████████████████ ▏ 5.1 GB/5.1 GB  7.6 MB/s      8s[K[?25h[?2026l[?2026h[?25l[A[1Gpulling manifest [K
pulling 1849ef83c4dd:  99% ▕█████████████████ ▏ 5.1 GB/5.1 GB  7.6 MB/s      7s[K[?25h[?2026l[?2026h[?25l[A[1Gpulling manifest [K
pulling 1849ef83c4dd:  99% ▕█████████████████ ▏ 5.1 GB/5.1 GB  7.6 MB/s      7s[K[?25h[?2026l[?2026h[?25l[A[1Gpulling manifest [K
pulling 1849ef83c4dd:  99% ▕█████████████████ ▏ 5.1 GB/5.1 GB  7.6 MB/s      7s[K[?25h[?2026l[?2026h[?25l[A[1Gpulling manifest [K
pulling 1849ef83c4dd:  99% ▕█████████████████ ▏ 5.1 GB/5.1 GB  7.6 MB/s      7s[K[?25h[?2026l[?2026h[?25l[A[1Gpulling manifest [K
pulling 1849ef83c4dd:  99% ▕█████████████████ ▏ 5.1 GB/5.1 GB  7.6 MB/s      7s[K[?25h[?2026l[?2026h[?25l[A[1Gpulling manifest [K
pulling 1849ef83c4dd:  99% ▕█████████████████ ▏ 5.1 GB/5.1 GB  7.6 MB/s      7s[K[?25h[?2026l[?2026h[?25l[A[1Gpulling manifest [K
pulling 1849ef83c4dd:  99% ▕█████████████████ ▏ 5.1 GB/5.1 GB  7.6 MB/s      7s[K[?25h[?2026l[?2026h[?25l[A[1Gpulling manifest [K
pulling 1849ef83c4dd:  99% ▕█████████████████ ▏ 5.1 GB/5.1 GB  7.3 MB/s      7s[K[?25h[?2026l[?2026h[?25l[A[1Gpulling manifest [K
pulling 1849ef83c4dd:  99% ▕█████████████████ ▏ 5.1 GB/5.1 GB  7.3 MB/s      7s[K[?25h[?2026l[?2026h[?25l[A[1Gpulling manifest [K
pulling 1849ef83c4dd:  99% ▕█████████████████ ▏ 5.1 GB/5.1 GB  7.3 MB/s      7s[K[?25h[?2026l[?2026h[?25l[A[1Gpulling manifest [K
pulling 1849ef83c4dd:  99% ▕█████████████████ ▏ 5.1 GB/5.1 GB  7.3 MB/s      7s[K[?25h[?2026l[?2026h[?25l[A[1Gpulling manifest [K
pulling 1849ef83c4dd:  99% ▕█████████████████ ▏ 5.1 GB/5.1 GB  7.3 MB/s      7s[K[?25h[?2026l[?2026h[?25l[A[1Gpulling manifest [K
pulling 1849ef83c4dd:  99% ▕█████████████████ ▏ 5.1 GB/5.1 GB  7.3 MB/s      7s[K[?25h[?2026l[?2026h[?25l[A[1Gpulling manifest [K
pulling 1849ef83c4dd:  99% ▕█████████████████ ▏ 5.1 GB/5.1 GB  7.3 MB/s      7s[K[?25h[?2026l[?2026h[?25l[A[1Gpulling manifest [K
pulling 1849ef83c4dd:  99% ▕█████████████████ ▏ 5.1 GB/5.1 GB  7.3 MB/s      6s[K[?25h[?2026l[?2026h[?25l[A[1Gpulling manifest [K
pulling 1849ef83c4dd:  99% ▕█████████████████ ▏ 5.1 GB/5.1 GB  7.3 MB/s      6s[K[?25h[?2026l[?2026h[?25l[A[1Gpulling manifest [K
pulling 1849ef83c4dd:  99% ▕█████████████████ ▏ 5.1 GB/5.1 GB  7.3 MB/s      6s[K[?25h[?2026l[?2026h[?25l[A[1Gpulling manifest [K
pulling 1849ef83c4dd:  99% ▕█████████████████ ▏ 5.1 GB/5.1 GB  7.1 MB/s      6s[K[?25h[?2026l[?2026h[?25l[A[1Gpulling manifest [K
pulling 1849ef83c4dd:  99% ▕█████████████████ ▏ 5.1 GB/5.1 GB  7.1 MB/s      6s[K[?25h[?2026l[?2026h[?25l[A[1Gpulling manifest [K
pulling 1849ef83c4dd:  99% ▕█████████████████ ▏ 5.1 GB/5.1 GB  7.1 MB/s      6s[K[?25h[?2026l[?2026h[?25l[A[1Gpulling manifest [K
pulling 1849ef83c4dd:  99% ▕█████████████████ ▏ 5.1 GB/5.1 GB  7.1 MB/s      6s[K[?25h[?2026l[?2026h[?25l[A[1Gpulling manifest [K
pulling 1849ef83c4dd:  99% ▕█████████████████ ▏ 5.1 GB/5.1 GB  7.1 MB/s      6s[K[?25h[?2026l[?2026h[?25l[A[1Gpulling manifest [K
pulling 1849ef83c4dd:  99% ▕█████████████████ ▏ 5.1 GB/5.1 GB  7.1 MB/s      6s[K[?25h[?2026l[?2026h[?25l[A[1Gpulling manifest [K
pulling 1849ef83c4dd:  99% ▕█████████████████ ▏ 5.1 GB/5.1 GB  7.1 MB/s      6s[K[?25h[?2026l[?2026h[?25l[A[1Gpulling manifest [K
pulling 1849ef83c4dd:  99% ▕█████████████████ ▏ 5.1 GB/5.1 GB  7.1 MB/s      6s[K[?25h[?2026l[?2026h[?25l[A[1Gpulling manifest [K
pulling 1849ef83c4dd:  99% ▕█████████████████ ▏ 5.1 GB/5.1 GB  7.1 MB/s      6s[K[?25h[?2026l[?2026h[?25l[A[1Gpulling manifest [K
pulling 1849ef83c4dd:  99% ▕█████████████████ ▏ 5.1 GB/5.1 GB  7.1 MB/s      6s[K[?25h[?2026l[?2026h[?25l[A[1Gpulling manifest [K
pulling 1849ef83c4dd:  99% ▕█████████████████ ▏ 5.1 GB/5.1 GB  6.9 MB/s      6s[K[?25h[?2026l[?2026h[?25l[A[1Gpulling manifest [K
pulling 1849ef83c4dd:  99% ▕█████████████████ ▏ 5.1 GB/5.1 GB  6.9 MB/s      6s[K[?25h[?2026l[?2026h[?25l[A[1Gpulling manifest [K
pulling 1849ef83c4dd:  99% ▕█████████████████ ▏ 5.1 GB/5.1 GB  6.9 MB/s      5s[K[?25h[?2026l[?2026h[?25l[A[1Gpulling manifest [K
pulling 1849ef83c4dd:  99% ▕█████████████████ ▏ 5.1 GB/5.1 GB  6.9 MB/s      5s[K[?25h[?2026l[?2026h[?25l[A[1Gpulling manifest [K
pulling 1849ef83c4dd:  99% ▕█████████████████ ▏ 5.1 GB/5.1 GB  6.9 MB/s      5s[K[?25h[?2026l[?2026h[?25l[A[1Gpulling manifest [K
pulling 1849ef83c4dd:  99% ▕█████████████████ ▏ 5.1 GB/5.1 GB  6.9 MB/s      5s[K[?25h[?2026l[?2026h[?25l[A[1Gpulling manifest [K
pulling 1849ef83c4dd:  99% ▕█████████████████ ▏ 5.1 GB/5.1 GB  6.9 MB/s      5s[K[?25h[?2026l[?2026h[?25l[A[1Gpulling manifest [K
pulling 1849ef83c4dd:  99% ▕█████████████████ ▏ 5.1 GB/5.1 GB  6.9 MB/s      5s[K[?25h[?2026l[?2026h[?25l[A[1Gpulling manifest [K
pulling 1849ef83c4dd:  99% ▕█████████████████ ▏ 5.1 GB/5.1 GB  6.9 MB/s      5s[K[?25h[?2026l[?2026h[?25l[A[1Gpulling manifest [K
pulling 1849ef83c4dd:  99% ▕█████████████████ ▏ 5.1 GB/5.1 GB  6.9 MB/s      5s[K[?25h[?2026l[?2026h[?25l[A[1Gpulling manifest [K
pulling 1849ef83c4dd:  99% ▕█████████████████ ▏ 5.1 GB/5.1 GB  6.8 MB/s      5s[K[?25h[?2026l[?2026h[?25l[A[1Gpulling manifest [K
pulling 1849ef83c4dd:  99% ▕█████████████████ ▏ 5.1 GB/5.1 GB  6.8 MB/s      5s[K[?25h[?2026l[?2026h[?25l[A[1Gpulling manifest [K
pulling 1849ef83c4dd:  99% ▕█████████████████ ▏ 5.1 GB/5.1 GB  6.8 MB/s      5s[K[?25h[?2026l[?2026h[?25l[A[1Gpulling manifest [K
pulling 1849ef83c4dd:  99% ▕█████████████████ ▏ 5.1 GB/5.1 GB  6.8 MB/s      5s[K[?25h[?2026l[?2026h[?25l[A[1Gpulling manifest [K
pulling 1849ef83c4dd:  99% ▕█████████████████ ▏ 5.1 GB/5.1 GB  6.8 MB/s      5s[K[?25h[?2026l[?2026h[?25l[A[1Gpulling manifest [K
pulling 1849ef83c4dd:  99% ▕█████████████████ ▏ 5.1 GB/5.1 GB  6.8 MB/s      4s[K[?25h[?2026l[?2026h[?25l[A[1Gpulling manifest [K
pulling 1849ef83c4dd:  99% ▕█████████████████ ▏ 5.1 GB/5.1 GB  6.8 MB/s      4s[K[?25h[?2026l[?2026h[?25l[A[1Gpulling manifest [K
pulling 1849ef83c4dd:  99% ▕█████████████████ ▏ 5.1 GB/5.1 GB  6.8 MB/s      4s[K[?25h[?2026l[?2026h[?25l[A[1Gpulling manifest [K
pulling 1849ef83c4dd:  99% ▕█████████████████ ▏ 5.1 GB/5.1 GB  6.8 MB/s      4s[K[?25h[?2026l[?2026h[?25l[A[1Gpulling manifest [K
pulling 1849ef83c4dd:  99% ▕█████████████████ ▏ 5.1 GB/5.1 GB  6.8 MB/s      4s[K[?25h[?2026l[?2026h[?25l[A[1Gpulling manifest [K
pulling 1849ef83c4dd:  99% ▕█████████████████ ▏ 5.1 GB/5.1 GB  6.8 MB/s      4s[K[?25h[?2026l[?2026h[?25l[A[1Gpulling manifest [K
pulling 1849ef83c4dd:  99% ▕█████████████████ ▏ 5.1 GB/5.1 GB  6.6 MB/s      4s[K[?25h[?2026l[?2026h[?25l[A[1Gpulling manifest [K
pulling 1849ef83c4dd:  99% ▕█████████████████ ▏ 5.1 GB/5.1 GB  6.6 MB/s      4s[K[?25h[?2026l[?2026h[?25l[A[1Gpulling manifest [K
pulling 1849ef83c4dd:  99% ▕█████████████████ ▏ 5.1 GB/5.1 GB  6.6 MB/s      4s[K[?25h[?2026l[?2026h[?25l[A[1Gpulling manifest [K
pulling 1849ef83c4dd:  99% ▕█████████████████ ▏ 5.1 GB/5.1 GB  6.6 MB/s      4s[K[?25h[?2026l[?2026h[?25l[A[1Gpulling manifest [K
pulling 1849ef83c4dd:  99% ▕█████████████████ ▏ 5.1 GB/5.1 GB  6.6 MB/s      4s[K[?25h[?2026l[?2026h[?25l[A[1Gpulling manifest [K
pulling 1849ef83c4dd:  99% ▕█████████████████ ▏ 5.1 GB/5.1 GB  6.6 MB/s      4s[K[?25h[?2026l[?2026h[?25l[A[1Gpulling manifest [K
pulling 1849ef83c4dd:  99% ▕█████████████████ ▏ 5.1 GB/5.1 GB  6.6 MB/s      4s[K[?25h[?2026l[?2026h[?25l[A[1Gpulling manifest [K
pulling 1849ef83c4dd:  99% ▕█████████████████ ▏ 5.1 GB/5.1 GB  6.6 MB/s      4s[K[?25h[?2026l[?2026h[?25l[A[1Gpulling manifest [K
pulling 1849ef83c4dd:  99% ▕█████████████████ ▏ 5.1 GB/5.1 GB  6.6 MB/s      4s[K[?25h[?2026l[?2026h[?25l[A[1Gpulling manifest [K
pulling 1849ef83c4dd:  99% ▕█████████████████ ▏ 5.1 GB/5.1 GB  6.6 MB/s      4s[K[?25h[?2026l[?2026h[?25l[A[1Gpulling manifest [K
pulling 1849ef83c4dd:  99% ▕█████████████████ ▏ 5.1 GB/5.1 GB  6.4 MB/s      4s[K[?25h[?2026l[?2026h[?25l[A[1Gpulling manifest [K
pulling 1849ef83c4dd:  99% ▕█████████████████ ▏ 5.1 GB/5.1 GB  6.4 MB/s      4s[K[?25h[?2026l[?2026h[?25l[A[1Gpulling manifest [K
pulling 1849ef83c4dd:  99% ▕█████████████████ ▏ 5.1 GB/5.1 GB  6.4 MB/s      4s[K[?25h[?2026l[?2026h[?25l[A[1Gpulling manifest [K
pulling 1849ef83c4dd: 100% ▕█████████████████ ▏ 5.1 GB/5.1 GB  6.4 MB/s      3s[K[?25h[?2026l[?2026h[?25l[A[1Gpulling manifest [K
pulling 1849ef83c4dd: 100% ▕█████████████████ ▏ 5.1 GB/5.1 GB  6.4 MB/s      3s[K[?25h[?2026l[?2026h[?25l[A[1Gpulling manifest [K
pulling 1849ef83c4dd: 100% ▕█████████████████ ▏ 5.1 GB/5.1 GB  6.4 MB/s      3s[K[?25h[?2026l[?2026h[?25l[A[1Gpulling manifest [K
pulling 1849ef83c4dd: 100% ▕█████████████████ ▏ 5.1 GB/5.1 GB  6.4 MB/s      3s[K[?25h[?2026l[?2026h[?25l[A[1Gpulling manifest [K
pulling 1849ef83c4dd: 100% ▕█████████████████ ▏ 5.1 GB/5.1 GB  6.4 MB/s      3s[K[?25h[?2026l[?2026h[?25l[A[1Gpulling manifest [K
pulling 1849ef83c4dd: 100% ▕█████████████████ ▏ 5.1 GB/5.1 GB  6.4 MB/s      3s[K[?25h[?2026l[?2026h[?25l[A[1Gpulling manifest [K
pulling 1849ef83c4dd: 100% ▕█████████████████ ▏ 5.1 GB/5.1 GB  6.4 MB/s      3s[K[?25h[?2026l[?2026h[?25l[A[1Gpulling manifest [K
pulling 1849ef83c4dd: 100% ▕█████████████████ ▏ 5.1 GB/5.1 GB  6.0 MB/s      3s[K[?25h[?2026l[?2026h[?25l[A[1Gpulling manifest [K
pulling 1849ef83c4dd: 100% ▕█████████████████ ▏ 5.1 GB/5.1 GB  6.0 MB/s      3s[K[?25h[?2026l[?2026h[?25l[A[1Gpulling manifest [K
pulling 1849ef83c4dd: 100% ▕█████████████████ ▏ 5.1 GB/5.1 GB  6.0 MB/s      3s[K[?25h[?2026l[?2026h[?25l[A[1Gpulling manifest [K
pulling 1849ef83c4dd: 100% ▕█████████████████ ▏ 5.1 GB/5.1 GB  6.0 MB/s      3s[K[?25h[?2026l[?2026h[?25l[A[1Gpulling manifest [K
pulling 1849ef83c4dd: 100% ▕█████████████████ ▏ 5.1 GB/5.1 GB  6.0 MB/s      3s[K[?25h[?2026l[?2026h[?25l[A[1Gpulling manifest [K
pulling 1849ef83c4dd: 100% ▕█████████████████ ▏ 5.1 GB/5.1 GB  6.0 MB/s      3s[K[?25h[?2026l[?2026h[?25l[A[1Gpulling manifest [K
pulling 1849ef83c4dd: 100% ▕█████████████████ ▏ 5.1 GB/5.1 GB  6.0 MB/s      3s[K[?25h[?2026l[?2026h[?25l[A[1Gpulling manifest [K
pulling 1849ef83c4dd: 100% ▕█████████████████ ▏ 5.1 GB/5.1 GB  6.0 MB/s      3s[K[?25h[?2026l[?2026h[?25l[A[1Gpulling manifest [K
pulling 1849ef83c4dd: 100% ▕█████████████████ ▏ 5.1 GB/5.1 GB  6.0 MB/s      3s[K[?25h[?2026l[?2026h[?25l[A[1Gpulling manifest [K
pulling 1849ef83c4dd: 100% ▕█████████████████ ▏ 5.1 GB/5.1 GB  6.0 MB/s      3s[K[?25h[?2026l[?2026h[?25l[A[1Gpulling manifest [K
pulling 1849ef83c4dd: 100% ▕█████████████████ ▏ 5.1 GB/5.1 GB  5.6 MB/s      3s[K[?25h[?2026l[?2026h[?25l[A[1Gpulling manifest [K
pulling 1849ef83c4dd: 100% ▕█████████████████ ▏ 5.1 GB/5.1 GB  5.6 MB/s      3s[K[?25h[?2026l[?2026h[?25l[A[1Gpulling manifest [K
pulling 1849ef83c4dd: 100% ▕█████████████████ ▏ 5.1 GB/5.1 GB  5.6 MB/s      3s[K[?25h[?2026l[?2026h[?25l[A[1Gpulling manifest [K
pulling 1849ef83c4dd: 100% ▕█████████████████ ▏ 5.1 GB/5.1 GB  5.6 MB/s      3s[K[?25h[?2026l[?2026h[?25l[A[1Gpulling manifest [K
pulling 1849ef83c4dd: 100% ▕█████████████████ ▏ 5.1 GB/5.1 GB  5.6 MB/s      3s[K[?25h[?2026l[?2026h[?25l[A[1Gpulling manifest [K
pulling 1849ef83c4dd: 100% ▕█████████████████ ▏ 5.1 GB/5.1 GB  5.6 MB/s      3s[K[?25h[?2026l[?2026h[?25l[A[1Gpulling manifest [K
pulling 1849ef83c4dd: 100% ▕█████████████████ ▏ 5.1 GB/5.1 GB  5.6 MB/s      3s[K[?25h[?2026l[?2026h[?25l[A[1Gpulling manifest [K
pulling 1849ef83c4dd: 100% ▕█████████████████ ▏ 5.1 GB/5.1 GB  5.6 MB/s      3s[K[?25h[?2026l[?2026h[?25l[A[1Gpulling manifest [K
pulling 1849ef83c4dd: 100% ▕█████████████████ ▏ 5.1 GB/5.1 GB  5.6 MB/s      3s[K[?25h[?2026l[?2026h[?25l[A[1Gpulling manifest [K
pulling 1849ef83c4dd: 100% ▕█████████████████ ▏ 5.1 GB/5.1 GB  5.6 MB/s      3s[K[?25h[?2026l[?2026h[?25l[A[1Gpulling manifest [K
pulling 1849ef83c4dd: 100% ▕█████████████████ ▏ 5.1 GB/5.1 GB  5.2 MB/s      3s[K[?25h[?2026l[?2026h[?25l[A[1Gpulling manifest [K
pulling 1849ef83c4dd: 100% ▕█████████████████ ▏ 5.1 GB/5.1 GB  5.2 MB/s      3s[K[?25h[?2026l[?2026h[?25l[A[1Gpulling manifest [K
pulling 1849ef83c4dd: 100% ▕█████████████████ ▏ 5.1 GB/5.1 GB  5.2 MB/s      3s[K[?25h[?2026l[?2026h[?25l[A[1Gpulling manifest [K
pulling 1849ef83c4dd: 100% ▕█████████████████ ▏ 5.1 GB/5.1 GB  5.2 MB/s      3s[K[?25h[?2026l[?2026h[?25l[A[1Gpulling manifest [K
pulling 1849ef83c4dd: 100% ▕█████████████████ ▏ 5.1 GB/5.1 GB  5.2 MB/s      3s[K[?25h[?2026l[?2026h[?25l[A[1Gpulling manifest [K
pulling 1849ef83c4dd: 100% ▕█████████████████ ▏ 5.1 GB/5.1 GB  5.2 MB/s      3s[K[?25h[?2026l[?2026h[?25l[A[1Gpulling manifest [K
pulling 1849ef83c4dd: 100% ▕█████████████████ ▏ 5.1 GB/5.1 GB  5.2 MB/s      2s[K[?25h[?2026l[?2026h[?25l[A[1Gpulling manifest [K
pulling 1849ef83c4dd: 100% ▕█████████████████ ▏ 5.1 GB/5.1 GB  5.2 MB/s      2s[K[?25h[?2026l[?2026h[?25l[A[1Gpulling manifest [K
pulling 1849ef83c4dd: 100% ▕█████████████████ ▏ 5.1 GB/5.1 GB  5.2 MB/s      2s[K[?25h[?2026l[?2026h[?25l[A[1Gpulling manifest [K
pulling 1849ef83c4dd: 100% ▕█████████████████ ▏ 5.1 GB/5.1 GB  5.2 MB/s      2s[K[?25h[?2026l[?2026h[?25l[A[1Gpulling manifest [K
pulling 1849ef83c4dd: 100% ▕█████████████████ ▏ 5.1 GB/5.1 GB  5.2 MB/s      2s[K[?25h[?2026l[?2026h[?25l[A[1Gpulling manifest [K
pulling 1849ef83c4dd: 100% ▕█████████████████ ▏ 5.1 GB/5.1 GB  4.7 MB/s      3s[K[?25h[?2026l[?2026h[?25l[A[1Gpulling manifest [K
pulling 1849ef83c4dd: 100% ▕█████████████████ ▏ 5.1 GB/5.1 GB  4.7 MB/s      2s[K[?25h[?2026l[?2026h[?25l[A[1Gpulling manifest [K
pulling 1849ef83c4dd: 100% ▕█████████████████ ▏ 5.1 GB/5.1 GB  4.7 MB/s      2s[K[?25h[?2026l[?2026h[?25l[A[1Gpulling manifest [K
pulling 1849ef83c4dd: 100% ▕█████████████████ ▏ 5.1 GB/5.1 GB  4.7 MB/s      2s[K[?25h[?2026l[?2026h[?25l[A[1Gpulling manifest [K
pulling 1849ef83c4dd: 100% ▕█████████████████ ▏ 5.1 GB/5.1 GB  4.7 MB/s      2s[K[?25h[?2026l[?2026h[?25l[A[1Gpulling manifest [K
pulling 1849ef83c4dd: 100% ▕█████████████████ ▏ 5.1 GB/5.1 GB  4.7 MB/s      2s[K[?25h[?2026l[?2026h[?25l[A[1Gpulling manifest [K
pulling 1849ef83c4dd: 100% ▕█████████████████ ▏ 5.1 GB/5.1 GB  4.7 MB/s      2s[K[?25h[?2026l[?2026h[?25l[A[1Gpulling manifest [K
pulling 1849ef83c4dd: 100% ▕█████████████████ ▏ 5.1 GB/5.1 GB  4.7 MB/s      2s[K[?25h[?2026l[?2026h[?25l[A[1Gpulling manifest [K
pulling 1849ef83c4dd: 100% ▕█████████████████ ▏ 5.1 GB/5.1 GB  4.7 MB/s      2s[K[?25h[?2026l[?2026h[?25l[A[1Gpulling manifest [K
pulling 1849ef83c4dd: 100% ▕█████████████████ ▏ 5.1 GB/5.1 GB  4.7 MB/s      2s[K[?25h[?2026l[?2026h[?25l[A[1Gpulling manifest [K
pulling 1849ef83c4dd: 100% ▕█████████████████ ▏ 5.1 GB/5.1 GB  4.1 MB/s      2s[K[?25h[?2026l[?2026h[?25l[A[1Gpulling manifest [K
pulling 1849ef83c4dd: 100% ▕█████████████████ ▏ 5.1 GB/5.1 GB  4.1 MB/s      2s[K[?25h[?2026l[?2026h[?25l[A[1Gpulling manifest [K
pulling 1849ef83c4dd: 100% ▕█████████████████ ▏ 5.1 GB/5.1 GB  4.1 MB/s      2s[K[?25h[?2026l[?2026h[?25l[A[1Gpulling manifest [K
pulling 1849ef83c4dd: 100% ▕█████████████████ ▏ 5.1 GB/5.1 GB  4.1 MB/s      2s[K[?25h[?2026l[?2026h[?25l[A[1Gpulling manifest [K
pulling 1849ef83c4dd: 100% ▕█████████████████ ▏ 5.1 GB/5.1 GB  4.1 MB/s      2s[K[?25h[?2026l[?2026h[?25l[A[1Gpulling manifest [K
pulling 1849ef83c4dd: 100% ▕█████████████████ ▏ 5.1 GB/5.1 GB  4.1 MB/s      2s[K[?25h[?2026l[?2026h[?25l[A[1Gpulling manifest [K
pulling 1849ef83c4dd: 100% ▕█████████████████ ▏ 5.1 GB/5.1 GB  4.1 MB/s      2s[K[?25h[?2026l[?2026h[?25l[A[1Gpulling manifest [K
pulling 1849ef83c4dd: 100% ▕█████████████████ ▏ 5.1 GB/5.1 GB  4.1 MB/s      2s[K[?25h[?2026l[?2026h[?25l[A[1Gpulling manifest [K
pulling 1849ef83c4dd: 100% ▕█████████████████ ▏ 5.1 GB/5.1 GB  4.1 MB/s      2s[K[?25h[?2026l[?2026h[?25l[A[1Gpulling manifest [K
pulling 1849ef83c4dd: 100% ▕█████████████████ ▏ 5.1 GB/5.1 GB  4.1 MB/s      2s[K[?25h[?2026l[?2026h[?25l[A[1Gpulling manifest [K
pulling 1849ef83c4dd: 100% ▕█████████████████ ▏ 5.1 GB/5.1 GB  3.7 MB/s      2s[K[?25h[?2026l[?2026h[?25l[A[1Gpulling manifest [K
pulling 1849ef83c4dd: 100% ▕█████████████████ ▏ 5.1 GB/5.1 GB  3.7 MB/s      2s[K[?25h[?2026l[?2026h[?25l[A[1Gpulling manifest [K
pulling 1849ef83c4dd: 100% ▕█████████████████ ▏ 5.1 GB/5.1 GB  3.7 MB/s      2s[K[?25h[?2026l[?2026h[?25l[A[1Gpulling manifest [K
pulling 1849ef83c4dd: 100% ▕█████████████████ ▏ 5.1 GB/5.1 GB  3.7 MB/s      2s[K[?25h[?2026l[?2026h[?25l[A[1Gpulling manifest [K
pulling 1849ef83c4dd: 100% ▕█████████████████ ▏ 5.1 GB/5.1 GB  3.7 MB/s      2s[K[?25h[?2026l[?2026h[?25l[A[1Gpulling manifest [K
pulling 1849ef83c4dd: 100% ▕█████████████████ ▏ 5.1 GB/5.1 GB  3.7 MB/s      2s[K[?25h[?2026l[?2026h[?25l[A[1Gpulling manifest [K
pulling 1849ef83c4dd: 100% ▕█████████████████ ▏ 5.1 GB/5.1 GB  3.7 MB/s      2s[K[?25h[?2026l[?2026h[?25l[A[1Gpulling manifest [K
pulling 1849ef83c4dd: 100% ▕█████████████████ ▏ 5.1 GB/5.1 GB  3.7 MB/s      1s[K[?25h[?2026l[?2026h[?25l[A[1Gpulling manifest [K
pulling 1849ef83c4dd: 100% ▕█████████████████ ▏ 5.1 GB/5.1 GB  3.7 MB/s      1s[K[?25h[?2026l[?2026h[?25l[A[1Gpulling manifest [K
pulling 1849ef83c4dd: 100% ▕█████████████████ ▏ 5.1 GB/5.1 GB  3.7 MB/s      1s[K[?25h[?2026l[?2026h[?25l[A[1Gpulling manifest [K
pulling 1849ef83c4dd: 100% ▕█████████████████ ▏ 5.1 GB/5.1 GB  3.3 MB/s      2s[K[?25h[?2026l[?2026h[?25l[A[1Gpulling manifest [K
pulling 1849ef83c4dd: 100% ▕█████████████████ ▏ 5.1 GB/5.1 GB  3.3 MB/s      1s[K[?25h[?2026l[?2026h[?25l[A[1Gpulling manifest [K
pulling 1849ef83c4dd: 100% ▕█████████████████ ▏ 5.1 GB/5.1 GB  3.3 MB/s      1s[K[?25h[?2026l[?2026h[?25l[A[1Gpulling manifest [K
pulling 1849ef83c4dd: 100% ▕█████████████████ ▏ 5.1 GB/5.1 GB  3.3 MB/s      1s[K[?25h[?2026l[?2026h[?25l[A[1Gpulling manifest [K
pulling 1849ef83c4dd: 100% ▕█████████████████ ▏ 5.1 GB/5.1 GB  3.3 MB/s      1s[K[?25h[?2026l[?2026h[?25l[A[1Gpulling manifest [K
pulling 1849ef83c4dd: 100% ▕█████████████████ ▏ 5.1 GB/5.1 GB  3.3 MB/s      1s[K[?25h[?2026l[?2026h[?25l[A[1Gpulling manifest [K
pulling 1849ef83c4dd: 100% ▕█████████████████ ▏ 5.1 GB/5.1 GB  3.3 MB/s      1s[K[?25h[?2026l[?2026h[?25l[A[1Gpulling manifest [K
pulling 1849ef83c4dd: 100% ▕█████████████████ ▏ 5.1 GB/5.1 GB  3.3 MB/s      1s[K[?25h[?2026l[?2026h[?25l[A[1Gpulling manifest [K
pulling 1849ef83c4dd: 100% ▕█████████████████ ▏ 5.1 GB/5.1 GB  3.3 MB/s      1s[K[?25h[?2026l[?2026h[?25l[A[1Gpulling manifest [K
pulling 1849ef83c4dd: 100% ▕█████████████████ ▏ 5.1 GB/5.1 GB  3.3 MB/s      1s[K[?25h[?2026l[?2026h[?25l[A[1Gpulling manifest [K
pulling 1849ef83c4dd: 100% ▕█████████████████ ▏ 5.1 GB/5.1 GB  2.9 MB/s      1s[K[?25h[?2026l[?2026h[?25l[A[1Gpulling manifest [K
pulling 1849ef83c4dd: 100% ▕█████████████████ ▏ 5.1 GB/5.1 GB  2.9 MB/s      1s[K[?25h[?2026l[?2026h[?25l[A[1Gpulling manifest [K
pulling 1849ef83c4dd: 100% ▕█████████████████ ▏ 5.1 GB/5.1 GB  2.9 MB/s      1s[K[?25h[?2026l[?2026h[?25l[A[1Gpulling manifest [K
pulling 1849ef83c4dd: 100% ▕█████████████████ ▏ 5.1 GB/5.1 GB  2.9 MB/s      1s[K[?25h[?2026l[?2026h[?25l[A[1Gpulling manifest [K
pulling 1849ef83c4dd: 100% ▕█████████████████ ▏ 5.1 GB/5.1 GB  2.9 MB/s      1s[K[?25h[?2026l[?2026h[?25l[A[1Gpulling manifest [K
pulling 1849ef83c4dd: 100% ▕█████████████████ ▏ 5.1 GB/5.1 GB  2.9 MB/s      1s[K[?25h[?2026l[?2026h[?25l[A[1Gpulling manifest [K
pulling 1849ef83c4dd: 100% ▕█████████████████ ▏ 5.1 GB/5.1 GB  2.9 MB/s      1s[K[?25h[?2026l[?2026h[?25l[A[1Gpulling manifest [K
pulling 1849ef83c4dd: 100% ▕█████████████████ ▏ 5.1 GB/5.1 GB  2.9 MB/s      1s[K[?25h[?2026l[?2026h[?25l[A[1Gpulling manifest [K
pulling 1849ef83c4dd: 100% ▕█████████████████ ▏ 5.1 GB/5.1 GB  2.9 MB/s      1s[K[?25h[?2026l[?2026h[?25l[A[1Gpulling manifest [K
pulling 1849ef83c4dd: 100% ▕█████████████████ ▏ 5.1 GB/5.1 GB  2.9 MB/s      1s[K[?25h[?2026l[?2026h[?25l[A[1Gpulling manifest [K
pulling 1849ef83c4dd: 100% ▕█████████████████ ▏ 5.1 GB/5.1 GB  2.9 MB/s      1s[K[?25h[?2026l[?2026h[?25l[A[1Gpulling manifest [K
pulling 1849ef83c4dd: 100% ▕█████████████████ ▏ 5.1 GB/5.1 GB  2.5 MB/s      1s[K[?25h[?2026l[?2026h[?25l[A[1Gpulling manifest [K
pulling 1849ef83c4dd: 100% ▕█████████████████ ▏ 5.1 GB/5.1 GB  2.5 MB/s      1s[K[?25h[?2026l[?2026h[?25l[A[1Gpulling manifest [K
pulling 1849ef83c4dd: 100% ▕█████████████████ ▏ 5.1 GB/5.1 GB  2.5 MB/s      1s[K[?25h[?2026l[?2026h[?25l[A[1Gpulling manifest [K
pulling 1849ef83c4dd: 100% ▕█████████████████ ▏ 5.1 GB/5.1 GB  2.5 MB/s      1s[K[?25h[?2026l[?2026h[?25l[A[1Gpulling manifest [K
pulling 1849ef83c4dd: 100% ▕█████████████████ ▏ 5.1 GB/5.1 GB  2.5 MB/s      1s[K[?25h[?2026l[?2026h[?25l[A[1Gpulling manifest [K
pulling 1849ef83c4dd: 100% ▕█████████████████ ▏ 5.1 GB/5.1 GB  2.5 MB/s      1s[K[?25h[?2026l[?2026h[?25l[A[1Gpulling manifest [K
pulling 1849ef83c4dd: 100% ▕█████████████████ ▏ 5.1 GB/5.1 GB  2.5 MB/s      0s[K[?25h[?2026l[?2026h[?25l[A[1Gpulling manifest [K
pulling 1849ef83c4dd: 100% ▕█████████████████ ▏ 5.1 GB/5.1 GB  2.5 MB/s      0s[K[?25h[?2026l[?2026h[?25l[A[1Gpulling manifest [K
pulling 1849ef83c4dd: 100% ▕█████████████████ ▏ 5.1 GB/5.1 GB  2.5 MB/s      0s[K[?25h[?2026l[?2026h[?25l[A[1Gpulling manifest [K
pulling 1849ef83c4dd: 100% ▕█████████████████ ▏ 5.1 GB/5.1 GB  2.5 MB/s      0s[K[?25h[?2026l[?2026h[?25l[A[1Gpulling manifest [K
pulling 1849ef83c4dd: 100% ▕█████████████████ ▏ 5.1 GB/5.1 GB  2.3 MB/s      0s[K[?25h[?2026l[?2026h[?25l[A[1Gpulling manifest [K
pulling 1849ef83c4dd: 100% ▕█████████████████ ▏ 5.1 GB/5.1 GB  2.3 MB/s      0s[K[?25h[?2026l[?2026h[?25l[A[1Gpulling manifest [K
pulling 1849ef83c4dd: 100% ▕█████████████████ ▏ 5.1 GB/5.1 GB  2.3 MB/s      0s[K[?25h[?2026l[?2026h[?25l[A[1Gpulling manifest [K
pulling 1849ef83c4dd: 100% ▕█████████████████ ▏ 5.1 GB/5.1 GB  2.3 MB/s      0s[K[?25h[?2026l[?2026h[?25l[A[1Gpulling manifest [K
pulling 1849ef83c4dd: 100% ▕█████████████████ ▏ 5.1 GB/5.1 GB  2.3 MB/s      0s[K[?25h[?2026l[?2026h[?25l[A[1Gpulling manifest [K
pulling 1849ef83c4dd: 100% ▕█████████████████ ▏ 5.1 GB/5.1 GB  2.3 MB/s      0s[K[?25h[?2026l[?2026h[?25l[A[1Gpulling manifest [K
pulling 1849ef83c4dd: 100% ▕█████████████████ ▏ 5.1 GB/5.1 GB  2.3 MB/s      0s[K[?25h[?2026l[?2026h[?25l[A[1Gpulling manifest [K
pulling 1849ef83c4dd: 100% ▕█████████████████ ▏ 5.1 GB/5.1 GB  2.3 MB/s      0s[K[?25h[?2026l[?2026h[?25l[A[1Gpulling manifest [K
pulling 1849ef83c4dd: 100% ▕█████████████████ ▏ 5.1 GB/5.1 GB  2.3 MB/s      0s[K[?25h[?2026l[?2026h[?25l[A[1Gpulling manifest [K
pulling 1849ef83c4dd: 100% ▕█████████████████ ▏ 5.1 GB/5.1 GB  2.3 MB/s      0s[K[?25h[?2026l[?2026h[?25l[A[1Gpulling manifest [K
pulling 1849ef83c4dd: 100% ▕█████████████████ ▏ 5.1 GB/5.1 GB  2.2 MB/s      0s[K[?25h[?2026l[?2026h[?25l[A[1Gpulling manifest [K
pulling 1849ef83c4dd: 100% ▕██████████████████▏ 5.1 GB                         [K[?25h[?2026l[?2026h[?25l[A[1Gpulling manifest [K
pulling 1849ef83c4dd: 100% ▕██████████████████▏ 5.1 GB                         [K
pulling 43070e2d4e53: 100% ▕██████████████████▏  11 KB                         [K[?25h[?2026l[?2026h[?25l[A[A[1Gpulling manifest [K
pulling 1849ef83c4dd: 100% ▕██████████████████▏ 5.1 GB                         [K
pulling 43070e2d4e53: 100% ▕██████████████████▏  11 KB                         [K[?25h[?2026l[?2026h[?25l[A[A[1Gpulling manifest [K
pulling 1849ef83c4dd: 100% ▕██████████████████▏ 5.1 GB                         [K
pulling 43070e2d4e53: 100% ▕██████████████████▏  11 KB                         [K[?25h[?2026l[?2026h[?25l[A[A[1Gpulling manifest [K
pulling 1849ef83c4dd: 100% ▕██████████████████▏ 5.1 GB                         [K
pulling 43070e2d4e53: 100% ▕██████████████████▏  11 KB                         [K[?25h[?2026l[?2026h[?25l[A[A[1Gpulling manifest [K
pulling 1849ef83c4dd: 100% ▕██████████████████▏ 5.1 GB                         [K
pulling 43070e2d4e53: 100% ▕██████████████████▏  11 KB                         [K[?25h[?2026l[?2026h[?25l[A[A[1Gpulling manifest [K
pulling 1849ef83c4dd: 100% ▕██████████████████▏ 5.1 GB                         [K
pulling 43070e2d4e53: 100% ▕██████████████████▏  11 KB                         [K[?25h[?2026l[?2026h[?25l[A[A[1Gpulling manifest [K
pulling 1849ef83c4dd: 100% ▕██████████████████▏ 5.1 GB                         [K
pulling 43070e2d4e53: 100% ▕██████████████████▏  11 KB                         [K[?25h[?2026l[?2026h[?25l[A[A[1Gpulling manifest [K
pulling 1849ef83c4dd: 100% ▕██████████████████▏ 5.1 GB                         [K
pulling 43070e2d4e53: 100% ▕██████████████████▏  11 KB                         [K[?25h[?2026l[?2026h[?25l[A[A[1Gpulling manifest [K
pulling 1849ef83c4dd: 100% ▕██████████████████▏ 5.1 GB                         [K
pulling 43070e2d4e53: 100% ▕██████████████████▏  11 KB                         [K[?25h[?2026l[?2026h[?25l[A[A[1Gpulling manifest [K
pulling 1849ef83c4dd: 100% ▕██████████████████▏ 5.1 GB                         [K
pulling 43070e2d4e53: 100% ▕██████████████████▏  11 KB                         [K[?25h[?2026l[?2026h[?25l[A[A[1Gpulling manifest [K
pulling 1849ef83c4dd: 100% ▕██████████████████▏ 5.1 GB                         [K
pulling 43070e2d4e53: 100% ▕██████████████████▏  11 KB                         [K[?25h[?2026l[?2026h[?25l[A[A[1Gpulling manifest [K
pulling 1849ef83c4dd: 100% ▕██████████████████▏ 5.1 GB                         [K
pulling 43070e2d4e53: 100% ▕██████████████████▏  11 KB                         [K[?25h[?2026l[?2026h[?25l[A[A[1Gpulling manifest [K
pulling 1849ef83c4dd: 100% ▕██████████████████▏ 5.1 GB                         [K
pulling 43070e2d4e53: 100% ▕██████████████████▏  11 KB                         [K[?25h[?2026l[?2026h[?25l[A[A[1Gpulling manifest [K
pulling 1849ef83c4dd: 100% ▕██████████████████▏ 5.1 GB                         [K
pulling 43070e2d4e53: 100% ▕██████████████████▏  11 KB                         [K[?25h[?2026l[?2026h[?25l[A[A[1Gpulling manifest [K
pulling 1849ef83c4dd: 100% ▕██████████████████▏ 5.1 GB                         [K
pulling 43070e2d4e53: 100% ▕██████████████████▏  11 KB                         [K[?25h[?2026l[?2026h[?25l[A[A[1Gpulling manifest [K
pulling 1849ef83c4dd: 100% ▕██████████████████▏ 5.1 GB                         [K
pulling 43070e2d4e53: 100% ▕██████████████████▏  11 KB                         [K[?25h[?2026l[?2026h[?25l[A[A[1Gpulling manifest [K
pulling 1849ef83c4dd: 100% ▕██████████████████▏ 5.1 GB                         [K
pulling 43070e2d4e53: 100% ▕██████████████████▏  11 KB                         [K[?25h[?2026l[?2026h[?25l[A[A[1Gpulling manifest [K
pulling 1849ef83c4dd: 100% ▕██████████████████▏ 5.1 GB                         [K
pulling 43070e2d4e53: 100% ▕██████████████████▏  11 KB                         [K[?25h[?2026l[?2026h[?25l[A[A[1Gpulling manifest [K
pulling 1849ef83c4dd: 100% ▕██████████████████▏ 5.1 GB                         [K
pulling 43070e2d4e53: 100% ▕██████████████████▏  11 KB                         [K[?25h[?2026l[?2026h[?25l[A[A[1Gpulling manifest [K
pulling 1849ef83c4dd: 100% ▕██████████████████▏ 5.1 GB                         [K
pulling 43070e2d4e53: 100% ▕██████████████████▏  11 KB                         [K[?25h[?2026l[?2026h[?25l[A[A[1Gpulling manifest [K
pulling 1849ef83c4dd: 100% ▕██████████████████▏ 5.1 GB                         [K
pulling 43070e2d4e53: 100% ▕██████████████████▏  11 KB                         [K[?25h[?2026l[?2026h[?25l[A[A[1Gpulling manifest [K
pulling 1849ef83c4dd: 100% ▕██████████████████▏ 5.1 GB                         [K
pulling 43070e2d4e53: 100% ▕██████████████████▏  11 KB                         [K[?25h[?2026l[?2026h[?25l[A[A[1Gpulling manifest [K
pulling 1849ef83c4dd: 100% ▕██████████████████▏ 5.1 GB                         [K
pulling 43070e2d4e53: 100% ▕██████████████████▏  11 KB                         [K[?25h[?2026l[?2026h[?25l[A[A[1Gpulling manifest [K
pulling 1849ef83c4dd: 100% ▕██████████████████▏ 5.1 GB                         [K
pulling 43070e2d4e53: 100% ▕██████████████████▏  11 KB                         [K[?25h[?2026l[?2026h[?25l[A[A[1Gpulling manifest [K
pulling 1849ef83c4dd: 100% ▕██████████████████▏ 5.1 GB                         [K
pulling 43070e2d4e53: 100% ▕██████████████████▏  11 KB                         [K
pulling 22e1b2e8dc2f: 100% ▕██████████████████▏   43 B                         [K[?25h[?2026l[?2026h[?25l[A[A[A[1Gpulling manifest [K
pulling 1849ef83c4dd: 100% ▕██████████████████▏ 5.1 GB                         [K
pulling 43070e2d4e53: 100% ▕██████████████████▏  11 KB                         [K
pulling 22e1b2e8dc2f: 100% ▕██████████████████▏   43 B                         [K[?25h[?2026l[?2026h[?25l[A[A[A[1Gpulling manifest [K
pulling 1849ef83c4dd: 100% ▕██████████████████▏ 5.1 GB                         [K
pulling 43070e2d4e53: 100% ▕██████████████████▏  11 KB                         [K
pulling 22e1b2e8dc2f: 100% ▕██████████████████▏   43 B                         [K[?25h[?2026l[?2026h[?25l[A[A[A[1Gpulling manifest [K
pulling 1849ef83c4dd: 100% ▕██████████████████▏ 5.1 GB                         [K
pulling 43070e2d4e53: 100% ▕██████████████████▏  11 KB                         [K
pulling 22e1b2e8dc2f: 100% ▕██████████████████▏   43 B                         [K[?25h[?2026l[?2026h[?25l[A[A[A[1Gpulling manifest [K
pulling 1849ef83c4dd: 100% ▕██████████████████▏ 5.1 GB                         [K
pulling 43070e2d4e53: 100% ▕██████████████████▏  11 KB                         [K
pulling 22e1b2e8dc2f: 100% ▕██████████████████▏   43 B                         [K[?25h[?2026l[?2026h[?25l[A[A[A[1Gpulling manifest [K
pulling 1849ef83c4dd: 100% ▕██████████████████▏ 5.1 GB                         [K
pulling 43070e2d4e53: 100% ▕██████████████████▏  11 KB                         [K
pulling 22e1b2e8dc2f: 100% ▕██████████████████▏   43 B                         [K[?25h[?2026l[?2026h[?25l[A[A[A[1Gpulling manifest [K
pulling 1849ef83c4dd: 100% ▕██████████████████▏ 5.1 GB                         [K
pulling 43070e2d4e53: 100% ▕██████████████████▏  11 KB                         [K
pulling 22e1b2e8dc2f: 100% ▕██████████████████▏   43 B                         [K[?25h[?2026l[?2026h[?25l[A[A[A[1Gpulling manifest [K
pulling 1849ef83c4dd: 100% ▕██████████████████▏ 5.1 GB                         [K
pulling 43070e2d4e53: 100% ▕██████████████████▏  11 KB                         [K
pulling 22e1b2e8dc2f: 100% ▕██████████████████▏   43 B                         [K
pulling ed11eda7790d: 100% ▕██████████████████▏   30 B                         [K[?25h[?2026l[?2026h[?25l[A[A[A[A[1Gpulling manifest [K
pulling 1849ef83c4dd: 100% ▕██████████████████▏ 5.1 GB                         [K
pulling 43070e2d4e53: 100% ▕██████████████████▏  11 KB                         [K
pulling 22e1b2e8dc2f: 100% ▕██████████████████▏   43 B                         [K
pulling ed11eda7790d: 100% ▕██████████████████▏   30 B                         [K[?25h[?2026l[?2026h[?25l[A[A[A[A[1Gpulling manifest [K
pulling 1849ef83c4dd: 100% ▕██████████████████▏ 5.1 GB                         [K
pulling 43070e2d4e53: 100% ▕██████████████████▏  11 KB                         [K
pulling 22e1b2e8dc2f: 100% ▕██████████████████▏   43 B                         [K
pulling ed11eda7790d: 100% ▕██████████████████▏   30 B                         [K[?25h[?2026l[?2026h[?25l[A[A[A[A[1Gpulling manifest [K
pulling 1849ef83c4dd: 100% ▕██████████████████▏ 5.1 GB                         [K
pulling 43070e2d4e53: 100% ▕██████████████████▏  11 KB                         [K
pulling 22e1b2e8dc2f: 100% ▕██████████████████▏   43 B                         [K
pulling ed11eda7790d: 100% ▕██████████████████▏   30 B                         [K[?25h[?2026l[?2026h[?25l[A[A[A[A[1Gpulling manifest [K
pulling 1849ef83c4dd: 100% ▕██████████████████▏ 5.1 GB                         [K
pulling 43070e2d4e53: 100% ▕██████████████████▏  11 KB                         [K
pulling 22e1b2e8dc2f: 100% ▕██████████████████▏   43 B                         [K
pulling ed11eda7790d: 100% ▕██████████████████▏   30 B                         [K[?25h[?2026l[?2026h[?25l[A[A[A[A[1Gpulling manifest [K
pulling 1849ef83c4dd: 100% ▕██████████████████▏ 5.1 GB                         [K
pulling 43070e2d4e53: 100% ▕██████████████████▏  11 KB                         [K
pulling 22e1b2e8dc2f: 100% ▕██████████████████▏   43 B                         [K
pulling ed11eda7790d: 100% ▕██████████████████▏   30 B                         [K[?25h[?2026l[?2026h[?25l[A[A[A[A[1Gpulling manifest [K
pulling 1849ef83c4dd: 100% ▕██████████████████▏ 5.1 GB                         [K
pulling 43070e2d4e53: 100% ▕██████████████████▏  11 KB                         [K
pulling 22e1b2e8dc2f: 100% ▕██████████████████▏   43 B                         [K
pulling ed11eda7790d: 100% ▕██████████████████▏   30 B                         [K[?25h[?2026l[?2026h[?25l[A[A[A[A[1Gpulling manifest [K
pulling 1849ef83c4dd: 100% ▕██████████████████▏ 5.1 GB                         [K
pulling 43070e2d4e53: 100% ▕██████████████████▏  11 KB                         [K
pulling 22e1b2e8dc2f: 100% ▕██████████████████▏   43 B                         [K
pulling ed11eda7790d: 100% ▕██████████████████▏   30 B                         [K[?25h[?2026l[?2026h[?25l[A[A[A[A[1Gpulling manifest [K
pulling 1849ef83c4dd: 100% ▕██████████████████▏ 5.1 GB                         [K
pulling 43070e2d4e53: 100% ▕██████████████████▏  11 KB                         [K
pulling 22e1b2e8dc2f: 100% ▕██████████████████▏   43 B                         [K
pulling ed11eda7790d: 100% ▕██████████████████▏   30 B                         [K[?25h[?2026l[?2026h[?25l[A[A[A[A[1Gpulling manifest [K
pulling 1849ef83c4dd: 100% ▕██████████████████▏ 5.1 GB                         [K
pulling 43070e2d4e53: 100% ▕██████████████████▏  11 KB                         [K
pulling 22e1b2e8dc2f: 100% ▕██████████████████▏   43 B                         [K
pulling ed11eda7790d: 100% ▕██████████████████▏   30 B                         [K[?25h[?2026l[?2026h[?25l[A[A[A[A[1Gpulling manifest [K
pulling 1849ef83c4dd: 100% ▕██████████████████▏ 5.1 GB                         [K
pulling 43070e2d4e53: 100% ▕██████████████████▏  11 KB                         [K
pulling 22e1b2e8dc2f: 100% ▕██████████████████▏   43 B                         [K
pulling ed11eda7790d: 100% ▕██████████████████▏   30 B                         [K[?25h[?2026l[?2026h[?25l[A[A[A[A[1Gpulling manifest [K
pulling 1849ef83c4dd: 100% ▕██████████████████▏ 5.1 GB                         [K
pulling 43070e2d4e53: 100% ▕██████████████████▏  11 KB                         [K
pulling 22e1b2e8dc2f: 100% ▕██████████████████▏   43 B                         [K
pulling ed11eda7790d: 100% ▕██████████████████▏   30 B                         [K[?25h[?2026l[?2026h[?25l[A[A[A[A[1Gpulling manifest [K
pulling 1849ef83c4dd: 100% ▕██████████████████▏ 5.1 GB                         [K
pulling 43070e2d4e53: 100% ▕██████████████████▏  11 KB                         [K
pulling 22e1b2e8dc2f: 100% ▕██████████████████▏   43 B                         [K
pulling ed11eda7790d: 100% ▕██████████████████▏   30 B                         [K[?25h[?2026l[?2026h[?25l[A[A[A[A[1Gpulling manifest [K
pulling 1849ef83c4dd: 100% ▕██████████████████▏ 5.1 GB                         [K
pulling 43070e2d4e53: 100% ▕██████████████████▏  11 KB                         [K
pulling 22e1b2e8dc2f: 100% ▕██████████████████▏   43 B                         [K
pulling ed11eda7790d: 100% ▕██████████████████▏   30 B                         [K[?25h[?2026l[?2026h[?25l[A[A[A[A[1Gpulling manifest [K
pulling 1849ef83c4dd: 100% ▕██████████████████▏ 5.1 GB                         [K
pulling 43070e2d4e53: 100% ▕██████████████████▏  11 KB                         [K
pulling 22e1b2e8dc2f: 100% ▕██████████████████▏   43 B                         [K
pulling ed11eda7790d: 100% ▕██████████████████▏   30 B                         [K[?25h[?2026l[?2026h[?25l[A[A[A[A[1Gpulling manifest [K
pulling 1849ef83c4dd: 100% ▕██████████████████▏ 5.1 GB                         [K
pulling 43070e2d4e53: 100% ▕██████████████████▏  11 KB                         [K
pulling 22e1b2e8dc2f: 100% ▕██████████████████▏   43 B                         [K
pulling ed11eda7790d: 100% ▕██████████████████▏   30 B                         [K[?25h[?2026l[?2026h[?25l[A[A[A[A[1Gpulling manifest [K
pulling 1849ef83c4dd: 100% ▕██████████████████▏ 5.1 GB                         [K
pulling 43070e2d4e53: 100% ▕██████████████████▏  11 KB                         [K
pulling 22e1b2e8dc2f: 100% ▕██████████████████▏   43 B                         [K
pulling ed11eda7790d: 100% ▕██████████████████▏   30 B                         [K
pulling 2995417e1d69: 100% ▕██████████████████▏  485 B                         [K[?25h[?2026l[?2026h[?25l[A[A[A[A[A[1Gpulling manifest [K
pulling 1849ef83c4dd: 100% ▕██████████████████▏ 5.1 GB                         [K
pulling 43070e2d4e53: 100% ▕██████████████████▏  11 KB                         [K
pulling 22e1b2e8dc2f: 100% ▕██████████████████▏   43 B                         [K
pulling ed11eda7790d: 100% ▕██████████████████▏   30 B                         [K
pulling 2995417e1d69: 100% ▕██████████████████▏  485 B                         [K[?25h[?2026l[?2026h[?25l[A[A[A[A[A[1Gpulling manifest [K
pulling 1849ef83c4dd: 100% ▕██████████████████▏ 5.1 GB                         [K
pulling 43070e2d4e53: 100% ▕██████████████████▏  11 KB                         [K
pulling 22e1b2e8dc2f: 100% ▕██████████████████▏   43 B                         [K
pulling ed11eda7790d: 100% ▕██████████████████▏   30 B                         [K
pulling 2995417e1d69: 100% ▕██████████████████▏  485 B                         [K[?25h[?2026l[?2026h[?25l[A[A[A[A[A[1Gpulling manifest [K
pulling 1849ef83c4dd: 100% ▕██████████████████▏ 5.1 GB                         [K
pulling 43070e2d4e53: 100% ▕██████████████████▏  11 KB                         [K
pulling 22e1b2e8dc2f: 100% ▕██████████████████▏   43 B                         [K
pulling ed11eda7790d: 100% ▕██████████████████▏   30 B                         [K
pulling 2995417e1d69: 100% ▕██████████████████▏  485 B                         [K[?25h[?2026l[?2026h[?25l[A[A[A[A[A[1Gpulling manifest [K
pulling 1849ef83c4dd: 100% ▕██████████████████▏ 5.1 GB                         [K
pulling 43070e2d4e53: 100% ▕██████████████████▏  11 KB                         [K
pulling 22e1b2e8dc2f: 100% ▕██████████████████▏   43 B                         [K
pulling ed11eda7790d: 100% ▕██████████████████▏   30 B                         [K
pulling 2995417e1d69: 100% ▕██████████████████▏  485 B                         [K
verifying sha256 digest ⠋ [K[?25h[?2026l[?2026h[?25l[A[A[A[A[A[A[1Gpulling manifest [K
pulling 1849ef83c4dd: 100% ▕██████████████████▏ 5.1 GB                         [K
pulling 43070e2d4e53: 100% ▕██████████████████▏  11 KB                         [K
pulling 22e1b2e8dc2f: 100% ▕██████████████████▏   43 B                         [K
pulling ed11eda7790d: 100% ▕██████████████████▏   30 B                         [K
pulling 2995417e1d69: 100% ▕██████████████████▏  485 B                         [K
verifying sha256 digest ⠙ [K[?25h[?2026l[?2026h[?25l[A[A[A[A[A[A[1Gpulling manifest [K
pulling 1849ef83c4dd: 100% ▕██████████████████▏ 5.1 GB                         [K
pulling 43070e2d4e53: 100% ▕██████████████████▏  11 KB                         [K
pulling 22e1b2e8dc2f: 100% ▕██████████████████▏   43 B                         [K
pulling ed11eda7790d: 100% ▕██████████████████▏   30 B                         [K
pulling 2995417e1d69: 100% ▕██████████████████▏  485 B                         [K
verifying sha256 digest ⠹ [K[?25h[?2026l[?2026h[?25l[A[A[A[A[A[A[1Gpulling manifest [K
pulling 1849ef83c4dd: 100% ▕██████████████████▏ 5.1 GB                         [K
pulling 43070e2d4e53: 100% ▕██████████████████▏  11 KB                         [K
pulling 22e1b2e8dc2f: 100% ▕██████████████████▏   43 B                         [K
pulling ed11eda7790d: 100% ▕██████████████████▏   30 B                         [K
pulling 2995417e1d69: 100% ▕██████████████████▏  485 B                         [K
verifying sha256 digest ⠸ [K[?25h[?2026l[?2026h[?25l[A[A[A[A[A[A[1Gpulling manifest [K
pulling 1849ef83c4dd: 100% ▕██████████████████▏ 5.1 GB                         [K
pulling 43070e2d4e53: 100% ▕██████████████████▏  11 KB                         [K
pulling 22e1b2e8dc2f: 100% ▕██████████████████▏   43 B                         [K
pulling ed11eda7790d: 100% ▕██████████████████▏   30 B                         [K
pulling 2995417e1d69: 100% ▕██████████████████▏  485 B                         [K
verifying sha256 digest ⠼ [K[?25h[?2026l[?2026h[?25l[A[A[A[A[A[A[1Gpulling manifest [K
pulling 1849ef83c4dd: 100% ▕██████████████████▏ 5.1 GB                         [K
pulling 43070e2d4e53: 100% ▕██████████████████▏  11 KB                         [K
pulling 22e1b2e8dc2f: 100% ▕██████████████████▏   43 B                         [K
pulling ed11eda7790d: 100% ▕██████████████████▏   30 B                         [K
pulling 2995417e1d69: 100% ▕██████████████████▏  485 B                         [K
verifying sha256 digest ⠴ [K[?25h[?2026l[?2026h[?25l[A[A[A[A[A[A[1Gpulling manifest [K
pulling 1849ef83c4dd: 100% ▕██████████████████▏ 5.1 GB                         [K
pulling 43070e2d4e53: 100% ▕██████████████████▏  11 KB                         [K
pulling 22e1b2e8dc2f: 100% ▕██████████████████▏   43 B                         [K
pulling ed11eda7790d: 100% ▕██████████████████▏   30 B                         [K
pulling 2995417e1d69: 100% ▕██████████████████▏  485 B                         [K
verifying sha256 digest ⠦ [K[?25h[?2026l[?2026h[?25l[A[A[A[A[A[A[1Gpulling manifest [K
pulling 1849ef83c4dd: 100% ▕██████████████████▏ 5.1 GB                         [K
pulling 43070e2d4e53: 100% ▕██████████████████▏  11 KB                         [K
pulling 22e1b2e8dc2f: 100% ▕██████████████████▏   43 B                         [K
pulling ed11eda7790d: 100% ▕██████████████████▏   30 B                         [K
pulling 2995417e1d69: 100% ▕██████████████████▏  485 B                         [K
verifying sha256 digest ⠧ [K[?25h[?2026l[?2026h[?25l[A[A[A[A[A[A[1Gpulling manifest [K
pulling 1849ef83c4dd: 100% ▕██████████████████▏ 5.1 GB                         [K
pulling 43070e2d4e53: 100% ▕██████████████████▏  11 KB                         [K
pulling 22e1b2e8dc2f: 100% ▕██████████████████▏   43 B                         [K
pulling ed11eda7790d: 100% ▕██████████████████▏   30 B                         [K
pulling 2995417e1d69: 100% ▕██████████████████▏  485 B                         [K
verifying sha256 digest ⠇ [K[?25h[?2026l[?2026h[?25l[A[A[A[A[A[A[1Gpulling manifest [K
pulling 1849ef83c4dd: 100% ▕██████████████████▏ 5.1 GB                         [K
pulling 43070e2d4e53: 100% ▕██████████████████▏  11 KB                         [K
pulling 22e1b2e8dc2f: 100% ▕██████████████████▏   43 B                         [K
pulling ed11eda7790d: 100% ▕██████████████████▏   30 B                         [K
pulling 2995417e1d69: 100% ▕██████████████████▏  485 B                         [K
verifying sha256 digest ⠏ [K[?25h[?2026l[?2026h[?25l[A[A[A[A[A[A[1Gpulling manifest [K
pulling 1849ef83c4dd: 100% ▕██████████████████▏ 5.1 GB                         [K
pulling 43070e2d4e53: 100% ▕██████████████████▏  11 KB                         [K
pulling 22e1b2e8dc2f: 100% ▕██████████████████▏   43 B                         [K
pulling ed11eda7790d: 100% ▕██████████████████▏   30 B                         [K
pulling 2995417e1d69: 100% ▕██████████████████▏  485 B                         [K
verifying sha256 digest ⠋ [K[?25h[?2026l[?2026h[?25l[A[A[A[A[A[A[1Gpulling manifest [K
pulling 1849ef83c4dd: 100% ▕██████████████████▏ 5.1 GB                         [K
pulling 43070e2d4e53: 100% ▕██████████████████▏  11 KB                         [K
pulling 22e1b2e8dc2f: 100% ▕██████████████████▏   43 B                         [K
pulling ed11eda7790d: 100% ▕██████████████████▏   30 B                         [K
pulling 2995417e1d69: 100% ▕██████████████████▏  485 B                         [K
verifying sha256 digest ⠙ [K[?25h[?2026l[?2026h[?25l[A[A[A[A[A[A[1Gpulling manifest [K
pulling 1849ef83c4dd: 100% ▕██████████████████▏ 5.1 GB                         [K
pulling 43070e2d4e53: 100% ▕██████████████████▏  11 KB                         [K
pulling 22e1b2e8dc2f: 100% ▕██████████████████▏   43 B                         [K
pulling ed11eda7790d: 100% ▕██████████████████▏   30 B                         [K
pulling 2995417e1d69: 100% ▕██████████████████▏  485 B                         [K
verifying sha256 digest ⠹ [K[?25h[?2026l[?2026h[?25l[A[A[A[A[A[A[1Gpulling manifest [K
pulling 1849ef83c4dd: 100% ▕██████████████████▏ 5.1 GB                         [K
pulling 43070e2d4e53: 100% ▕██████████████████▏  11 KB                         [K
pulling 22e1b2e8dc2f: 100% ▕██████████████████▏   43 B                         [K
pulling ed11eda7790d: 100% ▕██████████████████▏   30 B                         [K
pulling 2995417e1d69: 100% ▕██████████████████▏  485 B                         [K
verifying sha256 digest ⠸ [K[?25h[?2026l[?2026h[?25l[A[A[A[A[A[A[1Gpulling manifest [K
pulling 1849ef83c4dd: 100% ▕██████████████████▏ 5.1 GB                         [K
pulling 43070e2d4e53: 100% ▕██████████████████▏  11 KB                         [K
pulling 22e1b2e8dc2f: 100% ▕██████████████████▏   43 B                         [K
pulling ed11eda7790d: 100% ▕██████████████████▏   30 B                         [K
pulling 2995417e1d69: 100% ▕██████████████████▏  485 B                         [K
verifying sha256 digest ⠼ [K[?25h[?2026l[?2026h[?25l[A[A[A[A[A[A[1Gpulling manifest [K
pulling 1849ef83c4dd: 100% ▕██████████████████▏ 5.1 GB                         [K
pulling 43070e2d4e53: 100% ▕██████████████████▏  11 KB                         [K
pulling 22e1b2e8dc2f: 100% ▕██████████████████▏   43 B                         [K
pulling ed11eda7790d: 100% ▕██████████████████▏   30 B                         [K
pulling 2995417e1d69: 100% ▕██████████████████▏  485 B                         [K
verifying sha256 digest ⠴ [K[?25h[?2026l[?2026h[?25l[A[A[A[A[A[A[1Gpulling manifest [K
pulling 1849ef83c4dd: 100% ▕██████████████████▏ 5.1 GB                         [K
pulling 43070e2d4e53: 100% ▕██████████████████▏  11 KB                         [K
pulling 22e1b2e8dc2f: 100% ▕██████████████████▏   43 B                         [K
pulling ed11eda7790d: 100% ▕██████████████████▏   30 B                         [K
pulling 2995417e1d69: 100% ▕██████████████████▏  485 B                         [K
verifying sha256 digest ⠦ [K[?25h[?2026l[?2026h[?25l[A[A[A[A[A[A[1Gpulling manifest [K
pulling 1849ef83c4dd: 100% ▕██████████████████▏ 5.1 GB                         [K
pulling 43070e2d4e53: 100% ▕██████████████████▏  11 KB                         [K
pulling 22e1b2e8dc2f: 100% ▕██████████████████▏   43 B                         [K
pulling ed11eda7790d: 100% ▕██████████████████▏   30 B                         [K
pulling 2995417e1d69: 100% ▕██████████████████▏  485 B                         [K
verifying sha256 digest ⠧ [K[?25h[?2026l[?2026h[?25l[A[A[A[A[A[A[1Gpulling manifest [K
pulling 1849ef83c4dd: 100% ▕██████████████████▏ 5.1 GB                         [K
pulling 43070e2d4e53: 100% ▕██████████████████▏  11 KB                         [K
pulling 22e1b2e8dc2f: 100% ▕██████████████████▏   43 B                         [K
pulling ed11eda7790d: 100% ▕██████████████████▏   30 B                         [K
pulling 2995417e1d69: 100% ▕██████████████████▏  485 B                         [K
verifying sha256 digest ⠇ [K[?25h[?2026l[?2026h[?25l[A[A[A[A[A[A[1Gpulling manifest [K
pulling 1849ef83c4dd: 100% ▕██████████████████▏ 5.1 GB                         [K
pulling 43070e2d4e53: 100% ▕██████████████████▏  11 KB                         [K
pulling 22e1b2e8dc2f: 100% ▕██████████████████▏   43 B                         [K
pulling ed11eda7790d: 100% ▕██████████████████▏   30 B                         [K
pulling 2995417e1d69: 100% ▕██████████████████▏  485 B                         [K
verifying sha256 digest ⠏ [K[?25h[?2026l[?2026h[?25l[A[A[A[A[A[A[1Gpulling manifest [K
pulling 1849ef83c4dd: 100% ▕██████████████████▏ 5.1 GB                         [K
pulling 43070e2d4e53: 100% ▕██████████████████▏  11 KB                         [K
pulling 22e1b2e8dc2f: 100% ▕██████████████████▏   43 B                         [K
pulling ed11eda7790d: 100% ▕██████████████████▏   30 B                         [K
pulling 2995417e1d69: 100% ▕██████████████████▏  485 B                         [K
verifying sha256 digest ⠋ [K[?25h[?2026l[?2026h[?25l[A[A[A[A[A[A[1Gpulling manifest [K
pulling 1849ef83c4dd: 100% ▕██████████████████▏ 5.1 GB                         [K
pulling 43070e2d4e53: 100% ▕██████████████████▏  11 KB                         [K
pulling 22e1b2e8dc2f: 100% ▕██████████████████▏   43 B                         [K
pulling ed11eda7790d: 100% ▕██████████████████▏   30 B                         [K
pulling 2995417e1d69: 100% ▕██████████████████▏  485 B                         [K
verifying sha256 digest ⠙ [K[?25h[?2026l[?2026h[?25l[A[A[A[A[A[A[1Gpulling manifest [K
pulling 1849ef83c4dd: 100% ▕██████████████████▏ 5.1 GB                         [K
pulling 43070e2d4e53: 100% ▕██████████████████▏  11 KB                         [K
pulling 22e1b2e8dc2f: 100% ▕██████████████████▏   43 B                         [K
pulling ed11eda7790d: 100% ▕██████████████████▏   30 B                         [K
pulling 2995417e1d69: 100% ▕██████████████████▏  485 B                         [K
verifying sha256 digest ⠹ [K[?25h[?2026l[?2026h[?25l[A[A[A[A[A[A[1Gpulling manifest [K
pulling 1849ef83c4dd: 100% ▕██████████████████▏ 5.1 GB                         [K
pulling 43070e2d4e53: 100% ▕██████████████████▏  11 KB                         [K
pulling 22e1b2e8dc2f: 100% ▕██████████████████▏   43 B                         [K
pulling ed11eda7790d: 100% ▕██████████████████▏   30 B                         [K
pulling 2995417e1d69: 100% ▕██████████████████▏  485 B                         [K
verifying sha256 digest ⠸ [K[?25h[?2026l[?2026h[?25l[A[A[A[A[A[A[1Gpulling manifest [K
pulling 1849ef83c4dd: 100% ▕██████████████████▏ 5.1 GB                         [K
pulling 43070e2d4e53: 100% ▕██████████████████▏  11 KB                         [K
pulling 22e1b2e8dc2f: 100% ▕██████████████████▏   43 B                         [K
pulling ed11eda7790d: 100% ▕██████████████████▏   30 B                         [K
pulling 2995417e1d69: 100% ▕██████████████████▏  485 B                         [K
verifying sha256 digest ⠼ [K[?25h[?2026l[?2026h[?25l[A[A[A[A[A[A[1Gpulling manifest [K
pulling 1849ef83c4dd: 100% ▕██████████████████▏ 5.1 GB                         [K
pulling 43070e2d4e53: 100% ▕██████████████████▏  11 KB                         [K
pulling 22e1b2e8dc2f: 100% ▕██████████████████▏   43 B                         [K
pulling ed11eda7790d: 100% ▕██████████████████▏   30 B                         [K
pulling 2995417e1d69: 100% ▕██████████████████▏  485 B                         [K
verifying sha256 digest ⠴ [K[?25h[?2026l[?2026h[?25l[A[A[A[A[A[A[1Gpulling manifest [K
pulling 1849ef83c4dd: 100% ▕██████████████████▏ 5.1 GB                         [K
pulling 43070e2d4e53: 100% ▕██████████████████▏  11 KB                         [K
pulling 22e1b2e8dc2f: 100% ▕██████████████████▏   43 B                         [K
pulling ed11eda7790d: 100% ▕██████████████████▏   30 B                         [K
pulling 2995417e1d69: 100% ▕██████████████████▏  485 B                         [K
verifying sha256 digest ⠦ [K[?25h[?2026l[?2026h[?25l[A[A[A[A[A[A[1Gpulling manifest [K
pulling 1849ef83c4dd: 100% ▕██████████████████▏ 5.1 GB                         [K
pulling 43070e2d4e53: 100% ▕██████████████████▏  11 KB                         [K
pulling 22e1b2e8dc2f: 100% ▕██████████████████▏   43 B                         [K
pulling ed11eda7790d: 100% ▕██████████████████▏   30 B                         [K
pulling 2995417e1d69: 100% ▕██████████████████▏  485 B                         [K
verifying sha256 digest ⠧ [K[?25h[?2026l[?2026h[?25l[A[A[A[A[A[A[1Gpulling manifest [K
pulling 1849ef83c4dd: 100% ▕██████████████████▏ 5.1 GB                         [K
pulling 43070e2d4e53: 100% ▕██████████████████▏  11 KB                         [K
pulling 22e1b2e8dc2f: 100% ▕██████████████████▏   43 B                         [K
pulling ed11eda7790d: 100% ▕██████████████████▏   30 B                         [K
pulling 2995417e1d69: 100% ▕██████████████████▏  485 B                         [K
verifying sha256 digest [K
writing manifest [K
success [K[?25h[?2026l
