embedder,pair_id,set_type,question,ground_truth,faithfulness_score,is_hallucination,answer_span_present,reencoded_mean_query_sim,reencoded_ccs,n_passages
minilm,fix01_26c450a6107b,high_ccs,What clothing company was a Super Bowl sponsor?,Gap,0.7695,False,False,0.5086783175438507,0.633565331345006,3
minilm,fix01_26c450a6107b,low_ccs,What clothing company was a Super Bowl sponsor?,Gap,0.5531,False,False,0.5016440495162358,0.17109949997491505,3
minilm,fix01_c3f0d64bf2c3,high_ccs,When did Tesla's father die?,1879,0.6252,False,True,0.615714218438591,0.6378461156082746,3
minilm,fix01_c3f0d64bf2c3,low_ccs,When did Tesla's father die?,1879,0.6039,False,False,0.6084286378890694,0.3513751399449301,3
minilm,fix01_11f04d13ba15,high_ccs,This was the first time that the Carolina team faced what in the post season?,a deficit.,0.597,False,False,0.3482988157267415,0.7431583173846807,3
minilm,fix01_11f04d13ba15,low_ccs,This was the first time that the Carolina team faced what in the post season?,a deficit.,0.5712,False,True,0.34671684326048774,0.15646342984255598,3
minilm,fix01_86b690485506,high_ccs,What has been the result of this publicity?,increased scrutiny on teacher misconduct,0.4942,True,False,0.21083560531439008,0.479484520189583,3
minilm,fix01_86b690485506,low_ccs,What has been the result of this publicity?,increased scrutiny on teacher misconduct,0.5957,False,False,0.21879735116579915,-0.17890951303021685,3
minilm,fix01_cce15f557ccc,high_ccs,Who scored the first points for Denver?,Brandon McManus,0.8167,False,False,0.5093523286473345,0.765632943250123,3
minilm,fix01_cce15f557ccc,low_ccs,Who scored the first points for Denver?,Brandon McManus,0.8599,False,True,0.5003151976240431,0.20306939873522661,3
minilm,fix01_30360fe55536,high_ccs,What is the concrete choice typically assumed by most complexity-theoretic theorems?,input encoding,0.6915,False,False,0.5616217677821721,0.7816517014475971,3
minilm,fix01_30360fe55536,low_ccs,What is the concrete choice typically assumed by most complexity-theoretic theorems?,input encoding,0.6536,False,False,0.5657702912646131,0.27084938407659503,3
minilm,fix01_ca56dd58f99a,high_ccs,Complexity theory seeks to define the relationship between the scale of algorithms with respect to what other variable?,an increase in the input size,0.6358,False,False,0.486633167709321,0.6682806168810123,3
minilm,fix01_ca56dd58f99a,low_ccs,Complexity theory seeks to define the relationship between the scale of algorithms with respect to what other variable?,an increase in the input size,0.529,False,False,0.4894142649031721,0.3037781106502703,3
minilm,fix01_eb7c8d237540,high_ccs,Who wrote a resounding letter to the elector praising Luther?,Jerome Schurf,0.6201,False,False,0.5102411339773758,0.6384729780412213,3
minilm,fix01_eb7c8d237540,low_ccs,Who wrote a resounding letter to the elector praising Luther?,Jerome Schurf,0.8312,False,False,0.5076767142595976,0.24178055115075223,3
minilm,fix01_309833205de9,high_ccs,"What took place in his lab in 1895, causing him to lose thousands of dollars of data and tools? ",5th Avenue laboratory fire of March 1895,0.4761,True,True,0.4074050660937734,0.7018272310013146,3
minilm,fix01_309833205de9,low_ccs,"What took place in his lab in 1895, causing him to lose thousands of dollars of data and tools? ",5th Avenue laboratory fire of March 1895,0.4761,True,True,0.41196721640890305,0.2881473872891017,3
minilm,fix01_4f1e15899ff9,high_ccs,What did Luther write as an outline of the new faith?,two catechisms,0.5901,False,False,0.6168951741698807,0.7350705284393451,3
minilm,fix01_4f1e15899ff9,low_ccs,What did Luther write as an outline of the new faith?,two catechisms,0.5346,False,False,0.6027260542100482,0.4144045819177548,3
minilm,fix01_0ea7842f88d9,high_ccs,What kingdom annexed Warsaw in 1796?,Prussia,0.6391,False,False,0.43913675349060455,0.6742707624798001,3
minilm,fix01_0ea7842f88d9,low_ccs,What kingdom annexed Warsaw in 1796?,Prussia,0.6783,False,False,0.43754252465937427,0.24992929762853233,3
minilm,fix01_867718e9a234,high_ccs,What began in 1527 when Luther introdued the new order of worship?,visitation of the Electorate,0.4029,True,False,0.5316141456733093,0.6799696078356907,3
minilm,fix01_867718e9a234,low_ccs,What began in 1527 when Luther introdued the new order of worship?,visitation of the Electorate,0.6732,False,False,0.5340460543607309,0.35032822216701054,3
minilm,fix01_e95e623b0027,high_ccs,What class sizes can make keeping order difficult?,40 to 50 students,0.5299,False,False,0.24555675142244357,0.6318223334822735,3
minilm,fix01_e95e623b0027,low_ccs,What class sizes can make keeping order difficult?,40 to 50 students,0.6855,False,False,0.24315823384994853,-0.1113079777410099,3
minilm,fix01_09931c8df3d2,high_ccs,How many other important people sent letters?,more than 70,0.8207,False,True,0.22467899738722094,0.5397517125175436,3
minilm,fix01_09931c8df3d2,low_ccs,How many other important people sent letters?,more than 70,0.8622,False,False,0.2220056779055277,-0.13506545872966855,3
minilm,fix01_4265a77fda33,high_ccs,What year did Tesla die? ,1943,0.748,False,False,0.5919148104079451,0.5980016242420738,3
minilm,fix01_4265a77fda33,low_ccs,What year did Tesla die? ,1943,0.748,False,False,0.5880866449411434,0.33386299987812845,3
minilm,fix01_85a14992364a,high_ccs,Besides the radicals who else did Luther have to deal with?,established Church,0.621,False,False,0.5497721273027621,0.6324236701667542,3
minilm,fix01_85a14992364a,low_ccs,Besides the radicals who else did Luther have to deal with?,established Church,0.5452,False,False,0.5514770065989821,0.3102331302566823,3
minilm,fix01_f7da5050a5c9,high_ccs,What did the General Conference on Weights and Measures name after Tesla in 1960?,SI unit of magnetic flux density,0.6413,False,False,0.4771916206224069,0.677156723953328,3
minilm,fix01_f7da5050a5c9,low_ccs,What did the General Conference on Weights and Measures name after Tesla in 1960?,SI unit of magnetic flux density,0.7808,False,True,0.47913802428105806,0.32035771760293763,3
minilm,fix01_105f312ca7a1,high_ccs,What is the city centre of Warsaw called in Polish?,Śródmieście,0.6097,False,False,0.5400601323315176,0.6742707624798001,3
minilm,fix01_105f312ca7a1,low_ccs,What is the city centre of Warsaw called in Polish?,Śródmieście,0.6002,False,False,0.5582946093660522,0.2596678530618303,3
minilm,fix01_3e902a96d612,high_ccs,"In the article's title, what did the machine hope to end?",War,0.6406,False,False,0.3191759989912302,0.6825535957870591,3
minilm,fix01_3e902a96d612,low_ccs,"In the article's title, what did the machine hope to end?",War,0.6671,False,False,0.3062792972794412,-0.08210682139914224,3
minilm,fix01_5eecd47ef390,high_ccs,Where was Tesla's property sent?,Belgrade,0.5937,False,False,0.5908950744408803,0.713975882738123,3
minilm,fix01_5eecd47ef390,low_ccs,Where was Tesla's property sent?,Belgrade,0.427,True,True,0.5913875498306863,0.2946760990877931,3
minilm,fix01_ff89bfb9b47e,high_ccs,How many Panthers players were chosen for the 2015 season's Pro Bowl?,Ten,0.4455,True,False,0.45128369459581247,0.7753184636916751,3
minilm,fix01_ff89bfb9b47e,low_ccs,How many Panthers players were chosen for the 2015 season's Pro Bowl?,Ten,0.6627,False,False,0.45758107422792343,0.1837690332747699,3
minilm,fix01_c8446644f515,high_ccs,In what year did Nikola Tesla emigrate to the United States?,1884,1.0,False,True,0.6390077107013498,0.7286523184477068,3
minilm,fix01_c8446644f515,low_ccs,In what year did Nikola Tesla emigrate to the United States?,1884,1.0,False,True,0.6216204450452967,0.4285093276510619,3
minilm,fix01_d0ac2d7e8e3c,high_ccs,Who coached each Super Bowl 50 participant in their most recent Super Bowl appearance prior to Super Bowl 50?,John Fox,0.5546,False,False,0.47945133638684584,0.745140723807427,3
minilm,fix01_d0ac2d7e8e3c,low_ccs,Who coached each Super Bowl 50 participant in their most recent Super Bowl appearance prior to Super Bowl 50?,John Fox,0.5187,False,False,0.46610239384295843,0.18143422989953897,3
minilm,fix01_45e3c5a33542,high_ccs,A function problem is an example of what?,a computational problem,0.6251,False,True,0.34015554803775533,0.6831242560808763,3
minilm,fix01_45e3c5a33542,low_ccs,A function problem is an example of what?,a computational problem,0.3838,True,False,0.3413798919962063,0.23101533781638087,3
minilm,fix01_1daf255799cb,high_ccs,What did Tesla Electric Light & Manufacturing do?,installed electrical arc light based illumination systems,0.6138,False,False,0.5590933204369714,0.7286523184477068,3
minilm,fix01_1daf255799cb,low_ccs,What did Tesla Electric Light & Manufacturing do?,installed electrical arc light based illumination systems,0.5943,False,False,0.5577850865223117,0.3553319467397833,3
minilm,fix01_86648ef58d04,high_ccs,What beverage company signed a contract allowing them to broadcast ads at a discount?,Anheuser-Busch InBev,0.5579,False,False,0.2705454290514811,0.5344673644273715,3
minilm,fix01_86648ef58d04,low_ccs,What beverage company signed a contract allowing them to broadcast ads at a discount?,Anheuser-Busch InBev,0.6961,False,False,0.26873636688115693,-0.15760012007573665,3
minilm,fix01_32489bbe2580,high_ccs,"Who called their system the ""Tesla Polyphase System""?",Westinghouse Electric,0.5325,False,False,0.3611270470073726,0.6621777268802689,3
minilm,fix01_32489bbe2580,low_ccs,"Who called their system the ""Tesla Polyphase System""?",Westinghouse Electric,0.6465,False,True,0.3691785103567496,0.25901494668780667,3
minilm,fix01_fe1b54072288,high_ccs,What date did Tesla begin his Colorado Springs experiments?,15 June 1899,0.5619,False,False,0.5467996824633778,0.7018272310013146,3
minilm,fix01_fe1b54072288,low_ccs,What date did Tesla begin his Colorado Springs experiments?,15 June 1899,0.5074,False,False,0.540245011558426,0.28617824234427425,3
minilm,fix01_bfad961c515b,high_ccs,What was the teacher's role while the child was with them?,substitute parent,0.9042,False,False,0.4371384738528325,0.6704627336859872,3
minilm,fix01_bfad961c515b,low_ccs,What was the teacher's role while the child was with them?,substitute parent,0.7853,False,True,0.43387322101749665,0.20100598534247127,3
minilm,fix01_ba97c1d670e0,high_ccs,When did the San Francisco Bay area last host the Super Bowl?,1985,0.6168,False,False,0.4663728956967524,0.6491853824139715,3
minilm,fix01_ba97c1d670e0,low_ccs,When did the San Francisco Bay area last host the Super Bowl?,1985,0.749,False,False,0.4627306526768611,0.08141208556292745,3
minilm,fix01_23262838c98e,high_ccs,What field of computer science is primarily concerned with determining the likelihood of whether or not a problem can ultimately be solved using algorithms?,computability theory,0.6484,False,False,0.4722079633458378,0.6008566040648309,3
minilm,fix01_23262838c98e,low_ccs,What field of computer science is primarily concerned with determining the likelihood of whether or not a problem can ultimately be solved using algorithms?,computability theory,0.7478,False,False,0.4612623280209072,0.22166441881054672,3
minilm,fix01_4658bf24ca61,high_ccs,Who killed Harold II? ,William II,0.6503,False,False,0.25875623265685954,0.5644466723808723,3
minilm,fix01_4658bf24ca61,low_ccs,Who killed Harold II? ,William II,0.6631,False,False,0.25107024699646635,-0.08047059974507101,3
minilm,fix01_a2f14a465277,high_ccs,How many games did the Panthers lose in the regular season before Super Bowl 50?,one,0.4526,True,True,0.5129002417128737,0.7753184636916751,3
minilm,fix01_a2f14a465277,low_ccs,How many games did the Panthers lose in the regular season before Super Bowl 50?,one,0.5785,False,False,0.5054926020273586,0.2534766106379078,3
minilm,fix01_5763f1d18188,high_ccs,What is the opposite of an ongoing role of teaching?,transient,0.6043,False,False,0.5464117773690588,0.7001452396509691,3
minilm,fix01_5763f1d18188,low_ccs,What is the opposite of an ongoing role of teaching?,transient,0.5307,False,False,0.5462430176679001,0.23152611532442266,3
minilm,fix01_5d6c1e6a36eb,high_ccs,What famous writer was Tesla's good friend?,Mark Twain,0.6146,False,False,0.5210073897159431,0.5891329017122173,3
minilm,fix01_5d6c1e6a36eb,low_ccs,What famous writer was Tesla's good friend?,Mark Twain,0.8141,False,False,0.5269776287740587,0.30793723020622205,3
minilm,fix01_b09d84893f25,high_ccs,What Carolina player was injured in the NFC Championship Game?,Thomas Davis,0.6391,False,False,0.5314633617184444,0.7787406652989123,3
minilm,fix01_b09d84893f25,low_ccs,What Carolina player was injured in the NFC Championship Game?,Thomas Davis,0.6383,False,False,0.5205224384641217,0.27986558378945153,3
minilm,fix01_869146d71c43,high_ccs,Which fullback fumbled the ball after a Darian Stewart tackle?,Mike Tolbert,0.4824,True,False,0.5402719744657175,0.7787406652989124,3
minilm,fix01_869146d71c43,low_ccs,Which fullback fumbled the ball after a Darian Stewart tackle?,Mike Tolbert,0.4032,True,True,0.541658973535876,0.2875498181075061,3
minilm,fix01_d9b85075e735,high_ccs,What was Warsaw's Old Town listed as in 1980?,a UNESCO World Heritage Site,0.6049,False,False,0.5434268952560714,0.6762778541454294,3
minilm,fix01_d9b85075e735,low_ccs,What was Warsaw's Old Town listed as in 1980?,a UNESCO World Heritage Site,0.699,False,True,0.5479163517995236,0.3026174446535712,3
minilm,fix01_12aab0896339,high_ccs,What was Luther's marriage seen as by others?,seal of approval,0.5635,False,False,0.585549328136359,0.613733164782763,3
minilm,fix01_12aab0896339,low_ccs,What was Luther's marriage seen as by others?,seal of approval,0.6434,False,False,0.5904718471138096,0.3122961061923412,3
minilm,fix01_e48a5c6b76ef,high_ccs,When was the most recent Super Bowl hosted in the South Florida/Miami area?,2010,0.626,False,False,0.4491741431374628,0.6491853824139715,3
minilm,fix01_e48a5c6b76ef,low_ccs,When was the most recent Super Bowl hosted in the South Florida/Miami area?,2010,0.6886,False,False,0.44464768120542714,0.09157719678422788,3
minilm,fix01_dcd54e006fd0,high_ccs,Who led the Broncos with 105 receptions?,Demaryius Thomas,0.7437,False,False,0.519991294117084,0.7452147678763812,3
minilm,fix01_dcd54e006fd0,low_ccs,Who led the Broncos with 105 receptions?,Demaryius Thomas,0.7673,False,True,0.5099507548179932,0.21023545193819881,3
minilm,fix01_faaec5abb8c2,high_ccs,Who did Newton get a pass to in the Panther starting plays of Super Bowl 50?,Ted Ginn Jr.,0.6478,False,True,0.6060180795504058,0.7724436737347193,3
minilm,fix01_faaec5abb8c2,low_ccs,Who did Newton get a pass to in the Panther starting plays of Super Bowl 50?,Ted Ginn Jr.,0.7236,False,True,0.6091853902891616,0.3020174706134238,3
minilm,fix01_0beeb82f2af9,high_ccs,What are teachers considered to be in Germany?,civil servants,0.7161,False,False,0.41077401198519264,0.6597056746502453,3
minilm,fix01_0beeb82f2af9,low_ccs,What are teachers considered to be in Germany?,civil servants,0.6685,False,False,0.41860942220521236,0.1660488479179993,3
minilm,fix01_f185492ace6d,high_ccs,How many yards did Brad Nortman's punt travel?,28,0.6741,False,False,0.4369414651444967,0.6759908704160216,3
minilm,fix01_f185492ace6d,low_ccs,How many yards did Brad Nortman's punt travel?,28,0.6741,False,False,0.4225970198782387,0.188038889982325,3
minilm,fix01_566a65b70dd4,high_ccs,What happened to most of Tesla's work from this time?,lost in the 5th Avenue laboratory fire of March 1895,0.6415,False,False,0.5368283255347986,0.713975882738123,3
minilm,fix01_566a65b70dd4,low_ccs,What happened to most of Tesla's work from this time?,lost in the 5th Avenue laboratory fire of March 1895,0.6836,False,False,0.538254878622633,0.32987661402729584,3
minilm,fix01_03506a3d1e70,high_ccs,In which year did Benjamin Lamme achieve success making the motor more efficient?,1893,0.8753,False,True,0.39630342459965967,0.666123655325176,3
minilm,fix01_03506a3d1e70,low_ccs,In which year did Benjamin Lamme achieve success making the motor more efficient?,1893,0.5844,False,True,0.3842916148644258,0.1994163590845679,3
minilm,fix01_d96492188b47,high_ccs,What is another type of accountant other than a CPA?,Chartered,0.7582,False,False,0.1992079336550571,0.7001452396509691,3
minilm,fix01_d96492188b47,low_ccs,What is another type of accountant other than a CPA?,Chartered,0.759,False,True,0.1821674348204055,-0.10579427972473354,3
minilm,fix01_2d8e393178e5,high_ccs,What was the name of the fund setup to help with investing in the community? ,50 fund,0.6681,False,False,0.2221809862811491,0.51107162793035,3
minilm,fix01_2d8e393178e5,low_ccs,What was the name of the fund setup to help with investing in the community? ,50 fund,0.8334,False,False,0.23419579317726114,-0.1917536888041313,3
minilm,fix01_5974aba807f1,high_ccs,How common was the form of corporal punishment in the past?,one of the most common,0.5366,False,False,0.32446684670470144,0.5858796935022663,3
minilm,fix01_5974aba807f1,low_ccs,How common was the form of corporal punishment in the past?,one of the most common,0.7083,False,False,0.32395172221215934,-0.11332781519810753,3
minilm,fix01_9113385099d5,high_ccs,How much time was left in the quarter when Stewart got the touchdown?,11:28,0.9765,False,False,0.4012095626517793,0.6655043767338664,3
minilm,fix01_9113385099d5,low_ccs,How much time was left in the quarter when Stewart got the touchdown?,11:28,0.6377,False,False,0.4036173752690709,0.23042362235908376,3
minilm,fix01_acd530fc0157,high_ccs,What was the passer rating for Peyton Manning that he finished out with for the season? ,67.9,0.6899,False,False,0.41427696408156306,0.7610807439942372,3
minilm,fix01_acd530fc0157,low_ccs,What was the passer rating for Peyton Manning that he finished out with for the season? ,67.9,0.7141,False,False,0.40271173558260553,0.25439401181361865,3
minilm,fix01_ace5eb793f41,high_ccs,Who had the best record in the NFC?,Carolina Panthers,0.6656,False,False,0.4514080158964078,0.745140723807427,3
minilm,fix01_ace5eb793f41,low_ccs,Who had the best record in the NFC?,Carolina Panthers,0.611,False,True,0.45295129071104845,0.16318418310650018,3
minilm,fix01_cf6c90d6c1ad,high_ccs,When did Tesla discover the possibility of wireless connectivity?,1893,0.6599,False,False,0.5752855649398702,0.6238414079329342,3
minilm,fix01_cf6c90d6c1ad,low_ccs,When did Tesla discover the possibility of wireless connectivity?,1893,0.532,False,False,0.5623043081904814,0.27507812257534536,3
minilm,fix01_df3657312a4a,high_ccs,What is the term for the highest living saint?,Qutb,0.392,True,False,0.272862140087989,0.6089607741693633,3
minilm,fix01_df3657312a4a,low_ccs,What is the term for the highest living saint?,Qutb,0.6481,False,False,0.27824407204758295,-0.0105359505605723,3
minilm,fix01_1e2349e4746e,high_ccs,What was the final score of the game between the Panthers and the Seahawks?,31–24,0.3461,True,False,0.6194043896776723,0.7753184636916751,3
minilm,fix01_1e2349e4746e,low_ccs,What was the final score of the game between the Panthers and the Seahawks?,31–24,0.4884,True,True,0.6046007303116396,0.2844792508620999,3
minilm,fix01_72925e9e3555,high_ccs,"What has the avoidance of men to become teachers caused, in some areas?",a shortage of male teachers,0.5585,False,False,0.4499027388050449,0.7323840657921709,3
minilm,fix01_72925e9e3555,low_ccs,"What has the avoidance of men to become teachers caused, in some areas?",a shortage of male teachers,0.5006,False,False,0.4556706242275899,0.21311027156701332,3
minilm,fix01_c8bf1482f934,high_ccs,On what day does the Super Bowl media day traditionally take place?,Tuesday,0.7394,False,False,0.44290464305068933,0.6241135439777096,3
minilm,fix01_c8bf1482f934,low_ccs,On what day does the Super Bowl media day traditionally take place?,Tuesday,0.7269,False,False,0.4437139080892443,0.12816806698545433,3
minilm,fix01_69cf7cbcf7f2,high_ccs,"Who may teachers focus on, in order to prioritize attention?",motivated students,0.6081,False,False,0.4259166817866797,0.7880205765531874,3
minilm,fix01_69cf7cbcf7f2,low_ccs,"Who may teachers focus on, in order to prioritize attention?",motivated students,0.6916,False,False,0.4254513780112808,0.19242274968203207,3
minilm,fix01_80929709a946,high_ccs,What was th elast Super Bowl where the Broncos wore white uniforms?,Super Bowl XXXIII,0.681,False,False,0.4562993896543038,0.6655009693188406,3
minilm,fix01_80929709a946,low_ccs,What was th elast Super Bowl where the Broncos wore white uniforms?,Super Bowl XXXIII,0.6719,False,False,0.4537067753235909,0.17487546978517643,3
minilm,fix01_11141cfc0187,high_ccs,What garden was formally only for royalty?,The Saxon Garden,0.5927,False,False,0.2858579923404944,0.5269984467785475,3
minilm,fix01_11141cfc0187,low_ccs,What garden was formally only for royalty?,The Saxon Garden,0.6146,False,False,0.29580452624597475,-0.1924183173613765,3
minilm,fix01_e99d9c4a997e,high_ccs,Who approved of this plan?,William H. Maxwell,0.478,True,False,0.16499836818881572,0.5409460511216998,3
minilm,fix01_e99d9c4a997e,low_ccs,Who approved of this plan?,William H. Maxwell,0.6649,False,False,0.17657350880083866,-0.14765936715900665,3
minilm,fix01_21fa65cff0ca,high_ccs,What was the Norman religion?,Catholicism,0.6201,False,False,0.467146630624437,0.5875814958031815,3
minilm,fix01_21fa65cff0ca,low_ccs,What was the Norman religion?,Catholicism,0.6913,False,True,0.47096678196420444,0.07854085319099421,3
minilm,fix01_d2684a0b07dc,high_ccs,On what yard line did Carolina begin with 4:51 left in the game?,24,0.4652,True,True,0.5339963085856624,0.7525206853145303,3
minilm,fix01_d2684a0b07dc,low_ccs,On what yard line did Carolina begin with 4:51 left in the game?,24,0.7202,False,False,0.5243825689437654,0.1495773960436499,3
minilm,fix01_222e3dd92f0e,high_ccs,Where was the 1893 World's Columbian Exposition held?,Chicago,0.785,False,False,0.1977340759304755,0.5699416371631387,3
minilm,fix01_222e3dd92f0e,low_ccs,Where was the 1893 World's Columbian Exposition held?,Chicago,0.4269,True,False,0.1990530177184334,-0.12339888345996719,3
minilm,fix01_85546a9c0d25,high_ccs,What other two famous performers were part of the Super Bowl 50 halftime?,Beyoncé and Bruno Mars,0.5563,False,False,0.4188734934412206,0.6479154718503748,3
minilm,fix01_85546a9c0d25,low_ccs,What other two famous performers were part of the Super Bowl 50 halftime?,Beyoncé and Bruno Mars,0.561,False,False,0.414330596396384,0.11190750371513572,3
minilm,fix01_aab32d16a29a,high_ccs,What color was used to emphasize the 50th anniversary of the Super Bowl?,gold,0.7562,False,False,0.4289910089543141,0.633565331345006,3
minilm,fix01_aab32d16a29a,low_ccs,What color was used to emphasize the 50th anniversary of the Super Bowl?,gold,0.7511,False,True,0.42451446852945535,0.2056614288813674,3
minilm,fix01_23361fb095fb,high_ccs,How many teams up to Super Bowl 50 have been to the championship game eight times?,four,0.7402,False,True,0.4846205158565781,0.6655009693188406,3
minilm,fix01_23361fb095fb,low_ccs,How many teams up to Super Bowl 50 have been to the championship game eight times?,four,0.5751,False,False,0.4833681783499501,0.14614059890292852,3
minilm,fix01_a011cca0893a,high_ccs,Where can you find more information on a country's practices?,see School corporal punishment.,0.7014,False,False,0.23168329875464067,0.6318223334822735,3
minilm,fix01_a011cca0893a,low_ccs,Where can you find more information on a country's practices?,see School corporal punishment.,0.7284,False,False,0.22336436238741356,-0.13555356874486174,3
minilm,fix01_625fe9f4e975,high_ccs,What did his design avoid in not having a commutator?,sparking,0.6013,False,False,0.3282165437589371,0.7600693863705241,3
minilm,fix01_625fe9f4e975,low_ccs,What did his design avoid in not having a commutator?,sparking,0.554,False,True,0.32792721313404627,0.2478873566371646,3
minilm,fix01_881739fc8698,high_ccs,Who received the ball that cam Newton lost during a tackle to make it a Denver touchdown?,Malik Jackson,0.563,False,True,0.4622532392041236,0.6603909794615487,3
minilm,fix01_881739fc8698,low_ccs,Who received the ball that cam Newton lost during a tackle to make it a Denver touchdown?,Malik Jackson,0.7386,False,False,0.4747355252463055,0.23443711604210465,3
minilm,fix01_30dd2770c34d,high_ccs,Who was given the esteemed status of MVP for Super Bowl 50?,Von Miller,0.7843,False,True,0.49020799513691765,0.745140723807427,3
minilm,fix01_30dd2770c34d,low_ccs,Who was given the esteemed status of MVP for Super Bowl 50?,Von Miller,0.7384,False,False,0.48951986462583247,0.17480431346436145,3
minilm,fix01_f07f4cf7948c,high_ccs,On what did Tesla blame for the loss of the initial money?,Panic of 1901,0.4754,True,False,0.5184060132808949,0.6988453068570303,3
minilm,fix01_f07f4cf7948c,low_ccs,On what did Tesla blame for the loss of the initial money?,Panic of 1901,0.4019,True,False,0.5097811492658982,0.24963733548550213,3
minilm,fix01_c1115ea1a49c,high_ccs,How was the fate of Luther decided?,private conferences,0.491,True,False,0.5911048448743047,0.6504342882502879,3
minilm,fix01_c1115ea1a49c,low_ccs,How was the fate of Luther decided?,private conferences,0.4215,True,False,0.5917109390994147,0.31248661513080733,3
minilm,fix01_a37cbec16316,high_ccs,What was the average cost for a TV ad lasting 30 seconds during Super Bowl 50?,$5 million,0.6577,False,False,0.3989580560043035,0.6019681853596673,3
minilm,fix01_a37cbec16316,low_ccs,What was the average cost for a TV ad lasting 30 seconds during Super Bowl 50?,$5 million,0.6577,False,False,0.3823420295451303,0.15768196787756036,3
minilm,fix01_9a572f3e7321,high_ccs,How many times did Arizona turn the ball over in the NFC Championship?,seven,0.4386,True,False,0.46469713000028934,0.7753184636916751,3
minilm,fix01_9a572f3e7321,low_ccs,How many times did Arizona turn the ball over in the NFC Championship?,seven,0.7045,False,True,0.46094123088646616,0.19664891919618058,3
minilm,fix01_c2fd1c4cf2aa,high_ccs,Who suffered a broken arm in the NFC Championship Game?,Thomas Davis,0.5531,False,False,0.4521304188679103,0.7787406652989124,3
minilm,fix01_c2fd1c4cf2aa,low_ccs,Who suffered a broken arm in the NFC Championship Game?,Thomas Davis,0.7597,False,False,0.4531351225390956,0.2179568051358763,3
minilm,fix01_a95b5ed635d9,high_ccs,What did Luther call his stay a Wartburg Castle?,my Patmos,0.4762,True,False,0.46374903866698675,0.6230265717513583,3
minilm,fix01_a95b5ed635d9,low_ccs,What did Luther call his stay a Wartburg Castle?,my Patmos,0.5458,False,False,0.467903548424981,0.30093245176116057,3
minilm,fix01_696f8c77560b,high_ccs,Where did Luther explain his idea of justification?,Smalcald Articles,0.8207,False,True,0.6656414317979114,0.6999864987001144,3
minilm,fix01_696f8c77560b,low_ccs,Where did Luther explain his idea of justification?,Smalcald Articles,0.6827,False,True,0.6703902541267919,0.41917440798561445,3
minilm,fix01_5c336aba1775,high_ccs,What effort was Luther not particularly in favor of?,writings in volumes,0.4894,True,False,0.5942028315327709,0.6324236701667542,3
minilm,fix01_5c336aba1775,low_ccs,What effort was Luther not particularly in favor of?,writings in volumes,0.3487,True,False,0.5873500066022467,0.33628574123030547,3
minilm,fix01_8bafcd3047cc,high_ccs,What did the Church do when Luther refused to retract his writings?,excommunication,0.6185,False,False,0.5971472007141506,0.6193962896002436,3
minilm,fix01_8bafcd3047cc,low_ccs,What did the Church do when Luther refused to retract his writings?,excommunication,0.5324,False,False,0.5886545315970712,0.2554006491092181,3
minilm,fix01_e2e9a5ea07b5,high_ccs,What was the rumored reason Edison and Tesla were not awarded the prize?,Tesla and/or Edison had refused the prize,0.4673,True,False,0.5435993945841898,0.6196608366906211,3
minilm,fix01_e2e9a5ea07b5,low_ccs,What was the rumored reason Edison and Tesla were not awarded the prize?,Tesla and/or Edison had refused the prize,0.6549,False,True,0.543940721476579,0.24636262175957552,3
minilm,fix01_d860a5ddf3a5,high_ccs,Why was he unable to enroll at the university? ,arrived too late,0.4794,True,False,0.2954076446901363,0.5980016242420736,3
minilm,fix01_d860a5ddf3a5,low_ccs,Why was he unable to enroll at the university? ,arrived too late,0.5686,False,False,0.2975408950978213,-0.11735309232259566,3
minilm,fix01_da87e24b47e6,high_ccs,Which company won a contest to have their ad shown for free during Super Bowl 50?,Death Wish Coffee,0.6967,False,False,0.4625859377421671,0.633565331345006,3
minilm,fix01_da87e24b47e6,low_ccs,Which company won a contest to have their ad shown for free during Super Bowl 50?,Death Wish Coffee,0.6946,False,True,0.4604106473281389,-0.03999441523649652,3
minilm,fix01_ad3f7665f9ce,high_ccs,In what city is the Nikola Tesla Museum?,Belgrade,0.7257,False,False,0.49648577703330116,0.6722386924284923,3
minilm,fix01_ad3f7665f9ce,low_ccs,In what city is the Nikola Tesla Museum?,Belgrade,0.7236,False,False,0.485077096750933,0.06464405902533851,3
minilm,fix01_ab51ba6881bf,high_ccs,What was another use for the weapon?,anti-aircraft purposes,0.7511,False,False,0.18722476439553012,0.7946914268888949,3
minilm,fix01_ab51ba6881bf,low_ccs,What was another use for the weapon?,anti-aircraft purposes,0.5802,False,False,0.19167493805884162,-0.23798572102525292,3
minilm,fix01_d80597aabed1,high_ccs,From which countries did the Norse originate?,"Denmark, Iceland and Norway",0.6831,False,True,0.3816448264395998,0.7112457277546835,3
minilm,fix01_d80597aabed1,low_ccs,From which countries did the Norse originate?,"Denmark, Iceland and Norway",0.6096,False,False,0.3982747708049373,0.08921431912806818,3
minilm,fix01_797cc4e3329a,high_ccs,How many sites did the NFL narrow down Super Bowl 50's location to?,three,0.6991,False,True,0.4572431814191458,0.6479154718503749,3
minilm,fix01_797cc4e3329a,low_ccs,How many sites did the NFL narrow down Super Bowl 50's location to?,three,0.6929,False,True,0.44503872854506055,0.13848436268103204,3
minilm,fix01_e84a58ccecde,high_ccs,Who was the Most Valuable Player for the 2015 NFL season?,Cam Newton,0.4618,True,False,0.40861383655622197,0.7753184636916751,3
minilm,fix01_e84a58ccecde,low_ccs,Who was the Most Valuable Player for the 2015 NFL season?,Cam Newton,0.6059,False,False,0.414401228263314,0.19514703070037476,3
minilm,fix01_ea7b7ceb5aca,high_ccs,What does AFC stand for?,American Football Conference,0.7352,False,False,0.2786293533151708,0.5497280889162157,3
minilm,fix01_ea7b7ceb5aca,low_ccs,What does AFC stand for?,American Football Conference,0.6149,False,False,0.2637877048553802,0.026744535647594492,3
minilm,fix01_3100dc1299cd,high_ccs,What is Tesla's home country?,Serbian,0.5568,False,False,0.44637605064457775,0.7286523184477068,3
minilm,fix01_3100dc1299cd,low_ccs,What is Tesla's home country?,Serbian,0.7014,False,True,0.45206920878508083,0.19461223422067447,3
minilm,fix01_6e92b0d99a31,high_ccs,What was the Black Cloister?,former monastery,0.5639,False,True,0.27420658705717177,0.5968741072909207,3
minilm,fix01_6e92b0d99a31,low_ccs,What was the Black Cloister?,former monastery,0.5406,False,True,0.2782257347179457,-0.12964893541131575,3
minilm,fix01_b32f876e6167,high_ccs,When was Newton the first selection in the NFL Draft?,2011,0.5743,False,False,0.41942843665749635,0.7753184636916751,3
minilm,fix01_b32f876e6167,low_ccs,When was Newton the first selection in the NFL Draft?,2011,0.5448,False,False,0.4048322765090216,0.2491394306440913,3
minilm,fix01_1a4dd99401b8,high_ccs,What story has little foundation in truth?,the posting on the door,0.9417,False,False,0.23523294948370163,0.5897979080609895,3
minilm,fix01_1a4dd99401b8,low_ccs,What story has little foundation in truth?,the posting on the door,0.5905,False,False,0.23360987677850634,-0.11429838678207196,3
minilm,fix01_e37880646976,high_ccs,Who translated and printed Luther's 95 These?,friends of Luther,0.5531,False,False,0.5640813823805308,0.5943750386856047,3
minilm,fix01_e37880646976,low_ccs,Who translated and printed Luther's 95 These?,friends of Luther,0.6893,False,True,0.5683592909474817,0.23397329659129185,3
minilm,fix01_8aefd84cc5a6,high_ccs,"Who is generally considered on the same level as physicians, lawyers, engineers, and accountants (Chartered or CPA)?",paid professionals.,0.6254,False,False,0.23341438331806993,0.7240778614184619,3
minilm,fix01_8aefd84cc5a6,low_ccs,"Who is generally considered on the same level as physicians, lawyers, engineers, and accountants (Chartered or CPA)?",paid professionals.,0.5835,False,False,0.23732303117629486,-0.026188785616408944,3
minilm,fix01_ed68fc6016b1,high_ccs,When did the Packers arrive at a record of 13-0?,2011,0.6537,False,False,0.4153168056087664,0.7548969522586775,3
minilm,fix01_ed68fc6016b1,low_ccs,When did the Packers arrive at a record of 13-0?,2011,0.799,False,False,0.40266745555089906,0.2423250518877646,3
minilm,fix01_3b9ef124729f,high_ccs,Who headlined the halftime show for Super Bowl 50?,Coldplay,0.7281,False,False,0.4276606897542375,0.6491853824139715,3
minilm,fix01_3b9ef124729f,low_ccs,Who headlined the halftime show for Super Bowl 50?,Coldplay,0.731,False,False,0.43033096054725184,0.12489269358012373,3
minilm,fix01_e162d13f1f7b,high_ccs,What is the name of the program that provides contracting work to local companies?,Business Connect,0.7172,False,False,0.15768947543066167,0.5520731016606969,3
minilm,fix01_e162d13f1f7b,low_ccs,What is the name of the program that provides contracting work to local companies?,Business Connect,0.7172,False,False,0.1564405128516699,-0.23029722151425713,3
minilm,fix01_480790b8b26c,high_ccs,What is a particular problem in biology that would benefit from determining that P = NP?,protein structure prediction,0.5418,False,False,0.38946763532762935,0.6665605549991078,3
minilm,fix01_480790b8b26c,low_ccs,What is a particular problem in biology that would benefit from determining that P = NP?,protein structure prediction,0.4229,True,False,0.3993493913285378,0.2494249240934996,3
minilm,fix01_c4f6695029a8,high_ccs,How old was Tesla when he wrote that he'd completed his dynamic theory of gravity?,81,0.5608,False,False,0.5042782797206572,0.713975882738123,3
minilm,fix01_c4f6695029a8,low_ccs,How old was Tesla when he wrote that he'd completed his dynamic theory of gravity?,81,0.5309,False,False,0.506195257317792,0.35275514854738965,3
minilm,fix01_47ed64b06bf7,high_ccs,Where are teachers recruited from?,Lehramtstudien (Teaching Education Studies),0.7242,False,False,0.5097561195815795,0.7240778614184619,3
minilm,fix01_47ed64b06bf7,low_ccs,Where are teachers recruited from?,Lehramtstudien (Teaching Education Studies),0.6802,False,False,0.5087680788613214,0.27761411516686574,3
minilm,fix01_4f96c9bbf515,high_ccs,What could a teacher help in organizing?,school functions,0.6825,False,False,0.38967408399253545,0.6318146901259015,3
minilm,fix01_4f96c9bbf515,low_ccs,What could a teacher help in organizing?,school functions,0.7594,False,False,0.3817818663761719,0.16253905380090858,3
minilm,fix01_044ec3830a9e,high_ccs,Where did the Broncos practice for the Super Bowl?,Stanford University,0.7015,False,False,0.4868096494971564,0.7431583173846807,3
minilm,fix01_044ec3830a9e,low_ccs,Where did the Broncos practice for the Super Bowl?,Stanford University,0.7015,False,False,0.48736514806353726,0.14829255608038872,3
minilm,fix01_089fc5771958,high_ccs,What was the recorded length of the first spark?,five inches,0.6489,False,False,0.27533005166891483,0.7018272310013146,3
minilm,fix01_089fc5771958,low_ccs,What was the recorded length of the first spark?,five inches,0.5765,False,False,0.27265561491347134,0.19613485651266505,3
minilm,fix01_0534b1f1e06e,high_ccs,Who handled the color commentary for Denver's radio stations?,Ed McCaffrey,0.6404,False,False,0.32279411930255486,0.5344673644273715,3
minilm,fix01_0534b1f1e06e,low_ccs,Who handled the color commentary for Denver's radio stations?,Ed McCaffrey,0.6169,False,False,0.32259157190444127,-0.09975588198250593,3
minilm,fix01_60bdc8abacda,high_ccs,Where did Martin Luther go to school?,University of Erfurt,0.7169,False,False,0.5159409560470452,0.6078530572090574,3
minilm,fix01_60bdc8abacda,low_ccs,Where did Martin Luther go to school?,University of Erfurt,0.4534,True,False,0.5059457262965564,0.2990579744342773,3
minilm,fix01_0508ae60dc60,high_ccs,What unintended development did the relationship with the elector have on church government?,under the temporal sovereign,0.6656,False,False,0.2963650240323181,0.5953784903813408,3
minilm,fix01_0508ae60dc60,low_ccs,What unintended development did the relationship with the elector have on church government?,under the temporal sovereign,0.6833,False,False,0.2809826716376624,-0.12702395162847807,3
minilm,fix01_6ae4a4de7315,high_ccs,Which NFL team represented the NFC at Super Bowl 50?,Carolina Panthers,0.7989,False,False,0.4949943105219036,0.6133199915638531,3
minilm,fix01_6ae4a4de7315,low_ccs,Which NFL team represented the NFC at Super Bowl 50?,Carolina Panthers,0.6211,False,False,0.49478955762379834,0.17444149403032208,3
minilm,fix01_46a5aff751de,high_ccs,which years did tesla refer to as a time of terrible headaches and bitter tears?,1886/1887,0.7087,False,False,0.5236019248238134,0.6646909574671979,3
minilm,fix01_46a5aff751de,low_ccs,which years did tesla refer to as a time of terrible headaches and bitter tears?,1886/1887,0.8659,False,False,0.5339791084356423,0.3590972759546508,3
minilm,fix01_16955e5c8de2,high_ccs,How many of the following three fourth quarter drives after the field goal makng the score 16-10 ended in punts?,three,0.6531,False,True,0.3697213491069162,0.6821598516006132,3
minilm,fix01_16955e5c8de2,low_ccs,How many of the following three fourth quarter drives after the field goal makng the score 16-10 ended in punts?,three,0.5953,False,True,0.36776070158182667,0.19076715370341824,3
minilm,fix01_3baede53283c,high_ccs,What new name was given to the media day?,Super Bowl Opening Night.,0.7941,False,False,0.18854708092294267,0.6044883282682479,3
minilm,fix01_3baede53283c,low_ccs,What new name was given to the media day?,Super Bowl Opening Night.,0.8681,False,False,0.18652527374626535,-0.21810919815313073,3
minilm,fix01_4da77b0fbf50,high_ccs,What player punched the ball in from the 2?,Anderson,0.4689,True,False,0.37622017630676813,0.7452147678763812,3
minilm,fix01_4da77b0fbf50,low_ccs,What player punched the ball in from the 2?,Anderson,0.7594,False,False,0.37079201786218546,0.1347596514482327,3
minilm,fix01_25fb379408e4,high_ccs,Where did Tesla work with Edison?,New York City,0.6989,False,False,0.626185408794352,0.6621777268802689,3
minilm,fix01_25fb379408e4,low_ccs,Where did Tesla work with Edison?,New York City,0.534,False,True,0.6286871657035691,0.34502216224684873,3
minilm,fix01_91ec3af05880,high_ccs,Whose former headquarters was the WSE located in until 2000?,Polish United Workers' Party,0.5728,False,False,0.19629916013633808,0.7600693863705241,3
minilm,fix01_91ec3af05880,low_ccs,Whose former headquarters was the WSE located in until 2000?,Polish United Workers' Party,0.7569,False,False,0.1940738514907714,-0.15068275201305512,3
minilm,fix01_5dead70602ee,high_ccs,What parts of the original Catholic mass did Luther leave out of  his new mass?,sacrifice,0.6577,False,False,0.476139385955632,0.6166098560565803,3
minilm,fix01_5dead70602ee,low_ccs,What parts of the original Catholic mass did Luther leave out of  his new mass?,sacrifice,0.6174,False,False,0.4658461250048445,0.31959379963979395,3
minilm,fix01_2e070ca86987,high_ccs,Where did the Broncos stay at for Super Bowl 50?,Santa Clara Marriott.,0.725,False,False,0.5397276012429075,0.6491853824139715,3
minilm,fix01_2e070ca86987,low_ccs,Where did the Broncos stay at for Super Bowl 50?,Santa Clara Marriott.,0.6551,False,True,0.5325709638343873,0.15915185087616418,3
minilm,fix01_8cb88f176528,high_ccs,Why was AC electricity gaining popularity?,"because of its advantages in long-distance, high-voltage transmission",0.5426,False,False,0.41882008919203356,0.7600693863705241,3
minilm,fix01_8cb88f176528,low_ccs,Why was AC electricity gaining popularity?,"because of its advantages in long-distance, high-voltage transmission",0.5123,False,False,0.4043227085675296,0.09490342975595084,3
minilm,fix01_c30b75b22096,high_ccs,"Before Super Bowl 50, what was the coach's name that coached both teams for their last Super Bowl appearances?",John Fox,0.7319,False,False,0.47854373491489793,0.745140723807427,3
minilm,fix01_c30b75b22096,low_ccs,"Before Super Bowl 50, what was the coach's name that coached both teams for their last Super Bowl appearances?",John Fox,0.514,False,True,0.47971133388097115,0.2035916250672306,3
minilm,fix01_4e091dc07a0b,high_ccs,Who lost to the Panthers in the divisional round of the playoffs?,Seattle Seahawks,0.8546,False,False,0.5251420296754717,0.7610807439942372,3
minilm,fix01_4e091dc07a0b,low_ccs,Who lost to the Panthers in the divisional round of the playoffs?,Seattle Seahawks,0.6563,False,True,0.5378418860136125,0.23176065825296807,3
minilm,fix01_8e5405312c3f,high_ccs,Where in Warsaw are patriotic and political objects connected with Poland's struggles for Independence found?,Museum of Independence,0.6323,False,False,0.4706445668353605,0.6762778541454294,3
minilm,fix01_8e5405312c3f,low_ccs,Where in Warsaw are patriotic and political objects connected with Poland's struggles for Independence found?,Museum of Independence,0.5818,False,False,0.471274568823076,0.1790304290117436,3
minilm,fix01_4feea804825a,high_ccs,Who is the quarterback for the Panthers?,Cam Newton,0.9583,False,False,0.4954966761939021,0.7380534447189571,3
minilm,fix01_4feea804825a,low_ccs,Who is the quarterback for the Panthers?,Cam Newton,0.8306,False,True,0.48186308576693015,0.15402326033396518,3
minilm,fix01_28eb0bb2dbe0,high_ccs,Nonverbal expressions resulted in what kind of levels of motivation to learn?,higher,0.6841,False,False,0.28673194992764534,0.6106588415468678,3
minilm,fix01_28eb0bb2dbe0,low_ccs,Nonverbal expressions resulted in what kind of levels of motivation to learn?,higher,0.5998,False,False,0.28827148025941646,-0.046342006506555206,3
minilm,fix01_938c3faba59b,high_ccs,What river originally bounded the Duchy,Seine,0.5085,False,False,0.27195846076645547,0.5169712106620759,3
minilm,fix01_938c3faba59b,low_ccs,What river originally bounded the Duchy,Seine,0.5402,False,False,0.26897568277843487,-0.15775822453733468,3
minilm,fix01_90aa08c1b098,high_ccs,How much did Edison offer Tesla to redesign a motor and generators?,fifty thousand dollars,0.5531,False,False,0.5953412022793435,0.7600693863705241,3
minilm,fix01_90aa08c1b098,low_ccs,How much did Edison offer Tesla to redesign a motor and generators?,fifty thousand dollars,0.6219,False,False,0.5818637214388874,0.32776197314699285,3
minilm,fix01_853aaf4754e1,high_ccs,What manner of words does Mullet think Luther would choose?,more dramatic form,0.4873,True,True,0.4974458134146382,0.600165468693608,3
minilm,fix01_853aaf4754e1,low_ccs,What manner of words does Mullet think Luther would choose?,more dramatic form,0.748,False,False,0.4903871835662906,0.24564734439713368,3
minilm,fix01_dd89736748eb,high_ccs,What field of computer science analyzes all possible algorithms in aggregate to determine the resource requirements needed to solve to a given problem?  ,computational complexity theory,0.6733,False,False,0.4150735832384255,0.6651283567269295,3
minilm,fix01_dd89736748eb,low_ccs,What field of computer science analyzes all possible algorithms in aggregate to determine the resource requirements needed to solve to a given problem?  ,computational complexity theory,0.7414,False,True,0.4175868198871015,0.2205233431034797,3
minilm,fix01_37eaaebe5f47,high_ccs,What does co-teaching get the students to focus on?,learning,0.4544,True,True,0.43917023472289046,0.7880205765531874,3
minilm,fix01_37eaaebe5f47,low_ccs,What does co-teaching get the students to focus on?,learning,0.5837,False,True,0.434752276751051,0.15617890526382455,3
minilm,fix01_9a7ed2b2e654,high_ccs,What is the most important type of Norman art preserved in churches?,mosaics,0.6577,False,False,0.4030647142715618,0.7112457277546835,3
minilm,fix01_9a7ed2b2e654,low_ccs,What is the most important type of Norman art preserved in churches?,mosaics,0.7671,False,False,0.4165974121531025,-0.07443478495275183,3
minilm,fix01_cb00eac21a93,high_ccs,Is a problem instance typically characterized as abstract or concrete?,concrete,0.6726,False,False,0.38001607376657603,0.6831242560808763,3
minilm,fix01_cb00eac21a93,low_ccs,Is a problem instance typically characterized as abstract or concrete?,concrete,0.5636,False,False,0.38171200228996743,0.2485247051001793,3
minilm,fix01_4c38e5bfb46e,high_ccs,"What city, raided by clans and dukes, preceded the founding of Warszowa?",Jazdów,0.7044,False,False,0.3698217956384607,0.6081384070865995,3
minilm,fix01_4c38e5bfb46e,low_ccs,"What city, raided by clans and dukes, preceded the founding of Warszowa?",Jazdów,0.7106,False,False,0.3707123868776134,-0.07027076443691713,3
minilm,fix01_c9aaef2be2cd,high_ccs,What are the Catechisms of Martin Luther written in?,German vernacular,0.531,False,False,0.5991257224975618,0.7350705284393451,3
minilm,fix01_c9aaef2be2cd,low_ccs,What are the Catechisms of Martin Luther written in?,German vernacular,0.7998,False,True,0.5864383705045864,0.36696942621239115,3
minilm,fix01_162353a08e1e,high_ccs,What BBC radio station will carry the game in the United Kingdom?,BBC Radio 5,0.7714,False,False,0.19112475352819,0.5167614131632952,3
minilm,fix01_162353a08e1e,low_ccs,What BBC radio station will carry the game in the United Kingdom?,BBC Radio 5,0.7338,False,False,0.19635581417091652,-0.21181487914401537,3
minilm,fix01_61a4db03062c,high_ccs,How many times has the South Florida/Miami area hosted the Super Bowl?,10,0.7164,False,False,0.4421082104953776,0.6479154718503748,3
minilm,fix01_61a4db03062c,low_ccs,How many times has the South Florida/Miami area hosted the Super Bowl?,10,0.7017,False,False,0.4413763486971171,0.09157719678422788,3
minilm,fix01_7875a03f4047,high_ccs,What city is tied with Miami for hosting the Super Bowl?,New Orleans,0.6726,False,False,0.46507027493181674,0.5931320431774073,3
minilm,fix01_7875a03f4047,low_ccs,What city is tied with Miami for hosting the Super Bowl?,New Orleans,0.5227,False,True,0.46996627488473264,0.15512364767978593,3
minilm,fix01_89a0f8e46026,high_ccs,What kicker was successful on a 33-yard field goal?,McManus,0.5117,False,True,0.5346107395108829,0.7233518505985913,3
minilm,fix01_89a0f8e46026,low_ccs,What kicker was successful on a 33-yard field goal?,McManus,0.8308,False,True,0.5266826531053677,0.2500940389084907,3
minilm,fix01_ffb5b0bbe122,high_ccs,IP and AM are most commonly defined by what type of proof system?,Interactive,0.516,False,False,0.2549667877178606,0.781651701447597,3
minilm,fix01_ffb5b0bbe122,low_ccs,IP and AM are most commonly defined by what type of proof system?,Interactive,0.5714,False,False,0.25998423468910087,0.20271846585177716,3
minilm,fix01_d5a5a5515bab,high_ccs,In what year did Tesla demonstrate his alternating current system?,1888,1.0,False,True,0.5868170209081973,0.7600693863705241,3
minilm,fix01_d5a5a5515bab,low_ccs,In what year did Tesla demonstrate his alternating current system?,1888,1.0,False,True,0.5832456169863353,0.37065201496052896,3
minilm,fix01_6fa1c0ef04ef,high_ccs,A statement made by Chris Keates caused issues with whom?,child protection and parental rights groups,0.7159,False,False,0.30240492197623137,0.631314491428754,3
minilm,fix01_6fa1c0ef04ef,low_ccs,A statement made by Chris Keates caused issues with whom?,child protection and parental rights groups,0.8469,False,True,0.3153001834076316,-0.05292627196030633,3
minilm,fix01_68c35ebe5fb2,high_ccs,What date was Super Bowl Opening Night held?,"February 1, 2016",0.3771,True,False,0.43698698960880167,0.6715563800421955,3
minilm,fix01_68c35ebe5fb2,low_ccs,What date was Super Bowl Opening Night held?,"February 1, 2016",0.5898,False,False,0.4251896418095067,0.12520517787784533,3
minilm,fix01_b05a94846277,high_ccs,What did the new mass allow as regards ceremony?,freedom of ceremony,0.3738,True,False,0.2550041470542262,0.5896445683633423,3
minilm,fix01_b05a94846277,low_ccs,What did the new mass allow as regards ceremony?,freedom of ceremony,0.5945,False,False,0.24203662082667166,-0.2568356447885647,3
minilm,fix01_31d8a12355f6,high_ccs,Whose shrine did the pilgrims go to in 1016?,Archangel Michael,0.6842,False,False,0.31438620323409133,0.5297666226698222,3
minilm,fix01_31d8a12355f6,low_ccs,Whose shrine did the pilgrims go to in 1016?,Archangel Michael,0.6522,False,False,0.3097178473078015,0.004433685926690245,3
minilm,fix01_1e16173be7fb,high_ccs,What is the balance for positive reinforcement?,immediate and fair punishment for misbehavior,0.6869,False,False,0.24131738532807692,0.7880205765531874,3
minilm,fix01_1e16173be7fb,low_ccs,What is the balance for positive reinforcement?,immediate and fair punishment for misbehavior,0.5231,False,True,0.24055288382064996,-0.02864819808583227,3
minilm,fix01_0b4ce7680eeb,high_ccs,How much of Poland's national income does Warsaw produce?,12%,0.9373,False,True,0.5091215823751495,0.6762778541454294,3
minilm,fix01_0b4ce7680eeb,low_ccs,How much of Poland's national income does Warsaw produce?,12%,0.6918,False,False,0.5171589808905287,0.21910538623358994,3
minilm,fix01_d57a37338fc3,high_ccs,How long were the fighters of the Warsaw Ghetto Uprising able to hold out?,almost a month,0.5836,False,False,0.3637890981761968,0.6742707624798003,3
minilm,fix01_d57a37338fc3,low_ccs,How long were the fighters of the Warsaw Ghetto Uprising able to hold out?,almost a month,0.5261,False,False,0.36405808482975605,0.05790553023016748,3
minilm,fix01_9cdd6f89d600,high_ccs,Who was the head coach of the Broncos in Super Bowl XLVIII?,John Fox,0.3503,True,False,0.4538857252637231,0.7431583173846807,3
minilm,fix01_9cdd6f89d600,low_ccs,Who was the head coach of the Broncos in Super Bowl XLVIII?,John Fox,0.678,False,False,0.4437915620755633,0.1212663485424553,3
minilm,fix01_06a7978f30d7,high_ccs,What expression is generally used to convey upper or lower bounds?,big O notation,0.8107,False,False,0.25162870811785315,0.648771891516242,3
minilm,fix01_06a7978f30d7,low_ccs,What expression is generally used to convey upper or lower bounds?,big O notation,0.5709,False,False,0.24236058771130345,-0.10253348450460345,3
minilm,fix01_a798efb9a8a5,high_ccs,What publication published an article about Tesla in 1912?,World Today,0.6089,False,False,0.5889135993985216,0.713975882738123,3
minilm,fix01_a798efb9a8a5,low_ccs,What publication published an article about Tesla in 1912?,World Today,0.6474,False,False,0.5818000012037238,0.37551567760629495,3
minilm,fix01_f4c161fcabf6,high_ccs,What field type is usually chosen for Super Bowl games?,natural grass,0.6372,False,False,0.44064782101458183,0.6093211182848655,3
minilm,fix01_f4c161fcabf6,low_ccs,What field type is usually chosen for Super Bowl games?,natural grass,0.5706,False,False,0.4495523602837365,0.09678395650625879,3
minilm,fix01_25378996f971,high_ccs,Which theory of Einstein's did Tesla speak critically toward?,relativity,0.5159,False,False,0.5183199543195217,0.6722386924284923,3
minilm,fix01_25378996f971,low_ccs,Which theory of Einstein's did Tesla speak critically toward?,relativity,0.6216,False,False,0.5182357393858705,0.3529270409292547,3
minilm,fix01_14f22c9a02b3,high_ccs,What one word did the NFL commissioner use to describe what Super Bowl 50 was intended to be?,spectacular,0.6599,False,False,0.4430330490796239,0.6491853824139715,3
minilm,fix01_14f22c9a02b3,low_ccs,What one word did the NFL commissioner use to describe what Super Bowl 50 was intended to be?,spectacular,0.5692,False,False,0.4565366977564352,0.16718980342105869,3
minilm,fix01_86f91d2a33e3,high_ccs,When did the NFL announce that it would not use Roman numbers to designate the Super Bowl number?,"June 4, 2014",0.7114,False,False,0.425389747850948,0.633565331345006,3
minilm,fix01_86f91d2a33e3,low_ccs,When did the NFL announce that it would not use Roman numbers to designate the Super Bowl number?,"June 4, 2014",0.5531,False,False,0.42240612808510963,0.15192349608713007,3
minilm,fix01_644b3811630a,high_ccs,When did he talk about his beliefs in an interview?,1937,0.8486,False,False,0.3187861948234634,0.5747224326473245,3
minilm,fix01_644b3811630a,low_ccs,When did he talk about his beliefs in an interview?,1937,0.6659,False,False,0.30497508238276,-0.013472900622054862,3
minilm,fix01_d49dfff0fa73,high_ccs,Which California venue was one of three considered for Super Bowl 50?,San Francisco Bay Area's Levi's Stadium,0.5531,False,False,0.48270352139262335,0.6093211182848655,3
minilm,fix01_d49dfff0fa73,low_ccs,Which California venue was one of three considered for Super Bowl 50?,San Francisco Bay Area's Levi's Stadium,0.7354,False,True,0.4809100676044886,0.09834179403637855,3
minilm,fix01_84cf12d2d769,high_ccs,Who set up what became the Second Polish Republic?,underground leader Piłsudski,0.563,False,False,0.4078886294155068,0.6046576710814693,3
minilm,fix01_84cf12d2d769,low_ccs,Who set up what became the Second Polish Republic?,underground leader Piłsudski,0.6414,False,False,0.40537546201396096,0.17103403428300323,3
minilm,fix01_7dba98d8cd80,high_ccs,How many cameras did EyeVision 360 utilize?,36,0.4473,True,True,0.1528613047199869,0.6821598516006132,3
minilm,fix01_7dba98d8cd80,low_ccs,How many cameras did EyeVision 360 utilize?,36,0.7181,False,False,0.15406962324330822,-0.1522810829633681,3
minilm,fix01_2a059842409e,high_ccs,Who recovered Tolbert's fumble?,Danny Trevathan,0.5907,False,False,0.4740750832577411,0.7787406652989124,3
minilm,fix01_2a059842409e,low_ccs,Who recovered Tolbert's fumble?,Danny Trevathan,0.3006,True,True,0.4638631872134967,0.2717798046245474,3
minilm,fix01_873df9d40fd5,high_ccs,"If a detention asks the student to write, what do they write?",lines or a punishment essay,0.6469,False,False,0.2973567814400966,0.695383755242611,3
minilm,fix01_873df9d40fd5,low_ccs,"If a detention asks the student to write, what do they write?",lines or a punishment essay,0.665,False,False,0.2823350661915653,-0.05692993206619795,3
minilm,fix01_1645d40277bb,high_ccs,In what expression can one expect to find DTIME(n),DTIME(n2),0.6031,False,False,0.3178090494107369,0.6682806168810121,3
minilm,fix01_1645d40277bb,low_ccs,In what expression can one expect to find DTIME(n),DTIME(n2),0.6452,False,False,0.312805979256014,0.20530469939134657,3
minilm,fix01_ec6352868f24,high_ccs,"After Archbishop Albrecht reviewed the Theses, where did he send them?",Rome,0.7604,False,True,0.27196922601208323,0.6341173947605856,3
minilm,fix01_ec6352868f24,low_ccs,"After Archbishop Albrecht reviewed the Theses, where did he send them?",Rome,0.5882,False,False,0.2645835036528532,-0.04949761575658443,3
minilm,fix01_02fc34ec7b16,high_ccs,How many games did the Broncos lose during their regular 2015 season?,four,0.4906,True,True,0.43891965019123025,0.7787406652989124,3
minilm,fix01_02fc34ec7b16,low_ccs,How many games did the Broncos lose during their regular 2015 season?,four,0.5701,False,True,0.4253428879302012,0.20303125435839023,3
minilm,fix01_8704efd76d09,high_ccs,What was the naval base called?,Dyrrachium,0.8715,False,True,0.26790795301436576,0.6081384070865995,3
minilm,fix01_8704efd76d09,low_ccs,What was the naval base called?,Dyrrachium,1.0,False,True,0.2736389365612218,-0.14444541224248295,3
minilm,fix01_be52e50ea748,high_ccs,"Who designs both the ""50"" as well as the Trophy?",Tiffany & Co.,0.7213,False,False,0.29110884408916954,0.5303046936042337,3
minilm,fix01_be52e50ea748,low_ccs,"Who designs both the ""50"" as well as the Trophy?",Tiffany & Co.,0.7006,False,False,0.2874173984608628,-0.21017726210669707,3
minilm,fix01_41285ac2f571,high_ccs,How far is Warsaw from the Baltic Sea?,roughly 260 kilometres,0.5526,False,False,0.378869614223387,0.6322672164199258,3
minilm,fix01_41285ac2f571,low_ccs,How far is Warsaw from the Baltic Sea?,roughly 260 kilometres,0.5526,False,False,0.36382808764799557,0.10017326358737544,3
minilm,fix01_2a116d7e841d,high_ccs,What opened on January 30th at the Justin Herman plaza?,Super Bowl City,0.6116,False,True,0.3381603643591358,0.633565331345006,3
minilm,fix01_2a116d7e841d,low_ccs,What opened on January 30th at the Justin Herman plaza?,Super Bowl City,0.6823,False,False,0.3219379988474407,-0.07150997501168221,3
minilm,fix01_ee82671d0c26,high_ccs,Who lost to the Broncos in the AFC Championship?,New England Patriots,0.8718,False,False,0.4636274591958575,0.7753184636916751,3
minilm,fix01_ee82671d0c26,low_ccs,Who lost to the Broncos in the AFC Championship?,New England Patriots,0.4332,True,False,0.47339541047666334,0.20303125435839023,3
minilm,fix01_13eda42baaf7,high_ccs,When was the article published?,20 December 1914,0.9251,False,False,0.30581250051764997,0.6331208929459945,3
minilm,fix01_13eda42baaf7,low_ccs,When was the article published?,20 December 1914,0.683,False,False,0.304417099274831,-0.004231197613456417,3
minilm,fix01_6c6d928f9266,high_ccs,When did Tesla make the induction motor?,1887,0.6951,False,False,0.5759668000786881,0.7286523184477068,3
minilm,fix01_6c6d928f9266,low_ccs,When did Tesla make the induction motor?,1887,0.533,False,False,0.5746049148095044,0.3050913989984997,3
minilm,fix01_4c59ae30d388,high_ccs,"In 2011, who was the first player to be chosen in the NFL draft?",Newton,0.7869,False,True,0.4248726747549385,0.7451407238074268,3
minilm,fix01_4c59ae30d388,low_ccs,"In 2011, who was the first player to be chosen in the NFL draft?",Newton,0.7029,False,True,0.4317544230506066,0.23442684189701285,3
minilm,fix01_0f548413c606,high_ccs,Which Florida venue was one of three considered for Super Bowl 50?,Miami's Sun Life Stadium,0.7532,False,False,0.5189130608376575,0.5932771559246424,3
minilm,fix01_0f548413c606,low_ccs,Which Florida venue was one of three considered for Super Bowl 50?,Miami's Sun Life Stadium,0.7257,False,False,0.5104038730878421,0.05723584595436257,3
minilm,fix01_1eed5dee00b5,high_ccs,What did Tesla's design not need? ,a commutator,0.3463,True,False,0.552572958383709,0.6499914401980307,3
minilm,fix01_1eed5dee00b5,low_ccs,What did Tesla's design not need? ,a commutator,0.2036,True,False,0.5503028676845522,0.35751569693613744,3
minilm,fix01_367b38d6e7cc,high_ccs,Where did Tesla believe his talents came from?,his mother's genetics and influence,0.7588,False,False,0.5981639873873161,0.7286523184477068,3
minilm,fix01_367b38d6e7cc,low_ccs,Where did Tesla believe his talents came from?,his mother's genetics and influence,0.7871,False,True,0.5932051564687608,0.34560585075535855,3
minilm,fix01_443828252e04,high_ccs,Who if the commissioner of the NFL?,Roger Goodell,0.666,False,False,0.26403265409272125,0.6975019774214098,3
minilm,fix01_443828252e04,low_ccs,Who if the commissioner of the NFL?,Roger Goodell,0.666,False,False,0.27827465936041423,0.05967621490296901,3
minilm,fix01_25db13e82adc,high_ccs,What was the occupation of Tesla's father?,priest,0.5247,False,False,0.5706481200161984,0.7286523184477068,3
minilm,fix01_25db13e82adc,low_ccs,What was the occupation of Tesla's father?,priest,0.5531,False,False,0.5670849079835855,0.34502216224684873,3
minilm,fix01_3de7c0276b8c,high_ccs,What was the boat called?,teleautomaton,0.4386,True,False,0.1750183788820201,0.5914385745360535,3
minilm,fix01_3de7c0276b8c,low_ccs,What was the boat called?,teleautomaton,0.6342,False,False,0.16299782072511912,-0.15021419948023138,3
minilm,fix01_dc174e19c195,high_ccs,Who were the Westwood one color analysts?,Boomer Esiason and Dan Fouts,0.5402,False,False,0.19980216279159943,0.44229527885999603,3
minilm,fix01_dc174e19c195,low_ccs,Who were the Westwood one color analysts?,Boomer Esiason and Dan Fouts,0.5684,False,False,0.18525457308099036,-0.1873899657212512,3
minilm,fix01_4614d28dcbe4,high_ccs,When did the Venetians take total control of Cyprus?,1489,0.7072,False,False,0.2865391702689544,0.597343320869061,3
minilm,fix01_4614d28dcbe4,low_ccs,When did the Venetians take total control of Cyprus?,1489,0.6729,False,False,0.28239137820767896,0.05461763411945966,3
minilm,fix01_55d94ef18e89,high_ccs,With whom are teachers required to register?,the Teaching Council,0.7166,False,False,0.4952813662507982,0.7240778614184619,3
minilm,fix01_55d94ef18e89,low_ccs,With whom are teachers required to register?,the Teaching Council,0.8407,False,True,0.48446088424961015,0.22052528573731833,3
minilm,fix01_26315f8dbeba,high_ccs,At what university's facility did the Broncos practice?,Stanford University,0.5531,False,False,0.3832639030545066,0.7724436737347193,3
minilm,fix01_26315f8dbeba,low_ccs,At what university's facility did the Broncos practice?,Stanford University,0.7047,False,False,0.38584116052393064,0.10946144015338477,3
minilm,fix01_c515c34fca85,high_ccs,What did the Church claim could be avoided with money?,God's punishment,0.4926,True,False,0.36049588717844405,0.641497428912467,3
minilm,fix01_c515c34fca85,low_ccs,What did the Church claim could be avoided with money?,God's punishment,0.5988,False,False,0.3614024876089757,0.02481759678517398,3
minilm,fix01_d295077c8eb1,high_ccs,What did Tesla call his electrical effects in 1893?,Tesla Polyphase System,0.8105,False,False,0.6283891626002772,0.6979028938364265,3
minilm,fix01_d295077c8eb1,low_ccs,What did Tesla call his electrical effects in 1893?,Tesla Polyphase System,0.8105,False,False,0.6241040143212873,0.38961304250708706,3
minilm,fix01_b87f8518424c,high_ccs,When did Germany invade Poland and in doing so start World War II?,September 1939,0.6985,False,False,0.38908472514925624,0.6913191948207158,3
minilm,fix01_b87f8518424c,low_ccs,When did Germany invade Poland and in doing so start World War II?,September 1939,0.6294,False,False,0.39132894781125344,0.11122352446375974,3
minilm,fix01_fe6f70768bf6,high_ccs,What is the most frequently employed type of reduction?,polynomial-time reduction,0.5006,False,False,0.20648074048836582,0.583137284609662,3
minilm,fix01_fe6f70768bf6,low_ccs,What is the most frequently employed type of reduction?,polynomial-time reduction,0.4636,True,False,0.2121464129680554,-0.17589531247863682,3
minilm,fix01_df177e4ffe29,high_ccs,How many 2015 season interceptions did the Panthers' defense get?,24,0.6066,False,True,0.5754219002310419,0.707391740056238,3
minilm,fix01_df177e4ffe29,low_ccs,How many 2015 season interceptions did the Panthers' defense get?,24,0.4539,True,True,0.5667073641913145,0.2019568080536453,3
minilm,fix01_380bdfd008a9,high_ccs,Who was the Most Valuable Player of Super Bowl 50?,Von Miller,0.8578,False,True,0.5329978047897712,0.745140723807427,3
minilm,fix01_380bdfd008a9,low_ccs,Who was the Most Valuable Player of Super Bowl 50?,Von Miller,0.5967,False,True,0.5228427847229642,0.18902558026600016,3
minilm,fix01_9cd403c30b83,high_ccs,What was one of the Norman's major exports?,fighting horsemen,0.6868,False,True,0.4822869949442959,0.7112457277546835,3
minilm,fix01_9cd403c30b83,low_ccs,What was one of the Norman's major exports?,fighting horsemen,0.5958,False,False,0.4835703343886913,0.266164037746776,3
minilm,fix01_1ec37ae1f42b,high_ccs,How old was Manning when he played Super Bowl 50?,39.,0.7007,False,True,0.45117853915255485,0.6821598516006132,3
minilm,fix01_1ec37ae1f42b,low_ccs,How old was Manning when he played Super Bowl 50?,39.,0.6236,False,False,0.4584811312896508,0.1385978959473864,3
minilm,fix01_3e60ef9f0b54,high_ccs,Who reportedly wanted Tesla's company?,women,0.5699,False,False,0.5221966299944537,0.6597149410760621,3
minilm,fix01_3e60ef9f0b54,low_ccs,Who reportedly wanted Tesla's company?,women,0.5331,False,False,0.5227789432067818,0.30413766941518305,3
minilm,fix01_9b94d40f8f7b,high_ccs,How many interceptions did Aqib Talib have for the regular season?,three.,0.7523,False,True,0.4683705345488968,0.7787406652989124,3
minilm,fix01_9b94d40f8f7b,low_ccs,How many interceptions did Aqib Talib have for the regular season?,three.,0.7233,False,True,0.4651906462173339,0.25573682408487297,3
minilm,fix01_16dfabd1aa8f,high_ccs,Who caught two passes from Manning after the failed Carolina field goal attempt?,Emmanuel Sanders,0.5653,False,False,0.5554762206055984,0.7233518505985913,3
minilm,fix01_16dfabd1aa8f,low_ccs,Who caught two passes from Manning after the failed Carolina field goal attempt?,Emmanuel Sanders,0.6582,False,False,0.5453162317072758,0.21655619698383594,3
minilm,fix01_0b1ea8525f98,high_ccs,What is the largest city in Poland?,Warsaw,0.6924,False,True,0.5187193236450113,0.6066727442388171,3
minilm,fix01_0b1ea8525f98,low_ccs,What is the largest city in Poland?,Warsaw,0.6505,False,True,0.5095893325354086,0.24246322188981628,3
minilm,fix01_9a5d152bdd5d,high_ccs,Who was Warsz?,12th/13th-century nobleman,0.4829,True,False,0.22835057088993657,0.5846610505644345,3
minilm,fix01_9a5d152bdd5d,low_ccs,Who was Warsz?,12th/13th-century nobleman,0.7251,False,False,0.23557705521187197,-0.1029131808496857,3
minilm,fix01_f251a5944e6e,high_ccs,Which denomination has more of an individualistic streak?,Protestant,0.5942,False,False,0.2800390574793214,0.7350705284393451,3
minilm,fix01_f251a5944e6e,low_ccs,Which denomination has more of an individualistic streak?,Protestant,0.6238,False,True,0.29855099986896666,0.06533562973038592,3
minilm,fix01_31c225636102,high_ccs,Where was the Summer Theatre located?,Saxon Garden,0.6672,False,False,0.2158182743071487,0.599980244351478,3
minilm,fix01_31c225636102,low_ccs,Where was the Summer Theatre located?,Saxon Garden,0.5678,False,False,0.2132652662587353,-0.2083084677666395,3
minilm,fix01_6430eac84057,high_ccs,In what year were Tesla's motor and transformer designs licensed to Westinghouse?,1888,0.4781,True,False,0.5662862017618343,0.7286523184477068,3
minilm,fix01_6430eac84057,low_ccs,In what year were Tesla's motor and transformer designs licensed to Westinghouse?,1888,0.6608,False,False,0.5612800187247695,0.3171694715525234,3
minilm,fix01_292b999f3335,high_ccs,Which station covered the game for North Carolina?,WBT,0.5531,False,False,0.33749294537102864,0.7787406652989124,3
minilm,fix01_292b999f3335,low_ccs,Which station covered the game for North Carolina?,WBT,0.7484,False,False,0.33179000648049634,-0.07595694523154645,3
minilm,fix01_5cebadddcc0f,high_ccs,What funds cannot be used if a teacher is not registered?,Oireachtas funds,0.7102,False,False,0.39661923790163667,0.695383755242611,3
minilm,fix01_5cebadddcc0f,low_ccs,What funds cannot be used if a teacher is not registered?,Oireachtas funds,0.7559,False,False,0.38743382225227063,0.16762062949047715,3
minilm,fix01_d53e3d8f0d18,high_ccs,What did Luther's degree in 1509 concern?,Sentences by Peter Lombard,0.4741,True,False,0.58835133304944,0.6504342882502879,3
minilm,fix01_d53e3d8f0d18,low_ccs,What did Luther's degree in 1509 concern?,Sentences by Peter Lombard,0.259,True,True,0.5819473760104455,0.30778487323512527,3
minilm,fix01_94fca545c202,high_ccs,In what year did Raymond Sullivan publish a study of rudimentary sets?,1961,0.5957,False,False,0.22791793409427882,0.5776987788621433,3
minilm,fix01_94fca545c202,low_ccs,In what year did Raymond Sullivan publish a study of rudimentary sets?,1961,0.5957,False,False,0.227581527721738,-0.16248170673921172,3
minilm,fix01_90a05de0a36b,high_ccs,What was Tesla's father afraid would happen to him in school?,Tesla would be killed through overwork,0.4815,True,False,0.553933617289477,0.713975882738123,3
minilm,fix01_90a05de0a36b,low_ccs,What was Tesla's father afraid would happen to him in school?,Tesla would be killed through overwork,0.3017,True,False,0.5587233154597896,0.32669830428770014,3
minilm,fix01_02e585182bb4,high_ccs,The time required to output an answer on a deterministic Turing machine is expressed as what?,state transitions,0.5579,False,False,0.34544505123529423,0.6652796562897139,3
minilm,fix01_02e585182bb4,low_ccs,The time required to output an answer on a deterministic Turing machine is expressed as what?,state transitions,0.5903,False,False,0.3438991845939185,0.17434866928903703,3
bge-large,fix01_26c450a6107b,high_ccs,What clothing company was a Super Bowl sponsor?,Gap,0.7695,False,False,0.5202890238664659,0.6994473219802887,3
bge-large,fix01_26c450a6107b,low_ccs,What clothing company was a Super Bowl sponsor?,Gap,0.5531,False,False,0.5277827503718296,0.4206326018666296,3
bge-large,fix01_c3f0d64bf2c3,high_ccs,When did Tesla's father die?,1879,0.6252,False,True,0.6981986925035725,0.7273536751286536,3
bge-large,fix01_c3f0d64bf2c3,low_ccs,When did Tesla's father die?,1879,0.6039,False,False,0.6716817461178533,0.619846576274152,3
bge-large,fix01_11f04d13ba15,high_ccs,This was the first time that the Carolina team faced what in the post season?,a deficit.,0.597,False,False,0.5692512088621475,0.7798118962733613,3
bge-large,fix01_11f04d13ba15,low_ccs,This was the first time that the Carolina team faced what in the post season?,a deficit.,0.5712,False,True,0.609843278122292,0.584735301855704,3
bge-large,fix01_86b690485506,high_ccs,What has been the result of this publicity?,increased scrutiny on teacher misconduct,0.4942,True,False,0.47739905932062915,0.6217643946409341,3
bge-large,fix01_86b690485506,low_ccs,What has been the result of this publicity?,increased scrutiny on teacher misconduct,0.5957,False,False,0.4423429107880053,0.3295331101961981,3
bge-large,fix01_cce15f557ccc,high_ccs,Who scored the first points for Denver?,Brandon McManus,0.8167,False,False,0.5745258384194847,0.8258965671704007,3
bge-large,fix01_cce15f557ccc,low_ccs,Who scored the first points for Denver?,Brandon McManus,0.8599,False,True,0.5847963717767167,0.5385966482265646,3
bge-large,fix01_30360fe55536,high_ccs,What is the concrete choice typically assumed by most complexity-theoretic theorems?,input encoding,0.6915,False,False,0.6675349872918396,0.7987314645640843,3
bge-large,fix01_30360fe55536,low_ccs,What is the concrete choice typically assumed by most complexity-theoretic theorems?,input encoding,0.6536,False,False,0.6599654282287907,0.6790739417068025,3
bge-large,fix01_ca56dd58f99a,high_ccs,Complexity theory seeks to define the relationship between the scale of algorithms with respect to what other variable?,an increase in the input size,0.6358,False,False,0.6235586579841861,0.7842442804853329,3
bge-large,fix01_ca56dd58f99a,low_ccs,Complexity theory seeks to define the relationship between the scale of algorithms with respect to what other variable?,an increase in the input size,0.529,False,False,0.6096438055049477,0.6949999465140475,3
bge-large,fix01_eb7c8d237540,high_ccs,Who wrote a resounding letter to the elector praising Luther?,Jerome Schurf,0.6201,False,False,0.6166561120632045,0.6894501103934687,3
bge-large,fix01_eb7c8d237540,low_ccs,Who wrote a resounding letter to the elector praising Luther?,Jerome Schurf,0.8312,False,False,0.5773760117599086,0.501720543088211,3
bge-large,fix01_309833205de9,high_ccs,"What took place in his lab in 1895, causing him to lose thousands of dollars of data and tools? ",5th Avenue laboratory fire of March 1895,0.4761,True,True,0.5893840412992727,0.710473617274815,3
bge-large,fix01_309833205de9,low_ccs,"What took place in his lab in 1895, causing him to lose thousands of dollars of data and tools? ",5th Avenue laboratory fire of March 1895,0.4761,True,True,0.5734709665558225,0.5497290552271592,3
bge-large,fix01_4f1e15899ff9,high_ccs,What did Luther write as an outline of the new faith?,two catechisms,0.5901,False,False,0.6894143629061512,0.782184382410475,3
bge-large,fix01_4f1e15899ff9,low_ccs,What did Luther write as an outline of the new faith?,two catechisms,0.5346,False,False,0.6677344442020187,0.6297533216288026,3
bge-large,fix01_0ea7842f88d9,high_ccs,What kingdom annexed Warsaw in 1796?,Prussia,0.6391,False,False,0.5212623557991674,0.7367054501066879,3
bge-large,fix01_0ea7842f88d9,low_ccs,What kingdom annexed Warsaw in 1796?,Prussia,0.6783,False,False,0.5526681041370951,0.5753013154646771,3
bge-large,fix01_867718e9a234,high_ccs,What began in 1527 when Luther introdued the new order of worship?,visitation of the Electorate,0.4029,True,False,0.6381336532357206,0.7739827315582268,3
bge-large,fix01_867718e9a234,low_ccs,What began in 1527 when Luther introdued the new order of worship?,visitation of the Electorate,0.6732,False,False,0.6146268371926168,0.577903467635024,3
bge-large,fix01_e95e623b0027,high_ccs,What class sizes can make keeping order difficult?,40 to 50 students,0.5299,False,False,0.5808508244190471,0.7841421603749887,3
bge-large,fix01_e95e623b0027,low_ccs,What class sizes can make keeping order difficult?,40 to 50 students,0.6855,False,False,0.5396877088357271,0.3722312356143932,3
bge-large,fix01_09931c8df3d2,high_ccs,How many other important people sent letters?,more than 70,0.8207,False,True,0.457874651259438,0.6187352670328405,3
bge-large,fix01_09931c8df3d2,low_ccs,How many other important people sent letters?,more than 70,0.8622,False,False,0.49600560961911055,0.36581453384118123,3
bge-large,fix01_4265a77fda33,high_ccs,What year did Tesla die? ,1943,0.748,False,False,0.6443181555867223,0.7294396272886008,3
bge-large,fix01_4265a77fda33,low_ccs,What year did Tesla die? ,1943,0.748,False,False,0.6233463322379077,0.5988208247895491,3
bge-large,fix01_85a14992364a,high_ccs,Besides the radicals who else did Luther have to deal with?,established Church,0.621,False,False,0.6223690559168981,0.7222081338351344,3
bge-large,fix01_85a14992364a,low_ccs,Besides the radicals who else did Luther have to deal with?,established Church,0.5452,False,False,0.6577612378140384,0.6155282373284944,3
bge-large,fix01_f7da5050a5c9,high_ccs,What did the General Conference on Weights and Measures name after Tesla in 1960?,SI unit of magnetic flux density,0.6413,False,False,0.541451517531622,0.7141278962457884,3
bge-large,fix01_f7da5050a5c9,low_ccs,What did the General Conference on Weights and Measures name after Tesla in 1960?,SI unit of magnetic flux density,0.7808,False,True,0.6122516817908304,0.5965020913153737,3
bge-large,fix01_105f312ca7a1,high_ccs,What is the city centre of Warsaw called in Polish?,Śródmieście,0.6097,False,False,0.6304724123805002,0.7367054501066879,3
bge-large,fix01_105f312ca7a1,low_ccs,What is the city centre of Warsaw called in Polish?,Śródmieście,0.6002,False,False,0.6544249270424619,0.5883988190937885,3
bge-large,fix01_3e902a96d612,high_ccs,"In the article's title, what did the machine hope to end?",War,0.6406,False,False,0.4895636825413144,0.7467638529885722,3
bge-large,fix01_3e902a96d612,low_ccs,"In the article's title, what did the machine hope to end?",War,0.6671,False,False,0.5301230023618074,0.45149778227526044,3
bge-large,fix01_5eecd47ef390,high_ccs,Where was Tesla's property sent?,Belgrade,0.5937,False,False,0.6455140765456907,0.7619553663674907,3
bge-large,fix01_5eecd47ef390,low_ccs,Where was Tesla's property sent?,Belgrade,0.427,True,True,0.6280341493158754,0.5841133845375597,3
bge-large,fix01_ff89bfb9b47e,high_ccs,How many Panthers players were chosen for the 2015 season's Pro Bowl?,Ten,0.4455,True,False,0.5729176148667564,0.8195312295267996,3
bge-large,fix01_ff89bfb9b47e,low_ccs,How many Panthers players were chosen for the 2015 season's Pro Bowl?,Ten,0.6627,False,False,0.583639583439716,0.5805640733942357,3
bge-large,fix01_c8446644f515,high_ccs,In what year did Nikola Tesla emigrate to the United States?,1884,1.0,False,True,0.7195060989978167,0.7752619709717694,3
bge-large,fix01_c8446644f515,low_ccs,In what year did Nikola Tesla emigrate to the United States?,1884,1.0,False,True,0.691976017003389,0.6421537438609626,3
bge-large,fix01_d0ac2d7e8e3c,high_ccs,Who coached each Super Bowl 50 participant in their most recent Super Bowl appearance prior to Super Bowl 50?,John Fox,0.5546,False,False,0.5471849878261069,0.7620326320575571,3
bge-large,fix01_d0ac2d7e8e3c,low_ccs,Who coached each Super Bowl 50 participant in their most recent Super Bowl appearance prior to Super Bowl 50?,John Fox,0.5187,False,False,0.5538238933467968,0.47270178395473766,3
bge-large,fix01_45e3c5a33542,high_ccs,A function problem is an example of what?,a computational problem,0.6251,False,True,0.5837327703145958,0.7455335463758622,3
bge-large,fix01_45e3c5a33542,low_ccs,A function problem is an example of what?,a computational problem,0.3838,True,False,0.6023370307677639,0.6449436568336319,3
bge-large,fix01_1daf255799cb,high_ccs,What did Tesla Electric Light & Manufacturing do?,installed electrical arc light based illumination systems,0.6138,False,False,0.654289194025584,0.7752619709717694,3
bge-large,fix01_1daf255799cb,low_ccs,What did Tesla Electric Light & Manufacturing do?,installed electrical arc light based illumination systems,0.5943,False,False,0.5859874726100637,0.6525100339482575,3
bge-large,fix01_86648ef58d04,high_ccs,What beverage company signed a contract allowing them to broadcast ads at a discount?,Anheuser-Busch InBev,0.5579,False,False,0.4280221313372757,0.679193854434739,3
bge-large,fix01_86648ef58d04,low_ccs,What beverage company signed a contract allowing them to broadcast ads at a discount?,Anheuser-Busch InBev,0.6961,False,False,0.4154033456126632,0.306299754663752,3
bge-large,fix01_32489bbe2580,high_ccs,"Who called their system the ""Tesla Polyphase System""?",Westinghouse Electric,0.5325,False,False,0.6128813299482182,0.6097423153274236,3
bge-large,fix01_32489bbe2580,low_ccs,"Who called their system the ""Tesla Polyphase System""?",Westinghouse Electric,0.6465,False,True,0.6743175485781786,0.6288905480601013,3
bge-large,fix01_fe1b54072288,high_ccs,What date did Tesla begin his Colorado Springs experiments?,15 June 1899,0.5619,False,False,0.6310732347189695,0.710473617274815,3
bge-large,fix01_fe1b54072288,low_ccs,What date did Tesla begin his Colorado Springs experiments?,15 June 1899,0.5074,False,False,0.6136808737219966,0.4804079032537908,3
bge-large,fix01_bfad961c515b,high_ccs,What was the teacher's role while the child was with them?,substitute parent,0.9042,False,False,0.5432404301777737,0.7584286033017061,3
bge-large,fix01_bfad961c515b,low_ccs,What was the teacher's role while the child was with them?,substitute parent,0.7853,False,True,0.6228729489675089,0.5159849237202494,3
bge-large,fix01_ba97c1d670e0,high_ccs,When did the San Francisco Bay area last host the Super Bowl?,1985,0.6168,False,False,0.5263151605164188,0.7740304610253249,3
bge-large,fix01_ba97c1d670e0,low_ccs,When did the San Francisco Bay area last host the Super Bowl?,1985,0.749,False,False,0.5259192801730579,0.38057305069981723,3
bge-large,fix01_23262838c98e,high_ccs,What field of computer science is primarily concerned with determining the likelihood of whether or not a problem can ultimately be solved using algorithms?,computability theory,0.6484,False,False,0.6175516238425925,0.7307836244378161,3
bge-large,fix01_23262838c98e,low_ccs,What field of computer science is primarily concerned with determining the likelihood of whether or not a problem can ultimately be solved using algorithms?,computability theory,0.7478,False,False,0.6083957164665722,0.641508732102914,3
bge-large,fix01_4658bf24ca61,high_ccs,Who killed Harold II? ,William II,0.6503,False,False,0.4939931232685513,0.6929069583496247,3
bge-large,fix01_4658bf24ca61,low_ccs,Who killed Harold II? ,William II,0.6631,False,False,0.45069919161266475,0.3709116538612543,3
bge-large,fix01_a2f14a465277,high_ccs,How many games did the Panthers lose in the regular season before Super Bowl 50?,one,0.4526,True,True,0.6213316760237854,0.8195312295267996,3
bge-large,fix01_a2f14a465277,low_ccs,How many games did the Panthers lose in the regular season before Super Bowl 50?,one,0.5785,False,False,0.63604500379545,0.5217822294392583,3
bge-large,fix01_5763f1d18188,high_ccs,What is the opposite of an ongoing role of teaching?,transient,0.6043,False,False,0.5510450092581944,0.70416453006746,3
bge-large,fix01_5763f1d18188,low_ccs,What is the opposite of an ongoing role of teaching?,transient,0.5307,False,False,0.5594652676225778,0.5347996863422798,3
bge-large,fix01_5d6c1e6a36eb,high_ccs,What famous writer was Tesla's good friend?,Mark Twain,0.6146,False,False,0.5473565041380547,0.6848905090209414,3
bge-large,fix01_5d6c1e6a36eb,low_ccs,What famous writer was Tesla's good friend?,Mark Twain,0.8141,False,False,0.5868634643810409,0.5479163809072369,3
bge-large,fix01_b09d84893f25,high_ccs,What Carolina player was injured in the NFC Championship Game?,Thomas Davis,0.6391,False,False,0.5972099704774587,0.8352314189624265,3
bge-large,fix01_b09d84893f25,low_ccs,What Carolina player was injured in the NFC Championship Game?,Thomas Davis,0.6383,False,False,0.5814624188001293,0.4600896613968072,3
bge-large,fix01_869146d71c43,high_ccs,Which fullback fumbled the ball after a Darian Stewart tackle?,Mike Tolbert,0.4824,True,False,0.5520433266920066,0.8352314189624265,3
bge-large,fix01_869146d71c43,low_ccs,Which fullback fumbled the ball after a Darian Stewart tackle?,Mike Tolbert,0.4032,True,True,0.5833663778764114,0.5546277829407181,3
bge-large,fix01_d9b85075e735,high_ccs,What was Warsaw's Old Town listed as in 1980?,a UNESCO World Heritage Site,0.6049,False,False,0.6473769190819603,0.7692788634408417,3
bge-large,fix01_d9b85075e735,low_ccs,What was Warsaw's Old Town listed as in 1980?,a UNESCO World Heritage Site,0.699,False,True,0.6168525261381097,0.585007967203954,3
bge-large,fix01_12aab0896339,high_ccs,What was Luther's marriage seen as by others?,seal of approval,0.5635,False,False,0.6354420437416817,0.6957801916707435,3
bge-large,fix01_12aab0896339,low_ccs,What was Luther's marriage seen as by others?,seal of approval,0.6434,False,False,0.6508540608229353,0.5859558364445848,3
bge-large,fix01_e48a5c6b76ef,high_ccs,When was the most recent Super Bowl hosted in the South Florida/Miami area?,2010,0.626,False,False,0.5169621281893738,0.7740304610253249,3
bge-large,fix01_e48a5c6b76ef,low_ccs,When was the most recent Super Bowl hosted in the South Florida/Miami area?,2010,0.6886,False,False,0.5003240060813442,0.38853540829964084,3
bge-large,fix01_dcd54e006fd0,high_ccs,Who led the Broncos with 105 receptions?,Demaryius Thomas,0.7437,False,False,0.5711516248456894,0.8242752673950616,3
bge-large,fix01_dcd54e006fd0,low_ccs,Who led the Broncos with 105 receptions?,Demaryius Thomas,0.7673,False,True,0.5535791996462235,0.48294448355283287,3
bge-large,fix01_faaec5abb8c2,high_ccs,Who did Newton get a pass to in the Panther starting plays of Super Bowl 50?,Ted Ginn Jr.,0.6478,False,True,0.6213087872448086,0.8191925057049746,3
bge-large,fix01_faaec5abb8c2,low_ccs,Who did Newton get a pass to in the Panther starting plays of Super Bowl 50?,Ted Ginn Jr.,0.7236,False,True,0.6496828435249065,0.47519212832532487,3
bge-large,fix01_0beeb82f2af9,high_ccs,What are teachers considered to be in Germany?,civil servants,0.7161,False,False,0.5689042629312108,0.7458926991242057,3
bge-large,fix01_0beeb82f2af9,low_ccs,What are teachers considered to be in Germany?,civil servants,0.6685,False,False,0.5636252377693718,0.5311058061315851,3
bge-large,fix01_f185492ace6d,high_ccs,How many yards did Brad Nortman's punt travel?,28,0.6741,False,False,0.549188350032166,0.6478281710800347,3
bge-large,fix01_f185492ace6d,low_ccs,How many yards did Brad Nortman's punt travel?,28,0.6741,False,False,0.5346257684151571,0.5587442247238846,3
bge-large,fix01_566a65b70dd4,high_ccs,What happened to most of Tesla's work from this time?,lost in the 5th Avenue laboratory fire of March 1895,0.6415,False,False,0.6229324043522211,0.7619553663674907,3
bge-large,fix01_566a65b70dd4,low_ccs,What happened to most of Tesla's work from this time?,lost in the 5th Avenue laboratory fire of March 1895,0.6836,False,False,0.6185584194972497,0.6014738113327386,3
bge-large,fix01_03506a3d1e70,high_ccs,In which year did Benjamin Lamme achieve success making the motor more efficient?,1893,0.8753,False,True,0.6032870807527435,0.7431497326874936,3
bge-large,fix01_03506a3d1e70,low_ccs,In which year did Benjamin Lamme achieve success making the motor more efficient?,1893,0.5844,False,True,0.5629192267717341,0.5435625745965439,3
bge-large,fix01_d96492188b47,high_ccs,What is another type of accountant other than a CPA?,Chartered,0.7582,False,False,0.4217816574354072,0.70416453006746,3
bge-large,fix01_d96492188b47,low_ccs,What is another type of accountant other than a CPA?,Chartered,0.759,False,True,0.40289962879610863,0.3528217772651778,3
bge-large,fix01_2d8e393178e5,high_ccs,What was the name of the fund setup to help with investing in the community? ,50 fund,0.6681,False,False,0.46595888441146266,0.6794769148767549,3
bge-large,fix01_2d8e393178e5,low_ccs,What was the name of the fund setup to help with investing in the community? ,50 fund,0.8334,False,False,0.472088614111612,0.30687124768117957,3
bge-large,fix01_5974aba807f1,high_ccs,How common was the form of corporal punishment in the past?,one of the most common,0.5366,False,False,0.5257827484319133,0.7054565785184435,3
bge-large,fix01_5974aba807f1,low_ccs,How common was the form of corporal punishment in the past?,one of the most common,0.7083,False,False,0.5594628785098572,0.3866614105150532,3
bge-large,fix01_9113385099d5,high_ccs,How much time was left in the quarter when Stewart got the touchdown?,11:28,0.9765,False,False,0.5434474121237055,0.6722416995944184,3
bge-large,fix01_9113385099d5,low_ccs,How much time was left in the quarter when Stewart got the touchdown?,11:28,0.6377,False,False,0.552256214898103,0.5542683279813598,3
bge-large,fix01_acd530fc0157,high_ccs,What was the passer rating for Peyton Manning that he finished out with for the season? ,67.9,0.6899,False,False,0.5644693531604051,0.8280807248908706,3
bge-large,fix01_acd530fc0157,low_ccs,What was the passer rating for Peyton Manning that he finished out with for the season? ,67.9,0.7141,False,False,0.5588758058928841,0.47428931898771887,3
bge-large,fix01_ace5eb793f41,high_ccs,Who had the best record in the NFC?,Carolina Panthers,0.6656,False,False,0.5565122079609316,0.7620326320575571,3
bge-large,fix01_ace5eb793f41,low_ccs,Who had the best record in the NFC?,Carolina Panthers,0.611,False,True,0.5777499229798703,0.5708329479673219,3
bge-large,fix01_cf6c90d6c1ad,high_ccs,When did Tesla discover the possibility of wireless connectivity?,1893,0.6599,False,False,0.6733897457433575,0.6971898598624692,3
bge-large,fix01_cf6c90d6c1ad,low_ccs,When did Tesla discover the possibility of wireless connectivity?,1893,0.532,False,False,0.6349796337012222,0.45468512994064675,3
bge-large,fix01_df3657312a4a,high_ccs,What is the term for the highest living saint?,Qutb,0.392,True,False,0.47635078374272144,0.7153754140375868,3
bge-large,fix01_df3657312a4a,low_ccs,What is the term for the highest living saint?,Qutb,0.6481,False,False,0.4774403663150781,0.39414616636266736,3
bge-large,fix01_1e2349e4746e,high_ccs,What was the final score of the game between the Panthers and the Seahawks?,31–24,0.3461,True,False,0.6724756601230698,0.8195312295267996,3
bge-large,fix01_1e2349e4746e,low_ccs,What was the final score of the game between the Panthers and the Seahawks?,31–24,0.4884,True,True,0.6623630708013957,0.5313233607249801,3
bge-large,fix01_72925e9e3555,high_ccs,"What has the avoidance of men to become teachers caused, in some areas?",a shortage of male teachers,0.5585,False,False,0.534610391235906,0.7223526924191932,3
bge-large,fix01_72925e9e3555,low_ccs,"What has the avoidance of men to become teachers caused, in some areas?",a shortage of male teachers,0.5006,False,False,0.5644508976531468,0.582482523011076,3
bge-large,fix01_c8bf1482f934,high_ccs,On what day does the Super Bowl media day traditionally take place?,Tuesday,0.7394,False,False,0.4967501291724328,0.6430372692316526,3
bge-large,fix01_c8bf1482f934,low_ccs,On what day does the Super Bowl media day traditionally take place?,Tuesday,0.7269,False,False,0.561941639774977,0.49123730284464473,3
bge-large,fix01_69cf7cbcf7f2,high_ccs,"Who may teachers focus on, in order to prioritize attention?",motivated students,0.6081,False,False,0.5938297816797736,0.7729788361033689,3
bge-large,fix01_69cf7cbcf7f2,low_ccs,"Who may teachers focus on, in order to prioritize attention?",motivated students,0.6916,False,False,0.5569753188318735,0.4799222152153745,3
bge-large,fix01_80929709a946,high_ccs,What was th elast Super Bowl where the Broncos wore white uniforms?,Super Bowl XXXIII,0.681,False,False,0.6224038198782849,0.7193680291046746,3
bge-large,fix01_80929709a946,low_ccs,What was th elast Super Bowl where the Broncos wore white uniforms?,Super Bowl XXXIII,0.6719,False,False,0.5576127478734462,0.4338220550085086,3
bge-large,fix01_11141cfc0187,high_ccs,What garden was formally only for royalty?,The Saxon Garden,0.5927,False,False,0.4103745625057194,0.6424303001768922,3
bge-large,fix01_11141cfc0187,low_ccs,What garden was formally only for royalty?,The Saxon Garden,0.6146,False,False,0.4194356406352148,0.3270982308972774,3
bge-large,fix01_e99d9c4a997e,high_ccs,Who approved of this plan?,William H. Maxwell,0.478,True,False,0.46152855572593693,0.6673465699111951,3
bge-large,fix01_e99d9c4a997e,low_ccs,Who approved of this plan?,William H. Maxwell,0.6649,False,False,0.48697581447287747,0.32125189557176576,3
bge-large,fix01_21fa65cff0ca,high_ccs,What was the Norman religion?,Catholicism,0.6201,False,False,0.6228828198398343,0.7491806181962549,3
bge-large,fix01_21fa65cff0ca,low_ccs,What was the Norman religion?,Catholicism,0.6913,False,True,0.5660019435542423,0.40627304263468206,3
bge-large,fix01_d2684a0b07dc,high_ccs,On what yard line did Carolina begin with 4:51 left in the game?,24,0.4652,True,True,0.6713722958996308,0.8349267957641887,3
bge-large,fix01_d2684a0b07dc,low_ccs,On what yard line did Carolina begin with 4:51 left in the game?,24,0.7202,False,False,0.6207304197087493,0.45391988605487177,3
bge-large,fix01_222e3dd92f0e,high_ccs,Where was the 1893 World's Columbian Exposition held?,Chicago,0.785,False,False,0.45424651280446443,0.6403492944429906,3
bge-large,fix01_222e3dd92f0e,low_ccs,Where was the 1893 World's Columbian Exposition held?,Chicago,0.4269,True,False,0.40671658101429115,0.32206248276035726,3
bge-large,fix01_85546a9c0d25,high_ccs,What other two famous performers were part of the Super Bowl 50 halftime?,Beyoncé and Bruno Mars,0.5563,False,False,0.5053291923477586,0.7103362293054258,3
bge-large,fix01_85546a9c0d25,low_ccs,What other two famous performers were part of the Super Bowl 50 halftime?,Beyoncé and Bruno Mars,0.561,False,False,0.4099477851457209,0.3917615858825753,3
bge-large,fix01_aab32d16a29a,high_ccs,What color was used to emphasize the 50th anniversary of the Super Bowl?,gold,0.7562,False,False,0.5306014130907863,0.6994473219802887,3
bge-large,fix01_aab32d16a29a,low_ccs,What color was used to emphasize the 50th anniversary of the Super Bowl?,gold,0.7511,False,True,0.5925375337451778,0.5403018080983505,3
bge-large,fix01_23361fb095fb,high_ccs,How many teams up to Super Bowl 50 have been to the championship game eight times?,four,0.7402,False,True,0.640722033156759,0.7193680291046746,3
bge-large,fix01_23361fb095fb,low_ccs,How many teams up to Super Bowl 50 have been to the championship game eight times?,four,0.5751,False,False,0.5536305809441575,0.4209023823139735,3
bge-large,fix01_a011cca0893a,high_ccs,Where can you find more information on a country's practices?,see School corporal punishment.,0.7014,False,False,0.5345055972564413,0.7841421603749887,3
bge-large,fix01_a011cca0893a,low_ccs,Where can you find more information on a country's practices?,see School corporal punishment.,0.7284,False,False,0.4755477563556129,0.3432067958841992,3
bge-large,fix01_625fe9f4e975,high_ccs,What did his design avoid in not having a commutator?,sparking,0.6013,False,False,0.577121301188487,0.8181524427533182,3
bge-large,fix01_625fe9f4e975,low_ccs,What did his design avoid in not having a commutator?,sparking,0.554,False,True,0.5655582555703192,0.5482221374734786,3
bge-large,fix01_881739fc8698,high_ccs,Who received the ball that cam Newton lost during a tackle to make it a Denver touchdown?,Malik Jackson,0.563,False,True,0.5890369802261887,0.7070289455923962,3
bge-large,fix01_881739fc8698,low_ccs,Who received the ball that cam Newton lost during a tackle to make it a Denver touchdown?,Malik Jackson,0.7386,False,False,0.6423002038368225,0.5502565292751084,3
bge-large,fix01_30dd2770c34d,high_ccs,Who was given the esteemed status of MVP for Super Bowl 50?,Von Miller,0.7843,False,True,0.5724843340445969,0.7620326320575571,3
bge-large,fix01_30dd2770c34d,low_ccs,Who was given the esteemed status of MVP for Super Bowl 50?,Von Miller,0.7384,False,False,0.5551706554821466,0.41937326744753967,3
bge-large,fix01_f07f4cf7948c,high_ccs,On what did Tesla blame for the loss of the initial money?,Panic of 1901,0.4754,True,False,0.6393470826972819,0.7530903401346687,3
bge-large,fix01_f07f4cf7948c,low_ccs,On what did Tesla blame for the loss of the initial money?,Panic of 1901,0.4019,True,False,0.5919185957918796,0.5898450916720295,3
bge-large,fix01_c1115ea1a49c,high_ccs,How was the fate of Luther decided?,private conferences,0.491,True,False,0.6478583462126092,0.6967253079169388,3
bge-large,fix01_c1115ea1a49c,low_ccs,How was the fate of Luther decided?,private conferences,0.4215,True,False,0.6636177543920928,0.5837287120273296,3
bge-large,fix01_a37cbec16316,high_ccs,What was the average cost for a TV ad lasting 30 seconds during Super Bowl 50?,$5 million,0.6577,False,False,0.5435699248001523,0.7110265463812774,3
bge-large,fix01_a37cbec16316,low_ccs,What was the average cost for a TV ad lasting 30 seconds during Super Bowl 50?,$5 million,0.6577,False,False,0.5215217404369228,0.4542959639556007,3
bge-large,fix01_9a572f3e7321,high_ccs,How many times did Arizona turn the ball over in the NFC Championship?,seven,0.4386,True,False,0.5595030992787581,0.8195312295267996,3
bge-large,fix01_9a572f3e7321,low_ccs,How many times did Arizona turn the ball over in the NFC Championship?,seven,0.7045,False,True,0.6114648039238509,0.5717466540606307,3
bge-large,fix01_c2fd1c4cf2aa,high_ccs,Who suffered a broken arm in the NFC Championship Game?,Thomas Davis,0.5531,False,False,0.5393236021467535,0.8352314189624265,3
bge-large,fix01_c2fd1c4cf2aa,low_ccs,Who suffered a broken arm in the NFC Championship Game?,Thomas Davis,0.7597,False,False,0.6151244976947358,0.5894334791380839,3
bge-large,fix01_a95b5ed635d9,high_ccs,What did Luther call his stay a Wartburg Castle?,my Patmos,0.4762,True,False,0.5681106588055075,0.7217078320294887,3
bge-large,fix01_a95b5ed635d9,low_ccs,What did Luther call his stay a Wartburg Castle?,my Patmos,0.5458,False,False,0.5795266550795054,0.5903455113794802,3
bge-large,fix01_696f8c77560b,high_ccs,Where did Luther explain his idea of justification?,Smalcald Articles,0.8207,False,True,0.7485271363470787,0.7597986814806271,3
bge-large,fix01_696f8c77560b,low_ccs,Where did Luther explain his idea of justification?,Smalcald Articles,0.6827,False,True,0.7187395774730675,0.6135349623962808,3
bge-large,fix01_5c336aba1775,high_ccs,What effort was Luther not particularly in favor of?,writings in volumes,0.4894,True,False,0.6500860165378318,0.7222081338351344,3
bge-large,fix01_5c336aba1775,low_ccs,What effort was Luther not particularly in favor of?,writings in volumes,0.3487,True,False,0.6332201742993195,0.5684917502523301,3
bge-large,fix01_8bafcd3047cc,high_ccs,What did the Church do when Luther refused to retract his writings?,excommunication,0.6185,False,False,0.6376302485525712,0.7140352534459705,3
bge-large,fix01_8bafcd3047cc,low_ccs,What did the Church do when Luther refused to retract his writings?,excommunication,0.5324,False,False,0.6461879193729648,0.5472590539404876,3
bge-large,fix01_e2e9a5ea07b5,high_ccs,What was the rumored reason Edison and Tesla were not awarded the prize?,Tesla and/or Edison had refused the prize,0.4673,True,False,0.5944963499621251,0.7630259081687528,3
bge-large,fix01_e2e9a5ea07b5,low_ccs,What was the rumored reason Edison and Tesla were not awarded the prize?,Tesla and/or Edison had refused the prize,0.6549,False,True,0.6547320806849561,0.5983625394407667,3
bge-large,fix01_d860a5ddf3a5,high_ccs,Why was he unable to enroll at the university? ,arrived too late,0.4794,True,False,0.5277627021654699,0.7294396272886008,3
bge-large,fix01_d860a5ddf3a5,low_ccs,Why was he unable to enroll at the university? ,arrived too late,0.5686,False,False,0.502569533254188,0.40946963533158776,3
bge-large,fix01_da87e24b47e6,high_ccs,Which company won a contest to have their ad shown for free during Super Bowl 50?,Death Wish Coffee,0.6967,False,False,0.4872045210089533,0.6994473219802887,3
bge-large,fix01_da87e24b47e6,low_ccs,Which company won a contest to have their ad shown for free during Super Bowl 50?,Death Wish Coffee,0.6946,False,True,0.5756668051151415,0.45245716838343086,3
bge-large,fix01_ad3f7665f9ce,high_ccs,In what city is the Nikola Tesla Museum?,Belgrade,0.7257,False,False,0.5362622778294055,0.6194263672179868,3
bge-large,fix01_ad3f7665f9ce,low_ccs,In what city is the Nikola Tesla Museum?,Belgrade,0.7236,False,False,0.5551194961179485,0.3665537964095686,3
bge-large,fix01_ab51ba6881bf,high_ccs,What was another use for the weapon?,anti-aircraft purposes,0.7511,False,False,0.45921671895794214,0.8003191310761375,3
bge-large,fix01_ab51ba6881bf,low_ccs,What was another use for the weapon?,anti-aircraft purposes,0.5802,False,False,0.5125807959738993,0.3773599092706205,3
bge-large,fix01_d80597aabed1,high_ccs,From which countries did the Norse originate?,"Denmark, Iceland and Norway",0.6831,False,True,0.5371202997863896,0.7396077005410744,3
bge-large,fix01_d80597aabed1,low_ccs,From which countries did the Norse originate?,"Denmark, Iceland and Norway",0.6096,False,False,0.5594877464249634,0.4521323549116471,3
bge-large,fix01_797cc4e3329a,high_ccs,How many sites did the NFL narrow down Super Bowl 50's location to?,three,0.6991,False,True,0.5711453900465226,0.7103362293054256,3
bge-large,fix01_797cc4e3329a,low_ccs,How many sites did the NFL narrow down Super Bowl 50's location to?,three,0.6929,False,True,0.5613766161118476,0.4701296778630573,3
bge-large,fix01_e84a58ccecde,high_ccs,Who was the Most Valuable Player for the 2015 NFL season?,Cam Newton,0.4618,True,False,0.5129455369520001,0.8195312295267996,3
bge-large,fix01_e84a58ccecde,low_ccs,Who was the Most Valuable Player for the 2015 NFL season?,Cam Newton,0.6059,False,False,0.554586089082678,0.5280237723804104,3
bge-large,fix01_ea7b7ceb5aca,high_ccs,What does AFC stand for?,American Football Conference,0.7352,False,False,0.4023050362882546,0.6664104300367715,3
bge-large,fix01_ea7b7ceb5aca,low_ccs,What does AFC stand for?,American Football Conference,0.6149,False,False,0.3960686672394513,0.40646688478173487,3
bge-large,fix01_3100dc1299cd,high_ccs,What is Tesla's home country?,Serbian,0.5568,False,False,0.6742421078686226,0.7752619709717694,3
bge-large,fix01_3100dc1299cd,low_ccs,What is Tesla's home country?,Serbian,0.7014,False,True,0.6132490903240276,0.45717104672460673,3
bge-large,fix01_6e92b0d99a31,high_ccs,What was the Black Cloister?,former monastery,0.5639,False,True,0.42547546943926545,0.7289738789908963,3
bge-large,fix01_6e92b0d99a31,low_ccs,What was the Black Cloister?,former monastery,0.5406,False,True,0.4520904184384496,0.28416856506758226,3
bge-large,fix01_b32f876e6167,high_ccs,When was Newton the first selection in the NFL Draft?,2011,0.5743,False,False,0.53063556852311,0.8195312295267996,3
bge-large,fix01_b32f876e6167,low_ccs,When was Newton the first selection in the NFL Draft?,2011,0.5448,False,False,0.531864451117393,0.5165471503844385,3
bge-large,fix01_1a4dd99401b8,high_ccs,What story has little foundation in truth?,the posting on the door,0.9417,False,False,0.4416410945800582,0.6799071436766486,3
bge-large,fix01_1a4dd99401b8,low_ccs,What story has little foundation in truth?,the posting on the door,0.5905,False,False,0.40074285844977015,0.4092519815108647,3
bge-large,fix01_e37880646976,high_ccs,Who translated and printed Luther's 95 These?,friends of Luther,0.5531,False,False,0.6557794657176657,0.6904244793707246,3
bge-large,fix01_e37880646976,low_ccs,Who translated and printed Luther's 95 These?,friends of Luther,0.6893,False,True,0.6403345070580293,0.660967823377775,3
bge-large,fix01_8aefd84cc5a6,high_ccs,"Who is generally considered on the same level as physicians, lawyers, engineers, and accountants (Chartered or CPA)?",paid professionals.,0.6254,False,False,0.41831113255162516,0.7115666544223267,3
bge-large,fix01_8aefd84cc5a6,low_ccs,"Who is generally considered on the same level as physicians, lawyers, engineers, and accountants (Chartered or CPA)?",paid professionals.,0.5835,False,False,0.4317126848993218,0.42352933082829863,3
bge-large,fix01_ed68fc6016b1,high_ccs,When did the Packers arrive at a record of 13-0?,2011,0.6537,False,False,0.46775472916732524,0.8415906781928895,3
bge-large,fix01_ed68fc6016b1,low_ccs,When did the Packers arrive at a record of 13-0?,2011,0.799,False,False,0.5279572536180359,0.620310561960299,3
bge-large,fix01_3b9ef124729f,high_ccs,Who headlined the halftime show for Super Bowl 50?,Coldplay,0.7281,False,False,0.5001295283630531,0.7740304610253249,3
bge-large,fix01_3b9ef124729f,low_ccs,Who headlined the halftime show for Super Bowl 50?,Coldplay,0.731,False,False,0.4410104644061636,0.44440769224394083,3
bge-large,fix01_e162d13f1f7b,high_ccs,What is the name of the program that provides contracting work to local companies?,Business Connect,0.7172,False,False,0.3951931275333063,0.6083441109099889,3
bge-large,fix01_e162d13f1f7b,low_ccs,What is the name of the program that provides contracting work to local companies?,Business Connect,0.7172,False,False,0.42365788583605557,0.3095806477100983,3
bge-large,fix01_480790b8b26c,high_ccs,What is a particular problem in biology that would benefit from determining that P = NP?,protein structure prediction,0.5418,False,False,0.63134764147699,0.7386254298035765,3
bge-large,fix01_480790b8b26c,low_ccs,What is a particular problem in biology that would benefit from determining that P = NP?,protein structure prediction,0.4229,True,False,0.6387436752128234,0.6768673930526659,3
bge-large,fix01_c4f6695029a8,high_ccs,How old was Tesla when he wrote that he'd completed his dynamic theory of gravity?,81,0.5608,False,False,0.5566872720066377,0.7619553663674907,3
bge-large,fix01_c4f6695029a8,low_ccs,How old was Tesla when he wrote that he'd completed his dynamic theory of gravity?,81,0.5309,False,False,0.5627031537712831,0.6021768104624892,3
bge-large,fix01_47ed64b06bf7,high_ccs,Where are teachers recruited from?,Lehramtstudien (Teaching Education Studies),0.7242,False,False,0.5495057232082061,0.7115666544223267,3
bge-large,fix01_47ed64b06bf7,low_ccs,Where are teachers recruited from?,Lehramtstudien (Teaching Education Studies),0.6802,False,False,0.5675755303955934,0.5328310835863218,3
bge-large,fix01_4f96c9bbf515,high_ccs,What could a teacher help in organizing?,school functions,0.6825,False,False,0.5401571035124751,0.7882312957694673,3
bge-large,fix01_4f96c9bbf515,low_ccs,What could a teacher help in organizing?,school functions,0.7594,False,False,0.5603333159153981,0.5437987402393324,3
bge-large,fix01_044ec3830a9e,high_ccs,Where did the Broncos practice for the Super Bowl?,Stanford University,0.7015,False,False,0.5444993056499463,0.7798118962733613,3
bge-large,fix01_044ec3830a9e,low_ccs,Where did the Broncos practice for the Super Bowl?,Stanford University,0.7015,False,False,0.5925730853577805,0.4920508959332782,3
bge-large,fix01_089fc5771958,high_ccs,What was the recorded length of the first spark?,five inches,0.6489,False,False,0.578870498106832,0.710473617274815,3
bge-large,fix01_089fc5771958,low_ccs,What was the recorded length of the first spark?,five inches,0.5765,False,False,0.5168093263779989,0.5179086985635617,3
bge-large,fix01_0534b1f1e06e,high_ccs,Who handled the color commentary for Denver's radio stations?,Ed McCaffrey,0.6404,False,False,0.4761928424071981,0.679193854434739,3
bge-large,fix01_0534b1f1e06e,low_ccs,Who handled the color commentary for Denver's radio stations?,Ed McCaffrey,0.6169,False,False,0.45548450733778134,0.2878632403238117,3
bge-large,fix01_60bdc8abacda,high_ccs,Where did Martin Luther go to school?,University of Erfurt,0.7169,False,False,0.5917133657451544,0.6991836416368176,3
bge-large,fix01_60bdc8abacda,low_ccs,Where did Martin Luther go to school?,University of Erfurt,0.4534,True,False,0.5362007606159361,0.5708674805539712,3
bge-large,fix01_0508ae60dc60,high_ccs,What unintended development did the relationship with the elector have on church government?,under the temporal sovereign,0.6656,False,False,0.5632357026477188,0.6929511788083549,3
bge-large,fix01_0508ae60dc60,low_ccs,What unintended development did the relationship with the elector have on church government?,under the temporal sovereign,0.6833,False,False,0.4820164537629183,0.3447668234002746,3
bge-large,fix01_6ae4a4de7315,high_ccs,Which NFL team represented the NFC at Super Bowl 50?,Carolina Panthers,0.7989,False,False,0.6049272269393389,0.7033813408571407,3
bge-large,fix01_6ae4a4de7315,low_ccs,Which NFL team represented the NFC at Super Bowl 50?,Carolina Panthers,0.6211,False,False,0.5665816164269862,0.507636375758143,3
bge-large,fix01_46a5aff751de,high_ccs,which years did tesla refer to as a time of terrible headaches and bitter tears?,1886/1887,0.7087,False,False,0.6045424588263838,0.7109995821937984,3
bge-large,fix01_46a5aff751de,low_ccs,which years did tesla refer to as a time of terrible headaches and bitter tears?,1886/1887,0.8659,False,False,0.5953469943902403,0.5785511834497475,3
bge-large,fix01_16955e5c8de2,high_ccs,How many of the following three fourth quarter drives after the field goal makng the score 16-10 ended in punts?,three,0.6531,False,True,0.5471405040244708,0.7519750534329828,3
bge-large,fix01_16955e5c8de2,low_ccs,How many of the following three fourth quarter drives after the field goal makng the score 16-10 ended in punts?,three,0.5953,False,True,0.5538897121618646,0.6142638655471224,3
bge-large,fix01_3baede53283c,high_ccs,What new name was given to the media day?,Super Bowl Opening Night.,0.7941,False,False,0.43952819250722897,0.6987052169488239,3
bge-large,fix01_3baede53283c,low_ccs,What new name was given to the media day?,Super Bowl Opening Night.,0.8681,False,False,0.38388706318503557,0.22558348111456622,3
bge-large,fix01_4da77b0fbf50,high_ccs,What player punched the ball in from the 2?,Anderson,0.4689,True,False,0.4975750864924465,0.8242752673950616,3
bge-large,fix01_4da77b0fbf50,low_ccs,What player punched the ball in from the 2?,Anderson,0.7594,False,False,0.47764302964211175,0.3323349628189478,3
bge-large,fix01_25fb379408e4,high_ccs,Where did Tesla work with Edison?,New York City,0.6989,False,False,0.5988757182556683,0.6097423153274236,3
bge-large,fix01_25fb379408e4,low_ccs,Where did Tesla work with Edison?,New York City,0.534,False,True,0.675751057710964,0.6088232126225225,3
bge-large,fix01_91ec3af05880,high_ccs,Whose former headquarters was the WSE located in until 2000?,Polish United Workers' Party,0.5728,False,False,0.41733617510226045,0.8181524427533182,3
bge-large,fix01_91ec3af05880,low_ccs,Whose former headquarters was the WSE located in until 2000?,Polish United Workers' Party,0.7569,False,False,0.384961147803764,0.31543159186980674,3
bge-large,fix01_5dead70602ee,high_ccs,What parts of the original Catholic mass did Luther leave out of  his new mass?,sacrifice,0.6577,False,False,0.6029415455155076,0.6820130892984401,3
bge-large,fix01_5dead70602ee,low_ccs,What parts of the original Catholic mass did Luther leave out of  his new mass?,sacrifice,0.6174,False,False,0.6321925529524489,0.5969091779370175,3
bge-large,fix01_2e070ca86987,high_ccs,Where did the Broncos stay at for Super Bowl 50?,Santa Clara Marriott.,0.725,False,False,0.6260540012649679,0.7740304610253249,3
bge-large,fix01_2e070ca86987,low_ccs,Where did the Broncos stay at for Super Bowl 50?,Santa Clara Marriott.,0.6551,False,True,0.6487654553971343,0.5291970171912563,3
bge-large,fix01_8cb88f176528,high_ccs,Why was AC electricity gaining popularity?,"because of its advantages in long-distance, high-voltage transmission",0.5426,False,False,0.6266823227140752,0.8181524427533182,3
bge-large,fix01_8cb88f176528,low_ccs,Why was AC electricity gaining popularity?,"because of its advantages in long-distance, high-voltage transmission",0.5123,False,False,0.5135699688349176,0.38203317478479937,3
bge-large,fix01_c30b75b22096,high_ccs,"Before Super Bowl 50, what was the coach's name that coached both teams for their last Super Bowl appearances?",John Fox,0.7319,False,False,0.5995498008436421,0.7620326320575571,3
bge-large,fix01_c30b75b22096,low_ccs,"Before Super Bowl 50, what was the coach's name that coached both teams for their last Super Bowl appearances?",John Fox,0.514,False,True,0.6189358147857574,0.5056792045685394,3
bge-large,fix01_4e091dc07a0b,high_ccs,Who lost to the Panthers in the divisional round of the playoffs?,Seattle Seahawks,0.8546,False,False,0.6108109709285555,0.8280807248908706,3
bge-large,fix01_4e091dc07a0b,low_ccs,Who lost to the Panthers in the divisional round of the playoffs?,Seattle Seahawks,0.6563,False,True,0.6037373371293314,0.5156988436006535,3
bge-large,fix01_8e5405312c3f,high_ccs,Where in Warsaw are patriotic and political objects connected with Poland's struggles for Independence found?,Museum of Independence,0.6323,False,False,0.6225306347594918,0.769278863440842,3
bge-large,fix01_8e5405312c3f,low_ccs,Where in Warsaw are patriotic and political objects connected with Poland's struggles for Independence found?,Museum of Independence,0.5818,False,False,0.5640498587680836,0.500136027125462,3
bge-large,fix01_4feea804825a,high_ccs,Who is the quarterback for the Panthers?,Cam Newton,0.9583,False,False,0.5971813011162328,0.8312780358939359,3
bge-large,fix01_4feea804825a,low_ccs,Who is the quarterback for the Panthers?,Cam Newton,0.8306,False,True,0.6189740941942392,0.55953776555795,3
bge-large,fix01_28eb0bb2dbe0,high_ccs,Nonverbal expressions resulted in what kind of levels of motivation to learn?,higher,0.6841,False,False,0.522239508790189,0.7095666697065305,3
bge-large,fix01_28eb0bb2dbe0,low_ccs,Nonverbal expressions resulted in what kind of levels of motivation to learn?,higher,0.5998,False,False,0.5125756015130117,0.4542987554129173,3
bge-large,fix01_938c3faba59b,high_ccs,What river originally bounded the Duchy,Seine,0.5085,False,False,0.48386938983186906,0.6652866920547431,3
bge-large,fix01_938c3faba59b,low_ccs,What river originally bounded the Duchy,Seine,0.5402,False,False,0.4668620428256836,0.3565252158061964,3
bge-large,fix01_90aa08c1b098,high_ccs,How much did Edison offer Tesla to redesign a motor and generators?,fifty thousand dollars,0.5531,False,False,0.6863168876499216,0.8181524427533183,3
bge-large,fix01_90aa08c1b098,low_ccs,How much did Edison offer Tesla to redesign a motor and generators?,fifty thousand dollars,0.6219,False,False,0.7007583038156963,0.6405820762546162,3
bge-large,fix01_853aaf4754e1,high_ccs,What manner of words does Mullet think Luther would choose?,more dramatic form,0.4873,True,True,0.6471321454806502,0.6639788095604223,3
bge-large,fix01_853aaf4754e1,low_ccs,What manner of words does Mullet think Luther would choose?,more dramatic form,0.748,False,False,0.5940322548757525,0.4844650679810244,3
bge-large,fix01_dd89736748eb,high_ccs,What field of computer science analyzes all possible algorithms in aggregate to determine the resource requirements needed to solve to a given problem?  ,computational complexity theory,0.6733,False,False,0.6381364413210701,0.7728321370772325,3
bge-large,fix01_dd89736748eb,low_ccs,What field of computer science analyzes all possible algorithms in aggregate to determine the resource requirements needed to solve to a given problem?  ,computational complexity theory,0.7414,False,True,0.6510698154260856,0.671718145815874,3
bge-large,fix01_37eaaebe5f47,high_ccs,What does co-teaching get the students to focus on?,learning,0.4544,True,True,0.5960873843496076,0.7729788361033689,3
bge-large,fix01_37eaaebe5f47,low_ccs,What does co-teaching get the students to focus on?,learning,0.5837,False,True,0.5748924318705496,0.5439236434896186,3
bge-large,fix01_9a7ed2b2e654,high_ccs,What is the most important type of Norman art preserved in churches?,mosaics,0.6577,False,False,0.5939893261267691,0.7396077005410744,3
bge-large,fix01_9a7ed2b2e654,low_ccs,What is the most important type of Norman art preserved in churches?,mosaics,0.7671,False,False,0.5585494019265984,0.3782752845863281,3
bge-large,fix01_cb00eac21a93,high_ccs,Is a problem instance typically characterized as abstract or concrete?,concrete,0.6726,False,False,0.6026221649496686,0.7455335463758622,3
bge-large,fix01_cb00eac21a93,low_ccs,Is a problem instance typically characterized as abstract or concrete?,concrete,0.5636,False,False,0.5891754850647485,0.6622184237488815,3
bge-large,fix01_4c38e5bfb46e,high_ccs,"What city, raided by clans and dukes, preceded the founding of Warszowa?",Jazdów,0.7044,False,False,0.4807368990634804,0.7072247642137972,3
bge-large,fix01_4c38e5bfb46e,low_ccs,"What city, raided by clans and dukes, preceded the founding of Warszowa?",Jazdów,0.7106,False,False,0.5447735742308971,0.45087262796909533,3
bge-large,fix01_c9aaef2be2cd,high_ccs,What are the Catechisms of Martin Luther written in?,German vernacular,0.531,False,False,0.5923046480957809,0.782184382410475,3
bge-large,fix01_c9aaef2be2cd,low_ccs,What are the Catechisms of Martin Luther written in?,German vernacular,0.7998,False,True,0.6155438400495524,0.6205370316232085,3
bge-large,fix01_162353a08e1e,high_ccs,What BBC radio station will carry the game in the United Kingdom?,BBC Radio 5,0.7714,False,False,0.5257086167806296,0.6332492891006866,3
bge-large,fix01_162353a08e1e,low_ccs,What BBC radio station will carry the game in the United Kingdom?,BBC Radio 5,0.7338,False,False,0.36212358709521303,0.17709443045712175,3
bge-large,fix01_61a4db03062c,high_ccs,How many times has the South Florida/Miami area hosted the Super Bowl?,10,0.7164,False,False,0.5537520182382281,0.7103362293054258,3
bge-large,fix01_61a4db03062c,low_ccs,How many times has the South Florida/Miami area hosted the Super Bowl?,10,0.7017,False,False,0.5405977209172269,0.38853540829964084,3
bge-large,fix01_7875a03f4047,high_ccs,What city is tied with Miami for hosting the Super Bowl?,New Orleans,0.6726,False,False,0.6054573012889061,0.7499283963606131,3
bge-large,fix01_7875a03f4047,low_ccs,What city is tied with Miami for hosting the Super Bowl?,New Orleans,0.5227,False,True,0.5196497988592294,0.39563910680949604,3
bge-large,fix01_89a0f8e46026,high_ccs,What kicker was successful on a 33-yard field goal?,McManus,0.5117,False,True,0.5159304543724952,0.8122398266406562,3
bge-large,fix01_89a0f8e46026,low_ccs,What kicker was successful on a 33-yard field goal?,McManus,0.8308,False,True,0.520828680818607,0.539682135601129,3
bge-large,fix01_ffb5b0bbe122,high_ccs,IP and AM are most commonly defined by what type of proof system?,Interactive,0.516,False,False,0.5310221977530142,0.7987314645640843,3
bge-large,fix01_ffb5b0bbe122,low_ccs,IP and AM are most commonly defined by what type of proof system?,Interactive,0.5714,False,False,0.5491642970011299,0.5810576323131039,3
bge-large,fix01_d5a5a5515bab,high_ccs,In what year did Tesla demonstrate his alternating current system?,1888,1.0,False,True,0.7412114041103876,0.8181524427533183,3
bge-large,fix01_d5a5a5515bab,low_ccs,In what year did Tesla demonstrate his alternating current system?,1888,1.0,False,True,0.6691381334566945,0.5866783462256987,3
bge-large,fix01_6fa1c0ef04ef,high_ccs,A statement made by Chris Keates caused issues with whom?,child protection and parental rights groups,0.7159,False,False,0.40905504656309066,0.708374457771412,3
bge-large,fix01_6fa1c0ef04ef,low_ccs,A statement made by Chris Keates caused issues with whom?,child protection and parental rights groups,0.8469,False,True,0.49299060295795716,0.36470950069173286,3
bge-large,fix01_68c35ebe5fb2,high_ccs,What date was Super Bowl Opening Night held?,"February 1, 2016",0.3771,True,False,0.45597643655576253,0.7724680913759587,3
bge-large,fix01_68c35ebe5fb2,low_ccs,What date was Super Bowl Opening Night held?,"February 1, 2016",0.5898,False,False,0.5187516338439842,0.4226269408935811,3
bge-large,fix01_b05a94846277,high_ccs,What did the new mass allow as regards ceremony?,freedom of ceremony,0.3738,True,False,0.5513244237631917,0.6992026776997803,3
bge-large,fix01_b05a94846277,low_ccs,What did the new mass allow as regards ceremony?,freedom of ceremony,0.5945,False,False,0.5002521341951985,0.28487491437307244,3
bge-large,fix01_31d8a12355f6,high_ccs,Whose shrine did the pilgrims go to in 1016?,Archangel Michael,0.6842,False,False,0.49701879181777203,0.6622471099046083,3
bge-large,fix01_31d8a12355f6,low_ccs,Whose shrine did the pilgrims go to in 1016?,Archangel Michael,0.6522,False,False,0.4799362673156364,0.43964683079473954,3
bge-large,fix01_1e16173be7fb,high_ccs,What is the balance for positive reinforcement?,immediate and fair punishment for misbehavior,0.6869,False,False,0.47733236844168037,0.7729788361033689,3
bge-large,fix01_1e16173be7fb,low_ccs,What is the balance for positive reinforcement?,immediate and fair punishment for misbehavior,0.5231,False,True,0.503475090195221,0.4526117860372668,3
bge-large,fix01_0b4ce7680eeb,high_ccs,How much of Poland's national income does Warsaw produce?,12%,0.9373,False,True,0.6892482582963049,0.7692788634408417,3
bge-large,fix01_0b4ce7680eeb,low_ccs,How much of Poland's national income does Warsaw produce?,12%,0.6918,False,False,0.6252237569651501,0.5305207873390305,3
bge-large,fix01_d57a37338fc3,high_ccs,How long were the fighters of the Warsaw Ghetto Uprising able to hold out?,almost a month,0.5836,False,False,0.4898094781388455,0.7367054501066878,3
bge-large,fix01_d57a37338fc3,low_ccs,How long were the fighters of the Warsaw Ghetto Uprising able to hold out?,almost a month,0.5261,False,False,0.5209543514380389,0.3906489495578646,3
bge-large,fix01_9cdd6f89d600,high_ccs,Who was the head coach of the Broncos in Super Bowl XLVIII?,John Fox,0.3503,True,False,0.55170392951344,0.7798118962733613,3
bge-large,fix01_9cdd6f89d600,low_ccs,Who was the head coach of the Broncos in Super Bowl XLVIII?,John Fox,0.678,False,False,0.5507323593207553,0.5312653376024202,3
bge-large,fix01_06a7978f30d7,high_ccs,What expression is generally used to convey upper or lower bounds?,big O notation,0.8107,False,False,0.5681288079225831,0.7626124624521623,3
bge-large,fix01_06a7978f30d7,low_ccs,What expression is generally used to convey upper or lower bounds?,big O notation,0.5709,False,False,0.5063592507031389,0.40569273026766633,3
bge-large,fix01_a798efb9a8a5,high_ccs,What publication published an article about Tesla in 1912?,World Today,0.6089,False,False,0.6150513472788927,0.7619553663674906,3
bge-large,fix01_a798efb9a8a5,low_ccs,What publication published an article about Tesla in 1912?,World Today,0.6474,False,False,0.6668307775320672,0.5919780514216919,3
bge-large,fix01_f4c161fcabf6,high_ccs,What field type is usually chosen for Super Bowl games?,natural grass,0.6372,False,False,0.5605272973055833,0.7101066784653863,3
bge-large,fix01_f4c161fcabf6,low_ccs,What field type is usually chosen for Super Bowl games?,natural grass,0.5706,False,False,0.5594439926801766,0.41799476058441065,3
bge-large,fix01_25378996f971,high_ccs,Which theory of Einstein's did Tesla speak critically toward?,relativity,0.5159,False,False,0.5662694787856922,0.6194263672179868,3
bge-large,fix01_25378996f971,low_ccs,Which theory of Einstein's did Tesla speak critically toward?,relativity,0.6216,False,False,0.6204650706678027,0.6180898615365642,3
bge-large,fix01_14f22c9a02b3,high_ccs,What one word did the NFL commissioner use to describe what Super Bowl 50 was intended to be?,spectacular,0.6599,False,False,0.5574517360683472,0.7740304610253249,3
bge-large,fix01_14f22c9a02b3,low_ccs,What one word did the NFL commissioner use to describe what Super Bowl 50 was intended to be?,spectacular,0.5692,False,False,0.5375599488927523,0.47902846583205105,3
bge-large,fix01_86f91d2a33e3,high_ccs,When did the NFL announce that it would not use Roman numbers to designate the Super Bowl number?,"June 4, 2014",0.7114,False,False,0.5799280758408655,0.6994473219802887,3
bge-large,fix01_86f91d2a33e3,low_ccs,When did the NFL announce that it would not use Roman numbers to designate the Super Bowl number?,"June 4, 2014",0.5531,False,False,0.5635543029587086,0.5377446937915646,3
bge-large,fix01_644b3811630a,high_ccs,When did he talk about his beliefs in an interview?,1937,0.8486,False,False,0.49190268627950734,0.6717723683266796,3
bge-large,fix01_644b3811630a,low_ccs,When did he talk about his beliefs in an interview?,1937,0.6659,False,False,0.48811239317443467,0.43076901173042487,3
bge-large,fix01_d49dfff0fa73,high_ccs,Which California venue was one of three considered for Super Bowl 50?,San Francisco Bay Area's Levi's Stadium,0.5531,False,False,0.5098284600311963,0.7101066784653863,3
bge-large,fix01_d49dfff0fa73,low_ccs,Which California venue was one of three considered for Super Bowl 50?,San Francisco Bay Area's Levi's Stadium,0.7354,False,True,0.5409481956784695,0.4027231790886435,3
bge-large,fix01_84cf12d2d769,high_ccs,Who set up what became the Second Polish Republic?,underground leader Piłsudski,0.563,False,False,0.4907444076584871,0.6687906876244766,3
bge-large,fix01_84cf12d2d769,low_ccs,Who set up what became the Second Polish Republic?,underground leader Piłsudski,0.6414,False,False,0.5701482776422258,0.5702122796765354,3
bge-large,fix01_7dba98d8cd80,high_ccs,How many cameras did EyeVision 360 utilize?,36,0.4473,True,True,0.363779762368144,0.7519750534329828,3
bge-large,fix01_7dba98d8cd80,low_ccs,How many cameras did EyeVision 360 utilize?,36,0.7181,False,False,0.41296258171229705,0.3327524261375444,3
bge-large,fix01_2a059842409e,high_ccs,Who recovered Tolbert's fumble?,Danny Trevathan,0.5907,False,False,0.5899217906803078,0.8352314189624265,3
bge-large,fix01_2a059842409e,low_ccs,Who recovered Tolbert's fumble?,Danny Trevathan,0.3006,True,True,0.6344693955982535,0.5982330220966202,3
bge-large,fix01_873df9d40fd5,high_ccs,"If a detention asks the student to write, what do they write?",lines or a punishment essay,0.6469,False,False,0.473813221302285,0.7523748705593932,3
bge-large,fix01_873df9d40fd5,low_ccs,"If a detention asks the student to write, what do they write?",lines or a punishment essay,0.665,False,False,0.48492418458646175,0.39988122913333124,3
bge-large,fix01_1645d40277bb,high_ccs,In what expression can one expect to find DTIME(n),DTIME(n2),0.6031,False,False,0.6125947425797235,0.7842442804853329,3
bge-large,fix01_1645d40277bb,low_ccs,In what expression can one expect to find DTIME(n),DTIME(n2),0.6452,False,False,0.5912141937882197,0.6975320510938242,3
bge-large,fix01_ec6352868f24,high_ccs,"After Archbishop Albrecht reviewed the Theses, where did he send them?",Rome,0.7604,False,True,0.5936072417516901,0.6717472485222566,3
bge-large,fix01_ec6352868f24,low_ccs,"After Archbishop Albrecht reviewed the Theses, where did he send them?",Rome,0.5882,False,False,0.4811986589895238,0.3126436072159011,3
bge-large,fix01_02fc34ec7b16,high_ccs,How many games did the Broncos lose during their regular 2015 season?,four,0.4906,True,True,0.6060509793943512,0.8352314189624265,3
bge-large,fix01_02fc34ec7b16,low_ccs,How many games did the Broncos lose during their regular 2015 season?,four,0.5701,False,True,0.6319026964246371,0.5392184537805037,3
bge-large,fix01_8704efd76d09,high_ccs,What was the naval base called?,Dyrrachium,0.8715,False,True,0.46188171266490213,0.7072247642137972,3
bge-large,fix01_8704efd76d09,low_ccs,What was the naval base called?,Dyrrachium,1.0,False,True,0.47560512346307937,0.3067645080754135,3
bge-large,fix01_be52e50ea748,high_ccs,"Who designs both the ""50"" as well as the Trophy?",Tiffany & Co.,0.7213,False,False,0.5224407410363944,0.6453948396860699,3
bge-large,fix01_be52e50ea748,low_ccs,"Who designs both the ""50"" as well as the Trophy?",Tiffany & Co.,0.7006,False,False,0.4646473162573321,0.2985844752027066,3
bge-large,fix01_41285ac2f571,high_ccs,How far is Warsaw from the Baltic Sea?,roughly 260 kilometres,0.5526,False,False,0.5777168197338246,0.7462254342620627,3
bge-large,fix01_41285ac2f571,low_ccs,How far is Warsaw from the Baltic Sea?,roughly 260 kilometres,0.5526,False,False,0.5694816957537564,0.4538412579235248,3
bge-large,fix01_2a116d7e841d,high_ccs,What opened on January 30th at the Justin Herman plaza?,Super Bowl City,0.6116,False,True,0.48433552031414734,0.6994473219802887,3
bge-large,fix01_2a116d7e841d,low_ccs,What opened on January 30th at the Justin Herman plaza?,Super Bowl City,0.6823,False,False,0.4257501845141966,0.4121823876817993,3
bge-large,fix01_ee82671d0c26,high_ccs,Who lost to the Broncos in the AFC Championship?,New England Patriots,0.8718,False,False,0.6098854761059361,0.8195312295267996,3
bge-large,fix01_ee82671d0c26,low_ccs,Who lost to the Broncos in the AFC Championship?,New England Patriots,0.4332,True,False,0.6037737061758174,0.5392184537805037,3
bge-large,fix01_13eda42baaf7,high_ccs,When was the article published?,20 December 1914,0.9251,False,False,0.5606486626207804,0.6883705916688047,3
bge-large,fix01_13eda42baaf7,low_ccs,When was the article published?,20 December 1914,0.683,False,False,0.548969826263573,0.37641065366024773,3
bge-large,fix01_6c6d928f9266,high_ccs,When did Tesla make the induction motor?,1887,0.6951,False,False,0.7155746581070245,0.7752619709717694,3
bge-large,fix01_6c6d928f9266,low_ccs,When did Tesla make the induction motor?,1887,0.533,False,False,0.6862326159259239,0.5940756017056961,3
bge-large,fix01_4c59ae30d388,high_ccs,"In 2011, who was the first player to be chosen in the NFL draft?",Newton,0.7869,False,True,0.5808241273217495,0.762032632057557,3
bge-large,fix01_4c59ae30d388,low_ccs,"In 2011, who was the first player to be chosen in the NFL draft?",Newton,0.7029,False,True,0.5593972364017157,0.45770010467033584,3
bge-large,fix01_0f548413c606,high_ccs,Which Florida venue was one of three considered for Super Bowl 50?,Miami's Sun Life Stadium,0.7532,False,False,0.5368687694829569,0.7180100864023191,3
bge-large,fix01_0f548413c606,low_ccs,Which Florida venue was one of three considered for Super Bowl 50?,Miami's Sun Life Stadium,0.7257,False,False,0.523790490721468,0.4179555662294683,3
bge-large,fix01_1eed5dee00b5,high_ccs,What did Tesla's design not need? ,a commutator,0.3463,True,False,0.602468622239943,0.6770072255437161,3
bge-large,fix01_1eed5dee00b5,low_ccs,What did Tesla's design not need? ,a commutator,0.2036,True,False,0.5737214262780209,0.5355524599529499,3
bge-large,fix01_367b38d6e7cc,high_ccs,Where did Tesla believe his talents came from?,his mother's genetics and influence,0.7588,False,False,0.6615255222599262,0.7752619709717694,3
bge-large,fix01_367b38d6e7cc,low_ccs,Where did Tesla believe his talents came from?,his mother's genetics and influence,0.7871,False,True,0.6649284388061266,0.5862521735440925,3
bge-large,fix01_443828252e04,high_ccs,Who if the commissioner of the NFL?,Roger Goodell,0.666,False,False,0.4657527067414668,0.790763598735078,3
bge-large,fix01_443828252e04,low_ccs,Who if the commissioner of the NFL?,Roger Goodell,0.666,False,False,0.4661513531830261,0.44211441629522785,3
bge-large,fix01_25db13e82adc,high_ccs,What was the occupation of Tesla's father?,priest,0.5247,False,False,0.6633573022704603,0.7752619709717694,3
bge-large,fix01_25db13e82adc,low_ccs,What was the occupation of Tesla's father?,priest,0.5531,False,False,0.6269606749110098,0.6088232126225225,3
bge-large,fix01_3de7c0276b8c,high_ccs,What was the boat called?,teleautomaton,0.4386,True,False,0.4335499867462565,0.7237412902246328,3
bge-large,fix01_3de7c0276b8c,low_ccs,What was the boat called?,teleautomaton,0.6342,False,False,0.4650464384861815,0.3472745446156867,3
bge-large,fix01_dc174e19c195,high_ccs,Who were the Westwood one color analysts?,Boomer Esiason and Dan Fouts,0.5402,False,False,0.3081573254652135,0.6375108427577837,3
bge-large,fix01_dc174e19c195,low_ccs,Who were the Westwood one color analysts?,Boomer Esiason and Dan Fouts,0.5684,False,False,0.3479666218681328,0.2937822996789591,3
bge-large,fix01_4614d28dcbe4,high_ccs,When did the Venetians take total control of Cyprus?,1489,0.7072,False,False,0.4876737515531151,0.7228422811126859,3
bge-large,fix01_4614d28dcbe4,low_ccs,When did the Venetians take total control of Cyprus?,1489,0.6729,False,False,0.46652273044868126,0.4478363220830751,3
bge-large,fix01_55d94ef18e89,high_ccs,With whom are teachers required to register?,the Teaching Council,0.7166,False,False,0.5560797458384837,0.7115666544223267,3
bge-large,fix01_55d94ef18e89,low_ccs,With whom are teachers required to register?,the Teaching Council,0.8407,False,True,0.5489291443152224,0.542641447809805,3
bge-large,fix01_26315f8dbeba,high_ccs,At what university's facility did the Broncos practice?,Stanford University,0.5531,False,False,0.511247860471199,0.8191925057049746,3
bge-large,fix01_26315f8dbeba,low_ccs,At what university's facility did the Broncos practice?,Stanford University,0.7047,False,False,0.546668108691276,0.5119712142686241,3
bge-large,fix01_c515c34fca85,high_ccs,What did the Church claim could be avoided with money?,God's punishment,0.4926,True,False,0.5462041048394538,0.7413552389283649,3
bge-large,fix01_c515c34fca85,low_ccs,What did the Church claim could be avoided with money?,God's punishment,0.5988,False,False,0.5098213579211451,0.429266244467934,3
bge-large,fix01_d295077c8eb1,high_ccs,What did Tesla call his electrical effects in 1893?,Tesla Polyphase System,0.8105,False,False,0.6435047886980824,0.7997861825464526,3
bge-large,fix01_d295077c8eb1,low_ccs,What did Tesla call his electrical effects in 1893?,Tesla Polyphase System,0.8105,False,False,0.6361265374558467,0.5926594403664422,3
bge-large,fix01_b87f8518424c,high_ccs,When did Germany invade Poland and in doing so start World War II?,September 1939,0.6985,False,False,0.551738517965069,0.8136785025858461,3
bge-large,fix01_b87f8518424c,low_ccs,When did Germany invade Poland and in doing so start World War II?,September 1939,0.6294,False,False,0.5396433763819242,0.4932766281754118,3
bge-large,fix01_fe6f70768bf6,high_ccs,What is the most frequently employed type of reduction?,polynomial-time reduction,0.5006,False,False,0.4911142755563664,0.7045353034915613,3
bge-large,fix01_fe6f70768bf6,low_ccs,What is the most frequently employed type of reduction?,polynomial-time reduction,0.4636,True,False,0.4587552593754891,0.37710419127370615,3
bge-large,fix01_df177e4ffe29,high_ccs,How many 2015 season interceptions did the Panthers' defense get?,24,0.6066,False,True,0.6124364119087167,0.8036881554880833,3
bge-large,fix01_df177e4ffe29,low_ccs,How many 2015 season interceptions did the Panthers' defense get?,24,0.4539,True,True,0.6210403377920701,0.6101616895267236,3
bge-large,fix01_380bdfd008a9,high_ccs,Who was the Most Valuable Player of Super Bowl 50?,Von Miller,0.8578,False,True,0.5711722651189012,0.7620326320575571,3
bge-large,fix01_380bdfd008a9,low_ccs,Who was the Most Valuable Player of Super Bowl 50?,Von Miller,0.5967,False,True,0.5984357199006977,0.4964376184697628,3
bge-large,fix01_9cd403c30b83,high_ccs,What was one of the Norman's major exports?,fighting horsemen,0.6868,False,True,0.6666924235844944,0.7396077005410744,3
bge-large,fix01_9cd403c30b83,low_ccs,What was one of the Norman's major exports?,fighting horsemen,0.5958,False,False,0.6364862578984215,0.6256701801661639,3
bge-large,fix01_1ec37ae1f42b,high_ccs,How old was Manning when he played Super Bowl 50?,39.,0.7007,False,True,0.5491107419418514,0.7519750534329828,3
bge-large,fix01_1ec37ae1f42b,low_ccs,How old was Manning when he played Super Bowl 50?,39.,0.6236,False,False,0.5630306461341982,0.5213083825344733,3
bge-large,fix01_3e60ef9f0b54,high_ccs,Who reportedly wanted Tesla's company?,women,0.5699,False,False,0.5396022444629908,0.6401679066675153,3
bge-large,fix01_3e60ef9f0b54,low_ccs,Who reportedly wanted Tesla's company?,women,0.5331,False,False,0.5867395064256219,0.6148334331121865,3
bge-large,fix01_9b94d40f8f7b,high_ccs,How many interceptions did Aqib Talib have for the regular season?,three.,0.7523,False,True,0.5383019890340236,0.8352314189624265,3
bge-large,fix01_9b94d40f8f7b,low_ccs,How many interceptions did Aqib Talib have for the regular season?,three.,0.7233,False,True,0.5441510804896335,0.609636379748104,3
bge-large,fix01_16dfabd1aa8f,high_ccs,Who caught two passes from Manning after the failed Carolina field goal attempt?,Emmanuel Sanders,0.5653,False,False,0.6633623469120585,0.8122398266406562,3
bge-large,fix01_16dfabd1aa8f,low_ccs,Who caught two passes from Manning after the failed Carolina field goal attempt?,Emmanuel Sanders,0.6582,False,False,0.6581757629602443,0.5207443112902688,3
bge-large,fix01_0b1ea8525f98,high_ccs,What is the largest city in Poland?,Warsaw,0.6924,False,True,0.5749678938902475,0.7318967289657298,3
bge-large,fix01_0b1ea8525f98,low_ccs,What is the largest city in Poland?,Warsaw,0.6505,False,True,0.6025446504179773,0.5619426432849015,3
bge-large,fix01_9a5d152bdd5d,high_ccs,Who was Warsz?,12th/13th-century nobleman,0.4829,True,False,0.36143584288520536,0.6588737087587376,3
bge-large,fix01_9a5d152bdd5d,low_ccs,Who was Warsz?,12th/13th-century nobleman,0.7251,False,False,0.4335542213335953,0.3453016733113764,3
bge-large,fix01_f251a5944e6e,high_ccs,Which denomination has more of an individualistic streak?,Protestant,0.5942,False,False,0.552735611702163,0.782184382410475,3
bge-large,fix01_f251a5944e6e,low_ccs,Which denomination has more of an individualistic streak?,Protestant,0.6238,False,True,0.5522790390597905,0.4991565384529752,3
bge-large,fix01_31c225636102,high_ccs,Where was the Summer Theatre located?,Saxon Garden,0.6672,False,False,0.38348857652302026,0.6615015535846779,3
bge-large,fix01_31c225636102,low_ccs,Where was the Summer Theatre located?,Saxon Garden,0.5678,False,False,0.37436719220584286,0.27353376760243703,3
bge-large,fix01_6430eac84057,high_ccs,In what year were Tesla's motor and transformer designs licensed to Westinghouse?,1888,0.4781,True,False,0.695416112414029,0.7752619709717694,3
bge-large,fix01_6430eac84057,low_ccs,In what year were Tesla's motor and transformer designs licensed to Westinghouse?,1888,0.6608,False,False,0.6691234074616171,0.5529142998101962,3
bge-large,fix01_292b999f3335,high_ccs,Which station covered the game for North Carolina?,WBT,0.5531,False,False,0.5675283870979494,0.8352314189624265,3
bge-large,fix01_292b999f3335,low_ccs,Which station covered the game for North Carolina?,WBT,0.7484,False,False,0.5601943424446941,0.3295993447774492,3
bge-large,fix01_5cebadddcc0f,high_ccs,What funds cannot be used if a teacher is not registered?,Oireachtas funds,0.7102,False,False,0.5223900819670259,0.7523748705593932,3
bge-large,fix01_5cebadddcc0f,low_ccs,What funds cannot be used if a teacher is not registered?,Oireachtas funds,0.7559,False,False,0.5382171570702495,0.46331302080321557,3
bge-large,fix01_d53e3d8f0d18,high_ccs,What did Luther's degree in 1509 concern?,Sentences by Peter Lombard,0.4741,True,False,0.6466024079199773,0.6967253079169388,3
bge-large,fix01_d53e3d8f0d18,low_ccs,What did Luther's degree in 1509 concern?,Sentences by Peter Lombard,0.259,True,True,0.6456107396976103,0.5783651829593536,3
bge-large,fix01_94fca545c202,high_ccs,In what year did Raymond Sullivan publish a study of rudimentary sets?,1961,0.5957,False,False,0.41230307755594214,0.6182883950135964,3
bge-large,fix01_94fca545c202,low_ccs,In what year did Raymond Sullivan publish a study of rudimentary sets?,1961,0.5957,False,False,0.4260764391949894,0.3258188907817272,3
bge-large,fix01_90a05de0a36b,high_ccs,What was Tesla's father afraid would happen to him in school?,Tesla would be killed through overwork,0.4815,True,False,0.5631855308382395,0.7619553663674907,3
bge-large,fix01_90a05de0a36b,low_ccs,What was Tesla's father afraid would happen to him in school?,Tesla would be killed through overwork,0.3017,True,False,0.6277293671575086,0.5633063380593465,3
bge-large,fix01_02e585182bb4,high_ccs,The time required to output an answer on a deterministic Turing machine is expressed as what?,state transitions,0.5579,False,False,0.5867474331591324,0.7333058301024286,3
bge-large,fix01_02e585182bb4,low_ccs,The time required to output an answer on a deterministic Turing machine is expressed as what?,state transitions,0.5903,False,False,0.6109153142976057,0.6295102905907117,3
e5-large,fix01_26c450a6107b,high_ccs,What clothing company was a Super Bowl sponsor?,Gap,0.7695,False,False,0.7794804561554324,0.799476102484578,3
e5-large,fix01_26c450a6107b,low_ccs,What clothing company was a Super Bowl sponsor?,Gap,0.5531,False,False,0.7651496198193343,0.6867623725274564,3
e5-large,fix01_c3f0d64bf2c3,high_ccs,When did Tesla's father die?,1879,0.6252,False,True,0.8303919321385497,0.8169564572655659,3
e5-large,fix01_c3f0d64bf2c3,low_ccs,When did Tesla's father die?,1879,0.6039,False,False,0.8141831008956905,0.7661111304769562,3
e5-large,fix01_11f04d13ba15,high_ccs,This was the first time that the Carolina team faced what in the post season?,a deficit.,0.597,False,False,0.7425552270425051,0.8637561185334254,3
e5-large,fix01_11f04d13ba15,low_ccs,This was the first time that the Carolina team faced what in the post season?,a deficit.,0.5712,False,True,0.7613256319223223,0.7388251012933161,3
e5-large,fix01_86b690485506,high_ccs,What has been the result of this publicity?,increased scrutiny on teacher misconduct,0.4942,True,False,0.7053638501520713,0.7656929872444289,3
e5-large,fix01_86b690485506,low_ccs,What has been the result of this publicity?,increased scrutiny on teacher misconduct,0.5957,False,False,0.7216705657421872,0.6292170977051467,3
e5-large,fix01_cce15f557ccc,high_ccs,Who scored the first points for Denver?,Brandon McManus,0.8167,False,False,0.8078045552164923,0.8976644879835037,3
e5-large,fix01_cce15f557ccc,low_ccs,Who scored the first points for Denver?,Brandon McManus,0.8599,False,True,0.8022354746572301,0.7106833522314624,3
e5-large,fix01_30360fe55536,high_ccs,What is the concrete choice typically assumed by most complexity-theoretic theorems?,input encoding,0.6915,False,False,0.8031988699056596,0.8775005231301909,3
e5-large,fix01_30360fe55536,low_ccs,What is the concrete choice typically assumed by most complexity-theoretic theorems?,input encoding,0.6536,False,False,0.8064622047986335,0.7821611159859136,3
e5-large,fix01_ca56dd58f99a,high_ccs,Complexity theory seeks to define the relationship between the scale of algorithms with respect to what other variable?,an increase in the input size,0.6358,False,False,0.8027013081938845,0.815243902905025,3
e5-large,fix01_ca56dd58f99a,low_ccs,Complexity theory seeks to define the relationship between the scale of algorithms with respect to what other variable?,an increase in the input size,0.529,False,False,0.8164011487405305,0.8009619945777586,3
e5-large,fix01_eb7c8d237540,high_ccs,Who wrote a resounding letter to the elector praising Luther?,Jerome Schurf,0.6201,False,False,0.785349438887235,0.8009257810556042,3
e5-large,fix01_eb7c8d237540,low_ccs,Who wrote a resounding letter to the elector praising Luther?,Jerome Schurf,0.8312,False,False,0.7885508135809726,0.7521060463891149,3
e5-large,fix01_309833205de9,high_ccs,"What took place in his lab in 1895, causing him to lose thousands of dollars of data and tools? ",5th Avenue laboratory fire of March 1895,0.4761,True,True,0.784033619795954,0.8136107024898142,3
e5-large,fix01_309833205de9,low_ccs,"What took place in his lab in 1895, causing him to lose thousands of dollars of data and tools? ",5th Avenue laboratory fire of March 1895,0.4761,True,True,0.7674219604084874,0.7119633244011659,3
e5-large,fix01_4f1e15899ff9,high_ccs,What did Luther write as an outline of the new faith?,two catechisms,0.5901,False,False,0.8055171545787964,0.8307271849932844,3
e5-large,fix01_4f1e15899ff9,low_ccs,What did Luther write as an outline of the new faith?,two catechisms,0.5346,False,False,0.8053206611783216,0.7423120886390876,3
e5-large,fix01_0ea7842f88d9,high_ccs,What kingdom annexed Warsaw in 1796?,Prussia,0.6391,False,False,0.7560423301864366,0.8263137884015929,3
e5-large,fix01_0ea7842f88d9,low_ccs,What kingdom annexed Warsaw in 1796?,Prussia,0.6783,False,False,0.7740626927886325,0.7381878847173471,3
e5-large,fix01_867718e9a234,high_ccs,What began in 1527 when Luther introdued the new order of worship?,visitation of the Electorate,0.4029,True,False,0.7754013961202318,0.8274060942222892,3
e5-large,fix01_867718e9a234,low_ccs,What began in 1527 when Luther introdued the new order of worship?,visitation of the Electorate,0.6732,False,False,0.778055039055527,0.7324261451180081,3
e5-large,fix01_e95e623b0027,high_ccs,What class sizes can make keeping order difficult?,40 to 50 students,0.5299,False,False,0.7780780152757325,0.8370454783641126,3
e5-large,fix01_e95e623b0027,low_ccs,What class sizes can make keeping order difficult?,40 to 50 students,0.6855,False,False,0.7420698055762222,0.6604854067294142,3
e5-large,fix01_09931c8df3d2,high_ccs,How many other important people sent letters?,more than 70,0.8207,False,True,0.7194123146834368,0.7564462152179942,3
e5-large,fix01_09931c8df3d2,low_ccs,How many other important people sent letters?,more than 70,0.8622,False,False,0.7431231685736376,0.6561464809026815,3
e5-large,fix01_4265a77fda33,high_ccs,What year did Tesla die? ,1943,0.748,False,False,0.809229889539352,0.8463348579760571,3
e5-large,fix01_4265a77fda33,low_ccs,What year did Tesla die? ,1943,0.748,False,False,0.8011597922205455,0.743937816786006,3
e5-large,fix01_85a14992364a,high_ccs,Besides the radicals who else did Luther have to deal with?,established Church,0.621,False,False,0.7849176317006602,0.8197015285482346,3
e5-large,fix01_85a14992364a,low_ccs,Besides the radicals who else did Luther have to deal with?,established Church,0.5452,False,False,0.8054252058078695,0.7409439486052346,3
e5-large,fix01_f7da5050a5c9,high_ccs,What did the General Conference on Weights and Measures name after Tesla in 1960?,SI unit of magnetic flux density,0.6413,False,False,0.7560908004881779,0.8256928856195446,3
e5-large,fix01_f7da5050a5c9,low_ccs,What did the General Conference on Weights and Measures name after Tesla in 1960?,SI unit of magnetic flux density,0.7808,False,True,0.7883436726914216,0.7552795608032097,3
e5-large,fix01_105f312ca7a1,high_ccs,What is the city centre of Warsaw called in Polish?,Śródmieście,0.6097,False,False,0.7922044114364354,0.8263137884015929,3
e5-large,fix01_105f312ca7a1,low_ccs,What is the city centre of Warsaw called in Polish?,Śródmieście,0.6002,False,False,0.8011084999683259,0.7330061767242254,3
e5-large,fix01_3e902a96d612,high_ccs,"In the article's title, what did the machine hope to end?",War,0.6406,False,False,0.7443652030835235,0.8594394130764968,3
e5-large,fix01_3e902a96d612,low_ccs,"In the article's title, what did the machine hope to end?",War,0.6671,False,False,0.7371424381749279,0.6598425415289421,3
e5-large,fix01_5eecd47ef390,high_ccs,Where was Tesla's property sent?,Belgrade,0.5937,False,False,0.8010621519104434,0.8310680506418643,3
e5-large,fix01_5eecd47ef390,low_ccs,Where was Tesla's property sent?,Belgrade,0.427,True,True,0.8091080864153767,0.7473031109303753,3
e5-large,fix01_ff89bfb9b47e,high_ccs,How many Panthers players were chosen for the 2015 season's Pro Bowl?,Ten,0.4455,True,False,0.7475131501226921,0.8933384021169904,3
e5-large,fix01_ff89bfb9b47e,low_ccs,How many Panthers players were chosen for the 2015 season's Pro Bowl?,Ten,0.6627,False,False,0.7685101114389212,0.6990339939186931,3
e5-large,fix01_c8446644f515,high_ccs,In what year did Nikola Tesla emigrate to the United States?,1884,1.0,False,True,0.8360154915254666,0.8431654861213695,3
e5-large,fix01_c8446644f515,low_ccs,In what year did Nikola Tesla emigrate to the United States?,1884,1.0,False,True,0.8321648991606745,0.7687761370942195,3
e5-large,fix01_d0ac2d7e8e3c,high_ccs,Who coached each Super Bowl 50 participant in their most recent Super Bowl appearance prior to Super Bowl 50?,John Fox,0.5546,False,False,0.7743020336837371,0.8554451618651044,3
e5-large,fix01_d0ac2d7e8e3c,low_ccs,Who coached each Super Bowl 50 participant in their most recent Super Bowl appearance prior to Super Bowl 50?,John Fox,0.5187,False,False,0.7541906656054201,0.6992697361772922,3
e5-large,fix01_45e3c5a33542,high_ccs,A function problem is an example of what?,a computational problem,0.6251,False,True,0.7894565014888015,0.8057248862005639,3
e5-large,fix01_45e3c5a33542,low_ccs,A function problem is an example of what?,a computational problem,0.3838,True,False,0.8079596571501216,0.7655408261150816,3
e5-large,fix01_1daf255799cb,high_ccs,What did Tesla Electric Light & Manufacturing do?,installed electrical arc light based illumination systems,0.6138,False,False,0.8164406503652861,0.8431654861213695,3
e5-large,fix01_1daf255799cb,low_ccs,What did Tesla Electric Light & Manufacturing do?,installed electrical arc light based illumination systems,0.5943,False,False,0.782396079489029,0.7496725580011607,3
e5-large,fix01_86648ef58d04,high_ccs,What beverage company signed a contract allowing them to broadcast ads at a discount?,Anheuser-Busch InBev,0.5579,False,False,0.7229778767873221,0.7810322554312567,3
e5-large,fix01_86648ef58d04,low_ccs,What beverage company signed a contract allowing them to broadcast ads at a discount?,Anheuser-Busch InBev,0.6961,False,False,0.7224447566414374,0.6250889984406388,3
e5-large,fix01_32489bbe2580,high_ccs,"Who called their system the ""Tesla Polyphase System""?",Westinghouse Electric,0.5325,False,False,0.7794345434809139,0.8014595471314996,3
e5-large,fix01_32489bbe2580,low_ccs,"Who called their system the ""Tesla Polyphase System""?",Westinghouse Electric,0.6465,False,True,0.7934415679455554,0.7573014525803557,3
e5-large,fix01_fe1b54072288,high_ccs,What date did Tesla begin his Colorado Springs experiments?,15 June 1899,0.5619,False,False,0.7946799009680668,0.8136107024898142,3
e5-large,fix01_fe1b54072288,low_ccs,What date did Tesla begin his Colorado Springs experiments?,15 June 1899,0.5074,False,False,0.8001428228554381,0.7462383521862863,3
e5-large,fix01_bfad961c515b,high_ccs,What was the teacher's role while the child was with them?,substitute parent,0.9042,False,False,0.752584260769429,0.8350907077190511,3
e5-large,fix01_bfad961c515b,low_ccs,What was the teacher's role while the child was with them?,substitute parent,0.7853,False,True,0.7814517957061383,0.7273077638658593,3
e5-large,fix01_ba97c1d670e0,high_ccs,When did the San Francisco Bay area last host the Super Bowl?,1985,0.6168,False,False,0.7120892158945935,0.8195917663573243,3
e5-large,fix01_ba97c1d670e0,low_ccs,When did the San Francisco Bay area last host the Super Bowl?,1985,0.749,False,False,0.7380641730339524,0.6988793809302731,3
e5-large,fix01_23262838c98e,high_ccs,What field of computer science is primarily concerned with determining the likelihood of whether or not a problem can ultimately be solved using algorithms?,computability theory,0.6484,False,False,0.8115116697267538,0.8262588803597039,3
e5-large,fix01_23262838c98e,low_ccs,What field of computer science is primarily concerned with determining the likelihood of whether or not a problem can ultimately be solved using algorithms?,computability theory,0.7478,False,False,0.7983781673634257,0.7371563425222452,3
e5-large,fix01_4658bf24ca61,high_ccs,Who killed Harold II? ,William II,0.6503,False,False,0.7288660079454231,0.7873049729662164,3
e5-large,fix01_4658bf24ca61,low_ccs,Who killed Harold II? ,William II,0.6631,False,False,0.720837137531796,0.6069091095551696,3
e5-large,fix01_a2f14a465277,high_ccs,How many games did the Panthers lose in the regular season before Super Bowl 50?,one,0.4526,True,True,0.7477433428849132,0.8933384021169904,3
e5-large,fix01_a2f14a465277,low_ccs,How many games did the Panthers lose in the regular season before Super Bowl 50?,one,0.5785,False,False,0.7695288412148407,0.704975515246398,3
e5-large,fix01_5763f1d18188,high_ccs,What is the opposite of an ongoing role of teaching?,transient,0.6043,False,False,0.7738548579727298,0.8373378449622751,3
e5-large,fix01_5763f1d18188,low_ccs,What is the opposite of an ongoing role of teaching?,transient,0.5307,False,False,0.7829804551544517,0.7358114311230213,3
e5-large,fix01_5d6c1e6a36eb,high_ccs,What famous writer was Tesla's good friend?,Mark Twain,0.6146,False,False,0.7735428588082659,0.789958574367106,3
e5-large,fix01_5d6c1e6a36eb,low_ccs,What famous writer was Tesla's good friend?,Mark Twain,0.8141,False,False,0.7786794234944875,0.7433591516993426,3
e5-large,fix01_b09d84893f25,high_ccs,What Carolina player was injured in the NFC Championship Game?,Thomas Davis,0.6391,False,False,0.7743582050764317,0.8884164281007634,3
e5-large,fix01_b09d84893f25,low_ccs,What Carolina player was injured in the NFC Championship Game?,Thomas Davis,0.6383,False,False,0.7635167659159547,0.7108014204953785,3
e5-large,fix01_869146d71c43,high_ccs,Which fullback fumbled the ball after a Darian Stewart tackle?,Mike Tolbert,0.4824,True,False,0.7655849956428163,0.8884164281007634,3
e5-large,fix01_869146d71c43,low_ccs,Which fullback fumbled the ball after a Darian Stewart tackle?,Mike Tolbert,0.4032,True,True,0.7808352288608803,0.7308368185747317,3
e5-large,fix01_d9b85075e735,high_ccs,What was Warsaw's Old Town listed as in 1980?,a UNESCO World Heritage Site,0.6049,False,False,0.7671300909838509,0.8333988231791025,3
e5-large,fix01_d9b85075e735,low_ccs,What was Warsaw's Old Town listed as in 1980?,a UNESCO World Heritage Site,0.699,False,True,0.7916811526168047,0.7402308511474288,3
e5-large,fix01_12aab0896339,high_ccs,What was Luther's marriage seen as by others?,seal of approval,0.5635,False,False,0.7739463463864867,0.7985152381122059,3
e5-large,fix01_12aab0896339,low_ccs,What was Luther's marriage seen as by others?,seal of approval,0.6434,False,False,0.778505036388431,0.703980273818554,3
e5-large,fix01_e48a5c6b76ef,high_ccs,When was the most recent Super Bowl hosted in the South Florida/Miami area?,2010,0.626,False,False,0.7317031331357656,0.8195917663573243,3
e5-large,fix01_e48a5c6b76ef,low_ccs,When was the most recent Super Bowl hosted in the South Florida/Miami area?,2010,0.6886,False,False,0.746833128765354,0.7167866996898266,3
e5-large,fix01_dcd54e006fd0,high_ccs,Who led the Broncos with 105 receptions?,Demaryius Thomas,0.7437,False,False,0.7830601533519245,0.8833407624921552,3
e5-large,fix01_dcd54e006fd0,low_ccs,Who led the Broncos with 105 receptions?,Demaryius Thomas,0.7673,False,True,0.7868486382194883,0.7211347921485083,3
e5-large,fix01_faaec5abb8c2,high_ccs,Who did Newton get a pass to in the Panther starting plays of Super Bowl 50?,Ted Ginn Jr.,0.6478,False,True,0.7906884488109226,0.8922224068349659,3
e5-large,fix01_faaec5abb8c2,low_ccs,Who did Newton get a pass to in the Panther starting plays of Super Bowl 50?,Ted Ginn Jr.,0.7236,False,True,0.7957150423544044,0.701329301367158,3
e5-large,fix01_0beeb82f2af9,high_ccs,What are teachers considered to be in Germany?,civil servants,0.7161,False,False,0.7620480150031673,0.8365049120503476,3
e5-large,fix01_0beeb82f2af9,low_ccs,What are teachers considered to be in Germany?,civil servants,0.6685,False,False,0.7638888539786088,0.7409297711875663,3
e5-large,fix01_f185492ace6d,high_ccs,How many yards did Brad Nortman's punt travel?,28,0.6741,False,False,0.7475960676992329,0.7958869518390793,3
e5-large,fix01_f185492ace6d,low_ccs,How many yards did Brad Nortman's punt travel?,28,0.6741,False,False,0.7340529568655842,0.7255667431315267,3
e5-large,fix01_566a65b70dd4,high_ccs,What happened to most of Tesla's work from this time?,lost in the 5th Avenue laboratory fire of March 1895,0.6415,False,False,0.7869001828136807,0.8310680506418643,3
e5-large,fix01_566a65b70dd4,low_ccs,What happened to most of Tesla's work from this time?,lost in the 5th Avenue laboratory fire of March 1895,0.6836,False,False,0.7722253359499761,0.75215703310531,3
e5-large,fix01_03506a3d1e70,high_ccs,In which year did Benjamin Lamme achieve success making the motor more efficient?,1893,0.8753,False,True,0.7854129177979594,0.8511497224619374,3
e5-large,fix01_03506a3d1e70,low_ccs,In which year did Benjamin Lamme achieve success making the motor more efficient?,1893,0.5844,False,True,0.7639044522392561,0.7348066873888023,3
e5-large,fix01_d96492188b47,high_ccs,What is another type of accountant other than a CPA?,Chartered,0.7582,False,False,0.721121326253266,0.8373378449622751,3
e5-large,fix01_d96492188b47,low_ccs,What is another type of accountant other than a CPA?,Chartered,0.759,False,True,0.7256887263811227,0.642627447926392,3
e5-large,fix01_2d8e393178e5,high_ccs,What was the name of the fund setup to help with investing in the community? ,50 fund,0.6681,False,False,0.7177034531342632,0.7941968055835443,3
e5-large,fix01_2d8e393178e5,low_ccs,What was the name of the fund setup to help with investing in the community? ,50 fund,0.8334,False,False,0.7234950689953691,0.6336887292819362,3
e5-large,fix01_5974aba807f1,high_ccs,How common was the form of corporal punishment in the past?,one of the most common,0.5366,False,False,0.7377428192637181,0.780615188103314,3
e5-large,fix01_5974aba807f1,low_ccs,How common was the form of corporal punishment in the past?,one of the most common,0.7083,False,False,0.7525259376631189,0.629693473473292,3
e5-large,fix01_9113385099d5,high_ccs,How much time was left in the quarter when Stewart got the touchdown?,11:28,0.9765,False,False,0.7347227596339981,0.8339862489469048,3
e5-large,fix01_9113385099d5,low_ccs,How much time was left in the quarter when Stewart got the touchdown?,11:28,0.6377,False,False,0.7591013730324093,0.7096402768376923,3
e5-large,fix01_acd530fc0157,high_ccs,What was the passer rating for Peyton Manning that he finished out with for the season? ,67.9,0.6899,False,False,0.7349961575037286,0.9032474434423708,3
e5-large,fix01_acd530fc0157,low_ccs,What was the passer rating for Peyton Manning that he finished out with for the season? ,67.9,0.7141,False,False,0.7461859266396574,0.7152726255261563,3
e5-large,fix01_ace5eb793f41,high_ccs,Who had the best record in the NFC?,Carolina Panthers,0.6656,False,False,0.7491164241108517,0.8554451618651044,3
e5-large,fix01_ace5eb793f41,low_ccs,Who had the best record in the NFC?,Carolina Panthers,0.611,False,True,0.7545857328563171,0.7188799613453567,3
e5-large,fix01_cf6c90d6c1ad,high_ccs,When did Tesla discover the possibility of wireless connectivity?,1893,0.6599,False,False,0.8018325548611688,0.793207288988205,3
e5-large,fix01_cf6c90d6c1ad,low_ccs,When did Tesla discover the possibility of wireless connectivity?,1893,0.532,False,False,0.805242954481769,0.7319220435831129,3
e5-large,fix01_df3657312a4a,high_ccs,What is the term for the highest living saint?,Qutb,0.392,True,False,0.7370098107124513,0.8039006584280995,3
e5-large,fix01_df3657312a4a,low_ccs,What is the term for the highest living saint?,Qutb,0.6481,False,False,0.7229766925836253,0.6606768391456079,3
e5-large,fix01_1e2349e4746e,high_ccs,What was the final score of the game between the Panthers and the Seahawks?,31–24,0.3461,True,False,0.8047392358598083,0.8933384021169904,3
e5-large,fix01_1e2349e4746e,low_ccs,What was the final score of the game between the Panthers and the Seahawks?,31–24,0.4884,True,True,0.7984121301327728,0.6982350740744859,3
e5-large,fix01_72925e9e3555,high_ccs,"What has the avoidance of men to become teachers caused, in some areas?",a shortage of male teachers,0.5585,False,False,0.7585478307028009,0.847504098635706,3
e5-large,fix01_72925e9e3555,low_ccs,"What has the avoidance of men to become teachers caused, in some areas?",a shortage of male teachers,0.5006,False,False,0.7718205508449166,0.7327503439572386,3
e5-large,fix01_c8bf1482f934,high_ccs,On what day does the Super Bowl media day traditionally take place?,Tuesday,0.7394,False,False,0.7529725346790569,0.8538158023497616,3
e5-large,fix01_c8bf1482f934,low_ccs,On what day does the Super Bowl media day traditionally take place?,Tuesday,0.7269,False,False,0.753602018150549,0.6946291540866231,3
e5-large,fix01_69cf7cbcf7f2,high_ccs,"Who may teachers focus on, in order to prioritize attention?",motivated students,0.6081,False,False,0.8086389363966168,0.8339376091496707,3
e5-large,fix01_69cf7cbcf7f2,low_ccs,"Who may teachers focus on, in order to prioritize attention?",motivated students,0.6916,False,False,0.7932478657980306,0.7105122721707426,3
e5-large,fix01_80929709a946,high_ccs,What was th elast Super Bowl where the Broncos wore white uniforms?,Super Bowl XXXIII,0.681,False,False,0.7827580496443288,0.8239472520390984,3
e5-large,fix01_80929709a946,low_ccs,What was th elast Super Bowl where the Broncos wore white uniforms?,Super Bowl XXXIII,0.6719,False,False,0.7598763258548603,0.6997522562881516,3
e5-large,fix01_11141cfc0187,high_ccs,What garden was formally only for royalty?,The Saxon Garden,0.5927,False,False,0.6841444341457388,0.7711993810695237,3
e5-large,fix01_11141cfc0187,low_ccs,What garden was formally only for royalty?,The Saxon Garden,0.6146,False,False,0.7016554108800014,0.6068642289146162,3
e5-large,fix01_e99d9c4a997e,high_ccs,Who approved of this plan?,William H. Maxwell,0.478,True,False,0.721267445260097,0.791941450336474,3
e5-large,fix01_e99d9c4a997e,low_ccs,Who approved of this plan?,William H. Maxwell,0.6649,False,False,0.7414509733894835,0.6181224627753532,3
e5-large,fix01_21fa65cff0ca,high_ccs,What was the Norman religion?,Catholicism,0.6201,False,False,0.8128893337786728,0.8259229604742491,3
e5-large,fix01_21fa65cff0ca,low_ccs,What was the Norman religion?,Catholicism,0.6913,False,True,0.7870363558882537,0.6640830221659455,3
e5-large,fix01_d2684a0b07dc,high_ccs,On what yard line did Carolina begin with 4:51 left in the game?,24,0.4652,True,True,0.8237775750163824,0.8765723819427843,3
e5-large,fix01_d2684a0b07dc,low_ccs,On what yard line did Carolina begin with 4:51 left in the game?,24,0.7202,False,False,0.7904470057564484,0.6658497155949908,3
e5-large,fix01_222e3dd92f0e,high_ccs,Where was the 1893 World's Columbian Exposition held?,Chicago,0.785,False,False,0.734626429321752,0.8108890011599058,3
e5-large,fix01_222e3dd92f0e,low_ccs,Where was the 1893 World's Columbian Exposition held?,Chicago,0.4269,True,False,0.6860586876919111,0.6354479423350213,3
e5-large,fix01_85546a9c0d25,high_ccs,What other two famous performers were part of the Super Bowl 50 halftime?,Beyoncé and Bruno Mars,0.5563,False,False,0.7453588672310452,0.7955470895924446,3
e5-large,fix01_85546a9c0d25,low_ccs,What other two famous performers were part of the Super Bowl 50 halftime?,Beyoncé and Bruno Mars,0.561,False,False,0.6931685397172926,0.6836468394391129,3
e5-large,fix01_aab32d16a29a,high_ccs,What color was used to emphasize the 50th anniversary of the Super Bowl?,gold,0.7562,False,False,0.7474601146639226,0.799476102484578,3
e5-large,fix01_aab32d16a29a,low_ccs,What color was used to emphasize the 50th anniversary of the Super Bowl?,gold,0.7511,False,True,0.7890083356237813,0.7265371924964357,3
e5-large,fix01_23361fb095fb,high_ccs,How many teams up to Super Bowl 50 have been to the championship game eight times?,four,0.7402,False,True,0.7556264358330179,0.8239472520390984,3
e5-large,fix01_23361fb095fb,low_ccs,How many teams up to Super Bowl 50 have been to the championship game eight times?,four,0.5751,False,False,0.7439502923064438,0.6818906700375795,3
e5-large,fix01_a011cca0893a,high_ccs,Where can you find more information on a country's practices?,see School corporal punishment.,0.7014,False,False,0.7423653858915094,0.8370454783641126,3
e5-large,fix01_a011cca0893a,low_ccs,Where can you find more information on a country's practices?,see School corporal punishment.,0.7284,False,False,0.7301280114646728,0.6190643294584809,3
e5-large,fix01_625fe9f4e975,high_ccs,What did his design avoid in not having a commutator?,sparking,0.6013,False,False,0.7595504505112655,0.8455910328438566,3
e5-large,fix01_625fe9f4e975,low_ccs,What did his design avoid in not having a commutator?,sparking,0.554,False,True,0.7611398457932338,0.7300602069053334,3
e5-large,fix01_881739fc8698,high_ccs,Who received the ball that cam Newton lost during a tackle to make it a Denver touchdown?,Malik Jackson,0.563,False,True,0.7631814963673552,0.8013322886335003,3
e5-large,fix01_881739fc8698,low_ccs,Who received the ball that cam Newton lost during a tackle to make it a Denver touchdown?,Malik Jackson,0.7386,False,False,0.7706854230126342,0.7063259501991022,3
e5-large,fix01_30dd2770c34d,high_ccs,Who was given the esteemed status of MVP for Super Bowl 50?,Von Miller,0.7843,False,True,0.7550859294336454,0.8554451618651044,3
e5-large,fix01_30dd2770c34d,low_ccs,Who was given the esteemed status of MVP for Super Bowl 50?,Von Miller,0.7384,False,False,0.7692687758238543,0.6600433614769786,3
e5-large,fix01_f07f4cf7948c,high_ccs,On what did Tesla blame for the loss of the initial money?,Panic of 1901,0.4754,True,False,0.7819874038817138,0.8232920411621827,3
e5-large,fix01_f07f4cf7948c,low_ccs,On what did Tesla blame for the loss of the initial money?,Panic of 1901,0.4019,True,False,0.7534189254987483,0.713082170932207,3
e5-large,fix01_c1115ea1a49c,high_ccs,How was the fate of Luther decided?,private conferences,0.491,True,False,0.7992829852946134,0.8010439583710893,3
e5-large,fix01_c1115ea1a49c,low_ccs,How was the fate of Luther decided?,private conferences,0.4215,True,False,0.7784441912996579,0.7171298424269331,3
e5-large,fix01_a37cbec16316,high_ccs,What was the average cost for a TV ad lasting 30 seconds during Super Bowl 50?,$5 million,0.6577,False,False,0.7787402151006683,0.8158439658639827,3
e5-large,fix01_a37cbec16316,low_ccs,What was the average cost for a TV ad lasting 30 seconds during Super Bowl 50?,$5 million,0.6577,False,False,0.7597693115639945,0.6741454943689201,3
e5-large,fix01_9a572f3e7321,high_ccs,How many times did Arizona turn the ball over in the NFC Championship?,seven,0.4386,True,False,0.7397271594853531,0.8933384021169904,3
e5-large,fix01_9a572f3e7321,low_ccs,How many times did Arizona turn the ball over in the NFC Championship?,seven,0.7045,False,True,0.7729508814212207,0.7203081227945598,3
e5-large,fix01_c2fd1c4cf2aa,high_ccs,Who suffered a broken arm in the NFC Championship Game?,Thomas Davis,0.5531,False,False,0.7411999475722212,0.8884164281007634,3
e5-large,fix01_c2fd1c4cf2aa,low_ccs,Who suffered a broken arm in the NFC Championship Game?,Thomas Davis,0.7597,False,False,0.7622486144430692,0.7549691832333375,3
e5-large,fix01_a95b5ed635d9,high_ccs,What did Luther call his stay a Wartburg Castle?,my Patmos,0.4762,True,False,0.7589152654101256,0.7898551961461052,3
e5-large,fix01_a95b5ed635d9,low_ccs,What did Luther call his stay a Wartburg Castle?,my Patmos,0.5458,False,False,0.7710719405910093,0.7344756938768516,3
e5-large,fix01_696f8c77560b,high_ccs,Where did Luther explain his idea of justification?,Smalcald Articles,0.8207,False,True,0.8354655276831005,0.802121204063185,3
e5-large,fix01_696f8c77560b,low_ccs,Where did Luther explain his idea of justification?,Smalcald Articles,0.6827,False,True,0.824979386205691,0.7302817847176992,3
e5-large,fix01_5c336aba1775,high_ccs,What effort was Luther not particularly in favor of?,writings in volumes,0.4894,True,False,0.7825870251247347,0.8197015285482346,3
e5-large,fix01_5c336aba1775,low_ccs,What effort was Luther not particularly in favor of?,writings in volumes,0.3487,True,False,0.7802982506315033,0.729940725856104,3
e5-large,fix01_8bafcd3047cc,high_ccs,What did the Church do when Luther refused to retract his writings?,excommunication,0.6185,False,False,0.7876609975105406,0.799014432307899,3
e5-large,fix01_8bafcd3047cc,low_ccs,What did the Church do when Luther refused to retract his writings?,excommunication,0.5324,False,False,0.7740725810899339,0.7117848376944211,3
e5-large,fix01_e2e9a5ea07b5,high_ccs,What was the rumored reason Edison and Tesla were not awarded the prize?,Tesla and/or Edison had refused the prize,0.4673,True,False,0.7599218812951936,0.8148386009758211,3
e5-large,fix01_e2e9a5ea07b5,low_ccs,What was the rumored reason Edison and Tesla were not awarded the prize?,Tesla and/or Edison had refused the prize,0.6549,False,True,0.7938280197510528,0.7192874593538632,3
e5-large,fix01_d860a5ddf3a5,high_ccs,Why was he unable to enroll at the university? ,arrived too late,0.4794,True,False,0.7777777696324039,0.8463348579760571,3
e5-large,fix01_d860a5ddf3a5,low_ccs,Why was he unable to enroll at the university? ,arrived too late,0.5686,False,False,0.7640478799153945,0.6747662492409001,3
e5-large,fix01_da87e24b47e6,high_ccs,Which company won a contest to have their ad shown for free during Super Bowl 50?,Death Wish Coffee,0.6967,False,False,0.7294760152931721,0.799476102484578,3
e5-large,fix01_da87e24b47e6,low_ccs,Which company won a contest to have their ad shown for free during Super Bowl 50?,Death Wish Coffee,0.6946,False,True,0.7751847555897388,0.6682872810172282,3
e5-large,fix01_ad3f7665f9ce,high_ccs,In what city is the Nikola Tesla Museum?,Belgrade,0.7257,False,False,0.7790334869565538,0.8049178873604166,3
e5-large,fix01_ad3f7665f9ce,low_ccs,In what city is the Nikola Tesla Museum?,Belgrade,0.7236,False,False,0.7779719987188735,0.6596560598717026,3
e5-large,fix01_ab51ba6881bf,high_ccs,What was another use for the weapon?,anti-aircraft purposes,0.7511,False,False,0.7077863251928264,0.8515488395740959,3
e5-large,fix01_ab51ba6881bf,low_ccs,What was another use for the weapon?,anti-aircraft purposes,0.5802,False,False,0.7339696175500438,0.6172839011754087,3
e5-large,fix01_d80597aabed1,high_ccs,From which countries did the Norse originate?,"Denmark, Iceland and Norway",0.6831,False,True,0.7703123420545545,0.8346471199502832,3
e5-large,fix01_d80597aabed1,low_ccs,From which countries did the Norse originate?,"Denmark, Iceland and Norway",0.6096,False,False,0.761567839470552,0.6718974859322828,3
e5-large,fix01_797cc4e3329a,high_ccs,How many sites did the NFL narrow down Super Bowl 50's location to?,three,0.6991,False,True,0.7628132632758362,0.7955470895924447,3
e5-large,fix01_797cc4e3329a,low_ccs,How many sites did the NFL narrow down Super Bowl 50's location to?,three,0.6929,False,True,0.7677273981588773,0.6695173637990419,3
e5-large,fix01_e84a58ccecde,high_ccs,Who was the Most Valuable Player for the 2015 NFL season?,Cam Newton,0.4618,True,False,0.724609694808875,0.8933384021169904,3
e5-large,fix01_e84a58ccecde,low_ccs,Who was the Most Valuable Player for the 2015 NFL season?,Cam Newton,0.6059,False,False,0.7561736460752524,0.6886577939655604,3
e5-large,fix01_ea7b7ceb5aca,high_ccs,What does AFC stand for?,American Football Conference,0.7352,False,False,0.7049347646320773,0.8029278365017407,3
e5-large,fix01_ea7b7ceb5aca,low_ccs,What does AFC stand for?,American Football Conference,0.6149,False,False,0.7123560375752008,0.6583086989990519,3
e5-large,fix01_3100dc1299cd,high_ccs,What is Tesla's home country?,Serbian,0.5568,False,False,0.8110557960280579,0.8431654861213695,3
e5-large,fix01_3100dc1299cd,low_ccs,What is Tesla's home country?,Serbian,0.7014,False,True,0.7978985794960048,0.7509132756647818,3
e5-large,fix01_6e92b0d99a31,high_ccs,What was the Black Cloister?,former monastery,0.5639,False,True,0.7304470690622896,0.8109082884376781,3
e5-large,fix01_6e92b0d99a31,low_ccs,What was the Black Cloister?,former monastery,0.5406,False,True,0.7323479311646386,0.6149389565104406,3
e5-large,fix01_b32f876e6167,high_ccs,When was Newton the first selection in the NFL Draft?,2011,0.5743,False,False,0.7581865044802168,0.8933384021169904,3
e5-large,fix01_b32f876e6167,low_ccs,When was Newton the first selection in the NFL Draft?,2011,0.5448,False,False,0.7348246864262652,0.7384826171634786,3
e5-large,fix01_1a4dd99401b8,high_ccs,What story has little foundation in truth?,the posting on the door,0.9417,False,False,0.7294196934863554,0.7840647058579353,3
e5-large,fix01_1a4dd99401b8,low_ccs,What story has little foundation in truth?,the posting on the door,0.5905,False,False,0.7187434692347855,0.6795093475318634,3
e5-large,fix01_e37880646976,high_ccs,Who translated and printed Luther's 95 These?,friends of Luther,0.5531,False,False,0.8093289683997321,0.819722932503752,3
e5-large,fix01_e37880646976,low_ccs,Who translated and printed Luther's 95 These?,friends of Luther,0.6893,False,True,0.8126500848335475,0.7604435325814094,3
e5-large,fix01_8aefd84cc5a6,high_ccs,"Who is generally considered on the same level as physicians, lawyers, engineers, and accountants (Chartered or CPA)?",paid professionals.,0.6254,False,False,0.7328171171813794,0.8498683231987442,3
e5-large,fix01_8aefd84cc5a6,low_ccs,"Who is generally considered on the same level as physicians, lawyers, engineers, and accountants (Chartered or CPA)?",paid professionals.,0.5835,False,False,0.7435030466293862,0.6965978726613085,3
e5-large,fix01_ed68fc6016b1,high_ccs,When did the Packers arrive at a record of 13-0?,2011,0.6537,False,False,0.6789685315448155,0.8911409141997668,3
e5-large,fix01_ed68fc6016b1,low_ccs,When did the Packers arrive at a record of 13-0?,2011,0.799,False,False,0.7085462165556212,0.7467286213205526,3
e5-large,fix01_3b9ef124729f,high_ccs,Who headlined the halftime show for Super Bowl 50?,Coldplay,0.7281,False,False,0.7502677110796229,0.8195917663573243,3
e5-large,fix01_3b9ef124729f,low_ccs,Who headlined the halftime show for Super Bowl 50?,Coldplay,0.731,False,False,0.7127277551793352,0.6768584789606147,3
e5-large,fix01_e162d13f1f7b,high_ccs,What is the name of the program that provides contracting work to local companies?,Business Connect,0.7172,False,False,0.6909399302893884,0.7989403050102385,3
e5-large,fix01_e162d13f1f7b,low_ccs,What is the name of the program that provides contracting work to local companies?,Business Connect,0.7172,False,False,0.7075520830177835,0.6276967800681169,3
e5-large,fix01_480790b8b26c,high_ccs,What is a particular problem in biology that would benefit from determining that P = NP?,protein structure prediction,0.5418,False,False,0.801163846408277,0.8221922243375127,3
e5-large,fix01_480790b8b26c,low_ccs,What is a particular problem in biology that would benefit from determining that P = NP?,protein structure prediction,0.4229,True,False,0.8239597636849781,0.7914612908075609,3
e5-large,fix01_c4f6695029a8,high_ccs,How old was Tesla when he wrote that he'd completed his dynamic theory of gravity?,81,0.5608,False,False,0.7696627803647397,0.8310680506418643,3
e5-large,fix01_c4f6695029a8,low_ccs,How old was Tesla when he wrote that he'd completed his dynamic theory of gravity?,81,0.5309,False,False,0.7723434936371483,0.7669162222103474,3
e5-large,fix01_47ed64b06bf7,high_ccs,Where are teachers recruited from?,Lehramtstudien (Teaching Education Studies),0.7242,False,False,0.7763206824359075,0.8498683231987442,3
e5-large,fix01_47ed64b06bf7,low_ccs,Where are teachers recruited from?,Lehramtstudien (Teaching Education Studies),0.6802,False,False,0.7829339976043416,0.7242802997546338,3
e5-large,fix01_4f96c9bbf515,high_ccs,What could a teacher help in organizing?,school functions,0.6825,False,False,0.7826059570277829,0.8402422840269475,3
e5-large,fix01_4f96c9bbf515,low_ccs,What could a teacher help in organizing?,school functions,0.7594,False,False,0.7728531871916103,0.731572214301218,3
e5-large,fix01_044ec3830a9e,high_ccs,Where did the Broncos practice for the Super Bowl?,Stanford University,0.7015,False,False,0.766749289603951,0.8637561185334254,3
e5-large,fix01_044ec3830a9e,low_ccs,Where did the Broncos practice for the Super Bowl?,Stanford University,0.7015,False,False,0.7857470568585204,0.6772359252520288,3
e5-large,fix01_089fc5771958,high_ccs,What was the recorded length of the first spark?,five inches,0.6489,False,False,0.76189197090635,0.8136107024898142,3
e5-large,fix01_089fc5771958,low_ccs,What was the recorded length of the first spark?,five inches,0.5765,False,False,0.7507231776011686,0.7529292345480165,3
e5-large,fix01_0534b1f1e06e,high_ccs,Who handled the color commentary for Denver's radio stations?,Ed McCaffrey,0.6404,False,False,0.72629563658018,0.7810322554312567,3
e5-large,fix01_0534b1f1e06e,low_ccs,Who handled the color commentary for Denver's radio stations?,Ed McCaffrey,0.6169,False,False,0.7307944012307095,0.6236248324375296,3
e5-large,fix01_60bdc8abacda,high_ccs,Where did Martin Luther go to school?,University of Erfurt,0.7169,False,False,0.786481656695489,0.7776824974654619,3
e5-large,fix01_60bdc8abacda,low_ccs,Where did Martin Luther go to school?,University of Erfurt,0.4534,True,False,0.7643598588724646,0.7498945734613573,3
e5-large,fix01_0508ae60dc60,high_ccs,What unintended development did the relationship with the elector have on church government?,under the temporal sovereign,0.6656,False,False,0.7512442299361567,0.7792510094959929,3
e5-large,fix01_0508ae60dc60,low_ccs,What unintended development did the relationship with the elector have on church government?,under the temporal sovereign,0.6833,False,False,0.712789827823765,0.631264534550348,3
e5-large,fix01_6ae4a4de7315,high_ccs,Which NFL team represented the NFC at Super Bowl 50?,Carolina Panthers,0.7989,False,False,0.7624059514766368,0.8379828175619242,3
e5-large,fix01_6ae4a4de7315,low_ccs,Which NFL team represented the NFC at Super Bowl 50?,Carolina Panthers,0.6211,False,False,0.7554064027805292,0.7177818450221224,3
e5-large,fix01_46a5aff751de,high_ccs,which years did tesla refer to as a time of terrible headaches and bitter tears?,1886/1887,0.7087,False,False,0.7887325662969977,0.8153382472338544,3
e5-large,fix01_46a5aff751de,low_ccs,which years did tesla refer to as a time of terrible headaches and bitter tears?,1886/1887,0.8659,False,False,0.7940357519941182,0.7432426447550752,3
e5-large,fix01_16955e5c8de2,high_ccs,How many of the following three fourth quarter drives after the field goal makng the score 16-10 ended in punts?,three,0.6531,False,True,0.7265741512486894,0.8260154261686556,3
e5-large,fix01_16955e5c8de2,low_ccs,How many of the following three fourth quarter drives after the field goal makng the score 16-10 ended in punts?,three,0.5953,False,True,0.7281443959762887,0.7356601821772641,3
e5-large,fix01_3baede53283c,high_ccs,What new name was given to the media day?,Super Bowl Opening Night.,0.7941,False,False,0.6943414288079652,0.8105714248609377,3
e5-large,fix01_3baede53283c,low_ccs,What new name was given to the media day?,Super Bowl Opening Night.,0.8681,False,False,0.6772926748435539,0.6121599231885637,3
e5-large,fix01_4da77b0fbf50,high_ccs,What player punched the ball in from the 2?,Anderson,0.4689,True,False,0.7707270146701477,0.8833407624921552,3
e5-large,fix01_4da77b0fbf50,low_ccs,What player punched the ball in from the 2?,Anderson,0.7594,False,False,0.7577204811099643,0.6325766222719873,3
e5-large,fix01_25fb379408e4,high_ccs,Where did Tesla work with Edison?,New York City,0.6989,False,False,0.8107014717350448,0.8014595471314996,3
e5-large,fix01_25fb379408e4,low_ccs,Where did Tesla work with Edison?,New York City,0.534,False,True,0.8250804892959435,0.7466264879240341,3
e5-large,fix01_91ec3af05880,high_ccs,Whose former headquarters was the WSE located in until 2000?,Polish United Workers' Party,0.5728,False,False,0.7166091601762871,0.8455910328438566,3
e5-large,fix01_91ec3af05880,low_ccs,Whose former headquarters was the WSE located in until 2000?,Polish United Workers' Party,0.7569,False,False,0.7056709439357313,0.6263977582626516,3
e5-large,fix01_5dead70602ee,high_ccs,What parts of the original Catholic mass did Luther leave out of  his new mass?,sacrifice,0.6577,False,False,0.7751504322742168,0.7896856484391551,3
e5-large,fix01_5dead70602ee,low_ccs,What parts of the original Catholic mass did Luther leave out of  his new mass?,sacrifice,0.6174,False,False,0.7895361107750416,0.721636759169506,3
e5-large,fix01_2e070ca86987,high_ccs,Where did the Broncos stay at for Super Bowl 50?,Santa Clara Marriott.,0.725,False,False,0.779229141096604,0.8195917663573243,3
e5-large,fix01_2e070ca86987,low_ccs,Where did the Broncos stay at for Super Bowl 50?,Santa Clara Marriott.,0.6551,False,True,0.7963060901138576,0.739464284056947,3
e5-large,fix01_8cb88f176528,high_ccs,Why was AC electricity gaining popularity?,"because of its advantages in long-distance, high-voltage transmission",0.5426,False,False,0.7906904966544319,0.8455910328438566,3
e5-large,fix01_8cb88f176528,low_ccs,Why was AC electricity gaining popularity?,"because of its advantages in long-distance, high-voltage transmission",0.5123,False,False,0.7636473994715431,0.692447828874636,3
e5-large,fix01_c30b75b22096,high_ccs,"Before Super Bowl 50, what was the coach's name that coached both teams for their last Super Bowl appearances?",John Fox,0.7319,False,False,0.7676268227102604,0.8554451618651044,3
e5-large,fix01_c30b75b22096,low_ccs,"Before Super Bowl 50, what was the coach's name that coached both teams for their last Super Bowl appearances?",John Fox,0.514,False,True,0.7507528084665648,0.6828742151114225,3
e5-large,fix01_4e091dc07a0b,high_ccs,Who lost to the Panthers in the divisional round of the playoffs?,Seattle Seahawks,0.8546,False,False,0.7962473275028866,0.9032474434423708,3
e5-large,fix01_4e091dc07a0b,low_ccs,Who lost to the Panthers in the divisional round of the playoffs?,Seattle Seahawks,0.6563,False,True,0.7917521462520604,0.7444411079748455,3
e5-large,fix01_8e5405312c3f,high_ccs,Where in Warsaw are patriotic and political objects connected with Poland's struggles for Independence found?,Museum of Independence,0.6323,False,False,0.7710376870865835,0.8333988231791025,3
e5-large,fix01_8e5405312c3f,low_ccs,Where in Warsaw are patriotic and political objects connected with Poland's struggles for Independence found?,Museum of Independence,0.5818,False,False,0.7515434641966249,0.6874927473001404,3
e5-large,fix01_4feea804825a,high_ccs,Who is the quarterback for the Panthers?,Cam Newton,0.9583,False,False,0.7928808643738045,0.8803566507768433,3
e5-large,fix01_4feea804825a,low_ccs,Who is the quarterback for the Panthers?,Cam Newton,0.8306,False,True,0.8038026359940194,0.7071638145942396,3
e5-large,fix01_28eb0bb2dbe0,high_ccs,Nonverbal expressions resulted in what kind of levels of motivation to learn?,higher,0.6841,False,False,0.7383521519923728,0.7907870596211505,3
e5-large,fix01_28eb0bb2dbe0,low_ccs,Nonverbal expressions resulted in what kind of levels of motivation to learn?,higher,0.5998,False,False,0.7440007608770106,0.6767401161290099,3
e5-large,fix01_938c3faba59b,high_ccs,What river originally bounded the Duchy,Seine,0.5085,False,False,0.7067275278359499,0.8042131776446413,3
e5-large,fix01_938c3faba59b,low_ccs,What river originally bounded the Duchy,Seine,0.5402,False,False,0.735292709691318,0.6084687852120123,3
e5-large,fix01_90aa08c1b098,high_ccs,How much did Edison offer Tesla to redesign a motor and generators?,fifty thousand dollars,0.5531,False,False,0.8104469372999841,0.8455910328438566,3
e5-large,fix01_90aa08c1b098,low_ccs,How much did Edison offer Tesla to redesign a motor and generators?,fifty thousand dollars,0.6219,False,False,0.8169494322338994,0.7499966912939566,3
e5-large,fix01_853aaf4754e1,high_ccs,What manner of words does Mullet think Luther would choose?,more dramatic form,0.4873,True,True,0.798444704117958,0.7607272106542564,3
e5-large,fix01_853aaf4754e1,low_ccs,What manner of words does Mullet think Luther would choose?,more dramatic form,0.748,False,False,0.7910505409601364,0.7422336700866491,3
e5-large,fix01_dd89736748eb,high_ccs,What field of computer science analyzes all possible algorithms in aggregate to determine the resource requirements needed to solve to a given problem?  ,computational complexity theory,0.6733,False,False,0.7843783296339697,0.8351200431776182,3
e5-large,fix01_dd89736748eb,low_ccs,What field of computer science analyzes all possible algorithms in aggregate to determine the resource requirements needed to solve to a given problem?  ,computational complexity theory,0.7414,False,True,0.7939303526367448,0.7613347059263194,3
e5-large,fix01_37eaaebe5f47,high_ccs,What does co-teaching get the students to focus on?,learning,0.4544,True,True,0.7839971246635306,0.8339376091496707,3
e5-large,fix01_37eaaebe5f47,low_ccs,What does co-teaching get the students to focus on?,learning,0.5837,False,True,0.7708029908886672,0.7295284520360472,3
e5-large,fix01_9a7ed2b2e654,high_ccs,What is the most important type of Norman art preserved in churches?,mosaics,0.6577,False,False,0.7637025739472242,0.8346471199502832,3
e5-large,fix01_9a7ed2b2e654,low_ccs,What is the most important type of Norman art preserved in churches?,mosaics,0.7671,False,False,0.7590372347827993,0.6361003026995149,3
e5-large,fix01_cb00eac21a93,high_ccs,Is a problem instance typically characterized as abstract or concrete?,concrete,0.6726,False,False,0.7955596248038388,0.8057248862005639,3
e5-large,fix01_cb00eac21a93,low_ccs,Is a problem instance typically characterized as abstract or concrete?,concrete,0.5636,False,False,0.7846714139682339,0.7670666052700684,3
e5-large,fix01_4c38e5bfb46e,high_ccs,"What city, raided by clans and dukes, preceded the founding of Warszowa?",Jazdów,0.7044,False,False,0.7046860580137086,0.8387140450990018,3
e5-large,fix01_4c38e5bfb46e,low_ccs,"What city, raided by clans and dukes, preceded the founding of Warszowa?",Jazdów,0.7106,False,False,0.7339941705934848,0.6340480885378812,3
e5-large,fix01_c9aaef2be2cd,high_ccs,What are the Catechisms of Martin Luther written in?,German vernacular,0.531,False,False,0.7992759376355901,0.8307271849932841,3
e5-large,fix01_c9aaef2be2cd,low_ccs,What are the Catechisms of Martin Luther written in?,German vernacular,0.7998,False,True,0.8040908424229082,0.758578425148065,3
e5-large,fix01_162353a08e1e,high_ccs,What BBC radio station will carry the game in the United Kingdom?,BBC Radio 5,0.7714,False,False,0.7277166979393185,0.7542788362570588,3
e5-large,fix01_162353a08e1e,low_ccs,What BBC radio station will carry the game in the United Kingdom?,BBC Radio 5,0.7338,False,False,0.6850596009053395,0.5919078667321294,3
e5-large,fix01_61a4db03062c,high_ccs,How many times has the South Florida/Miami area hosted the Super Bowl?,10,0.7164,False,False,0.7334387817151252,0.7955470895924446,3
e5-large,fix01_61a4db03062c,low_ccs,How many times has the South Florida/Miami area hosted the Super Bowl?,10,0.7017,False,False,0.7569995970624163,0.7167866996898266,3
e5-large,fix01_7875a03f4047,high_ccs,What city is tied with Miami for hosting the Super Bowl?,New Orleans,0.6726,False,False,0.7821602033046521,0.8312574953211744,3
e5-large,fix01_7875a03f4047,low_ccs,What city is tied with Miami for hosting the Super Bowl?,New Orleans,0.5227,False,True,0.7662016835268924,0.7144218750842484,3
e5-large,fix01_89a0f8e46026,high_ccs,What kicker was successful on a 33-yard field goal?,McManus,0.5117,False,True,0.7553034972245957,0.877497253747043,3
e5-large,fix01_89a0f8e46026,low_ccs,What kicker was successful on a 33-yard field goal?,McManus,0.8308,False,True,0.7464679277324305,0.7044543274429338,3
e5-large,fix01_ffb5b0bbe122,high_ccs,IP and AM are most commonly defined by what type of proof system?,Interactive,0.516,False,False,0.7412673218440341,0.8775005231301909,3
e5-large,fix01_ffb5b0bbe122,low_ccs,IP and AM are most commonly defined by what type of proof system?,Interactive,0.5714,False,False,0.7360333904924378,0.7467180962721379,3
e5-large,fix01_d5a5a5515bab,high_ccs,In what year did Tesla demonstrate his alternating current system?,1888,1.0,False,True,0.8460451273011943,0.8455910328438566,3
e5-large,fix01_d5a5a5515bab,low_ccs,In what year did Tesla demonstrate his alternating current system?,1888,1.0,False,True,0.8188011697628877,0.7607289926090424,3
e5-large,fix01_6fa1c0ef04ef,high_ccs,A statement made by Chris Keates caused issues with whom?,child protection and parental rights groups,0.7159,False,False,0.7209221902136586,0.8396973520115375,3
e5-large,fix01_6fa1c0ef04ef,low_ccs,A statement made by Chris Keates caused issues with whom?,child protection and parental rights groups,0.8469,False,True,0.7403311718997495,0.6397899996853526,3
e5-large,fix01_68c35ebe5fb2,high_ccs,What date was Super Bowl Opening Night held?,"February 1, 2016",0.3771,True,False,0.7092562140850358,0.8536927196110838,3
e5-large,fix01_68c35ebe5fb2,low_ccs,What date was Super Bowl Opening Night held?,"February 1, 2016",0.5898,False,False,0.7432812926170688,0.680958716243115,3
e5-large,fix01_b05a94846277,high_ccs,What did the new mass allow as regards ceremony?,freedom of ceremony,0.3738,True,False,0.7371040969584275,0.8062729318215747,3
e5-large,fix01_b05a94846277,low_ccs,What did the new mass allow as regards ceremony?,freedom of ceremony,0.5945,False,False,0.7218487872578803,0.615235531537013,3
e5-large,fix01_31d8a12355f6,high_ccs,Whose shrine did the pilgrims go to in 1016?,Archangel Michael,0.6842,False,False,0.7374310554849304,0.7798618496559302,3
e5-large,fix01_31d8a12355f6,low_ccs,Whose shrine did the pilgrims go to in 1016?,Archangel Michael,0.6522,False,False,0.7337903509006559,0.6683310388849207,3
e5-large,fix01_1e16173be7fb,high_ccs,What is the balance for positive reinforcement?,immediate and fair punishment for misbehavior,0.6869,False,False,0.7625669556956334,0.8339376091496707,3
e5-large,fix01_1e16173be7fb,low_ccs,What is the balance for positive reinforcement?,immediate and fair punishment for misbehavior,0.5231,False,True,0.772507511262733,0.6640132117130318,3
e5-large,fix01_0b4ce7680eeb,high_ccs,How much of Poland's national income does Warsaw produce?,12%,0.9373,False,True,0.8066431451572331,0.8333988231791025,3
e5-large,fix01_0b4ce7680eeb,low_ccs,How much of Poland's national income does Warsaw produce?,12%,0.6918,False,False,0.7945073581406726,0.727312725753404,3
e5-large,fix01_d57a37338fc3,high_ccs,How long were the fighters of the Warsaw Ghetto Uprising able to hold out?,almost a month,0.5836,False,False,0.7176101652220418,0.8263137884015929,3
e5-large,fix01_d57a37338fc3,low_ccs,How long were the fighters of the Warsaw Ghetto Uprising able to hold out?,almost a month,0.5261,False,False,0.7299501729535365,0.61939905019584,3
e5-large,fix01_9cdd6f89d600,high_ccs,Who was the head coach of the Broncos in Super Bowl XLVIII?,John Fox,0.3503,True,False,0.7756962634357079,0.8637561185334254,3
e5-large,fix01_9cdd6f89d600,low_ccs,Who was the head coach of the Broncos in Super Bowl XLVIII?,John Fox,0.678,False,False,0.7709385889827663,0.7265690591580856,3
e5-large,fix01_06a7978f30d7,high_ccs,What expression is generally used to convey upper or lower bounds?,big O notation,0.8107,False,False,0.7762731754542124,0.8076018664954416,3
e5-large,fix01_06a7978f30d7,low_ccs,What expression is generally used to convey upper or lower bounds?,big O notation,0.5709,False,False,0.7552038513869146,0.6820523748218734,3
e5-large,fix01_a798efb9a8a5,high_ccs,What publication published an article about Tesla in 1912?,World Today,0.6089,False,False,0.7719291549996122,0.8310680506418643,3
e5-large,fix01_a798efb9a8a5,low_ccs,What publication published an article about Tesla in 1912?,World Today,0.6474,False,False,0.7975931477477269,0.7521956451010511,3
e5-large,fix01_f4c161fcabf6,high_ccs,What field type is usually chosen for Super Bowl games?,natural grass,0.6372,False,False,0.7356085123771704,0.7906076412894931,3
e5-large,fix01_f4c161fcabf6,low_ccs,What field type is usually chosen for Super Bowl games?,natural grass,0.5706,False,False,0.7600421283262332,0.7229680555690393,3
e5-large,fix01_25378996f971,high_ccs,Which theory of Einstein's did Tesla speak critically toward?,relativity,0.5159,False,False,0.7866471605724913,0.8049178873604166,3
e5-large,fix01_25378996f971,low_ccs,Which theory of Einstein's did Tesla speak critically toward?,relativity,0.6216,False,False,0.7888382872587226,0.7591636975209587,3
e5-large,fix01_14f22c9a02b3,high_ccs,What one word did the NFL commissioner use to describe what Super Bowl 50 was intended to be?,spectacular,0.6599,False,False,0.737579801222196,0.8195917663573243,3
e5-large,fix01_14f22c9a02b3,low_ccs,What one word did the NFL commissioner use to describe what Super Bowl 50 was intended to be?,spectacular,0.5692,False,False,0.7330045027813239,0.6939897703907463,3
e5-large,fix01_86f91d2a33e3,high_ccs,When did the NFL announce that it would not use Roman numbers to designate the Super Bowl number?,"June 4, 2014",0.7114,False,False,0.7579082576739294,0.799476102484578,3
e5-large,fix01_86f91d2a33e3,low_ccs,When did the NFL announce that it would not use Roman numbers to designate the Super Bowl number?,"June 4, 2014",0.5531,False,False,0.7411390834351312,0.7293150664410314,3
e5-large,fix01_644b3811630a,high_ccs,When did he talk about his beliefs in an interview?,1937,0.8486,False,False,0.725863532917128,0.7919696805998275,3
e5-large,fix01_644b3811630a,low_ccs,When did he talk about his beliefs in an interview?,1937,0.6659,False,False,0.7284182820642467,0.6837138729511872,3
e5-large,fix01_d49dfff0fa73,high_ccs,Which California venue was one of three considered for Super Bowl 50?,San Francisco Bay Area's Levi's Stadium,0.5531,False,False,0.7319523772796409,0.7906076412894931,3
e5-large,fix01_d49dfff0fa73,low_ccs,Which California venue was one of three considered for Super Bowl 50?,San Francisco Bay Area's Levi's Stadium,0.7354,False,True,0.7698475437888103,0.7085278469164328,3
e5-large,fix01_84cf12d2d769,high_ccs,Who set up what became the Second Polish Republic?,underground leader Piłsudski,0.563,False,False,0.7423283649809059,0.8030491430218847,3
e5-large,fix01_84cf12d2d769,low_ccs,Who set up what became the Second Polish Republic?,underground leader Piłsudski,0.6414,False,False,0.7619067232641266,0.7101752085197888,3
e5-large,fix01_7dba98d8cd80,high_ccs,How many cameras did EyeVision 360 utilize?,36,0.4473,True,True,0.7058936716405597,0.8260154261686556,3
e5-large,fix01_7dba98d8cd80,low_ccs,How many cameras did EyeVision 360 utilize?,36,0.7181,False,False,0.7084369998240384,0.6152434992066864,3
e5-large,fix01_2a059842409e,high_ccs,Who recovered Tolbert's fumble?,Danny Trevathan,0.5907,False,False,0.7880901255096338,0.8884164281007634,3
e5-large,fix01_2a059842409e,low_ccs,Who recovered Tolbert's fumble?,Danny Trevathan,0.3006,True,True,0.7932429732335597,0.7267757219608202,3
e5-large,fix01_873df9d40fd5,high_ccs,"If a detention asks the student to write, what do they write?",lines or a punishment essay,0.6469,False,False,0.7358686551232712,0.8580755609436926,3
e5-large,fix01_873df9d40fd5,low_ccs,"If a detention asks the student to write, what do they write?",lines or a punishment essay,0.665,False,False,0.741380764665692,0.6593197205616462,3
e5-large,fix01_1645d40277bb,high_ccs,In what expression can one expect to find DTIME(n),DTIME(n2),0.6031,False,False,0.7788288135513234,0.815243902905025,3
e5-large,fix01_1645d40277bb,low_ccs,In what expression can one expect to find DTIME(n),DTIME(n2),0.6452,False,False,0.7767626717021522,0.7905435716963882,3
e5-large,fix01_ec6352868f24,high_ccs,"After Archbishop Albrecht reviewed the Theses, where did he send them?",Rome,0.7604,False,True,0.7929543354720844,0.8140195308243792,3
e5-large,fix01_ec6352868f24,low_ccs,"After Archbishop Albrecht reviewed the Theses, where did he send them?",Rome,0.5882,False,False,0.7305528808384558,0.6633082261562131,3
e5-large,fix01_02fc34ec7b16,high_ccs,How many games did the Broncos lose during their regular 2015 season?,four,0.4906,True,True,0.7561585610395051,0.8884164281007634,3
e5-large,fix01_02fc34ec7b16,low_ccs,How many games did the Broncos lose during their regular 2015 season?,four,0.5701,False,True,0.7853911420249341,0.7392178965649862,3
e5-large,fix01_8704efd76d09,high_ccs,What was the naval base called?,Dyrrachium,0.8715,False,True,0.7485436636828978,0.8387140450990018,3
e5-large,fix01_8704efd76d09,low_ccs,What was the naval base called?,Dyrrachium,1.0,False,True,0.7416463618690821,0.5964359420338908,3
e5-large,fix01_be52e50ea748,high_ccs,"Who designs both the ""50"" as well as the Trophy?",Tiffany & Co.,0.7213,False,False,0.7484595616578117,0.7739873377586608,3
e5-large,fix01_be52e50ea748,low_ccs,"Who designs both the ""50"" as well as the Trophy?",Tiffany & Co.,0.7006,False,False,0.7186593245192485,0.5928144034555805,3
e5-large,fix01_41285ac2f571,high_ccs,How far is Warsaw from the Baltic Sea?,roughly 260 kilometres,0.5526,False,False,0.7702545029636364,0.8257553730592819,3
e5-large,fix01_41285ac2f571,low_ccs,How far is Warsaw from the Baltic Sea?,roughly 260 kilometres,0.5526,False,False,0.7669313713454371,0.6991056640605604,3
e5-large,fix01_2a116d7e841d,high_ccs,What opened on January 30th at the Justin Herman plaza?,Super Bowl City,0.6116,False,True,0.7224394061578158,0.799476102484578,3
e5-large,fix01_2a116d7e841d,low_ccs,What opened on January 30th at the Justin Herman plaza?,Super Bowl City,0.6823,False,False,0.7102122656082571,0.6458056889767656,3
e5-large,fix01_ee82671d0c26,high_ccs,Who lost to the Broncos in the AFC Championship?,New England Patriots,0.8718,False,False,0.7864028324663387,0.8933384021169904,3
e5-large,fix01_ee82671d0c26,low_ccs,Who lost to the Broncos in the AFC Championship?,New England Patriots,0.4332,True,False,0.7888992806271538,0.7392178965649862,3
e5-large,fix01_13eda42baaf7,high_ccs,When was the article published?,20 December 1914,0.9251,False,False,0.7658533253707898,0.809896063589062,3
e5-large,fix01_13eda42baaf7,low_ccs,When was the article published?,20 December 1914,0.683,False,False,0.7594768900079504,0.6458971395718085,3
e5-large,fix01_6c6d928f9266,high_ccs,When did Tesla make the induction motor?,1887,0.6951,False,False,0.8200600422505114,0.8431654861213697,3
e5-large,fix01_6c6d928f9266,low_ccs,When did Tesla make the induction motor?,1887,0.533,False,False,0.8164817818618185,0.7661846883767328,3
e5-large,fix01_4c59ae30d388,high_ccs,"In 2011, who was the first player to be chosen in the NFL draft?",Newton,0.7869,False,True,0.7512792972330713,0.8554451618651044,3
e5-large,fix01_4c59ae30d388,low_ccs,"In 2011, who was the first player to be chosen in the NFL draft?",Newton,0.7029,False,True,0.7641456233074608,0.69772150717677,3
e5-large,fix01_0f548413c606,high_ccs,Which Florida venue was one of three considered for Super Bowl 50?,Miami's Sun Life Stadium,0.7532,False,False,0.7668776953343981,0.8158407285974573,3
e5-large,fix01_0f548413c606,low_ccs,Which Florida venue was one of three considered for Super Bowl 50?,Miami's Sun Life Stadium,0.7257,False,False,0.7506302112731985,0.6827596182454047,3
e5-large,fix01_1eed5dee00b5,high_ccs,What did Tesla's design not need? ,a commutator,0.3463,True,False,0.7844507617906583,0.8070245627074351,3
e5-large,fix01_1eed5dee00b5,low_ccs,What did Tesla's design not need? ,a commutator,0.2036,True,False,0.7868463630565653,0.751022003822035,3
e5-large,fix01_367b38d6e7cc,high_ccs,Where did Tesla believe his talents came from?,his mother's genetics and influence,0.7588,False,False,0.8105997381582343,0.8431654861213697,3
e5-large,fix01_367b38d6e7cc,low_ccs,Where did Tesla believe his talents came from?,his mother's genetics and influence,0.7871,False,True,0.8202320102478412,0.749110059471046,3
e5-large,fix01_443828252e04,high_ccs,Who if the commissioner of the NFL?,Roger Goodell,0.666,False,False,0.7138920682088471,0.869989765542486,3
e5-large,fix01_443828252e04,low_ccs,Who if the commissioner of the NFL?,Roger Goodell,0.666,False,False,0.7244842621047369,0.6911655882076999,3
e5-large,fix01_25db13e82adc,high_ccs,What was the occupation of Tesla's father?,priest,0.5247,False,False,0.8038184570131731,0.8431654861213697,3
e5-large,fix01_25db13e82adc,low_ccs,What was the occupation of Tesla's father?,priest,0.5531,False,False,0.7910744812113908,0.7466264879240341,3
e5-large,fix01_3de7c0276b8c,high_ccs,What was the boat called?,teleautomaton,0.4386,True,False,0.7283139087073481,0.832729462248598,3
e5-large,fix01_3de7c0276b8c,low_ccs,What was the boat called?,teleautomaton,0.6342,False,False,0.7232812841778218,0.6615673044186356,3
e5-large,fix01_dc174e19c195,high_ccs,Who were the Westwood one color analysts?,Boomer Esiason and Dan Fouts,0.5402,False,False,0.6843653460163259,0.8000401614344758,3
e5-large,fix01_dc174e19c195,low_ccs,Who were the Westwood one color analysts?,Boomer Esiason and Dan Fouts,0.5684,False,False,0.6689359572807193,0.6287362542979319,3
e5-large,fix01_4614d28dcbe4,high_ccs,When did the Venetians take total control of Cyprus?,1489,0.7072,False,False,0.7131857665219457,0.7952592241854802,3
e5-large,fix01_4614d28dcbe4,low_ccs,When did the Venetians take total control of Cyprus?,1489,0.6729,False,False,0.7117371728107237,0.6653780464028529,3
e5-large,fix01_55d94ef18e89,high_ccs,With whom are teachers required to register?,the Teaching Council,0.7166,False,False,0.7708165227127001,0.8498683231987442,3
e5-large,fix01_55d94ef18e89,low_ccs,With whom are teachers required to register?,the Teaching Council,0.8407,False,True,0.7770930229206033,0.7218764877789429,3
e5-large,fix01_26315f8dbeba,high_ccs,At what university's facility did the Broncos practice?,Stanford University,0.5531,False,False,0.7631022433584705,0.8922224068349659,3
e5-large,fix01_26315f8dbeba,low_ccs,At what university's facility did the Broncos practice?,Stanford University,0.7047,False,False,0.7710934419134574,0.6850475213219615,3
e5-large,fix01_c515c34fca85,high_ccs,What did the Church claim could be avoided with money?,God's punishment,0.4926,True,False,0.7475435900020422,0.8053022804372867,3
e5-large,fix01_c515c34fca85,low_ccs,What did the Church claim could be avoided with money?,God's punishment,0.5988,False,False,0.731492493217157,0.6849071291121127,3
e5-large,fix01_d295077c8eb1,high_ccs,What did Tesla call his electrical effects in 1893?,Tesla Polyphase System,0.8105,False,False,0.7982927483860328,0.8399990972990812,3
e5-large,fix01_d295077c8eb1,low_ccs,What did Tesla call his electrical effects in 1893?,Tesla Polyphase System,0.8105,False,False,0.8054154878229595,0.7556169491895314,3
e5-large,fix01_b87f8518424c,high_ccs,When did Germany invade Poland and in doing so start World War II?,September 1939,0.6985,False,False,0.7408322622542257,0.8493742573401749,3
e5-large,fix01_b87f8518424c,low_ccs,When did Germany invade Poland and in doing so start World War II?,September 1939,0.6294,False,False,0.7384824711391457,0.697325679621415,3
e5-large,fix01_fe6f70768bf6,high_ccs,What is the most frequently employed type of reduction?,polynomial-time reduction,0.5006,False,False,0.7431060630171186,0.828963049217711,3
e5-large,fix01_fe6f70768bf6,low_ccs,What is the most frequently employed type of reduction?,polynomial-time reduction,0.4636,True,False,0.7384151381457013,0.6788367644802897,3
e5-large,fix01_df177e4ffe29,high_ccs,How many 2015 season interceptions did the Panthers' defense get?,24,0.6066,False,True,0.7733036272824986,0.8909937016104478,3
e5-large,fix01_df177e4ffe29,low_ccs,How many 2015 season interceptions did the Panthers' defense get?,24,0.4539,True,True,0.796609391184524,0.7421056889935533,3
e5-large,fix01_380bdfd008a9,high_ccs,Who was the Most Valuable Player of Super Bowl 50?,Von Miller,0.8578,False,True,0.7684678596239526,0.8554451618651044,3
e5-large,fix01_380bdfd008a9,low_ccs,Who was the Most Valuable Player of Super Bowl 50?,Von Miller,0.5967,False,True,0.7874413268164929,0.6980029870117167,3
e5-large,fix01_9cd403c30b83,high_ccs,What was one of the Norman's major exports?,fighting horsemen,0.6868,False,True,0.8180730732704341,0.8346471199502832,3
e5-large,fix01_9cd403c30b83,low_ccs,What was one of the Norman's major exports?,fighting horsemen,0.5958,False,False,0.800937424395972,0.7658409142057421,3
e5-large,fix01_1ec37ae1f42b,high_ccs,How old was Manning when he played Super Bowl 50?,39.,0.7007,False,True,0.7387455163873996,0.8260154261686556,3
e5-large,fix01_1ec37ae1f42b,low_ccs,How old was Manning when he played Super Bowl 50?,39.,0.6236,False,False,0.7448504496612621,0.6698049834868536,3
e5-large,fix01_3e60ef9f0b54,high_ccs,Who reportedly wanted Tesla's company?,women,0.5699,False,False,0.7383391227109369,0.7936550162664366,3
e5-large,fix01_3e60ef9f0b54,low_ccs,Who reportedly wanted Tesla's company?,women,0.5331,False,False,0.7646976931905334,0.7490822209725463,3
e5-large,fix01_9b94d40f8f7b,high_ccs,How many interceptions did Aqib Talib have for the regular season?,three.,0.7523,False,True,0.748711520178853,0.8884164281007634,3
e5-large,fix01_9b94d40f8f7b,low_ccs,How many interceptions did Aqib Talib have for the regular season?,three.,0.7233,False,True,0.7452375572768338,0.7549116089270665,3
e5-large,fix01_16dfabd1aa8f,high_ccs,Who caught two passes from Manning after the failed Carolina field goal attempt?,Emmanuel Sanders,0.5653,False,False,0.8399401651757411,0.877497253747043,3
e5-large,fix01_16dfabd1aa8f,low_ccs,Who caught two passes from Manning after the failed Carolina field goal attempt?,Emmanuel Sanders,0.6582,False,False,0.8136348174862427,0.7079581115644382,3
e5-large,fix01_0b1ea8525f98,high_ccs,What is the largest city in Poland?,Warsaw,0.6924,False,True,0.7694397086091612,0.8093272746298056,3
e5-large,fix01_0b1ea8525f98,low_ccs,What is the largest city in Poland?,Warsaw,0.6505,False,True,0.8010058681130147,0.7481781891168643,3
e5-large,fix01_9a5d152bdd5d,high_ccs,Who was Warsz?,12th/13th-century nobleman,0.4829,True,False,0.7063803944863846,0.7967759809219932,3
e5-large,fix01_9a5d152bdd5d,low_ccs,Who was Warsz?,12th/13th-century nobleman,0.7251,False,False,0.7068103311467985,0.6377729167828347,3
e5-large,fix01_f251a5944e6e,high_ccs,Which denomination has more of an individualistic streak?,Protestant,0.5942,False,False,0.7371481597923827,0.8307271849932841,3
e5-large,fix01_f251a5944e6e,low_ccs,Which denomination has more of an individualistic streak?,Protestant,0.6238,False,True,0.7394872132521056,0.7031832708522432,3
e5-large,fix01_31c225636102,high_ccs,Where was the Summer Theatre located?,Saxon Garden,0.6672,False,False,0.6606153059290952,0.7856138087962118,3
e5-large,fix01_31c225636102,low_ccs,Where was the Summer Theatre located?,Saxon Garden,0.5678,False,False,0.670935330546128,0.6099197404696087,3
e5-large,fix01_6430eac84057,high_ccs,In what year were Tesla's motor and transformer designs licensed to Westinghouse?,1888,0.4781,True,False,0.8213297607857236,0.8431654861213697,3
e5-large,fix01_6430eac84057,low_ccs,In what year were Tesla's motor and transformer designs licensed to Westinghouse?,1888,0.6608,False,False,0.803653392873005,0.7393529895711244,3
e5-large,fix01_292b999f3335,high_ccs,Which station covered the game for North Carolina?,WBT,0.5531,False,False,0.7645464745498137,0.8884164281007634,3
e5-large,fix01_292b999f3335,low_ccs,Which station covered the game for North Carolina?,WBT,0.7484,False,False,0.761734734155097,0.6255847356048831,3
e5-large,fix01_5cebadddcc0f,high_ccs,What funds cannot be used if a teacher is not registered?,Oireachtas funds,0.7102,False,False,0.7590646697025143,0.8580755609436926,3
e5-large,fix01_5cebadddcc0f,low_ccs,What funds cannot be used if a teacher is not registered?,Oireachtas funds,0.7559,False,False,0.7759466419023965,0.7056023707661909,3
e5-large,fix01_d53e3d8f0d18,high_ccs,What did Luther's degree in 1509 concern?,Sentences by Peter Lombard,0.4741,True,False,0.792786191130665,0.8010439583710893,3
e5-large,fix01_d53e3d8f0d18,low_ccs,What did Luther's degree in 1509 concern?,Sentences by Peter Lombard,0.259,True,True,0.803593892457342,0.7551040082059515,3
e5-large,fix01_94fca545c202,high_ccs,In what year did Raymond Sullivan publish a study of rudimentary sets?,1961,0.5957,False,False,0.7141294739393418,0.7829928875463271,3
e5-large,fix01_94fca545c202,low_ccs,In what year did Raymond Sullivan publish a study of rudimentary sets?,1961,0.5957,False,False,0.7104589446713829,0.6244108625069557,3
e5-large,fix01_90a05de0a36b,high_ccs,What was Tesla's father afraid would happen to him in school?,Tesla would be killed through overwork,0.4815,True,False,0.7674456301637796,0.8310680506418643,3
e5-large,fix01_90a05de0a36b,low_ccs,What was Tesla's father afraid would happen to him in school?,Tesla would be killed through overwork,0.3017,True,False,0.8047631738998545,0.7426799490657774,3
e5-large,fix01_02e585182bb4,high_ccs,The time required to output an answer on a deterministic Turing machine is expressed as what?,state transitions,0.5579,False,False,0.7886987082783125,0.8339203647430804,3
e5-large,fix01_02e585182bb4,low_ccs,The time required to output an answer on a deterministic Turing machine is expressed as what?,state transitions,0.5903,False,False,0.7955741470267773,0.7771141834447005,3
